oid,time,magnitude,error,band
QSO_76.234459-10.887802,55256.016,19.184209000000003,0.08276182,W1
QSO_76.234459-10.887802,55256.016,19.241905,0.17004344,W2
QSO_76.234459-10.887802,55447.17,19.134503000000002,0.09252048,W1
QSO_76.234459-10.887802,56718.05,19.076259999999998,0.07920313,W1
QSO_76.234459-10.887802,56718.05,19.357823999999997,0.21651447,W2
QSO_76.234459-10.887802,56911.79,19.082780999999997,0.076215826,W1
QSO_76.234459-10.887802,56911.79,19.038428,0.15988636,W2
QSO_76.234459-10.887802,57078.53,19.276040000000002,0.09393824,W1
QSO_76.234459-10.887802,57078.53,19.011692,0.1651209,W2
QSO_76.234459-10.887802,57272.5,19.389536,0.09130285,W1
QSO_76.234459-10.887802,57439.145,19.016373,0.07454078,W1
QSO_76.234459-10.887802,57439.145,19.14137,0.18870415,W2
QSO_76.234459-10.887802,57638.25,18.968200000000003,0.06998668,W1
QSO_76.234459-10.887802,57638.25,18.875217,0.14121594,W2
QSO_76.234459-10.887802,57803.332,19.105096000000003,0.077450596,W1
QSO_76.234459-10.887802,58005.07,19.272318,0.0907284,W1
QSO_76.234459-10.887802,58160.4,19.074917,0.09892659,W1
QSO_76.234459-10.887802,58160.465,19.491607,0.33368027,W2
QSO_76.234459-10.887802,58369.46,19.069657,0.08547435,W1
QSO_76.234459-10.887802,58526.133,19.088194,0.08360645,W1
QSO_76.234459-10.887802,58733.547,19.219594,0.092380196,W1
QSO_76.234459-10.887802,58733.547,18.565131,0.11720762,W2
QSO_76.234459-10.887802,58891.67,19.244143,0.09452144,W1
QSO_76.234459-10.887802,58891.67,18.9008925,0.16297661,W2
QSO_76.234459-10.887802,59099.48,19.269413999999998,0.09271633,W1
QSO_76.234459-10.887802,59099.48,19.645781999999997,0.31390622,W2
calib_s_76.263801-10.832782,55256.015625,18.789866088867186,0.0577579289674758,W1
calib_s_76.263801-10.832782,55256.015625,19.25300909423828,0.1685106605291366,W2
calib_s_76.263801-10.832782,55447.171875,18.78379309082031,0.0627066269516944,W1
calib_s_76.263801-10.832782,55447.171875,19.64744497680664,0.2572951912879944,W2
calib_s_76.263801-10.832782,56718.05078125,18.821894287109373,0.0683185458183288,W1
calib_s_76.263801-10.832782,56718.05078125,19.054776443481444,0.1741940081119537,W2
calib_s_76.263801-10.832782,56911.7890625,18.79749166870117,0.0612708777189254,W1
calib_s_76.263801-10.832782,56911.7890625,19.26745058441162,0.2086072713136673,W2
calib_s_76.263801-10.832782,57078.53125,18.91156065368652,0.0678559616208076,W1
calib_s_76.263801-10.832782,57272.5,18.79443418884277,0.0498354695737361,W1
calib_s_76.263801-10.832782,57272.5,19.208350433349608,0.1750176697969436,W2
calib_s_76.263801-10.832782,57439.14453125,18.770346282958982,0.060578916221857,W1
calib_s_76.263801-10.832782,57638.25,18.756209014892576,0.0543029904365539,W1
calib_s_76.263801-10.832782,57638.25,19.315618766784667,0.2021584212779998,W2
calib_s_76.263801-10.832782,57803.33203125,18.745457290649412,0.0581174455583095,W1
calib_s_76.263801-10.832782,57803.33203125,19.21487833404541,0.2007248401641845,W2
calib_s_76.263801-10.832782,58005.0703125,18.95294821166992,0.0668988823890686,W1
calib_s_76.263801-10.832782,58160.3984375,18.764015792846678,0.0722332671284675,W1
calib_s_76.263801-10.832782,58160.46484375,19.20005442047119,0.2430064678192138,W2
calib_s_76.263801-10.832782,58369.4609375,18.940804122924803,0.0700313746929168,W1
calib_s_76.263801-10.832782,58369.4609375,19.272785438537596,0.2209829837083816,W2
calib_s_76.263801-10.832782,58526.1328125,18.90942442321777,0.0730069205164909,W1
calib_s_76.263801-10.832782,58526.1328125,19.378739608764647,0.2561787962913513,W2
calib_s_76.263801-10.832782,58733.546875,18.81432402038574,0.0608711764216423,W1
calib_s_76.263801-10.832782,58733.546875,19.134260429382323,0.1934632509946823,W2
calib_s_76.263801-10.832782,58891.671875,18.72395765686035,0.0591983757913112,W1
calib_s_76.263801-10.832782,58891.671875,19.353238357543944,0.2374410927295684,W2
calib_s_76.263801-10.832782,59099.48046875,18.796593307495115,0.0595772452652454,W1
calib_s_76.263801-10.832782,59099.48046875,19.17928911590576,0.1984172165393829,W2
calib_s_76.272419-11.024529,55256.015625,18.571108459472654,0.0497267581522464,W1
calib_s_76.272419-11.024529,55256.015625,19.02942110443115,0.1433444917201995,W2
calib_s_76.272419-11.024529,55447.171875,18.582501052856443,0.0555156394839286,W1
calib_s_76.272419-11.024529,55447.171875,19.08690382385254,0.1698350012302398,W2
calib_s_76.272419-11.024529,56718.05078125,18.599765419006346,0.055533193051815,W1
calib_s_76.272419-11.024529,56718.05078125,19.186977638244628,0.2041100114583969,W2
calib_s_76.272419-11.024529,56911.7890625,18.677282928466795,0.0615850239992141,W1
calib_s_76.272419-11.024529,57078.53125,18.614554046630857,0.0528180599212646,W1
calib_s_76.272419-11.024529,57078.53125,18.919284118652342,0.1506962180137634,W2
calib_s_76.272419-11.024529,57272.5,18.65030634307861,0.0444000400602817,W1
calib_s_76.272419-11.024529,57272.5,19.029651893615725,0.1429172158241272,W2
calib_s_76.272419-11.024529,57439.14453125,18.87164175415039,0.0684727355837822,W1
calib_s_76.272419-11.024529,57439.14453125,19.19127394104004,0.1994215250015258,W2
calib_s_76.272419-11.024529,57638.25,18.56066763305664,0.0496794283390045,W1
calib_s_76.272419-11.024529,57638.25,18.926571144104003,0.1620548516511917,W2
calib_s_76.272419-11.024529,57803.33203125,18.602719902038572,0.0529201291501522,W1
calib_s_76.272419-11.024529,57803.33203125,19.1270220413208,0.1954860538244247,W2
calib_s_76.272419-11.024529,58005.0703125,18.685042976379396,0.0544575192034244,W1
calib_s_76.272419-11.024529,58005.0703125,19.231889022827147,0.2010245472192764,W2
calib_s_76.272419-11.024529,58160.3984375,18.771916030883787,0.0535707585513591,W1
calib_s_76.272419-11.024529,58160.46484375,19.014719261169432,0.1430721879005432,W2
calib_s_76.272419-11.024529,58369.4609375,18.64450609588623,0.0506102554500103,W1
calib_s_76.272419-11.024529,58369.4609375,19.176493896484377,0.19036965072155,W2
calib_s_76.272419-11.024529,58526.1328125,18.70113813781738,0.0642203167080879,W1
calib_s_76.272419-11.024529,58526.1328125,18.9843742980957,0.1881522834300995,W2
calib_s_76.272419-11.024529,58733.546875,18.736305831909178,0.0604632794857025,W1
calib_s_76.272419-11.024529,58891.671875,18.60919535064697,0.0562175326049327,W1
calib_s_76.272419-11.024529,58891.671875,19.441605819702147,0.281638503074646,W2
calib_s_76.272419-11.024529,59099.48046875,18.647510169982908,0.0528616644442081,W1
calib_s_76.272419-11.024529,59099.48046875,19.10660673522949,0.1921037882566452,W2
calib_s_76.14279-11.0335,55252.54296875,18.479735969543455,0.0460167825222015,W1
calib_s_76.14279-11.0335,55252.54296875,19.176425231933592,0.1610440015792846,W2
calib_s_76.14279-11.0335,55445.51953125,18.481717704772947,0.0478171966969966,W1
calib_s_76.14279-11.0335,55445.51953125,19.13146139526367,0.1749674081802368,W2
calib_s_76.14279-11.0335,56716.46875,18.4371477355957,0.0473689399659633,W1
calib_s_76.14279-11.0335,56716.46875,19.087602867126463,0.1798123568296432,W2
calib_s_76.14279-11.0335,56907.546875,18.419041275024412,0.0450589135289192,W1
calib_s_76.14279-11.0335,56907.546875,19.278096450805663,0.2268986850976944,W2
calib_s_76.14279-11.0335,57076.953125,18.50314295196533,0.0490437075495719,W1
calib_s_76.14279-11.0335,57270.79296875,18.46422731781006,0.0360648483037948,W1
calib_s_76.14279-11.0335,57270.79296875,19.15195108795166,0.1601148247718811,W2
calib_s_76.14279-11.0335,57436.0,18.54365980529785,0.0495325960218906,W1
calib_s_76.14279-11.0335,57436.0,18.92687441253662,0.1521765887737274,W2
calib_s_76.14279-11.0335,57636.546875,18.474964736938475,0.044840145856142,W1
calib_s_76.14279-11.0335,57636.546875,18.772526039123534,0.1377623826265335,W2
calib_s_76.14279-11.0335,57801.6953125,18.473810791015623,0.0467525534331798,W1
calib_s_76.14279-11.0335,57801.6953125,19.571854843139647,0.2741963863372803,W2
calib_s_76.14279-11.0335,58004.22265625,18.516075729370115,0.0471684150397777,W1
calib_s_76.14279-11.0335,58004.22265625,19.624844802856444,0.2888544797897339,W2
calib_s_76.14279-11.0335,58158.76171875,18.50330507659912,0.0413121581077575,W1
calib_s_76.14279-11.0335,58158.76171875,19.127126945495604,0.1554835438728332,W2
calib_s_76.14279-11.0335,58366.38671875,18.398347496032716,0.0479046329855918,W1
calib_s_76.14279-11.0335,58366.38671875,19.559672607421874,0.2921698987483978,W2
calib_s_76.14279-11.0335,58525.21484375,18.507088302612303,0.0510986633598804,W1
calib_s_76.14279-11.0335,58731.84765625,18.489348052978514,0.0505691766738891,W1
calib_s_76.14279-11.0335,58890.1015625,18.536099075317384,0.0502554737031459,W1
calib_s_76.14279-11.0335,58890.1015625,19.122262252807616,0.1929037421941757,W2
calib_s_76.14279-11.0335,59098.5625,18.3854595413208,0.0411947295069694,W1
calib_s_76.14279-11.0335,59098.5625,19.19560457611084,0.2174972295761108,W2
calib_s_76.266957-10.714563,55256.015625,19.035635589599607,0.0717747807502746,W1
calib_s_76.266957-10.714563,55256.015625,19.364054931640624,0.1880237609148025,W2
calib_s_76.266957-10.714563,55447.171875,19.519987701416014,0.1197072118520736,W1
calib_s_76.266957-10.714563,56718.05078125,18.75572264099121,0.0643616020679473,W1
calib_s_76.266957-10.714563,56911.7890625,19.068733810424803,0.0776949450373649,W1
calib_s_76.266957-10.714563,56911.7890625,19.20625902557373,0.1969153434038162,W2
calib_s_76.266957-10.714563,57078.53125,18.828404067993162,0.0658076927065849,W1
calib_s_76.266957-10.714563,57078.53125,19.136409057617186,0.1919586062431335,W2
calib_s_76.266957-10.714563,57272.5,18.98123419189453,0.0627980381250381,W1
calib_s_76.266957-10.714563,57272.5,19.258593811035155,0.1813824325799942,W2
calib_s_76.266957-10.714563,57439.14453125,18.916325210571287,0.071770928800106,W1
calib_s_76.266957-10.714563,57439.14453125,18.869332565307616,0.1477303355932235,W2
calib_s_76.266957-10.714563,57638.25,18.987694381713865,0.0712054222822189,W1
calib_s_76.266957-10.714563,57638.25,18.714070571899413,0.1245362237095832,W2
calib_s_76.266957-10.714563,57803.33203125,18.831999420166014,0.0608590617775917,W1
calib_s_76.266957-10.714563,57803.33203125,19.300071968078612,0.2153288275003433,W2
calib_s_76.266957-10.714563,58005.0703125,18.848837493896482,0.0624630451202392,W1
calib_s_76.266957-10.714563,58005.0703125,19.03299452209473,0.1734412014484405,W2
calib_s_76.266957-10.714563,58369.4609375,18.924046157836912,0.0735789090394973,W1
calib_s_76.266957-10.714563,58369.4609375,19.122329010009764,0.2020503580570221,W2
calib_s_76.266957-10.714563,58526.1328125,19.1689649810791,0.0864681079983711,W1
calib_s_76.266957-10.714563,58526.1328125,19.262147201538085,0.217849776148796,W2
calib_s_76.266957-10.714563,58733.546875,19.043831466674803,0.0781005769968032,W1
calib_s_76.266957-10.714563,58891.671875,18.875095962524412,0.06894201785326,W1
calib_s_76.266957-10.714563,58891.671875,19.00388456726074,0.1774728745222091,W2
calib_s_76.266957-10.714563,59099.48046875,19.498578323364256,0.2713735103607178,W2
calib_s_76.314487-10.950866,55256.015625,19.088034271240232,0.0853068232536315,W1
calib_s_76.314487-10.950866,55256.015625,18.96125818634033,0.1463619470596313,W2
calib_s_76.314487-10.950866,55447.171875,19.020922302246092,0.0791592374444007,W1
calib_s_76.314487-10.950866,55447.171875,19.245900405883788,0.1949454247951507,W2
calib_s_76.314487-10.950866,56718.05078125,18.927364944458006,0.0705452933907508,W1
calib_s_76.314487-10.950866,56718.05078125,19.211275352478026,0.1925258487462997,W2
calib_s_76.314487-10.950866,56911.7890625,19.10430776977539,0.0838526338338851,W1
calib_s_76.314487-10.950866,56911.7890625,19.280483497619628,0.2270513325929641,W2
calib_s_76.314487-10.950866,57078.53125,19.03570616149902,0.0744605734944343,W1
calib_s_76.314487-10.950866,57078.53125,18.93935705566406,0.1515427529811859,W2
calib_s_76.314487-10.950866,57272.5,19.059111236572264,0.0620658099651336,W1
calib_s_76.314487-10.950866,57272.5,19.901936782836913,0.3198771774768829,W2
calib_s_76.314487-10.950866,57439.14453125,18.97180235290527,0.076620914041996,W1
calib_s_76.314487-10.950866,57439.14453125,19.054222358703612,0.1760800629854202,W2
calib_s_76.314487-10.950866,57638.25,19.048960327148436,0.0741175264120101,W1
calib_s_76.314487-10.950866,57803.33203125,19.008329986572264,0.0714079141616821,W1
calib_s_76.314487-10.950866,57803.33203125,19.201175941467284,0.2003660202026367,W2
calib_s_76.314487-10.950866,58005.0703125,19.164324401855467,0.0816012993454933,W1
calib_s_76.314487-10.950866,58005.0703125,19.38129927062988,0.2377711534500122,W2
calib_s_76.314487-10.950866,58160.3984375,18.889813064575193,0.0814299881458282,W1
calib_s_76.314487-10.950866,58160.46484375,19.44695783996582,0.3053173124790191,W2
calib_s_76.314487-10.950866,58369.4609375,19.11130773925781,0.0838102400302887,W1
calib_s_76.314487-10.950866,58369.4609375,19.06605078125,0.1866908818483352,W2
calib_s_76.314487-10.950866,58526.1328125,19.077667831420897,0.0854212194681167,W1
calib_s_76.314487-10.950866,58526.1328125,18.972008003234862,0.170892134308815,W2
calib_s_76.314487-10.950866,58733.546875,18.97983801269531,0.069246269762516,W1
calib_s_76.314487-10.950866,58733.546875,19.48014761352539,0.260725200176239,W2
calib_s_76.314487-10.950866,58891.671875,18.948881744384764,0.0697702765464782,W1
calib_s_76.314487-10.950866,58891.671875,19.58573271179199,0.2987948954105377,W2
calib_s_76.314487-10.950866,59099.48046875,19.072390197753904,0.0816782116889953,W1
calib_s_76.314487-10.950866,59099.48046875,19.23178984069824,0.2243821769952774,W2
calib_s_76.177814-11.018792,55256.015625,18.910587905883787,0.0668136030435562,W1
calib_s_76.177814-11.018792,55256.015625,19.137014640808104,0.1614647060632705,W2
calib_s_76.177814-11.018792,55447.171875,18.760840057373045,0.0642392337322235,W1
calib_s_76.177814-11.018792,55447.171875,18.97390581512451,0.1466550529003143,W2
calib_s_76.177814-11.018792,56718.05078125,18.763270019531248,0.0620683617889881,W1
calib_s_76.177814-11.018792,56911.7890625,18.722151397705076,0.0586691126227378,W1
calib_s_76.177814-11.018792,56911.7890625,19.29261518859863,0.2167509496212005,W2
calib_s_76.177814-11.018792,57078.53125,18.797367691040037,0.0622336640954017,W1
calib_s_76.177814-11.018792,57272.5,18.763823150634764,0.0478555858135223,W1
calib_s_76.177814-11.018792,57272.5,19.141361488342284,0.1573089957237243,W2
calib_s_76.177814-11.018792,57439.14453125,18.759993194580076,0.0571676045656204,W1
calib_s_76.177814-11.018792,57638.25,18.73750746154785,0.05403608456254,W1
calib_s_76.177814-11.018792,57638.25,19.171977294921877,0.1847191452980041,W2
calib_s_76.177814-11.018792,57803.33203125,18.671168922424314,0.0545825809240341,W1
calib_s_76.177814-11.018792,57803.33203125,19.144476188659667,0.177506536245346,W2
calib_s_76.177814-11.018792,58005.0703125,18.750416397094725,0.0584272444248199,W1
calib_s_76.177814-11.018792,58005.0703125,19.313215507507323,0.2095516175031662,W2
calib_s_76.177814-11.018792,58160.3984375,18.66215097808838,0.0505111217498779,W1
calib_s_76.177814-11.018792,58160.46484375,19.287476791381835,0.2008752226829528,W2
calib_s_76.177814-11.018792,58369.4609375,18.67307150268555,0.0583000220358371,W1
calib_s_76.177814-11.018792,58369.4609375,19.26949621582031,0.2153914272785186,W2
calib_s_76.177814-11.018792,58526.1328125,18.676094650268556,0.0558317936956882,W1
calib_s_76.177814-11.018792,58526.1328125,19.369244827270506,0.2531067132949829,W2
calib_s_76.177814-11.018792,58733.546875,18.618001579284666,0.0542212501168251,W1
calib_s_76.177814-11.018792,58733.546875,19.147219909667967,0.2039649337530136,W2
calib_s_76.177814-11.018792,58891.671875,18.67668211364746,0.0540831573307514,W1
calib_s_76.177814-11.018792,58891.671875,19.15300012969971,0.195539116859436,W2
calib_s_76.177814-11.018792,59099.48046875,18.684525131225584,0.0558067262172699,W1
calib_s_76.376558-11.028251,55256.015625,18.074170707702635,0.0341028124094009,W1
calib_s_76.376558-11.028251,55256.015625,18.977203620910643,0.1488460451364517,W2
calib_s_76.376558-11.028251,55447.171875,18.154859184265135,0.0359209105372428,W1
calib_s_76.376558-11.028251,55447.171875,19.126747383117674,0.1702131181955337,W2
calib_s_76.376558-11.028251,56718.05078125,18.156475662231443,0.0371035598218441,W1
calib_s_76.376558-11.028251,56718.05078125,18.698456062316897,0.1286775022745132,W2
calib_s_76.376558-11.028251,56911.7890625,18.187603591918943,0.0336229689419269,W1
calib_s_76.376558-11.028251,56911.7890625,19.060471786499022,0.1681205481290817,W2
calib_s_76.376558-11.028251,57078.53125,18.173693298339842,0.0345607213675975,W1
calib_s_76.376558-11.028251,57078.53125,18.99599005126953,0.1545242220163345,W2
calib_s_76.376558-11.028251,57272.5,18.182813285827635,0.030899740755558,W1
calib_s_76.376558-11.028251,57272.5,18.76441217803955,0.1246793866157531,W2
calib_s_76.376558-11.028251,57439.14453125,18.216905235290525,0.0358150824904441,W1
calib_s_76.376558-11.028251,57439.14453125,18.682050003051756,0.117024689912796,W2
calib_s_76.376558-11.028251,57638.25,18.209432243347166,0.0365617834031581,W1
calib_s_76.376558-11.028251,57638.25,19.22161795043945,0.2015151381492614,W2
calib_s_76.376558-11.028251,57803.33203125,18.25867140197754,0.0371019840240478,W1
calib_s_76.376558-11.028251,57803.33203125,19.157196296691897,0.1808855533599853,W2
calib_s_76.376558-11.028251,58005.0703125,18.188768981933592,0.0331834219396114,W1
calib_s_76.376558-11.028251,58005.0703125,19.048676742553713,0.1645973771810531,W2
calib_s_76.376558-11.028251,58160.3984375,18.201576828002928,0.0298512112349271,W1
calib_s_76.376558-11.028251,58160.46484375,18.83743120574951,0.1228722333908081,W2
calib_s_76.376558-11.028251,58369.4609375,18.17607939147949,0.0373656004667282,W1
calib_s_76.376558-11.028251,58369.4609375,18.75815416717529,0.1447894126176834,W2
calib_s_76.376558-11.028251,58526.1328125,18.12706911468506,0.036927618086338,W1
calib_s_76.376558-11.028251,58526.1328125,18.783686889648436,0.1516338288784027,W2
calib_s_76.376558-11.028251,58733.546875,18.139667152404783,0.0361209213733673,W1
calib_s_76.376558-11.028251,58733.546875,18.832148803710936,0.1590363085269928,W2
calib_s_76.376558-11.028251,58891.671875,18.18122541809082,0.0383937694132328,W1
calib_s_76.376558-11.028251,58891.671875,19.240731491088866,0.2262806147336959,W2
calib_s_76.376558-11.028251,59099.48046875,18.21274340057373,0.0347483269870281,W1
calib_s_76.376558-11.028251,59099.48046875,19.291692985534667,0.2186565995216369,W2
calib_s_76.345638-10.928419,55256.015625,18.564623474121092,0.0507870577275753,W1
calib_s_76.345638-10.928419,55256.015625,19.092139495849608,0.1568897366523742,W2
calib_s_76.345638-10.928419,55447.171875,18.748316406249998,0.0659115463495254,W1
calib_s_76.345638-10.928419,55447.171875,19.178889526367186,0.1753120273351669,W2
calib_s_76.345638-10.928419,56718.05078125,18.5160051574707,0.0486826375126838,W1
calib_s_76.345638-10.928419,56718.05078125,19.119886650085448,0.1717256605625152,W2
calib_s_76.345638-10.928419,56911.7890625,18.573171257019045,0.0512374229729175,W1
calib_s_76.345638-10.928419,56911.7890625,19.377694381713866,0.2376924902200698,W2
calib_s_76.345638-10.928419,57078.53125,18.70191061401367,0.0541894361376762,W1
calib_s_76.345638-10.928419,57078.53125,19.293497337341307,0.1929284334182739,W2
calib_s_76.345638-10.928419,57272.5,18.66154062652588,0.0473481118679046,W1
calib_s_76.345638-10.928419,57272.5,18.912183059692385,0.1399987488985061,W2
calib_s_76.345638-10.928419,57439.14453125,18.52310907745361,0.0524441599845886,W1
calib_s_76.345638-10.928419,57439.14453125,18.998323692321776,0.1636987328529358,W2
calib_s_76.345638-10.928419,57638.25,18.602668403625486,0.0479406081140041,W1
calib_s_76.345638-10.928419,57638.25,19.169212593078612,0.1807873100042343,W2
calib_s_76.345638-10.928419,57803.33203125,18.519894241333006,0.0460736118257045,W1
calib_s_76.345638-10.928419,57803.33203125,18.909207595825194,0.1489411443471908,W2
calib_s_76.345638-10.928419,58005.0703125,18.6411329498291,0.0546210706233978,W1
calib_s_76.345638-10.928419,58005.0703125,18.91665197753906,0.1579673141241073,W2
calib_s_76.345638-10.928419,58160.3984375,18.683402656555174,0.0621801130473613,W1
calib_s_76.345638-10.928419,58160.46484375,19.00681139373779,0.1994515210390091,W2
calib_s_76.345638-10.928419,58369.4609375,18.57758200073242,0.0522240474820137,W1
calib_s_76.345638-10.928419,58369.4609375,19.328815711975096,0.2481477707624435,W2
calib_s_76.345638-10.928419,58526.1328125,18.59051096343994,0.0501161329448223,W1
calib_s_76.345638-10.928419,58526.1328125,19.440072311401366,0.2626082599163055,W2
calib_s_76.345638-10.928419,58733.546875,18.510750411987303,0.0452627316117286,W1
calib_s_76.345638-10.928419,58733.546875,19.18644644165039,0.1947203874588012,W2
calib_s_76.345638-10.928419,58891.671875,18.537440895080564,0.0499269664287567,W1
calib_s_76.345638-10.928419,58891.671875,19.34065557861328,0.2401414215564727,W2
calib_s_76.345638-10.928419,59099.48046875,18.58033430480957,0.0491508953273296,W1
calib_s_76.345638-10.928419,59099.48046875,18.985113395690917,0.1706966310739517,W2
calib_s_76.362816-11.036274,55256.015625,19.129315017700193,0.0855128988623619,W1
calib_s_76.362816-11.036274,55256.015625,19.288460983276366,0.1897840648889541,W2
calib_s_76.362816-11.036274,55447.171875,19.091377853393553,0.0852649211883544,W1
calib_s_76.362816-11.036274,55447.171875,18.94788385772705,0.1414830386638641,W2
calib_s_76.362816-11.036274,56718.05078125,19.075783370971678,0.0834990218281745,W1
calib_s_76.362816-11.036274,56718.05078125,19.04100538635254,0.1692443937063217,W2
calib_s_76.362816-11.036274,56911.7890625,19.13829100036621,0.0798357352614402,W1
calib_s_76.362816-11.036274,56911.7890625,18.810699714660643,0.1342212110757827,W2
calib_s_76.362816-11.036274,57078.53125,19.202334045410154,0.0860565453767776,W1
calib_s_76.362816-11.036274,57078.53125,19.321723236083983,0.2235067635774612,W2
calib_s_76.362816-11.036274,57272.5,19.12876379394531,0.0719457417726516,W1
calib_s_76.362816-11.036274,57272.5,19.104383720397948,0.1671201735734939,W2
calib_s_76.362816-11.036274,57439.14453125,19.141028045654295,0.0845883339643478,W1
calib_s_76.362816-11.036274,57439.14453125,18.92910314941406,0.1524745225906372,W2
calib_s_76.362816-11.036274,57638.25,18.94471418762207,0.0672005116939544,W1
calib_s_76.362816-11.036274,57638.25,18.93972898864746,0.1519283205270767,W2
calib_s_76.362816-11.036274,57803.33203125,19.10345518493652,0.078495554625988,W1
calib_s_76.362816-11.036274,57803.33203125,19.47982908630371,0.2482011020183563,W2
calib_s_76.362816-11.036274,58005.0703125,19.089907287597654,0.0744140073657035,W1
calib_s_76.362816-11.036274,58005.0703125,19.097843421936034,0.1778910309076309,W2
calib_s_76.362816-11.036274,58160.3984375,19.0637403717041,0.0677513256669044,W1
calib_s_76.362816-11.036274,58160.46484375,18.98706270599365,0.1422398835420608,W2
calib_s_76.362816-11.036274,58369.4609375,19.186947463989256,0.0918304696679115,W1
calib_s_76.362816-11.036274,58369.4609375,19.101428283691405,0.2039606869220733,W2
calib_s_76.362816-11.036274,58526.1328125,18.982365249633787,0.08212361484766,W1
calib_s_76.362816-11.036274,58526.1328125,19.4387200012207,0.2814508080482483,W2
calib_s_76.362816-11.036274,58733.546875,19.068688034057615,0.079095184803009,W1
calib_s_76.362816-11.036274,58733.546875,19.03909803771973,0.1858464628458023,W2
calib_s_76.362816-11.036274,58891.671875,19.22489988708496,0.0991119742393493,W1
calib_s_76.362816-11.036274,58891.671875,19.22732187652588,0.2292918115854263,W2
calib_s_76.362816-11.036274,59099.48046875,19.02056181335449,0.072007842361927,W1
calib_s_76.362816-11.036274,59099.48046875,18.92550016784668,0.1622929722070694,W2
calib_s_76.313802-10.989752,55256.015625,18.452102302551268,0.0459326356649398,W1
calib_s_76.313802-10.989752,55256.015625,19.11913229370117,0.1612123697996139,W2
calib_s_76.313802-10.989752,55447.171875,18.536819099426268,0.0511776767671108,W1
calib_s_76.313802-10.989752,55447.171875,19.27454878234863,0.2022124975919723,W2
calib_s_76.313802-10.989752,56718.05078125,18.46223890686035,0.0462254546582698,W1
calib_s_76.313802-10.989752,56718.05078125,19.226765884399413,0.1904549449682235,W2
calib_s_76.313802-10.989752,56911.7890625,18.655383705139158,0.0550938434898853,W1
calib_s_76.313802-10.989752,56911.7890625,19.22643782043457,0.2011428624391555,W2
calib_s_76.313802-10.989752,57078.53125,18.512920974731443,0.0493369065225124,W1
calib_s_76.313802-10.989752,57272.5,18.511492370605467,0.0373011827468872,W1
calib_s_76.313802-10.989752,57272.5,19.196418060302733,0.1652051508426666,W2
calib_s_76.313802-10.989752,57439.14453125,18.532863258361814,0.0486882776021957,W1
calib_s_76.313802-10.989752,57439.14453125,19.37687040710449,0.2191524058580398,W2
calib_s_76.313802-10.989752,57638.25,18.48546659851074,0.0456379614770412,W1
calib_s_76.313802-10.989752,57638.25,19.450373901367186,0.2483373582363128,W2
calib_s_76.313802-10.989752,57803.33203125,18.39295732879639,0.0409685224294662,W1
calib_s_76.313802-10.989752,57803.33203125,19.19668413543701,0.1929787695407867,W2
calib_s_76.313802-10.989752,58005.0703125,18.54794561767578,0.0445754155516624,W1
calib_s_76.313802-10.989752,58005.0703125,19.331695808410643,0.2141433805227279,W2
calib_s_76.313802-10.989752,58160.3984375,18.48715174102783,0.0454770103096962,W1
calib_s_76.313802-10.989752,58160.46484375,19.56948400878906,0.26246377825737,W2
calib_s_76.313802-10.989752,58369.4609375,18.52323496246338,0.0471339896321296,W1
calib_s_76.313802-10.989752,58369.4609375,19.023864997863768,0.1697001606225967,W2
calib_s_76.313802-10.989752,58526.1328125,18.487916587829588,0.0496637560427188,W1
calib_s_76.313802-10.989752,58526.1328125,19.250953926086424,0.2225750237703323,W2
calib_s_76.313802-10.989752,58733.546875,18.480364440917967,0.0454308427870273,W1
calib_s_76.313802-10.989752,58891.671875,18.600314735412596,0.0509656444191932,W1
calib_s_76.313802-10.989752,58891.671875,19.27721907043457,0.2243097722530365,W2
calib_s_76.313802-10.989752,59099.48046875,18.49724924468994,0.0475651919841766,W1
calib_s_76.313802-10.989752,59099.48046875,19.214639915466307,0.2134685963392257,W2
calib_s_76.252612-10.94761,55256.015625,18.89922392272949,0.0694887638092041,W1
calib_s_76.252612-10.94761,55256.015625,19.344796432495116,0.1969062387943267,W2
calib_s_76.252612-10.94761,55447.171875,18.949555038452147,0.0764442831277847,W1
calib_s_76.252612-10.94761,55447.171875,19.335855735778807,0.2002269178628921,W2
calib_s_76.252612-10.94761,56718.05078125,18.835716842651365,0.0640903487801551,W1
calib_s_76.252612-10.94761,56718.05078125,19.349347366333006,0.2118628621101379,W2
calib_s_76.252612-10.94761,56911.7890625,18.954882263183592,0.0737361460924148,W1
calib_s_76.252612-10.94761,57078.53125,18.970970748901365,0.0700715258717536,W1
calib_s_76.252612-10.94761,57078.53125,18.916695846557616,0.1443244963884353,W2
calib_s_76.252612-10.94761,57272.5,19.071581481933592,0.0646827071905136,W1
calib_s_76.252612-10.94761,57272.5,19.360944046020506,0.1981730461120605,W2
calib_s_76.252612-10.94761,57439.14453125,18.877030014038084,0.070791982114315,W1
calib_s_76.252612-10.94761,57439.14453125,19.429614318847655,0.2570075392723083,W2
calib_s_76.252612-10.94761,57638.25,18.827536224365232,0.058743268251419,W1
calib_s_76.252612-10.94761,57638.25,19.26479746246338,0.2060360014438629,W2
calib_s_76.252612-10.94761,57803.33203125,18.770237564086912,0.0598077178001403,W1
calib_s_76.252612-10.94761,57803.33203125,19.61791731262207,0.2885445058345794,W2
calib_s_76.252612-10.94761,58005.0703125,18.759729980468748,0.0596864558756351,W1
calib_s_76.252612-10.94761,58005.0703125,19.20094324493408,0.2106218785047531,W2
calib_s_76.252612-10.94761,58160.3984375,18.722313522338865,0.0729256868362426,W1
calib_s_76.252612-10.94761,58160.46484375,19.060969604492186,0.2284954488277435,W2
calib_s_76.252612-10.94761,58369.4609375,18.771959899902342,0.0638388693332672,W1
calib_s_76.252612-10.94761,58369.4609375,19.166923774719237,0.1983947306871414,W2
calib_s_76.252612-10.94761,58526.1328125,18.838862060546873,0.066844455897808,W1
calib_s_76.252612-10.94761,58526.1328125,19.066474212646483,0.1850766837596893,W2
calib_s_76.252612-10.94761,58733.546875,18.704882263183592,0.0573884658515453,W1
calib_s_76.252612-10.94761,58733.546875,18.91956831359863,0.1579778045415878,W2
calib_s_76.252612-10.94761,58891.671875,18.765040039062498,0.0643906667828559,W1
calib_s_76.252612-10.94761,58891.671875,19.03286577606201,0.1831344366073608,W2
calib_s_76.252612-10.94761,59099.48046875,18.952374099731443,0.0696898475289344,W1
calib_s_76.252612-10.94761,59099.48046875,19.28035856628418,0.2255776524543762,W2
calib_s_76.437533-10.876425,55256.015625,19.028833984374998,0.0781658589839935,W1
calib_s_76.437533-10.876425,55256.015625,19.31362749481201,0.1941171139478683,W2
calib_s_76.437533-10.876425,55447.171875,19.080433486938475,0.0817851647734642,W1
calib_s_76.437533-10.876425,55447.171875,19.319269432067873,0.1995752900838852,W2
calib_s_76.437533-10.876425,56718.05078125,18.943884490966795,0.0711129605770111,W1
calib_s_76.437533-10.876425,56718.05078125,19.18331457519531,0.1866210401058197,W2
calib_s_76.437533-10.876425,56911.7890625,19.079090713500975,0.0823538675904274,W1
calib_s_76.437533-10.876425,56911.7890625,19.475152267456053,0.2535680532455444,W2
calib_s_76.437533-10.876425,57078.53125,19.124956726074217,0.080544039607048,W1
calib_s_76.437533-10.876425,57272.5,19.07410871887207,0.0699835047125816,W1
calib_s_76.437533-10.876425,57272.5,19.094438804626463,0.167563796043396,W2
calib_s_76.437533-10.876425,57439.14453125,19.081289886474607,0.0813246294856071,W1
calib_s_76.437533-10.876425,57439.14453125,19.061667694091796,0.1649003475904464,W2
calib_s_76.437533-10.876425,57638.25,19.128882049560545,0.0803880468010902,W1
calib_s_76.437533-10.876425,57638.25,19.195374740600585,0.1987065523862838,W2
calib_s_76.437533-10.876425,57803.33203125,19.175186752319334,0.0889378562569618,W1
calib_s_76.437533-10.876425,57803.33203125,19.13968302154541,0.1857895702123642,W2
calib_s_76.437533-10.876425,58005.0703125,19.10700857543945,0.0810720473527908,W1
calib_s_76.437533-10.876425,58005.0703125,19.296915306091307,0.2184534519910812,W2
calib_s_76.437533-10.876425,58160.3984375,19.042456268310545,0.0826749578118324,W1
calib_s_76.437533-10.876425,58369.4609375,18.911394714355467,0.0753451138734817,W1
calib_s_76.437533-10.876425,58369.4609375,19.278393043518065,0.240910530090332,W2
calib_s_76.437533-10.876425,58526.1328125,19.088213562011717,0.0807694867253303,W1
calib_s_76.437533-10.876425,58526.1328125,19.563714279174803,0.2772793471813202,W2
calib_s_76.437533-10.876425,58733.546875,19.124624847412107,0.0876164808869361,W1
calib_s_76.437533-10.876425,58733.546875,19.03275991821289,0.1863677054643631,W2
calib_s_76.437533-10.876425,58891.671875,19.232025741577147,0.0934792160987854,W1
calib_s_76.437533-10.876425,58891.671875,19.129191650390624,0.1964925527572631,W2
calib_s_76.437533-10.876425,59099.48046875,19.197121261596678,0.0924280434846878,W1
calib_s_76.437533-10.876425,59099.48046875,18.9633200302124,0.1787453442811966,W2
calib_s_76.24803-10.761734,55256.015625,18.478518127441404,0.0425096042454242,W1
calib_s_76.24803-10.761734,55256.015625,19.151851905822753,0.150798887014389,W2
calib_s_76.24803-10.761734,55447.171875,18.36861574554443,0.0411953292787075,W1
calib_s_76.24803-10.761734,55447.171875,19.069939865112303,0.1559977680444717,W2
calib_s_76.24803-10.761734,56718.05078125,18.450083374023436,0.047396145761013,W1
calib_s_76.24803-10.761734,56911.7890625,18.47293054962158,0.0457640886306762,W1
calib_s_76.24803-10.761734,57078.53125,18.44530832672119,0.0451805889606475,W1
calib_s_76.24803-10.761734,57272.5,18.418688415527342,0.0364143140614032,W1
calib_s_76.24803-10.761734,57272.5,19.302241577148436,0.1840816140174865,W2
calib_s_76.24803-10.761734,57439.14453125,18.43538343811035,0.0508179552853107,W1
calib_s_76.24803-10.761734,57439.14453125,18.895248664855956,0.1645756214857101,W2
calib_s_76.24803-10.761734,57638.25,18.27935373687744,0.0369831398129463,W1
calib_s_76.24803-10.761734,57803.33203125,18.379178642272947,0.043181337416172,W1
calib_s_76.24803-10.761734,57803.33203125,18.944745315551756,0.1593256592750549,W2
calib_s_76.24803-10.761734,58005.0703125,18.499014495849607,0.0466315820813179,W1
calib_s_76.24803-10.761734,58005.0703125,19.117785705566405,0.1895729303359985,W2
calib_s_76.24803-10.761734,58160.3984375,18.484193443298338,0.0544168911874294,W1
calib_s_76.24803-10.761734,58160.46484375,19.07287050628662,0.2164482474327087,W2
calib_s_76.24803-10.761734,58369.4609375,18.550606369018556,0.0486144796013832,W1
calib_s_76.24803-10.761734,58369.4609375,19.13107134246826,0.1906531453132629,W2
calib_s_76.24803-10.761734,58526.1328125,18.35049974822998,0.0423143319785594,W1
calib_s_76.24803-10.761734,58733.546875,18.426229118347166,0.0444980673491954,W1
calib_s_76.24803-10.761734,58891.671875,18.313090919494627,0.0448350496590137,W1
calib_s_76.24803-10.761734,59099.48046875,18.536939262390135,0.0481995455920696,W1
calib_s_76.24803-10.761734,59099.48046875,19.07856775665283,0.1925001591444015,W2
calib_s_76.08302-10.991327,55252.54296875,18.994402526855467,0.0785510838031768,W1
calib_s_76.08302-10.991327,55252.54296875,18.82967497253418,0.1279773563146591,W2
calib_s_76.08302-10.991327,55445.51953125,19.45460821533203,0.2342178672552108,W2
calib_s_76.08302-10.991327,56716.46875,18.87885153198242,0.0677336305379867,W1
calib_s_76.08302-10.991327,56716.46875,19.31888224029541,0.2172309607267379,W2
calib_s_76.08302-10.991327,56907.546875,18.98511373901367,0.0681816264986991,W1
calib_s_76.08302-10.991327,56907.546875,19.204078926086424,0.1860011965036392,W2
calib_s_76.08302-10.991327,57076.953125,18.97153723144531,0.072959579527378,W1
calib_s_76.08302-10.991327,57270.79296875,19.36551023864746,0.1879819482564926,W2
calib_s_76.08302-10.991327,57436.0,18.906618713378904,0.0721328034996986,W1
calib_s_76.08302-10.991327,57436.0,19.045788063049315,0.180707573890686,W2
calib_s_76.08302-10.991327,57636.546875,18.841757415771482,0.0635892450809478,W1
calib_s_76.08302-10.991327,57636.546875,18.89603163146973,0.1594608128070831,W2
calib_s_76.08302-10.991327,57801.6953125,18.899632095336912,0.0693228244781494,W1
calib_s_76.08302-10.991327,58004.22265625,18.8105665435791,0.0612393803894519,W1
calib_s_76.08302-10.991327,58158.76171875,19.05012953186035,0.0900092273950576,W1
calib_s_76.08302-10.991327,58366.38671875,18.841940521240232,0.0675050541758537,W1
calib_s_76.08302-10.991327,58366.38671875,18.865107788085936,0.1579183042049408,W2
calib_s_76.08302-10.991327,58525.21484375,18.883188842773436,0.067068874835968,W1
calib_s_76.08302-10.991327,58525.21484375,19.547549499511717,0.2804269194602966,W2
calib_s_76.08302-10.991327,58731.84765625,18.869841217041014,0.0655791312456131,W1
calib_s_76.08302-10.991327,58731.84765625,19.320833457946776,0.2403516620397567,W2
calib_s_76.08302-10.991327,58890.1015625,18.92809927368164,0.0714257210493087,W1
calib_s_76.08302-10.991327,59098.5625,19.28730451965332,0.0937010943889617,W1
calib_s_76.08302-10.991327,59098.5625,19.074635757446288,0.1908891946077346,W2
calib_s_76.410066-10.916282,55256.015625,19.63273680114746,0.134324163198471,W1
calib_s_76.410066-10.916282,55256.015625,19.422806991577147,0.2116675078868866,W2
calib_s_76.410066-10.916282,55447.171875,19.603153823852537,0.1340560317039489,W1
calib_s_76.410066-10.916282,55447.171875,19.195825828552245,0.173053964972496,W2
calib_s_76.410066-10.916282,56718.05078125,19.551890014648436,0.1342589706182479,W1
calib_s_76.410066-10.916282,56911.7890625,19.3109270324707,0.0982890054583549,W1
calib_s_76.410066-10.916282,57078.53125,19.489626525878904,0.1079403683543205,W1
calib_s_76.410066-10.916282,57078.53125,19.385945571899413,0.2105909436941146,W2
calib_s_76.410066-10.916282,57272.5,19.47032225036621,0.1008875221014022,W1
calib_s_76.410066-10.916282,57439.14453125,19.531239151000975,0.1306108683347702,W1
calib_s_76.410066-10.916282,57638.25,19.647560714721678,0.1207373514771461,W1
calib_s_76.410066-10.916282,57638.25,19.565432800292967,0.2642352283000946,W2
calib_s_76.410066-10.916282,57803.33203125,19.91907369995117,0.1712317764759063,W1
calib_s_76.410066-10.916282,57803.33203125,19.284250511169432,0.2059472501277923,W2
calib_s_76.410066-10.916282,58005.0703125,19.68934309387207,0.1398618221282959,W1
calib_s_76.410066-10.916282,58005.0703125,19.08621050262451,0.1856102496385574,W2
calib_s_76.410066-10.916282,58160.3984375,19.59705221557617,0.1392176449298858,W1
calib_s_76.410066-10.916282,58160.46484375,19.370866073608397,0.2656465470790863,W2
calib_s_76.410066-10.916282,58369.4609375,19.655586837768553,0.1329325437545776,W1
calib_s_76.410066-10.916282,58369.4609375,19.294976486206057,0.2243983298540115,W2
calib_s_76.410066-10.916282,58526.1328125,19.540558456420897,0.1163136661052703,W1
calib_s_76.410066-10.916282,58733.546875,19.459498046874998,0.1120459958910942,W1
calib_s_76.410066-10.916282,58891.671875,19.736248611450193,0.1558396518230438,W1
calib_s_76.410066-10.916282,59099.48046875,19.584799407958982,0.1248712390661239,W1
calib_s_76.044088-10.832718,55252.54296875,18.851713775634764,0.0708151087164878,W1
calib_s_76.044088-10.832718,55252.54296875,19.536563171386717,0.2485122829675674,W2
calib_s_76.044088-10.832718,55445.51953125,18.979380249023436,0.0727160796523094,W1
calib_s_76.044088-10.832718,55445.51953125,19.44304586791992,0.2182567119598388,W2
calib_s_76.044088-10.832718,56716.46875,18.9013811340332,0.0756775140762329,W1
calib_s_76.044088-10.832718,56907.546875,18.88226950073242,0.067277655005455,W1
calib_s_76.044088-10.832718,56907.546875,19.08496309661865,0.1878120899200439,W2
calib_s_76.044088-10.832718,57076.953125,18.864742874145506,0.0685916617512703,W1
calib_s_76.044088-10.832718,57076.953125,19.048719657897948,0.1777007132768631,W2
calib_s_76.044088-10.832718,57270.79296875,18.917841552734373,0.0521288253366947,W1
calib_s_76.044088-10.832718,57270.79296875,19.41974378967285,0.1921483427286148,W2
calib_s_76.044088-10.832718,57436.0,18.89861357116699,0.0686465725302696,W1
calib_s_76.044088-10.832718,57436.0,19.05623556518555,0.1728979051113128,W2
calib_s_76.044088-10.832718,57636.546875,18.924318908691404,0.0648579746484756,W1
calib_s_76.044088-10.832718,57801.6953125,18.979324935913084,0.0706557855010032,W1
calib_s_76.044088-10.832718,57801.6953125,19.03658605957031,0.1631932109594345,W2
calib_s_76.044088-10.832718,58004.22265625,18.851479171752928,0.0638755187392234,W1
calib_s_76.044088-10.832718,58004.22265625,19.394044174194335,0.2513979971408844,W2
calib_s_76.044088-10.832718,58158.76171875,18.96503317260742,0.0802787989377975,W1
calib_s_76.044088-10.832718,58366.38671875,19.006268142700193,0.0781247243285179,W1
calib_s_76.044088-10.832718,58366.38671875,19.006128562927245,0.1908021867275238,W2
calib_s_76.044088-10.832718,58525.21484375,19.018490432739256,0.0807214379310607,W1
calib_s_76.044088-10.832718,58525.21484375,19.45184828186035,0.2691869735717773,W2
calib_s_76.044088-10.832718,58731.84765625,18.98882925415039,0.0771569982171058,W1
calib_s_76.044088-10.832718,58890.1015625,18.999678253173826,0.0724475085735321,W1
calib_s_76.044088-10.832718,58890.1015625,19.14230753326416,0.1907643675804138,W2
calib_s_76.044088-10.832718,59098.5625,19.106123565673826,0.0865238532423973,W1
calib_s_76.044088-10.832718,59098.5625,19.070959342956545,0.2031165510416031,W2
calib_s_76.244447-10.798419,55256.015625,18.440240501403807,0.0433813445270061,W1
calib_s_76.244447-10.798419,55256.015625,19.233106864929198,0.1721835732460022,W2
calib_s_76.244447-10.798419,55447.171875,18.405867218017576,0.0461979992687702,W1
calib_s_76.244447-10.798419,55447.171875,19.256390823364256,0.1892522275447845,W2
calib_s_76.244447-10.798419,56718.05078125,18.385325073242186,0.0477395467460155,W1
calib_s_76.244447-10.798419,56718.05078125,19.223323120117186,0.2090332955121994,W2
calib_s_76.244447-10.798419,56911.7890625,18.46577894592285,0.046619776636362,W1
calib_s_76.244447-10.798419,56911.7890625,18.9536125793457,0.167869821190834,W2
calib_s_76.244447-10.798419,57078.53125,18.391856788635252,0.0429714694619178,W1
calib_s_76.244447-10.798419,57078.53125,18.93283487701416,0.1504906862974167,W2
calib_s_76.244447-10.798419,57272.5,18.420845626831056,0.0363238751888275,W1
calib_s_76.244447-10.798419,57272.5,18.921318305969237,0.1253889501094818,W2
calib_s_76.244447-10.798419,57439.14453125,18.453533767700193,0.0514742918312549,W1
calib_s_76.244447-10.798419,57439.14453125,19.149462951660155,0.2015240341424942,W2
calib_s_76.244447-10.798419,57638.25,18.43151247406006,0.0427754074335098,W1
calib_s_76.244447-10.798419,57638.25,19.03031946563721,0.1604111343622207,W2
calib_s_76.244447-10.798419,57803.33203125,18.33860266113281,0.0396087355911731,W1
calib_s_76.244447-10.798419,57803.33203125,19.30929972076416,0.2276182919740677,W2
calib_s_76.244447-10.798419,58005.0703125,18.374728797912596,0.0410362631082534,W1
calib_s_76.244447-10.798419,58005.0703125,19.177683128356932,0.1994906067848205,W2
calib_s_76.244447-10.798419,58160.3984375,18.442127822875975,0.0550010465085506,W1
calib_s_76.244447-10.798419,58160.46484375,19.02451731109619,0.209104523062706,W2
calib_s_76.244447-10.798419,58369.4609375,18.413613914489744,0.0424255169928073,W1
calib_s_76.244447-10.798419,58369.4609375,19.417638076782225,0.2515712976455688,W2
calib_s_76.244447-10.798419,58526.1328125,18.353966354370115,0.047809962183237,W1
calib_s_76.244447-10.798419,58526.1328125,19.350207580566405,0.2510939836502075,W2
calib_s_76.244447-10.798419,58733.546875,18.31164419555664,0.0404464527964592,W1
calib_s_76.244447-10.798419,58733.546875,19.019418014526366,0.1787594705820083,W2
calib_s_76.244447-10.798419,58891.671875,18.419818519592283,0.0465675108134746,W1
calib_s_76.244447-10.798419,58891.671875,19.081270469665526,0.1959327608346939,W2
calib_s_76.244447-10.798419,59099.48046875,18.497013687133787,0.0458282902836799,W1
calib_s_76.244447-10.798419,59099.48046875,19.17051626586914,0.2000758945941925,W2
calib_s_76.320664-11.046064,55256.015625,18.89758169555664,0.0688212364912033,W1
calib_s_76.320664-11.046064,55256.015625,19.03168798828125,0.1486383080482483,W2
calib_s_76.320664-11.046064,55447.171875,18.833290695190428,0.0637135505676269,W1
calib_s_76.320664-11.046064,55447.171875,19.099924339294432,0.1623990535736084,W2
calib_s_76.320664-11.046064,56718.05078125,18.825115798950193,0.0641608983278274,W1
calib_s_76.320664-11.046064,56718.05078125,19.368951095581053,0.2149474173784256,W2
calib_s_76.320664-11.046064,56911.7890625,18.74736082458496,0.0576475262641906,W1
calib_s_76.320664-11.046064,56911.7890625,19.167864097595217,0.1898806095123291,W2
calib_s_76.320664-11.046064,57078.53125,18.89375746154785,0.070070281624794,W1
calib_s_76.320664-11.046064,57078.53125,18.993566764831545,0.1722718328237533,W2
calib_s_76.320664-11.046064,57272.5,18.845110534667967,0.0542986020445823,W1
calib_s_76.320664-11.046064,57272.5,19.389479888916014,0.2025599032640457,W2
calib_s_76.320664-11.046064,57439.14453125,18.774614929199217,0.0632720589637756,W1
calib_s_76.320664-11.046064,57638.25,18.775374053955076,0.0585310757160186,W1
calib_s_76.320664-11.046064,57638.25,19.009894622802733,0.1630816310644149,W2
calib_s_76.320664-11.046064,57803.33203125,18.89255773925781,0.0680914521217346,W1
calib_s_76.320664-11.046064,58005.0703125,18.873617767333982,0.0590178743004798,W1
calib_s_76.320664-11.046064,58005.0703125,19.431372894287108,0.2351608872413635,W2
calib_s_76.320664-11.046064,58160.3984375,18.806082366943357,0.0562371984124183,W1
calib_s_76.320664-11.046064,58160.46484375,19.02592111968994,0.1448071748018264,W2
calib_s_76.320664-11.046064,58369.4609375,18.76806700134277,0.0635296776890754,W1
calib_s_76.320664-11.046064,58369.4609375,18.909608139038085,0.1729853153228759,W2
calib_s_76.320664-11.046064,58526.1328125,18.791771530151365,0.0630042627453804,W1
calib_s_76.320664-11.046064,58526.1328125,19.27713514709473,0.2235495895147323,W2
calib_s_76.320664-11.046064,58733.546875,18.824371932983397,0.0628434941172599,W1
calib_s_76.320664-11.046064,58733.546875,19.415337814331053,0.2595068216323852,W2
calib_s_76.320664-11.046064,58891.671875,18.839094757080076,0.0676901191473007,W1
calib_s_76.320664-11.046064,58891.671875,19.257867111206057,0.2281489670276641,W2
calib_s_76.320664-11.046064,59099.48046875,18.86102163696289,0.0631177872419357,W1
calib_s_76.229995-10.897562,55256.015625,19.247995971679686,0.0874008312821388,W1
calib_s_76.229995-10.897562,55256.015625,19.191458000183104,0.1552826315164566,W2
calib_s_76.229995-10.897562,55447.171875,19.228096603393553,0.0996241495013237,W1
calib_s_76.229995-10.897562,55447.171875,19.251888526916503,0.1976849436759948,W2
calib_s_76.229995-10.897562,56718.05078125,19.1220899810791,0.0860850438475608,W1
calib_s_76.229995-10.897562,56718.05078125,19.599591506958006,0.2801760137081146,W2
calib_s_76.229995-10.897562,56911.7890625,19.19116079711914,0.0836716741323471,W1
calib_s_76.229995-10.897562,56911.7890625,19.486541046142577,0.2440515458583831,W2
calib_s_76.229995-10.897562,57078.53125,19.226660369873045,0.0932824909687042,W1
calib_s_76.229995-10.897562,57272.5,19.185001968383787,0.0751505196094513,W1
calib_s_76.229995-10.897562,57272.5,19.229395164489745,0.1819541752338409,W2
calib_s_76.229995-10.897562,57439.14453125,19.152392028808592,0.0862286239862442,W1
calib_s_76.229995-10.897562,57439.14453125,19.3746330871582,0.2227795124053955,W2
calib_s_76.229995-10.897562,57638.25,19.261683105468748,0.0860646665096283,W1
calib_s_76.229995-10.897562,57803.33203125,19.309288619995115,0.0948080569505691,W1
calib_s_76.229995-10.897562,57803.33203125,19.3468010559082,0.2323980629444122,W2
calib_s_76.229995-10.897562,58005.0703125,19.233812927246092,0.0941001251339912,W1
calib_s_76.229995-10.897562,58005.0703125,19.042998565673827,0.1782564520835876,W2
calib_s_76.229995-10.897562,58160.3984375,19.342526077270506,0.1190990209579467,W1
calib_s_76.229995-10.897562,58160.46484375,18.90727259063721,0.1897031217813491,W2
calib_s_76.229995-10.897562,58369.4609375,19.419355987548826,0.1172115057706832,W1
calib_s_76.229995-10.897562,58526.1328125,19.267050384521482,0.0962413400411605,W1
calib_s_76.229995-10.897562,58526.1328125,19.2446396484375,0.2301093190908432,W2
calib_s_76.229995-10.897562,58733.546875,19.328833221435545,0.1013443022966384,W1
calib_s_76.229995-10.897562,58891.671875,19.21955740356445,0.0910895019769668,W1
calib_s_76.229995-10.897562,59099.48046875,19.272740005493162,0.0923042222857475,W1
calib_s_76.229995-10.897562,59099.48046875,19.27806307220459,0.2225818634033203,W2
calib_s_76.301548-11.058101,55256.015625,18.684261917114256,0.0567819327116012,W1
calib_s_76.301548-11.058101,55256.015625,18.932963623046877,0.1315186619758606,W2
calib_s_76.301548-11.058101,55447.171875,18.693673728942873,0.0573924668133258,W1
calib_s_76.301548-11.058101,55447.171875,19.003822578430174,0.14400315284729,W2
calib_s_76.301548-11.058101,56718.05078125,18.661549209594728,0.0599188581109046,W1
calib_s_76.301548-11.058101,56718.05078125,19.013774169921877,0.1666336506605148,W2
calib_s_76.301548-11.058101,56911.7890625,18.67384111785889,0.0542899705469608,W1
calib_s_76.301548-11.058101,56911.7890625,18.961851371765135,0.1626167595386505,W2
calib_s_76.301548-11.058101,57078.53125,18.58346521759033,0.0500509962439537,W1
calib_s_76.301548-11.058101,57078.53125,19.080659164428713,0.174675703048706,W2
calib_s_76.301548-11.058101,57272.5,18.66488039398193,0.0483186952769756,W1
calib_s_76.301548-11.058101,57272.5,19.05479360961914,0.1647969782352447,W2
calib_s_76.301548-11.058101,57439.14453125,18.60951959991455,0.0534440279006958,W1
calib_s_76.301548-11.058101,57439.14453125,18.712419761657717,0.1276919394731521,W2
calib_s_76.301548-11.058101,57638.25,18.578024505615232,0.046742245554924,W1
calib_s_76.301548-11.058101,57638.25,19.1698629989624,0.1856479048728943,W2
calib_s_76.301548-11.058101,57803.33203125,18.668519615173338,0.0538286082446575,W1
calib_s_76.301548-11.058101,57803.33203125,19.152848495483397,0.1896011978387832,W2
calib_s_76.301548-11.058101,58005.0703125,18.649448036193846,0.0536393485963344,W1
calib_s_76.301548-11.058101,58005.0703125,19.057509674072264,0.1670033782720565,W2
calib_s_76.301548-11.058101,58160.3984375,18.7152239074707,0.0584955886006355,W1
calib_s_76.301548-11.058101,58160.46484375,18.932445777893065,0.1472990363836288,W2
calib_s_76.301548-11.058101,58369.4609375,18.599102615356443,0.052481360733509,W1
calib_s_76.301548-11.058101,58369.4609375,19.310221923828124,0.2236673980951309,W2
calib_s_76.301548-11.058101,58526.1328125,18.729714035034178,0.0602891966700553,W1
calib_s_76.301548-11.058101,58526.1328125,19.174153579711913,0.2125108689069748,W2
calib_s_76.301548-11.058101,58733.546875,18.69919836425781,0.0562841407954692,W1
calib_s_76.301548-11.058101,58733.546875,19.029290451049803,0.1788036525249481,W2
calib_s_76.301548-11.058101,58891.671875,18.617002128601072,0.0568682067096233,W1
calib_s_76.301548-11.058101,58891.671875,19.153327239990233,0.2102793753147125,W2
calib_s_76.301548-11.058101,59099.48046875,18.51966249847412,0.0447482168674469,W1
calib_s_76.301548-11.058101,59099.48046875,19.15165068054199,0.1945518404245376,W2
calib_s_76.266079-11.066189,55256.015625,18.75491583251953,0.0605293102562427,W1
calib_s_76.266079-11.066189,55256.015625,19.129491104125975,0.1623788625001907,W2
calib_s_76.266079-11.066189,55447.171875,18.874827026367186,0.0714885368943214,W1
calib_s_76.266079-11.066189,55447.171875,19.097896827697753,0.162502259016037,W2
calib_s_76.266079-11.066189,56718.05078125,18.997858642578123,0.0754314288496971,W1
calib_s_76.266079-11.066189,56718.05078125,19.01695467376709,0.1607633531093597,W2
calib_s_76.266079-11.066189,56911.7890625,18.75408995056152,0.0582246370613575,W1
calib_s_76.266079-11.066189,57078.53125,18.811026214599607,0.0654053166508674,W1
calib_s_76.266079-11.066189,57078.53125,19.165860427856444,0.20242340862751,W2
calib_s_76.266079-11.066189,57272.5,18.83232176208496,0.054646048694849,W1
calib_s_76.266079-11.066189,57439.14453125,18.881168960571287,0.0717429369688034,W1
calib_s_76.266079-11.066189,57439.14453125,19.08148504638672,0.1892769038677215,W2
calib_s_76.266079-11.066189,57638.25,18.846897720336912,0.0611633136868476,W1
calib_s_76.266079-11.066189,57803.33203125,18.661305068969728,0.0550686866044998,W1
calib_s_76.266079-11.066189,58005.0703125,18.86445295715332,0.0649223178625106,W1
calib_s_76.266079-11.066189,58005.0703125,19.082529319763182,0.169192373752594,W2
calib_s_76.266079-11.066189,58160.3984375,18.750998138427732,0.0656196549534797,W1
calib_s_76.266079-11.066189,58160.46484375,19.19080854797363,0.2074510157108307,W2
calib_s_76.266079-11.066189,58369.4609375,18.82775175476074,0.0648235529661178,W1
calib_s_76.266079-11.066189,58526.1328125,18.791264175415037,0.0625414699316024,W1
calib_s_76.266079-11.066189,58526.1328125,19.357564224243163,0.2442756295204162,W2
calib_s_76.266079-11.066189,58733.546875,18.829096435546873,0.0662943199276924,W1
calib_s_76.266079-11.066189,58733.546875,18.63857866668701,0.1331527680158615,W2
calib_s_76.266079-11.066189,58891.671875,18.714636444091795,0.0648835599422454,W1
calib_s_76.266079-11.066189,58891.671875,19.17324663543701,0.2150427252054214,W2
calib_s_76.266079-11.066189,59099.48046875,18.794720291137693,0.0579051785171031,W1
calib_s_76.266079-11.066189,59099.48046875,19.08873487854004,0.1859468221664428,W2
calib_s_76.40478-10.845528,55256.015625,18.704151748657225,0.0552176162600517,W1
calib_s_76.40478-10.845528,55256.015625,19.20428205871582,0.1673202514648437,W2
calib_s_76.40478-10.845528,55447.171875,18.61215937042236,0.0527850575745105,W1
calib_s_76.40478-10.845528,55447.171875,18.850486053466796,0.1297093778848648,W2
calib_s_76.40478-10.845528,56718.05078125,18.530356048583982,0.0493370778858661,W1
calib_s_76.40478-10.845528,56718.05078125,19.078995956420897,0.1780802607536316,W2
calib_s_76.40478-10.845528,56911.7890625,18.67971002960205,0.0580577626824379,W1
calib_s_76.40478-10.845528,56911.7890625,19.17064596557617,0.2072806656360626,W2
calib_s_76.40478-10.845528,57078.53125,18.64931642913818,0.051956508308649,W1
calib_s_76.40478-10.845528,57078.53125,18.83175493621826,0.1369744539260864,W2
calib_s_76.40478-10.845528,57272.5,18.545275329589842,0.0440204851329326,W1
calib_s_76.40478-10.845528,57272.5,19.01816393280029,0.1573264598846435,W2
calib_s_76.40478-10.845528,57439.14453125,18.735396026611326,0.0573722422122955,W1
calib_s_76.40478-10.845528,57439.14453125,18.955176605224608,0.1558219641447067,W2
calib_s_76.40478-10.845528,57638.25,18.67113649749756,0.0540761388838291,W1
calib_s_76.40478-10.845528,57803.33203125,18.71996939086914,0.0580444782972335,W1
calib_s_76.40478-10.845528,57803.33203125,19.060006393432616,0.1716117560863495,W2
calib_s_76.40478-10.845528,58005.0703125,18.641301750183104,0.0494651347398757,W1
calib_s_76.40478-10.845528,58005.0703125,19.322728408813475,0.2091874778270721,W2
calib_s_76.40478-10.845528,58160.3984375,18.632218002319334,0.0574739016592502,W1
calib_s_76.40478-10.845528,58160.46484375,18.98507524871826,0.1871833652257919,W2
calib_s_76.40478-10.845528,58369.4609375,18.62619650268555,0.0540340282022953,W1
calib_s_76.40478-10.845528,58369.4609375,18.965434326171877,0.1688612550497055,W2
calib_s_76.40478-10.845528,58526.1328125,18.698745368957518,0.0559893511235713,W1
calib_s_76.40478-10.845528,58526.1328125,18.75524641418457,0.1358848214149475,W2
calib_s_76.40478-10.845528,58733.546875,18.59705889129639,0.0548617914319038,W1
calib_s_76.40478-10.845528,58733.546875,19.271572364807128,0.2404525578022003,W2
calib_s_76.40478-10.845528,58891.671875,18.624688743591307,0.0516690909862518,W1
calib_s_76.40478-10.845528,58891.671875,19.23058058166504,0.2140159755945205,W2
calib_s_76.40478-10.845528,59099.48046875,18.69226515197754,0.0540171526372432,W1
calib_s_76.40478-10.845528,59099.48046875,18.837533248901366,0.1495025306940078,W2
calib_s_76.356696-10.774837,55256.015625,18.747439025878904,0.0633583813905716,W1
calib_s_76.356696-10.774837,55256.015625,19.106119407653807,0.1670079529285431,W2
calib_s_76.356696-10.774837,55447.171875,18.623028396606443,0.0555649325251579,W1
calib_s_76.356696-10.774837,55447.171875,19.012131942749022,0.1604424715042114,W2
calib_s_76.356696-10.774837,56718.05078125,18.659845947265623,0.0543991141021251,W1
calib_s_76.356696-10.774837,56718.05078125,19.17861582183838,0.1817188709974289,W2
calib_s_76.356696-10.774837,56911.7890625,18.75487577819824,0.0563436709344387,W1
calib_s_76.356696-10.774837,56911.7890625,19.368462814331053,0.2305958122014999,W2
calib_s_76.356696-10.774837,57078.53125,18.712635635375975,0.0562411062419414,W1
calib_s_76.356696-10.774837,57078.53125,18.963959945678713,0.1621817201375961,W2
calib_s_76.356696-10.774837,57272.5,18.689959167480467,0.0475824996829032,W1
calib_s_76.356696-10.774837,57272.5,18.9649069442749,0.1359664499759674,W2
calib_s_76.356696-10.774837,57439.14453125,18.743670104980467,0.0646607503294944,W1
calib_s_76.356696-10.774837,57638.25,18.757706283569334,0.0575528442859649,W1
calib_s_76.356696-10.774837,57803.33203125,18.59960234069824,0.0512925311923027,W1
calib_s_76.356696-10.774837,57803.33203125,19.603856338500975,0.292303204536438,W2
calib_s_76.356696-10.774837,58005.0703125,18.637361167907716,0.0508278906345367,W1
calib_s_76.356696-10.774837,58005.0703125,19.303931488037108,0.2175311744213104,W2
calib_s_76.356696-10.774837,58160.3984375,18.62480223083496,0.0617466606199741,W1
calib_s_76.356696-10.774837,58160.46484375,18.755689872741698,0.1618544906377792,W2
calib_s_76.356696-10.774837,58369.4609375,18.692051528930662,0.0557327605783939,W1
calib_s_76.356696-10.774837,58369.4609375,18.807008041381835,0.1407408416271209,W2
calib_s_76.356696-10.774837,58526.1328125,18.624679206848143,0.0536787547171115,W1
calib_s_76.356696-10.774837,58526.1328125,19.525304092407225,0.2811742722988128,W2
calib_s_76.356696-10.774837,58733.546875,18.501086830139158,0.0521902665495872,W1
calib_s_76.356696-10.774837,58733.546875,18.915685905456545,0.1773207634687423,W2
calib_s_76.356696-10.774837,58891.671875,18.71972715759277,0.0618429221212863,W1
calib_s_76.356696-10.774837,58891.671875,19.29398085021973,0.2320971339941024,W2
calib_s_76.356696-10.774837,59099.48046875,18.662613510131834,0.0509600490331649,W1
calib_s_76.356696-10.774837,59099.48046875,19.28831411743164,0.212229773402214,W2
calib_s_76.169147-10.783036,55256.015625,19.674767135620115,0.1217342317104339,W1
calib_s_76.169147-10.783036,55256.015625,19.10820413970947,0.1408076286315918,W2
calib_s_76.169147-10.783036,55447.171875,19.4228712310791,0.115488052368164,W1
calib_s_76.169147-10.783036,55447.171875,19.313717140197753,0.2064852267503738,W2
calib_s_76.169147-10.783036,56718.05078125,19.355715393066404,0.1044613420963287,W1
calib_s_76.169147-10.783036,56911.7890625,19.373665451049803,0.1014771983027458,W1
calib_s_76.169147-10.783036,57078.53125,19.281942962646482,0.102101907134056,W1
calib_s_76.169147-10.783036,57078.53125,19.3051808013916,0.2347628474235534,W2
calib_s_76.169147-10.783036,57272.5,19.393707870483397,0.0835281908512115,W1
calib_s_76.169147-10.783036,57272.5,19.445748580932616,0.2005136460065841,W2
calib_s_76.169147-10.783036,57439.14453125,19.129069580078124,0.1930819749832153,W2
calib_s_76.169147-10.783036,57638.25,19.509945510864256,0.1144061684608459,W1
calib_s_76.169147-10.783036,57638.25,19.400046600341796,0.2270191460847854,W2
calib_s_76.169147-10.783036,57803.33203125,19.660118698120115,0.1378550380468368,W1
calib_s_76.169147-10.783036,57803.33203125,19.57351042175293,0.2782066762447357,W2
calib_s_76.169147-10.783036,58005.0703125,19.353607772827147,0.0952138453722,W1
calib_s_76.169147-10.783036,58005.0703125,19.224262489318846,0.2003688067197799,W2
calib_s_76.169147-10.783036,58160.3984375,19.340258239746092,0.1224490329623222,W1
calib_s_76.169147-10.783036,58369.4609375,19.313818572998045,0.1088403463363647,W1
calib_s_76.169147-10.783036,58369.4609375,19.670233978271483,0.3288006782531738,W2
calib_s_76.169147-10.783036,58526.1328125,19.734779953002928,0.1404129713773727,W1
calib_s_76.169147-10.783036,58733.546875,19.515785812377928,0.1168441697955131,W1
calib_s_76.169147-10.783036,58733.546875,19.06676412963867,0.1753719598054886,W2
calib_s_76.169147-10.783036,58891.671875,19.33499395751953,0.1000854149460792,W1
calib_s_76.169147-10.783036,58891.671875,19.506119979858397,0.2668269872665405,W2
calib_s_76.169147-10.783036,59099.48046875,19.506382583618162,0.1169783920049667,W1
calib_s_76.169147-10.783036,59099.48046875,18.993138565063475,0.1740536093711853,W2
calib_s_76.253465-10.874335,55256.015625,19.48122846984863,0.1010844409465789,W1
calib_s_76.253465-10.874335,55256.015625,19.240020050048827,0.1560888439416885,W2
calib_s_76.253465-10.874335,55447.171875,19.413609146118162,0.1214942559599876,W1
calib_s_76.253465-10.874335,55447.171875,19.125382675170897,0.1771821677684784,W2
calib_s_76.253465-10.874335,56718.05078125,19.54648077392578,0.1264183968305587,W1
calib_s_76.253465-10.874335,56911.7890625,19.693863510131834,0.1420478373765945,W1
calib_s_76.253465-10.874335,56911.7890625,19.561211837768553,0.2752350270748138,W2
calib_s_76.253465-10.874335,57078.53125,19.58130514526367,0.1280677169561386,W1
calib_s_76.253465-10.874335,57078.53125,19.66447378540039,0.2966456115245819,W2
calib_s_76.253465-10.874335,57272.5,19.77709829711914,0.1265773922204971,W1
calib_s_76.253465-10.874335,57272.5,19.596078170776366,0.2445122450590133,W2
calib_s_76.253465-10.874335,57439.14453125,19.44647848510742,0.1144201755523681,W1
calib_s_76.253465-10.874335,57439.14453125,18.987688316345217,0.1491460502147674,W2
calib_s_76.253465-10.874335,57638.25,19.723478912353514,0.1351734697818756,W1
calib_s_76.253465-10.874335,57638.25,19.05222154998779,0.1559715420007705,W2
calib_s_76.253465-10.874335,57803.33203125,19.676550506591795,0.1316471248865127,W1
calib_s_76.253465-10.874335,57803.33203125,19.588652862548827,0.2712123990058899,W2
calib_s_76.253465-10.874335,58005.0703125,19.466766952514647,0.1091228201985359,W1
calib_s_76.253465-10.874335,58005.0703125,19.641732467651366,0.3018725514411926,W2
calib_s_76.253465-10.874335,58160.3984375,19.898861526489256,0.2108804583549499,W1
calib_s_76.253465-10.874335,58369.4609375,20.033667205810545,0.1939528584480285,W1
calib_s_76.253465-10.874335,58369.4609375,19.069986595153807,0.1876236051321029,W2
calib_s_76.253465-10.874335,58526.1328125,19.427389739990232,0.1142264008522033,W1
calib_s_76.253465-10.874335,58733.546875,19.46259176635742,0.1152184829115867,W1
calib_s_76.253465-10.874335,58733.546875,19.36567236328125,0.2573946714401245,W2
calib_s_76.253465-10.874335,58891.671875,19.32530271911621,0.1057931780815124,W1
calib_s_76.253465-10.874335,58891.671875,19.06972052001953,0.1997554302215576,W2
calib_s_76.253465-10.874335,59099.48046875,19.778547882080076,0.149079754948616,W1
calib_s_76.101064-10.969836,55252.54296875,19.552813171386717,0.1317780762910843,W1
calib_s_76.101064-10.969836,55252.54296875,19.260230316162108,0.1925899088382721,W2
calib_s_76.101064-10.969836,55445.51953125,19.026428474426268,0.1527056992053985,W2
calib_s_76.101064-10.969836,56716.46875,19.479683517456053,0.1121447160840034,W1
calib_s_76.101064-10.969836,56716.46875,19.091973556518557,0.1657680422067642,W2
calib_s_76.101064-10.969836,56907.546875,18.95036341094971,0.1600071936845779,W2
calib_s_76.101064-10.969836,57436.0,18.805853141784667,0.138874739408493,W2
calib_s_76.101064-10.969836,58004.22265625,19.34651052856445,0.0998592376708984,W1
calib_s_76.101064-10.969836,58004.22265625,19.136680854797362,0.1928770393133163,W2
calib_s_76.101064-10.969836,58158.76171875,19.221779464721678,0.1117260456085205,W1
calib_s_76.101064-10.969836,58366.38671875,19.293888687133787,0.1069346144795417,W1
calib_s_76.101064-10.969836,58366.38671875,19.224920524597167,0.2197152823209762,W2
calib_s_76.101064-10.969836,58525.21484375,19.30924475097656,0.0939139947295188,W1
calib_s_76.101064-10.969836,58731.84765625,19.039150489807128,0.174337089061737,W2
calib_s_76.297111-11.072891,55256.015625,18.512604354858397,0.048519205302,W1
calib_s_76.297111-11.072891,55256.015625,19.008848442077635,0.145841360092163,W2
calib_s_76.297111-11.072891,55447.171875,18.404376625061033,0.0435120537877082,W1
calib_s_76.297111-11.072891,55447.171875,18.93293310546875,0.1421056389808654,W2
calib_s_76.297111-11.072891,56718.05078125,18.390494941711424,0.0462287291884422,W1
calib_s_76.297111-11.072891,56718.05078125,19.518056167602538,0.27411550283432,W2
calib_s_76.297111-11.072891,56911.7890625,18.60482180023193,0.0522430315613746,W1
calib_s_76.297111-11.072891,56911.7890625,19.06974150085449,0.1808398067951202,W2
calib_s_76.297111-11.072891,57078.53125,18.413104652404783,0.0436049774289131,W1
calib_s_76.297111-11.072891,57272.5,18.46139490509033,0.0380763597786426,W1
calib_s_76.297111-11.072891,57439.14453125,18.59319651031494,0.0560354217886924,W1
calib_s_76.297111-11.072891,57439.14453125,19.00397802734375,0.173624962568283,W2
calib_s_76.297111-11.072891,57638.25,18.466794609069822,0.0449817925691604,W1
calib_s_76.297111-11.072891,57638.25,18.839661849975585,0.1424466520547866,W2
calib_s_76.297111-11.072891,57803.33203125,18.52928984069824,0.0491583533585071,W1
calib_s_76.297111-11.072891,57803.33203125,19.149250282287596,0.1853563487529754,W2
calib_s_76.297111-11.072891,58005.0703125,18.46893274688721,0.0472374521195888,W1
calib_s_76.297111-11.072891,58005.0703125,19.096967948913573,0.1907013654708862,W2
calib_s_76.297111-11.072891,58160.3984375,18.452122329711912,0.0478336885571479,W1
calib_s_76.297111-11.072891,58160.46484375,18.7609913482666,0.1380873620510101,W2
calib_s_76.297111-11.072891,58369.4609375,18.544382690429686,0.0465421490371227,W1
calib_s_76.297111-11.072891,58526.1328125,18.57352697753906,0.0519374050199985,W1
calib_s_76.297111-11.072891,58733.546875,18.5100876083374,0.0487121790647506,W1
calib_s_76.297111-11.072891,58733.546875,18.813355697631835,0.1550085395574569,W2
calib_s_76.297111-11.072891,58891.671875,18.619212745666502,0.0551862381398677,W1
calib_s_76.297111-11.072891,59099.48046875,18.453761695861814,0.0442317798733711,W1
calib_s_76.184965-10.769286,55256.015625,18.926231979370115,0.0609774887561798,W1
calib_s_76.184965-10.769286,55256.015625,19.322648300170897,0.170912966132164,W2
calib_s_76.184965-10.769286,55447.171875,18.927031158447264,0.071818932890892,W1
calib_s_76.184965-10.769286,55447.171875,18.95860983276367,0.1412467360496521,W2
calib_s_76.184965-10.769286,56718.05078125,18.966068862915037,0.0753343552350997,W1
calib_s_76.184965-10.769286,56718.05078125,19.25184370422363,0.1976062953472137,W2
calib_s_76.184965-10.769286,56911.7890625,18.942432998657225,0.0699057355523109,W1
calib_s_76.184965-10.769286,56911.7890625,18.944204582214354,0.1571426838636398,W2
calib_s_76.184965-10.769286,57078.53125,18.961477874755857,0.07585109770298,W1
calib_s_76.184965-10.769286,57078.53125,19.07447554016113,0.1808927357196808,W2
calib_s_76.184965-10.769286,57272.5,19.00332891845703,0.0595430545508861,W1
calib_s_76.184965-10.769286,57272.5,19.001746429443358,0.1327409446239471,W2
calib_s_76.184965-10.769286,57439.14453125,19.110678314208982,0.0923087894916534,W1
calib_s_76.184965-10.769286,57439.14453125,19.361424697875975,0.2557728588581085,W2
calib_s_76.184965-10.769286,57638.25,18.94929373168945,0.0719601809978485,W1
calib_s_76.184965-10.769286,57638.25,19.535491241455077,0.2770328223705292,W2
calib_s_76.184965-10.769286,57803.33203125,18.880095123291014,0.0677579194307327,W1
calib_s_76.184965-10.769286,57803.33203125,19.317041648864745,0.2086347490549087,W2
calib_s_76.184965-10.769286,58005.0703125,18.91600096130371,0.0673377364873886,W1
calib_s_76.184965-10.769286,58005.0703125,19.07683206939697,0.1757199615240097,W2
calib_s_76.184965-10.769286,58160.3984375,18.95001089477539,0.0836199149489402,W1
calib_s_76.184965-10.769286,58160.46484375,18.844336761474608,0.1826930493116378,W2
calib_s_76.184965-10.769286,58369.4609375,19.003794311523436,0.0796001777052879,W1
calib_s_76.184965-10.769286,58369.4609375,19.091041816711424,0.201618030667305,W2
calib_s_76.184965-10.769286,58526.1328125,19.214329360961912,0.0880747288465499,W1
calib_s_76.184965-10.769286,58526.1328125,19.731683029174803,0.3379413783550262,W2
calib_s_76.184965-10.769286,58733.546875,19.143854736328123,0.0838073790073394,W1
calib_s_76.184965-10.769286,58733.546875,19.182929290771483,0.1965094953775406,W2
calib_s_76.184965-10.769286,58891.671875,18.97705137634277,0.0760181620717048,W1
calib_s_76.184965-10.769286,58891.671875,19.005082382202147,0.1872078031301498,W2
calib_s_76.184965-10.769286,59099.48046875,19.15110838317871,0.0890718773007392,W1
calib_s_76.11371-10.856813,55252.54296875,19.600859283447264,0.1350203454494476,W1
calib_s_76.11371-10.856813,55252.54296875,19.195405258178713,0.1738802790641784,W2
calib_s_76.11371-10.856813,55445.51953125,19.558542846679686,0.1298264563083648,W1
calib_s_76.11371-10.856813,55445.51953125,19.101895584106444,0.162566140294075,W2
calib_s_76.11371-10.856813,56716.46875,19.46919119262695,0.1162249445915222,W1
calib_s_76.11371-10.856813,56716.46875,19.411763442993163,0.2325686812400818,W2
calib_s_76.11371-10.856813,56907.546875,19.66461813354492,0.1324325650930404,W1
calib_s_76.11371-10.856813,56907.546875,19.31092859649658,0.2150405347347259,W2
calib_s_76.11371-10.856813,57076.953125,19.657921432495115,0.1407593339681625,W1
calib_s_76.11371-10.856813,57076.953125,19.123331321716307,0.179108440876007,W2
calib_s_76.11371-10.856813,57270.79296875,19.687359451293943,0.1064139008522033,W1
calib_s_76.11371-10.856813,57270.79296875,19.279526008605956,0.1760454028844833,W2
calib_s_76.11371-10.856813,57436.0,19.446678756713865,0.1071371436119079,W1
calib_s_76.11371-10.856813,57636.546875,19.55856001281738,0.1243409812450409,W1
calib_s_76.11371-10.856813,57636.546875,19.537940277099608,0.2666557431221008,W2
calib_s_76.11371-10.856813,57801.6953125,19.472267745971678,0.1128698363900184,W1
calib_s_76.11371-10.856813,57801.6953125,19.0372364654541,0.1572312712669372,W2
calib_s_76.11371-10.856813,58004.22265625,19.560684799194334,0.1219432502985,W1
calib_s_76.11371-10.856813,58158.76171875,19.266605972290037,0.1168582439422607,W1
calib_s_76.11371-10.856813,58158.76171875,19.0681841506958,0.226456731557846,W2
calib_s_76.11371-10.856813,58366.38671875,19.27363264465332,0.1034027561545372,W1
calib_s_76.11371-10.856813,58366.38671875,19.134475006103514,0.2107231020927429,W2
calib_s_76.11371-10.856813,58525.21484375,19.407143234252928,0.1132044568657875,W1
calib_s_76.11371-10.856813,58525.21484375,19.14821936035156,0.1968027502298355,W2
calib_s_76.11371-10.856813,58731.84765625,19.608395217895506,0.1264458745718002,W1
calib_s_76.11371-10.856813,58731.84765625,19.755360855102538,0.339916855096817,W2
calib_s_76.11371-10.856813,58890.1015625,19.43088781738281,0.1092928200960159,W1
calib_s_76.11371-10.856813,58890.1015625,19.757184280395506,0.325936883687973,W2
calib_s_76.11371-10.856813,59098.5625,19.24638773345947,0.2311080247163772,W2
calib_s_76.078652-10.760213,55252.54296875,18.720856307983397,0.0570143274962902,W1
calib_s_76.078652-10.760213,55252.54296875,19.29076315307617,0.1790123730897903,W2
calib_s_76.078652-10.760213,55445.51953125,18.87259924316406,0.0741122588515281,W1
calib_s_76.078652-10.760213,55445.51953125,19.177232040405272,0.1816665679216385,W2
calib_s_76.078652-10.760213,56716.46875,18.83862936401367,0.0671392604708671,W1
calib_s_76.078652-10.760213,56716.46875,19.30668856048584,0.2079186886548996,W2
calib_s_76.078652-10.760213,56907.546875,18.649556755065916,0.0533235594630241,W1
calib_s_76.078652-10.760213,56907.546875,19.155895484924315,0.203301265835762,W2
calib_s_76.078652-10.760213,57076.953125,18.67877161407471,0.0560876242816448,W1
calib_s_76.078652-10.760213,57270.79296875,18.77497732543945,0.0485420152544975,W1
calib_s_76.078652-10.760213,57270.79296875,19.4458058013916,0.2181686758995056,W2
calib_s_76.078652-10.760213,57436.0,18.752384780883787,0.065736711025238,W1
calib_s_76.078652-10.760213,57436.0,18.93909479522705,0.1701648235321045,W2
calib_s_76.078652-10.760213,57636.546875,18.870289443969725,0.0689834728837013,W1
calib_s_76.078652-10.760213,57636.546875,18.980321182250975,0.1660620719194412,W2
calib_s_76.078652-10.760213,57801.6953125,18.89118826293945,0.0654070451855659,W1
calib_s_76.078652-10.760213,57801.6953125,19.19607950592041,0.1840388923883438,W2
calib_s_76.078652-10.760213,58004.22265625,18.82560217285156,0.0581137612462043,W1
calib_s_76.078652-10.760213,58004.22265625,19.11945082092285,0.1823381930589676,W2
calib_s_76.078652-10.760213,58158.76171875,18.989945053100584,0.0857821330428123,W1
calib_s_76.078652-10.760213,58158.76171875,19.10774828338623,0.225201740860939,W2
calib_s_76.078652-10.760213,58366.38671875,18.695421813964842,0.065767653286457,W1
calib_s_76.078652-10.760213,58366.38671875,18.94508959197998,0.1802216917276382,W2
calib_s_76.078652-10.760213,58525.21484375,18.892269729614256,0.0647263750433921,W1
calib_s_76.078652-10.760213,58525.21484375,19.85065771484375,0.3721809387207031,W2
calib_s_76.078652-10.760213,58731.84765625,18.837860702514647,0.0656640231609344,W1
calib_s_76.078652-10.760213,58890.1015625,18.682938217163084,0.0574135333299636,W1
calib_s_76.078652-10.760213,58890.1015625,19.34889532470703,0.2388535887002945,W2
calib_s_76.078652-10.760213,59098.5625,18.920502304077147,0.0710066184401512,W1
calib_s_76.078652-10.760213,59098.5625,19.125717414855956,0.2145947962999344,W2
calib_s_76.125774-10.971594,55252.54296875,18.293003677368162,0.0417063981294631,W1
calib_s_76.125774-10.971594,55252.54296875,19.004729522705077,0.1483392119407653,W2
calib_s_76.125774-10.971594,55445.51953125,18.321456550598143,0.0417253263294696,W1
calib_s_76.125774-10.971594,55445.51953125,18.886937393188475,0.138715922832489,W2
calib_s_76.125774-10.971594,56716.46875,18.299822448730467,0.0387236401438713,W1
calib_s_76.125774-10.971594,56716.46875,18.932111038208006,0.145472913980484,W2
calib_s_76.125774-10.971594,56907.546875,18.319882034301756,0.0393940322101116,W1
calib_s_76.125774-10.971594,56907.546875,18.89963938140869,0.1497984677553177,W2
calib_s_76.125774-10.971594,57076.953125,18.24643957519531,0.0367775559425354,W1
calib_s_76.125774-10.971594,57076.953125,18.927706970214842,0.146621435880661,W2
calib_s_76.125774-10.971594,57270.79296875,18.26308596038818,0.0316028147935867,W1
calib_s_76.125774-10.971594,57270.79296875,19.166505111694335,0.1689761281013488,W2
calib_s_76.125774-10.971594,57436.0,18.29556810760498,0.0401266515254974,W1
calib_s_76.125774-10.971594,57436.0,19.166803611755373,0.1913071274757385,W2
calib_s_76.125774-10.971594,57636.546875,18.33212530517578,0.0391856282949447,W1
calib_s_76.125774-10.971594,57636.546875,18.816389335632323,0.1393285542726516,W2
calib_s_76.125774-10.971594,57801.6953125,18.326614021301268,0.0405191704630851,W1
calib_s_76.125774-10.971594,57801.6953125,19.01466394805908,0.1607427299022674,W2
calib_s_76.125774-10.971594,58004.22265625,18.32563459777832,0.0395950861275196,W1
calib_s_76.125774-10.971594,58004.22265625,19.005112899780272,0.1708957403898239,W2
calib_s_76.125774-10.971594,58158.76171875,18.29890692138672,0.0458597317337989,W1
calib_s_76.125774-10.971594,58158.76171875,18.792386306762694,0.1615268439054489,W2
calib_s_76.125774-10.971594,58366.38671875,18.22942984008789,0.0405864417552948,W1
calib_s_76.125774-10.971594,58366.38671875,18.668402923583983,0.1398492455482483,W2
calib_s_76.125774-10.971594,58525.21484375,18.270045875549314,0.0364504866302013,W1
calib_s_76.125774-10.971594,58525.21484375,18.913840545654296,0.1455299407243728,W2
calib_s_76.125774-10.971594,58731.84765625,18.333131431579588,0.0400642901659011,W1
calib_s_76.125774-10.971594,58731.84765625,19.198017372131346,0.2109653353691101,W2
calib_s_76.125774-10.971594,58890.1015625,18.319388031005857,0.0392298884689807,W1
calib_s_76.125774-10.971594,58890.1015625,19.085179580688475,0.1708400249481201,W2
calib_s_76.125774-10.971594,59098.5625,18.242990135192873,0.0363648943603038,W1
calib_s_76.125774-10.971594,59098.5625,19.085767044067385,0.194673478603363,W2
calib_s_76.359928-10.857379,55256.015625,19.322968124389647,0.0979557558894157,W1
calib_s_76.359928-10.857379,55256.015625,19.326668991088866,0.1920952051877975,W2
calib_s_76.359928-10.857379,55447.171875,19.364416717529295,0.106300838291645,W1
calib_s_76.359928-10.857379,55447.171875,19.20046640777588,0.1817969381809234,W2
calib_s_76.359928-10.857379,56718.05078125,19.17924559020996,0.0854812934994697,W1
calib_s_76.359928-10.857379,56718.05078125,19.26567007446289,0.2047917395830154,W2
calib_s_76.359928-10.857379,56911.7890625,19.353354095458982,0.1094851121306419,W1
calib_s_76.359928-10.857379,56911.7890625,18.95014501953125,0.1681684404611587,W2
calib_s_76.359928-10.857379,57078.53125,19.16243421936035,0.0897039249539375,W1
calib_s_76.359928-10.857379,57272.5,19.218465103149413,0.1831489950418472,W2
calib_s_76.359928-10.857379,57439.14453125,19.283247589111326,0.091586597263813,W1
calib_s_76.359928-10.857379,57638.25,19.422537445068357,0.1062266826629638,W1
calib_s_76.359928-10.857379,57638.25,19.266149772644045,0.2101020663976669,W2
calib_s_76.359928-10.857379,57803.33203125,19.324274658203123,0.0965996533632278,W1
calib_s_76.359928-10.857379,58005.0703125,19.453644393920897,0.1034839004278183,W1
calib_s_76.359928-10.857379,58005.0703125,19.291035903930663,0.2067663222551345,W2
calib_s_76.359928-10.857379,58160.3984375,19.21051657104492,0.1023201569914817,W1
calib_s_76.359928-10.857379,58160.46484375,19.06965185546875,0.2067940682172775,W2
calib_s_76.359928-10.857379,58733.546875,19.32091581726074,0.1037661954760551,W1
calib_s_76.359928-10.857379,58733.546875,19.061798347473143,0.2052057087421417,W2
calib_s_76.359928-10.857379,58891.671875,19.27050840759277,0.0933775305747985,W1
calib_s_76.359928-10.857379,59099.48046875,19.333973526000975,0.0964808911085128,W1
calib_s_76.359928-10.857379,59099.48046875,19.288652671813963,0.2356922328472137,W2
calib_s_76.161721-10.92893,55256.015625,18.471927284240724,0.0431903190910816,W1
calib_s_76.161721-10.92893,55256.015625,19.27863623046875,0.1753125786781311,W2
calib_s_76.161721-10.92893,55447.171875,18.440402626037596,0.0457149818539619,W1
calib_s_76.161721-10.92893,55447.171875,18.989458335876463,0.1438339054584503,W2
calib_s_76.161721-10.92893,56718.05078125,18.41935503387451,0.0440417639911174,W1
calib_s_76.161721-10.92893,56718.05078125,18.82055403137207,0.132213145494461,W2
calib_s_76.161721-10.92893,56911.7890625,18.473502754211424,0.0447449348866939,W1
calib_s_76.161721-10.92893,56911.7890625,19.040855659484862,0.1605226695537567,W2
calib_s_76.161721-10.92893,57078.53125,18.426950096130373,0.0429300293326377,W1
calib_s_76.161721-10.92893,57078.53125,19.354867233276366,0.212695300579071,W2
calib_s_76.161721-10.92893,57272.5,18.491298316955564,0.0395713411271572,W1
calib_s_76.161721-10.92893,57272.5,18.967883361816405,0.1305889189243316,W2
calib_s_76.161721-10.92893,57439.14453125,18.396842597961424,0.046115718781948,W1
calib_s_76.161721-10.92893,57439.14453125,18.98243738555908,0.1655035018920898,W2
calib_s_76.161721-10.92893,57638.25,18.4532667388916,0.0422800704836845,W1
calib_s_76.161721-10.92893,57638.25,19.29717756652832,0.1980268508195877,W2
calib_s_76.161721-10.92893,57803.33203125,18.32616484069824,0.0392687134444713,W1
calib_s_76.161721-10.92893,57803.33203125,19.454964889526366,0.2382049858570099,W2
calib_s_76.161721-10.92893,58005.0703125,18.42017805480957,0.0435202345252037,W1
calib_s_76.161721-10.92893,58005.0703125,19.284079803466796,0.2238910943269729,W2
calib_s_76.161721-10.92893,58160.3984375,18.42058622741699,0.0524406097829341,W1
calib_s_76.161721-10.92893,58160.46484375,18.98056436920166,0.2035720497369766,W2
calib_s_76.161721-10.92893,58369.4609375,18.413927673339842,0.0447452925145626,W1
calib_s_76.161721-10.92893,58526.1328125,18.390977500915525,0.0413381233811378,W1
calib_s_76.161721-10.92893,58526.1328125,19.097504867553713,0.1883964836597442,W2
calib_s_76.161721-10.92893,58733.546875,18.40455019378662,0.0432498343288898,W1
calib_s_76.161721-10.92893,58733.546875,19.440812362670897,0.2646766006946563,W2
calib_s_76.161721-10.92893,58891.671875,18.41827452087402,0.0440604761242866,W1
calib_s_76.161721-10.92893,58891.671875,19.005868209838866,0.1763206422328949,W2
calib_s_76.161721-10.92893,59099.48046875,18.419753669738768,0.0420141853392124,W1
calib_s_76.161721-10.92893,59099.48046875,19.158753646850585,0.1890423446893692,W2
calib_s_76.279869-10.756929,55256.015625,18.519420265197752,0.046379592269659,W1
calib_s_76.279869-10.756929,55256.015625,19.513112319946288,0.2160671353340149,W2
calib_s_76.279869-10.756929,55447.171875,18.497672676086424,0.0450954139232635,W1
calib_s_76.279869-10.756929,55447.171875,19.21704889678955,0.1737894862890243,W2
calib_s_76.279869-10.756929,56718.05078125,18.49774229431152,0.0468199402093887,W1
calib_s_76.279869-10.756929,56718.05078125,18.841638816833495,0.1365529298782348,W2
calib_s_76.279869-10.756929,56911.7890625,18.44665396118164,0.0433695688843727,W1
calib_s_76.279869-10.756929,57078.53125,18.548716186523436,0.0512743256986141,W1
calib_s_76.279869-10.756929,57078.53125,19.184961570739745,0.2039436101913452,W2
calib_s_76.279869-10.756929,57272.5,18.445664047241213,0.0381667353212833,W1
calib_s_76.279869-10.756929,57272.5,19.38146139526367,0.1989628076553344,W2
calib_s_76.279869-10.756929,57439.14453125,18.457863449096678,0.0490933693945407,W1
calib_s_76.279869-10.756929,57439.14453125,19.219453109741213,0.2104475945234298,W2
calib_s_76.279869-10.756929,57638.25,18.470244049072264,0.0459015220403671,W1
calib_s_76.279869-10.756929,57803.33203125,18.537198661804197,0.0475478768348693,W1
calib_s_76.279869-10.756929,57803.33203125,18.898348106384276,0.1521678566932678,W2
calib_s_76.279869-10.756929,58005.0703125,18.57193529510498,0.0503166541457176,W1
calib_s_76.279869-10.756929,58005.0703125,20.072377456665038,0.434516578912735,W2
calib_s_76.279869-10.756929,58160.3984375,18.44864141845703,0.0549160949885845,W1
calib_s_76.279869-10.756929,58369.4609375,18.442973731994627,0.0434609688818454,W1
calib_s_76.279869-10.756929,58369.4609375,18.989502204895018,0.1669356673955917,W2
calib_s_76.279869-10.756929,58526.1328125,18.481816886901854,0.0476211495697498,W1
calib_s_76.279869-10.756929,58526.1328125,19.447791351318358,0.2610465586185455,W2
calib_s_76.279869-10.756929,58733.546875,18.523885368347166,0.0523356758058071,W1
calib_s_76.279869-10.756929,58733.546875,18.9304192199707,0.1658995002508163,W2
calib_s_76.279869-10.756929,58891.671875,18.33447706604004,0.0430877469480037,W1
calib_s_76.279869-10.756929,58891.671875,18.694713844299315,0.1378668844699859,W2
calib_s_76.279869-10.756929,59099.48046875,18.52665769958496,0.0504332594573497,W1
calib_s_76.279869-10.756929,59099.48046875,19.17006231689453,0.220591202378273,W2
calib_s_76.253674-10.717949,55256.015625,18.383861183166502,0.04017324000597,W1
calib_s_76.253674-10.717949,55256.015625,19.031139625549315,0.1374449133872985,W2
calib_s_76.253674-10.717949,55447.171875,18.501379608154295,0.0468702092766761,W1
calib_s_76.253674-10.717949,55447.171875,19.027748359680174,0.1442525088787078,W2
calib_s_76.253674-10.717949,56718.05078125,18.519060729980467,0.0518957488238811,W1
calib_s_76.253674-10.717949,56718.05078125,19.208693756103514,0.2093092054128646,W2
calib_s_76.253674-10.717949,56911.7890625,18.544205307006834,0.0481295101344585,W1
calib_s_76.253674-10.717949,56911.7890625,19.338242782592772,0.212523803114891,W2
calib_s_76.253674-10.717949,57078.53125,18.428042053222654,0.045110173523426,W1
calib_s_76.253674-10.717949,57078.53125,18.86367155456543,0.1572283208370208,W2
calib_s_76.253674-10.717949,57272.5,18.458514808654783,0.0389772094786167,W1
calib_s_76.253674-10.717949,57272.5,19.2622702255249,0.1763724535703659,W2
calib_s_76.253674-10.717949,57439.14453125,18.581511138916014,0.0536956675350666,W1
calib_s_76.253674-10.717949,57439.14453125,19.048325790405272,0.1772158741950988,W2
calib_s_76.253674-10.717949,57638.25,18.511055587768556,0.0463605672121048,W1
calib_s_76.253674-10.717949,57638.25,19.139060272216796,0.1839856654405594,W2
calib_s_76.253674-10.717949,57803.33203125,18.483419059753416,0.0445945784449577,W1
calib_s_76.253674-10.717949,57803.33203125,19.43076445007324,0.2333261221647262,W2
calib_s_76.253674-10.717949,58005.0703125,18.45110666656494,0.044150099158287,W1
calib_s_76.253674-10.717949,58160.3984375,18.65716612243652,0.0655569359660148,W1
calib_s_76.253674-10.717949,58160.46484375,19.15661360168457,0.2383974641561508,W2
calib_s_76.253674-10.717949,58369.4609375,18.437345146179197,0.0470356307923793,W1
calib_s_76.253674-10.717949,58369.4609375,18.871931327819823,0.1520403176546096,W2
calib_s_76.253674-10.717949,58526.1328125,18.447573303222654,0.0450248233973979,W1
calib_s_76.253674-10.717949,58526.1328125,18.890864624023436,0.1598421037197113,W2
calib_s_76.253674-10.717949,58733.546875,18.55448400878906,0.0519002042710781,W1
calib_s_76.253674-10.717949,58733.546875,18.871793045043944,0.1580749601125717,W2
calib_s_76.253674-10.717949,58891.671875,18.477479576110838,0.0493214800953865,W1
calib_s_76.253674-10.717949,58891.671875,19.07914091491699,0.1930549591779709,W2
calib_s_76.253674-10.717949,59099.48046875,18.610032676696775,0.0498994514346122,W1
calib_s_76.339681-10.837061,55256.015625,19.166067718505857,0.0838873088359832,W1
calib_s_76.339681-10.837061,55256.015625,19.13658644104004,0.1588518917560577,W2
calib_s_76.339681-10.837061,55447.171875,19.02234518432617,0.0731564685702323,W1
calib_s_76.339681-10.837061,55447.171875,19.063077224731444,0.1521109193563461,W2
calib_s_76.339681-10.837061,56718.05078125,19.125485061645506,0.0850559398531913,W1
calib_s_76.339681-10.837061,56718.05078125,19.398690475463866,0.2281303405761718,W2
calib_s_76.339681-10.837061,56911.7890625,19.19958555603027,0.092365838587284,W1
calib_s_76.339681-10.837061,56911.7890625,19.20511270904541,0.1950631439685821,W2
calib_s_76.339681-10.837061,57078.53125,18.972511886596678,0.0731933191418647,W1
calib_s_76.339681-10.837061,57078.53125,19.22744108581543,0.2011392712593078,W2
calib_s_76.339681-10.837061,57272.5,18.972698806762693,0.0606228187680244,W1
calib_s_76.339681-10.837061,57272.5,19.441495193481444,0.2242964804172516,W2
calib_s_76.339681-10.837061,57439.14453125,18.980368255615232,0.0702607110142707,W1
calib_s_76.339681-10.837061,57439.14453125,19.375712646484374,0.2150532901287078,W2
calib_s_76.339681-10.837061,57638.25,19.16136991882324,0.0825379341840744,W1
calib_s_76.339681-10.837061,57803.33203125,19.09686148071289,0.0798799321055412,W1
calib_s_76.339681-10.837061,57803.33203125,19.292372955322264,0.2111369371414184,W2
calib_s_76.339681-10.837061,58005.0703125,19.068607925415037,0.0740223303437233,W1
calib_s_76.339681-10.837061,58160.3984375,19.03755628967285,0.0856500416994094,W1
calib_s_76.339681-10.837061,58160.46484375,19.163883460998534,0.2351092994213104,W2
calib_s_76.339681-10.837061,58369.4609375,18.974701522827147,0.0744706615805625,W1
calib_s_76.339681-10.837061,58369.4609375,19.415665878295897,0.2534711062908172,W2
calib_s_76.339681-10.837061,58526.1328125,18.849566101074217,0.0696517303586006,W1
calib_s_76.339681-10.837061,58733.546875,19.10129034423828,0.0805534720420837,W1
calib_s_76.339681-10.837061,58733.546875,19.21622110748291,0.2240742444992065,W2
calib_s_76.339681-10.837061,58891.671875,18.976191162109373,0.0699586048722267,W1
calib_s_76.339681-10.837061,58891.671875,19.106090797424315,0.1847358494997024,W2
calib_s_76.339681-10.837061,59099.48046875,19.017107604980467,0.0718003660440445,W1
calib_s_76.339681-10.837061,59099.48046875,19.074943794250487,0.1883457154035568,W2
calib_s_76.05035-10.877911,55252.54296875,19.02720701599121,0.0847285836935043,W1
calib_s_76.05035-10.877911,55252.54296875,19.23126150512695,0.1946810781955719,W2
calib_s_76.05035-10.877911,55445.51953125,19.087376235961912,0.0842193663120269,W1
calib_s_76.05035-10.877911,55445.51953125,19.418368591308592,0.2270411700010299,W2
calib_s_76.05035-10.877911,56716.46875,19.366324066162107,0.1101663187146186,W1
calib_s_76.05035-10.877911,56716.46875,19.17539907836914,0.1877364665269851,W2
calib_s_76.05035-10.877911,56907.546875,19.02831327819824,0.0725818499922752,W1
calib_s_76.05035-10.877911,56907.546875,19.128451599121092,0.1840886771678924,W2
calib_s_76.05035-10.877911,57076.953125,18.956232666015623,0.0748969390988349,W1
calib_s_76.05035-10.877911,57076.953125,19.7070305480957,0.32091224193573,W2
calib_s_76.05035-10.877911,57270.79296875,19.068436264038084,0.0597177185118198,W1
calib_s_76.05035-10.877911,57270.79296875,19.29354692840576,0.1671720892190933,W2
calib_s_76.05035-10.877911,57436.0,19.009924530029295,0.0721258893609047,W1
calib_s_76.05035-10.877911,57436.0,19.12191606903076,0.1795410513877868,W2
calib_s_76.05035-10.877911,57636.546875,19.030485748291014,0.0707348585128784,W1
calib_s_76.05035-10.877911,57636.546875,19.377070678710936,0.2203288078308105,W2
calib_s_76.05035-10.877911,57801.6953125,19.040484069824217,0.0749401524662971,W1
calib_s_76.05035-10.877911,58004.22265625,19.18281233215332,0.0806153193116188,W1
calib_s_76.05035-10.877911,58004.22265625,19.36672331237793,0.2266232520341873,W2
calib_s_76.05035-10.877911,58158.76171875,19.164690612792967,0.0964472219347953,W1
calib_s_76.05035-10.877911,58366.38671875,18.950569747924803,0.0771153792738914,W1
calib_s_76.05035-10.877911,58525.21484375,19.119082092285154,0.0852009132504463,W1
calib_s_76.05035-10.877911,58731.84765625,19.1366106262207,0.0854797437787056,W1
calib_s_76.05035-10.877911,58890.1015625,19.155785202026365,0.0850822702050209,W1
calib_s_76.05035-10.877911,59098.5625,19.216360687255857,0.0903528332710266,W1
calib_s_76.143423-11.035921,55252.54296875,18.662229179382322,0.053644623607397,W1
calib_s_76.143423-11.035921,55252.54296875,19.20711637878418,0.1655035018920898,W2
calib_s_76.143423-11.035921,55445.51953125,18.658004402160643,0.0570146031677722,W1
calib_s_76.143423-11.035921,56716.46875,18.83245909118652,0.06650061160326,W1
calib_s_76.143423-11.035921,56716.46875,19.26611067199707,0.2110698223114013,W2
calib_s_76.143423-11.035921,56907.546875,18.71523725891113,0.0594208911061286,W1
calib_s_76.143423-11.035921,57076.953125,18.736893295288084,0.0599824078381061,W1
calib_s_76.143423-11.035921,57076.953125,19.376380218505858,0.2266537696123123,W2
calib_s_76.143423-11.035921,57270.79296875,18.744436859130857,0.0467770583927631,W1
calib_s_76.143423-11.035921,57270.79296875,19.23756433868408,0.1786587238311767,W2
calib_s_76.143423-11.035921,57436.0,18.70294821166992,0.0570114515721797,W1
calib_s_76.143423-11.035921,57436.0,19.133018745422362,0.1833558082580566,W2
calib_s_76.143423-11.035921,57636.546875,18.692278503417967,0.0565682724118232,W1
calib_s_76.143423-11.035921,57636.546875,19.01926256561279,0.1819928735494613,W2
calib_s_76.143423-11.035921,57801.6953125,18.68471681976318,0.0566308572888374,W1
calib_s_76.143423-11.035921,57801.6953125,19.192574752807616,0.1863983273506164,W2
calib_s_76.143423-11.035921,58004.22265625,18.694694160461424,0.0552326738834381,W1
calib_s_76.143423-11.035921,58004.22265625,18.98594881439209,0.1596554219722747,W2
calib_s_76.143423-11.035921,58158.76171875,18.72936308288574,0.0511128418147563,W1
calib_s_76.143423-11.035921,58158.76171875,19.700814498901366,0.2565992176532745,W2
calib_s_76.143423-11.035921,58366.38671875,18.487084030151365,0.0514633692800998,W1
calib_s_76.143423-11.035921,58525.21484375,18.613357185363768,0.055510900914669,W1
calib_s_76.143423-11.035921,58525.21484375,19.18972612762451,0.2035586833953857,W2
calib_s_76.143423-11.035921,58731.84765625,18.692927001953123,0.0595211014151573,W1
calib_s_76.143423-11.035921,58731.84765625,18.944793952941897,0.175886645913124,W2
calib_s_76.143423-11.035921,58890.1015625,18.635152458190916,0.0555468797683715,W1
calib_s_76.143423-11.035921,58890.1015625,19.10844446563721,0.1894139051437378,W2
calib_s_76.143423-11.035921,59098.5625,18.625888465881346,0.0520370528101921,W1
calib_s_76.191394-10.737139,55256.015625,19.487694381713865,0.1059926897287368,W1
calib_s_76.191394-10.737139,55447.171875,19.204058288574217,0.0972769483923912,W1
calib_s_76.191394-10.737139,55447.171875,19.097930206298827,0.167371392250061,W2
calib_s_76.191394-10.737139,56718.05078125,19.434715866088865,0.1232452541589737,W1
calib_s_76.191394-10.737139,56718.05078125,19.26916338348389,0.2286456823348999,W2
calib_s_76.191394-10.737139,56911.7890625,19.30117475891113,0.0928369611501693,W1
calib_s_76.191394-10.737139,56911.7890625,19.42573858642578,0.2373371422290802,W2
calib_s_76.191394-10.737139,57078.53125,19.48657858276367,0.1230667531490325,W1
calib_s_76.191394-10.737139,57078.53125,19.230364097595217,0.2174732387065887,W2
calib_s_76.191394-10.737139,57272.5,19.224573730468748,0.0794904604554176,W1
calib_s_76.191394-10.737139,57272.5,19.307501091003417,0.1905437260866165,W2
calib_s_76.191394-10.737139,57439.14453125,19.297632812499998,0.1076520681381225,W1
calib_s_76.191394-10.737139,57439.14453125,19.259007705688475,0.2274842411279678,W2
calib_s_76.191394-10.737139,57638.25,19.634028076171873,0.1284218877553939,W1
calib_s_76.191394-10.737139,57638.25,19.29980684661865,0.2010008692741394,W2
calib_s_76.191394-10.737139,57803.33203125,19.433100341796873,0.1077134758234024,W1
calib_s_76.191394-10.737139,57803.33203125,19.04335047149658,0.171497493982315,W2
calib_s_76.191394-10.737139,58005.0703125,19.227787612915037,0.0847493484616279,W1
calib_s_76.191394-10.737139,58160.3984375,19.54395735168457,0.1466917097568512,W1
calib_s_76.191394-10.737139,58160.46484375,19.18733526611328,0.2490826994180679,W2
calib_s_76.191394-10.737139,58369.4609375,19.405363677978514,0.1192338317632675,W1
calib_s_76.191394-10.737139,58369.4609375,19.120511306762694,0.2096892893314361,W2
calib_s_76.191394-10.737139,58526.1328125,19.410099624633787,0.1078587099909782,W1
calib_s_76.191394-10.737139,58526.1328125,19.218082679748534,0.2088697105646133,W2
calib_s_76.191394-10.737139,58733.546875,19.18669950866699,0.0894435346126556,W1
calib_s_76.191394-10.737139,58733.546875,19.01193643951416,0.1813445091247558,W2
calib_s_76.191394-10.737139,58891.671875,19.24626982116699,0.0972544774413108,W1
calib_s_76.191394-10.737139,58891.671875,19.04748274230957,0.1932456046342849,W2
calib_s_76.191394-10.737139,59099.48046875,19.22024786376953,0.0909269824624061,W1
calib_s_76.191394-10.737139,59099.48046875,19.6162102355957,0.3298957347869873,W2
calib_s_76.206677-10.846831,55256.015625,19.112486137390135,0.1551727503538131,W2
calib_s_76.206677-10.846831,55447.171875,19.103336929321287,0.0908679366111755,W1
calib_s_76.206677-10.846831,55447.171875,18.968753112792967,0.1520249545574188,W2
calib_s_76.206677-10.846831,56911.7890625,18.993549598693846,0.1519400179386139,W2
calib_s_76.206677-10.846831,57272.5,19.05967070007324,0.1446371674537658,W2
calib_s_76.206677-10.846831,57439.14453125,19.05480123901367,0.1649732440710067,W2
calib_s_76.206677-10.846831,57638.25,19.147998107910155,0.1736823171377182,W2
calib_s_76.206677-10.846831,57803.33203125,19.50179731750488,0.1182123199105262,W1
calib_s_76.206677-10.846831,57803.33203125,18.752044929504397,0.1320865303277969,W2
calib_s_76.206677-10.846831,58005.0703125,19.17077505493164,0.0849619284272193,W1
calib_s_76.206677-10.846831,58005.0703125,18.886216415405272,0.1522713452577591,W2
calib_s_76.206677-10.846831,58160.3984375,18.73120176696777,0.0711428150534629,W1
calib_s_76.206677-10.846831,58526.1328125,18.778072952270506,0.064979687333107,W1
calib_s_76.206677-10.846831,58891.671875,18.755250228881835,0.136955052614212,W2
calib_s_76.206677-10.846831,59099.48046875,19.443350433349607,0.1185284703969955,W1
calib_s_76.206677-10.846831,59099.48046875,18.8811085357666,0.1618317365646362,W2
calib_s_76.35431-10.993977,55256.015625,19.052437423706053,0.0801164209842681,W1
calib_s_76.35431-10.993977,55256.015625,19.37687612915039,0.2058365494012832,W2
calib_s_76.35431-10.993977,55447.171875,18.836464523315428,0.0692527890205383,W1
calib_s_76.35431-10.993977,55447.171875,19.151031745910643,0.1775601059198379,W2
calib_s_76.35431-10.993977,56718.05078125,19.045818923950193,0.080727718770504,W1
calib_s_76.35431-10.993977,56718.05078125,19.377219451904296,0.2265772223472595,W2
calib_s_76.35431-10.993977,56911.7890625,18.957872985839842,0.0709341242909431,W1
calib_s_76.35431-10.993977,56911.7890625,19.486125244140624,0.256597489118576,W2
calib_s_76.35431-10.993977,57078.53125,19.003433822631834,0.0702328160405159,W1
calib_s_76.35431-10.993977,57078.53125,19.545504821777342,0.2529196441173553,W2
calib_s_76.35431-10.993977,57272.5,18.870073913574217,0.0548201389610767,W1
calib_s_76.35431-10.993977,57272.5,19.707597030639647,0.2838360667228699,W2
calib_s_76.35431-10.993977,57439.14453125,18.810751556396482,0.0630379989743232,W1
calib_s_76.35431-10.993977,57439.14453125,19.335626853942873,0.210833191871643,W2
calib_s_76.35431-10.993977,57638.25,19.024180053710936,0.070757083594799,W1
calib_s_76.35431-10.993977,57638.25,19.16309381866455,0.1839989870786667,W2
calib_s_76.35431-10.993977,57803.33203125,18.98873579406738,0.067311942577362,W1
calib_s_76.35431-10.993977,57803.33203125,19.39611555480957,0.2111224830150604,W2
calib_s_76.35431-10.993977,58005.0703125,19.02105772399902,0.06888909637928,W1
calib_s_76.35431-10.993977,58005.0703125,19.309156669616698,0.2168465852737426,W2
calib_s_76.35431-10.993977,58160.3984375,19.153391479492186,0.0816171988844871,W1
calib_s_76.35431-10.993977,58160.46484375,19.08164430999756,0.1655407696962356,W2
calib_s_76.35431-10.993977,58369.4609375,19.0930372467041,0.0859581902623176,W1
calib_s_76.35431-10.993977,58369.4609375,19.19548727416992,0.202805295586586,W2
calib_s_76.35431-10.993977,58526.1328125,18.8415724029541,0.069944143295288,W1
calib_s_76.35431-10.993977,58733.546875,19.057869552612303,0.0756731927394867,W1
calib_s_76.35431-10.993977,58733.546875,19.382394088745116,0.2432454228401184,W2
calib_s_76.35431-10.993977,58891.671875,18.9731584777832,0.0703470185399055,W1
calib_s_76.35431-10.993977,58891.671875,19.449363006591796,0.25757896900177,W2
calib_s_76.35431-10.993977,59099.48046875,18.931982635498045,0.0679556652903556,W1
calib_s_76.35431-10.993977,59099.48046875,19.390967620849608,0.2526039481163025,W2
calib_s_76.219896-11.010832,55256.015625,18.78185903930664,0.0594940707087516,W1
calib_s_76.219896-11.010832,55256.015625,19.374839080810546,0.1960710883140564,W2
calib_s_76.219896-11.010832,55447.171875,18.798721908569334,0.0663664042949676,W1
calib_s_76.219896-11.010832,55447.171875,19.082651390075682,0.1699459552764892,W2
calib_s_76.219896-11.010832,56718.05078125,18.83092558288574,0.0671933069825172,W1
calib_s_76.219896-11.010832,56718.05078125,19.5313713684082,0.2649969458580017,W2
calib_s_76.219896-11.010832,56911.7890625,18.78533995056152,0.0659085065126419,W1
calib_s_76.219896-11.010832,56911.7890625,19.28535009765625,0.224699005484581,W2
calib_s_76.219896-11.010832,57078.53125,18.82147085571289,0.0628264993429184,W1
calib_s_76.219896-11.010832,57078.53125,19.536256088256835,0.2727796137332916,W2
calib_s_76.219896-11.010832,57272.5,18.832020401000975,0.0508825108408927,W1
calib_s_76.219896-11.010832,57272.5,19.180325759887694,0.1570847630500793,W2
calib_s_76.219896-11.010832,57439.14453125,18.68845331573486,0.0573525615036487,W1
calib_s_76.219896-11.010832,57439.14453125,19.287845863342284,0.2148824483156204,W2
calib_s_76.219896-11.010832,57638.25,18.690168975830076,0.0541606396436691,W1
calib_s_76.219896-11.010832,57638.25,19.486731781005858,0.2468647807836532,W2
calib_s_76.219896-11.010832,57803.33203125,18.815771697998045,0.0593602918088436,W1
calib_s_76.219896-11.010832,58005.0703125,18.66058981323242,0.0510921068489551,W1
calib_s_76.219896-11.010832,58005.0703125,18.861926330566405,0.13543801009655,W2
calib_s_76.219896-11.010832,58160.3984375,18.682682632446287,0.05360609292984,W1
calib_s_76.219896-11.010832,58160.46484375,19.389817489624022,0.2299547046422958,W2
calib_s_76.219896-11.010832,58369.4609375,18.655365585327147,0.0596364624798297,W1
calib_s_76.219896-11.010832,58369.4609375,19.542779220581053,0.284444510936737,W2
calib_s_76.219896-11.010832,58526.1328125,18.689376472473143,0.0595357753336429,W1
calib_s_76.219896-11.010832,58526.1328125,19.03282381439209,0.1914562582969665,W2
calib_s_76.219896-11.010832,58733.546875,18.69712316894531,0.0553725436329841,W1
calib_s_76.219896-11.010832,58891.671875,18.791369079589842,0.0622876659035682,W1
calib_s_76.219896-11.010832,58891.671875,19.573176635742186,0.2910071313381195,W2
calib_s_76.219896-11.010832,59099.48046875,18.77210104370117,0.0597993619740009,W1
calib_s_76.219896-11.010832,59099.48046875,19.58675505065918,0.3152134418487549,W2
calib_s_76.266791-10.999725,55256.015625,18.71830236816406,0.0563223846256732,W1
calib_s_76.266791-10.999725,55256.015625,19.006281150817873,0.1402505934238433,W2
calib_s_76.266791-10.999725,55447.171875,18.625373481750486,0.0570689253509044,W1
calib_s_76.266791-10.999725,55447.171875,18.961184753417967,0.1477210521697998,W2
calib_s_76.266791-10.999725,56718.05078125,18.635893463134764,0.0573181323707103,W1
calib_s_76.266791-10.999725,56718.05078125,19.15392233276367,0.1848762035369873,W2
calib_s_76.266791-10.999725,56911.7890625,18.506899475097654,0.0497952848672866,W1
calib_s_76.266791-10.999725,57078.53125,18.521632789611814,0.048120480030775,W1
calib_s_76.266791-10.999725,57078.53125,18.952215446472167,0.1541513353586197,W2
calib_s_76.266791-10.999725,57272.5,18.67337000274658,0.0426832623779773,W1
calib_s_76.266791-10.999725,57272.5,19.03808428192139,0.1357028037309646,W2
calib_s_76.266791-10.999725,57439.14453125,18.623165725708006,0.0538443699479103,W1
calib_s_76.266791-10.999725,57439.14453125,19.001362098693846,0.1564443558454513,W2
calib_s_76.266791-10.999725,57638.25,18.59654772186279,0.049285851418972,W1
calib_s_76.266791-10.999725,57638.25,19.030061973571776,0.1649098247289657,W2
calib_s_76.266791-10.999725,57803.33203125,18.54876673126221,0.0473638772964477,W1
calib_s_76.266791-10.999725,57803.33203125,19.240079177856444,0.1992195695638656,W2
calib_s_76.266791-10.999725,58005.0703125,18.573657630920408,0.0466717071831226,W1
calib_s_76.266791-10.999725,58160.3984375,18.560351013183592,0.0473425835371017,W1
calib_s_76.266791-10.999725,58160.46484375,18.95119787597656,0.1522729992866516,W2
calib_s_76.266791-10.999725,58369.4609375,18.752192138671873,0.0589490048587322,W1
calib_s_76.266791-10.999725,58369.4609375,19.12120558166504,0.1894916892051696,W2
calib_s_76.266791-10.999725,58526.1328125,18.832903503417967,0.0693508982658386,W1
calib_s_76.266791-10.999725,58526.1328125,19.406049026489256,0.2642666697502136,W2
calib_s_76.266791-10.999725,58733.546875,18.70464956665039,0.0554106310009956,W1
calib_s_76.266791-10.999725,58733.546875,18.979914916992186,0.164661020040512,W2
calib_s_76.266791-10.999725,58891.671875,18.61676657104492,0.0535267628729343,W1
calib_s_76.266791-10.999725,59099.48046875,18.578194259643556,0.0483920611441135,W1
calib_s_76.265019-10.702866,55256.015625,18.443360923767088,0.0427684634923934,W1
calib_s_76.265019-10.702866,55256.015625,18.82729650878906,0.1147127076983451,W2
calib_s_76.265019-10.702866,55447.171875,18.459889053344728,0.0485687404870986,W1
calib_s_76.265019-10.702866,55447.171875,19.179078353881835,0.173517569899559,W2
calib_s_76.265019-10.702866,56718.05078125,18.53049433135986,0.0509525872766971,W1
calib_s_76.265019-10.702866,56718.05078125,19.13903261566162,0.1952633410692215,W2
calib_s_76.265019-10.702866,56911.7890625,18.454425453186033,0.0442922487854957,W1
calib_s_76.265019-10.702866,56911.7890625,19.00261618041992,0.1618302315473556,W2
calib_s_76.265019-10.702866,57078.53125,18.454750656127928,0.0444724969565868,W1
calib_s_76.265019-10.702866,57078.53125,18.955780281066897,0.1571231633424759,W2
calib_s_76.265019-10.702866,57272.5,18.481089233398436,0.040112979710102,W1
calib_s_76.265019-10.702866,57272.5,18.85382009887695,0.1338397115468979,W2
calib_s_76.265019-10.702866,57439.14453125,18.49814093017578,0.0477619469165802,W1
calib_s_76.265019-10.702866,57439.14453125,19.05072523498535,0.168219119310379,W2
calib_s_76.265019-10.702866,57638.25,18.49348699951172,0.045101448893547,W1
calib_s_76.265019-10.702866,57638.25,18.683822883605956,0.1154958233237266,W2
calib_s_76.265019-10.702866,57803.33203125,18.58533155822754,0.0497241839766502,W1
calib_s_76.265019-10.702866,57803.33203125,18.813764823913573,0.1397484540939331,W2
calib_s_76.265019-10.702866,58005.0703125,18.43224489593506,0.0430003702640533,W1
calib_s_76.265019-10.702866,58005.0703125,18.96298052215576,0.1590229421854019,W2
calib_s_76.265019-10.702866,58160.3984375,18.588444351196287,0.0599194914102554,W1
calib_s_76.265019-10.702866,58160.46484375,18.661081565856932,0.155937522649765,W2
calib_s_76.265019-10.702866,58369.4609375,18.565003990173338,0.0506264939904212,W1
calib_s_76.265019-10.702866,58369.4609375,19.100233329772948,0.1891045272350311,W2
calib_s_76.265019-10.702866,58526.1328125,18.424358963012693,0.0425292216241359,W1
calib_s_76.265019-10.702866,58526.1328125,19.006402267456057,0.1738278567790985,W2
calib_s_76.265019-10.702866,58733.546875,18.486116050720216,0.0492524094879627,W1
calib_s_76.265019-10.702866,58733.546875,19.22503591918945,0.2252489477396011,W2
calib_s_76.265019-10.702866,58891.671875,18.520339607238768,0.0466725416481494,W1
calib_s_76.265019-10.702866,58891.671875,19.187435401916503,0.2006769329309463,W2
calib_s_76.265019-10.702866,59099.48046875,18.514761566162107,0.0473417676985263,W1
calib_s_76.265019-10.702866,59099.48046875,19.461413635253905,0.2676395177841186,W2
calib_s_76.291412-11.049314,55256.015625,18.368781684875486,0.0409048981964588,W1
calib_s_76.291412-11.049314,55256.015625,18.980153335571288,0.1370670646429062,W2
calib_s_76.291412-11.049314,55447.171875,18.350389122009275,0.0411323569715023,W1
calib_s_76.291412-11.049314,55447.171875,19.004608406066897,0.1450219899415969,W2
calib_s_76.291412-11.049314,56718.05078125,18.288738845825193,0.0409869588911533,W1
calib_s_76.291412-11.049314,56718.05078125,19.49566580200195,0.2618719637393951,W2
calib_s_76.291412-11.049314,56911.7890625,18.417852043151854,0.0430191457271575,W1
calib_s_76.291412-11.049314,56911.7890625,19.110880149841307,0.1848961412906646,W2
calib_s_76.291412-11.049314,57078.53125,18.43274843597412,0.043672140687704,W1
calib_s_76.291412-11.049314,57078.53125,19.092029823303225,0.1816442012786865,W2
calib_s_76.291412-11.049314,57272.5,18.36281549835205,0.034899104386568,W1
calib_s_76.291412-11.049314,57272.5,19.372073425292967,0.2054119110107422,W2
calib_s_76.291412-11.049314,57439.14453125,18.476305603027342,0.04713936150074,W1
calib_s_76.291412-11.049314,57439.14453125,19.2327292098999,0.209881380200386,W2
calib_s_76.291412-11.049314,57638.25,18.41454946899414,0.040466409176588,W1
calib_s_76.291412-11.049314,57638.25,19.118378890991213,0.18217733502388,W2
calib_s_76.291412-11.049314,57803.33203125,18.423246978759764,0.0437395684421062,W1
calib_s_76.291412-11.049314,57803.33203125,19.46696401977539,0.260906845331192,W2
calib_s_76.291412-11.049314,58005.0703125,18.41171228790283,0.0415074825286865,W1
calib_s_76.291412-11.049314,58005.0703125,18.980167640686034,0.1589108854532241,W2
calib_s_76.291412-11.049314,58160.3984375,18.30211698913574,0.0356465317308902,W1
calib_s_76.291412-11.049314,58160.46484375,19.252474082946776,0.1846947073936462,W2
calib_s_76.291412-11.049314,58369.4609375,18.49594747924805,0.0483808107674121,W1
calib_s_76.291412-11.049314,58369.4609375,18.974490417480467,0.1650055795907974,W2
calib_s_76.291412-11.049314,58526.1328125,18.346470474243162,0.0433272793889045,W1
calib_s_76.291412-11.049314,58526.1328125,19.084038032531737,0.1991956830024719,W2
calib_s_76.291412-11.049314,58733.546875,18.346334098815916,0.0408926121890544,W1
calib_s_76.291412-11.049314,58733.546875,18.889570487976073,0.1579150259494781,W2
calib_s_76.291412-11.049314,58891.671875,18.33502828979492,0.0445333644747734,W1
calib_s_76.291412-11.049314,58891.671875,18.949585212707518,0.172124907374382,W2
calib_s_76.291412-11.049314,59099.48046875,18.33616125488281,0.0388852916657924,W1
calib_s_76.291412-11.049314,59099.48046875,19.007807983398436,0.1708902418613433,W2
calib_s_76.328309-10.946324,55256.015625,19.21089041137695,0.0959865897893905,W1
calib_s_76.328309-10.946324,55256.015625,19.043026222229003,0.1574327498674392,W2
calib_s_76.328309-10.946324,55447.171875,19.05691778564453,0.0819379985332489,W1
calib_s_76.328309-10.946324,55447.171875,19.238988174438475,0.1892721354961395,W2
calib_s_76.328309-10.946324,56718.05078125,19.17637693786621,0.089735060930252,W1
calib_s_76.328309-10.946324,56718.05078125,19.255567802429198,0.2036324143409729,W2
calib_s_76.328309-10.946324,56911.7890625,19.28938162231445,0.099233791232109,W1
calib_s_76.328309-10.946324,57078.53125,19.172827362060545,0.0785713642835617,W1
calib_s_76.328309-10.946324,57078.53125,19.50613523864746,0.2420906722545623,W2
calib_s_76.328309-10.946324,57272.5,19.16399443054199,0.0695065781474113,W1
calib_s_76.328309-10.946324,57272.5,19.282819999694823,0.1850913614034652,W2
calib_s_76.328309-10.946324,57439.14453125,19.313572525024412,0.1095917671918869,W1
calib_s_76.328309-10.946324,57439.14453125,19.001725448608397,0.1867382079362869,W2
calib_s_76.328309-10.946324,57638.25,19.112761138916014,0.078148640692234,W1
calib_s_76.328309-10.946324,57638.25,19.20533014678955,0.191270038485527,W2
calib_s_76.328309-10.946324,57803.33203125,19.349949478149412,0.0980774760246276,W1
calib_s_76.328309-10.946324,57803.33203125,18.926339401245116,0.1469913125038147,W2
calib_s_76.328309-10.946324,58005.0703125,19.164158462524412,0.0853856950998306,W1
calib_s_76.328309-10.946324,58160.3984375,19.11888182067871,0.0938909500837326,W1
calib_s_76.328309-10.946324,58160.46484375,19.007310165405272,0.2012652456760406,W2
calib_s_76.328309-10.946324,58369.4609375,19.11201345825195,0.0832225158810615,W1
calib_s_76.328309-10.946324,58369.4609375,18.865318550109862,0.156968668103218,W2
calib_s_76.328309-10.946324,58526.1328125,19.13053381347656,0.0886716917157173,W1
calib_s_76.328309-10.946324,58526.1328125,19.337894691467284,0.2507564723491668,W2
calib_s_76.328309-10.946324,58733.546875,19.1679884185791,0.0833039656281471,W1
calib_s_76.328309-10.946324,58733.546875,19.02704168701172,0.1711364090442657,W2
calib_s_76.328309-10.946324,58891.671875,19.176312088012693,0.0914933457970619,W1
calib_s_76.328309-10.946324,59099.48046875,19.20642721557617,0.0898419171571731,W1
calib_s_76.328309-10.946324,59099.48046875,18.98558546447754,0.1802871376276016,W2
calib_s_76.037865-10.91628,55252.54296875,19.167461990356443,0.0847653150558471,W1
calib_s_76.037865-10.91628,55445.51953125,19.30655920410156,0.1017706096172332,W1
calib_s_76.037865-10.91628,55445.51953125,19.38910414123535,0.2162175178527832,W2
calib_s_76.037865-10.91628,56716.46875,19.22898924255371,0.0955552533268928,W1
calib_s_76.037865-10.91628,56716.46875,19.11326815032959,0.1851944923400879,W2
calib_s_76.037865-10.91628,56907.546875,19.165957092285154,0.0837354138493537,W1
calib_s_76.037865-10.91628,56907.546875,19.819669021606444,0.3451921343803406,W2
calib_s_76.037865-10.91628,57076.953125,19.124542831420897,0.0869756191968917,W1
calib_s_76.037865-10.91628,57270.79296875,19.11389028930664,0.0633364766836166,W1
calib_s_76.037865-10.91628,57270.79296875,19.24553324127197,0.1709796339273452,W2
calib_s_76.037865-10.91628,57436.0,19.17008459472656,0.0898119881749153,W1
calib_s_76.037865-10.91628,57636.546875,19.147669433593748,0.0777217149734497,W1
calib_s_76.037865-10.91628,57636.546875,19.111459030151366,0.1737589091062545,W2
calib_s_76.037865-10.91628,57801.6953125,19.10919058227539,0.0819158032536506,W1
calib_s_76.037865-10.91628,57801.6953125,19.22055651092529,0.1956080347299575,W2
calib_s_76.037865-10.91628,58004.22265625,19.026636718749998,0.0728080123662948,W1
calib_s_76.037865-10.91628,58004.22265625,19.396296752929686,0.2354548126459121,W2
calib_s_76.037865-10.91628,58158.76171875,19.075340866088865,0.089516133069992,W1
calib_s_76.037865-10.91628,58158.76171875,18.954966796875,0.1783495992422104,W2
calib_s_76.037865-10.91628,58366.38671875,19.349762557983397,0.1108287572860717,W1
calib_s_76.037865-10.91628,58366.38671875,19.231908096313475,0.2189092487096786,W2
calib_s_76.037865-10.91628,58525.21484375,19.055597900390623,0.0732776299118995,W1
calib_s_76.037865-10.91628,58525.21484375,19.287269844055174,0.2107029110193252,W2
calib_s_76.037865-10.91628,58731.84765625,19.158238052368162,0.0901956483721733,W1
calib_s_76.037865-10.91628,58890.1015625,19.25699102783203,0.0886741355061531,W1
calib_s_76.037865-10.91628,58890.1015625,19.27111650848389,0.2105446904897689,W2
calib_s_76.037865-10.91628,59098.5625,19.17636358642578,0.0912933126091957,W1
calib_s_76.037865-10.91628,59098.5625,19.32737184906006,0.2613949179649353,W2
calib_s_76.081557-11.003767,55252.54296875,18.91313230895996,0.0728372111916542,W1
calib_s_76.081557-11.003767,55252.54296875,19.44382597351074,0.2287551611661911,W2
calib_s_76.081557-11.003767,55445.51953125,18.75779783630371,0.0638613328337669,W1
calib_s_76.081557-11.003767,55445.51953125,18.84020449066162,0.1415549665689468,W2
calib_s_76.081557-11.003767,56716.46875,18.813425659179686,0.0659548640251159,W1
calib_s_76.081557-11.003767,56716.46875,18.93497206115723,0.1528824567794799,W2
calib_s_76.081557-11.003767,56907.546875,18.903175949096678,0.0659110024571418,W1
calib_s_76.081557-11.003767,56907.546875,19.18477465057373,0.1887274831533432,W2
calib_s_76.081557-11.003767,57076.953125,18.872467636108397,0.0694420114159584,W1
calib_s_76.081557-11.003767,57076.953125,19.244356407165526,0.196751669049263,W2
calib_s_76.081557-11.003767,57270.79296875,18.95439970397949,0.0550120808184146,W1
calib_s_76.081557-11.003767,57270.79296875,19.657986892700194,0.2451667338609695,W2
calib_s_76.081557-11.003767,57436.0,18.905172943115232,0.0702492967247963,W1
calib_s_76.081557-11.003767,57636.546875,18.89050924682617,0.0662778243422508,W1
calib_s_76.081557-11.003767,57801.6953125,18.861719726562498,0.0657297819852829,W1
calib_s_76.081557-11.003767,57801.6953125,19.25241972351074,0.2055334597826004,W2
calib_s_76.081557-11.003767,58004.22265625,18.815134643554686,0.0592567175626754,W1
calib_s_76.081557-11.003767,58158.76171875,18.966833709716795,0.0714126676321029,W1
calib_s_76.081557-11.003767,58158.76171875,18.993550552368163,0.1605202555656433,W2
calib_s_76.081557-11.003767,58366.38671875,18.77868521118164,0.0662739500403404,W1
calib_s_76.081557-11.003767,58366.38671875,19.869391693115233,0.4054713249206543,W2
calib_s_76.081557-11.003767,58525.21484375,18.785069107055662,0.061154905706644,W1
calib_s_76.081557-11.003767,58525.21484375,19.23165441894531,0.2056341767311096,W2
calib_s_76.081557-11.003767,58731.84765625,18.813192962646482,0.0638683065772056,W1
calib_s_76.081557-11.003767,58731.84765625,19.152570976257323,0.2048524469137191,W2
calib_s_76.081557-11.003767,58890.1015625,19.073694824218748,0.0771498680114746,W1
calib_s_76.081557-11.003767,58890.1015625,19.25976015472412,0.2084734886884689,W2
calib_s_76.081557-11.003767,59098.5625,18.938736557006834,0.0666951164603233,W1
calib_s_76.081557-11.003767,59098.5625,19.3526661529541,0.2463840395212173,W2
calib_s_76.187456-10.759386,55256.015625,18.457724212646482,0.040002305060625,W1
calib_s_76.187456-10.759386,55256.015625,19.236653579711913,0.1554786562919616,W2
calib_s_76.187456-10.759386,55447.171875,18.44807875061035,0.0455032847821712,W1
calib_s_76.187456-10.759386,55447.171875,18.989983810424803,0.1453889161348343,W2
calib_s_76.187456-10.759386,56718.05078125,18.454088806152342,0.049437016248703,W1
calib_s_76.187456-10.759386,56718.05078125,18.905000938415526,0.1623736023902893,W2
calib_s_76.187456-10.759386,56911.7890625,18.469375251770018,0.0450725518167018,W1
calib_s_76.187456-10.759386,56911.7890625,19.031758560180663,0.1646816879510879,W2
calib_s_76.187456-10.759386,57078.53125,18.47809469604492,0.0470110289752483,W1
calib_s_76.187456-10.759386,57078.53125,18.877111686706545,0.1524724662303924,W2
calib_s_76.187456-10.759386,57272.5,18.487131713867186,0.0378746651113033,W1
calib_s_76.187456-10.759386,57272.5,18.96806551361084,0.1275131702423095,W2
calib_s_76.187456-10.759386,57439.14453125,18.431202529907228,0.0501183271408081,W1
calib_s_76.187456-10.759386,57439.14453125,19.288769973754885,0.2373804301023483,W2
calib_s_76.187456-10.759386,57638.25,18.456088661193846,0.0472222417593002,W1
calib_s_76.187456-10.759386,57638.25,18.885191215515135,0.1468500941991806,W2
calib_s_76.187456-10.759386,57803.33203125,18.411059974670408,0.0418899394571781,W1
calib_s_76.187456-10.759386,57803.33203125,19.446059478759764,0.2371204942464828,W2
calib_s_76.187456-10.759386,58005.0703125,18.345779060363768,0.0390629433095455,W1
calib_s_76.187456-10.759386,58005.0703125,19.015344871520995,0.16348198056221,W2
calib_s_76.187456-10.759386,58160.3984375,18.44040167236328,0.0547171905636787,W1
calib_s_76.187456-10.759386,58160.46484375,19.230238212585448,0.2571443319320678,W2
calib_s_76.187456-10.759386,58369.4609375,18.439389823913572,0.0504561401903629,W1
calib_s_76.187456-10.759386,58369.4609375,18.77828050994873,0.1515353173017501,W2
calib_s_76.187456-10.759386,58526.1328125,18.45603048706055,0.0470985360443592,W1
calib_s_76.187456-10.759386,58733.546875,18.433956741333006,0.043905071914196,W1
calib_s_76.187456-10.759386,58733.546875,19.371176971435546,0.2388878762722015,W2
calib_s_76.187456-10.759386,58891.671875,18.429904579162596,0.0454178228974342,W1
calib_s_76.187456-10.759386,58891.671875,19.046608222961424,0.1827939599752426,W2
calib_s_76.187456-10.759386,59099.48046875,18.3969866027832,0.0443857982754707,W1
calib_s_76.187456-10.759386,59099.48046875,19.07596327209473,0.1973106861114502,W2
calib_s_76.266298-10.895954,55256.015625,18.810829757690428,0.0569407641887664,W1
calib_s_76.266298-10.895954,55447.171875,19.020619033813475,0.0835255980491638,W1
calib_s_76.266298-10.895954,56718.05078125,18.78161680603027,0.0625824853777885,W1
calib_s_76.266298-10.895954,56911.7890625,18.81344854736328,0.0610136240720748,W1
calib_s_76.266298-10.895954,57078.53125,18.97068846130371,0.0728556811809539,W1
calib_s_76.266298-10.895954,57078.53125,19.149437202453612,0.182805597782135,W2
calib_s_76.266298-10.895954,57272.5,18.948717712402342,0.0593333542346954,W1
calib_s_76.266298-10.895954,57272.5,19.143527282714842,0.1723391562700271,W2
calib_s_76.266298-10.895954,57439.14453125,18.781368850708006,0.0649734959006309,W1
calib_s_76.266298-10.895954,57638.25,18.755253433227537,0.0542070865631103,W1
calib_s_76.266298-10.895954,57638.25,18.931514038085936,0.1438219994306564,W2
calib_s_76.266298-10.895954,57803.33203125,18.686897872924803,0.0551634617149829,W1
calib_s_76.266298-10.895954,57803.33203125,19.37506033325195,0.2280340492725372,W2
calib_s_76.266298-10.895954,58005.0703125,18.911371826171873,0.0669950991868972,W1
calib_s_76.266298-10.895954,58160.3984375,18.8938184967041,0.0813656747341156,W1
calib_s_76.266298-10.895954,58160.46484375,18.941252960205077,0.1918469667434692,W2
calib_s_76.266298-10.895954,58369.4609375,18.840157150268553,0.0664888843894004,W1
calib_s_76.266298-10.895954,58369.4609375,19.37020422363281,0.2515775859355926,W2
calib_s_76.266298-10.895954,58526.1328125,18.62859690093994,0.0554141625761985,W1
calib_s_76.266298-10.895954,58526.1328125,19.326262725830077,0.2441713362932205,W2
calib_s_76.266298-10.895954,58733.546875,18.85008299255371,0.0681320652365684,W1
calib_s_76.266298-10.895954,58733.546875,19.667697204589842,0.3369297385215759,W2
calib_s_76.266298-10.895954,58891.671875,18.968449234008787,0.0778300911188125,W1
calib_s_76.266298-10.895954,58891.671875,19.11645723724365,0.1969996094703674,W2
calib_s_76.266298-10.895954,59099.48046875,18.971275924682615,0.0705080032348632,W1
calib_s_76.266298-10.895954,59099.48046875,19.339785827636717,0.2423882633447647,W2
