oid,time,magnitude,error,band
QSO_65.504147-19.457969,55239.605,18.634203,0.04714931,W1
QSO_65.504147-19.457969,55239.67,18.424131,0.074211344,W2
QSO_65.504147-19.457969,55430.043,18.755791000000002,0.061803278,W1
QSO_65.504147-19.457969,55430.043,18.394175,0.08290249,W2
QSO_65.504147-19.457969,56704.22,18.885579999999997,0.07036364,W1
QSO_65.504147-19.457969,56704.22,18.418159,0.09823334,W2
QSO_65.504147-19.457969,56894.984,18.777746999999998,0.06580337,W1
QSO_65.504147-19.457969,56894.984,18.514738,0.11465658,W2
QSO_65.504147-19.457969,57063.42,18.829648,0.06461386,W1
QSO_65.504147-19.457969,57063.42,18.373102,0.091221154,W2
QSO_65.504147-19.457969,57256.824,18.720188999999998,0.058943246,W1
QSO_65.504147-19.457969,57256.824,18.411845,0.09839124,W2
QSO_65.504147-19.457969,57422.758,18.675918,0.057621352,W1
QSO_65.504147-19.457969,57422.758,18.331072,0.09304982,W2
QSO_65.504147-19.457969,57622.46,18.836075,0.0654939,W1
QSO_65.504147-19.457969,57622.46,18.356504,0.10143678,W2
QSO_65.504147-19.457969,57788.203,18.696713,0.046414655,W1
QSO_65.504147-19.457969,57788.203,18.254081,0.07664214,W2
QSO_65.504147-19.457969,57988.02,18.723546,0.057309713,W1
QSO_65.504147-19.457969,57988.02,18.282707,0.08717685,W2
QSO_65.504147-19.457969,58145.41,18.763829,0.04894418,W1
QSO_65.504147-19.457969,58145.41,18.273607,0.07916398,W2
QSO_65.504147-19.457969,58352.254,18.717229000000003,0.057444118,W1
QSO_65.504147-19.457969,58352.254,18.337169,0.09482361,W2
QSO_65.504147-19.457969,58510.82,18.802931,0.06834388,W1
QSO_65.504147-19.457969,58510.82,18.338045,0.10966711,W2
QSO_65.504147-19.457969,58717.914,18.965345999999997,0.06807761,W1
QSO_65.504147-19.457969,58717.914,18.319537,0.095577605,W2
QSO_65.504147-19.457969,58878.164,18.722319999999996,0.054575708,W1
QSO_65.504147-19.457969,58878.164,18.38393,0.096717365,W2
QSO_65.504147-19.457969,59083.523,18.680168000000002,0.050627105,W1
QSO_65.504147-19.457969,59083.523,18.403645,0.0966585,W2
calib_s_65.595567-19.531111,55239.60546875,17.846012710571287,0.0246977116912603,W1
calib_s_65.595567-19.531111,55239.671875,18.377952827453612,0.0717751681804657,W2
calib_s_65.595567-19.531111,55430.04296875,17.741991638183592,0.0234168693423271,W1
calib_s_65.595567-19.531111,55430.04296875,18.34222151184082,0.072543628513813,W2
calib_s_65.595567-19.531111,56704.21875,17.887962936401365,0.0275165401399135,W1
calib_s_65.595567-19.531111,56704.21875,18.382306350708006,0.0935104489326477,W2
calib_s_65.595567-19.531111,56894.984375,17.82016527557373,0.0261324793100357,W1
calib_s_65.595567-19.531111,56894.984375,18.258289588928225,0.0876480862498283,W2
calib_s_65.595567-19.531111,57063.421875,17.746339439392088,0.0230791829526424,W1
calib_s_65.595567-19.531111,57063.421875,18.449411643981932,0.0932389944791793,W2
calib_s_65.595567-19.531111,57256.82421875,17.793451904296877,0.0275026392191648,W1
calib_s_65.595567-19.531111,57256.82421875,18.372873558044432,0.1063057705760002,W2
calib_s_65.595567-19.531111,57422.7578125,17.86711943054199,0.0319729670882225,W1
calib_s_65.595567-19.531111,57422.7578125,18.65218950653076,0.1459732204675674,W2
calib_s_65.595567-19.531111,57622.4609375,17.841188072204588,0.0283606275916099,W1
calib_s_65.595567-19.531111,57622.4609375,18.341582550048827,0.1035268530249595,W2
calib_s_65.595567-19.531111,57788.203125,17.832042335510252,0.0206748191267251,W1
calib_s_65.595567-19.531111,57788.203125,18.26925207519531,0.0729273930191993,W2
calib_s_65.595567-19.531111,57988.01953125,17.82318079376221,0.0260141734033823,W1
calib_s_65.595567-19.531111,57988.01953125,18.478161109924315,0.1078027412295341,W2
calib_s_65.595567-19.531111,58145.41015625,17.852365135192873,0.0225893165916204,W1
calib_s_65.595567-19.531111,58145.41015625,18.313184989929198,0.0849573910236358,W2
calib_s_65.595567-19.531111,58352.25390625,17.80417120361328,0.0276012942194938,W1
calib_s_65.595567-19.531111,58352.25390625,18.492502464294432,0.1192065104842186,W2
calib_s_65.595567-19.531111,58510.8203125,17.8220993270874,0.0264790263026952,W1
calib_s_65.595567-19.531111,58510.8203125,18.42446447753906,0.1092556118965148,W2
calib_s_65.595567-19.531111,58717.9140625,17.826566337585447,0.0242020934820175,W1
calib_s_65.595567-19.531111,58717.9140625,18.206031097412108,0.0810211971402168,W2
calib_s_65.595567-19.531111,58878.1640625,17.90032541656494,0.0259981416165828,W1
calib_s_65.595567-19.531111,58878.1640625,18.31596590423584,0.0869619399309158,W2
calib_s_65.595567-19.531111,59083.5234375,17.80984747314453,0.0280992221087217,W1
calib_s_65.595567-19.531111,59083.5234375,18.20362593078613,0.0897308737039566,W2
calib_s_65.356439-19.398238,55239.60546875,17.964666007995604,0.0275788679718971,W1
calib_s_65.356439-19.398238,55239.671875,18.392231239318846,0.0777354389429092,W2
calib_s_65.356439-19.398238,55430.04296875,18.029416679382322,0.0301947370171546,W1
calib_s_65.356439-19.398238,55430.04296875,18.31169058227539,0.0727818980813026,W2
calib_s_65.356439-19.398238,56704.21875,18.126337646484377,0.0341319441795349,W1
calib_s_65.356439-19.398238,56704.21875,18.420076622009276,0.0947742760181427,W2
calib_s_65.356439-19.398238,56894.984375,18.043230651855467,0.0331975296139717,W1
calib_s_65.356439-19.398238,57063.421875,17.955058692932127,0.0288368444889783,W1
calib_s_65.356439-19.398238,57063.421875,18.4546005859375,0.0969971269369125,W2
calib_s_65.356439-19.398238,57256.82421875,18.063237785339354,0.0349166728556156,W1
calib_s_65.356439-19.398238,57256.82421875,18.269239677429198,0.09637251496315,W2
calib_s_65.356439-19.398238,57422.7578125,17.942919372558592,0.0342253074049949,W1
calib_s_65.356439-19.398238,57422.7578125,18.192378295898436,0.0985740795731544,W2
calib_s_65.356439-19.398238,57622.4609375,18.02817499542236,0.0286171231418848,W1
calib_s_65.356439-19.398238,57622.4609375,18.298512710571288,0.0893092006444931,W2
calib_s_65.356439-19.398238,57788.203125,17.95202028656006,0.0235427282750606,W1
calib_s_65.356439-19.398238,57788.203125,18.554105056762694,0.0925404131412506,W2
calib_s_65.356439-19.398238,57988.01953125,17.943720458984377,0.0287645235657691,W1
calib_s_65.356439-19.398238,57988.01953125,18.365713371276854,0.0967007130384445,W2
calib_s_65.356439-19.398238,58145.41015625,17.933154701232908,0.0221250187605619,W1
calib_s_65.356439-19.398238,58145.41015625,18.316078437805174,0.0764169543981552,W2
calib_s_65.356439-19.398238,58352.25390625,18.01599562072754,0.0332939065992832,W1
calib_s_65.356439-19.398238,58352.25390625,18.374663604736327,0.1108482480049133,W2
calib_s_65.356439-19.398238,58510.8203125,18.000609992980955,0.0328017733991146,W1
calib_s_65.356439-19.398238,58510.8203125,18.619996322631835,0.1368724703788757,W2
calib_s_65.356439-19.398238,58717.9140625,18.005610107421877,0.0282001011073589,W1
calib_s_65.356439-19.398238,58717.9140625,18.333571685791014,0.0920920968055725,W2
calib_s_65.356439-19.398238,58878.1640625,17.942294715881346,0.0284030735492706,W1
calib_s_65.356439-19.398238,58878.1640625,18.257767929077147,0.0880676880478859,W2
calib_s_65.356439-19.398238,59083.5234375,18.21252882385254,0.0376175828278064,W1
calib_s_65.356439-19.398238,59083.5234375,18.579421295166014,0.1267122626304626,W2
calib_s_65.519502-19.372129,55239.60546875,17.688398956298826,0.0216765627264976,W1
calib_s_65.519502-19.372129,55239.671875,18.39522863769531,0.0778381079435348,W2
calib_s_65.519502-19.372129,55430.04296875,17.558620094299314,0.021291334182024,W1
calib_s_65.519502-19.372129,55430.04296875,18.4361622467041,0.0851241201162338,W2
calib_s_65.519502-19.372129,56704.21875,17.633454917907716,0.0216092225164175,W1
calib_s_65.519502-19.372129,56704.21875,18.266883148193358,0.0800995826721191,W2
calib_s_65.519502-19.372129,56894.984375,17.616412757873533,0.022820783779025,W1
calib_s_65.519502-19.372129,56894.984375,18.39174486541748,0.1045654937624931,W2
calib_s_65.519502-19.372129,57063.421875,17.5954204788208,0.0213861893862485,W1
calib_s_65.519502-19.372129,57063.421875,18.237274421691897,0.0799047276377677,W2
calib_s_65.519502-19.372129,57256.82421875,17.57367288970947,0.022059204056859,W1
calib_s_65.519502-19.372129,57256.82421875,18.18503977203369,0.089256152510643,W2
calib_s_65.519502-19.372129,57422.7578125,17.631710647583006,0.0233559608459472,W1
calib_s_65.519502-19.372129,57422.7578125,18.42695166015625,0.1055265665054321,W2
calib_s_65.519502-19.372129,57622.4609375,17.579698204040525,0.0206614322960376,W1
calib_s_65.519502-19.372129,57622.4609375,18.37646318817139,0.0986152589321136,W2
calib_s_65.519502-19.372129,57788.203125,17.612667678833006,0.0172418635338544,W1
calib_s_65.519502-19.372129,57788.203125,18.426888717651366,0.0865727961063385,W2
calib_s_65.519502-19.372129,57988.01953125,17.638785003662107,0.0221313275396823,W1
calib_s_65.519502-19.372129,57988.01953125,18.68146253967285,0.1305468082427978,W2
calib_s_65.519502-19.372129,58145.41015625,17.671941398620604,0.0186279136687517,W1
calib_s_65.519502-19.372129,58145.41015625,18.34228254699707,0.0864376202225685,W2
calib_s_65.519502-19.372129,58352.25390625,17.604029296874998,0.0214050579816102,W1
calib_s_65.519502-19.372129,58352.25390625,18.63882852935791,0.126710370182991,W2
calib_s_65.519502-19.372129,58510.8203125,17.701015113830564,0.0253510810434818,W1
calib_s_65.519502-19.372129,58510.8203125,18.124552024841307,0.0865642726421356,W2
calib_s_65.519502-19.372129,58717.9140625,17.636627792358397,0.0199999324977397,W1
calib_s_65.519502-19.372129,58717.9140625,18.33884073638916,0.0922405272722244,W2
calib_s_65.519502-19.372129,58878.1640625,17.59655058288574,0.0220005530864,W1
calib_s_65.519502-19.372129,58878.1640625,18.35898710632324,0.1017866730690002,W2
calib_s_65.519502-19.372129,59083.5234375,17.609929679870604,0.0206299200654029,W1
calib_s_65.519502-19.372129,59083.5234375,18.63619352722168,0.1251676827669143,W2
calib_s_65.511815-19.437206,55239.60546875,17.809909461975096,0.0231745839118957,W1
calib_s_65.511815-19.437206,55239.671875,18.23998190307617,0.0627969950437545,W2
calib_s_65.511815-19.437206,55430.04296875,17.851827262878416,0.0269514545798301,W1
calib_s_65.511815-19.437206,55430.04296875,18.510938896179198,0.0917756706476211,W2
calib_s_65.511815-19.437206,56704.21875,17.889480232238768,0.0297957248985767,W1
calib_s_65.511815-19.437206,56704.21875,18.47561003112793,0.1022746860980987,W2
calib_s_65.511815-19.437206,56894.984375,17.924771903991697,0.029066327959299,W1
calib_s_65.511815-19.437206,56894.984375,18.467384590148924,0.1102106124162674,W2
calib_s_65.511815-19.437206,57063.421875,17.89982187652588,0.0278752949088811,W1
calib_s_65.511815-19.437206,57063.421875,18.375136627197264,0.0916788727045059,W2
calib_s_65.511815-19.437206,57256.82421875,17.810121177673338,0.0254023876041173,W1
calib_s_65.511815-19.437206,57256.82421875,18.430757774353026,0.1067386344075203,W2
calib_s_65.511815-19.437206,57422.7578125,17.771420120239256,0.0268809963017702,W1
calib_s_65.511815-19.437206,57422.7578125,18.56325651550293,0.1206685230135917,W2
calib_s_65.511815-19.437206,57622.4609375,17.860011695861814,0.0270967669785022,W1
calib_s_65.511815-19.437206,57622.4609375,18.47433306121826,0.1102351173758506,W2
calib_s_65.511815-19.437206,57788.203125,17.79511129760742,0.0207012984901666,W1
calib_s_65.511815-19.437206,57788.203125,18.329646362304686,0.0802560970187187,W2
calib_s_65.511815-19.437206,57988.01953125,17.840289710998533,0.0254475139081478,W1
calib_s_65.511815-19.437206,57988.01953125,18.461222900390624,0.105934202671051,W2
calib_s_65.511815-19.437206,58145.41015625,17.831121086120604,0.0214195679873228,W1
calib_s_65.511815-19.437206,58145.41015625,18.161200775146483,0.071099080145359,W2
calib_s_65.511815-19.437206,58352.25390625,17.808986305236814,0.0262537952512502,W1
calib_s_65.511815-19.437206,58352.25390625,18.494091285705565,0.1112380996346473,W2
calib_s_65.511815-19.437206,58510.8203125,17.806031822204588,0.0274574775248765,W1
calib_s_65.511815-19.437206,58717.9140625,17.819243072509764,0.0256357602775096,W1
calib_s_65.511815-19.437206,58717.9140625,18.375614418029784,0.1014108136296272,W2
calib_s_65.511815-19.437206,58878.1640625,17.798199295043943,0.0240733530372381,W1
calib_s_65.511815-19.437206,58878.1640625,18.342190994262694,0.0934432297945022,W2
calib_s_65.511815-19.437206,59083.5234375,17.822629570007322,0.0237445384263992,W1
calib_s_65.511815-19.437206,59083.5234375,18.393141998291014,0.094750665128231,W2
calib_s_65.488409-19.543924,55239.60546875,17.760908721923826,0.0230891704559326,W1
calib_s_65.488409-19.543924,55239.671875,18.325035346984862,0.0723916962742805,W2
calib_s_65.488409-19.543924,55430.04296875,17.73969900512695,0.0218408703804016,W1
calib_s_65.488409-19.543924,55430.04296875,18.39761854553223,0.0741364285349845,W2
calib_s_65.488409-19.543924,56704.21875,17.791670440673826,0.0247957222163677,W1
calib_s_65.488409-19.543924,56704.21875,18.084988845825194,0.0684627145528793,W2
calib_s_65.488409-19.543924,56894.984375,17.734922050476072,0.0256679318845272,W1
calib_s_65.488409-19.543924,56894.984375,18.29397226715088,0.0886958539485931,W2
calib_s_65.488409-19.543924,57063.421875,17.83557188415527,0.0262247640639543,W1
calib_s_65.488409-19.543924,57063.421875,18.25093962097168,0.0805646553635597,W2
calib_s_65.488409-19.543924,57256.82421875,17.809032081604002,0.0277700889855623,W1
calib_s_65.488409-19.543924,57256.82421875,18.18650461578369,0.0876120254397392,W2
calib_s_65.488409-19.543924,57422.7578125,17.74673712158203,0.0279105082154274,W1
calib_s_65.488409-19.543924,57422.7578125,18.446895851135253,0.1127518638968467,W2
calib_s_65.488409-19.543924,57622.4609375,17.796216606140135,0.027451379224658,W1
calib_s_65.488409-19.543924,57622.4609375,18.51937223815918,0.1219362765550613,W2
calib_s_65.488409-19.543924,57788.203125,17.874033569335936,0.0215698406100273,W1
calib_s_65.488409-19.543924,57788.203125,18.182934059143065,0.0671085640788078,W2
calib_s_65.488409-19.543924,57988.01953125,17.816013931274412,0.0259800087660551,W1
calib_s_65.488409-19.543924,57988.01953125,18.19762922668457,0.0877190455794334,W2
calib_s_65.488409-19.543924,58145.41015625,17.998220085144045,0.0258567091077566,W1
calib_s_65.488409-19.543924,58145.41015625,18.219391120910643,0.0769773945212364,W2
calib_s_65.488409-19.543924,58352.25390625,17.792721389770506,0.0269526541233062,W1
calib_s_65.488409-19.543924,58352.25390625,18.1530811920166,0.0882676318287849,W2
calib_s_65.488409-19.543924,58510.8203125,17.74910890960693,0.0251410696655511,W1
calib_s_65.488409-19.543924,58510.8203125,18.204508079528807,0.0890841037034988,W2
calib_s_65.488409-19.543924,58717.9140625,17.775205253601072,0.0237877424806356,W1
calib_s_65.488409-19.543924,58717.9140625,18.46043039703369,0.1064940094947815,W2
calib_s_65.488409-19.543924,58878.1640625,17.848131774902342,0.0265615526586771,W1
calib_s_65.488409-19.543924,58878.1640625,18.10617662811279,0.0794400721788406,W2
calib_s_65.488409-19.543924,59083.5234375,17.737532257080076,0.0256123673170804,W1
calib_s_65.488409-19.543924,59083.5234375,18.26262594604492,0.099183440208435,W2
calib_s_65.550309-19.266567,55239.60546875,18.182298301696775,0.0322289615869522,W1
calib_s_65.550309-19.266567,55239.671875,18.427088035583495,0.0769243389368057,W2
calib_s_65.550309-19.266567,55430.04296875,18.171578048706056,0.0322481989860534,W1
calib_s_65.550309-19.266567,55430.04296875,18.50513483428955,0.078859657049179,W2
calib_s_65.550309-19.266567,56704.21875,18.08627283477783,0.0317745916545391,W1
calib_s_65.550309-19.266567,56704.21875,18.46412683868408,0.0985327810049057,W2
calib_s_65.550309-19.266567,56894.984375,18.099778770446775,0.0323828198015689,W1
calib_s_65.550309-19.266567,56894.984375,18.376339210510253,0.0969603359699249,W2
calib_s_65.550309-19.266567,57063.421875,18.07179987335205,0.0328684374690055,W1
calib_s_65.550309-19.266567,57063.421875,18.4978659286499,0.1014961153268814,W2
calib_s_65.550309-19.266567,57256.82421875,18.09173166656494,0.0365513302385807,W1
calib_s_65.550309-19.266567,57256.82421875,18.563546432495116,0.1265120506286621,W2
calib_s_65.550309-19.266567,57422.7578125,18.10325109863281,0.0353916510939598,W1
calib_s_65.550309-19.266567,57422.7578125,18.45328165435791,0.1025439426302909,W2
calib_s_65.550309-19.266567,57622.4609375,18.12500631713867,0.0307302065193653,W1
calib_s_65.550309-19.266567,57622.4609375,18.33727003479004,0.0878941044211387,W2
calib_s_65.550309-19.266567,57788.203125,18.071238159179686,0.0270226839929819,W1
calib_s_65.550309-19.266567,57788.203125,18.389118446350096,0.0854088217020034,W2
calib_s_65.550309-19.266567,57988.01953125,18.05088007354736,0.0309017021209001,W1
calib_s_65.550309-19.266567,57988.01953125,18.56457258605957,0.1142352744936943,W2
calib_s_65.550309-19.266567,58145.41015625,18.09679567718506,0.0309284105896949,W1
calib_s_65.550309-19.266567,58145.41015625,18.45397116088867,0.1116239950060844,W2
calib_s_65.550309-19.266567,58352.25390625,18.031008361816404,0.029378579929471,W1
calib_s_65.550309-19.266567,58352.25390625,18.696359886169432,0.1219471544027328,W2
calib_s_65.550309-19.266567,58510.8203125,18.03762209320068,0.0335716791450977,W1
calib_s_65.550309-19.266567,58510.8203125,18.485727561950682,0.1199396401643753,W2
calib_s_65.550309-19.266567,58717.9140625,18.039192794799803,0.0288432035595178,W1
calib_s_65.550309-19.266567,58717.9140625,18.503525032043456,0.1038724482059478,W2
calib_s_65.550309-19.266567,58878.1640625,18.059825538635252,0.0297738164663314,W1
calib_s_65.550309-19.266567,58878.1640625,18.39629293823242,0.0966998040676117,W2
calib_s_65.550309-19.266567,59083.5234375,18.00375902557373,0.0318820439279079,W1
calib_s_65.550309-19.266567,59083.5234375,18.495009674072264,0.1115439534187316,W2
calib_s_65.487922-19.507143,55239.60546875,19.19385397338867,0.0838071033358573,W1
calib_s_65.487922-19.507143,55239.671875,18.39591909790039,0.0773037374019622,W2
calib_s_65.487922-19.507143,55430.04296875,19.192103027343748,0.0839737355709075,W1
calib_s_65.487922-19.507143,55430.04296875,18.354200614929198,0.0719782933592796,W2
calib_s_65.487922-19.507143,56704.21875,19.328661560058592,0.0998081862926483,W1
calib_s_65.487922-19.507143,56704.21875,18.46462656402588,0.0973114371299743,W2
calib_s_65.487922-19.507143,56894.984375,19.15649473571777,0.084113135933876,W1
calib_s_65.487922-19.507143,56894.984375,18.284430755615233,0.0929741337895393,W2
calib_s_65.487922-19.507143,57063.421875,19.15470945739746,0.082704022526741,W1
calib_s_65.487922-19.507143,57063.421875,18.483941329956057,0.0970753356814384,W2
calib_s_65.487922-19.507143,57256.82421875,19.173790573120115,0.0974361971020698,W1
calib_s_65.487922-19.507143,57256.82421875,18.37819506072998,0.1055613830685615,W2
calib_s_65.487922-19.507143,57422.7578125,19.076460479736326,0.0826731845736503,W1
calib_s_65.487922-19.507143,57422.7578125,18.404627098083495,0.0991275906562805,W2
calib_s_65.487922-19.507143,57622.4609375,19.166281341552732,0.0905829817056655,W1
calib_s_65.487922-19.507143,57622.4609375,18.5471298828125,0.1201362535357475,W2
calib_s_65.487922-19.507143,57788.203125,19.02278005981445,0.0625309646129608,W1
calib_s_65.487922-19.507143,57788.203125,18.273573173522948,0.0734922811388969,W2
calib_s_65.487922-19.507143,57988.01953125,19.134924530029295,0.0840949639678001,W1
calib_s_65.487922-19.507143,57988.01953125,18.37920023345947,0.099833145737648,W2
calib_s_65.487922-19.507143,58145.41015625,19.323610900878904,0.085668459534645,W1
calib_s_65.487922-19.507143,58145.41015625,18.4085686340332,0.0931877493858337,W2
calib_s_65.487922-19.507143,58352.25390625,19.36873304748535,0.1038310527801513,W1
calib_s_65.487922-19.507143,58352.25390625,18.17601515197754,0.0841391235589981,W2
calib_s_65.487922-19.507143,58510.8203125,19.14262449645996,0.0872092470526695,W1
calib_s_65.487922-19.507143,58510.8203125,18.45234228515625,0.1136859431862831,W2
calib_s_65.487922-19.507143,58717.9140625,19.20783102416992,0.0836391374468803,W1
calib_s_65.487922-19.507143,58717.9140625,18.301306976318358,0.0894485861063003,W2
calib_s_65.487922-19.507143,58878.1640625,19.281530975341795,0.0912121534347534,W1
calib_s_65.487922-19.507143,58878.1640625,18.201227439880373,0.0784960016608238,W2
calib_s_65.487922-19.507143,59083.5234375,18.919123291015623,0.0707827433943748,W1
calib_s_65.487922-19.507143,59083.5234375,18.59892965698242,0.1251929104328155,W2
calib_s_65.5996-19.586392,55239.60546875,17.900804161071775,0.0256815627217292,W1
calib_s_65.5996-19.586392,55239.671875,18.367950691223143,0.0704025328159332,W2
calib_s_65.5996-19.586392,55430.04296875,17.919191955566404,0.0262945890426635,W1
calib_s_65.5996-19.586392,55430.04296875,18.634918464660643,0.0902933999896049,W2
calib_s_65.5996-19.586392,56704.21875,17.87835657501221,0.027251198887825,W1
calib_s_65.5996-19.586392,56704.21875,18.72617460632324,0.1196681410074234,W2
calib_s_65.5996-19.586392,56894.984375,17.89253675842285,0.0293114632368087,W1
calib_s_65.5996-19.586392,56894.984375,18.721637977600096,0.136651262640953,W2
calib_s_65.5996-19.586392,57063.421875,17.961701034545897,0.0287260003387928,W1
calib_s_65.5996-19.586392,57063.421875,18.392182601928713,0.087015725672245,W2
calib_s_65.5996-19.586392,57256.82421875,17.96942198181152,0.0293257739394903,W1
calib_s_65.5996-19.586392,57256.82421875,18.630635513305663,0.1218245401978492,W2
calib_s_65.5996-19.586392,57422.7578125,17.944983123779295,0.0307514425367116,W1
calib_s_65.5996-19.586392,57422.7578125,18.390939010620116,0.0992305129766464,W2
calib_s_65.5996-19.586392,57622.4609375,17.991458534240724,0.0304780267179012,W1
calib_s_65.5996-19.586392,57622.4609375,18.511419548034667,0.1142154857516288,W2
calib_s_65.5996-19.586392,57788.203125,17.93030989074707,0.022597411647439,W1
calib_s_65.5996-19.586392,57788.203125,18.566626800537108,0.0937870070338249,W2
calib_s_65.5996-19.586392,57988.01953125,17.889505027770994,0.0267622750252485,W1
calib_s_65.5996-19.586392,57988.01953125,18.609866394042967,0.1203368231654167,W2
calib_s_65.5996-19.586392,58145.41015625,17.97956526184082,0.0276038572192192,W1
calib_s_65.5996-19.586392,58145.41015625,18.391098274230956,0.1001798510551452,W2
calib_s_65.5996-19.586392,58352.25390625,17.944611190795897,0.0288205053657293,W1
calib_s_65.5996-19.586392,58352.25390625,18.4872515335083,0.1123242676258087,W2
calib_s_65.5996-19.586392,58510.8203125,18.023540138244627,0.0325665213167667,W1
calib_s_65.5996-19.586392,58510.8203125,18.529131187438963,0.1134120672941207,W2
calib_s_65.5996-19.586392,58717.9140625,17.941371559143064,0.0259528905153274,W1
calib_s_65.5996-19.586392,58717.9140625,18.506483329772948,0.1022612750530242,W2
calib_s_65.5996-19.586392,58878.1640625,17.964806198120115,0.0278903227299451,W1
calib_s_65.5996-19.586392,58878.1640625,18.81929041290283,0.1488778293132782,W2
calib_s_65.5996-19.586392,59083.5234375,17.957187294006346,0.0312010794878005,W1
calib_s_65.5996-19.586392,59083.5234375,18.698188079833983,0.1469130218029022,W2
calib_s_65.541191-19.330545,55239.60546875,17.89631903076172,0.0259163472801446,W1
calib_s_65.541191-19.330545,55239.671875,18.281226409912108,0.0677092745900154,W2
calib_s_65.541191-19.330545,55430.04296875,17.913977264404295,0.0253436211496591,W1
calib_s_65.541191-19.330545,55430.04296875,18.534076942443846,0.0844036415219307,W2
calib_s_65.541191-19.330545,56704.21875,17.890958427429197,0.0282894428819417,W1
calib_s_65.541191-19.330545,56704.21875,18.291126502990725,0.0851331651210784,W2
calib_s_65.541191-19.330545,56894.984375,17.83757841491699,0.0314647331833839,W1
calib_s_65.541191-19.330545,56894.984375,18.366750015258788,0.1134729087352752,W2
calib_s_65.541191-19.330545,57063.421875,17.945721267700193,0.0274799242615699,W1
calib_s_65.541191-19.330545,57063.421875,18.234425796508788,0.0763327404856681,W2
calib_s_65.541191-19.330545,57256.82421875,17.91941606903076,0.0292543116956949,W1
calib_s_65.541191-19.330545,57256.82421875,18.558331741333006,0.1115449219942092,W2
calib_s_65.541191-19.330545,57422.7578125,17.919102310180662,0.0289476606994867,W1
calib_s_65.541191-19.330545,57422.7578125,18.338411582946776,0.0922110602259635,W2
calib_s_65.541191-19.330545,57622.4609375,17.932527183532716,0.0295579824596643,W1
calib_s_65.541191-19.330545,57622.4609375,18.43805433654785,0.0996942669153213,W2
calib_s_65.541191-19.330545,57788.203125,17.848553298950193,0.0213405676186084,W1
calib_s_65.541191-19.330545,57788.203125,18.46341062927246,0.0879334956407547,W2
calib_s_65.541191-19.330545,57988.01953125,17.96896612548828,0.0297951325774192,W1
calib_s_65.541191-19.330545,57988.01953125,18.431464447021483,0.102463811635971,W2
calib_s_65.541191-19.330545,58145.41015625,17.860827087402342,0.0239997524768114,W1
calib_s_65.541191-19.330545,58145.41015625,18.380509628295897,0.0935814008116722,W2
calib_s_65.541191-19.330545,58352.25390625,17.911730407714842,0.028675777837634,W1
calib_s_65.541191-19.330545,58352.25390625,18.301111473083495,0.0889975354075431,W2
calib_s_65.541191-19.330545,58510.8203125,17.885678886413572,0.0300746373832225,W1
calib_s_65.541191-19.330545,58510.8203125,18.497424377441405,0.1185773462057113,W2
calib_s_65.541191-19.330545,58717.9140625,17.85186350250244,0.0241225697100162,W1
calib_s_65.541191-19.330545,58717.9140625,18.197195304870604,0.0811359658837318,W2
calib_s_65.541191-19.330545,58878.1640625,17.9289747467041,0.0262426175177097,W1
calib_s_65.541191-19.330545,58878.1640625,18.520946754455565,0.1085530892014503,W2
calib_s_65.541191-19.330545,59083.5234375,17.87000811004639,0.0267578028142452,W1
calib_s_65.541191-19.330545,59083.5234375,18.370662940979003,0.1034318655729293,W2
calib_s_65.561164-19.643492,55239.60546875,17.870820640563963,0.0248040948063135,W1
calib_s_65.561164-19.643492,55239.671875,18.35588480377197,0.0745652243494987,W2
calib_s_65.561164-19.643492,55430.04296875,17.87985956573486,0.0258805882185697,W1
calib_s_65.561164-19.643492,55430.04296875,18.55197740936279,0.0883631482720375,W2
calib_s_65.561164-19.643492,56704.21875,17.837267517089842,0.0262616854161024,W1
calib_s_65.561164-19.643492,56704.21875,18.323323501586913,0.0844011381268501,W2
calib_s_65.561164-19.643492,56894.984375,17.829818367004396,0.0277147982269525,W1
calib_s_65.561164-19.643492,56894.984375,18.281684173583983,0.0946865454316139,W2
calib_s_65.561164-19.643492,57063.421875,17.847008346557615,0.0269403085112571,W1
calib_s_65.561164-19.643492,57063.421875,18.10115934753418,0.0715213939547538,W2
calib_s_65.561164-19.643492,57256.82421875,17.795014976501463,0.0258860252797603,W1
calib_s_65.561164-19.643492,57256.82421875,18.39001203918457,0.0971369594335556,W2
calib_s_65.561164-19.643492,57422.7578125,17.895485519409178,0.0297759287059307,W1
calib_s_65.561164-19.643492,57422.7578125,18.27944589996338,0.0922393724322319,W2
calib_s_65.561164-19.643492,57622.4609375,17.879714607238768,0.0303647108376026,W1
calib_s_65.561164-19.643492,57622.4609375,18.51801611328125,0.1255722194910049,W2
calib_s_65.561164-19.643492,57788.203125,17.860130905151365,0.0221327468752861,W1
calib_s_65.561164-19.643492,57788.203125,18.301987899780272,0.0776534751057624,W2
calib_s_65.561164-19.643492,57988.01953125,17.845835327148436,0.0252815634012222,W1
calib_s_65.561164-19.643492,57988.01953125,18.491755737304686,0.10234235227108,W2
calib_s_65.561164-19.643492,58145.41015625,17.851090072631834,0.0247401371598243,W1
calib_s_65.561164-19.643492,58145.41015625,18.58929182434082,0.1212528869509697,W2
calib_s_65.561164-19.643492,58352.25390625,17.864620803833006,0.0291166007518768,W1
calib_s_65.561164-19.643492,58352.25390625,18.315088523864745,0.0953834876418113,W2
calib_s_65.561164-19.643492,58510.8203125,17.830707191467283,0.0251408666372299,W1
calib_s_65.561164-19.643492,58510.8203125,18.283183349609377,0.0890763774514198,W2
calib_s_65.561164-19.643492,58717.9140625,17.84171831512451,0.0255743972957134,W1
calib_s_65.561164-19.643492,58717.9140625,18.510915054321288,0.1187913119792938,W2
calib_s_65.561164-19.643492,58878.1640625,17.867157577514647,0.0259571466594934,W1
calib_s_65.561164-19.643492,58878.1640625,18.50744463348389,0.1136778742074966,W2
calib_s_65.561164-19.643492,59083.5234375,17.88842070007324,0.0276911333203315,W1
calib_s_65.561164-19.643492,59083.5234375,18.33509851837158,0.0991062521934509,W2
calib_s_65.399609-19.477658,55239.60546875,17.910501121520994,0.0247122775763273,W1
calib_s_65.399609-19.477658,55239.671875,18.481049789428713,0.0781302377581596,W2
calib_s_65.399609-19.477658,55430.04296875,17.987932800292967,0.030109129846096,W1
calib_s_65.399609-19.477658,55430.04296875,18.370267166137694,0.080075092613697,W2
calib_s_65.399609-19.477658,56704.21875,18.007859825134275,0.0307476371526718,W1
calib_s_65.399609-19.477658,56704.21875,18.48423983001709,0.1003641486167907,W2
calib_s_65.399609-19.477658,56894.984375,18.001818298339842,0.030129911378026,W1
calib_s_65.399609-19.477658,56894.984375,18.28725839996338,0.0868786573410034,W2
calib_s_65.399609-19.477658,57063.421875,17.948012947082518,0.0299118924885988,W1
calib_s_65.399609-19.477658,57063.421875,18.33097769165039,0.093847706913948,W2
calib_s_65.399609-19.477658,57256.82421875,17.99804270172119,0.0296752043068408,W1
calib_s_65.399609-19.477658,57256.82421875,18.31611944580078,0.0906308740377426,W2
calib_s_65.399609-19.477658,57422.7578125,17.95640337371826,0.0310957040637731,W1
calib_s_65.399609-19.477658,57422.7578125,18.206958068847655,0.0901210159063339,W2
calib_s_65.399609-19.477658,57622.4609375,17.95521223449707,0.0309091228991746,W1
calib_s_65.399609-19.477658,57622.4609375,18.25329805755615,0.0908444970846176,W2
calib_s_65.399609-19.477658,57788.203125,17.958114265441896,0.0246440935879945,W1
calib_s_65.399609-19.477658,57788.203125,18.326688064575194,0.0810911357402801,W2
calib_s_65.399609-19.477658,57988.01953125,17.99372732543945,0.0304496809840202,W1
calib_s_65.399609-19.477658,57988.01953125,18.55417276763916,0.1120992451906204,W2
calib_s_65.399609-19.477658,58145.41015625,18.01395952606201,0.0252966955304145,W1
calib_s_65.399609-19.477658,58145.41015625,18.345561279296877,0.0820816606283187,W2
calib_s_65.399609-19.477658,58352.25390625,17.983442901611326,0.0282868165522813,W1
calib_s_65.399609-19.477658,58352.25390625,18.345427764892577,0.0953145399689674,W2
calib_s_65.399609-19.477658,58510.8203125,17.9463669052124,0.0318373367190361,W1
calib_s_65.399609-19.477658,58510.8203125,18.52444006347656,0.1236149072647094,W2
calib_s_65.399609-19.477658,58717.9140625,17.936655639648436,0.0272708274424076,W1
calib_s_65.399609-19.477658,58717.9140625,18.426513923645018,0.1049665659666061,W2
calib_s_65.399609-19.477658,58878.1640625,17.97057497406006,0.0295553896576166,W1
calib_s_65.399609-19.477658,58878.1640625,18.173250450134276,0.0797534510493278,W2
calib_s_65.399609-19.477658,59083.5234375,18.000537513732908,0.0294110756367445,W1
calib_s_65.399609-19.477658,59083.5234375,18.148338569641112,0.082621544599533,W2
calib_s_65.467024-19.348946,55239.60546875,17.858657478332518,0.0250228345394134,W1
calib_s_65.467024-19.348946,55239.671875,18.43175722503662,0.0802100449800491,W2
calib_s_65.467024-19.348946,55430.04296875,17.960972427368162,0.0286519657820463,W1
calib_s_65.467024-19.348946,55430.04296875,18.434180511474608,0.0825265124440193,W2
calib_s_65.467024-19.348946,56704.21875,17.893222450256346,0.0278054382652044,W1
calib_s_65.467024-19.348946,56704.21875,18.30615450286865,0.0838602185249328,W2
calib_s_65.467024-19.348946,56894.984375,17.90768968963623,0.028538217768073,W1
calib_s_65.467024-19.348946,56894.984375,18.195916427612303,0.0847779586911201,W2
calib_s_65.467024-19.348946,57063.421875,17.852130531311033,0.0253746323287487,W1
calib_s_65.467024-19.348946,57063.421875,18.3342335357666,0.0826480090618133,W2
calib_s_65.467024-19.348946,57256.82421875,17.822674392700193,0.0259594954550266,W1
calib_s_65.467024-19.348946,57256.82421875,18.469709648132323,0.1070562526583671,W2
calib_s_65.467024-19.348946,57422.7578125,17.925454734802244,0.0302171260118484,W1
calib_s_65.467024-19.348946,57422.7578125,18.35594869995117,0.0989201962947845,W2
calib_s_65.467024-19.348946,57622.4609375,17.84368860626221,0.0251207388937473,W1
calib_s_65.467024-19.348946,57622.4609375,18.355599655151366,0.093370221555233,W2
calib_s_65.467024-19.348946,57788.203125,17.8881450881958,0.0219231061637401,W1
calib_s_65.467024-19.348946,57788.203125,18.417534126281737,0.0842433795332908,W2
calib_s_65.467024-19.348946,57988.01953125,17.93109190368652,0.0286718215793371,W1
calib_s_65.467024-19.348946,57988.01953125,18.501564277648924,0.1130636855959892,W2
calib_s_65.467024-19.348946,58145.41015625,17.873625396728514,0.0235479623079299,W1
calib_s_65.467024-19.348946,58145.41015625,18.25160528564453,0.0844777375459671,W2
calib_s_65.467024-19.348946,58352.25390625,17.88494837188721,0.0279456675052642,W1
calib_s_65.467024-19.348946,58352.25390625,18.26632048034668,0.0926089063286781,W2
calib_s_65.467024-19.348946,58510.8203125,17.903552650451658,0.0285777579993009,W1
calib_s_65.467024-19.348946,58510.8203125,18.408191932678225,0.100626602768898,W2
calib_s_65.467024-19.348946,58717.9140625,17.905092834472654,0.0271301586180925,W1
calib_s_65.467024-19.348946,58717.9140625,18.48922087097168,0.1115800216794014,W2
calib_s_65.467024-19.348946,58878.1640625,17.93713247680664,0.0293187499046325,W1
calib_s_65.467024-19.348946,58878.1640625,18.376529945373534,0.1026011183857917,W2
calib_s_65.467024-19.348946,59083.5234375,17.914051651000975,0.0291812643408775,W1
calib_s_65.467024-19.348946,59083.5234375,18.371981872558592,0.1018987894058227,W2
calib_s_65.412001-19.348263,55239.60546875,17.97644674682617,0.0270200036466121,W1
calib_s_65.412001-19.348263,55239.671875,18.521138442993163,0.0837869867682457,W2
calib_s_65.412001-19.348263,55430.04296875,17.908080696105955,0.0263836532831192,W1
calib_s_65.412001-19.348263,55430.04296875,18.393750442504885,0.0788777768611908,W2
calib_s_65.412001-19.348263,56704.21875,17.95536863708496,0.0284150168299675,W1
calib_s_65.412001-19.348263,56704.21875,18.479628814697264,0.0997887253761291,W2
calib_s_65.412001-19.348263,56894.984375,17.932101844787596,0.0323886647820472,W1
calib_s_65.412001-19.348263,56894.984375,18.574557556152342,0.129430666565895,W2
calib_s_65.412001-19.348263,57063.421875,17.982283233642576,0.0309116467833518,W1
calib_s_65.412001-19.348263,57063.421875,18.458275093078612,0.1002266779541969,W2
calib_s_65.412001-19.348263,57256.82421875,17.9032818069458,0.0285397097468376,W1
calib_s_65.412001-19.348263,57256.82421875,18.68410612487793,0.1266922950744629,W2
calib_s_65.412001-19.348263,57422.7578125,17.919701217651365,0.0318807549774646,W1
calib_s_65.412001-19.348263,57422.7578125,18.305237068176268,0.0973194912075996,W2
calib_s_65.412001-19.348263,57622.4609375,17.928574203491213,0.0278320498764514,W1
calib_s_65.412001-19.348263,57622.4609375,18.26217485809326,0.0882893726229667,W2
calib_s_65.412001-19.348263,57788.203125,17.91989385986328,0.0220199041068553,W1
calib_s_65.412001-19.348263,57788.203125,18.38035227203369,0.0789608508348465,W2
calib_s_65.412001-19.348263,57988.01953125,17.900294898986814,0.0274748969823122,W1
calib_s_65.412001-19.348263,57988.01953125,18.700751556396483,0.1254475265741348,W2
calib_s_65.412001-19.348263,58145.41015625,17.953204750061033,0.0251483283936977,W1
calib_s_65.412001-19.348263,58145.41015625,18.595865501403807,0.108473353087902,W2
calib_s_65.412001-19.348263,58352.25390625,17.9152446975708,0.0272066202014684,W1
calib_s_65.412001-19.348263,58352.25390625,18.421900047302245,0.1015456318855285,W2
calib_s_65.412001-19.348263,58510.8203125,17.843834518432615,0.027376091107726,W1
calib_s_65.412001-19.348263,58510.8203125,18.446748985290526,0.1101349666714668,W2
calib_s_65.412001-19.348263,58717.9140625,17.887434600830076,0.0262598842382431,W1
calib_s_65.412001-19.348263,58717.9140625,18.681365264892577,0.1252657920122146,W2
calib_s_65.412001-19.348263,58878.1640625,17.948234199523924,0.027839696034789,W1
calib_s_65.412001-19.348263,58878.1640625,18.698401702880858,0.1328308135271072,W2
calib_s_65.412001-19.348263,59083.5234375,17.90506231689453,0.0292937438935041,W1
calib_s_65.412001-19.348263,59083.5234375,18.331912292480467,0.1005972623825073,W2
calib_s_65.531031-19.436254,55239.60546875,17.907902359008787,0.0254232417792081,W1
calib_s_65.531031-19.436254,55239.671875,18.471391929626463,0.0839667841792106,W2
calib_s_65.531031-19.436254,55430.04296875,17.906654953002928,0.0285941269248724,W1
calib_s_65.531031-19.436254,55430.04296875,18.382272018432616,0.0813746154308319,W2
calib_s_65.531031-19.436254,56704.21875,17.96347582244873,0.0324595980346202,W1
calib_s_65.531031-19.436254,56704.21875,18.34464956665039,0.0914368405938148,W2
calib_s_65.531031-19.436254,56894.984375,17.86606848144531,0.0278336144983768,W1
calib_s_65.531031-19.436254,56894.984375,18.271657241821288,0.0911964327096939,W2
calib_s_65.531031-19.436254,57063.421875,17.901281951904295,0.0257682725787162,W1
calib_s_65.531031-19.436254,57063.421875,18.541692985534667,0.0993355959653854,W2
calib_s_65.531031-19.436254,57256.82421875,17.888138412475584,0.027299290522933,W1
calib_s_65.531031-19.436254,57256.82421875,18.545991195678713,0.1109835430979728,W2
calib_s_65.531031-19.436254,57422.7578125,17.88230383300781,0.0281551200896501,W1
calib_s_65.531031-19.436254,57422.7578125,18.42675997161865,0.1069167554378509,W2
calib_s_65.531031-19.436254,57622.4609375,17.882528900146482,0.0276457387953996,W1
calib_s_65.531031-19.436254,57622.4609375,18.493608726501463,0.1117477416992187,W2
calib_s_65.531031-19.436254,57788.203125,17.860495208740232,0.0220921225845813,W1
calib_s_65.531031-19.436254,57788.203125,18.571430458068846,0.1028661504387855,W2
calib_s_65.531031-19.436254,57988.01953125,17.897476791381834,0.0283479560166597,W1
calib_s_65.531031-19.436254,57988.01953125,18.367428077697753,0.0974365472793579,W2
calib_s_65.531031-19.436254,58145.41015625,17.837837814331056,0.0212979633361101,W1
calib_s_65.531031-19.436254,58145.41015625,18.291569007873534,0.0782878026366233,W2
calib_s_65.531031-19.436254,58352.25390625,17.87509882354736,0.0259699393063783,W1
calib_s_65.531031-19.436254,58352.25390625,18.230830444335936,0.0838084369897842,W2
calib_s_65.531031-19.436254,58510.8203125,17.890110610961912,0.0294559802860021,W1
calib_s_65.531031-19.436254,58510.8203125,18.343212379455565,0.1044106185436248,W2
calib_s_65.531031-19.436254,58717.9140625,17.96962702178955,0.0298734512180089,W1
calib_s_65.531031-19.436254,58717.9140625,18.27729822540283,0.0938255563378334,W2
calib_s_65.531031-19.436254,58878.1640625,17.87653791809082,0.0253942664712667,W1
calib_s_65.531031-19.436254,58878.1640625,18.310796989440917,0.0933319926261901,W2
calib_s_65.531031-19.436254,59083.5234375,17.819576858520506,0.0236306861042976,W1
calib_s_65.531031-19.436254,59083.5234375,18.441477073669432,0.0993453413248062,W2
calib_s_65.611803-19.346164,55239.60546875,18.0857712020874,0.0330060571432113,W1
calib_s_65.611803-19.346164,55239.671875,18.499017013549803,0.0878444835543632,W2
calib_s_65.611803-19.346164,55430.04296875,17.9920212020874,0.0308915507048368,W1
calib_s_65.611803-19.346164,55430.04296875,18.485739959716796,0.0860929563641548,W2
calib_s_65.611803-19.346164,56704.21875,17.966729759216307,0.0314079150557518,W1
calib_s_65.611803-19.346164,56704.21875,18.32660414123535,0.0868549719452858,W2
calib_s_65.611803-19.346164,56894.984375,17.92077219390869,0.0296956729143857,W1
calib_s_65.611803-19.346164,56894.984375,18.44291712188721,0.1088791862130165,W2
calib_s_65.611803-19.346164,57063.421875,18.06588709259033,0.0308723729103803,W1
calib_s_65.611803-19.346164,57063.421875,18.453786148071288,0.0885643661022186,W2
calib_s_65.611803-19.346164,57256.82421875,17.95467054748535,0.0300526767969131,W1
calib_s_65.611803-19.346164,57256.82421875,18.097374214172362,0.077833779156208,W2
calib_s_65.611803-19.346164,57422.7578125,18.045340179443357,0.031466394662857,W1
calib_s_65.611803-19.346164,57422.7578125,18.169160140991213,0.0801520943641662,W2
calib_s_65.611803-19.346164,57622.4609375,17.970391868591307,0.0295178964734077,W1
calib_s_65.611803-19.346164,57622.4609375,18.381094230651854,0.1015696078538894,W2
calib_s_65.611803-19.346164,57788.203125,18.0136333694458,0.0236310679465532,W1
calib_s_65.611803-19.346164,57788.203125,18.473825706481932,0.08907201141119,W2
calib_s_65.611803-19.346164,57988.01953125,18.008359550476072,0.0287186112254858,W1
calib_s_65.611803-19.346164,57988.01953125,18.369022621154784,0.0914774984121322,W2
calib_s_65.611803-19.346164,58145.41015625,18.010706542968748,0.0256919786334037,W1
calib_s_65.611803-19.346164,58145.41015625,18.317050231933592,0.0851877406239509,W2
calib_s_65.611803-19.346164,58352.25390625,18.067190765380857,0.0329033732414245,W1
calib_s_65.611803-19.346164,58352.25390625,18.381140007019045,0.1048914268612861,W2
calib_s_65.611803-19.346164,58510.8203125,18.045144676208494,0.0330317094922065,W1
calib_s_65.611803-19.346164,58510.8203125,18.379248870849608,0.1031627357006073,W2
calib_s_65.611803-19.346164,58717.9140625,18.01294386291504,0.0287310574203729,W1
calib_s_65.611803-19.346164,58717.9140625,18.65902544403076,0.1297350227832794,W2
calib_s_65.611803-19.346164,58878.1640625,17.958260177612303,0.0276853647083044,W1
calib_s_65.611803-19.346164,58878.1640625,18.55534769439697,0.109974056482315,W2
calib_s_65.611803-19.346164,59083.5234375,17.971804260253904,0.0280040800571441,W1
calib_s_65.611803-19.346164,59083.5234375,18.22530676269531,0.0894355103373527,W2
calib_s_65.432834-19.540559,55239.60546875,18.284577964782716,0.0370905436575412,W1
calib_s_65.432834-19.540559,55239.671875,18.347298873901366,0.0739507377147674,W2
calib_s_65.432834-19.540559,55430.04296875,18.201302169799803,0.0349644683301448,W1
calib_s_65.432834-19.540559,55430.04296875,18.45317102813721,0.0820675417780876,W2
calib_s_65.432834-19.540559,56704.21875,18.118753074645994,0.0351109690964221,W1
calib_s_65.432834-19.540559,56704.21875,18.43281866455078,0.0978028401732444,W2
calib_s_65.432834-19.540559,56894.984375,18.083707450866697,0.0299457255750894,W1
calib_s_65.432834-19.540559,56894.984375,18.252596153259276,0.0794780552387237,W2
calib_s_65.432834-19.540559,57063.421875,18.068204521179197,0.0313104353845119,W1
calib_s_65.432834-19.540559,57063.421875,18.343339218139647,0.0836900174617767,W2
calib_s_65.432834-19.540559,57256.82421875,18.09928381347656,0.032825019210577,W1
calib_s_65.432834-19.540559,57256.82421875,18.57569910430908,0.1141114607453346,W2
calib_s_65.432834-19.540559,57422.7578125,18.18675768280029,0.0399815328419208,W1
calib_s_65.432834-19.540559,57422.7578125,18.32711340332031,0.0947407558560371,W2
calib_s_65.432834-19.540559,57622.4609375,18.156246780395506,0.0368303395807743,W1
calib_s_65.432834-19.540559,57622.4609375,18.376113189697264,0.1021175161004066,W2
calib_s_65.432834-19.540559,57788.203125,18.114089607238768,0.0273306686431169,W1
calib_s_65.432834-19.540559,57788.203125,18.56206156158447,0.0941915810108184,W2
calib_s_65.432834-19.540559,57988.01953125,18.117453216552732,0.0346715375781059,W1
calib_s_65.432834-19.540559,57988.01953125,18.317339195251463,0.097027413547039,W2
calib_s_65.432834-19.540559,58145.41015625,18.257341979980467,0.0324749648571014,W1
calib_s_65.432834-19.540559,58145.41015625,18.47328783416748,0.0941643491387367,W2
calib_s_65.432834-19.540559,58352.25390625,18.07808840179443,0.0312606617808342,W1
calib_s_65.432834-19.540559,58352.25390625,18.387897743225096,0.0980000346899032,W2
calib_s_65.432834-19.540559,58510.8203125,18.132050155639647,0.0381879545748233,W1
calib_s_65.432834-19.540559,58510.8203125,18.40312601470947,0.1108927279710769,W2
calib_s_65.432834-19.540559,58717.9140625,18.073548912048338,0.0309318900108337,W1
calib_s_65.432834-19.540559,58717.9140625,18.435942901611327,0.1001881286501884,W2
calib_s_65.432834-19.540559,58878.1640625,18.216902374267576,0.0383526869118213,W1
calib_s_65.432834-19.540559,58878.1640625,18.533292068481444,0.1162364482879638,W2
calib_s_65.432834-19.540559,59083.5234375,18.03521025085449,0.0313022993505001,W1
calib_s_65.432834-19.540559,59083.5234375,18.499654067993163,0.1197341606020927,W2
calib_s_65.357218-19.493238,55239.60546875,17.88596308135986,0.0263000801205635,W1
calib_s_65.357218-19.493238,55239.671875,18.374231590270995,0.0767025202512741,W2
calib_s_65.357218-19.493238,55430.04296875,17.927927612304686,0.0298635531216859,W1
calib_s_65.357218-19.493238,55430.04296875,18.383281005859377,0.0788118690252304,W2
calib_s_65.357218-19.493238,56704.21875,17.8571335067749,0.028301503509283,W1
calib_s_65.357218-19.493238,56704.21875,18.68785787963867,0.1293122470378875,W2
calib_s_65.357218-19.493238,56894.984375,17.89051973724365,0.0269796829670667,W1
calib_s_65.357218-19.493238,56894.984375,18.51219393157959,0.1127054765820503,W2
calib_s_65.357218-19.493238,57063.421875,17.83731043243408,0.0258958525955677,W1
calib_s_65.357218-19.493238,57063.421875,18.40382696533203,0.0922933742403984,W2
calib_s_65.357218-19.493238,57256.82421875,17.851243614196775,0.0286227073520421,W1
calib_s_65.357218-19.493238,57256.82421875,18.4516070022583,0.1042201220989227,W2
calib_s_65.357218-19.493238,57422.7578125,17.846891998291014,0.0298148021101951,W1
calib_s_65.357218-19.493238,57422.7578125,18.44820524597168,0.1108584254980087,W2
calib_s_65.357218-19.493238,57622.4609375,17.897019981384275,0.0269488412886858,W1
calib_s_65.357218-19.493238,57622.4609375,18.30513693237305,0.092432714998722,W2
calib_s_65.357218-19.493238,57788.203125,17.875576614379884,0.0240134019404649,W1
calib_s_65.357218-19.493238,57788.203125,18.434037460327147,0.0917136594653129,W2
calib_s_65.357218-19.493238,57988.01953125,17.886922477722166,0.0281784776598215,W1
calib_s_65.357218-19.493238,57988.01953125,18.437018646240233,0.1041556298732757,W2
calib_s_65.357218-19.493238,58145.41015625,17.935488342285154,0.022415030747652,W1
calib_s_65.357218-19.493238,58145.41015625,18.40700365447998,0.0844700708985328,W2
calib_s_65.357218-19.493238,58352.25390625,17.85177004241943,0.0263193398714065,W1
calib_s_65.357218-19.493238,58352.25390625,18.61502195739746,0.1265207380056381,W2
calib_s_65.357218-19.493238,58510.8203125,17.919828056335447,0.0315647162497043,W1
calib_s_65.357218-19.493238,58510.8203125,18.459938301086424,0.1181988045573234,W2
calib_s_65.357218-19.493238,58717.9140625,17.906589149475096,0.0269549954682588,W1
calib_s_65.357218-19.493238,58717.9140625,18.488187088012694,0.1069628223776817,W2
calib_s_65.357218-19.493238,58878.1640625,17.87021410369873,0.026548147201538,W1
calib_s_65.357218-19.493238,58878.1640625,18.46684290313721,0.1074351668357849,W2
calib_s_65.357218-19.493238,59083.5234375,17.8665386428833,0.0250762347131967,W1
calib_s_65.357218-19.493238,59083.5234375,18.348580612182616,0.0970164537429809,W2
calib_s_65.3813-19.322092,55239.60546875,17.9154831161499,0.0258143451064825,W1
calib_s_65.3813-19.322092,55239.671875,18.439133895874022,0.0779023021459579,W2
calib_s_65.3813-19.322092,55430.04296875,17.825772880554197,0.0242688711732625,W1
calib_s_65.3813-19.322092,55430.04296875,18.384480728149413,0.0803254693746566,W2
calib_s_65.3813-19.322092,56704.21875,17.963131546020506,0.0298933014273643,W1
calib_s_65.3813-19.322092,56704.21875,18.31056810760498,0.0841602534055709,W2
calib_s_65.3813-19.322092,56894.984375,17.902675270080564,0.0276830215007066,W1
calib_s_65.3813-19.322092,56894.984375,18.4498341217041,0.1065529733896255,W2
calib_s_65.3813-19.322092,57063.421875,17.778291343688963,0.0239186007529497,W1
calib_s_65.3813-19.322092,57063.421875,18.515100730895995,0.1006684750318527,W2
calib_s_65.3813-19.322092,57256.82421875,17.847204803466795,0.0266696512699127,W1
calib_s_65.3813-19.322092,57256.82421875,18.237586273193358,0.0807392671704292,W2
calib_s_65.3813-19.322092,57422.7578125,17.841470359802244,0.0276844818145036,W1
calib_s_65.3813-19.322092,57422.7578125,18.275139106750487,0.0853959843516349,W2
calib_s_65.3813-19.322092,57622.4609375,17.870461105346678,0.0251884497702121,W1
calib_s_65.3813-19.322092,57622.4609375,18.569738639831545,0.1138095557689666,W2
calib_s_65.3813-19.322092,57788.203125,18.280050872802732,0.0332340523600578,W1
calib_s_65.3813-19.322092,57788.203125,18.549197448730467,0.0994085818529129,W2
calib_s_65.3813-19.322092,57988.01953125,17.87170278930664,0.0267557557672262,W1
calib_s_65.3813-19.322092,57988.01953125,18.32355810546875,0.0928000584244728,W2
calib_s_65.3813-19.322092,58145.41015625,17.770496009826658,0.0230739824473857,W1
calib_s_65.3813-19.322092,58145.41015625,18.348566307067873,0.0953940525650978,W2
calib_s_65.3813-19.322092,58352.25390625,17.768458961486814,0.0239467415958642,W1
calib_s_65.3813-19.322092,58352.25390625,18.402748359680174,0.0951824337244033,W2
calib_s_65.3813-19.322092,58510.8203125,17.9492965927124,0.0287063401192426,W1
calib_s_65.3813-19.322092,58510.8203125,18.50104071044922,0.1115864515304565,W2
calib_s_65.3813-19.322092,58717.9140625,17.875690101623533,0.0263023544102907,W1
calib_s_65.3813-19.322092,58717.9140625,18.309980644226073,0.0957618206739425,W2
calib_s_65.3813-19.322092,58878.1640625,17.984719871520994,0.0298911370337009,W1
calib_s_65.3813-19.322092,58878.1640625,18.266059173583983,0.0884617045521736,W2
calib_s_65.3813-19.322092,59083.5234375,17.902266143798826,0.0298427902162075,W1
calib_s_65.3813-19.322092,59083.5234375,18.36264921569824,0.1083849668502807,W2
calib_s_65.478625-19.636845,55239.60546875,17.991910575866697,0.0282624252140522,W1
calib_s_65.478625-19.636845,55239.671875,18.409522308349608,0.078310877084732,W2
calib_s_65.478625-19.636845,55430.04296875,17.95575296783447,0.0279567185789346,W1
calib_s_65.478625-19.636845,55430.04296875,18.461437477111815,0.0801677852869033,W2
calib_s_65.478625-19.636845,56704.21875,17.981616615295408,0.0285307895392179,W1
calib_s_65.478625-19.636845,56704.21875,18.281914009094237,0.0790222585201263,W2
calib_s_65.478625-19.636845,56894.984375,17.957587837219236,0.0293732024729251,W1
calib_s_65.478625-19.636845,56894.984375,18.534021629333495,0.1130197793245315,W2
calib_s_65.478625-19.636845,57063.421875,18.044032691955564,0.0329012535512447,W1
calib_s_65.478625-19.636845,57063.421875,18.384512199401854,0.0946751087903976,W2
calib_s_65.478625-19.636845,57256.82421875,17.96203482055664,0.0316131189465522,W1
calib_s_65.478625-19.636845,57256.82421875,18.40242887878418,0.1046881005167961,W2
calib_s_65.478625-19.636845,57422.7578125,17.847804664611814,0.0292751789093017,W1
calib_s_65.478625-19.636845,57422.7578125,18.276788009643557,0.0877493098378181,W2
calib_s_65.478625-19.636845,57622.4609375,17.959406494140623,0.0294396616518497,W1
calib_s_65.478625-19.636845,57622.4609375,18.340251220703124,0.0990890264511108,W2
calib_s_65.478625-19.636845,57788.203125,17.974362968444822,0.0237037818878889,W1
calib_s_65.478625-19.636845,57788.203125,18.314372314453124,0.0760920643806457,W2
calib_s_65.478625-19.636845,57988.01953125,17.958477615356443,0.029863791540265,W1
calib_s_65.478625-19.636845,57988.01953125,18.314046157836913,0.0932755693793296,W2
calib_s_65.478625-19.636845,58145.41015625,17.99055349731445,0.0265056509524583,W1
calib_s_65.478625-19.636845,58145.41015625,18.498934997558592,0.1040770336985588,W2
calib_s_65.478625-19.636845,58352.25390625,17.977223037719728,0.030098583549261,W1
calib_s_65.478625-19.636845,58352.25390625,18.410907997131346,0.103567935526371,W2
calib_s_65.478625-19.636845,58510.8203125,17.940333007812498,0.0272903554141521,W1
calib_s_65.478625-19.636845,58510.8203125,18.433408988952635,0.1002789661288261,W2
calib_s_65.478625-19.636845,58717.9140625,17.9317184677124,0.0259939134120941,W1
calib_s_65.478625-19.636845,58717.9140625,18.446173919677733,0.1002893149852752,W2
calib_s_65.478625-19.636845,58878.1640625,17.904575942993162,0.0288075152784585,W1
calib_s_65.478625-19.636845,58878.1640625,18.411668075561522,0.1085212454199791,W2
calib_s_65.478625-19.636845,59083.5234375,17.94742834472656,0.0300365090370178,W1
calib_s_65.478625-19.636845,59083.5234375,18.279917015075682,0.0988734886050224,W2
calib_s_65.496815-19.632929,55239.60546875,17.859554885864256,0.0251350309699773,W1
calib_s_65.496815-19.632929,55239.671875,18.539901985168456,0.088488832116127,W2
calib_s_65.496815-19.632929,55430.04296875,17.749404548645018,0.0220380648970603,W1
calib_s_65.496815-19.632929,55430.04296875,18.480807556152342,0.0797270983457565,W2
calib_s_65.496815-19.632929,56704.21875,17.830841659545897,0.0246327072381973,W1
calib_s_65.496815-19.632929,56704.21875,18.6298239364624,0.1074894294142723,W2
calib_s_65.496815-19.632929,56894.984375,17.76584494018555,0.0247849021106958,W1
calib_s_65.496815-19.632929,56894.984375,18.669511093139647,0.1269073039293289,W2
calib_s_65.496815-19.632929,57063.421875,17.808750747680662,0.0262662786990404,W1
calib_s_65.496815-19.632929,57063.421875,18.606440795898436,0.1160864233970642,W2
calib_s_65.496815-19.632929,57256.82421875,17.767068504333494,0.0267219562083482,W1
calib_s_65.496815-19.632929,57256.82421875,18.537055267333983,0.1240331754088401,W2
calib_s_65.496815-19.632929,57422.7578125,17.780618309020994,0.0271474327892065,W1
calib_s_65.496815-19.632929,57422.7578125,18.472639335632323,0.1151189431548118,W2
calib_s_65.496815-19.632929,57622.4609375,17.80270922088623,0.0258860848844051,W1
calib_s_65.496815-19.632929,57622.4609375,18.570459617614745,0.1196834966540336,W2
calib_s_65.496815-19.632929,57788.203125,17.802678703308104,0.0207004733383655,W1
calib_s_65.496815-19.632929,57788.203125,18.50118852996826,0.0919883027672767,W2
calib_s_65.496815-19.632929,57988.01953125,17.827373146057127,0.0273350067436695,W1
calib_s_65.496815-19.632929,58145.41015625,17.80225050354004,0.0227546840906143,W1
calib_s_65.496815-19.632929,58145.41015625,18.484864486694335,0.1090392470359802,W2
calib_s_65.496815-19.632929,58352.25390625,17.8274122467041,0.0265656858682632,W1
calib_s_65.496815-19.632929,58352.25390625,18.811386360168456,0.1580874770879745,W2
calib_s_65.496815-19.632929,58510.8203125,17.771720527648924,0.0227415524423122,W1
calib_s_65.496815-19.632929,58510.8203125,18.696736587524413,0.1283168643712997,W2
calib_s_65.496815-19.632929,58717.9140625,17.835559486389158,0.0232781022787094,W1
calib_s_65.496815-19.632929,58717.9140625,18.39498449707031,0.0944477990269661,W2
calib_s_65.496815-19.632929,58878.1640625,17.777731536865232,0.0269163139164447,W1
calib_s_65.496815-19.632929,58878.1640625,18.520551933288573,0.1256074458360672,W2
calib_s_65.496815-19.632929,59083.5234375,17.775433181762693,0.0252518337219953,W1
calib_s_65.496815-19.632929,59083.5234375,18.614616645812987,0.1334141194820404,W2
calib_s_65.657125-19.357513,55239.60546875,18.088899253845216,0.0319324359297752,W1
calib_s_65.657125-19.357513,55239.671875,18.4140675201416,0.0831125080585479,W2
calib_s_65.657125-19.357513,55430.04296875,18.02563536071777,0.0289792269468307,W1
calib_s_65.657125-19.357513,55430.04296875,18.444774879455565,0.0780839622020721,W2
calib_s_65.657125-19.357513,56704.21875,18.08092844390869,0.0340418480336666,W1
calib_s_65.657125-19.357513,56704.21875,18.476027740478514,0.1010410413146019,W2
calib_s_65.657125-19.357513,56894.984375,18.017648338317873,0.0314294286072254,W1
calib_s_65.657125-19.357513,56894.984375,18.520215286254885,0.1149672493338584,W2
calib_s_65.657125-19.357513,57063.421875,18.012617706298826,0.0292125083506107,W1
calib_s_65.657125-19.357513,57063.421875,18.58172537231445,0.1034922674298286,W2
calib_s_65.657125-19.357513,57256.82421875,18.018721221923826,0.0295954439789056,W1
calib_s_65.657125-19.357513,57256.82421875,18.38595415496826,0.0918575525283813,W2
calib_s_65.657125-19.357513,57422.7578125,18.075749038696287,0.0352552756667137,W1
calib_s_65.657125-19.357513,57422.7578125,18.445227874755858,0.1177015155553817,W2
calib_s_65.657125-19.357513,57622.4609375,17.94518434906006,0.0288042277097702,W1
calib_s_65.657125-19.357513,57622.4609375,18.329884780883788,0.091201327741146,W2
calib_s_65.657125-19.357513,57788.203125,18.043834327697752,0.0239627603441476,W1
calib_s_65.657125-19.357513,57788.203125,18.373419059753417,0.0781603083014488,W2
calib_s_65.657125-19.357513,57988.01953125,18.040951370239256,0.0290109924972057,W1
calib_s_65.657125-19.357513,57988.01953125,18.48638655090332,0.100622184574604,W2
calib_s_65.657125-19.357513,58145.41015625,18.177067398071287,0.0292525012046098,W1
calib_s_65.657125-19.357513,58145.41015625,18.371540321350096,0.0898407101631164,W2
calib_s_65.657125-19.357513,58352.25390625,17.993182777404783,0.029854193329811,W1
calib_s_65.657125-19.357513,58352.25390625,18.55874468231201,0.1144241839647293,W2
calib_s_65.657125-19.357513,58510.8203125,17.99968016052246,0.0352026596665382,W1
calib_s_65.657125-19.357513,58510.8203125,18.398739112854003,0.1139101088047027,W2
calib_s_65.657125-19.357513,58717.9140625,18.01224291229248,0.0278348587453365,W1
calib_s_65.657125-19.357513,58717.9140625,18.57298208618164,0.1108679249882698,W2
calib_s_65.657125-19.357513,58878.1640625,17.969885467529295,0.029580682516098,W1
calib_s_65.657125-19.357513,58878.1640625,18.411016716003417,0.1064061298966407,W2
calib_s_65.657125-19.357513,59083.5234375,17.984964012145994,0.0294203888624906,W1
calib_s_65.657125-19.357513,59083.5234375,18.379413856506346,0.1040804162621498,W2
calib_s_65.50932-19.624882,55239.60546875,17.652138351440428,0.0210830755531787,W1
calib_s_65.50932-19.624882,55239.671875,18.23213793182373,0.0671568661928176,W2
calib_s_65.50932-19.624882,55430.04296875,17.605685829162596,0.0198606327176094,W1
calib_s_65.50932-19.624882,55430.04296875,18.19195867919922,0.0613950379192829,W2
calib_s_65.50932-19.624882,56704.21875,17.584296821594236,0.0197118390351533,W1
calib_s_65.50932-19.624882,56704.21875,18.346246971130373,0.0840015783905983,W2
calib_s_65.50932-19.624882,56894.984375,17.662746070861814,0.022857466712594,W1
calib_s_65.50932-19.624882,56894.984375,18.304152740478514,0.0915510952472686,W2
calib_s_65.50932-19.624882,57063.421875,17.636357902526854,0.0221786573529243,W1
calib_s_65.50932-19.624882,57063.421875,18.43254019165039,0.0886968523263931,W2
calib_s_65.50932-19.624882,57256.82421875,17.65014040374756,0.0235848780721426,W1
calib_s_65.50932-19.624882,57256.82421875,18.151636375427245,0.0854980275034904,W2
calib_s_65.50932-19.624882,57422.7578125,17.598353027343748,0.0220190696418285,W1
calib_s_65.50932-19.624882,57422.7578125,18.385175956726073,0.0963201820850372,W2
calib_s_65.50932-19.624882,57622.4609375,17.610784172058104,0.0225663762539625,W1
calib_s_65.50932-19.624882,57622.4609375,18.246904624938963,0.0955831333994865,W2
calib_s_65.50932-19.624882,57788.203125,17.637694953918455,0.0177506562322378,W1
calib_s_65.50932-19.624882,57788.203125,18.208452476501463,0.0711021348834037,W2
calib_s_65.50932-19.624882,57988.01953125,17.60446131134033,0.0223638676106929,W1
calib_s_65.50932-19.624882,57988.01953125,18.140445960998534,0.0849950611591339,W2
calib_s_65.50932-19.624882,58145.41015625,17.66925012969971,0.0207019764930009,W1
calib_s_65.50932-19.624882,58145.41015625,18.32656980895996,0.091362364590168,W2
calib_s_65.50932-19.624882,58352.25390625,17.57896196746826,0.0215965509414672,W1
calib_s_65.50932-19.624882,58352.25390625,18.1827385559082,0.0876994058489799,W2
calib_s_65.50932-19.624882,58510.8203125,17.643421768188475,0.0208126455545425,W1
calib_s_65.50932-19.624882,58510.8203125,18.119876159667967,0.0730030015110969,W2
calib_s_65.50932-19.624882,58717.9140625,17.6077438583374,0.0205313079059124,W1
calib_s_65.50932-19.624882,58717.9140625,18.042351974487303,0.0711580738425254,W2
calib_s_65.50932-19.624882,58878.1640625,17.559145568847654,0.0210069362074136,W1
calib_s_65.50932-19.624882,58878.1640625,18.235513938903807,0.0918783470988273,W2
calib_s_65.50932-19.624882,59083.5234375,17.57762968444824,0.021828418597579,W1
calib_s_65.50932-19.624882,59083.5234375,18.215340866088866,0.0945594608783721,W2
calib_s_65.593932-19.365744,55239.60546875,18.35303938293457,0.0413492657244205,W1
calib_s_65.593932-19.365744,55239.671875,18.444358123779296,0.0841607823967933,W2
calib_s_65.593932-19.365744,55430.04296875,18.3841167678833,0.043430857360363,W1
calib_s_65.593932-19.365744,55430.04296875,18.206332458496092,0.0703765079379081,W2
calib_s_65.593932-19.365744,56704.21875,18.37482893371582,0.044674776494503,W1
calib_s_65.593932-19.365744,56704.21875,18.160166038513182,0.0719508230686187,W2
calib_s_65.593932-19.365744,56894.984375,18.256684898376463,0.0394977703690528,W1
calib_s_65.593932-19.365744,56894.984375,18.482024444580077,0.1107168197631836,W2
calib_s_65.593932-19.365744,57063.421875,18.004626869201658,0.0294124912470579,W1
calib_s_65.593932-19.365744,57063.421875,18.32824160003662,0.0833897143602371,W2
calib_s_65.593932-19.365744,57256.82421875,18.46605741882324,0.0493742302060127,W1
calib_s_65.593932-19.365744,57422.7578125,18.698350547790525,0.0594449006021022,W1
calib_s_65.593932-19.365744,57422.7578125,18.213935150146483,0.0884541794657707,W2
calib_s_65.593932-19.365744,57622.4609375,18.37729895019531,0.0410766415297985,W1
calib_s_65.593932-19.365744,57622.4609375,18.30655027770996,0.0883934870362281,W2
calib_s_65.593932-19.365744,57788.203125,18.680905937194822,0.0433388203382492,W1
calib_s_65.593932-19.365744,57788.203125,18.583873390197752,0.0395017229020595,W1
calib_s_65.593932-19.365744,57788.203125,18.1990378036499,0.0682069733738899,W2
calib_s_65.593932-19.365744,57988.01953125,18.32462084197998,0.0397636853158474,W1
calib_s_65.593932-19.365744,57988.01953125,18.306248916625975,0.0893284007906913,W2
calib_s_65.593932-19.365744,58145.41015625,18.381376861572264,0.0346463620662689,W1
calib_s_65.593932-19.365744,58352.25390625,18.164650558471678,0.0334890149533748,W1
calib_s_65.593932-19.365744,58352.25390625,18.267265571594237,0.0879676565527916,W2
calib_s_65.593932-19.365744,58510.8203125,18.178920387268064,0.0390406623482704,W1
calib_s_65.593932-19.365744,58510.8203125,18.331712020874022,0.1073870807886123,W2
calib_s_65.593932-19.365744,58717.9140625,17.951497673034666,0.0271160267293453,W1
calib_s_65.593932-19.365744,58717.9140625,18.359833969116213,0.0940950214862823,W2
calib_s_65.593932-19.365744,58878.1640625,18.524655937194822,0.0470805056393146,W1
calib_s_65.593932-19.365744,58878.1640625,18.509757637023924,0.0462188050150871,W1
calib_s_65.593932-19.365744,58878.1640625,18.20966078186035,0.0833572298288345,W2
calib_s_65.593932-19.365744,59083.5234375,18.448005317687986,0.045111708343029,W1
calib_s_65.593932-19.365744,59083.5234375,18.39019705200195,0.1040514111518859,W2
calib_s_65.564113-19.495768,55239.60546875,17.838211654663084,0.0245839059352874,W1
calib_s_65.564113-19.495768,55239.671875,18.490761054992674,0.0842172726988792,W2
calib_s_65.564113-19.495768,55430.04296875,17.81403791809082,0.0257545225322246,W1
calib_s_65.564113-19.495768,55430.04296875,18.315051330566405,0.0732892304658889,W2
calib_s_65.564113-19.495768,56704.21875,17.876795410156248,0.028501633554697,W1
calib_s_65.564113-19.495768,56704.21875,18.627159370422362,0.1177771240472793,W2
calib_s_65.564113-19.495768,56894.984375,17.928933738708494,0.0295234732329845,W1
calib_s_65.564113-19.495768,56894.984375,18.309622062683104,0.1000896990299224,W2
calib_s_65.564113-19.495768,57063.421875,17.897292732238768,0.0283110290765762,W1
calib_s_65.564113-19.495768,57063.421875,18.355140937805174,0.0904475823044776,W2
calib_s_65.564113-19.495768,57256.82421875,17.81201612854004,0.026452649384737,W1
calib_s_65.564113-19.495768,57256.82421875,18.356611503601073,0.0968118831515312,W2
calib_s_65.564113-19.495768,57422.7578125,17.906145690917967,0.0284337326884269,W1
calib_s_65.564113-19.495768,57422.7578125,18.377235664367674,0.0969517081975936,W2
calib_s_65.564113-19.495768,57622.4609375,17.900327323913572,0.026984741911292,W1
calib_s_65.564113-19.495768,57622.4609375,18.43908144378662,0.1043577417731285,W2
calib_s_65.564113-19.495768,57788.203125,17.878710388183592,0.0225603822618722,W1
calib_s_65.564113-19.495768,57788.203125,18.513752235412596,0.0927946045994758,W2
calib_s_65.564113-19.495768,57988.01953125,17.934774993896482,0.027784215286374,W1
calib_s_65.564113-19.495768,57988.01953125,18.543799652099608,0.1117364019155502,W2
calib_s_65.564113-19.495768,58145.41015625,17.921113609313963,0.0237651094794273,W1
calib_s_65.564113-19.495768,58145.41015625,18.416704429626463,0.0910869091749191,W2
calib_s_65.564113-19.495768,58352.25390625,17.905233024597166,0.0269590634852647,W1
calib_s_65.564113-19.495768,58352.25390625,18.6671135559082,0.1244748756289482,W2
calib_s_65.564113-19.495768,58510.8203125,17.88188230895996,0.0288706813007593,W1
calib_s_65.564113-19.495768,58510.8203125,18.408380760192873,0.105350062251091,W2
calib_s_65.564113-19.495768,58717.9140625,17.849091171264647,0.0247946251183748,W1
calib_s_65.564113-19.495768,58717.9140625,18.405855430603026,0.0987325981259346,W2
calib_s_65.564113-19.495768,58878.1640625,17.922544120788572,0.0252797361463308,W1
calib_s_65.564113-19.495768,58878.1640625,18.412460578918456,0.0946388244628906,W2
calib_s_65.564113-19.495768,59083.5234375,17.9104782333374,0.0275564547628164,W1
calib_s_65.564113-19.495768,59083.5234375,18.598137153625487,0.1267175674438476,W2
calib_s_65.582345-19.357495,55239.60546875,18.230064987182615,0.0349383391439914,W1
calib_s_65.582345-19.357495,55239.671875,18.508525146484377,0.0861432626843452,W2
calib_s_65.582345-19.357495,55430.04296875,18.394723533630373,0.0448421910405159,W1
calib_s_65.582345-19.357495,55430.04296875,18.622267974853514,0.1003731340169906,W2
calib_s_65.582345-19.357495,56704.21875,18.22550165557861,0.0379853136837482,W1
calib_s_65.582345-19.357495,56704.21875,18.747881187438963,0.1321011334657669,W2
calib_s_65.582345-19.357495,56894.984375,18.20126593017578,0.0384191200137138,W1
calib_s_65.582345-19.357495,56894.984375,18.5262444152832,0.1248731985688209,W2
calib_s_65.582345-19.357495,57063.421875,18.260686515808104,0.0370979346334934,W1
calib_s_65.582345-19.357495,57063.421875,18.72600008392334,0.1209994554519653,W2
calib_s_65.582345-19.357495,57256.82421875,18.157814620971678,0.0370446294546127,W1
calib_s_65.582345-19.357495,57256.82421875,18.499655975341796,0.1138805449008941,W2
calib_s_65.582345-19.357495,57422.7578125,18.23209917449951,0.0385830253362655,W1
calib_s_65.582345-19.357495,57422.7578125,18.403282417297362,0.1087820082902908,W2
calib_s_65.582345-19.357495,57622.4609375,18.152451156616213,0.0341131873428821,W1
calib_s_65.582345-19.357495,57622.4609375,18.52911116027832,0.1091158464550972,W2
calib_s_65.582345-19.357495,57788.203125,18.19782888793945,0.0278310589492321,W1
calib_s_65.582345-19.357495,57788.203125,18.544634117126463,0.0948623567819595,W2
calib_s_65.582345-19.357495,57988.01953125,18.216385482788084,0.0356846190989017,W1
calib_s_65.582345-19.357495,57988.01953125,18.54605986022949,0.1132391765713691,W2
calib_s_65.582345-19.357495,58145.41015625,18.252037643432615,0.0306261219084262,W1
calib_s_65.582345-19.357495,58145.41015625,18.572787536621092,0.1022882387042045,W2
calib_s_65.582345-19.357495,58352.25390625,18.327136634826658,0.0436341315507888,W1
calib_s_65.582345-19.357495,58352.25390625,18.494435562133788,0.115306332707405,W2
calib_s_65.582345-19.357495,58510.8203125,18.283220886230467,0.0421876460313797,W1
calib_s_65.582345-19.357495,58510.8203125,18.617855323791503,0.1377346068620681,W2
calib_s_65.582345-19.357495,58717.9140625,18.263811706542967,0.0350740887224674,W1
calib_s_65.582345-19.357495,58717.9140625,18.624701751708983,0.1177611052989959,W2
calib_s_65.582345-19.357495,58878.1640625,18.290373443603514,0.0366489179432392,W1
calib_s_65.582345-19.357495,58878.1640625,18.514051689147948,0.1098998636007309,W2
calib_s_65.582345-19.357495,59083.5234375,18.216534255981443,0.0363071896135807,W1
calib_s_65.582345-19.357495,59083.5234375,18.63170553588867,0.127609521150589,W2
calib_s_65.391687-19.431124,55239.60546875,18.063653587341307,0.0312865599989891,W1
calib_s_65.391687-19.431124,55239.671875,18.578789962768557,0.0931452065706253,W2
calib_s_65.391687-19.431124,55430.04296875,18.07740557098389,0.03363873437047,W1
calib_s_65.391687-19.431124,55430.04296875,18.355364097595217,0.0794240459799766,W2
calib_s_65.391687-19.431124,56704.21875,18.105011581420897,0.0323882587254047,W1
calib_s_65.391687-19.431124,56704.21875,18.54992128753662,0.1047695949673652,W2
calib_s_65.391687-19.431124,56894.984375,18.072103141784666,0.0308673419058322,W1
calib_s_65.391687-19.431124,56894.984375,18.708643211364745,0.1279210150241851,W2
calib_s_65.391687-19.431124,57063.421875,18.11836111450195,0.0347854420542717,W1
calib_s_65.391687-19.431124,57063.421875,18.395525230407717,0.0941171124577522,W2
calib_s_65.391687-19.431124,57256.82421875,18.07105410003662,0.0327052548527717,W1
calib_s_65.391687-19.431124,57256.82421875,18.401030792236327,0.0978370308876037,W2
calib_s_65.391687-19.431124,57422.7578125,18.06250059509277,0.0389962792396545,W1
calib_s_65.391687-19.431124,57422.7578125,18.37127424621582,0.1113333478569984,W2
calib_s_65.391687-19.431124,57622.4609375,18.024811386108397,0.0298813674598932,W1
calib_s_65.391687-19.431124,57622.4609375,18.561413063049315,0.1146979331970214,W2
calib_s_65.391687-19.431124,57788.203125,18.414473175048826,0.0360370427370071,W1
calib_s_65.391687-19.431124,57788.203125,18.486457122802733,0.09165570884943,W2
calib_s_65.391687-19.431124,57988.01953125,18.008639930725096,0.032130729407072,W1
calib_s_65.391687-19.431124,57988.01953125,18.433854354858397,0.0993846282362937,W2
calib_s_65.391687-19.431124,58145.41015625,18.018581031799314,0.0240525174885988,W1
calib_s_65.391687-19.431124,58145.41015625,18.29901052856445,0.0751657783985138,W2
calib_s_65.391687-19.431124,58352.25390625,17.98293268585205,0.0298501327633857,W1
calib_s_65.391687-19.431124,58352.25390625,18.522253288269045,0.1136254742741584,W2
calib_s_65.391687-19.431124,58510.8203125,18.397767662048338,0.0474556386470794,W1
calib_s_65.391687-19.431124,58510.8203125,18.315490974426268,0.1068363636732101,W2
calib_s_65.391687-19.431124,58717.9140625,18.278487800598143,0.0359850339591503,W1
calib_s_65.391687-19.431124,58717.9140625,18.432328475952147,0.1055594235658645,W2
calib_s_65.391687-19.431124,58878.1640625,18.086794494628904,0.0353782437741756,W1
calib_s_65.391687-19.431124,58878.1640625,18.74958826446533,0.1595475077629089,W2
calib_s_65.391687-19.431124,59083.5234375,18.064856170654295,0.0330821238458156,W1
calib_s_65.32452-19.381789,55239.671875,18.78397108459473,0.1064715310931205,W2
calib_s_65.32452-19.381789,55430.04296875,18.416857360839842,0.0424628108739852,W1
calib_s_65.32452-19.381789,55430.04296875,18.480664505004885,0.0842275694012641,W2
calib_s_65.32452-19.381789,56704.21875,18.532742752075194,0.1076439172029495,W2
calib_s_65.32452-19.381789,56894.984375,18.512857078552244,0.0508472099900245,W1
calib_s_65.32452-19.381789,56894.984375,18.41662432098389,0.1059771180152893,W2
calib_s_65.32452-19.381789,57063.421875,18.534305213928224,0.0469859130680561,W1
calib_s_65.32452-19.381789,57063.421875,18.538943542480467,0.0993053838610649,W2
calib_s_65.32452-19.381789,57256.82421875,18.62408949279785,0.1232633218169212,W2
calib_s_65.32452-19.381789,57422.7578125,18.44898664855957,0.056632213294506,W1
calib_s_65.32452-19.381789,57422.7578125,18.38306929016113,0.1142426505684852,W2
calib_s_65.32452-19.381789,57622.4609375,18.586736930847167,0.1057672798633575,W2
calib_s_65.32452-19.381789,57788.203125,18.4331251373291,0.0374790206551551,W1
calib_s_65.32452-19.381789,57788.203125,18.414979232788085,0.0848884209990501,W2
calib_s_65.32452-19.381789,57988.01953125,18.148922561645506,0.0327371172606945,W1
calib_s_65.32452-19.381789,57988.01953125,18.426653160095217,0.0966591909527778,W2
calib_s_65.32452-19.381789,58145.41015625,18.478781341552732,0.0377688929438591,W1
calib_s_65.32452-19.381789,58145.41015625,18.527485145568846,0.0984492003917694,W2
calib_s_65.32452-19.381789,58352.25390625,18.40224863433838,0.1068599596619606,W2
calib_s_65.32452-19.381789,58510.8203125,18.33976103210449,0.1031780168414115,W2
calib_s_65.32452-19.381789,58717.9140625,18.66257883453369,0.1291544586420059,W2
calib_s_65.32452-19.381789,58878.1640625,18.557022689819334,0.048766192048788,W1
calib_s_65.32452-19.381789,59083.5234375,18.433086990356443,0.0455066673457622,W1
calib_s_65.32452-19.381789,59083.5234375,18.517977966308592,0.1160157918930053,W2
calib_s_65.384258-19.510121,55239.60546875,17.89649641418457,0.0251626726239919,W1
calib_s_65.384258-19.510121,55239.671875,18.52591349029541,0.0846511572599411,W2
calib_s_65.384258-19.510121,55430.04296875,17.910590766906736,0.0269912648946046,W1
calib_s_65.384258-19.510121,55430.04296875,18.56282926940918,0.0917416960000991,W2
calib_s_65.384258-19.510121,56704.21875,17.95025503540039,0.0304568372666835,W1
calib_s_65.384258-19.510121,56704.21875,18.61160684967041,0.1124283298850059,W2
calib_s_65.384258-19.510121,56894.984375,17.940281509399412,0.0284239519387483,W1
calib_s_65.384258-19.510121,57063.421875,17.966865180969236,0.0298576205968856,W1
calib_s_65.384258-19.510121,57063.421875,18.623467697143557,0.1152857765555381,W2
calib_s_65.384258-19.510121,57256.82421875,17.89455377960205,0.0298750717192888,W1
calib_s_65.384258-19.510121,57256.82421875,18.346667541503905,0.1013634875416755,W2
calib_s_65.384258-19.510121,57422.7578125,17.838428138732908,0.0291903167963027,W1
calib_s_65.384258-19.510121,57422.7578125,18.534355415344237,0.1203246042132377,W2
calib_s_65.384258-19.510121,57622.4609375,17.895553230285643,0.0272962730377912,W1
calib_s_65.384258-19.510121,57622.4609375,18.5901568069458,0.1214476823806762,W2
calib_s_65.384258-19.510121,57788.203125,17.954578994750975,0.0244420655071735,W1
calib_s_65.384258-19.510121,57788.203125,18.60994268798828,0.1034647822380065,W2
calib_s_65.384258-19.510121,57988.01953125,17.958673118591307,0.0295370984822511,W1
calib_s_65.384258-19.510121,57988.01953125,18.544229759216307,0.1165921092033386,W2
calib_s_65.384258-19.510121,58145.41015625,17.884730934143064,0.0231240671128034,W1
calib_s_65.384258-19.510121,58145.41015625,18.743911041259764,0.1228058561682701,W2
calib_s_65.384258-19.510121,58352.25390625,17.91072332763672,0.0286653134971857,W1
calib_s_65.384258-19.510121,58352.25390625,18.90797735595703,0.1685180366039276,W2
calib_s_65.384258-19.510121,58510.8203125,17.917673706054686,0.0324327014386653,W1
calib_s_65.384258-19.510121,58510.8203125,18.336004508972167,0.1123639717698097,W2
calib_s_65.384258-19.510121,58717.9140625,17.943594573974607,0.0263131223618984,W1
calib_s_65.384258-19.510121,58717.9140625,18.413987411499022,0.0984006524085998,W2
calib_s_65.384258-19.510121,58878.1640625,17.921390174865724,0.0277807936072349,W1
calib_s_65.384258-19.510121,58878.1640625,18.47096563720703,0.1040399894118309,W2
calib_s_65.384258-19.510121,59083.5234375,17.896484016418455,0.027767913416028,W1
calib_s_65.384258-19.510121,59083.5234375,18.32108999633789,0.0963892415165901,W2
calib_s_65.497378-19.482991,55239.60546875,18.093222259521482,0.0291751287877559,W1
calib_s_65.497378-19.482991,55239.671875,18.414071334838866,0.0745617598295211,W2
calib_s_65.497378-19.482991,55430.04296875,18.123099922180174,0.0331244319677352,W1
calib_s_65.497378-19.482991,55430.04296875,18.450608505249022,0.0813889652490615,W2
calib_s_65.497378-19.482991,56704.21875,18.17407667541504,0.0360045284032821,W1
calib_s_65.497378-19.482991,56704.21875,18.419933570861815,0.089945413172245,W2
calib_s_65.497378-19.482991,56894.984375,18.160153030395506,0.0340002253651618,W1
calib_s_65.497378-19.482991,56894.984375,18.48409105682373,0.1086470037698745,W2
calib_s_65.497378-19.482991,57063.421875,18.10244142913818,0.032083410769701,W1
calib_s_65.497378-19.482991,57063.421875,18.462791694641112,0.0941473469138145,W2
calib_s_65.497378-19.482991,57256.82421875,18.114315628051756,0.035363208502531,W1
calib_s_65.497378-19.482991,57256.82421875,18.49164320373535,0.1109635159373283,W2
calib_s_65.497378-19.482991,57422.7578125,18.144709228515623,0.0360069088637828,W1
calib_s_65.497378-19.482991,57422.7578125,18.55177904510498,0.1112129911780357,W2
calib_s_65.497378-19.482991,57622.4609375,18.050412773132322,0.032291829586029,W1
calib_s_65.497378-19.482991,57622.4609375,18.631531013488768,0.1302415281534195,W2
calib_s_65.497378-19.482991,57788.203125,18.06250631713867,0.0267135258764028,W1
calib_s_65.497378-19.482991,57788.203125,18.440799011230467,0.0874545350670814,W2
calib_s_65.497378-19.482991,57988.01953125,18.0480514755249,0.0319049581885337,W1
calib_s_65.497378-19.482991,57988.01953125,18.421977294921877,0.1055584773421287,W2
calib_s_65.497378-19.482991,58145.41015625,18.095365165710447,0.0273914895951747,W1
calib_s_65.497378-19.482991,58145.41015625,18.523742927551268,0.101393923163414,W2
calib_s_65.497378-19.482991,58352.25390625,18.035042404174803,0.0311618987470865,W1
calib_s_65.497378-19.482991,58352.25390625,18.248042358398436,0.093220442533493,W2
calib_s_65.497378-19.482991,58510.8203125,18.08659422302246,0.0349101163446903,W1
calib_s_65.497378-19.482991,58510.8203125,18.510945571899413,0.1214472651481628,W2
calib_s_65.497378-19.482991,58717.9140625,18.07757627868652,0.0303177628666162,W1
calib_s_65.497378-19.482991,58717.9140625,18.494616760253905,0.108408898115158,W2
calib_s_65.497378-19.482991,58878.1640625,18.150787948608397,0.0330208614468574,W1
calib_s_65.497378-19.482991,58878.1640625,18.358330978393557,0.095514103770256,W2
calib_s_65.497378-19.482991,59083.5234375,18.06652700805664,0.0309029836207628,W1
calib_s_65.497378-19.482991,59083.5234375,18.62209726715088,0.1238044202327728,W2
calib_s_65.452215-19.351568,55239.60546875,18.70148908996582,0.0537916980683803,W1
calib_s_65.452215-19.351568,55239.671875,18.43095423126221,0.0807966068387031,W2
calib_s_65.452215-19.351568,55430.04296875,18.65338098907471,0.0509757511317729,W1
calib_s_65.452215-19.351568,55430.04296875,18.334664596557616,0.0716845616698265,W2
calib_s_65.452215-19.351568,56704.21875,18.605334877014158,0.0508272796869277,W1
calib_s_65.452215-19.351568,56704.21875,18.348479522705077,0.0857559368014335,W2
calib_s_65.452215-19.351568,56894.984375,18.631833671569822,0.0541083514690399,W1
calib_s_65.452215-19.351568,56894.984375,18.329551948547362,0.0968978255987167,W2
calib_s_65.452215-19.351568,57063.421875,18.607626556396482,0.0512974150478839,W1
calib_s_65.452215-19.351568,57063.421875,18.34308172607422,0.0853315293788909,W2
calib_s_65.452215-19.351568,57256.82421875,18.513077377319334,0.0508546121418476,W1
calib_s_65.452215-19.351568,57256.82421875,18.482740653991698,0.1107430234551429,W2
calib_s_65.452215-19.351568,57422.7578125,18.63064539337158,0.0588960722088813,W1
calib_s_65.452215-19.351568,57422.7578125,18.338103546142577,0.0957293510437011,W2
calib_s_65.452215-19.351568,57622.4609375,18.731768249511717,0.0573383532464504,W1
calib_s_65.452215-19.351568,57622.4609375,18.49197508239746,0.1143224164843559,W2
calib_s_65.452215-19.351568,57788.203125,18.546133636474607,0.0399194322526454,W1
calib_s_65.452215-19.351568,57788.203125,18.42723585510254,0.0827105268836021,W2
calib_s_65.452215-19.351568,57988.01953125,18.627730010986326,0.0535076335072517,W1
calib_s_65.452215-19.351568,57988.01953125,18.319072021484377,0.0950529724359512,W2
calib_s_65.452215-19.351568,58145.41015625,18.523496269226072,0.0414224937558174,W1
calib_s_65.452215-19.351568,58145.41015625,18.286569847106932,0.0859994292259216,W2
calib_s_65.452215-19.351568,58352.25390625,18.70470487976074,0.0574921518564224,W1
calib_s_65.452215-19.351568,58352.25390625,18.30454946899414,0.0966306924819946,W2
calib_s_65.452215-19.351568,58510.8203125,18.682076095581056,0.0564446188509464,W1
calib_s_65.452215-19.351568,58510.8203125,18.620452178955077,0.1224896609783172,W2
calib_s_65.452215-19.351568,58717.9140625,18.59476435089111,0.0488003715872764,W1
calib_s_65.452215-19.351568,58717.9140625,18.51943804168701,0.1131113842129707,W2
calib_s_65.452215-19.351568,58878.1640625,18.642201065063475,0.0517226718366146,W1
calib_s_65.452215-19.351568,58878.1640625,18.44691206359863,0.0987129360437393,W2
calib_s_65.452215-19.351568,59083.5234375,18.596576332092283,0.0521231591701507,W1
calib_s_65.452215-19.351568,59083.5234375,18.230770362854003,0.0900227725505828,W2
calib_s_65.636014-19.411986,55239.60546875,17.54843866729736,0.0191492773592472,W1
calib_s_65.636014-19.411986,55239.671875,18.34085489654541,0.0710283294320106,W2
calib_s_65.636014-19.411986,55430.04296875,17.565999626159666,0.019650163128972,W1
calib_s_65.636014-19.411986,55430.04296875,18.25376249694824,0.0673911049962043,W2
calib_s_65.636014-19.411986,56704.21875,17.559837936401365,0.0211624931544065,W1
calib_s_65.636014-19.411986,56704.21875,18.151872886657717,0.0739830508828163,W2
calib_s_65.636014-19.411986,56894.984375,17.54018843078613,0.0202411822974681,W1
calib_s_65.636014-19.411986,56894.984375,18.152743591308592,0.080461785197258,W2
calib_s_65.636014-19.411986,57063.421875,17.527330039978025,0.0196394585072994,W1
calib_s_65.636014-19.411986,57063.421875,18.151546730041503,0.0739307031035423,W2
calib_s_65.636014-19.411986,57256.82421875,17.606760620117186,0.0211668889969587,W1
calib_s_65.636014-19.411986,57256.82421875,18.325577987670897,0.0858066603541374,W2
calib_s_65.636014-19.411986,57422.7578125,17.48870146179199,0.0195964165031909,W1
calib_s_65.636014-19.411986,57422.7578125,18.278760208129885,0.0914264172315597,W2
calib_s_65.636014-19.411986,57622.4609375,17.505612014770506,0.0197282563894987,W1
calib_s_65.636014-19.411986,57622.4609375,18.24434973144531,0.0895615518093109,W2
calib_s_65.636014-19.411986,57788.203125,17.505954383850096,0.0160204172134399,W1
calib_s_65.636014-19.411986,57788.203125,18.317534698486327,0.0787253230810165,W2
calib_s_65.636014-19.411986,57988.01953125,17.55313074493408,0.0195569396018981,W1
calib_s_65.636014-19.411986,57988.01953125,18.050609840393065,0.0721293166279792,W2
calib_s_65.636014-19.411986,58145.41015625,17.51598513031006,0.0166772361844778,W1
calib_s_65.636014-19.411986,58145.41015625,18.24424196624756,0.0803316086530685,W2
calib_s_65.636014-19.411986,58352.25390625,17.534917472839354,0.0187903307378292,W1
calib_s_65.636014-19.411986,58352.25390625,18.143462432861327,0.0773479342460632,W2
calib_s_65.636014-19.411986,58510.8203125,17.50296270751953,0.0211937818676233,W1
calib_s_65.636014-19.411986,58510.8203125,18.17590071105957,0.0888170227408409,W2
calib_s_65.636014-19.411986,58717.9140625,17.540579437255857,0.0200254041701555,W1
calib_s_65.636014-19.411986,58717.9140625,18.286154998779296,0.0944389626383781,W2
calib_s_65.636014-19.411986,58878.1640625,17.544339775085447,0.0178000647574663,W1
calib_s_65.636014-19.411986,58878.1640625,18.192404998779296,0.0753363817930221,W2
calib_s_65.636014-19.411986,59083.5234375,17.532522796630857,0.0187957063317298,W1
calib_s_65.636014-19.411986,59083.5234375,18.321003211975096,0.0877378210425376,W2
calib_s_65.504112-19.458057,55239.60546875,18.634202598571775,0.0471196509897708,W1
calib_s_65.504112-19.458057,55239.671875,18.42413069152832,0.0740959569811821,W2
calib_s_65.504112-19.458057,55430.04296875,18.75579130554199,0.0617366172373294,W1
calib_s_65.504112-19.458057,55430.04296875,18.394174827575682,0.082741729915142,W2
calib_s_65.504112-19.458057,56704.21875,18.885580657958982,0.0702653229236602,W1
calib_s_65.504112-19.458057,56704.21875,18.418158782958983,0.0979661867022514,W2
calib_s_65.504112-19.458057,56894.984375,18.777746795654295,0.0657228976488113,W1
calib_s_65.504112-19.458057,56894.984375,18.51473833465576,0.1142322272062301,W2
calib_s_65.504112-19.458057,57063.421875,18.829647659301756,0.0645376667380333,W1
calib_s_65.504112-19.458057,57063.421875,18.373102439880373,0.0910070985555648,W2
calib_s_65.504112-19.458057,57256.82421875,18.720188735961912,0.0588854253292083,W1
calib_s_65.504112-19.458057,57256.82421875,18.411845458984377,0.0981227979063987,W2
calib_s_65.504112-19.458057,57422.7578125,18.675918220520018,0.0575672835111618,W1
calib_s_65.504112-19.458057,57422.7578125,18.331072105407717,0.0928226858377456,W2
calib_s_65.504112-19.458057,57622.4609375,18.836075424194334,0.06541458517313,W1
calib_s_65.504112-19.458057,57622.4609375,18.35650373840332,0.1011426746845245,W2
calib_s_65.504112-19.458057,57788.203125,18.696713088989256,0.0463863871991634,W1
calib_s_65.504112-19.458057,57788.203125,18.25408102416992,0.0765150859951973,W2
calib_s_65.504112-19.458057,57988.01953125,18.723545669555662,0.0572565421462059,W1
calib_s_65.504112-19.458057,57988.01953125,18.282707466125487,0.0869899839162826,W2
calib_s_65.504112-19.458057,58145.41015625,18.763828872680662,0.048911016434431,W1
calib_s_65.504112-19.458057,58145.41015625,18.273606552124022,0.0790240094065666,W2
calib_s_65.504112-19.458057,58352.25390625,18.717228530883787,0.057390596717596,W1
calib_s_65.504112-19.458057,58352.25390625,18.3371689453125,0.0945832133293151,W2
calib_s_65.504112-19.458057,58510.8203125,18.80293142700195,0.0682537481188774,W1
calib_s_65.504112-19.458057,58510.8203125,18.338045372009276,0.1092956811189651,W2
calib_s_65.504112-19.458057,58717.9140625,18.9653459777832,0.0679885894060134,W1
calib_s_65.504112-19.458057,58717.9140625,18.31953741455078,0.0953314900398254,W2
calib_s_65.504112-19.458057,58878.1640625,18.722319244384764,0.0545297898352146,W1
calib_s_65.504112-19.458057,58878.1640625,18.383930458068846,0.0964623838663101,W2
calib_s_65.504112-19.458057,59083.5234375,18.680167793273924,0.0505904294550418,W1
calib_s_65.504112-19.458057,59083.5234375,18.403644813537596,0.0964039266109466,W2
calib_s_65.306591-19.421581,55239.60546875,17.859441398620604,0.025042163208127,W1
calib_s_65.306591-19.421581,55239.671875,18.64166189575195,0.0969780385494232,W2
calib_s_65.306591-19.421581,55430.04296875,17.942032455444334,0.0277619622647762,W1
calib_s_65.306591-19.421581,55430.04296875,18.380226387023924,0.0778265669941902,W2
calib_s_65.306591-19.421581,56704.21875,17.910832046508787,0.0285123735666275,W1
calib_s_65.306591-19.421581,56704.21875,18.502197517395018,0.1010052263736724,W2
calib_s_65.306591-19.421581,56894.984375,17.95231687927246,0.0296291969716548,W1
calib_s_65.306591-19.421581,56894.984375,18.400712265014647,0.1000249534845352,W2
calib_s_65.306591-19.421581,57063.421875,17.909793495178224,0.0276607237756252,W1
calib_s_65.306591-19.421581,57063.421875,18.46062971496582,0.0997919142246246,W2
calib_s_65.306591-19.421581,57256.82421875,17.968407272338865,0.0334489606320858,W1
calib_s_65.306591-19.421581,57256.82421875,18.473817123413085,0.1095454543828964,W2
calib_s_65.306591-19.421581,57422.7578125,17.924790977478025,0.0349413491785526,W1
calib_s_65.306591-19.421581,57422.7578125,18.382737411499022,0.1112798750400543,W2
calib_s_65.306591-19.421581,57622.4609375,17.86744844818115,0.0255323722958564,W1
calib_s_65.306591-19.421581,57622.4609375,18.41032816314697,0.0999827310442924,W2
calib_s_65.306591-19.421581,57788.203125,17.939766525268556,0.0246354788541793,W1
calib_s_65.306591-19.421581,57788.203125,18.362581504821776,0.0833323001861572,W2
calib_s_65.306591-19.421581,57988.01953125,17.89628660583496,0.0256336443126201,W1
calib_s_65.306591-19.421581,57988.01953125,18.383739723205565,0.096608780324459,W2
calib_s_65.306591-19.421581,58145.41015625,17.948507904052732,0.0216749776154756,W1
calib_s_65.306591-19.421581,58145.41015625,18.441136611938475,0.0819805711507797,W2
calib_s_65.306591-19.421581,58352.25390625,17.92144644165039,0.0278631150722503,W1
calib_s_65.306591-19.421581,58352.25390625,18.577114356994628,0.1183899492025375,W2
calib_s_65.306591-19.421581,58510.8203125,17.950953124999998,0.0314197205007076,W1
calib_s_65.306591-19.421581,58510.8203125,18.60546327972412,0.1317087113857269,W2
calib_s_65.306591-19.421581,58717.9140625,17.884641288757322,0.0246591437608003,W1
calib_s_65.306591-19.421581,58717.9140625,18.67274786376953,0.1240720525383949,W2
calib_s_65.306591-19.421581,58878.1640625,17.86952936553955,0.0282021649181842,W1
calib_s_65.306591-19.421581,58878.1640625,18.416718734741213,0.1101040840148925,W2
calib_s_65.306591-19.421581,59083.5234375,17.945931076049803,0.0292882844805717,W1
calib_s_65.306591-19.421581,59083.5234375,18.357898963928225,0.1010032370686531,W2
calib_s_65.591707-19.340086,55239.60546875,17.997560142517088,0.0283906608819961,W1
calib_s_65.591707-19.340086,55239.671875,18.339250816345217,0.0716699287295341,W2
calib_s_65.591707-19.340086,55430.04296875,18.047625183105467,0.0321769639849662,W1
calib_s_65.591707-19.340086,55430.04296875,18.349381698608397,0.0795165374875068,W2
calib_s_65.591707-19.340086,56704.21875,17.90835249328613,0.0286971852183341,W1
calib_s_65.591707-19.340086,56704.21875,18.271333946228026,0.0865066945552825,W2
calib_s_65.591707-19.340086,56894.984375,18.032285331726072,0.032116625458002,W1
calib_s_65.591707-19.340086,56894.984375,18.405030502319335,0.1028825044631958,W2
calib_s_65.591707-19.340086,57063.421875,17.910731910705564,0.027142833918333,W1
calib_s_65.591707-19.340086,57063.421875,18.426217330932616,0.0894677489995956,W2
calib_s_65.591707-19.340086,57256.82421875,17.7859026184082,0.0256457235664129,W1
calib_s_65.591707-19.340086,57256.82421875,18.30777861022949,0.0940803661942482,W2
calib_s_65.591707-19.340086,57422.7578125,17.954245208740232,0.0289394296705722,W1
calib_s_65.591707-19.340086,57422.7578125,18.522332443237303,0.1157660782337188,W2
calib_s_65.591707-19.340086,57622.4609375,17.995052932739256,0.0285905040800571,W1
calib_s_65.591707-19.340086,57622.4609375,18.29555059814453,0.0869331434369087,W2
calib_s_65.591707-19.340086,57788.203125,17.90054285430908,0.0212018806487321,W1
calib_s_65.591707-19.340086,57788.203125,18.29816748046875,0.0738279223442077,W2
calib_s_65.591707-19.340086,57988.01953125,18.013703941345216,0.0290873851627111,W1
calib_s_65.591707-19.340086,57988.01953125,18.347083343505858,0.0918663740158081,W2
calib_s_65.591707-19.340086,58145.41015625,17.99981653594971,0.0250148884952068,W1
calib_s_65.591707-19.340086,58145.41015625,18.203605903625487,0.0733759999275207,W2
calib_s_65.591707-19.340086,58352.25390625,17.775815605163572,0.0263740625232458,W1
calib_s_65.591707-19.340086,58352.25390625,18.410008682250975,0.1099550798535347,W2
calib_s_65.591707-19.340086,58510.8203125,17.891526817321775,0.028597230091691,W1
calib_s_65.591707-19.340086,58510.8203125,18.105055107116698,0.0814659222960472,W2
calib_s_65.591707-19.340086,58717.9140625,18.048935531616213,0.0308737698942422,W1
calib_s_65.591707-19.340086,58717.9140625,18.262723220825194,0.0885238870978355,W2
calib_s_65.591707-19.340086,58878.1640625,17.932845710754396,0.0260519906878471,W1
calib_s_65.591707-19.340086,58878.1640625,18.194997085571288,0.0805410966277122,W2
calib_s_65.591707-19.340086,59083.5234375,17.94788515472412,0.0290402453392744,W1
calib_s_65.591707-19.340086,59083.5234375,18.45620561981201,0.1095721200108528,W2
calib_s_65.653313-19.596179,55239.60546875,17.975503562927244,0.0268758926540613,W1
calib_s_65.653313-19.596179,55239.671875,18.490741981506346,0.0785743668675422,W2
calib_s_65.653313-19.596179,55430.04296875,17.992760299682615,0.0285672657191753,W1
calib_s_65.653313-19.596179,55430.04296875,18.531806243896483,0.0851011052727699,W2
calib_s_65.653313-19.596179,56704.21875,17.992209075927732,0.0287902504205703,W1
calib_s_65.653313-19.596179,56704.21875,18.28091551208496,0.0780464634299278,W2
calib_s_65.653313-19.596179,56894.984375,17.93290197753906,0.0279285963624715,W1
calib_s_65.653313-19.596179,56894.984375,18.52557302856445,0.1104515045881271,W2
calib_s_65.653313-19.596179,57063.421875,17.962078689575193,0.0280277021229267,W1
calib_s_65.653313-19.596179,57063.421875,18.35151220703125,0.0846280828118324,W2
calib_s_65.653313-19.596179,57256.82421875,17.98928034210205,0.0323483385145664,W1
calib_s_65.653313-19.596179,57256.82421875,18.45369841003418,0.1097496375441551,W2
calib_s_65.653313-19.596179,57422.7578125,18.083110450744627,0.0324970558285713,W1
calib_s_65.653313-19.596179,57422.7578125,18.249138130187987,0.0874963998794555,W2
calib_s_65.653313-19.596179,57622.4609375,17.95178663635254,0.0295398514717817,W1
calib_s_65.653313-19.596179,57622.4609375,18.256085647583006,0.0909290537238121,W2
calib_s_65.653313-19.596179,57788.203125,18.04409754180908,0.0251418445259332,W1
calib_s_65.653313-19.596179,57788.203125,18.424710525512694,0.0841034501791,W2
calib_s_65.653313-19.596179,57988.01953125,18.055340408325193,0.0311823599040508,W1
calib_s_65.653313-19.596179,57988.01953125,18.562252296447753,0.1214856058359146,W2
calib_s_65.653313-19.596179,58145.41015625,18.04995119476318,0.0289407800883054,W1
calib_s_65.653313-19.596179,58145.41015625,18.521564735412596,0.1077449172735214,W2
calib_s_65.653313-19.596179,58352.25390625,17.978677391052244,0.0298191495239734,W1
calib_s_65.653313-19.596179,58352.25390625,18.67520643615723,0.1332346051931381,W2
calib_s_65.653313-19.596179,58510.8203125,18.010569213867186,0.0293773710727691,W1
calib_s_65.653313-19.596179,58510.8203125,18.370901359558104,0.0978202447295188,W2
calib_s_65.653313-19.596179,58717.9140625,17.927041648864744,0.026351498439908,W1
calib_s_65.653313-19.596179,58717.9140625,18.495575202941897,0.1059448421001434,W2
calib_s_65.653313-19.596179,58878.1640625,17.99912130737305,0.0277337972074747,W1
calib_s_65.653313-19.596179,58878.1640625,18.634061111450194,0.1150320470333099,W2
calib_s_65.653313-19.596179,59083.5234375,18.03352606201172,0.0342468135058879,W1
calib_s_65.653313-19.596179,59083.5234375,18.56803919219971,0.1309462785720825,W2
calib_s_65.393589-19.509816,55239.60546875,18.04839670562744,0.0292104873806238,W1
calib_s_65.393589-19.509816,55239.671875,18.420119537353514,0.0753872022032737,W2
calib_s_65.393589-19.509816,55430.04296875,18.03101789855957,0.0303498469293117,W1
calib_s_65.393589-19.509816,55430.04296875,18.493058456420897,0.0884722247719764,W2
calib_s_65.393589-19.509816,56704.21875,18.036199211120604,0.0324854366481304,W1
calib_s_65.393589-19.509816,56704.21875,18.672751678466796,0.11756182461977,W2
calib_s_65.393589-19.509816,56894.984375,18.01907884979248,0.0306645240634679,W1
calib_s_65.393589-19.509816,56894.984375,18.43147589111328,0.097299575805664,W2
calib_s_65.393589-19.509816,57063.421875,18.03348314666748,0.0321156084537506,W1
calib_s_65.393589-19.509816,57063.421875,18.393213523864745,0.0932737812399864,W2
calib_s_65.393589-19.509816,57256.82421875,18.037618278503416,0.03302788361907,W1
calib_s_65.393589-19.509816,57256.82421875,18.43972898864746,0.105562724173069,W2
calib_s_65.393589-19.509816,57422.7578125,18.02685987854004,0.0340562425553798,W1
calib_s_65.393589-19.509816,57422.7578125,18.447595848083495,0.1086920425295829,W2
calib_s_65.393589-19.509816,57622.4609375,17.99478685760498,0.0298994872719049,W1
calib_s_65.393589-19.509816,57622.4609375,18.521620048522948,0.1121316328644752,W2
calib_s_65.393589-19.509816,57788.203125,18.01535570526123,0.0265453681349754,W1
calib_s_65.393589-19.509816,57788.203125,18.363321556091307,0.0826118215918541,W2
calib_s_65.393589-19.509816,57988.01953125,18.022818206787107,0.0313007794320583,W1
calib_s_65.393589-19.509816,57988.01953125,18.56496263885498,0.1190841197967529,W2
calib_s_65.393589-19.509816,58145.41015625,18.011561035156248,0.0258264653384685,W1
calib_s_65.393589-19.509816,58145.41015625,18.49546457672119,0.0994810685515403,W2
calib_s_65.393589-19.509816,58352.25390625,18.09362852478027,0.0318824276328086,W1
calib_s_65.393589-19.509816,58352.25390625,18.459167732238768,0.1108609139919281,W2
calib_s_65.393589-19.509816,58510.8203125,18.186116813659666,0.0392100438475608,W1
calib_s_65.393589-19.509816,58510.8203125,18.555100692749022,0.1308378726243972,W2
calib_s_65.393589-19.509816,58717.9140625,18.006025909423826,0.0270014945417642,W1
calib_s_65.393589-19.509816,58717.9140625,18.55173612976074,0.1064880788326263,W2
calib_s_65.393589-19.509816,58878.1640625,18.044016479492186,0.0301949102431535,W1
calib_s_65.393589-19.509816,58878.1640625,18.383269561767577,0.09774199873209,W2
calib_s_65.393589-19.509816,59083.5234375,18.12905847930908,0.034467052668333,W1
calib_s_65.393589-19.509816,59083.5234375,18.349265350341796,0.1036785319447517,W2
calib_s_65.404737-19.586398,55239.60546875,17.907082199096678,0.026176244020462,W1
calib_s_65.404737-19.586398,55239.671875,18.5682366027832,0.0931540429592132,W2
calib_s_65.404737-19.586398,55430.04296875,17.92492067718506,0.0285137593746185,W1
calib_s_65.404737-19.586398,55430.04296875,18.559385551452635,0.0910877287387847,W2
calib_s_65.404737-19.586398,56704.21875,17.993023513793943,0.0309704970568418,W1
calib_s_65.404737-19.586398,56704.21875,18.569637550354003,0.1083108931779861,W2
calib_s_65.404737-19.586398,56894.984375,17.931868194580076,0.0294533874839544,W1
calib_s_65.404737-19.586398,56894.984375,18.44541860961914,0.1060936376452446,W2
calib_s_65.404737-19.586398,57063.421875,17.967934249877928,0.0295168403536081,W1
calib_s_65.404737-19.586398,57063.421875,18.272677673339842,0.0813019499182701,W2
calib_s_65.404737-19.586398,57256.82421875,17.90285456085205,0.0288407616317272,W1
calib_s_65.404737-19.586398,57256.82421875,18.721380485534667,0.1356921643018722,W2
calib_s_65.404737-19.586398,57422.7578125,17.88538896942139,0.0330421552062034,W1
calib_s_65.404737-19.586398,57422.7578125,18.503108276367186,0.1258457005023956,W2
calib_s_65.404737-19.586398,57622.4609375,17.97772085571289,0.0293880868703126,W1
calib_s_65.404737-19.586398,57622.4609375,18.85098101043701,0.1541451960802078,W2
calib_s_65.404737-19.586398,57788.203125,17.909998535156248,0.0226475335657596,W1
calib_s_65.404737-19.586398,57788.203125,18.704853309631346,0.1085380092263221,W2
calib_s_65.404737-19.586398,57988.01953125,17.926627754211424,0.0287246089428663,W1
calib_s_65.404737-19.586398,57988.01953125,18.701685203552245,0.1344714760780334,W2
calib_s_65.404737-19.586398,58145.41015625,17.93030989074707,0.0238899923861026,W1
calib_s_65.404737-19.586398,58145.41015625,18.6721823348999,0.1189274117350578,W2
calib_s_65.404737-19.586398,58352.25390625,17.927802680969236,0.030342997983098,W1
calib_s_65.404737-19.586398,58352.25390625,18.581247581481932,0.1268869340419769,W2
calib_s_65.404737-19.586398,58510.8203125,17.953028320312498,0.0329460501670837,W1
calib_s_65.404737-19.586398,58510.8203125,18.549197448730467,0.1317450553178787,W2
calib_s_65.404737-19.586398,58717.9140625,17.900725006103514,0.0243975687772035,W1
calib_s_65.404737-19.586398,58717.9140625,18.5731890335083,0.1076086834073066,W2
calib_s_65.404737-19.586398,58878.1640625,17.910100578308104,0.0266340635716915,W1
calib_s_65.404737-19.586398,58878.1640625,18.25621725463867,0.0885512828826904,W2
calib_s_65.404737-19.586398,59083.5234375,17.86272489929199,0.0284482464194297,W1
calib_s_65.604272-19.632262,55239.60546875,17.787327407836912,0.0237600337713956,W1
calib_s_65.604272-19.632262,55239.671875,18.402188552856444,0.0810058638453483,W2
calib_s_65.604272-19.632262,55430.04296875,17.771865486145018,0.0223885048180818,W1
calib_s_65.604272-19.632262,55430.04296875,18.229668869018557,0.0636147186160087,W2
calib_s_65.604272-19.632262,56704.21875,17.77716123962402,0.0241440739482641,W1
calib_s_65.604272-19.632262,56704.21875,18.33509088897705,0.0865989029407501,W2
calib_s_65.604272-19.632262,56894.984375,17.751401542663572,0.0272999480366706,W1
calib_s_65.604272-19.632262,56894.984375,18.199468864440917,0.0911281555891037,W2
calib_s_65.604272-19.632262,57063.421875,17.80114328765869,0.0255868528038263,W1
calib_s_65.604272-19.632262,57063.421875,18.35270716094971,0.0880819112062454,W2
calib_s_65.604272-19.632262,57256.82421875,17.863125442504884,0.0273141395300626,W1
calib_s_65.604272-19.632262,57256.82421875,18.37650419616699,0.0960399359464645,W2
calib_s_65.604272-19.632262,57422.7578125,17.79669821166992,0.0272104255855083,W1
calib_s_65.604272-19.632262,57422.7578125,18.2543938293457,0.0940180271863937,W2
calib_s_65.604272-19.632262,57622.4609375,17.757039665222166,0.0246309004724025,W1
calib_s_65.604272-19.632262,57622.4609375,18.17881418609619,0.0881788954138755,W2
calib_s_65.604272-19.632262,57788.203125,17.78976404571533,0.0204528346657753,W1
calib_s_65.604272-19.632262,57788.203125,18.342525733947753,0.0790626257658004,W2
calib_s_65.604272-19.632262,57988.01953125,17.763178466796877,0.0232584346085786,W1
calib_s_65.604272-19.632262,57988.01953125,18.377692474365233,0.0939142704010009,W2
calib_s_65.604272-19.632262,58145.41015625,17.82502424621582,0.0233925431966781,W1
calib_s_65.604272-19.632262,58145.41015625,18.365243209838866,0.0968565270304679,W2
calib_s_65.604272-19.632262,58352.25390625,17.775981544494627,0.024474898353219,W1
calib_s_65.604272-19.632262,58352.25390625,18.353416694641112,0.0994756072759628,W2
calib_s_65.604272-19.632262,58510.8203125,17.762835144042967,0.0235888101160526,W1
calib_s_65.604272-19.632262,58510.8203125,18.190072311401366,0.0810555890202522,W2
calib_s_65.604272-19.632262,58717.9140625,17.81770193481445,0.0250452440232038,W1
calib_s_65.604272-19.632262,58717.9140625,18.352492584228514,0.0992052853107452,W2
calib_s_65.604272-19.632262,58878.1640625,17.785906433105467,0.0236320719122886,W1
calib_s_65.604272-19.632262,58878.1640625,18.15608526611328,0.0797192826867103,W2
calib_s_65.604272-19.632262,59083.5234375,17.78000891113281,0.0258050560951232,W1
calib_s_65.604272-19.632262,59083.5234375,18.284274353027342,0.0964446738362312,W2
calib_s_65.565793-19.596941,55239.60546875,18.96521055603027,0.0660701021552085,W1
calib_s_65.565793-19.596941,55430.04296875,18.893564819335936,0.0649448558688163,W1
calib_s_65.565793-19.596941,56894.984375,18.605468391418455,0.0534189417958259,W1
calib_s_65.565793-19.596941,56894.984375,18.56256033325195,0.1164107173681259,W2
calib_s_65.565793-19.596941,57063.421875,18.661185859680174,0.0517880655825138,W1
calib_s_65.565793-19.596941,57256.82421875,18.360932945251463,0.0434562936425209,W1
calib_s_65.565793-19.596941,57256.82421875,18.54064775848389,0.1125198006629943,W2
calib_s_65.565793-19.596941,57422.7578125,19.342119812011717,0.103224329650402,W1
calib_s_65.565793-19.596941,57422.7578125,18.608404411315917,0.1208241581916809,W2
calib_s_65.565793-19.596941,57622.4609375,18.740393280029295,0.0625951141119003,W1
calib_s_65.565793-19.596941,57622.4609375,18.446814788818358,0.1252596378326416,W2
calib_s_65.565793-19.596941,57788.203125,18.904022811889647,0.0550360046327114,W1
calib_s_65.565793-19.596941,58145.41015625,18.705242752075193,0.0525059811770916,W1
calib_s_65.565793-19.596941,58352.25390625,18.674769996643064,0.0566734448075294,W1
calib_s_65.565793-19.596941,58510.8203125,18.9970899810791,0.0812657698988914,W1
calib_s_65.565793-19.596941,58717.9140625,18.75754034423828,0.0555214583873748,W1
calib_s_65.565793-19.596941,58878.1640625,18.680513023376463,0.0568906627595424,W1
calib_s_65.565793-19.596941,59083.5234375,18.752035736083982,0.0603543557226657,W1
calib_s_65.565793-19.596941,59083.5234375,18.705352081298827,0.1429658830165863,W2
calib_s_65.377306-19.461308,55239.60546875,18.038809417724607,0.0294667612761259,W1
calib_s_65.377306-19.461308,55239.671875,18.55850340270996,0.0899494737386703,W2
calib_s_65.377306-19.461308,55430.04296875,17.989516853332518,0.0297268722206354,W1
calib_s_65.377306-19.461308,55430.04296875,18.51119352722168,0.0903552025556564,W2
calib_s_65.377306-19.461308,56704.21875,17.967635749816896,0.0294561348855495,W1
calib_s_65.377306-19.461308,56704.21875,18.330335868835448,0.0871262475848198,W2
calib_s_65.377306-19.461308,56894.984375,17.98471319580078,0.0319022722542285,W1
calib_s_65.377306-19.461308,56894.984375,18.62180448913574,0.1340341120958328,W2
calib_s_65.377306-19.461308,57063.421875,17.97062265777588,0.030528537929058,W1
calib_s_65.377306-19.461308,57063.421875,18.49252725982666,0.1041360944509506,W2
calib_s_65.377306-19.461308,57256.82421875,17.97907888793945,0.029923090711236,W1
calib_s_65.377306-19.461308,57256.82421875,18.67721392059326,0.1230261102318763,W2
calib_s_65.377306-19.461308,57422.7578125,17.9413038482666,0.0322636738419532,W1
calib_s_65.377306-19.461308,57422.7578125,18.522431625366213,0.1188759058713913,W2
calib_s_65.377306-19.461308,57622.4609375,17.98861944580078,0.0289325192570686,W1
calib_s_65.377306-19.461308,57622.4609375,18.54592539215088,0.1099089607596397,W2
calib_s_65.377306-19.461308,57788.203125,17.97363722229004,0.0248682368546724,W1
calib_s_65.377306-19.461308,57788.203125,18.573090805053713,0.1023240536451339,W2
calib_s_65.377306-19.461308,57988.01953125,18.056811927795408,0.0335779264569282,W1
calib_s_65.377306-19.461308,57988.01953125,18.600088371276854,0.1285530179738998,W2
calib_s_65.377306-19.461308,58145.41015625,17.983161567687986,0.0225994568318128,W1
calib_s_65.377306-19.461308,58145.41015625,18.433034194946288,0.0821640715003013,W2
calib_s_65.377306-19.461308,58352.25390625,18.01842844390869,0.0317580364644527,W1
calib_s_65.377306-19.461308,58352.25390625,18.799549354553225,0.153349220752716,W2
calib_s_65.377306-19.461308,58510.8203125,17.97214376831055,0.0331484414637088,W1
calib_s_65.377306-19.461308,58510.8203125,18.525047554016112,0.1279822587966919,W2
calib_s_65.377306-19.461308,58717.9140625,17.942533134460447,0.0271690785884857,W1
calib_s_65.377306-19.461308,58717.9140625,18.38959051513672,0.0971218645572662,W2
calib_s_65.377306-19.461308,58878.1640625,17.981649993896482,0.0310246180742979,W1
calib_s_65.377306-19.461308,58878.1640625,18.708021415710448,0.1478085815906524,W2
calib_s_65.377306-19.461308,59083.5234375,18.025157569885252,0.030363205820322,W1
calib_s_65.377306-19.461308,59083.5234375,18.410526527404784,0.1017365828156471,W2
