oid,time,magnitude,error,band
QSO_198.668378+54.543672,55347.727,19.266753,0.06796202,W1
QSO_198.668378+54.543672,55347.793,18.868153,0.092756346,W2
QSO_198.668378+54.543672,55537.695,19.245514999999997,0.083322234,W1
QSO_198.668378+54.543672,55537.695,19.226495,0.16149703,W2
QSO_198.668378+54.543672,56811.34,19.259863000000003,0.07087019,W1
QSO_198.668378+54.543672,56811.34,18.992176999999998,0.120037906,W2
QSO_198.668378+54.543672,57001.297,19.258479,0.0841224,W1
QSO_198.668378+54.543672,57001.297,18.982236999999998,0.13884148,W2
QSO_198.668378+54.543672,57170.19,19.335113999999997,0.06680043,W1
QSO_198.668378+54.543672,57170.19,18.999042,0.11048577,W2
QSO_198.668378+54.543672,57364.566,19.235154,0.07287618,W1
QSO_198.668378+54.543672,57364.5,19.227418,0.16336232,W2
QSO_198.668378+54.543672,57530.582,19.3804,0.08055651,W1
QSO_198.668378+54.543672,57530.582,18.719013999999998,0.10173919,W2
QSO_198.668378+54.543672,57728.76,19.220135,0.075304516,W1
QSO_198.668378+54.543672,57728.76,19.131014,0.16510169,W2
QSO_198.668378+54.543672,57891.027,19.327222,0.07418154,W1
QSO_198.668378+54.543672,57891.027,19.069351,0.13543294,W2
QSO_198.668378+54.543672,58094.25,19.280518,0.07502389,W1
QSO_198.668378+54.543672,58094.25,18.891714999999998,0.12506992,W2
QSO_198.668378+54.543672,58255.344,19.162661,0.066651,W1
QSO_198.668378+54.543672,58255.344,19.387179999999997,0.186506,W2
QSO_198.668378+54.543672,58459.945,19.052388,0.07123682,W1
QSO_198.668378+54.543672,58459.945,19.169304,0.18078142,W2
QSO_198.668378+54.543672,58617.082,19.28418,0.053381424,W1
QSO_198.668378+54.543672,58617.082,18.964133999999998,0.09764357,W2
QSO_198.668378+54.543672,58824.133,19.129208,0.06344905,W1
QSO_198.668378+54.543672,58824.133,19.2729695,0.17844237,W2
QSO_198.668378+54.543672,58982.656,19.268748000000002,0.070675984,W1
QSO_198.668378+54.543672,58982.656,19.051996499999998,0.14289603,W2
QSO_198.668378+54.543672,59189.836,19.200009,0.06807461,W1
QSO_198.668378+54.543672,59189.836,18.858013,0.12637031,W2
calib_s_198.3604+54.507985,55347.7265625,18.676510452270506,0.041078507900238,W1
calib_s_198.3604+54.507985,55347.79296875,19.04091764831543,0.1102737337350845,W2
calib_s_198.3604+54.507985,55537.6953125,18.731548904418943,0.0528121180832386,W1
calib_s_198.3604+54.507985,55537.6953125,18.971679939270018,0.1257746517658233,W2
calib_s_198.3604+54.507985,56811.33984375,18.66188967132568,0.0394091717898845,W1
calib_s_198.3604+54.507985,56811.33984375,19.170461906433104,0.1336351335048675,W2
calib_s_198.3604+54.507985,57001.296875,18.65319120788574,0.0456066019833087,W1
calib_s_198.3604+54.507985,57001.296875,19.13847757720947,0.1690083742141723,W2
calib_s_198.3604+54.507985,57170.19140625,18.621871589660643,0.034403059631586,W1
calib_s_198.3604+54.507985,57170.19140625,18.989827407836913,0.1053539142012596,W2
calib_s_198.3604+54.507985,57364.56640625,18.820885299682615,0.0518315322697162,W1
calib_s_198.3604+54.507985,57364.5,18.82167078399658,0.115416944026947,W2
calib_s_198.3604+54.507985,57530.58203125,18.59149229431152,0.0374853909015655,W1
calib_s_198.3604+54.507985,57530.58203125,18.888192428588866,0.1095706149935722,W2
calib_s_198.3604+54.507985,57728.76171875,18.7744337310791,0.0469335317611694,W1
calib_s_198.3604+54.507985,57728.76171875,18.887069953918456,0.1258957684040069,W2
calib_s_198.3604+54.507985,57891.02734375,18.69425737762451,0.0415993444621562,W1
calib_s_198.3604+54.507985,57891.02734375,19.002990974426268,0.1268786787986755,W2
calib_s_198.3604+54.507985,58094.25,18.673575042724607,0.0463475957512855,W1
calib_s_198.3604+54.507985,58094.25,18.938863052368163,0.1363633275032043,W2
calib_s_198.3604+54.507985,58255.34375,18.71263182067871,0.0449877865612506,W1
calib_s_198.3604+54.507985,58255.34375,19.154951347351073,0.1611083894968032,W2
calib_s_198.3604+54.507985,58459.9453125,18.84785902404785,0.0539966337382793,W1
calib_s_198.3604+54.507985,58459.9453125,19.14282442474365,0.1674203276634216,W2
calib_s_198.3604+54.507985,58617.08203125,18.70393812561035,0.0309487506747245,W1
calib_s_198.3604+54.507985,58617.08203125,19.17778707885742,0.1115936934947967,W2
calib_s_198.3604+54.507985,58824.1328125,18.764883636474607,0.047050304710865,W1
calib_s_198.3604+54.507985,58824.1328125,19.06388880157471,0.1504030227661132,W2
calib_s_198.3604+54.507985,58982.65625,18.768578170776365,0.0446319431066513,W1
calib_s_198.3604+54.507985,58982.65625,18.87627912902832,0.1192231625318527,W2
calib_s_198.3604+54.507985,59189.8359375,18.76843130493164,0.0501676127314567,W1
calib_s_198.628464+54.731439,55347.7265625,18.535346626281736,0.038630161434412,W1
calib_s_198.628464+54.731439,55347.79296875,19.112032188415526,0.1176619306206703,W2
calib_s_198.628464+54.731439,55537.6953125,18.59171640777588,0.0452207215130329,W1
calib_s_198.628464+54.731439,55537.6953125,19.020129455566405,0.1278454512357711,W2
calib_s_198.628464+54.731439,56811.33984375,18.48278200531006,0.0384110994637012,W1
calib_s_198.628464+54.731439,56811.33984375,19.11269785308838,0.1426340639591217,W2
calib_s_198.628464+54.731439,57001.296875,18.362496971130373,0.0352088324725627,W1
calib_s_198.628464+54.731439,57001.296875,18.921438468933104,0.1309039890766143,W2
calib_s_198.628464+54.731439,57170.19140625,18.4745651473999,0.0286348666995763,W1
calib_s_198.628464+54.731439,57170.19140625,19.04050852203369,0.1061859875917434,W2
calib_s_198.628464+54.731439,57364.56640625,18.491824745178224,0.0382132157683372,W1
calib_s_198.628464+54.731439,57364.5,18.747113479614256,0.1062502041459083,W2
calib_s_198.628464+54.731439,57530.58203125,18.41529619598389,0.0341278351843357,W1
calib_s_198.628464+54.731439,57530.58203125,18.733452095031737,0.1001721397042274,W2
calib_s_198.628464+54.731439,57728.76171875,18.521266578674314,0.0382140912115573,W1
calib_s_198.628464+54.731439,57728.76171875,18.955110801696776,0.1372309327125549,W2
calib_s_198.628464+54.731439,57891.02734375,18.483932136535643,0.0344699136912822,W1
calib_s_198.628464+54.731439,57891.02734375,19.109547866821288,0.1379339545965194,W2
calib_s_198.628464+54.731439,58094.25,18.51429521942139,0.0398157872259616,W1
calib_s_198.628464+54.731439,58094.25,18.846925033569335,0.1280493736267089,W2
calib_s_198.628464+54.731439,58255.34375,18.453838943481443,0.033488817512989,W1
calib_s_198.628464+54.731439,58255.34375,19.10802198791504,0.1440941095352172,W2
calib_s_198.628464+54.731439,58459.9453125,18.38425981903076,0.0360400564968586,W1
calib_s_198.628464+54.731439,58459.9453125,19.016516937255858,0.1530809104442596,W2
calib_s_198.628464+54.731439,58617.08203125,18.433603881835936,0.0244154520332813,W1
calib_s_198.628464+54.731439,58617.08203125,18.913667930603026,0.0864849835634231,W2
calib_s_198.628464+54.731439,58824.1328125,18.5362745513916,0.0376646257936954,W1
calib_s_198.628464+54.731439,58824.1328125,19.094674362182616,0.1518823057413101,W2
calib_s_198.628464+54.731439,58982.65625,18.434078811645506,0.0332280732691288,W1
calib_s_198.628464+54.731439,58982.65625,19.129817260742186,0.1551381647586822,W2
calib_s_198.628464+54.731439,59189.8359375,18.571927665710447,0.0424096435308456,W1
calib_s_198.628464+54.731439,59189.8359375,19.039904846191405,0.1627823114395141,W2
calib_s_198.859412+54.561388,55347.7265625,18.386623023986814,0.0308193918317556,W1
calib_s_198.859412+54.561388,55347.79296875,18.96855856323242,0.0998896136879921,W2
calib_s_198.859412+54.561388,55537.6953125,18.383282302856443,0.037220075726509,W1
calib_s_198.859412+54.561388,55537.6953125,18.948262466430663,0.1244497969746589,W2
calib_s_198.859412+54.561388,56811.33984375,18.37280905151367,0.0297505967319011,W1
calib_s_198.859412+54.561388,56811.33984375,19.109395278930663,0.1238581091165542,W2
calib_s_198.859412+54.561388,57001.296875,18.386316894531248,0.035162054002285,W1
calib_s_198.859412+54.561388,57001.296875,18.93297315979004,0.1279719620943069,W2
calib_s_198.859412+54.561388,57170.19140625,18.43459761047363,0.0286203417927026,W1
calib_s_198.859412+54.561388,57170.19140625,19.07494284057617,0.1150219142436981,W2
calib_s_198.859412+54.561388,57364.56640625,18.39398538970947,0.0333266966044902,W1
calib_s_198.859412+54.561388,57364.5,19.110534919738768,0.1391405314207077,W2
calib_s_198.859412+54.561388,57530.58203125,18.482283233642576,0.0345568992197513,W1
calib_s_198.859412+54.561388,57530.58203125,18.836941970825194,0.1146666556596756,W2
calib_s_198.859412+54.561388,57728.76171875,18.386075614929197,0.03450533375144,W1
calib_s_198.859412+54.561388,57728.76171875,18.96307684326172,0.1369180083274841,W2
calib_s_198.859412+54.561388,57891.02734375,18.40728056335449,0.0322340987622737,W1
calib_s_198.859412+54.561388,57891.02734375,18.850737823486327,0.1105462834239006,W2
calib_s_198.859412+54.561388,58094.25,18.39443933868408,0.0332271084189415,W1
calib_s_198.859412+54.561388,58094.25,18.98903967285156,0.1385255455970764,W2
calib_s_198.859412+54.561388,58255.34375,18.496836303710936,0.0357155054807662,W1
calib_s_198.859412+54.561388,58255.34375,18.89622141265869,0.1190863251686096,W2
calib_s_198.859412+54.561388,58459.9453125,18.31805479431152,0.0327405072748661,W1
calib_s_198.859412+54.561388,58617.08203125,18.405830978393556,0.0246025640517473,W1
calib_s_198.859412+54.561388,58617.08203125,19.076064361572264,0.1045929715037345,W2
calib_s_198.859412+54.561388,58824.1328125,18.36010801696777,0.0336183607578277,W1
calib_s_198.859412+54.561388,58824.1328125,18.96067167663574,0.1398989260196685,W2
calib_s_198.859412+54.561388,58982.65625,18.34945070648193,0.0335972160100936,W1
calib_s_198.859412+54.561388,58982.65625,19.283392204284667,0.1872180700302124,W2
calib_s_198.859412+54.561388,59189.8359375,18.455638526916502,0.03418879956007,W1
calib_s_198.859412+54.561388,59189.8359375,19.131622566223143,0.1538427323102951,W2
calib_s_198.694167+54.576261,55347.7265625,18.75585234069824,0.0442051105201244,W1
calib_s_198.694167+54.576261,55347.79296875,19.14863611602783,0.1188619583845138,W2
calib_s_198.694167+54.576261,55537.6953125,18.726976989746092,0.0500136986374855,W1
calib_s_198.694167+54.576261,55537.6953125,19.046518577575682,0.1328986883163452,W2
calib_s_198.694167+54.576261,56811.33984375,18.57123148345947,0.0371143706142902,W1
calib_s_198.694167+54.576261,56811.33984375,19.214967025756835,0.1413630992174148,W2
calib_s_198.694167+54.576261,57001.296875,18.695015548706056,0.0456257238984108,W1
calib_s_198.694167+54.576261,57001.296875,19.206989540100096,0.1676426082849502,W2
calib_s_198.694167+54.576261,57170.19140625,18.626595138549803,0.0347263291478157,W1
calib_s_198.694167+54.576261,57170.19140625,19.14211393737793,0.1265030205249786,W2
calib_s_198.694167+54.576261,57364.56640625,18.637415527343748,0.0435412153601646,W1
calib_s_198.694167+54.576261,57364.5,19.39379049682617,0.1968367099761963,W2
calib_s_198.694167+54.576261,57530.58203125,18.69530546569824,0.0421014614403247,W1
calib_s_198.694167+54.576261,57530.58203125,19.217613471984862,0.1597126871347427,W2
calib_s_198.694167+54.576261,57728.76171875,18.761513351440428,0.0507857836782932,W1
calib_s_198.694167+54.576261,57728.76171875,19.430081619262694,0.2126109004020691,W2
calib_s_198.694167+54.576261,57891.02734375,18.683933853149412,0.043614562600851,W1
calib_s_198.694167+54.576261,57891.02734375,19.070127738952635,0.1428463608026504,W2
calib_s_198.694167+54.576261,58094.25,18.798012374877928,0.0520823113620281,W1
calib_s_198.694167+54.576261,58094.25,19.245133651733397,0.1850841790437698,W2
calib_s_198.694167+54.576261,58255.34375,18.726349472045897,0.0454325228929519,W1
calib_s_198.694167+54.576261,58255.34375,19.134578956604003,0.1530936807394027,W2
calib_s_198.694167+54.576261,58459.9453125,18.735733627319334,0.0485759675502777,W1
calib_s_198.694167+54.576261,58459.9453125,19.096787704467772,0.1614969819784164,W2
calib_s_198.694167+54.576261,58617.08203125,18.629422782897947,0.030564684420824,W1
calib_s_198.694167+54.576261,58617.08203125,19.14539839172363,0.1139499396085739,W2
calib_s_198.694167+54.576261,58824.1328125,18.72144186401367,0.0464034341275692,W1
calib_s_198.694167+54.576261,58824.1328125,18.9781487121582,0.1407478749752044,W2
calib_s_198.694167+54.576261,58982.65625,18.69379293823242,0.0428722836077213,W1
calib_s_198.694167+54.576261,58982.65625,19.269212020874022,0.1788602769374847,W2
calib_s_198.694167+54.576261,59189.8359375,18.738270401000975,0.0450435020029544,W1
calib_s_198.694167+54.576261,59189.8359375,19.287301315307616,0.1834132075309753,W2
calib_s_198.607534+54.68454,55347.7265625,18.853123306274412,0.0500295795500278,W1
calib_s_198.607534+54.68454,55347.79296875,18.90584112548828,0.0990346670150756,W2
calib_s_198.607534+54.68454,55537.6953125,18.964872955322264,0.0667357891798019,W1
calib_s_198.607534+54.68454,55537.6953125,19.046603454589842,0.1445879787206649,W2
calib_s_198.607534+54.68454,56811.33984375,18.743433593749998,0.0469545200467109,W1
calib_s_198.607534+54.68454,56811.33984375,19.131964935302733,0.1372890174388885,W2
calib_s_198.607534+54.68454,57001.296875,18.77014028930664,0.0518145821988582,W1
calib_s_198.607534+54.68454,57001.296875,19.014665855407717,0.1485375314950943,W2
calib_s_198.607534+54.68454,57170.19140625,18.784264205932615,0.0372946821153163,W1
calib_s_198.607534+54.68454,57170.19140625,18.99920965576172,0.1006420850753784,W2
calib_s_198.607534+54.68454,57364.56640625,18.849062561035154,0.0503424257040023,W1
calib_s_198.607534+54.68454,57364.5,19.071603073120116,0.1380358934402465,W2
calib_s_198.607534+54.68454,57530.58203125,18.7539259185791,0.0442462190985679,W1
calib_s_198.607534+54.68454,57530.58203125,18.94850183868408,0.1223817467689514,W2
calib_s_198.607534+54.68454,57728.76171875,18.799809097290037,0.0489653646945953,W1
calib_s_198.607534+54.68454,57728.76171875,19.087890876770018,0.1522187441587448,W2
calib_s_198.607534+54.68454,57891.02734375,18.807119964599607,0.0449780113995075,W1
calib_s_198.607534+54.68454,57891.02734375,18.981419815063475,0.1223131641745567,W2
calib_s_198.607534+54.68454,58094.25,18.674608825683592,0.0465150661766529,W1
calib_s_198.607534+54.68454,58094.25,18.829827560424803,0.1224069222807884,W2
calib_s_198.607534+54.68454,58255.34375,18.853174804687498,0.0500716641545295,W1
calib_s_198.607534+54.68454,58255.34375,18.93496061706543,0.1204748675227165,W2
calib_s_198.607534+54.68454,58459.9453125,18.786209701538084,0.049065213650465,W1
calib_s_198.607534+54.68454,58459.9453125,18.932047142028807,0.1337357610464096,W2
calib_s_198.607534+54.68454,58617.08203125,18.765480636596678,0.0343672446906566,W1
calib_s_198.607534+54.68454,58617.08203125,19.233174575805663,0.1238678321242332,W2
calib_s_198.607534+54.68454,58824.1328125,18.773996948242186,0.04653837159276,W1
calib_s_198.607534+54.68454,58824.1328125,19.109185470581057,0.1544944494962692,W2
calib_s_198.607534+54.68454,58982.65625,18.801624893188475,0.0470184423029422,W1
calib_s_198.607534+54.68454,58982.65625,19.006133331298827,0.1372005343437194,W2
calib_s_198.607534+54.68454,59189.8359375,18.72060835266113,0.0458388850092887,W1
calib_s_198.607534+54.68454,59189.8359375,19.32989813232422,0.2065918743610382,W2
calib_s_198.918956+54.594668,55347.7265625,18.846239685058592,0.0494499132037162,W1
calib_s_198.918956+54.594668,55347.79296875,18.97452188873291,0.1048394292593002,W2
calib_s_198.918956+54.594668,55537.6953125,18.928190826416014,0.0595474503934383,W1
calib_s_198.918956+54.594668,55537.6953125,19.092078460693358,0.1324758827686309,W2
calib_s_198.918956+54.594668,56811.33984375,18.876515029907225,0.0501079522073268,W1
calib_s_198.918956+54.594668,56811.33984375,19.138338340759276,0.1377186030149459,W2
calib_s_198.918956+54.594668,57001.296875,18.81623518371582,0.0527244471013546,W1
calib_s_198.918956+54.594668,57001.296875,18.820417655944823,0.1191817447543144,W2
calib_s_198.918956+54.594668,57170.19140625,18.835444091796873,0.0411996059119701,W1
calib_s_198.918956+54.594668,57170.19140625,19.23927618408203,0.1317541450262069,W2
calib_s_198.918956+54.594668,57364.56640625,18.753164886474607,0.0472663678228855,W1
calib_s_198.918956+54.594668,57364.5,18.9273731842041,0.1212885901331901,W2
calib_s_198.918956+54.594668,57530.58203125,18.75743162536621,0.0433069579303264,W1
calib_s_198.918956+54.594668,57530.58203125,19.023844970703124,0.1305389553308487,W2
calib_s_198.918956+54.594668,57728.76171875,18.713368057250975,0.0470034070312976,W1
calib_s_198.918956+54.594668,57728.76171875,18.975496543884276,0.1398101150989532,W2
calib_s_198.918956+54.594668,57891.02734375,18.819706558227537,0.0477198623120784,W1
calib_s_198.918956+54.594668,57891.02734375,19.203255905151366,0.1573435515165329,W2
calib_s_198.918956+54.594668,58094.25,18.726877807617186,0.048051681369543,W1
calib_s_198.918956+54.594668,58094.25,19.13762594604492,0.1569732725620269,W2
calib_s_198.918956+54.594668,58255.34375,18.84276640319824,0.0483136251568794,W1
calib_s_198.918956+54.594668,58255.34375,19.05369020843506,0.1386305689811706,W2
calib_s_198.918956+54.594668,58459.9453125,18.820519088745115,0.0541426129639148,W1
calib_s_198.918956+54.594668,58459.9453125,19.23864485168457,0.1945328563451767,W2
calib_s_198.918956+54.594668,58617.08203125,18.832802413940428,0.034683633595705,W1
calib_s_198.918956+54.594668,58617.08203125,19.01052214050293,0.098928727209568,W2
calib_s_198.918956+54.594668,58824.1328125,18.941130279541014,0.05756726115942,W1
calib_s_198.918956+54.594668,58824.1328125,19.016756309509276,0.152789831161499,W2
calib_s_198.918956+54.594668,58982.65625,18.88050520324707,0.0519216246902942,W1
calib_s_198.918956+54.594668,58982.65625,18.92662264251709,0.1267847269773483,W2
calib_s_198.918956+54.594668,59189.8359375,18.8174024810791,0.0479464381933212,W1
calib_s_198.918956+54.594668,59189.8359375,19.129873527526854,0.1565175354480743,W2
calib_s_198.71606+54.387255,55347.7265625,18.903481124877928,0.0529381111264228,W1
calib_s_198.71606+54.387255,55347.79296875,18.93981672668457,0.1066930666565895,W2
calib_s_198.71606+54.387255,55537.6953125,18.75851118469238,0.0509182959794998,W1
calib_s_198.71606+54.387255,56811.33984375,18.81818830871582,0.0496573373675346,W1
calib_s_198.71606+54.387255,56811.33984375,19.07785440826416,0.132134810090065,W2
calib_s_198.71606+54.387255,57001.296875,18.88105642700195,0.0539466515183448,W1
calib_s_198.71606+54.387255,57001.296875,19.66710592651367,0.252709150314331,W2
calib_s_198.71606+54.387255,57170.19140625,18.819323181152342,0.043883629143238,W1
calib_s_198.71606+54.387255,57170.19140625,19.041541351318358,0.118040069937706,W2
calib_s_198.71606+54.387255,57364.56640625,18.738392471313475,0.0464691407978534,W1
calib_s_198.71606+54.387255,57364.5,18.87394358062744,0.1168044731020927,W2
calib_s_198.71606+54.387255,57530.58203125,18.77852308654785,0.0444673784077167,W1
calib_s_198.71606+54.387255,57530.58203125,18.92235018157959,0.1196159943938255,W2
calib_s_198.71606+54.387255,57728.76171875,18.728533386230467,0.0469533279538154,W1
calib_s_198.71606+54.387255,57728.76171875,19.12687326812744,0.1545453518629074,W2
calib_s_198.71606+54.387255,57891.02734375,18.753204940795897,0.044465847313404,W1
calib_s_198.71606+54.387255,57891.02734375,19.153559936523436,0.144334927201271,W2
calib_s_198.71606+54.387255,58094.25,18.813419937133787,0.0483800210058689,W1
calib_s_198.71606+54.387255,58094.25,18.968604339599608,0.1332540512084961,W2
calib_s_198.71606+54.387255,58255.34375,18.659872650146482,0.041595421731472,W1
calib_s_198.71606+54.387255,58255.34375,19.10435415649414,0.1460248231887817,W2
calib_s_198.71606+54.387255,58459.9453125,18.89957678222656,0.058438304811716,W1
calib_s_198.71606+54.387255,58459.9453125,18.91841818237305,0.1413152366876602,W2
calib_s_198.71606+54.387255,58617.08203125,18.818565963745115,0.038233608007431,W1
calib_s_198.71606+54.387255,58617.08203125,19.251898063659667,0.1320424824953079,W2
calib_s_198.71606+54.387255,58824.1328125,18.943876861572264,0.0530222207307815,W1
calib_s_198.71606+54.387255,58982.65625,18.76702177429199,0.045159924775362,W1
calib_s_198.71606+54.387255,59189.8359375,18.884449600219725,0.0418130718171596,W1
calib_s_198.71606+54.387255,59189.8359375,19.110586418151854,0.127306267619133,W2
calib_s_198.68369+54.385044,55347.7265625,18.54831182861328,0.0383484624326229,W1
calib_s_198.68369+54.385044,55347.79296875,19.018577827453612,0.1130238026380539,W2
calib_s_198.68369+54.385044,55537.6953125,18.566684364318846,0.0439537651836872,W1
calib_s_198.68369+54.385044,55537.6953125,19.17720343017578,0.1502822041511535,W2
calib_s_198.68369+54.385044,56811.33984375,18.60800897979736,0.0384636484086513,W1
calib_s_198.68369+54.385044,56811.33984375,19.470814956665038,0.1806901544332504,W2
calib_s_198.68369+54.385044,57001.296875,18.59043371582031,0.0423662550747394,W1
calib_s_198.68369+54.385044,57001.296875,19.10561205291748,0.152516484260559,W2
calib_s_198.68369+54.385044,57170.19140625,18.731348632812498,0.0377601832151412,W1
calib_s_198.68369+54.385044,57170.19140625,19.11740709686279,0.1241492629051208,W2
calib_s_198.68369+54.385044,57364.56640625,18.66212236785889,0.0432289578020572,W1
calib_s_198.68369+54.385044,57364.5,19.41926885986328,0.1929857581853866,W2
calib_s_198.68369+54.385044,57530.58203125,18.597095130920408,0.0386959686875343,W1
calib_s_198.68369+54.385044,57530.58203125,19.359744323730467,0.1789366006851196,W2
calib_s_198.68369+54.385044,57728.76171875,18.5752731552124,0.04148880392313,W1
calib_s_198.68369+54.385044,57728.76171875,19.14950968170166,0.1628470867872238,W2
calib_s_198.68369+54.385044,57891.02734375,18.58031237030029,0.037259005010128,W1
calib_s_198.68369+54.385044,57891.02734375,18.930715812683104,0.1233403086662292,W2
calib_s_198.68369+54.385044,58094.25,18.656515716552732,0.0436251536011695,W1
calib_s_198.68369+54.385044,58094.25,18.79911447906494,0.1185988038778305,W2
calib_s_198.68369+54.385044,58255.34375,18.628344177246092,0.0399683639407157,W1
calib_s_198.68369+54.385044,58255.34375,19.283399833679198,0.1729446202516555,W2
calib_s_198.68369+54.385044,58459.9453125,18.593247055053713,0.0436793677508831,W1
calib_s_198.68369+54.385044,58459.9453125,19.249562515258788,0.2001359164714813,W2
calib_s_198.68369+54.385044,58617.08203125,18.58762895965576,0.029579134657979,W1
calib_s_198.68369+54.385044,58617.08203125,19.32969881439209,0.1353871673345565,W2
calib_s_198.68369+54.385044,58824.1328125,18.591966270446775,0.0407796688377857,W1
calib_s_198.68369+54.385044,58824.1328125,19.29241873168945,0.1852224022150039,W2
calib_s_198.68369+54.385044,58982.65625,18.662912010192873,0.0430310480296611,W1
calib_s_198.68369+54.385044,58982.65625,19.032473815917967,0.1450110971927642,W2
calib_s_198.68369+54.385044,59189.8359375,18.651324867248533,0.0349422208964824,W1
calib_s_198.68369+54.385044,59189.8359375,19.24441648864746,0.1449443995952606,W2
calib_s_198.783029+54.690926,55347.7265625,18.503029464721678,0.0355848409235477,W1
calib_s_198.783029+54.690926,55347.79296875,19.13886000061035,0.1187117993831634,W2
calib_s_198.783029+54.690926,55537.6953125,18.541308044433592,0.0425095334649086,W1
calib_s_198.783029+54.690926,55537.6953125,18.99524141693115,0.125010460615158,W2
calib_s_198.783029+54.690926,56811.33984375,18.563337921142576,0.0388671234250068,W1
calib_s_198.783029+54.690926,56811.33984375,19.11881376647949,0.1386928558349609,W2
calib_s_198.783029+54.690926,57001.296875,18.494268058776854,0.03994707390666,W1
calib_s_198.783029+54.690926,57001.296875,18.968252433776854,0.139908105134964,W2
calib_s_198.783029+54.690926,57170.19140625,18.63364946746826,0.0318531654775142,W1
calib_s_198.783029+54.690926,57170.19140625,19.20280481719971,0.1213342174887657,W2
calib_s_198.783029+54.690926,57364.56640625,18.552702545166014,0.0375442542135715,W1
calib_s_198.783029+54.690926,57364.5,19.050957931518557,0.1326258480548858,W2
calib_s_198.783029+54.690926,57530.58203125,18.5450578918457,0.0375385805964469,W1
calib_s_198.783029+54.690926,57530.58203125,19.09329058074951,0.1416614651679992,W2
calib_s_198.783029+54.690926,57728.76171875,18.522433876037596,0.0399369038641452,W1
calib_s_198.783029+54.690926,57728.76171875,19.079580558776854,0.1566148251295089,W2
calib_s_198.783029+54.690926,57891.02734375,18.522082923889158,0.0372093096375465,W1
calib_s_198.783029+54.690926,57891.02734375,19.327381385803225,0.1741181313991546,W2
calib_s_198.783029+54.690926,58094.25,18.452990173339842,0.040041584521532,W1
calib_s_198.783029+54.690926,58094.25,19.00704504394531,0.1503901034593582,W2
calib_s_198.783029+54.690926,58255.34375,18.560744880676268,0.0367224961519241,W1
calib_s_198.783029+54.690926,58255.34375,19.344945205688475,0.1778382211923599,W2
calib_s_198.783029+54.690926,58459.9453125,18.506525634765623,0.0391581244766712,W1
calib_s_198.783029+54.690926,58459.9453125,19.33575750732422,0.2010556310415268,W2
calib_s_198.783029+54.690926,58617.08203125,18.55015337371826,0.027169894427061,W1
calib_s_198.783029+54.690926,58617.08203125,19.604899658203124,0.1741772592067718,W2
calib_s_198.783029+54.690926,58824.1328125,18.436372398376463,0.0336801297962665,W1
calib_s_198.783029+54.690926,58824.1328125,19.064873947143557,0.1492282301187515,W2
calib_s_198.783029+54.690926,58982.65625,18.482225059509275,0.0366453491151332,W1
calib_s_198.783029+54.690926,58982.65625,19.248857749938963,0.1752801239490509,W2
calib_s_198.783029+54.690926,59189.8359375,18.45939218902588,0.0350619032979011,W1
calib_s_198.783029+54.690926,59189.8359375,18.808040870666503,0.1201252415776252,W2
calib_s_198.942545+54.633931,55347.7265625,18.953142761230467,0.0540210977196693,W1
calib_s_198.942545+54.633931,55347.79296875,19.262179626464842,0.1369890868663787,W2
calib_s_198.942545+54.633931,55537.6953125,18.86799490356445,0.0572001747786998,W1
calib_s_198.942545+54.633931,55537.6953125,19.0248434677124,0.1279800981283188,W2
calib_s_198.942545+54.633931,56811.33984375,18.879599212646482,0.0494906716048717,W1
calib_s_198.942545+54.633931,56811.33984375,19.636142028808592,0.2155353426933288,W2
calib_s_198.942545+54.633931,57001.296875,18.967918991088865,0.0620567314326763,W1
calib_s_198.942545+54.633931,57001.296875,19.110687507629397,0.1597945988178253,W2
calib_s_198.942545+54.633931,57170.19140625,18.770655273437498,0.0397797115147113,W1
calib_s_198.942545+54.633931,57170.19140625,18.99486471557617,0.1095817387104034,W2
calib_s_198.942545+54.633931,57364.56640625,18.824572204589842,0.0499404892325401,W1
calib_s_198.942545+54.633931,57364.5,19.177868141174315,0.1521993726491928,W2
calib_s_198.942545+54.633931,57530.58203125,18.87398207092285,0.0505575574934482,W1
calib_s_198.942545+54.633931,57530.58203125,19.149325622558592,0.1499342769384384,W2
calib_s_198.942545+54.633931,57728.76171875,18.96706831359863,0.0590364560484886,W1
calib_s_198.942545+54.633931,57728.76171875,19.32927347564697,0.1919276565313339,W2
calib_s_198.942545+54.633931,57891.02734375,18.79730093383789,0.0488202832639217,W1
calib_s_198.942545+54.633931,57891.02734375,18.90600420379639,0.125300258398056,W2
calib_s_198.942545+54.633931,58094.25,18.971058486938475,0.0563307516276836,W1
calib_s_198.942545+54.633931,58094.25,19.263294471740725,0.1741811484098434,W2
calib_s_198.942545+54.633931,58255.34375,18.879288314819334,0.0521224811673164,W1
calib_s_198.942545+54.633931,58255.34375,19.325204147338866,0.1849196404218673,W2
calib_s_198.942545+54.633931,58459.9453125,18.759417175292967,0.049765408039093,W1
calib_s_198.942545+54.633931,58459.9453125,19.461453689575194,0.2285832017660141,W2
calib_s_198.942545+54.633931,58617.08203125,18.835344909667967,0.0365343764424324,W1
calib_s_198.942545+54.633931,58617.08203125,19.23210550689697,0.1251549422740936,W2
calib_s_198.942545+54.633931,58824.1328125,18.86315786743164,0.0503587573766708,W1
calib_s_198.942545+54.633931,58824.1328125,19.705294860839842,0.2692963182926178,W2
calib_s_198.942545+54.633931,58982.65625,18.897049545288084,0.0498898066580295,W1
calib_s_198.942545+54.633931,58982.65625,19.324127449035643,0.1763861626386642,W2
calib_s_198.942545+54.633931,59189.8359375,18.885832427978514,0.0504783987998962,W1
calib_s_198.942545+54.633931,59189.8359375,19.162742866516112,0.1648690104484558,W2
calib_s_198.970427+54.537919,55347.7265625,18.74734747314453,0.0425059720873832,W1
calib_s_198.970427+54.537919,55347.79296875,19.377877487182616,0.1466489881277084,W2
calib_s_198.970427+54.537919,55537.6953125,18.683663963317873,0.0498252436518669,W1
calib_s_198.970427+54.537919,55537.6953125,19.167783988952635,0.1528979539871215,W2
calib_s_198.970427+54.537919,56811.33984375,18.787579177856443,0.0455517172813415,W1
calib_s_198.970427+54.537919,56811.33984375,19.360963119506835,0.1662133038043975,W2
calib_s_198.970427+54.537919,57001.296875,18.81625616455078,0.0527821667492389,W1
calib_s_198.970427+54.537919,57001.296875,19.35314108276367,0.2004418224096298,W2
calib_s_198.970427+54.537919,57170.19140625,18.724447845458982,0.0387546196579933,W1
calib_s_198.970427+54.537919,57170.19140625,19.129044784545897,0.1285208165645599,W2
calib_s_198.970427+54.537919,57364.56640625,18.637581466674803,0.0442375242710113,W1
calib_s_198.970427+54.537919,57364.5,19.465749038696288,0.2111871242523193,W2
calib_s_198.970427+54.537919,57530.58203125,18.652304290771482,0.0421397052705287,W1
calib_s_198.970427+54.537919,57530.58203125,19.05274702453613,0.1389354467391967,W2
calib_s_198.970427+54.537919,57728.76171875,18.80132925415039,0.0475993268191814,W1
calib_s_198.970427+54.537919,57728.76171875,19.4891407623291,0.2050109803676605,W2
calib_s_198.970427+54.537919,57891.02734375,18.836491226196287,0.046772513538599,W1
calib_s_198.970427+54.537919,57891.02734375,19.23046614074707,0.1517961919307708,W2
calib_s_198.970427+54.537919,58094.25,18.859915374755857,0.0516258105635643,W1
calib_s_198.970427+54.537919,58094.25,19.126802696228026,0.1635353714227676,W2
calib_s_198.970427+54.537919,58255.34375,18.82441389465332,0.0447143800556659,W1
calib_s_198.970427+54.537919,58255.34375,19.16050936126709,0.143504798412323,W2
calib_s_198.970427+54.537919,58459.9453125,18.70075094604492,0.0491145141422748,W1
calib_s_198.970427+54.537919,58459.9453125,19.17541719818115,0.1726204603910446,W2
calib_s_198.970427+54.537919,58617.08203125,18.692300437927244,0.0317674204707145,W1
calib_s_198.970427+54.537919,58617.08203125,19.279999031066897,0.1269033849239349,W2
calib_s_198.970427+54.537919,58824.1328125,18.698347686767576,0.0458589196205139,W1
calib_s_198.970427+54.537919,58824.1328125,19.10361601257324,0.1503814607858657,W2
calib_s_198.970427+54.537919,58982.65625,18.79662954711914,0.0454909056425094,W1
calib_s_198.970427+54.537919,58982.65625,19.0634176864624,0.1409408748149871,W2
calib_s_198.970427+54.537919,59189.8359375,18.65211641693115,0.0380008406937122,W1
calib_s_198.970427+54.537919,59189.8359375,19.076829208374022,0.140429601073265,W2
calib_s_198.921643+54.650556,55347.7265625,18.773691772460936,0.0452973991632461,W1
calib_s_198.921643+54.650556,55347.79296875,19.01321054840088,0.1069811359047889,W2
calib_s_198.921643+54.650556,55537.6953125,18.673389076232908,0.0479405596852302,W1
calib_s_198.921643+54.650556,55537.6953125,19.277662528991698,0.1623986959457397,W2
calib_s_198.921643+54.650556,56811.33984375,18.793055175781248,0.0469894409179687,W1
calib_s_198.921643+54.650556,56811.33984375,19.288270248413085,0.1626606434583664,W2
calib_s_198.921643+54.650556,57001.296875,18.739348052978514,0.0496844463050365,W1
calib_s_198.921643+54.650556,57001.296875,19.431844009399413,0.2130643874406814,W2
calib_s_198.921643+54.650556,57170.19140625,18.823158859252928,0.041601613163948,W1
calib_s_198.921643+54.650556,57170.19140625,19.076856864929198,0.1153065413236618,W2
calib_s_198.921643+54.650556,57364.56640625,18.70007383728027,0.044956587255001,W1
calib_s_198.921643+54.650556,57364.5,19.35040022277832,0.1816642731428146,W2
calib_s_198.921643+54.650556,57530.58203125,18.885771392822264,0.0491465628147125,W1
calib_s_198.921643+54.650556,57530.58203125,19.17450262451172,0.1489216387271881,W2
calib_s_198.921643+54.650556,57728.76171875,18.7995802154541,0.0514861159026622,W1
calib_s_198.921643+54.650556,57728.76171875,19.471932662963866,0.2210268676280975,W2
calib_s_198.921643+54.650556,57891.02734375,18.692933677673338,0.0446074604988098,W1
calib_s_198.921643+54.650556,57891.02734375,19.26891828918457,0.173554241657257,W2
calib_s_198.921643+54.650556,58094.25,18.798466323852537,0.0482150502502918,W1
calib_s_198.921643+54.650556,58094.25,19.374135269165038,0.1875354945659637,W2
calib_s_198.921643+54.650556,58255.34375,18.715105651855467,0.0442323423922061,W1
calib_s_198.921643+54.650556,58255.34375,19.111690773010253,0.1462157964706421,W2
calib_s_198.921643+54.650556,58459.9453125,18.73807775878906,0.048166774213314,W1
calib_s_198.921643+54.650556,58459.9453125,19.325921310424803,0.2031784206628799,W2
calib_s_198.921643+54.650556,58617.08203125,18.696706413269045,0.0320526771247386,W1
calib_s_198.921643+54.650556,58617.08203125,19.294424308776854,0.1361139416694641,W2
calib_s_198.921643+54.650556,58824.1328125,18.666606544494627,0.0423853807151317,W1
calib_s_198.921643+54.650556,58982.65625,18.71514761352539,0.0435263253748416,W1
calib_s_198.921643+54.650556,58982.65625,19.1529533996582,0.1519210189580917,W2
calib_s_198.921643+54.650556,59189.8359375,18.684985755920408,0.0420627854764461,W1
calib_s_198.921643+54.650556,59189.8359375,19.042365325927733,0.1443702727556228,W2
calib_s_198.795644+54.710177,55347.7265625,18.863258956909178,0.049328900873661,W1
calib_s_198.795644+54.710177,55347.79296875,19.351046813964842,0.1447493731975555,W2
calib_s_198.795644+54.710177,55537.6953125,18.692208885192873,0.0482651889324188,W1
calib_s_198.795644+54.710177,56811.33984375,18.761871932983397,0.0459142699837684,W1
calib_s_198.795644+54.710177,56811.33984375,18.992679847717284,0.1237438768148422,W2
calib_s_198.795644+54.710177,57001.296875,18.71994268798828,0.0482354089617729,W1
calib_s_198.795644+54.710177,57001.296875,19.053792251586913,0.1523810625076294,W2
calib_s_198.795644+54.710177,57170.19140625,19.174276947021482,0.0527708865702152,W1
calib_s_198.795644+54.710177,57170.19140625,19.07567526245117,0.1105811968445777,W2
calib_s_198.795644+54.710177,57364.56640625,18.67252123260498,0.0435198880732059,W1
calib_s_198.795644+54.710177,57364.5,19.168602241516112,0.1508703827857971,W2
calib_s_198.795644+54.710177,57530.58203125,18.65850412750244,0.0411883071064949,W1
calib_s_198.795644+54.710177,57530.58203125,19.094034446716307,0.1451689600944519,W2
calib_s_198.795644+54.710177,57728.76171875,18.80098402404785,0.0497523695230484,W1
calib_s_198.795644+54.710177,57728.76171875,18.886565460205077,0.1251788586378097,W2
calib_s_198.795644+54.710177,57891.02734375,18.772455810546873,0.0486264117062091,W1
calib_s_198.795644+54.710177,57891.02734375,19.127929939270018,0.149900421500206,W2
calib_s_198.795644+54.710177,58094.25,18.753141998291014,0.0493839234113693,W1
calib_s_198.795644+54.710177,58255.34375,18.771492599487303,0.0462100803852081,W1
calib_s_198.795644+54.710177,58255.34375,18.89464308166504,0.121797889471054,W2
calib_s_198.795644+54.710177,58459.9453125,18.75619184875488,0.0491712391376495,W1
calib_s_198.795644+54.710177,58459.9453125,19.243236793518065,0.186377078294754,W2
calib_s_198.795644+54.710177,58617.08203125,18.68695127868652,0.0313359722495079,W1
calib_s_198.795644+54.710177,58617.08203125,19.046879066467284,0.1015707850456237,W2
calib_s_198.795644+54.710177,58824.1328125,18.664839385986326,0.0407313369214534,W1
calib_s_198.795644+54.710177,58824.1328125,18.89446760559082,0.1209373548626899,W2
calib_s_198.795644+54.710177,58982.65625,18.64377558135986,0.0413590669631958,W1
calib_s_198.795644+54.710177,58982.65625,19.093374504089354,0.1498492807149887,W2
calib_s_198.795644+54.710177,59189.8359375,18.624295829772947,0.0417887270450592,W1
calib_s_198.795644+54.710177,59189.8359375,18.87927462005615,0.134881779551506,W2
calib_s_198.887674+54.585743,55537.6953125,19.056555046081545,0.1398568004369735,W2
calib_s_198.887674+54.585743,56811.33984375,19.286500228881835,0.1579172164201736,W2
calib_s_198.887674+54.585743,57170.19140625,18.92973543548584,0.100553348660469,W2
calib_s_198.887674+54.585743,58255.34375,20.050430892944334,0.1478108912706375,W1
calib_s_198.887674+54.585743,58255.34375,18.881284965515135,0.1185187846422195,W2
calib_s_198.887674+54.585743,58982.65625,19.11556173706055,0.1532307118177414,W2
calib_s_198.887674+54.585743,59189.8359375,18.84960390472412,0.12266356498003,W2
calib_s_198.477463+54.642833,55347.7265625,19.02481329345703,0.056705217808485,W1
calib_s_198.477463+54.642833,55347.79296875,19.17146326446533,0.1245151460170745,W2
calib_s_198.477463+54.642833,55537.6953125,18.894337295532225,0.0586587227880954,W1
calib_s_198.477463+54.642833,55537.6953125,19.18928076171875,0.1484973132610321,W2
calib_s_198.477463+54.642833,56811.33984375,19.0549513092041,0.0617550686001777,W1
calib_s_198.477463+54.642833,56811.33984375,18.97141672515869,0.1222155392169952,W2
calib_s_198.477463+54.642833,57001.296875,18.89284956359863,0.0598843283951282,W1
calib_s_198.477463+54.642833,57001.296875,19.235933555603026,0.175358235836029,W2
calib_s_198.477463+54.642833,57170.19140625,18.993128417968748,0.0456575900316238,W1
calib_s_198.477463+54.642833,57170.19140625,19.150787605285643,0.1163932979106903,W2
calib_s_198.477463+54.642833,57364.56640625,18.860769866943357,0.0567925982177257,W1
calib_s_198.477463+54.642833,57364.5,18.809794677734377,0.1203940734267234,W2
calib_s_198.477463+54.642833,57530.58203125,19.06973516845703,0.061387300491333,W1
calib_s_198.477463+54.642833,57728.76171875,18.869007705688475,0.0545825064182281,W1
calib_s_198.477463+54.642833,57728.76171875,19.128108276367186,0.1578471362590789,W2
calib_s_198.477463+54.642833,57891.02734375,19.036753295898436,0.0564629398286342,W1
calib_s_198.477463+54.642833,57891.02734375,18.879981292724608,0.1130603402853012,W2
calib_s_198.477463+54.642833,58094.25,18.97958052062988,0.0609539113938808,W1
calib_s_198.477463+54.642833,58094.25,18.765795959472655,0.1212562322616577,W2
calib_s_198.477463+54.642833,58255.34375,18.898445724487303,0.0505439080297946,W1
calib_s_198.477463+54.642833,58255.34375,19.269630683898924,0.162775844335556,W2
calib_s_198.477463+54.642833,58459.9453125,18.952440856933592,0.0609839856624603,W1
calib_s_198.477463+54.642833,58459.9453125,18.895964874267577,0.1420064866542816,W2
calib_s_198.477463+54.642833,58617.08203125,18.906387924194334,0.0388562604784965,W1
calib_s_198.477463+54.642833,58617.08203125,19.2379200592041,0.1268848925828933,W2
calib_s_198.477463+54.642833,58824.1328125,18.93379080200195,0.0539087727665901,W1
calib_s_198.477463+54.642833,58824.1328125,18.798675788879397,0.1155595630407333,W2
calib_s_198.477463+54.642833,58982.65625,18.8797746887207,0.0498246848583221,W1
calib_s_198.477463+54.642833,58982.65625,19.076541198730467,0.1444554924964904,W2
calib_s_198.477463+54.642833,59189.8359375,18.897497772216795,0.054568912833929,W1
calib_s_198.477463+54.642833,59189.8359375,18.914557708740233,0.1346839070320129,W2
calib_s_198.682084+54.640117,55347.7265625,18.836329101562498,0.046524990350008,W1
calib_s_198.682084+54.640117,55347.79296875,19.369908584594725,0.1443576067686081,W2
calib_s_198.682084+54.640117,55537.6953125,18.706286071777342,0.0517207533121109,W1
calib_s_198.682084+54.640117,55537.6953125,18.997605575561522,0.1293347775936126,W2
calib_s_198.682084+54.640117,56811.33984375,18.671789764404295,0.0408966243267059,W1
calib_s_198.682084+54.640117,56811.33984375,19.179582847595217,0.1401218771934509,W2
calib_s_198.682084+54.640117,57001.296875,18.704926132202147,0.0453116074204444,W1
calib_s_198.682084+54.640117,57001.296875,19.586949600219725,0.2380694448947906,W2
calib_s_198.682084+54.640117,57170.19140625,18.774504302978514,0.0387209877371788,W1
calib_s_198.682084+54.640117,57170.19140625,19.355265869140624,0.1499460488557815,W2
calib_s_198.682084+54.640117,57364.56640625,18.838736175537107,0.0505977571010589,W1
calib_s_198.682084+54.640117,57364.5,18.943774475097655,0.1256953179836273,W2
calib_s_198.682084+54.640117,57530.58203125,18.78473532104492,0.0461127310991287,W1
calib_s_198.682084+54.640117,57530.58203125,19.2237017288208,0.1622009426355362,W2
calib_s_198.682084+54.640117,57728.76171875,18.833544372558592,0.0501850582659244,W1
calib_s_198.682084+54.640117,57728.76171875,19.512242568969725,0.2253697663545608,W2
calib_s_198.682084+54.640117,57891.02734375,18.84655058288574,0.0488913506269454,W1
calib_s_198.682084+54.640117,57891.02734375,19.044077171325682,0.136893019080162,W2
calib_s_198.682084+54.640117,58094.25,18.920305847167967,0.0577374584972858,W1
calib_s_198.682084+54.640117,58094.25,19.227041496276854,0.1827256977558136,W2
calib_s_198.682084+54.640117,58255.34375,18.696864723205564,0.0423105061054229,W1
calib_s_198.682084+54.640117,58255.34375,19.25419641876221,0.1620965152978897,W2
calib_s_198.682084+54.640117,58459.9453125,18.700171112060545,0.0460297651588916,W1
calib_s_198.682084+54.640117,58459.9453125,19.11423326873779,0.1573082208633422,W2
calib_s_198.682084+54.640117,58617.08203125,18.779198287963865,0.0345468707382679,W1
calib_s_198.682084+54.640117,58617.08203125,19.227308525085448,0.1219819784164428,W2
calib_s_198.682084+54.640117,58824.1328125,18.73157369995117,0.0445948988199234,W1
calib_s_198.682084+54.640117,58824.1328125,19.32108427429199,0.185768723487854,W2
calib_s_198.682084+54.640117,58982.65625,18.691669105529783,0.0417667962610721,W1
calib_s_198.682084+54.640117,58982.65625,18.97427011871338,0.1311710774898529,W2
calib_s_198.682084+54.640117,59189.8359375,18.709755538940428,0.0454127974808216,W1
calib_s_198.682084+54.640117,59189.8359375,19.404319061279296,0.2158816456794738,W2
calib_s_198.524703+54.556613,55347.7265625,19.31092512512207,0.0734641253948211,W1
calib_s_198.524703+54.556613,55537.6953125,19.259556411743162,0.0802962705492973,W1
calib_s_198.524703+54.556613,56811.33984375,19.25909292602539,0.0719837099313736,W1
calib_s_198.524703+54.556613,57001.296875,19.310272811889647,0.0849052742123603,W1
calib_s_198.524703+54.556613,57170.19140625,19.225935577392576,0.0541044324636459,W1
calib_s_198.524703+54.556613,57170.19140625,19.342490447998046,0.1399856805801391,W2
calib_s_198.524703+54.556613,57364.56640625,19.05139028930664,0.0620373226702213,W1
calib_s_198.524703+54.556613,57364.5,19.184058441162108,0.1607645153999328,W2
calib_s_198.524703+54.556613,57530.58203125,19.158640502929686,0.0620766244828701,W1
calib_s_198.524703+54.556613,57530.58203125,19.248494400024413,0.1586208045482635,W2
calib_s_198.524703+54.556613,57728.76171875,19.230417846679686,0.0722817182540893,W1
calib_s_198.524703+54.556613,57891.02734375,19.167183517456053,0.0661406889557838,W1
calib_s_198.524703+54.556613,57891.02734375,19.1188957824707,0.1463785022497177,W2
calib_s_198.524703+54.556613,58094.25,19.131439804077147,0.0682110115885734,W1
calib_s_198.524703+54.556613,58094.25,19.25316072845459,0.1770659834146499,W2
calib_s_198.524703+54.556613,58255.34375,19.44233572387695,0.0845183059573173,W1
calib_s_198.524703+54.556613,58459.9453125,19.18827307128906,0.0745129287242889,W1
calib_s_198.524703+54.556613,58459.9453125,19.257453216552733,0.1867720037698745,W2
calib_s_198.524703+54.556613,58617.08203125,19.17139875793457,0.0485484302043914,W1
calib_s_198.524703+54.556613,58617.08203125,19.340585006713866,0.1352975219488144,W2
calib_s_198.524703+54.556613,58824.1328125,19.18131506347656,0.066640019416809,W1
calib_s_198.524703+54.556613,58824.1328125,19.268725646972655,0.1781722754240036,W2
calib_s_198.524703+54.556613,58982.65625,19.287602066040037,0.0721204951405525,W1
calib_s_198.524703+54.556613,59189.8359375,19.062456726074217,0.0613716505467891,W1
calib_s_198.743605+54.693183,55347.7265625,18.427792190551756,0.0335230119526386,W1
calib_s_198.743605+54.693183,55347.79296875,19.1315968170166,0.1227712258696556,W2
calib_s_198.743605+54.693183,55537.6953125,18.37033331298828,0.0362824276089668,W1
calib_s_198.743605+54.693183,55537.6953125,18.880008949279784,0.1152469962835311,W2
calib_s_198.743605+54.693183,56811.33984375,18.38566648864746,0.033862579613924,W1
calib_s_198.743605+54.693183,56811.33984375,18.748832954406737,0.1003877967596054,W2
calib_s_198.743605+54.693183,57001.296875,18.33856165313721,0.0361305139958858,W1
calib_s_198.743605+54.693183,57001.296875,18.981518997192385,0.1479299664497375,W2
calib_s_198.743605+54.693183,57170.19140625,18.325996040344236,0.023636981844902,W1
calib_s_198.743605+54.693183,57170.19140625,18.858673347473143,0.0858864709734916,W2
calib_s_198.743605+54.693183,57364.56640625,18.329090713500975,0.0332992859184742,W1
calib_s_198.743605+54.693183,57364.5,19.197065605163573,0.1573163121938705,W2
calib_s_198.743605+54.693183,57530.58203125,18.46021139526367,0.0358009859919548,W1
calib_s_198.743605+54.693183,57530.58203125,18.87284494781494,0.1183978021144867,W2
calib_s_198.743605+54.693183,57728.76171875,18.355776428222654,0.0336866565048694,W1
calib_s_198.743605+54.693183,57728.76171875,19.172504676818846,0.1652904748916626,W2
calib_s_198.743605+54.693183,57891.02734375,18.384828208923338,0.0316745527088642,W1
calib_s_198.743605+54.693183,57891.02734375,18.891001953125,0.1152185127139091,W2
calib_s_198.743605+54.693183,58094.25,18.32291185760498,0.0344727784395217,W1
calib_s_198.743605+54.693183,58094.25,19.18375803375244,0.1825656145811081,W2
calib_s_198.743605+54.693183,58255.34375,18.327793716430662,0.0293855518102645,W1
calib_s_198.743605+54.693183,58255.34375,18.803839935302733,0.1072892621159553,W2
calib_s_198.743605+54.693183,58459.9453125,18.34827864074707,0.0352191254496574,W1
calib_s_198.743605+54.693183,58459.9453125,18.773833526611327,0.1229046434164047,W2
calib_s_198.743605+54.693183,58617.08203125,18.469835876464842,0.0255028195679187,W1
calib_s_198.743605+54.693183,58617.08203125,18.936497940063475,0.0906515419483184,W2
calib_s_198.743605+54.693183,58824.1328125,18.381546615600584,0.0324585512280464,W1
calib_s_198.743605+54.693183,58824.1328125,18.843982948303225,0.1187368184328079,W2
calib_s_198.743605+54.693183,58982.65625,18.479846595764158,0.0360584966838359,W1
calib_s_198.743605+54.693183,58982.65625,19.040987266540526,0.1426742672920227,W2
calib_s_198.743605+54.693183,59189.8359375,18.29929315948486,0.0316756814718246,W1
calib_s_198.743605+54.693183,59189.8359375,19.12099291229248,0.1662434339523315,W2
calib_s_198.360524+54.59188,55347.7265625,19.25010168457031,0.0657985657453537,W1
calib_s_198.360524+54.59188,55347.79296875,19.049597038269045,0.1061509326100349,W2
calib_s_198.360524+54.59188,55537.6953125,19.20556700134277,0.0773948356509208,W1
calib_s_198.360524+54.59188,55537.6953125,18.99486471557617,0.1256212890148162,W2
calib_s_198.360524+54.59188,56811.33984375,19.409950851440428,0.0821471661329269,W1
calib_s_198.360524+54.59188,57001.296875,19.17792951965332,0.0759445801377296,W1
calib_s_198.360524+54.59188,57001.296875,19.399775756835936,0.2136200517416,W2
calib_s_198.360524+54.59188,57170.19140625,19.323116897583006,0.0565203242003917,W1
calib_s_198.360524+54.59188,57170.19140625,19.356614364624022,0.1317792981863021,W2
calib_s_198.360524+54.59188,57364.56640625,19.267784713745115,0.0775665715336799,W1
calib_s_198.360524+54.59188,57364.5,19.356875671386717,0.1972205340862274,W2
calib_s_198.360524+54.59188,57530.58203125,19.352469085693357,0.0744136422872543,W1
calib_s_198.360524+54.59188,57530.58203125,19.150535835266112,0.1411363780498504,W2
calib_s_198.360524+54.59188,57728.76171875,19.176014541625975,0.0696130022406578,W1
calib_s_198.360524+54.59188,57728.76171875,19.287109626770018,0.1855546087026596,W2
calib_s_198.360524+54.59188,57891.02734375,19.142260192871092,0.0651468560099601,W1
calib_s_198.360524+54.59188,57891.02734375,19.15952993774414,0.1546817868947982,W2
calib_s_198.360524+54.59188,58094.25,19.236765502929686,0.074419155716896,W1
calib_s_198.360524+54.59188,58094.25,19.05687166595459,0.1544672697782516,W2
calib_s_198.360524+54.59188,58255.34375,19.269310592651365,0.0719802528619766,W1
calib_s_198.360524+54.59188,58459.9453125,19.266161560058592,0.0835574939846992,W1
calib_s_198.360524+54.59188,58459.9453125,19.098888648986815,0.1707336157560348,W2
calib_s_198.360524+54.59188,58617.08203125,19.334061264038084,0.056531336158514,W1
calib_s_198.360524+54.59188,58617.08203125,19.300649894714354,0.1311640590429306,W2
calib_s_198.360524+54.59188,58824.1328125,19.169422744750975,0.0675640478730201,W1
calib_s_198.360524+54.59188,58824.1328125,19.23406721496582,0.1767941266298294,W2
calib_s_198.360524+54.59188,58982.65625,19.268419860839842,0.0688766539096832,W1
calib_s_198.360524+54.59188,58982.65625,19.37996984863281,0.1860027760267257,W2
calib_s_198.360524+54.59188,59189.8359375,19.37206327819824,0.0739204883575439,W1
calib_s_198.360524+54.59188,59189.8359375,19.11132265472412,0.1407495141029358,W2
calib_s_198.752555+54.68102,55347.7265625,18.777876495361326,0.0460125803947448,W1
calib_s_198.752555+54.68102,55347.79296875,19.090802444458006,0.1163493022322654,W2
calib_s_198.752555+54.68102,55537.6953125,18.88541662597656,0.0569049380719661,W1
calib_s_198.752555+54.68102,55537.6953125,19.14957834625244,0.1398015618324279,W2
calib_s_198.752555+54.68102,56811.33984375,18.817844985961912,0.0483841598033905,W1
calib_s_198.752555+54.68102,56811.33984375,19.470052017211913,0.1908135265111923,W2
calib_s_198.752555+54.68102,57001.296875,18.841637252807615,0.0572183430194854,W1
calib_s_198.752555+54.68102,57001.296875,18.837402595520018,0.1248339340090751,W2
calib_s_198.752555+54.68102,57170.19140625,18.7900530090332,0.0367881990969181,W1
calib_s_198.752555+54.68102,57364.56640625,18.792814849853514,0.0486526973545551,W1
calib_s_198.752555+54.68102,57364.5,19.08984590911865,0.1421735286712646,W2
calib_s_198.752555+54.68102,57530.58203125,19.238133071899412,0.0690663158893585,W1
calib_s_198.752555+54.68102,57530.58203125,18.846369995117186,0.1143824234604835,W2
calib_s_198.752555+54.68102,57728.76171875,18.730879425048826,0.0468850843608379,W1
calib_s_198.752555+54.68102,57728.76171875,18.907737030029296,0.1301865130662918,W2
calib_s_198.752555+54.68102,57891.02734375,18.709768890380857,0.0412738844752311,W1
calib_s_198.752555+54.68102,57891.02734375,18.78661848449707,0.1001761108636856,W2
calib_s_198.752555+54.68102,58094.25,18.793480514526365,0.0544829927384853,W1
calib_s_198.752555+54.68102,58094.25,18.95993925476074,0.1464763879776001,W2
calib_s_198.752555+54.68102,58255.34375,18.860484375,0.1096625104546547,W2
calib_s_198.752555+54.68102,58459.9453125,18.826418518066404,0.0527546070516109,W1
calib_s_198.752555+54.68102,58459.9453125,18.724124206542967,0.1143647208809852,W2
calib_s_198.752555+54.68102,58617.08203125,18.7913957824707,0.0338200442492961,W1
calib_s_198.752555+54.68102,58824.1328125,18.83076155090332,0.049436829984188,W1
calib_s_198.752555+54.68102,58824.1328125,19.0283892288208,0.1400574296712875,W2
calib_s_198.752555+54.68102,58982.65625,18.80706655883789,0.0476949326694011,W1
calib_s_198.752555+54.68102,58982.65625,19.097380889892577,0.1472972631454467,W2
calib_s_198.752555+54.68102,59189.8359375,18.779039978027342,0.0475455746054649,W1
calib_s_198.752555+54.68102,59189.8359375,18.89937425994873,0.133655235171318,W2
calib_s_198.954851+54.61798,55347.7265625,19.089583038330076,0.0630244836211204,W1
calib_s_198.954851+54.61798,55347.79296875,18.940486206054686,0.1042021438479423,W2
calib_s_198.954851+54.61798,55537.6953125,19.126644729614256,0.0711970999836921,W1
calib_s_198.954851+54.61798,55537.6953125,19.05802847290039,0.1364138126373291,W2
calib_s_198.954851+54.61798,56811.33984375,19.159353851318357,0.0648887529969215,W1
calib_s_198.954851+54.61798,56811.33984375,19.164747489929198,0.1418816000223159,W2
calib_s_198.954851+54.61798,57001.296875,19.216601013183592,0.077866643667221,W1
calib_s_198.954851+54.61798,57001.296875,19.477628005981444,0.2304121851921081,W2
calib_s_198.954851+54.61798,57170.19140625,19.09466612243652,0.0524745844304561,W1
calib_s_198.954851+54.61798,57170.19140625,19.162522567749022,0.1280041337013244,W2
calib_s_198.954851+54.61798,57364.56640625,19.189028381347654,0.0696905404329299,W1
calib_s_198.954851+54.61798,57364.5,18.998952163696288,0.1314013749361038,W2
calib_s_198.954851+54.61798,57530.58203125,19.168182968139647,0.0655400305986404,W1
calib_s_198.954851+54.61798,57530.58203125,19.23471666717529,0.1611003577709198,W2
calib_s_198.954851+54.61798,57728.76171875,19.268307327270506,0.0814716294407844,W1
calib_s_198.954851+54.61798,57728.76171875,19.128750099182128,0.1669638007879257,W2
calib_s_198.954851+54.61798,57891.02734375,19.151415466308592,0.0677313357591629,W1
calib_s_198.954851+54.61798,57891.02734375,18.95400835418701,0.1336985677480697,W2
calib_s_198.954851+54.61798,58094.25,19.00843489074707,0.0611505769193172,W1
calib_s_198.954851+54.61798,58094.25,18.916155113220217,0.1272133737802505,W2
calib_s_198.954851+54.61798,58255.34375,19.130863784790037,0.0635448023676872,W1
calib_s_198.954851+54.61798,58459.9453125,19.184059738159178,0.0710257515311241,W1
calib_s_198.954851+54.61798,58617.08203125,19.100014328002928,0.045322798192501,W1
calib_s_198.954851+54.61798,58617.08203125,19.113762153625487,0.1116586476564407,W2
calib_s_198.954851+54.61798,58824.1328125,19.087357162475584,0.0625710040330886,W1
calib_s_198.954851+54.61798,58824.1328125,18.883667243957518,0.128635287284851,W2
calib_s_198.954851+54.61798,58982.65625,19.037972091674803,0.0587709061801433,W1
calib_s_198.954851+54.61798,58982.65625,19.10012937927246,0.1520662903785705,W2
calib_s_198.954851+54.61798,59189.8359375,19.139271377563475,0.063343696296215,W1
calib_s_198.954851+54.61798,59189.8359375,19.08483721160889,0.1527710556983947,W2
calib_s_198.3452+54.572933,55347.7265625,18.82727110290527,0.0459479354321956,W1
calib_s_198.3452+54.572933,55347.79296875,19.262365592956545,0.1344374269247055,W2
calib_s_198.3452+54.572933,55537.6953125,18.736845611572264,0.0485968478024005,W1
calib_s_198.3452+54.572933,56811.33984375,18.60162985229492,0.0397434420883655,W1
calib_s_198.3452+54.572933,56811.33984375,19.62476850891113,0.2224143594503402,W2
calib_s_198.3452+54.572933,57001.296875,18.81831800842285,0.0549527592957019,W1
calib_s_198.3452+54.572933,57170.19140625,18.74285185241699,0.0340380072593688,W1
calib_s_198.3452+54.572933,57170.19140625,19.149035705566405,0.1107452884316444,W2
calib_s_198.3452+54.572933,57364.56640625,18.652846931457518,0.0462489910423755,W1
calib_s_198.3452+54.572933,57364.5,19.459048522949217,0.2154429107904434,W2
calib_s_198.3452+54.572933,57530.58203125,18.67529356384277,0.0405119396746158,W1
calib_s_198.3452+54.572933,57530.58203125,19.367121948242186,0.1766495108604431,W2
calib_s_198.3452+54.572933,57728.76171875,18.762888549804686,0.0458402894437313,W1
calib_s_198.3452+54.572933,57728.76171875,19.214425338745116,0.1614851802587509,W2
calib_s_198.3452+54.572933,57891.02734375,18.7428117980957,0.0432968325912952,W1
calib_s_198.3452+54.572933,57891.02734375,19.04342485809326,0.12774159014225,W2
calib_s_198.3452+54.572933,58094.25,18.8103166809082,0.0507865212857723,W1
calib_s_198.3452+54.572933,58094.25,18.9789450302124,0.1417737156152725,W2
calib_s_198.3452+54.572933,58255.34375,18.71358930969238,0.044297020882368,W1
calib_s_198.3452+54.572933,58255.34375,19.263798011779784,0.1677672564983368,W2
calib_s_198.3452+54.572933,58459.9453125,18.579881309509275,0.0410996228456497,W1
calib_s_198.3452+54.572933,58459.9453125,19.099217666625975,0.1570048183202743,W2
calib_s_198.3452+54.572933,58617.08203125,18.850676177978514,0.0379636622965335,W1
calib_s_198.3452+54.572933,58824.1328125,18.68180334472656,0.0426173992455005,W1
calib_s_198.3452+54.572933,58824.1328125,19.021413101196288,0.1443322300910949,W2
calib_s_198.3452+54.572933,58982.65625,18.778551696777342,0.0455073155462741,W1
calib_s_198.3452+54.572933,59189.8359375,18.901581405639647,0.0475919358432292,W1
calib_s_198.3452+54.572933,59189.8359375,19.49065328979492,0.1979168057441711,W2
calib_s_198.769457+54.63405,55347.7265625,18.669092773437498,0.0425015464425087,W1
calib_s_198.769457+54.63405,55347.79296875,19.160356773376463,0.1244382411241531,W2
calib_s_198.769457+54.63405,55537.6953125,18.724651931762693,0.051808301359415,W1
calib_s_198.769457+54.63405,55537.6953125,19.02159811401367,0.1326339095830917,W2
calib_s_198.769457+54.63405,56811.33984375,18.719410537719725,0.0466789305210113,W1
calib_s_198.769457+54.63405,56811.33984375,19.15646959686279,0.1445538401603698,W2
calib_s_198.769457+54.63405,57001.296875,18.73980581665039,0.0475684329867363,W1
calib_s_198.769457+54.63405,57001.296875,19.201058639526366,0.1663293242454528,W2
calib_s_198.769457+54.63405,57170.19140625,18.671270011901854,0.0350579731166362,W1
calib_s_198.769457+54.63405,57170.19140625,19.0648186340332,0.1168597415089607,W2
calib_s_198.769457+54.63405,57364.56640625,18.72887480163574,0.0456872768700122,W1
calib_s_198.769457+54.63405,57364.5,19.320196403503417,0.1771788895130157,W2
calib_s_198.769457+54.63405,57530.58203125,18.667896865844728,0.041665744036436,W1
calib_s_198.769457+54.63405,57530.58203125,19.13171221160889,0.1481961160898208,W2
calib_s_198.769457+54.63405,57728.76171875,18.677754997253416,0.0445577390491962,W1
calib_s_198.769457+54.63405,57728.76171875,19.533084167480467,0.2195614874362945,W2
calib_s_198.769457+54.63405,57891.02734375,18.709354995727537,0.0413708724081516,W1
calib_s_198.769457+54.63405,57891.02734375,19.272490753173827,0.1566522717475891,W2
calib_s_198.769457+54.63405,58094.25,18.588171600341795,0.0429374016821384,W1
calib_s_198.769457+54.63405,58094.25,19.21293569946289,0.1893914341926574,W2
calib_s_198.769457+54.63405,58255.34375,18.64137422943115,0.0399047695100307,W1
calib_s_198.769457+54.63405,58255.34375,19.096929801940917,0.1448897868394851,W2
calib_s_198.769457+54.63405,58459.9453125,18.740799545288084,0.0501772798597812,W1
calib_s_198.769457+54.63405,58459.9453125,19.05504824066162,0.158716931939125,W2
calib_s_198.769457+54.63405,58617.08203125,18.659028648376463,0.032207902520895,W1
calib_s_198.769457+54.63405,58617.08203125,19.139108909606932,0.1144572123885154,W2
calib_s_198.769457+54.63405,58824.1328125,18.61397039794922,0.0412590913474559,W1
calib_s_198.769457+54.63405,58824.1328125,19.59889532470703,0.2487928718328476,W2
calib_s_198.769457+54.63405,58982.65625,18.62471449279785,0.0414005443453788,W1
calib_s_198.769457+54.63405,58982.65625,19.22609259033203,0.1755890995264053,W2
calib_s_198.769457+54.63405,59189.8359375,18.68279611968994,0.0429362840950489,W1
calib_s_198.769457+54.63405,59189.8359375,18.816478981018065,0.118440993130207,W2
calib_s_198.876885+54.597914,55347.7265625,19.10363829040527,0.0625283196568489,W1
calib_s_198.876885+54.597914,55347.79296875,19.107588066101073,0.1191979572176933,W2
calib_s_198.876885+54.597914,55537.6953125,19.081685317993163,0.1367776840925216,W2
calib_s_198.876885+54.597914,56811.33984375,19.310896514892576,0.0739158317446708,W1
calib_s_198.876885+54.597914,56811.33984375,19.459597839355467,0.1837908774614334,W2
calib_s_198.876885+54.597914,57001.296875,19.09874784851074,0.0729318484663963,W1
calib_s_198.876885+54.597914,57001.296875,19.401496185302733,0.2188887000083923,W2
calib_s_198.876885+54.597914,57170.19140625,19.12307989501953,0.0543732829391956,W1
calib_s_198.876885+54.597914,57170.19140625,19.07472254180908,0.1160475388169288,W2
calib_s_198.876885+54.597914,57364.56640625,18.93631994628906,0.0574966110289096,W1
calib_s_198.876885+54.597914,57364.5,19.319384826660155,0.1781628280878067,W2
calib_s_198.876885+54.597914,57530.58203125,19.069243072509764,0.0589317977428436,W1
calib_s_198.876885+54.597914,57530.58203125,18.804730667114256,0.1111371964216232,W2
calib_s_198.876885+54.597914,57728.76171875,19.087359069824217,0.0616352669894695,W1
calib_s_198.876885+54.597914,57891.02734375,19.048092483520506,0.056105151772499,W1
calib_s_198.876885+54.597914,58094.25,19.81637121582031,0.3087276518344879,W2
calib_s_198.876885+54.597914,58255.34375,19.002710937499998,0.0548844151198864,W1
calib_s_198.876885+54.597914,58459.9453125,18.985878585815428,0.063452772796154,W1
calib_s_198.876885+54.597914,58459.9453125,19.36167837524414,0.2167229056358337,W2
calib_s_198.876885+54.597914,58617.08203125,19.04187643432617,0.0433437749743461,W1
calib_s_198.876885+54.597914,58617.08203125,19.27879835510254,0.1278290152549743,W2
calib_s_198.876885+54.597914,58824.1328125,19.007170318603514,0.0611706264317035,W1
calib_s_198.876885+54.597914,58824.1328125,19.13779283905029,0.1639208793640136,W2
calib_s_198.876885+54.597914,58982.65625,18.995457290649412,0.0550227276980876,W1
calib_s_198.876885+54.597914,59189.8359375,19.029875396728514,0.0575471259653568,W1
calib_s_198.876885+54.597914,59189.8359375,19.22252584838867,0.1721979826688766,W2
calib_s_198.899928+54.660279,55347.7265625,19.782946228027342,0.1141515746712684,W1
calib_s_198.899928+54.660279,55347.79296875,19.034339202880858,0.110725849866867,W2
calib_s_198.899928+54.660279,55537.6953125,19.744400619506834,0.1259528845548629,W1
calib_s_198.899928+54.660279,55537.6953125,19.0220358505249,0.1296346932649612,W2
calib_s_198.899928+54.660279,56811.33984375,19.546755432128904,0.0956625193357467,W1
calib_s_198.899928+54.660279,56811.33984375,18.96995188140869,0.1205456554889679,W2
calib_s_198.899928+54.660279,57001.296875,19.68883573913574,0.1171666532754898,W1
calib_s_198.899928+54.660279,57001.296875,18.864128364562987,0.1255568712949752,W2
calib_s_198.899928+54.660279,57170.19140625,19.642906784057615,0.0870470479130745,W1
calib_s_198.899928+54.660279,57170.19140625,18.803522361755373,0.0920464470982551,W2
calib_s_198.899928+54.660279,57364.56640625,19.645651458740232,0.1062211319804191,W1
calib_s_198.899928+54.660279,57364.5,19.13118292236328,0.1467836201190948,W2
calib_s_198.899928+54.660279,57530.58203125,19.6867815246582,0.1076089814305305,W1
calib_s_198.899928+54.660279,57530.58203125,19.06835676574707,0.1434092074632644,W2
calib_s_198.899928+54.660279,57728.76171875,19.58028089904785,0.1015819832682609,W1
calib_s_198.899928+54.660279,57728.76171875,19.117347015380858,0.1538792699575424,W2
calib_s_198.899928+54.660279,57891.02734375,19.55548727416992,0.0952048674225807,W1
calib_s_198.899928+54.660279,57891.02734375,19.22454000854492,0.1605640053749084,W2
calib_s_198.899928+54.660279,58094.25,19.743059753417967,0.1173603013157844,W1
calib_s_198.899928+54.660279,58094.25,18.89735723876953,0.1210611760616302,W2
calib_s_198.899928+54.660279,58255.34375,19.498482345581053,0.0889765247702598,W1
calib_s_198.899928+54.660279,58255.34375,19.03811193847656,0.1365818977355957,W2
calib_s_198.899928+54.660279,58459.9453125,19.637777923583982,0.1098929196596145,W1
calib_s_198.899928+54.660279,58459.9453125,18.985291732788085,0.144916146993637,W2
calib_s_198.899928+54.660279,58617.08203125,19.794361709594725,0.0864436402916908,W1
calib_s_198.899928+54.660279,58617.08203125,18.919833435058592,0.0929816365242004,W2
calib_s_198.899928+54.660279,58824.1328125,19.630213378906248,0.1010343059897422,W1
calib_s_198.899928+54.660279,58824.1328125,19.02074648284912,0.1366363763809204,W2
calib_s_198.899928+54.660279,58982.65625,19.76717054748535,0.1100162118673324,W1
calib_s_198.899928+54.660279,58982.65625,18.951305641174315,0.1256749182939529,W2
calib_s_198.899928+54.660279,59189.8359375,19.76459944152832,0.1147519275546073,W1
calib_s_198.899928+54.660279,59189.8359375,19.134216560363768,0.1590324640274047,W2
calib_s_198.746535+54.567422,55347.7265625,19.25362837219238,0.0670133903622627,W1
calib_s_198.746535+54.567422,55347.79296875,19.181467308044432,0.1187374144792556,W2
calib_s_198.746535+54.567422,55537.6953125,19.141518234252928,0.0754788890480995,W1
calib_s_198.746535+54.567422,55537.6953125,19.03201414489746,0.1366784870624542,W2
calib_s_198.746535+54.567422,56811.33984375,19.133053421020506,0.0631849095225334,W1
calib_s_198.746535+54.567422,56811.33984375,19.46326948547363,0.1872142851352691,W2
calib_s_198.746535+54.567422,57001.296875,19.18679487609863,0.0722297802567482,W1
calib_s_198.746535+54.567422,57001.296875,19.05093218231201,0.1442109644412994,W2
calib_s_198.746535+54.567422,57170.19140625,19.328888534545897,0.0678326115012168,W1
calib_s_198.746535+54.567422,57170.19140625,19.428788436889647,0.1615428626537323,W2
calib_s_198.746535+54.567422,57364.56640625,19.426298736572264,0.0867766812443733,W1
calib_s_198.746535+54.567422,57364.5,19.099909080505373,0.1406106054782867,W2
calib_s_198.746535+54.567422,57530.58203125,19.24494039916992,0.0717559903860092,W1
calib_s_198.746535+54.567422,57530.58203125,19.200281394958495,0.1612680703401565,W2
calib_s_198.746535+54.567422,57728.76171875,19.173853515624998,0.0688147842884063,W1
calib_s_198.746535+54.567422,57891.02734375,19.097023605346678,0.0632268115878105,W1
calib_s_198.746535+54.567422,58094.25,19.312496780395506,0.0808944255113601,W1
calib_s_198.746535+54.567422,58094.25,19.04235006713867,0.1490965187549591,W2
calib_s_198.746535+54.567422,58255.34375,19.236532806396482,0.0680378973484039,W1
calib_s_198.746535+54.567422,58255.34375,19.196367515563963,0.1555914431810379,W2
calib_s_198.746535+54.567422,58459.9453125,19.344561218261717,0.0845970064401626,W1
calib_s_198.746535+54.567422,58459.9453125,19.11103845977783,0.1627689599990844,W2
calib_s_198.746535+54.567422,58617.08203125,19.098162292480467,0.0459850877523422,W1
calib_s_198.746535+54.567422,58617.08203125,19.376771224975585,0.1418517827987671,W2
calib_s_198.746535+54.567422,58824.1328125,19.300470947265623,0.0765291005373001,W1
calib_s_198.746535+54.567422,58824.1328125,19.179587615966796,0.1561651229858398,W2
calib_s_198.746535+54.567422,58982.65625,19.341358779907225,0.0776497349143028,W1
calib_s_198.746535+54.567422,59189.8359375,19.21965849304199,0.0700859725475311,W1
calib_s_198.746535+54.567422,59189.8359375,19.341885818481444,0.1915856301784515,W2
calib_s_198.859254+54.525883,55347.7265625,18.787127136230467,0.0441357567906379,W1
calib_s_198.859254+54.525883,55347.79296875,19.056351913452147,0.1087080836296081,W2
calib_s_198.859254+54.525883,55537.6953125,18.806677459716795,0.0566738024353981,W1
calib_s_198.859254+54.525883,55537.6953125,19.430190338134764,0.2030937075614929,W2
calib_s_198.859254+54.525883,56811.33984375,18.695415138244627,0.0421584583818912,W1
calib_s_198.859254+54.525883,56811.33984375,19.199710144042967,0.1432407349348068,W2
calib_s_198.859254+54.525883,57001.296875,18.75555479431152,0.0507542416453361,W1
calib_s_198.859254+54.525883,57001.296875,19.155469192504885,0.1619888842105865,W2
calib_s_198.859254+54.525883,57170.19140625,18.76388800048828,0.0420059971511364,W1
calib_s_198.859254+54.525883,57170.19140625,19.1269581451416,0.1320047378540039,W2
calib_s_198.859254+54.525883,57364.56640625,18.782942413330076,0.0490299314260482,W1
calib_s_198.859254+54.525883,57364.5,19.314541114807128,0.1797340810298919,W2
calib_s_198.859254+54.525883,57530.58203125,18.76593649291992,0.0475223809480667,W1
calib_s_198.859254+54.525883,57728.76171875,18.653413414001463,0.043008703738451,W1
calib_s_198.859254+54.525883,57728.76171875,19.134677185058592,0.1514528840780258,W2
calib_s_198.859254+54.525883,57891.02734375,18.883997558593748,0.0528742261230945,W1
calib_s_198.859254+54.525883,57891.02734375,19.103798164367674,0.1485600918531417,W2
calib_s_198.859254+54.525883,58094.25,18.804047225952147,0.0485645309090614,W1
calib_s_198.859254+54.525883,58094.25,19.330107940673827,0.1928074061870575,W2
calib_s_198.859254+54.525883,58255.34375,18.79310285949707,0.0443877689540386,W1
calib_s_198.859254+54.525883,58255.34375,19.146216644287108,0.1449103355407714,W2
calib_s_198.859254+54.525883,58459.9453125,18.69836485290527,0.0482860207557678,W1
calib_s_198.859254+54.525883,58459.9453125,19.468615783691405,0.23277248442173,W2
calib_s_198.859254+54.525883,58617.08203125,18.769478439331053,0.0341946370899677,W1
calib_s_198.859254+54.525883,58617.08203125,19.38677145385742,0.1409340500831604,W2
calib_s_198.859254+54.525883,58824.1328125,18.71336424255371,0.0457893423736095,W1
calib_s_198.859254+54.525883,58824.1328125,18.99722696685791,0.1422781646251678,W2
calib_s_198.859254+54.525883,58982.65625,18.935171722412107,0.0536651015281677,W1
calib_s_198.859254+54.525883,58982.65625,19.505831970214842,0.2194426953792572,W2
calib_s_198.859254+54.525883,59189.8359375,18.759077667236326,0.0441810302436351,W1
calib_s_198.859254+54.525883,59189.8359375,18.975716842651366,0.1371374726295471,W2
calib_s_198.689654+54.714952,55347.7265625,18.847826599121092,0.0481035821139812,W1
calib_s_198.689654+54.714952,55347.79296875,19.33706499481201,0.1444613188505172,W2
calib_s_198.689654+54.714952,55537.6953125,18.73779165649414,0.050532691180706,W1
calib_s_198.689654+54.714952,55537.6953125,19.0035450592041,0.1295645236968994,W2
calib_s_198.689654+54.714952,56811.33984375,18.78345358276367,0.0467139519751071,W1
calib_s_198.689654+54.714952,56811.33984375,19.111310256958006,0.1371583640575409,W2
calib_s_198.689654+54.714952,57001.296875,18.83378088378906,0.05497482791543,W1
calib_s_198.689654+54.714952,57001.296875,19.202439559936522,0.1774534583091735,W2
calib_s_198.689654+54.714952,57170.19140625,18.854160903930662,0.0385288782417774,W1
calib_s_198.689654+54.714952,57170.19140625,19.389519943237303,0.1459425389766693,W2
calib_s_198.689654+54.714952,57364.56640625,18.777245162963865,0.0486625358462333,W1
calib_s_198.689654+54.714952,57364.5,18.92435099029541,0.1196629554033279,W2
calib_s_198.689654+54.714952,57530.58203125,18.757156967163084,0.0452562533318996,W1
calib_s_198.689654+54.714952,57530.58203125,19.073662055969237,0.1402601450681686,W2
calib_s_198.689654+54.714952,57728.76171875,18.80712759399414,0.0510589443147182,W1
calib_s_198.689654+54.714952,57728.76171875,18.99826456451416,0.144548550248146,W2
calib_s_198.689654+54.714952,57891.02734375,18.720991729736326,0.0430537723004817,W1
calib_s_198.689654+54.714952,57891.02734375,19.052668823242186,0.1312742680311203,W2
calib_s_198.689654+54.714952,58094.25,18.88232290649414,0.0560709498822689,W1
calib_s_198.689654+54.714952,58255.34375,18.762392639160154,0.0439484193921089,W1
calib_s_198.689654+54.714952,58255.34375,19.07913614654541,0.1371560394763946,W2
calib_s_198.689654+54.714952,58459.9453125,18.77218878173828,0.0509755127131938,W1
calib_s_198.689654+54.714952,58459.9453125,19.191252960205077,0.1832169145345688,W2
calib_s_198.689654+54.714952,58617.08203125,18.96302473449707,0.0389225520193576,W1
calib_s_198.689654+54.714952,58617.08203125,19.23418356323242,0.118171714246273,W2
calib_s_198.689654+54.714952,58824.1328125,18.76666319274902,0.0477902665734291,W1
calib_s_198.689654+54.714952,58824.1328125,19.138200057983397,0.1573314368724823,W2
calib_s_198.689654+54.714952,58982.65625,18.837816833496092,0.0502475425601005,W1
calib_s_198.689654+54.714952,58982.65625,18.95042063140869,0.1336678117513656,W2
calib_s_198.689654+54.714952,59189.8359375,18.70796072387695,0.0443641766905784,W1
calib_s_198.689654+54.714952,59189.8359375,19.444657577514647,0.2201121598482132,W2
calib_s_198.391827+54.548099,55347.7265625,18.613898872375486,0.0378824472427368,W1
calib_s_198.391827+54.548099,55347.79296875,19.07536722564697,0.1100737601518631,W2
calib_s_198.391827+54.548099,55537.6953125,18.705500244140623,0.0491608418524265,W1
calib_s_198.391827+54.548099,55537.6953125,19.01472021484375,0.1288178116083145,W2
calib_s_198.391827+54.548099,56811.33984375,18.504301666259764,0.0369046069681644,W1
calib_s_198.391827+54.548099,56811.33984375,18.946151985168456,0.1152732893824577,W2
calib_s_198.391827+54.548099,57001.296875,18.596047996520994,0.0418684482574462,W1
calib_s_198.391827+54.548099,57001.296875,18.938427223205565,0.1280097514390945,W2
calib_s_198.391827+54.548099,57170.19140625,18.60162317657471,0.0311062987893819,W1
calib_s_198.391827+54.548099,57170.19140625,18.92528273010254,0.090409480035305,W2
calib_s_198.391827+54.548099,57364.56640625,18.552707313537596,0.0397467166185379,W1
calib_s_198.391827+54.548099,57364.5,19.218464149475096,0.1655478924512863,W2
calib_s_198.391827+54.548099,57530.58203125,18.58090746307373,0.0370068736374378,W1
calib_s_198.391827+54.548099,57530.58203125,19.171040786743163,0.1476047188043594,W2
calib_s_198.391827+54.548099,57728.76171875,18.499758361816404,0.037968311458826,W1
calib_s_198.391827+54.548099,57728.76171875,19.04100729370117,0.1378262937068939,W2
calib_s_198.391827+54.548099,57891.02734375,18.537096618652342,0.037345215678215,W1
calib_s_198.391827+54.548099,57891.02734375,19.202929748535155,0.1497415453195572,W2
calib_s_198.391827+54.548099,58094.25,18.520250915527342,0.0390248335897922,W1
calib_s_198.391827+54.548099,58094.25,19.093045486450194,0.1521436423063278,W2
calib_s_198.391827+54.548099,58255.34375,18.49551355743408,0.035496599972248,W1
calib_s_198.391827+54.548099,58255.34375,19.00230909729004,0.1365725696086883,W2
calib_s_198.391827+54.548099,58459.9453125,18.575765251159666,0.04065777733922,W1
calib_s_198.391827+54.548099,58459.9453125,19.027035011291503,0.1471729129552841,W2
calib_s_198.391827+54.548099,58617.08203125,18.592062591552732,0.0294107049703598,W1
calib_s_198.391827+54.548099,58617.08203125,19.33990980529785,0.1372965723276138,W2
calib_s_198.391827+54.548099,58824.1328125,18.540962814331056,0.0368933714926242,W1
calib_s_198.391827+54.548099,58824.1328125,18.926538719177245,0.1288669109344482,W2
calib_s_198.391827+54.548099,58982.65625,18.596212028503416,0.0379304513335228,W1
calib_s_198.391827+54.548099,58982.65625,19.152581466674803,0.1543230712413787,W2
calib_s_198.391827+54.548099,59189.8359375,18.587879776000975,0.036929253488779,W1
calib_s_198.391827+54.548099,59189.8359375,19.078370346069335,0.1357599645853042,W2
calib_s_198.773662+54.558791,55347.7265625,18.551081298828123,0.0357678532600402,W1
calib_s_198.773662+54.558791,55347.79296875,19.006845726013182,0.1036648154258728,W2
calib_s_198.773662+54.558791,55537.6953125,18.55804407501221,0.0442204661667346,W1
calib_s_198.773662+54.558791,55537.6953125,19.10671068572998,0.1424806416034698,W2
calib_s_198.773662+54.558791,56811.33984375,18.526592849731443,0.0354638360440731,W1
calib_s_198.773662+54.558791,56811.33984375,18.95461584472656,0.1105784699320793,W2
calib_s_198.773662+54.558791,57001.296875,18.599982856750486,0.0422888472676277,W1
calib_s_198.773662+54.558791,57001.296875,19.225478424072264,0.1683174222707748,W2
calib_s_198.773662+54.558791,57170.19140625,18.56515467071533,0.0331519432365894,W1
calib_s_198.773662+54.558791,57170.19140625,19.180054916381835,0.1308140307664871,W2
calib_s_198.773662+54.558791,57364.56640625,18.627021430969236,0.0419483184814453,W1
calib_s_198.773662+54.558791,57530.58203125,18.541026710510252,0.0369181595742702,W1
calib_s_198.773662+54.558791,57530.58203125,19.337740196228026,0.1776383221149444,W2
calib_s_198.773662+54.558791,57728.76171875,18.61999952697754,0.04270501434803,W1
calib_s_198.773662+54.558791,57728.76171875,19.00645662689209,0.1458976715803146,W2
calib_s_198.773662+54.558791,57891.02734375,18.570522903442384,0.0400597974658012,W1
calib_s_198.773662+54.558791,57891.02734375,19.30965258026123,0.176911860704422,W2
calib_s_198.773662+54.558791,58094.25,18.534800170898436,0.0367094613611698,W1
calib_s_198.773662+54.558791,58094.25,19.00143267059326,0.1309667378664016,W2
calib_s_198.773662+54.558791,58255.34375,18.552596687316896,0.0369760766625404,W1
calib_s_198.773662+54.558791,58255.34375,19.270620597839354,0.1648350805044174,W2
calib_s_198.773662+54.558791,58459.9453125,18.51589929962158,0.0401859022676944,W1
calib_s_198.773662+54.558791,58459.9453125,19.114189399719237,0.1615071296691894,W2
calib_s_198.773662+54.558791,58617.08203125,18.57326948547363,0.0283653028309345,W1
calib_s_198.773662+54.558791,58617.08203125,19.05757738494873,0.1066108345985412,W2
calib_s_198.773662+54.558791,58824.1328125,18.52029383087158,0.0361625254154205,W1
calib_s_198.773662+54.558791,58824.1328125,18.84544874572754,0.1180272847414016,W2
calib_s_198.773662+54.558791,58982.65625,18.607782958984377,0.0389922633767128,W1
calib_s_198.773662+54.558791,58982.65625,18.831427825927733,0.1134809553623199,W2
calib_s_198.773662+54.558791,59189.8359375,18.50113165283203,0.035970713943243,W1
calib_s_198.773662+54.558791,59189.8359375,18.963589920043944,0.134866401553154,W2
calib_s_198.948214+54.568613,55347.7265625,18.882280944824217,0.0493813417851924,W1
calib_s_198.948214+54.568613,55537.6953125,18.973131774902342,0.0625640377402305,W1
calib_s_198.948214+54.568613,55537.6953125,19.22399641418457,0.1590570658445358,W2
calib_s_198.948214+54.568613,56811.33984375,18.999842285156248,0.05706787109375,W1
calib_s_198.948214+54.568613,57001.296875,19.056624053955076,0.0673742592334747,W1
calib_s_198.948214+54.568613,57001.296875,19.11290956878662,0.160497784614563,W2
calib_s_198.948214+54.568613,57170.19140625,18.965262054443357,0.0496726967394351,W1
calib_s_198.948214+54.568613,57364.56640625,18.971405624389647,0.0594245418906211,W1
calib_s_198.948214+54.568613,57530.58203125,19.004721282958982,0.055253978818655,W1
calib_s_198.948214+54.568613,57728.76171875,19.23339010620117,0.1671291589736938,W2
calib_s_198.948214+54.568613,57891.02734375,19.214220642089842,0.0667878612875938,W1
calib_s_198.948214+54.568613,58094.25,18.986919998168943,0.0570596791803836,W1
calib_s_198.948214+54.568613,58094.25,19.251745475769045,0.17608243227005,W2
calib_s_198.948214+54.568613,58255.34375,18.971249221801756,0.0521830394864082,W1
calib_s_198.948214+54.568613,58255.34375,19.043311370849608,0.1285282969474792,W2
calib_s_198.948214+54.568613,58459.9453125,18.96815168762207,0.0610247626900672,W1
calib_s_198.948214+54.568613,58459.9453125,19.1485703125,0.1757321506738662,W2
calib_s_198.948214+54.568613,58617.08203125,19.092371582031248,0.0452415011823177,W1
calib_s_198.948214+54.568613,58617.08203125,19.320001853942873,0.1315956860780716,W2
calib_s_198.948214+54.568613,58824.1328125,19.013695358276365,0.0589409098029136,W1
calib_s_198.948214+54.568613,58824.1328125,19.39103056335449,0.2061379700899124,W2
calib_s_198.948214+54.568613,58982.65625,18.986078857421873,0.0546047613024711,W1
calib_s_198.948214+54.568613,58982.65625,19.02313543701172,0.1341347843408584,W2
calib_s_198.948214+54.568613,59189.8359375,19.355642913818357,0.0740797594189643,W1
calib_s_198.838573+54.408735,55347.7265625,18.63866579437256,0.0393741987645626,W1
calib_s_198.838573+54.408735,55347.79296875,19.205536140441897,0.1269507706165313,W2
calib_s_198.838573+54.408735,55537.6953125,18.58155977630615,0.0434297434985637,W1
calib_s_198.838573+54.408735,55537.6953125,19.47448469543457,0.1924325078725814,W2
calib_s_198.838573+54.408735,56811.33984375,18.621077178955076,0.0394457541406154,W1
calib_s_198.838573+54.408735,57001.296875,18.607738136291502,0.0422963201999664,W1
calib_s_198.838573+54.408735,57001.296875,18.84897447967529,0.1181605234742164,W2
calib_s_198.838573+54.408735,57170.19140625,18.616978286743162,0.0358220748603343,W1
calib_s_198.838573+54.408735,57170.19140625,19.14757753753662,0.1331985890865326,W2
calib_s_198.838573+54.408735,57364.56640625,18.506162284851072,0.0398592315614223,W1
calib_s_198.838573+54.408735,57364.5,19.457757247924803,0.2033971846103668,W2
calib_s_198.838573+54.408735,57530.58203125,18.58660757446289,0.0382375046610832,W1
calib_s_198.838573+54.408735,57530.58203125,18.97709585571289,0.1234623938798904,W2
calib_s_198.838573+54.408735,57728.76171875,18.514883636474607,0.0391769595444202,W1
calib_s_198.838573+54.408735,57728.76171875,19.266013397216796,0.1815326511859893,W2
calib_s_198.838573+54.408735,57891.02734375,18.637380241394045,0.0399325191974639,W1
calib_s_198.838573+54.408735,57891.02734375,19.002405418395995,0.1229529678821563,W2
calib_s_198.838573+54.408735,58094.25,18.617787002563475,0.0410958342254161,W1
calib_s_198.838573+54.408735,58094.25,19.06318689727783,0.1461276859045028,W2
calib_s_198.838573+54.408735,58255.34375,18.76139891052246,0.0459918454289436,W1
calib_s_198.838573+54.408735,58255.34375,19.124011291503905,0.1521010845899582,W2
calib_s_198.838573+54.408735,58459.9453125,18.499440788269045,0.0422997772693634,W1
calib_s_198.838573+54.408735,58459.9453125,19.113836540222167,0.1867090761661529,W2
calib_s_198.838573+54.408735,58617.08203125,18.624709724426268,0.0310970153659582,W1
calib_s_198.838573+54.408735,58617.08203125,19.07535673522949,0.1071210131049156,W2
calib_s_198.838573+54.408735,58824.1328125,18.55877649688721,0.0385944172739982,W1
calib_s_198.838573+54.408735,58824.1328125,19.10419012451172,0.1534945666790008,W2
calib_s_198.838573+54.408735,58982.65625,18.66673052215576,0.0434368923306465,W1
calib_s_198.838573+54.408735,58982.65625,19.08217932128906,0.1510468274354934,W2
calib_s_198.838573+54.408735,59189.8359375,18.567788719177244,0.0352595522999763,W1
calib_s_198.921099+54.565809,55347.7265625,18.729282974243162,0.0425393097102642,W1
calib_s_198.921099+54.565809,55347.79296875,18.977278007507323,0.1012969836592674,W2
calib_s_198.921099+54.565809,55537.6953125,18.76268827819824,0.0522767007350921,W1
calib_s_198.921099+54.565809,55537.6953125,19.029731048583983,0.1318944692611694,W2
calib_s_198.921099+54.565809,56811.33984375,18.696031211853025,0.0437650643289089,W1
calib_s_198.921099+54.565809,56811.33984375,18.86905313873291,0.1109194159507751,W2
calib_s_198.921099+54.565809,57001.296875,18.84722959899902,0.0568950064480304,W1
calib_s_198.921099+54.565809,57001.296875,18.93992067718506,0.1405504494905471,W2
calib_s_198.921099+54.565809,57170.19140625,18.712507843017576,0.0387778915464878,W1
calib_s_198.921099+54.565809,57170.19140625,18.936350120544432,0.1037116721272468,W2
calib_s_198.921099+54.565809,57364.56640625,18.756140350341795,0.0481992177665233,W1
calib_s_198.921099+54.565809,57530.58203125,18.792185424804686,0.0485981814563274,W1
calib_s_198.921099+54.565809,57530.58203125,18.68929411315918,0.1000945195555687,W2
calib_s_198.921099+54.565809,57728.76171875,18.70832693481445,0.0440267510712146,W1
calib_s_198.921099+54.565809,57728.76171875,18.934857620239256,0.1225021556019783,W2
calib_s_198.921099+54.565809,57891.02734375,18.730158447265623,0.0435508228838443,W1
calib_s_198.921099+54.565809,57891.02734375,19.092103256225585,0.1378616243600845,W2
calib_s_198.921099+54.565809,58094.25,18.79174101257324,0.0474353209137916,W1
calib_s_198.921099+54.565809,58094.25,18.815289749145506,0.1198191121220588,W2
calib_s_198.921099+54.565809,58255.34375,18.687098144531248,0.039950143545866,W1
calib_s_198.921099+54.565809,58255.34375,19.1852495803833,0.1507657915353775,W2
calib_s_198.921099+54.565809,58459.9453125,18.79122602844238,0.0543857961893081,W1
calib_s_198.921099+54.565809,58617.08203125,18.692920326232908,0.0313264913856983,W1
calib_s_198.921099+54.565809,58617.08203125,18.85459543609619,0.0872210636734962,W2
calib_s_198.921099+54.565809,58824.1328125,18.82116567993164,0.0492105074226856,W1
calib_s_198.921099+54.565809,58824.1328125,19.08630587005615,0.148636445403099,W2
calib_s_198.921099+54.565809,58982.65625,18.58652269744873,0.0376641973853111,W1
calib_s_198.921099+54.565809,58982.65625,19.011271728515624,0.1317321807146072,W2
calib_s_198.921099+54.565809,59189.8359375,18.739201187133787,0.0440533198416233,W1
calib_s_198.921099+54.565809,59189.8359375,18.897528900146483,0.1283378452062606,W2
calib_s_198.726659+54.505843,55347.7265625,18.795332550048826,0.0449693799018859,W1
calib_s_198.726659+54.505843,55347.79296875,19.096136344909667,0.114346258342266,W2
calib_s_198.726659+54.505843,55537.6953125,18.59169924163818,0.0447499975562095,W1
calib_s_198.726659+54.505843,55537.6953125,19.01151396179199,0.1274918019771576,W2
calib_s_198.726659+54.505843,56811.33984375,18.75335562133789,0.0447657704353332,W1
calib_s_198.726659+54.505843,56811.33984375,19.013476623535155,0.1226057335734367,W2
calib_s_198.726659+54.505843,57001.296875,18.762934326171873,0.0534739345312118,W1
calib_s_198.726659+54.505843,57001.296875,19.26687456512451,0.1976824104785919,W2
calib_s_198.726659+54.505843,57170.19140625,18.762772201538084,0.0410191044211387,W1
calib_s_198.726659+54.505843,57170.19140625,19.260408653259276,0.1463435441255569,W2
calib_s_198.726659+54.505843,57364.56640625,18.849522232055662,0.0531851835548877,W1
calib_s_198.726659+54.505843,57364.5,19.305408729553225,0.1832195520401001,W2
calib_s_198.726659+54.505843,57530.58203125,18.699192642211912,0.0424042344093322,W1
calib_s_198.726659+54.505843,57530.58203125,19.205152763366698,0.1607703417539596,W2
calib_s_198.726659+54.505843,57728.76171875,18.61936437988281,0.0449317321181297,W1
calib_s_198.726659+54.505843,57728.76171875,19.100900901794432,0.1595121771097183,W2
calib_s_198.726659+54.505843,57891.02734375,18.809229492187498,0.0456678494811058,W1
calib_s_198.726659+54.505843,57891.02734375,19.030965103149413,0.127481922507286,W2
calib_s_198.726659+54.505843,58094.25,18.70850813293457,0.0438443236052989,W1
calib_s_198.726659+54.505843,58094.25,19.220165504455565,0.1698752045631408,W2
calib_s_198.726659+54.505843,58255.34375,18.756373046874998,0.0453585609793663,W1
calib_s_198.726659+54.505843,58255.34375,19.25539995574951,0.1657627522945404,W2
calib_s_198.726659+54.505843,58459.9453125,18.744896530151365,0.0507020726799964,W1
calib_s_198.726659+54.505843,58459.9453125,18.876174224853514,0.1444252431392669,W2
calib_s_198.726659+54.505843,58617.08203125,18.729588150024412,0.0325961932539939,W1
calib_s_198.726659+54.505843,58617.08203125,19.111542953491213,0.1116379126906395,W2
calib_s_198.726659+54.505843,58824.1328125,18.811634658813475,0.0487793423235416,W1
calib_s_198.726659+54.505843,58824.1328125,18.95955492401123,0.1363291591405868,W2
calib_s_198.726659+54.505843,58982.65625,18.88117658996582,0.05231748893857,W1
calib_s_198.726659+54.505843,58982.65625,19.33390833282471,0.1959112137556076,W2
calib_s_198.726659+54.505843,59189.8359375,18.676608680725096,0.0422534756362438,W1
calib_s_198.726659+54.505843,59189.8359375,19.566584838867186,0.2338407635688781,W2
calib_s_198.458647+54.65244,55347.7265625,18.766789077758787,0.0440476834774017,W1
calib_s_198.458647+54.65244,55347.79296875,19.393632186889647,0.1507356166839599,W2
calib_s_198.458647+54.65244,55537.6953125,18.798365234374998,0.0537504255771636,W1
calib_s_198.458647+54.65244,55537.6953125,19.220013870239256,0.1569338738918304,W2
calib_s_198.458647+54.65244,56811.33984375,18.837948440551756,0.0486523620784282,W1
calib_s_198.458647+54.65244,56811.33984375,19.145344032287596,0.1401231735944748,W2
calib_s_198.458647+54.65244,57001.296875,18.8597608795166,0.0607949271798133,W1
calib_s_198.458647+54.65244,57170.19140625,18.753130554199217,0.0366451106965541,W1
calib_s_198.458647+54.65244,57170.19140625,18.912694229125975,0.0952306389808654,W2
calib_s_198.458647+54.65244,57364.56640625,18.78219854736328,0.0514573454856872,W1
calib_s_198.458647+54.65244,57364.5,18.81768728637695,0.1207277178764343,W2
calib_s_198.458647+54.65244,57530.58203125,18.72749006652832,0.0432985015213489,W1
calib_s_198.458647+54.65244,57530.58203125,19.04185701751709,0.1329147815704345,W2
calib_s_198.458647+54.65244,57728.76171875,18.69026434326172,0.0463348925113678,W1
calib_s_198.458647+54.65244,57728.76171875,19.2011711730957,0.1751693040132522,W2
calib_s_198.458647+54.65244,57891.02734375,18.81353819274902,0.0464400313794612,W1
calib_s_198.458647+54.65244,57891.02734375,18.76939894104004,0.1049876660108566,W2
calib_s_198.458647+54.65244,58094.25,18.73484289550781,0.0461093708872795,W1
calib_s_198.458647+54.65244,58094.25,19.250284446716307,0.1742640733718872,W2
calib_s_198.458647+54.65244,58255.34375,18.76329100036621,0.043890506029129,W1
calib_s_198.458647+54.65244,58255.34375,19.26781965637207,0.1644114851951599,W2
calib_s_198.458647+54.65244,58459.9453125,18.733143447875975,0.0502049960196018,W1
calib_s_198.458647+54.65244,58459.9453125,19.21758963012695,0.1824589520692825,W2
calib_s_198.458647+54.65244,58617.08203125,18.71423971557617,0.032521266490221,W1
calib_s_198.458647+54.65244,58617.08203125,19.31154180908203,0.1340584456920623,W2
calib_s_198.458647+54.65244,58824.1328125,18.746082901000975,0.0450720079243183,W1
calib_s_198.458647+54.65244,58824.1328125,19.021665824890135,0.1410555243492126,W2
calib_s_198.458647+54.65244,58982.65625,18.748001693725584,0.0452380552887916,W1
calib_s_198.458647+54.65244,59189.8359375,18.7290178527832,0.0458569712936878,W1
calib_s_198.584488+54.710412,55347.7265625,18.810557006835936,0.0494667887687683,W1
calib_s_198.584488+54.710412,55347.79296875,19.336520446777342,0.1438935101032257,W2
calib_s_198.584488+54.710412,55537.6953125,18.80154669189453,0.0543996207416057,W1
calib_s_198.584488+54.710412,55537.6953125,18.932124389648436,0.1207926273345947,W2
calib_s_198.584488+54.710412,56811.33984375,18.676064132690428,0.044329460710287,W1
calib_s_198.584488+54.710412,56811.33984375,19.04692007446289,0.1335837692022323,W2
calib_s_198.584488+54.710412,57001.296875,18.812849639892576,0.0546708852052688,W1
calib_s_198.584488+54.710412,57001.296875,19.35885168457031,0.2041584998369217,W2
calib_s_198.584488+54.710412,57170.19140625,18.774403213500975,0.0359821356832981,W1
calib_s_198.584488+54.710412,57170.19140625,19.252652420043944,0.1245124414563179,W2
calib_s_198.584488+54.710412,57364.56640625,18.778158782958982,0.0500293597579002,W1
calib_s_198.584488+54.710412,57364.5,18.93132234954834,0.12651889026165,W2
calib_s_198.584488+54.710412,57530.58203125,18.816511749267576,0.0495892018079757,W1
calib_s_198.584488+54.710412,57530.58203125,19.33913542175293,0.1851321160793304,W2
calib_s_198.584488+54.710412,57728.76171875,18.721188186645506,0.0458791926503181,W1
calib_s_198.584488+54.710412,57728.76171875,19.109941734313963,0.1524875313043594,W2
calib_s_198.584488+54.710412,57891.02734375,18.77328741455078,0.0454790107905864,W1
calib_s_198.584488+54.710412,57891.02734375,18.900483383178713,0.1164328455924987,W2
calib_s_198.584488+54.710412,58094.25,18.802195190429686,0.0523241646587848,W1
calib_s_198.584488+54.710412,58094.25,19.26296831512451,0.1952642053365707,W2
calib_s_198.584488+54.710412,58255.34375,18.863365768432615,0.0469738133251667,W1
calib_s_198.584488+54.710412,58459.9453125,18.901194213867186,0.0568697713315486,W1
calib_s_198.584488+54.710412,58459.9453125,19.024943603515624,0.149443969130516,W2
calib_s_198.584488+54.710412,58617.08203125,18.845057128906248,0.0370932444930076,W1
calib_s_198.584488+54.710412,58617.08203125,19.108537925720217,0.1136270314455032,W2
calib_s_198.584488+54.710412,58824.1328125,18.838272689819334,0.0516199320554733,W1
calib_s_198.584488+54.710412,58824.1328125,19.13750959777832,0.1580013781785965,W2
calib_s_198.584488+54.710412,58982.65625,18.80411016845703,0.0467358380556106,W1
calib_s_198.584488+54.710412,58982.65625,19.235416664123534,0.1674636155366897,W2
calib_s_198.584488+54.710412,59189.8359375,18.732349990844725,0.0483110882341861,W1
calib_s_198.584488+54.710412,59189.8359375,19.103067649841307,0.1628427058458328,W2
calib_s_198.341071+54.504888,55347.7265625,18.632882713317873,0.0416034646332263,W1
calib_s_198.341071+54.504888,55347.79296875,19.094906105041503,0.1160691455006599,W2
calib_s_198.341071+54.504888,55537.6953125,18.670223831176756,0.0504119172692298,W1
calib_s_198.341071+54.504888,55537.6953125,19.075284255981444,0.1419530659914016,W2
calib_s_198.341071+54.504888,56811.33984375,18.55977785491943,0.0382093675434589,W1
calib_s_198.341071+54.504888,56811.33984375,19.155210746765135,0.1377636641263961,W2
calib_s_198.341071+54.504888,57001.296875,18.56389963531494,0.0436197780072689,W1
calib_s_198.341071+54.504888,57001.296875,18.88899542236328,0.1332126855850219,W2
calib_s_198.341071+54.504888,57170.19140625,18.674197792053224,0.0347449593245983,W1
calib_s_198.341071+54.504888,57170.19140625,19.164193405151366,0.1229233071208,W2
calib_s_198.341071+54.504888,57364.56640625,18.70704328918457,0.0484902821481227,W1
calib_s_198.341071+54.504888,57364.5,19.12956930541992,0.1635147780179977,W2
calib_s_198.341071+54.504888,57530.58203125,18.66531050109863,0.0416065230965614,W1
calib_s_198.341071+54.504888,57530.58203125,19.03318144226074,0.1305220276117324,W2
calib_s_198.341071+54.504888,57728.76171875,18.662212013244627,0.0430809371173381,W1
calib_s_198.341071+54.504888,57728.76171875,19.05734087371826,0.1451749354600906,W2
calib_s_198.341071+54.504888,57891.02734375,18.667594551086424,0.0398316867649555,W1
calib_s_198.341071+54.504888,57891.02734375,19.067445053100585,0.1322895288467407,W2
calib_s_198.341071+54.504888,58094.25,18.56754839324951,0.042250208556652,W1
calib_s_198.341071+54.504888,58094.25,18.843425048828124,0.1310516893863678,W2
calib_s_198.341071+54.504888,58255.34375,18.56277429962158,0.0396119616925716,W1
calib_s_198.341071+54.504888,58255.34375,18.8510735168457,0.1222038269042968,W2
calib_s_198.341071+54.504888,58459.9453125,18.628780960083006,0.0441261008381843,W1
calib_s_198.341071+54.504888,58459.9453125,18.988529457092284,0.1511528342962265,W2
calib_s_198.341071+54.504888,58617.08203125,18.625235198974607,0.0290392767637968,W1
calib_s_198.341071+54.504888,58617.08203125,19.068902267456057,0.1008553579449653,W2
calib_s_198.341071+54.504888,58824.1328125,18.60168325805664,0.0404424592852592,W1
calib_s_198.341071+54.504888,58824.1328125,19.193253768920897,0.1675649285316467,W2
calib_s_198.341071+54.504888,58982.65625,18.713198303222654,0.0422491393983364,W1
calib_s_198.341071+54.504888,58982.65625,18.9375050201416,0.125560387969017,W2
calib_s_198.341071+54.504888,59189.8359375,18.583094238281248,0.0412820577621459,W1
calib_s_198.341071+54.504888,59189.8359375,19.060384048461913,0.1579027473926544,W2
calib_s_198.45423+54.682262,55347.7265625,19.05632841491699,0.0565989278256893,W1
calib_s_198.45423+54.682262,55347.79296875,19.135236038208006,0.1160922050476074,W2
calib_s_198.45423+54.682262,55537.6953125,18.90730726623535,0.0582240000367164,W1
calib_s_198.45423+54.682262,55537.6953125,18.896199478149413,0.1136910691857338,W2
calib_s_198.45423+54.682262,56811.33984375,18.804798721313475,0.048662532120943,W1
calib_s_198.45423+54.682262,57001.296875,18.686412452697752,0.0500236041843891,W1
calib_s_198.45423+54.682262,57001.296875,19.101043952941897,0.1675024628639221,W2
calib_s_198.45423+54.682262,57170.19140625,18.63363611602783,0.0339216738939285,W1
calib_s_198.45423+54.682262,57364.56640625,18.734636901855467,0.047820933163166,W1
calib_s_198.45423+54.682262,57364.5,19.305400146484377,0.1838465481996536,W2
calib_s_198.45423+54.682262,57530.58203125,18.724207519531248,0.0413997508585453,W1
calib_s_198.45423+54.682262,57530.58203125,19.25108553314209,0.1528654545545578,W2
calib_s_198.45423+54.682262,57728.76171875,18.674503921508787,0.0419052727520465,W1
calib_s_198.45423+54.682262,57728.76171875,18.922332061767577,0.1203622072935104,W2
calib_s_198.45423+54.682262,57891.02734375,19.051062835693358,0.1288971006870269,W2
calib_s_198.45423+54.682262,58094.25,18.79049517059326,0.1197060123085975,W2
calib_s_198.45423+54.682262,58255.34375,18.86491453552246,0.051066193729639,W1
calib_s_198.45423+54.682262,58255.34375,18.85162664794922,0.119250476360321,W2
calib_s_198.45423+54.682262,58459.9453125,18.715105651855467,0.0476534105837345,W1
calib_s_198.45423+54.682262,58459.9453125,19.087270988464354,0.1653857827186584,W2
calib_s_198.45423+54.682262,58617.08203125,19.10348059082031,0.1089828684926033,W2
calib_s_198.45423+54.682262,58824.1328125,18.93329168701172,0.137024849653244,W2
calib_s_198.45423+54.682262,58982.65625,19.226688636779784,0.1690704375505447,W2
calib_s_198.45423+54.682262,59189.8359375,18.778908370971678,0.0495903939008712,W1
calib_s_198.45423+54.682262,59189.8359375,19.057387603759764,0.1546493172645568,W2
calib_s_198.683796+54.509642,55347.7265625,18.920805572509764,0.0490578450262546,W1
calib_s_198.683796+54.509642,55347.79296875,19.463351501464842,0.1544471979141235,W2
calib_s_198.683796+54.509642,55537.6953125,19.04770780944824,0.1321720778942108,W2
calib_s_198.683796+54.509642,56811.33984375,19.048330902099607,0.0599004887044429,W1
calib_s_198.683796+54.509642,56811.33984375,19.27060820007324,0.1549102663993835,W2
calib_s_198.683796+54.509642,57001.296875,19.205086349487303,0.0808009877800941,W1
calib_s_198.683796+54.509642,57001.296875,19.021472229003905,0.1513347178697586,W2
calib_s_198.683796+54.509642,57170.19140625,18.949200271606443,0.0457453355193138,W1
calib_s_198.683796+54.509642,57364.56640625,18.815085052490232,0.0484493449330329,W1
calib_s_198.683796+54.509642,57364.5,19.180748237609862,0.1515600681304931,W2
calib_s_198.683796+54.509642,57530.58203125,18.851723312377928,0.0505783073604106,W1
calib_s_198.683796+54.509642,57530.58203125,18.925026191711424,0.1202965006232261,W2
calib_s_198.683796+54.509642,57728.76171875,19.080996154785154,0.0683720409870147,W1
calib_s_198.683796+54.509642,57728.76171875,19.173909439086913,0.1756946742534637,W2
calib_s_198.683796+54.509642,57891.02734375,18.911116241455076,0.0493349097669124,W1
calib_s_198.683796+54.509642,57891.02734375,19.22713304901123,0.1553249210119247,W2
calib_s_198.683796+54.509642,58094.25,19.0110002746582,0.0568048097193241,W1
calib_s_198.683796+54.509642,58094.25,19.403279556274413,0.203019842505455,W2
calib_s_198.683796+54.509642,58255.34375,18.971823333740232,0.054540991783142,W1
calib_s_198.683796+54.509642,58255.34375,19.52336813354492,0.2128423750400543,W2
calib_s_198.683796+54.509642,58459.9453125,19.105362533569334,0.0723659917712211,W1
calib_s_198.683796+54.509642,58617.08203125,18.95013487243652,0.0392493344843387,W1
calib_s_198.683796+54.509642,58617.08203125,19.110306991577147,0.1052037924528122,W2
calib_s_198.683796+54.509642,58824.1328125,19.362815155029296,0.1960925608873367,W2
calib_s_198.683796+54.509642,58982.65625,19.120682357788084,0.063667431473732,W1
calib_s_198.683796+54.509642,58982.65625,19.191931976318358,0.161258727312088,W2
calib_s_198.683796+54.509642,59189.8359375,18.951525329589842,0.0551243796944618,W1
calib_s_198.683796+54.509642,59189.8359375,19.393149627685546,0.203772023320198,W2
calib_s_198.940075+54.491061,55347.7265625,18.80134451293945,0.0456064566969871,W1
calib_s_198.940075+54.491061,55347.79296875,19.110548271179198,0.1142146438360214,W2
calib_s_198.940075+54.491061,55537.6953125,18.92055952453613,0.0591257847845554,W1
calib_s_198.940075+54.491061,55537.6953125,19.10000254058838,0.1396096348762512,W2
calib_s_198.940075+54.491061,56811.33984375,18.83586180114746,0.045877993106842,W1
calib_s_198.940075+54.491061,56811.33984375,19.16507460021973,0.1335075795650482,W2
calib_s_198.940075+54.491061,57001.296875,18.887005447387693,0.0528140179812908,W1
calib_s_198.940075+54.491061,57001.296875,19.33363653564453,0.1771970391273498,W2
calib_s_198.940075+54.491061,57170.19140625,18.843784927368162,0.0448699072003364,W1
calib_s_198.940075+54.491061,57170.19140625,19.142793907165526,0.1403394788503646,W2
calib_s_198.940075+54.491061,57364.56640625,18.786347030639647,0.0501038990914821,W1
calib_s_198.940075+54.491061,57364.5,18.951449645996092,0.130148246884346,W2
calib_s_198.940075+54.491061,57530.58203125,18.8300977935791,0.0470964536070823,W1
calib_s_198.940075+54.491061,57530.58203125,19.165340675354003,0.1491207033395767,W2
calib_s_198.940075+54.491061,57728.76171875,18.859240173339842,0.0543492585420608,W1
calib_s_198.940075+54.491061,57728.76171875,18.975807441711424,0.139461800456047,W2
calib_s_198.940075+54.491061,57891.02734375,18.89326155090332,0.0523960888385772,W1
calib_s_198.940075+54.491061,58094.25,18.815743087768553,0.0501545667648315,W1
calib_s_198.940075+54.491061,58094.25,19.483996643066405,0.2261762171983719,W2
calib_s_198.940075+54.491061,58255.34375,18.855431198120115,0.0470597334206104,W1
calib_s_198.940075+54.491061,58255.34375,19.112788452148436,0.1435825228691101,W2
calib_s_198.940075+54.491061,58459.9453125,18.725224136352537,0.0502913855016231,W1
calib_s_198.940075+54.491061,58459.9453125,18.817249549865725,0.1269987672567367,W2
calib_s_198.940075+54.491061,58617.08203125,18.817350982666014,0.0350108295679092,W1
calib_s_198.940075+54.491061,58617.08203125,19.25283934020996,0.1229940801858902,W2
calib_s_198.940075+54.491061,58824.1328125,18.82372915649414,0.0489044301211833,W1
calib_s_198.940075+54.491061,58824.1328125,19.48736311340332,0.2175701260566711,W2
calib_s_198.940075+54.491061,58982.65625,18.869284271240232,0.0519639514386653,W1
calib_s_198.940075+54.491061,58982.65625,19.372918380737303,0.1940429508686065,W2
calib_s_198.940075+54.491061,59189.8359375,18.812708496093748,0.0439312309026718,W1
calib_s_198.940075+54.491061,59189.8359375,19.012330307006835,0.1278857141733169,W2
calib_s_198.877457+54.628927,55347.7265625,18.47582590484619,0.0352265052497386,W1
calib_s_198.877457+54.628927,55347.79296875,19.2185166015625,0.1289590150117874,W2
calib_s_198.877457+54.628927,55537.6953125,18.486417411804197,0.0403367392718791,W1
calib_s_198.877457+54.628927,55537.6953125,19.106437934875487,0.1431118696928024,W2
calib_s_198.877457+54.628927,56811.33984375,18.44529211425781,0.0343693867325782,W1
calib_s_198.877457+54.628927,56811.33984375,19.09715773010254,0.138071060180664,W2
calib_s_198.877457+54.628927,57001.296875,18.42422163391113,0.038039181381464,W1
calib_s_198.877457+54.628927,57001.296875,19.485724700927733,0.2355622798204422,W2
calib_s_198.877457+54.628927,57170.19140625,18.488955139160154,0.029655585065484,W1
calib_s_198.877457+54.628927,57170.19140625,19.02096392059326,0.1076604053378105,W2
calib_s_198.877457+54.628927,57364.56640625,18.50357019805908,0.0375874266028404,W1
calib_s_198.877457+54.628927,57364.5,18.9995110168457,0.1333046704530716,W2
calib_s_198.877457+54.628927,57530.58203125,18.445747970581056,0.0340904630720615,W1
calib_s_198.877457+54.628927,57530.58203125,19.09457804107666,0.1438739150762558,W2
calib_s_198.877457+54.628927,57728.76171875,18.519118904113768,0.0430065058171749,W1
calib_s_198.877457+54.628927,57728.76171875,18.97918630981445,0.1432228833436966,W2
calib_s_198.877457+54.628927,57891.02734375,18.437188743591307,0.0328441746532917,W1
calib_s_198.877457+54.628927,57891.02734375,19.6027939453125,0.2149028182029724,W2
calib_s_198.877457+54.628927,58094.25,18.467107414245604,0.0365193039178848,W1
calib_s_198.877457+54.628927,58094.25,19.215200675964354,0.169906198978424,W2
calib_s_198.877457+54.628927,58255.34375,18.4530864944458,0.0330242589116096,W1
calib_s_198.877457+54.628927,58255.34375,19.021555198669432,0.1268227696418762,W2
calib_s_198.877457+54.628927,58459.9453125,18.53712141418457,0.0415423847734928,W1
calib_s_198.877457+54.628927,58459.9453125,18.84607149505615,0.132988840341568,W2
calib_s_198.877457+54.628927,58617.08203125,18.45979750061035,0.0259335748851299,W1
calib_s_198.877457+54.628927,58617.08203125,19.02035929107666,0.1005952060222625,W2
calib_s_198.877457+54.628927,58824.1328125,18.373855232238768,0.0331996940076351,W1
calib_s_198.877457+54.628927,58824.1328125,19.163160575866698,0.165634348988533,W2
calib_s_198.877457+54.628927,58982.65625,18.46632158660889,0.0353715121746063,W1
calib_s_198.877457+54.628927,58982.65625,19.195990814208983,0.165808767080307,W2
calib_s_198.877457+54.628927,59189.8359375,18.53985559844971,0.0378973260521888,W1
calib_s_198.877457+54.628927,59189.8359375,19.13818098449707,0.1645104140043258,W2
calib_s_198.872189+54.670404,55347.7265625,18.35979521179199,0.0315237753093242,W1
calib_s_198.872189+54.670404,55347.79296875,18.962435020446776,0.1021413654088974,W2
calib_s_198.872189+54.670404,55537.6953125,18.398790954589842,0.0384413227438926,W1
calib_s_198.872189+54.670404,55537.6953125,18.80998636627197,0.1109022349119186,W2
calib_s_198.872189+54.670404,56811.33984375,18.357467292785643,0.0322388261556625,W1
calib_s_198.872189+54.670404,56811.33984375,18.86574865722656,0.1099850237369537,W2
calib_s_198.872189+54.670404,57001.296875,18.327572463989256,0.0342624559998512,W1
calib_s_198.872189+54.670404,57001.296875,18.872632278442385,0.1289360225200653,W2
calib_s_198.872189+54.670404,57170.19140625,18.380094169616697,0.0268123093992471,W1
calib_s_198.872189+54.670404,57170.19140625,19.143341316223143,0.1201423183083534,W2
calib_s_198.872189+54.670404,57364.56640625,18.34455740356445,0.0334173217415809,W1
calib_s_198.872189+54.670404,57364.5,18.80534292602539,0.1121045649051666,W2
calib_s_198.872189+54.670404,57530.58203125,18.32568228149414,0.0302957948297262,W1
calib_s_198.872189+54.670404,57530.58203125,18.94331671142578,0.1194885820150375,W2
calib_s_198.872189+54.670404,57728.76171875,18.325454353332518,0.0329165868461132,W1
calib_s_198.872189+54.670404,57728.76171875,18.816309226989745,0.1170282959938049,W2
calib_s_198.872189+54.670404,57891.02734375,18.365310310363768,0.0328062213957309,W1
calib_s_198.872189+54.670404,57891.02734375,18.6760943069458,0.1000095903873443,W2
calib_s_198.872189+54.670404,58094.25,18.486631034851072,0.0390527546405792,W1
calib_s_198.872189+54.670404,58094.25,18.864879859924315,0.1278891116380691,W2
calib_s_198.872189+54.670404,58255.34375,18.349428771972654,0.0320776849985122,W1
calib_s_198.872189+54.670404,58255.34375,19.03136946105957,0.1397346556186676,W2
calib_s_198.872189+54.670404,58459.9453125,18.33477842712402,0.035310473293066,W1
calib_s_198.872189+54.670404,58459.9453125,19.13065458679199,0.1772406995296478,W2
calib_s_198.872189+54.670404,58617.08203125,18.26375067138672,0.021941976621747,W1
calib_s_198.872189+54.670404,58617.08203125,18.905597938537596,0.0916135981678962,W2
calib_s_198.872189+54.670404,58824.1328125,18.33462774658203,0.0300837438553571,W1
calib_s_198.872189+54.670404,58824.1328125,18.71690298461914,0.1012283861637115,W2
calib_s_198.872189+54.670404,58982.65625,18.376103996276854,0.0312264077365398,W1
calib_s_198.872189+54.670404,58982.65625,19.18854261779785,0.1580736190080642,W2
calib_s_198.872189+54.670404,59189.8359375,18.34895765686035,0.0319247208535671,W1
calib_s_198.872189+54.670404,59189.8359375,18.811694396972655,0.1208843439817428,W2
calib_s_198.867279+54.661477,55347.7265625,18.903296112060545,0.0507605746388435,W1
calib_s_198.867279+54.661477,55347.79296875,18.904473556518557,0.0971214920282363,W2
calib_s_198.867279+54.661477,55537.6953125,18.561874984741213,0.04360793530941,W1
calib_s_198.867279+54.661477,55537.6953125,19.098437561035155,0.1377779096364975,W2
calib_s_198.867279+54.661477,56811.33984375,18.69875490570068,0.0450636222958564,W1
calib_s_198.867279+54.661477,56811.33984375,18.99308420562744,0.12592813372612,W2
calib_s_198.867279+54.661477,57001.296875,18.77820455932617,0.0509531125426292,W1
calib_s_198.867279+54.661477,57001.296875,18.824151290893557,0.1261669248342514,W2
calib_s_198.867279+54.661477,57170.19140625,18.721361755371092,0.0365277528762817,W1
calib_s_198.867279+54.661477,57170.19140625,19.27783991241455,0.1359941363334655,W2
calib_s_198.867279+54.661477,57364.56640625,18.666256546020506,0.0443107672035694,W1
calib_s_198.867279+54.661477,57364.5,19.50833250427246,0.2092373371124267,W2
calib_s_198.867279+54.661477,57530.58203125,18.741064666748045,0.0455490201711654,W1
calib_s_198.867279+54.661477,57530.58203125,19.321824325561522,0.1809896826744079,W2
calib_s_198.867279+54.661477,57728.76171875,18.65375959777832,0.0446785539388656,W1
calib_s_198.867279+54.661477,57891.02734375,18.724217056274412,0.0458037592470645,W1
calib_s_198.867279+54.661477,57891.02734375,19.01694704437256,0.1363507360219955,W2
calib_s_198.867279+54.661477,58094.25,18.67305910491943,0.0466342084109783,W1
calib_s_198.867279+54.661477,58094.25,18.92857004547119,0.138599157333374,W2
calib_s_198.867279+54.661477,58255.34375,18.54186403656006,0.0380744710564613,W1
calib_s_198.867279+54.661477,58255.34375,18.870786918640135,0.1173613667488098,W2
calib_s_198.867279+54.661477,58459.9453125,18.56481993103027,0.0460165329277515,W1
calib_s_198.867279+54.661477,58459.9453125,19.205543769836424,0.1956885755062103,W2
calib_s_198.867279+54.661477,58617.08203125,18.79050695800781,0.0348068363964557,W1
calib_s_198.867279+54.661477,58617.08203125,19.111153854370116,0.1111344620585441,W2
calib_s_198.867279+54.661477,58824.1328125,18.819061874389647,0.0486211441457271,W1
calib_s_198.867279+54.661477,58824.1328125,18.92727781677246,0.1281590312719345,W2
calib_s_198.867279+54.661477,58982.65625,18.682734130859377,0.0422412827610969,W1
calib_s_198.867279+54.661477,58982.65625,19.03452135467529,0.1385235488414764,W2
calib_s_198.867279+54.661477,59189.8359375,18.6487594833374,0.0426714457571506,W1
calib_s_198.867279+54.661477,59189.8359375,18.946603073120116,0.1341708451509475,W2
calib_s_198.666577+54.597205,55347.7265625,18.384265541076658,0.0305166393518447,W1
calib_s_198.666577+54.597205,55347.79296875,19.321136726379397,0.1401548981666565,W2
calib_s_198.666577+54.597205,55537.6953125,18.334345458984377,0.0375054106116294,W1
calib_s_198.666577+54.597205,55537.6953125,19.5441887512207,0.2248499691486358,W2
calib_s_198.666577+54.597205,56811.33984375,18.41337644958496,0.0337650999426841,W1
calib_s_198.666577+54.597205,56811.33984375,19.359988464355467,0.1710900962352752,W2
calib_s_198.666577+54.597205,57001.296875,18.39670050048828,0.0368317700922489,W1
calib_s_198.666577+54.597205,57001.296875,18.800524963378905,0.1147551834583282,W2
calib_s_198.666577+54.597205,57170.19140625,18.321368812561033,0.0269378125667572,W1
calib_s_198.666577+54.597205,57170.19140625,19.14956213378906,0.1242167577147483,W2
calib_s_198.666577+54.597205,57364.56640625,18.406472801208494,0.0362233519554138,W1
calib_s_198.666577+54.597205,57364.5,18.9795611038208,0.1353698372840881,W2
calib_s_198.666577+54.597205,57530.58203125,18.369442581176756,0.0322049893438816,W1
calib_s_198.666577+54.597205,57530.58203125,18.972577346801756,0.127324491739273,W2
calib_s_198.666577+54.597205,57728.76171875,18.396658538818357,0.0355502739548683,W1
calib_s_198.666577+54.597205,57728.76171875,18.826034797668456,0.1199919357895851,W2
calib_s_198.666577+54.597205,57891.02734375,18.437687515258787,0.0355847887694835,W1
calib_s_198.666577+54.597205,57891.02734375,19.196587814331057,0.160177007317543,W2
calib_s_198.666577+54.597205,58094.25,18.391017555236814,0.0361774154007434,W1
calib_s_198.666577+54.597205,58094.25,19.07965589904785,0.1602704674005508,W2
calib_s_198.666577+54.597205,58255.34375,18.438922523498533,0.0340879820287227,W1
calib_s_198.666577+54.597205,58255.34375,18.88974977874756,0.1188323274254798,W2
calib_s_198.666577+54.597205,58459.9453125,18.41500818634033,0.0368564762175083,W1
calib_s_198.666577+54.597205,58459.9453125,18.943176521301268,0.1410762071609497,W2
calib_s_198.666577+54.597205,58617.08203125,18.358064292907716,0.0238192304968833,W1
calib_s_198.666577+54.597205,58617.08203125,19.03244425201416,0.101857453584671,W2
calib_s_198.666577+54.597205,58824.1328125,18.39838850402832,0.0342879891395568,W1
calib_s_198.666577+54.597205,58824.1328125,18.97528578186035,0.1363091319799423,W2
calib_s_198.666577+54.597205,58982.65625,18.419611572265623,0.032963965088129,W1
calib_s_198.666577+54.597205,58982.65625,18.989567054748534,0.1328926831483841,W2
calib_s_198.666577+54.597205,59189.8359375,18.47534239196777,0.0351359061896801,W1
calib_s_198.666577+54.597205,59189.8359375,19.348565353393553,0.1960110515356063,W2
calib_s_198.602815+54.632871,55347.7265625,18.652462600708006,0.0402714684605598,W1
calib_s_198.602815+54.632871,55347.79296875,19.220758689880373,0.1251848638057708,W2
calib_s_198.602815+54.632871,55537.6953125,18.60174524688721,0.0471821837127208,W1
calib_s_198.602815+54.632871,55537.6953125,19.206865562438963,0.158947080373764,W2
calib_s_198.602815+54.632871,56811.33984375,18.58149969482422,0.037704661488533,W1
calib_s_198.602815+54.632871,56811.33984375,19.15841032409668,0.1397074311971664,W2
calib_s_198.602815+54.632871,57001.296875,18.618893264770506,0.042441688477993,W1
calib_s_198.602815+54.632871,57001.296875,19.15138555908203,0.1550735235214233,W2
calib_s_198.602815+54.632871,57170.19140625,18.567278503417967,0.0314229540526866,W1
calib_s_198.602815+54.632871,57170.19140625,19.1882317199707,0.1217993944883346,W2
calib_s_198.602815+54.632871,57364.56640625,18.67902815246582,0.0454396679997444,W1
calib_s_198.602815+54.632871,57364.5,19.06146551513672,0.145129844546318,W2
calib_s_198.602815+54.632871,57530.58203125,18.689644454956056,0.0433745458722114,W1
calib_s_198.602815+54.632871,57530.58203125,19.174915565490725,0.1529096513986587,W2
calib_s_198.602815+54.632871,57728.76171875,18.696851371765135,0.0469538085162639,W1
calib_s_198.602815+54.632871,57728.76171875,19.311230911254885,0.1934498846530914,W2
calib_s_198.602815+54.632871,57891.02734375,18.66111242675781,0.0434254668653011,W1
calib_s_198.602815+54.632871,57891.02734375,19.352202667236327,0.1959240883588791,W2
calib_s_198.602815+54.632871,58094.25,18.627265571594236,0.0478803850710392,W1
calib_s_198.602815+54.632871,58094.25,19.132679237365725,0.1716673523187637,W2
calib_s_198.602815+54.632871,58255.34375,18.61411821746826,0.0388632863759994,W1
calib_s_198.602815+54.632871,58255.34375,19.284298194885253,0.1686583906412124,W2
calib_s_198.602815+54.632871,58459.9453125,18.662282585144045,0.0462215915322303,W1
calib_s_198.602815+54.632871,58459.9453125,19.28166414642334,0.1868796199560165,W2
calib_s_198.602815+54.632871,58617.08203125,18.615353225708006,0.029178187251091,W1
calib_s_198.602815+54.632871,58617.08203125,19.19317366027832,0.1170421168208122,W2
calib_s_198.602815+54.632871,58824.1328125,18.678310989379884,0.0426421761512756,W1
calib_s_198.602815+54.632871,58824.1328125,19.3888046875,0.199649840593338,W2
calib_s_198.602815+54.632871,58982.65625,18.677925704956056,0.0445385836064815,W1
calib_s_198.602815+54.632871,58982.65625,19.099162353515624,0.1566844880580902,W2
calib_s_198.602815+54.632871,59189.8359375,18.717262863159178,0.045707780867815,W1
calib_s_198.602815+54.632871,59189.8359375,19.253595603942873,0.1808551400899887,W2
calib_s_198.622508+54.624421,55347.7265625,19.067093490600584,0.0567083694040775,W1
calib_s_198.622508+54.624421,55347.79296875,19.07683016204834,0.1084067746996879,W2
calib_s_198.622508+54.624421,55537.6953125,18.896675704956053,0.0593245178461074,W1
calib_s_198.622508+54.624421,55537.6953125,19.28446985626221,0.171058177947998,W2
calib_s_198.622508+54.624421,56811.33984375,19.02296125793457,0.0567015632987022,W1
calib_s_198.622508+54.624421,56811.33984375,19.55587316894531,0.2004764527082443,W2
calib_s_198.622508+54.624421,57001.296875,18.926916717529295,0.0567731820046901,W1
calib_s_198.622508+54.624421,57001.296875,19.101534141540526,0.1524433195590973,W2
calib_s_198.622508+54.624421,57170.19140625,18.976404785156248,0.0446530580520629,W1
calib_s_198.622508+54.624421,57170.19140625,19.28117300415039,0.1342925876379013,W2
calib_s_198.622508+54.624421,57364.56640625,18.862396835327147,0.0533845424652099,W1
calib_s_198.622508+54.624421,57364.5,19.417176498413085,0.200228214263916,W2
calib_s_198.622508+54.624421,57530.58203125,18.961277603149412,0.054949689656496,W1
calib_s_198.622508+54.624421,57530.58203125,19.243534339904784,0.166715994477272,W2
calib_s_198.622508+54.624421,57728.76171875,18.96189939880371,0.0590085051953792,W1
calib_s_198.622508+54.624421,57728.76171875,19.247042907714842,0.1777111291885376,W2
calib_s_198.622508+54.624421,57891.02734375,18.92927229309082,0.0565965101122856,W1
calib_s_198.622508+54.624421,57891.02734375,19.41562773132324,0.2033610790967941,W2
calib_s_198.622508+54.624421,58094.25,19.08135282897949,0.0699754059314727,W1
calib_s_198.622508+54.624421,58094.25,19.03487993621826,0.1607695966958999,W2
calib_s_198.622508+54.624421,58255.34375,18.92492544555664,0.051343947649002,W1
calib_s_198.622508+54.624421,58255.34375,19.239346755981444,0.1597485393285751,W2
calib_s_198.622508+54.624421,58459.9453125,18.907160400390623,0.0577667690813541,W1
calib_s_198.622508+54.624421,58617.08203125,19.03855383300781,0.0430213324725627,W1
calib_s_198.622508+54.624421,58824.1328125,19.037073730468748,0.0586880184710025,W1
calib_s_198.622508+54.624421,58824.1328125,19.010454429626463,0.1390135139226913,W2
calib_s_198.622508+54.624421,58982.65625,18.964867233276365,0.054952573031187,W1
calib_s_198.622508+54.624421,58982.65625,19.360957397460936,0.1924527585506439,W2
calib_s_198.622508+54.624421,59189.8359375,19.02021658325195,0.0588074922561645,W1
calib_s_198.548959+54.682591,55347.7265625,18.551548599243162,0.036702137440443,W1
calib_s_198.548959+54.682591,55347.79296875,18.888904823303225,0.0955818891525268,W2
calib_s_198.548959+54.682591,55537.6953125,18.544180511474607,0.0453420504927635,W1
calib_s_198.548959+54.682591,55537.6953125,18.99114920043945,0.1291187703609466,W2
calib_s_198.548959+54.682591,56811.33984375,18.526393531799314,0.0381355322897434,W1
calib_s_198.548959+54.682591,56811.33984375,18.941513313293456,0.1218737736344337,W2
calib_s_198.548959+54.682591,57001.296875,18.3470016708374,0.034241247922182,W1
calib_s_198.548959+54.682591,57001.296875,18.806286109924315,0.1167002320289611,W2
calib_s_198.548959+54.682591,57170.19140625,18.454979537963865,0.027991222217679,W1
calib_s_198.548959+54.682591,57170.19140625,19.18383242034912,0.1184434220194816,W2
calib_s_198.548959+54.682591,57364.56640625,18.457187294006346,0.0364049635827541,W1
calib_s_198.548959+54.682591,57364.5,19.132534278869628,0.1547639369964599,W2
calib_s_198.548959+54.682591,57530.58203125,18.404335617065428,0.03274817019701,W1
calib_s_198.548959+54.682591,57530.58203125,19.05070425415039,0.1361139863729477,W2
calib_s_198.548959+54.682591,57728.76171875,18.50516855621338,0.0368907004594802,W1
calib_s_198.548959+54.682591,57728.76171875,18.97347380065918,0.130000352859497,W2
calib_s_198.548959+54.682591,57891.02734375,18.46035444641113,0.035515509545803,W1
calib_s_198.548959+54.682591,57891.02734375,18.838395370483397,0.1155791580677032,W2
calib_s_198.548959+54.682591,58094.25,18.514058708190916,0.0432101525366306,W1
calib_s_198.548959+54.682591,58094.25,18.742647422790526,0.1258314102888107,W2
calib_s_198.548959+54.682591,58255.34375,18.456164955139158,0.0338064581155777,W1
calib_s_198.548959+54.682591,58255.34375,18.987707389831545,0.1276397407054901,W2
calib_s_198.548959+54.682591,58459.9453125,18.457508682250975,0.0375715717673301,W1
calib_s_198.548959+54.682591,58459.9453125,19.123231185913085,0.1704885810613632,W2
calib_s_198.548959+54.682591,58617.08203125,18.448671936035154,0.0259875673800706,W1
calib_s_198.548959+54.682591,58617.08203125,19.032005561828612,0.102665401995182,W2
calib_s_198.548959+54.682591,58824.1328125,18.430142044067384,0.0350253097712993,W1
calib_s_198.548959+54.682591,58824.1328125,18.90038229370117,0.1310472190380096,W2
calib_s_198.548959+54.682591,58982.65625,18.513266204833982,0.0367348305881023,W1
calib_s_198.548959+54.682591,58982.65625,18.797169937133788,0.1168029010295867,W2
calib_s_198.548959+54.682591,59189.8359375,18.454305290222166,0.0368258357048034,W1
calib_s_198.548959+54.682591,59189.8359375,19.085397972106932,0.1624165326356887,W2
calib_s_198.802914+54.549203,55347.7265625,19.174446701049803,0.0624868012964725,W1
calib_s_198.802914+54.549203,55347.79296875,19.151578201293944,0.1216469630599021,W2
calib_s_198.802914+54.549203,55537.6953125,19.09958898925781,0.072795532643795,W1
calib_s_198.802914+54.549203,55537.6953125,19.055249465942385,0.1381438821554184,W2
calib_s_198.802914+54.549203,56811.33984375,19.218338607788084,0.0639045387506485,W1
calib_s_198.802914+54.549203,56811.33984375,19.223450912475585,0.1360210478305816,W2
calib_s_198.802914+54.549203,57001.296875,19.219553588867186,0.0753684416413307,W1
calib_s_198.802914+54.549203,57001.296875,19.16831423187256,0.1611615270376205,W2
calib_s_198.802914+54.549203,57170.19140625,19.134573577880857,0.0565928220748901,W1
calib_s_198.802914+54.549203,57364.56640625,19.25276625061035,0.0748186558485031,W1
calib_s_198.802914+54.549203,57364.5,19.04460169219971,0.140321597456932,W2
calib_s_198.802914+54.549203,57530.58203125,19.26240217590332,0.0699512213468551,W1
calib_s_198.802914+54.549203,57530.58203125,19.126741661071776,0.1458907127380371,W2
calib_s_198.802914+54.549203,57728.76171875,19.08346807861328,0.0638135448098182,W1
calib_s_198.802914+54.549203,57891.02734375,19.279379486083982,0.0743950083851814,W1
calib_s_198.802914+54.549203,57891.02734375,19.33260275268555,0.1799047887325287,W2
calib_s_198.802914+54.549203,58094.25,19.313587783813475,0.0751372128725051,W1
calib_s_198.802914+54.549203,58094.25,19.379349960327147,0.1895117163658142,W2
calib_s_198.802914+54.549203,58255.34375,19.189402221679686,0.066254623234272,W1
calib_s_198.802914+54.549203,58255.34375,19.208061470031737,0.15695121884346,W2
calib_s_198.802914+54.549203,58459.9453125,19.063770889282225,0.0653912723064422,W1
calib_s_198.802914+54.549203,58617.08203125,19.18519270324707,0.0484324432909488,W1
calib_s_198.802914+54.549203,58617.08203125,19.498929275512694,0.1592518389225006,W2
calib_s_198.802914+54.549203,58824.1328125,19.285601257324217,0.077568233013153,W1
calib_s_198.802914+54.549203,58824.1328125,19.246352447509764,0.1790592223405838,W2
calib_s_198.802914+54.549203,58982.65625,19.141584991455076,0.0641478821635246,W1
calib_s_198.802914+54.549203,58982.65625,19.047788871765135,0.1423550248146057,W2
calib_s_198.802914+54.549203,59189.8359375,19.173227905273436,0.0660545974969863,W1
calib_s_198.802914+54.549203,59189.8359375,18.93548513793945,0.1332601904869079,W2
calib_s_198.513412+54.664892,55347.7265625,18.90327322387695,0.0513257198035717,W1
calib_s_198.513412+54.664892,55347.79296875,19.02531076812744,0.1080870032310485,W2
calib_s_198.513412+54.664892,55537.6953125,18.8453565826416,0.0553856380283832,W1
calib_s_198.513412+54.664892,55537.6953125,19.33396555328369,0.1725590229034423,W2
calib_s_198.513412+54.664892,56811.33984375,18.790009140014647,0.0489524416625499,W1
calib_s_198.513412+54.664892,56811.33984375,19.322475685119628,0.1718688905239105,W2
calib_s_198.513412+54.664892,57001.296875,18.924690841674803,0.0586057305335998,W1
calib_s_198.513412+54.664892,57001.296875,19.250763191223143,0.179445207118988,W2
calib_s_198.513412+54.664892,57170.19140625,18.915436386108397,0.0422364845871925,W1
calib_s_198.513412+54.664892,57170.19140625,19.36641813659668,0.1401672810316085,W2
calib_s_198.513412+54.664892,57364.56640625,18.818117736816404,0.0529098846018314,W1
calib_s_198.513412+54.664892,57364.5,19.482072128295897,0.2194649577140808,W2
calib_s_198.513412+54.664892,57530.58203125,18.876974700927732,0.0505193248391151,W1
calib_s_198.513412+54.664892,57530.58203125,19.450190795898436,0.1954859495162964,W2
calib_s_198.513412+54.664892,57728.76171875,18.838152526855467,0.0510071814060211,W1
calib_s_198.513412+54.664892,57728.76171875,19.017062438964842,0.1396468728780746,W2
calib_s_198.513412+54.664892,57891.02734375,18.92623579406738,0.0534302853047847,W1
calib_s_198.513412+54.664892,57891.02734375,19.166343940734862,0.1523904949426651,W2
calib_s_198.513412+54.664892,58094.25,19.035574554443357,0.067054808139801,W1
calib_s_198.513412+54.664892,58094.25,19.013646377563475,0.155585691332817,W2
calib_s_198.513412+54.664892,58255.34375,18.85047018432617,0.0480820164084434,W1
calib_s_198.513412+54.664892,58255.34375,19.187330497741698,0.153771698474884,W2
calib_s_198.513412+54.664892,58459.9453125,19.10708868408203,0.0672409161925315,W1
calib_s_198.513412+54.664892,58459.9453125,19.244778884887694,0.1834712922573089,W2
calib_s_198.513412+54.664892,58617.08203125,18.877276062011717,0.037667129188776,W1
calib_s_198.513412+54.664892,58617.08203125,19.406419052124022,0.1472922712564468,W2
calib_s_198.513412+54.664892,58824.1328125,18.779286026000975,0.0461415313184261,W1
calib_s_198.513412+54.664892,58824.1328125,19.218176139831545,0.1668519675731659,W2
calib_s_198.513412+54.664892,58982.65625,18.89605772399902,0.0503829233348369,W1
calib_s_198.513412+54.664892,58982.65625,19.24799085998535,0.1721523106098175,W2
calib_s_198.513412+54.664892,59189.8359375,18.896780609130857,0.0542187988758087,W1
calib_s_198.513412+54.664892,59189.8359375,19.17528463745117,0.1728544980287552,W2
calib_s_198.627629+54.684441,55347.7265625,18.93209516906738,0.053378839045763,W1
calib_s_198.627629+54.684441,55347.79296875,18.989875091552733,0.1070455908775329,W2
calib_s_198.627629+54.684441,55537.6953125,18.793017028808592,0.0545673705637455,W1
calib_s_198.627629+54.684441,55537.6953125,19.206856979370116,0.1562254279851913,W2
calib_s_198.627629+54.684441,56811.33984375,18.921391128540037,0.0518645048141479,W1
calib_s_198.627629+54.684441,56811.33984375,19.242352737426756,0.1495444923639297,W2
calib_s_198.627629+54.684441,57001.296875,18.874033569335936,0.0574611090123653,W1
calib_s_198.627629+54.684441,57170.19140625,19.01990950012207,0.0467123501002788,W1
calib_s_198.627629+54.684441,57170.19140625,19.14517332458496,0.1166423037648201,W2
calib_s_198.627629+54.684441,57364.56640625,18.845108627319334,0.0508925728499889,W1
calib_s_198.627629+54.684441,57364.5,19.07353617095947,0.1363967508077621,W2
calib_s_198.627629+54.684441,57530.58203125,18.944250701904295,0.0540365204215049,W1
calib_s_198.627629+54.684441,57530.58203125,19.132645858764647,0.1498023718595504,W2
calib_s_198.627629+54.684441,57728.76171875,18.863697647094725,0.05229027941823,W1
calib_s_198.627629+54.684441,57728.76171875,19.166682495117186,0.1591667830944061,W2
calib_s_198.627629+54.684441,57891.02734375,18.94230139160156,0.0513898804783821,W1
calib_s_198.627629+54.684441,57891.02734375,19.06682039642334,0.13385009765625,W2
calib_s_198.627629+54.684441,58094.25,18.8341203918457,0.0526275523006916,W1
calib_s_198.627629+54.684441,58094.25,19.070895446777342,0.1542653292417526,W2
calib_s_198.627629+54.684441,58255.34375,18.873299240112303,0.0498338863253593,W1
calib_s_198.627629+54.684441,58255.34375,18.95573641204834,0.1238393932580947,W2
calib_s_198.627629+54.684441,58459.9453125,18.93255674743652,0.0580295138061046,W1
calib_s_198.627629+54.684441,58459.9453125,19.06852651977539,0.1519025862216949,W2
calib_s_198.627629+54.684441,58617.08203125,18.790396331787107,0.0349308364093303,W1
calib_s_198.627629+54.684441,58617.08203125,19.175431503295897,0.1191611066460609,W2
calib_s_198.627629+54.684441,58824.1328125,18.896750091552732,0.0526670254766941,W1
calib_s_198.627629+54.684441,58824.1328125,19.181735290527342,0.1642754524946212,W2
calib_s_198.627629+54.684441,58982.65625,18.941105484008787,0.0531593225896358,W1
calib_s_198.627629+54.684441,58982.65625,19.12613798522949,0.1500912457704544,W2
calib_s_198.627629+54.684441,59189.8359375,18.823525070190428,0.0494004562497139,W1
calib_s_198.627629+54.684441,59189.8359375,19.327524436950682,0.1969690322875976,W2
