oid,time,magnitude,error,band
QSO_11.598521-28.629817,55366.622325500015,19.2175,0.0565132639298067,W1
QSO_11.598521-28.629817,55546.189422749936,18.997,0.0814627982578548,W1
QSO_11.598521-28.629817,56643.12416949997,18.950000000000003,0.0,W1
QSO_11.598521-28.629817,57008.32198125,19.0035,0.0773991279020635,W1
QSO_11.598521-28.629817,57366.7732411538,18.774,0.0,W1
QSO_11.598521-28.629817,57557.02258049009,19.17,0.0,W1
QSO_11.598521-28.629817,57726.5366258112,19.085,0.0,W1
QSO_11.598521-28.629817,57924.21910049996,19.146,0.0,W1
QSO_11.598521-28.629817,58288.661088499975,19.3085,0.3178444981433534,W1
QSO_11.598521-28.629817,58815.09087949997,19.08,0.0,W1
QSO_11.598521-28.629817,59182.895797599966,19.496,0.0,W1
QSO_11.598521-28.629817,59546.2209655,19.075000000000003,0.0,W1
QSO_11.598521-28.629817,59751.81480750003,18.764000000000003,0.0,W1
QSO_11.598521-28.629817,59910.24294799996,18.995,0.0,W1
QSO_11.598521-28.629817,60115.18157849999,18.586,0.22303080670782,W1
QSO_11.598521-28.629817,60276.99524,19.023000000000003,0.0,W1
QSO_11.598521-28.629817,55366.622325500015,18.6495,0.0745722736678989,W2
QSO_11.598521-28.629817,55546.189422749936,18.4205,0.0397906631636112,W2
QSO_11.598521-28.629817,56643.12416949997,18.858,0.0,W2
QSO_11.598521-28.629817,57008.32198125,18.223,0.3021122256298145,W2
QSO_11.598521-28.629817,57366.7732411538,18.086,0.0,W2
QSO_11.598521-28.629817,57557.02258049009,18.3,0.0,W2
QSO_11.598521-28.629817,57726.5366258112,18.215,0.0,W2
QSO_11.598521-28.629817,57924.21910049996,18.18,0.0,W2
QSO_11.598521-28.629817,58288.661088499975,18.003,0.1675843071412118,W2
QSO_11.598521-28.629817,58815.09087949997,18.715,0.0,W2
QSO_11.598521-28.629817,59182.895797599966,17.863,0.0,W2
QSO_11.598521-28.629817,59546.2209655,17.532,0.0,W2
QSO_11.598521-28.629817,59751.81480750003,18.708,0.0,W2
QSO_11.598521-28.629817,59910.24294799996,19.033,0.0,W2
QSO_11.598521-28.629817,60115.18157849999,18.06,0.0959826373187708,W2
QSO_11.598521-28.629817,60276.99524,18.275,0.0,W2
QSO_11.5433941-28.6002392,55366.58929300004,19.198,0.0839943202258513,W1
QSO_11.5433941-28.6002392,55546.189422749936,18.8405,0.1207406181655532,W1
QSO_11.5433941-28.6002392,56643.48632250002,18.762,0.1008502041241118,W1
QSO_11.5433941-28.6002392,56831.67831499999,18.8365,0.0594290543421315,W1
QSO_11.5433941-28.6002392,57008.223486,18.837000000000003,0.1287929719729678,W1
QSO_11.5433941-28.6002392,57192.78614826778,18.997,0.1120211620219184,W1
QSO_11.5433941-28.6002392,57367.264695435,18.7375,0.175716035124857,W1
QSO_11.5433941-28.6002392,57727.09446474649,18.914500000000004,0.0863751507475771,W1
QSO_11.5433941-28.6002392,58090.34735400002,18.864,0.077358233539141,W1
QSO_11.5433941-28.6002392,58288.69371949997,18.795,0.0456175729622147,W1
QSO_11.5433941-28.6002392,58450.88683499999,19.447000000000003,0.0,W1
QSO_11.5433941-28.6002392,58814.86207925001,18.8245,0.1085408909121358,W1
QSO_11.5433941-28.6002392,59019.777594699946,18.4465,0.0385373195746674,W1
QSO_11.5433941-28.6002392,59182.633705000015,18.648,0.2097884295789097,W1
QSO_11.5433941-28.6002392,59383.91022874992,18.728,0.1096015510839156,W1
QSO_11.5433941-28.6002392,59546.2209655,19.286,0.2451413802202647,W1
QSO_11.5433941-28.6002392,59748.03304249999,18.612,0.0,W1
QSO_11.5433941-28.6002392,59910.37310699998,18.889000000000003,0.178083441116798,W1
QSO_11.5433941-28.6002392,60115.18157849999,18.858,0.0,W1
QSO_11.5433941-28.6002392,60277.12441349998,19.049,0.079222611811415,W1
QSO_11.5433941-28.6002392,60479.99298219996,18.648,0.0,W1
QSO_11.5433941-28.6002392,55366.58929300004,18.534,0.0514719329323238,W2
QSO_11.5433941-28.6002392,55546.189422749936,18.453,0.1231454932183877,W2
QSO_11.5433941-28.6002392,56643.48632250002,18.2415,0.0766394638673512,W2
QSO_11.5433941-28.6002392,56831.67831499999,18.102,0.1485605936983293,W2
QSO_11.5433941-28.6002392,57008.223486,18.306,0.211954572351579,W2
QSO_11.5433941-28.6002392,57192.78614826778,18.49,0.1678537723403578,W2
QSO_11.5433941-28.6002392,57367.264695435,18.092,0.1329360748630713,W2
QSO_11.5433941-28.6002392,57727.09446474649,18.3495,0.1729173962501346,W2
QSO_11.5433941-28.6002392,58090.34735400002,18.146,0.1489819775329542,W2
QSO_11.5433941-28.6002392,58288.69371949997,18.406,0.0926114943670006,W2
QSO_11.5433941-28.6002392,58450.88683499999,18.811,0.0,W2
QSO_11.5433941-28.6002392,58814.86207925001,18.2185,0.0293449314192424,W2
QSO_11.5433941-28.6002392,59019.777594699946,18.3125,0.1714733944377375,W2
QSO_11.5433941-28.6002392,59182.633705000015,18.308,0.0846618546314082,W2
QSO_11.5433941-28.6002392,59383.91022874992,18.604,0.0565685424949238,W2
QSO_11.5433941-28.6002392,59546.2209655,18.059,0.1233615583318973,W2
QSO_11.5433941-28.6002392,59748.03304249999,18.452,0.0,W2
QSO_11.5433941-28.6002392,59910.37310699998,18.304,0.1106087157506135,W2
QSO_11.5433941-28.6002392,60115.18157849999,17.95,0.0,W2
QSO_11.5433941-28.6002392,60277.12441349998,18.231,0.1213482896764823,W2
QSO_11.5433941-28.6002392,60479.99298219996,18.368,0.0,W2
QSO_11.6114426-28.6186311,55366.655358,19.037,0.0851395019123044,W1
QSO_11.6114426-28.6186311,55546.189422749936,18.973,0.0863715628838561,W1
QSO_11.6114426-28.6186311,56643.38758999996,18.524,0.2824815955984601,W1
QSO_11.6114426-28.6186311,56831.54680549999,18.737,0.054169145242438,W1
QSO_11.6114426-28.6186311,57008.223486,18.804,0.0639666162931887,W1
QSO_11.6114426-28.6186311,57192.78614826778,18.948,0.1332936051923915,W1
QSO_11.6114426-28.6186311,57366.7732411538,18.927,0.0,W1
QSO_11.6114426-28.6186311,57558.00726695232,18.886000000000003,0.0,W1
QSO_11.6114426-28.6186311,57727.25856085682,18.999,0.1551707188872951,W1
QSO_11.6114426-28.6186311,57925.20047600001,19.05,0.0,W1
QSO_11.6114426-28.6186311,58090.41276200004,19.112,0.0760910760329477,W1
QSO_11.6114426-28.6186311,58288.75912749999,18.758000000000003,0.1057983784138487,W1
QSO_11.6114426-28.6186311,58450.72338799996,18.766,0.1838477631085034,W1
QSO_11.6114426-28.6186311,58652.65715599996,18.7285,0.2690541302414823,W1
QSO_11.6114426-28.6186311,58815.09087949997,19.174,0.0,W1
QSO_11.6114426-28.6186311,59019.64654839997,18.802,0.0,W1
QSO_11.6114426-28.6186311,59182.69921899997,18.893,0.0516187950266182,W1
QSO_11.6114426-28.6186311,59385.02012075001,18.675,0.0021213203435597,W1
QSO_11.6114426-28.6186311,59751.81480750003,18.846,0.0,W1
QSO_11.6114426-28.6186311,59910.21029875,19.0,0.1982546894149044,W1
QSO_11.6114426-28.6186311,60115.50580800001,18.537,0.0,W1
QSO_11.6114426-28.6186311,55366.655358,18.55,0.0798025738236589,W2
QSO_11.6114426-28.6186311,55546.189422749936,18.543,0.0485952672592714,W2
QSO_11.6114426-28.6186311,56643.38758999996,18.109,0.1400864812257851,W2
QSO_11.6114426-28.6186311,56831.54680549999,18.802,0.0635440937605675,W2
QSO_11.6114426-28.6186311,57008.223486,18.332,0.11806689629189,W2
QSO_11.6114426-28.6186311,57192.78614826778,18.472,0.2024587749532127,W2
QSO_11.6114426-28.6186311,57366.7732411538,18.839,0.0,W2
QSO_11.6114426-28.6186311,57558.00726695232,18.459,0.0,W2
QSO_11.6114426-28.6186311,57727.25856085682,18.481,0.1274398367858339,W2
QSO_11.6114426-28.6186311,57925.20047600001,18.306,0.0,W2
QSO_11.6114426-28.6186311,58090.41276200004,18.55,0.0622117054604376,W2
QSO_11.6114426-28.6186311,58288.75912749999,18.104,0.061025993437223,W2
QSO_11.6114426-28.6186311,58450.72338799996,18.5125,0.1262185604417985,W2
QSO_11.6114426-28.6186311,58652.65715599996,18.4385,0.1446033367526485,W2
QSO_11.6114426-28.6186311,58815.09087949997,18.572,0.0,W2
QSO_11.6114426-28.6186311,59019.64654839997,18.715,0.0,W2
QSO_11.6114426-28.6186311,59182.69921899997,18.286,0.2807213921310595,W2
QSO_11.6114426-28.6186311,59385.02012075001,18.2695,0.1050053570062025,W2
QSO_11.6114426-28.6186311,59751.81480750003,17.976,0.0,W2
QSO_11.6114426-28.6186311,59910.21029875,18.3385,0.1332982440807075,W2
QSO_11.6114426-28.6186311,60115.50580800001,18.791,0.0,W2
QSO_11.8016074-28.692579,55366.72153250004,19.202,0.0888490645616407,W1
QSO_11.8016074-28.692579,55546.35458525,19.0165,0.0906613560536214,W1
QSO_11.8016074-28.692579,56643.51928200003,18.831000000000003,0.0760891290235055,W1
QSO_11.8016074-28.692579,56831.48103250001,18.6,0.1295156218233777,W1
QSO_11.8016074-28.692579,57008.35481300002,18.942,0.0,W1
QSO_11.8016074-28.692579,57192.95005152823,18.938,0.1426153042278423,W1
QSO_11.8016074-28.692579,57366.7732411538,19.517000000000003,0.0,W1
QSO_11.8016074-28.692579,57727.52105607346,19.19,0.0844555548246579,W1
QSO_11.8016074-28.692579,57925.20047600001,19.55,0.0,W1
QSO_11.8016074-28.692579,58090.38005800008,18.826,0.1131370849898477,W1
QSO_11.8016074-28.692579,58288.88994350002,18.711,0.0,W1
QSO_11.8016074-28.692579,58450.72338799996,19.055,0.0431335136523793,W1
QSO_11.8016074-28.692579,58652.68993299999,18.996,0.0,W1
QSO_11.8016074-28.692579,58822.67313399996,18.627,0.0,W1
QSO_11.8016074-28.692579,59182.568172700005,18.7735,0.0576292026667037,W1
QSO_11.8016074-28.692579,59385.08540099997,18.700000000000003,0.0,W1
QSO_11.8016074-28.692579,59546.71061299995,18.7575,0.3008739353948756,W1
QSO_11.8016074-28.692579,59751.42378299997,18.63,0.0,W1
QSO_11.8016074-28.692579,59910.470781000025,18.994,0.0909323237358421,W1
QSO_11.8016074-28.692579,60115.18157849999,19.052,0.0,W1
QSO_11.8016074-28.692579,60276.93065325002,18.736,0.0466690475583113,W1
QSO_11.8016074-28.692579,60479.70466569997,18.4585,0.1926865978733347,W1
QSO_11.8016074-28.692579,55366.72153250004,18.631,0.078958938058486,W2
QSO_11.8016074-28.692579,55546.35458525,18.3435,0.0830056892293799,W2
QSO_11.8016074-28.692579,56643.51928200003,18.309,0.1089250506847098,W2
QSO_11.8016074-28.692579,56831.48103250001,18.235,0.1108823200013816,W2
QSO_11.8016074-28.692579,57008.35481300002,18.603,0.0,W2
QSO_11.8016074-28.692579,57192.95005152823,18.4085,0.0852066422000068,W2
QSO_11.8016074-28.692579,57366.7732411538,18.164,0.0,W2
QSO_11.8016074-28.692579,57727.52105607346,18.423,0.081385684426867,W2
QSO_11.8016074-28.692579,57925.20047600001,18.148,0.0,W2
QSO_11.8016074-28.692579,58090.38005800008,18.458,0.0339411254969543,W2
QSO_11.8016074-28.692579,58288.88994350002,18.548,0.0,W2
QSO_11.8016074-28.692579,58450.72338799996,18.6465,0.0880347942577259,W2
QSO_11.8016074-28.692579,58652.68993299999,18.071,0.0,W2
QSO_11.8016074-28.692579,58822.67313399996,18.046,0.0,W2
QSO_11.8016074-28.692579,59182.568172700005,17.808,0.1279863273947657,W2
QSO_11.8016074-28.692579,59385.08540099997,18.602,0.0,W2
QSO_11.8016074-28.692579,59546.71061299995,18.2305,0.0053033008588993,W2
QSO_11.8016074-28.692579,59751.42378299997,18.378,0.0,W2
QSO_11.8016074-28.692579,59910.470781000025,18.6015,0.1218181918885682,W2
QSO_11.8016074-28.692579,60115.18157849999,18.187,0.0,W2
QSO_11.8016074-28.692579,60276.93065325002,18.1845,0.1933937046545209,W2
QSO_11.8016074-28.692579,60479.70466569997,17.772,0.1308147545195116,W2
QSO_11.742802-28.5926151,55366.754546749966,19.1645,0.0965540263272331,W1
QSO_11.742802-28.5926151,55546.42070499995,19.307,0.1052675163571367,W1
QSO_11.742802-28.5926151,56643.51928200003,18.9375,0.1167620443466116,W1
QSO_11.742802-28.5926151,56831.48103250001,18.848,0.0247521042876494,W1
QSO_11.742802-28.5926151,57008.12493599999,19.004,0.0318198051533933,W1
QSO_11.742802-28.5926151,57193.11395478858,19.072000000000003,0.0,W1
QSO_11.742802-28.5926151,57367.06808817256,18.7525,0.169239983086149,W1
QSO_11.742802-28.5926151,57726.79908442781,18.85,0.0895734749097485,W1
QSO_11.742802-28.5926151,57924.93869799999,19.098,0.0,W1
QSO_11.742802-28.5926151,58090.41276200004,19.205,0.1013139601363918,W1
QSO_11.742802-28.5926151,58288.69371949997,18.842,0.0,W1
QSO_11.742802-28.5926151,58450.690684,19.02,0.3500178566873417,W1
QSO_11.742802-28.5926151,58652.62450675,18.8925,0.1601596859387528,W1
QSO_11.742802-28.5926151,58814.633278999965,18.652,0.0,W1
QSO_11.742802-28.5926151,59019.90864100001,18.754,0.0,W1
QSO_11.742802-28.5926151,59546.61261049997,18.983,0.131335307373771,W1
QSO_11.742802-28.5926151,59910.82891899997,19.138,0.2323695970423617,W1
QSO_11.742802-28.5926151,60115.829982749936,18.9805,0.09510586206959,W1
QSO_11.742802-28.5926151,55366.754546749966,18.758000000000003,0.0502354854659534,W2
QSO_11.742802-28.5926151,55546.42070499995,18.4195,0.0678684389094075,W2
QSO_11.742802-28.5926151,56643.51928200003,18.5805,0.1351524024018809,W2
QSO_11.742802-28.5926151,56831.48103250001,18.542,0.239787405841091,W2
QSO_11.742802-28.5926151,57008.12493599999,18.416,0.0056568542494917,W2
QSO_11.742802-28.5926151,57193.11395478858,18.31,0.0,W2
QSO_11.742802-28.5926151,57367.06808817256,18.603,0.135790484039035,W2
QSO_11.742802-28.5926151,57726.79908442781,18.077,0.0379502598439349,W2
QSO_11.742802-28.5926151,57924.93869799999,18.506,0.0,W2
QSO_11.742802-28.5926151,58090.41276200004,18.001,0.1202454280335142,W2
QSO_11.742802-28.5926151,58288.69371949997,18.098,0.0,W2
QSO_11.742802-28.5926151,58450.690684,18.5615,0.0753068721963676,W2
QSO_11.742802-28.5926151,58652.62450675,18.565,0.0961665222413711,W2
QSO_11.742802-28.5926151,58814.633278999965,18.175,0.0,W2
QSO_11.742802-28.5926151,59019.90864100001,18.306,0.0,W2
QSO_11.742802-28.5926151,59546.61261049997,18.529,0.1412486643660222,W2
QSO_11.742802-28.5926151,59910.82891899997,18.432,0.2030976776496144,W2
QSO_11.742802-28.5926151,60115.829982749936,18.6195,0.1573312588140069,W2
QSO_11.5133594-28.4909368,55366.58929300004,19.237,0.089514618588335,W1
QSO_11.5133594-28.4909368,55546.189422749936,18.957,0.1355107109337779,W1
QSO_11.5133594-28.4909368,56643.58512799998,18.578,0.0445477272147516,W1
QSO_11.5133594-28.4909368,57007.89516849997,18.783,0.0,W1
QSO_11.5133594-28.4909368,57193.11395478858,18.561,0.0,W1
QSO_11.5133594-28.4909368,57727.38988166512,18.944000000000003,0.0,W1
QSO_11.5133594-28.4909368,58090.15112999997,18.573,0.0,W1
QSO_11.5133594-28.4909368,58652.75519499997,19.12,0.0,W1
QSO_11.5133594-28.4909368,59182.437199600005,18.981,0.0,W1
QSO_11.5133594-28.4909368,59910.112643,18.567,0.0,W1
QSO_11.5133594-28.4909368,55366.58929300004,18.844,0.0691875445707615,W2
QSO_11.5133594-28.4909368,55546.189422749936,18.259500000000003,0.106451714841014,W2
QSO_11.5133594-28.4909368,56643.58512799998,18.5995,0.0095459415460187,W2
QSO_11.5133594-28.4909368,57007.89516849997,18.09,0.0,W2
QSO_11.5133594-28.4909368,57193.11395478858,18.646,0.0,W2
QSO_11.5133594-28.4909368,57727.38988166512,17.941,0.0,W2
QSO_11.5133594-28.4909368,58090.15112999997,18.086,0.0,W2
QSO_11.5133594-28.4909368,58652.75519499997,18.005,0.0,W2
QSO_11.5133594-28.4909368,59182.437199600005,18.503,0.0,W2
QSO_11.5133594-28.4909368,59910.112643,18.894,0.0,W2
QSO_11.609771-28.4496783,55366.655358,18.994,0.1079223543474717,W1
QSO_11.609771-28.4496783,55546.42070499995,19.062,0.1196460274100231,W1
QSO_11.609771-28.4496783,56643.51928200003,18.817,0.1120447767635778,W1
QSO_11.609771-28.4496783,57008.15782250003,18.828000000000003,0.2853988761689829,W1
QSO_11.609771-28.4496783,57192.78614826778,19.43,0.2707229005623445,W1
QSO_11.609771-28.4496783,57367.62507820782,18.91,0.1641613930343038,W1
QSO_11.609771-28.4496783,57558.00726695232,18.983,0.0,W1
QSO_11.609771-28.4496783,57727.32429446095,18.755000000000003,0.117867156861726,W1
QSO_11.609771-28.4496783,57925.20047600001,18.471,0.0,W1
QSO_11.609771-28.4496783,58090.41276200004,18.798,0.1161706917842429,W1
QSO_11.609771-28.4496783,58450.88683499999,18.472,0.0694427555350182,W1
QSO_11.609771-28.4496783,58815.09087949997,18.866,0.0,W1
QSO_11.609771-28.4496783,59182.895797599966,18.94,0.0,W1
QSO_11.609771-28.4496783,59546.547458,18.568,0.1730144502635544,W1
QSO_11.609771-28.4496783,59750.44547350003,19.0915,0.3836054287937023,W1
QSO_11.609771-28.4496783,59910.53593350001,18.8885,0.223143836739893,W1
QSO_11.609771-28.4496783,60277.124340500006,18.709000000000003,0.1880904037956216,W1
QSO_11.609771-28.4496783,55366.655358,18.647,0.1042833798820114,W2
QSO_11.609771-28.4496783,55546.42070499995,18.4465,0.1190330836364411,W2
QSO_11.609771-28.4496783,56643.51928200003,18.217,0.1018734116440595,W2
QSO_11.609771-28.4496783,57008.15782250003,18.436,0.2147796459078388,W2
QSO_11.609771-28.4496783,57192.78614826778,18.378,0.1249411713419414,W2
QSO_11.609771-28.4496783,57367.62507820782,18.239,0.2143441331303643,W2
QSO_11.609771-28.4496783,57558.00726695232,18.037,0.0,W2
QSO_11.609771-28.4496783,57727.32429446095,18.045,0.1366344135383282,W2
QSO_11.609771-28.4496783,57925.20047600001,18.245,0.0,W2
QSO_11.609771-28.4496783,58090.41276200004,18.516,0.0922970245497692,W2
QSO_11.609771-28.4496783,58450.88683499999,18.678,0.1516093908945202,W2
QSO_11.609771-28.4496783,58815.09087949997,19.03,0.0,W2
QSO_11.609771-28.4496783,59182.895797599966,18.439,0.0,W2
QSO_11.609771-28.4496783,59546.547458,18.648,0.1571484318395496,W2
QSO_11.609771-28.4496783,59750.44547350003,18.4815,0.0540936687607704,W2
QSO_11.609771-28.4496783,59910.53593350001,18.723,0.0881107257943093,W2
QSO_11.609771-28.4496783,60277.124340500006,18.4395,0.0187383297014438,W2
QSO_11.6229394-28.5037197,55366.58929300004,19.057,0.0929701890289795,W1
QSO_11.6229394-28.5037197,55546.38767249998,19.158,0.2223292520031863,W1
QSO_11.6229394-28.5037197,56643.38758999996,18.925,0.0,W1
QSO_11.6229394-28.5037197,56831.34955950004,18.722,0.0,W1
QSO_11.6229394-28.5037197,57192.78614826778,18.326,0.0,W1
QSO_11.6229394-28.5037197,57367.62507820782,19.244,0.0,W1
QSO_11.6229394-28.5037197,57558.00726695232,18.682,0.0,W1
QSO_11.6229394-28.5037197,57726.79919422782,18.913,0.0,W1
QSO_11.6229394-28.5037197,58288.85723949997,18.975,0.1230365799264601,W1
QSO_11.6229394-28.5037197,58450.494533,19.142000000000003,0.0,W1
QSO_11.6229394-28.5037197,58652.559098749975,18.8285,0.0696500179468746,W1
QSO_11.6229394-28.5037197,59019.90864100001,19.008000000000003,0.0,W1
QSO_11.6229394-28.5037197,59546.67801849999,18.011,0.0,W1
QSO_11.6229394-28.5037197,59910.047545250025,18.801,0.0777817459305198,W1
QSO_11.6229394-28.5037197,60115.24647550002,18.559,0.0,W1
QSO_11.6229394-28.5037197,60277.12441349998,18.937,0.1116754557071856,W1
QSO_11.6229394-28.5037197,60479.8647358,18.238,0.0,W1
QSO_11.6229394-28.5037197,55366.58929300004,18.542,0.0868613669583449,W2
QSO_11.6229394-28.5037197,55546.38767249998,18.256,0.1914581474427823,W2
QSO_11.6229394-28.5037197,56643.38758999996,18.493,0.0,W2
QSO_11.6229394-28.5037197,56831.34955950004,18.335,0.0,W2
QSO_11.6229394-28.5037197,57192.78614826778,18.891,0.0,W2
QSO_11.6229394-28.5037197,57367.62507820782,18.89,0.0,W2
QSO_11.6229394-28.5037197,57558.00726695232,18.497,0.0,W2
QSO_11.6229394-28.5037197,57726.79919422782,18.029,0.0,W2
QSO_11.6229394-28.5037197,58288.85723949997,18.438,0.1767766952966368,W2
QSO_11.6229394-28.5037197,58450.494533,18.127,0.0,W2
QSO_11.6229394-28.5037197,58652.559098749975,18.527,0.0028284271247458,W2
QSO_11.6229394-28.5037197,59019.90864100001,18.654,0.0,W2
QSO_11.6229394-28.5037197,59546.67801849999,17.529,0.0,W2
QSO_11.6229394-28.5037197,59910.047545250025,18.4665,0.0710642315092482,W2
QSO_11.6229394-28.5037197,60115.24647550002,18.709,0.0,W2
QSO_11.6229394-28.5037197,60277.12441349998,18.677,0.2595227814163413,W2
QSO_11.6229394-28.5037197,60479.8647358,18.178,0.0,W2
QSO_11.5228476-28.547518,55366.52326450003,18.847,0.0861476812818135,W1
QSO_11.5228476-28.547518,55546.189422749936,19.0055,0.153023078324807,W1
QSO_11.5228476-28.547518,56643.32178050004,18.848,0.1012483678880804,W1
QSO_11.5228476-28.547518,56831.94129749997,18.698,0.0,W1
QSO_11.5228476-28.547518,57008.28914949997,18.935,0.089802561210692,W1
QSO_11.5228476-28.547518,57193.24502629688,18.811,0.1565959651341516,W1
QSO_11.5228476-28.547518,57367.62507820782,18.852,0.1428537195357021,W1
QSO_11.5228476-28.547518,57727.25856085682,19.379,0.1534079528577314,W1
QSO_11.5228476-28.547518,57925.069587000005,18.9965,0.1898581707485876,W1
QSO_11.5228476-28.547518,58090.38005800008,18.9325,0.2320518193744666,W1
QSO_11.5228476-28.547518,58288.62845749999,18.593,0.0,W1
QSO_11.5228476-28.547518,58814.633278999965,18.997,0.0,W1
QSO_11.5228476-28.547518,59182.895797599966,19.088,0.0,W1
QSO_11.5228476-28.547518,59383.97550899996,18.6,0.0,W1
QSO_11.5228476-28.547518,59546.38421175,19.026000000000003,0.2064751801064717,W1
QSO_11.5228476-28.547518,59751.42363700002,18.967,0.0,W1
QSO_11.5228476-28.547518,59910.30795449999,19.096,0.1115798999554759,W1
QSO_11.5228476-28.547518,60115.50580800001,18.99,0.0,W1
QSO_11.5228476-28.547518,60277.12441349998,18.888,0.0984131698503814,W1
QSO_11.5228476-28.547518,55366.52326450003,18.757,0.0780320013723009,W2
QSO_11.5228476-28.547518,55546.189422749936,18.4495,0.0829250414531099,W2
QSO_11.5228476-28.547518,56643.32178050004,18.343,0.0899414920934714,W2
QSO_11.5228476-28.547518,56831.94129749997,17.902,0.0,W2
QSO_11.5228476-28.547518,57008.28914949997,18.5155,0.0201525432638173,W2
QSO_11.5228476-28.547518,57193.24502629688,18.299,0.3250881361973954,W2
QSO_11.5228476-28.547518,57367.62507820782,18.453,0.2684135835829693,W2
QSO_11.5228476-28.547518,57727.25856085682,18.127,0.2185509517675877,W2
QSO_11.5228476-28.547518,57925.069587000005,18.33,0.0601040764008558,W2
QSO_11.5228476-28.547518,58090.38005800008,18.4705,0.1069745881039042,W2
QSO_11.5228476-28.547518,58288.62845749999,18.157,0.0,W2
QSO_11.5228476-28.547518,58814.633278999965,18.342,0.0,W2
QSO_11.5228476-28.547518,59182.895797599966,18.255,0.0,W2
QSO_11.5228476-28.547518,59383.97550899996,18.332,0.0,W2
QSO_11.5228476-28.547518,59546.38421175,17.8085,0.007424621202459,W2
QSO_11.5228476-28.547518,59751.42363700002,17.863,0.0,W2
QSO_11.5228476-28.547518,59910.30795449999,18.154,0.0704367328411342,W2
QSO_11.5228476-28.547518,60115.50580800001,17.967,0.0,W2
QSO_11.5228476-28.547518,60277.12441349998,18.602,0.1187451051622758,W2
QSO_11.5414528-28.5301647,55366.55620574998,19.015,0.050412934848112,W1
QSO_11.5414528-28.5301647,55546.189422749936,19.163000000000004,0.2436953464368984,W1
QSO_11.5414528-28.5301647,56643.42047649999,18.911500000000004,0.0723813204877858,W1
QSO_11.5414528-28.5301647,56831.71116499999,18.6635,0.0364159992311077,W1
QSO_11.5414528-28.5301647,57008.223486,19.081000000000003,0.0970202453099354,W1
QSO_11.5414528-28.5301647,57193.24502629688,18.849,0.1918077741443818,W1
QSO_11.5414528-28.5301647,57367.62507820782,19.017000000000003,0.1383867366798165,W1
QSO_11.5414528-28.5301647,57558.00726695232,18.769,0.0,W1
QSO_11.5414528-28.5301647,57726.86478143199,19.0325,0.0408511015763345,W1
QSO_11.5414528-28.5301647,57924.21910049996,19.448,0.0,W1
QSO_11.5414528-28.5301647,58090.38005800008,18.2465,0.1318754146912915,W1
QSO_11.5414528-28.5301647,58288.62845749999,18.684,0.0,W1
QSO_11.5414528-28.5301647,58450.690684,18.737,0.0113137084989847,W1
QSO_11.5414528-28.5301647,58652.75519499997,18.486,0.0,W1
QSO_11.5414528-28.5301647,58814.633425,19.322000000000003,0.0,W1
QSO_11.5414528-28.5301647,59182.76475129999,18.9065,0.0067175144212728,W1
QSO_11.5414528-28.5301647,59383.97550899996,18.296,0.0,W1
QSO_11.5414528-28.5301647,59546.38421175,18.534,0.2863782463805512,W1
QSO_11.5414528-28.5301647,59910.24294799996,18.858,0.0962731946078447,W1
QSO_11.5414528-28.5301647,60277.12441349998,18.714,0.099143367944646,W1
QSO_11.5414528-28.5301647,60479.41634919999,18.623,0.0,W1
QSO_11.5414528-28.5301647,55366.55620574998,18.6275,0.0812404825194925,W2
QSO_11.5414528-28.5301647,55546.189422749936,18.2865,0.2469743154662039,W2
QSO_11.5414528-28.5301647,56643.42047649999,18.2615,0.0934947017710589,W2
QSO_11.5414528-28.5301647,56831.71116499999,18.137500000000003,0.0144956890143243,W2
QSO_11.5414528-28.5301647,57008.223486,18.285,0.0204520903577114,W2
QSO_11.5414528-28.5301647,57193.24502629688,18.386,0.0548459120999373,W2
QSO_11.5414528-28.5301647,57367.62507820782,18.371,0.179371949580464,W2
QSO_11.5414528-28.5301647,57558.00726695232,18.405,0.0,W2
QSO_11.5414528-28.5301647,57726.86478143199,18.431,0.0642732205121231,W2
QSO_11.5414528-28.5301647,57924.21910049996,18.214,0.0,W2
QSO_11.5414528-28.5301647,58090.38005800008,18.334,0.1308147545195103,W2
QSO_11.5414528-28.5301647,58288.62845749999,17.858999999999998,0.0,W2
QSO_11.5414528-28.5301647,58450.690684,18.233,0.183140656327316,W2
QSO_11.5414528-28.5301647,58652.75519499997,18.061,0.0,W2
QSO_11.5414528-28.5301647,58814.633425,18.222,0.0,W2
QSO_11.5414528-28.5301647,59182.76475129999,18.0535,0.2124855877465572,W2
QSO_11.5414528-28.5301647,59383.97550899996,18.185,0.0,W2
QSO_11.5414528-28.5301647,59546.38421175,18.2995,0.2577404217424975,W2
QSO_11.5414528-28.5301647,59910.24294799996,18.349,0.0626606096363574,W2
QSO_11.5414528-28.5301647,60277.12441349998,18.536,0.0952999164431636,W2
QSO_11.5414528-28.5301647,60479.41634919999,18.044,0.0,W2
QSO_11.6771822-28.5428838,55366.65541275,19.4295,0.1005925245731512,W1
QSO_11.6771822-28.5428838,55546.38767249998,19.161,0.2407155998268494,W1
QSO_11.6771822-28.5428838,56643.321671000034,18.39,0.0,W1
QSO_11.6771822-28.5428838,56831.48103250001,18.838,0.0685668098091738,W1
QSO_11.6771822-28.5428838,57008.25631775002,18.9,0.0190918830920362,W1
QSO_11.6771822-28.5428838,57367.62507820782,18.767000000000003,0.0,W1
QSO_11.6771822-28.5428838,57727.32422126097,19.0775,0.3334008473294563,W1
QSO_11.6771822-28.5428838,57925.20047600001,18.101,0.0,W1
QSO_11.6771822-28.5428838,58090.739911499964,18.864,0.0,W1
QSO_11.6771822-28.5428838,58814.89480150004,19.114,0.0,W1
QSO_11.6771822-28.5428838,59546.71043050005,18.9675,0.2789536251780922,W1
QSO_11.6771822-28.5428838,59910.82891899997,18.963,0.0,W1
QSO_11.6771822-28.5428838,60277.05982675,18.9755,0.0406586399182271,W1
QSO_11.6771822-28.5428838,60479.99298219996,18.491,0.0,W1
QSO_11.6771822-28.5428838,55366.65541275,18.599,0.0677338615464968,W2
QSO_11.6771822-28.5428838,55546.38767249998,18.651,0.2213298192492117,W2
QSO_11.6771822-28.5428838,56643.321671000034,17.971999999999998,0.0,W2
QSO_11.6771822-28.5428838,56831.48103250001,18.48,0.1289395494307599,W2
QSO_11.6771822-28.5428838,57008.25631775002,18.218,0.1173797256769671,W2
QSO_11.6771822-28.5428838,57367.62507820782,17.99,0.0,W2
QSO_11.6771822-28.5428838,57727.32422126097,18.662,0.173948268171891,W2
QSO_11.6771822-28.5428838,57925.20047600001,18.852,0.0,W2
QSO_11.6771822-28.5428838,58090.739911499964,17.878,0.0,W2
QSO_11.6771822-28.5428838,58814.89480150004,18.154,0.0,W2
QSO_11.6771822-28.5428838,59546.71043050005,18.3425,0.3418861287036965,W2
QSO_11.6771822-28.5428838,59910.82891899997,18.591,0.0,W2
QSO_11.6771822-28.5428838,60277.05982675,18.677,0.1689985207035854,W2
QSO_11.6771822-28.5428838,60479.99298219996,18.355,0.0,W2
QSO_11.574323-28.5988041,55366.622325500015,19.3125,0.086644036147908,W1
QSO_11.574323-28.5988041,55546.189422749936,19.2475,0.1347418828724012,W1
QSO_11.574323-28.5988041,56643.12416949997,18.808,0.0,W1
QSO_11.574323-28.5988041,56831.54680549999,18.517,0.0,W1
QSO_11.574323-28.5988041,57008.02644074999,18.6165,0.2810749455216532,W1
QSO_11.574323-28.5988041,57192.78614826778,18.778,0.0640942592910948,W1
QSO_11.574323-28.5988041,57366.90431266218,18.69,0.0,W1
QSO_11.574323-28.5988041,57726.79919422782,19.125,0.1665708613529141,W1
QSO_11.574323-28.5988041,57924.93869799999,18.506,0.106589902933662,W1
QSO_11.574323-28.5988041,58090.21653799999,18.614,0.0875053437521681,W1
QSO_11.574323-28.5988041,58288.661088499975,18.9855,0.391383603386755,W1
QSO_11.574323-28.5988041,58652.559098749975,18.7615,0.0548007755419565,W1
QSO_11.574323-28.5988041,58814.633278999965,19.218,0.0,W1
QSO_11.574323-28.5988041,59019.90864100001,19.041,0.0,W1
QSO_11.574323-28.5988041,59182.76473300002,18.889000000000003,0.0,W1
QSO_11.574323-28.5988041,59383.844948499966,19.233,0.0,W1
QSO_11.574323-28.5988041,59546.44949199996,18.8965,0.1035911434438289,W1
QSO_11.574323-28.5988041,59751.81480750003,18.565,0.0,W1
QSO_11.574323-28.5988041,59910.95911450001,18.723,0.0,W1
QSO_11.574323-28.5988041,60115.76514049999,18.537,0.0,W1
QSO_11.574323-28.5988041,60277.576283500006,19.389000000000003,0.0,W1
QSO_11.574323-28.5988041,55366.622325500015,18.633000000000003,0.0775919067944588,W2
QSO_11.574323-28.5988041,55546.189422749936,18.408,0.030023688564199,W2
QSO_11.574323-28.5988041,56643.12416949997,18.369,0.0,W2
QSO_11.574323-28.5988041,56831.54680549999,18.125,0.0,W2
QSO_11.574323-28.5988041,57008.02644074999,18.462,0.3252691193458124,W2
QSO_11.574323-28.5988041,57192.78614826778,18.815,0.2205610690606687,W2
QSO_11.574323-28.5988041,57366.90431266218,18.653,0.0,W2
QSO_11.574323-28.5988041,57726.79919422782,18.529,0.1351150401475496,W2
QSO_11.574323-28.5988041,57924.93869799999,18.56,0.1542885704223197,W2
QSO_11.574323-28.5988041,58090.21653799999,18.275,0.1793632771366128,W2
QSO_11.574323-28.5988041,58288.661088499975,18.4375,0.1537957249080749,W2
QSO_11.574323-28.5988041,58652.559098749975,18.448500000000003,0.1665236469694319,W2
QSO_11.574323-28.5988041,58814.633278999965,18.322,0.0,W2
QSO_11.574323-28.5988041,59019.90864100001,18.283,0.0,W2
QSO_11.574323-28.5988041,59182.76473300002,18.245,0.0,W2
QSO_11.574323-28.5988041,59383.844948499966,18.433,0.0,W2
QSO_11.574323-28.5988041,59546.44949199996,18.6405,0.1679378605318055,W2
QSO_11.574323-28.5988041,59751.81480750003,18.288,0.0,W2
QSO_11.574323-28.5988041,59910.95911450001,18.661,0.0,W2
QSO_11.574323-28.5988041,60115.76514049999,18.211,0.0,W2
QSO_11.574323-28.5988041,60277.576283500006,18.305,0.0,W2
QSO_11.655345-28.7727243,55366.55627875003,19.020000000000003,0.0819979268030598,W1
QSO_11.655345-28.7727243,55546.15633549995,19.121,0.0644755193278237,W1
QSO_11.655345-28.7727243,56643.38758999996,18.858,0.0831858641837661,W1
QSO_11.655345-28.7727243,56831.61259675002,18.878,0.0977889148881405,W1
QSO_11.655345-28.7727243,57008.12493599999,18.6945,0.1396349738637349,W1
QSO_11.655345-28.7727243,57192.95005152823,18.973,0.0608111831820432,W1
QSO_11.655345-28.7727243,57367.10079217464,19.131,0.1280164364447003,W1
QSO_11.655345-28.7727243,57556.95692008595,19.099,0.0742462120245877,W1
QSO_11.655345-28.7727243,57727.25856085682,19.022,0.0646191302943636,W1
QSO_11.655345-28.7727243,57924.57889925002,18.8075,0.1679378605318055,W1
QSO_11.655345-28.7727243,58090.18383399994,18.925,0.0353553390593278,W1
QSO_11.655345-28.7727243,58288.66116149996,18.826,0.0848528137423851,W1
QSO_11.655345-28.7727243,58450.95224300001,19.026000000000003,0.0501818913774902,W1
QSO_11.655345-28.7727243,58652.55911700003,18.734,0.0,W1
QSO_11.655345-28.7727243,58814.633278999965,18.972,0.0,W1
QSO_11.655345-28.7727243,59019.64654839997,18.766,0.0,W1
QSO_11.655345-28.7727243,59182.76473300002,19.211,0.1385311838139298,W1
QSO_11.655345-28.7727243,59384.334887999976,19.138,0.1124468624506705,W1
QSO_11.655345-28.7727243,59546.64525974994,18.763,0.1101033605300041,W1
QSO_11.655345-28.7727243,59910.30795449999,19.08,0.0,W1
QSO_11.655345-28.7727243,60115.50580800001,19.344,0.060811183182042,W1
QSO_11.655345-28.7727243,60277.41486225005,19.261,0.1951614716074869,W1
QSO_11.655345-28.7727243,60479.41634919999,18.017,0.0,W1
QSO_11.655345-28.7727243,55366.55627875003,18.5605,0.0683018008547359,W2
QSO_11.655345-28.7727243,55546.15633549995,18.604,0.1025234390544695,W2
QSO_11.655345-28.7727243,56643.38758999996,18.107,0.096604347728247,W2
QSO_11.655345-28.7727243,56831.61259675002,18.3435,0.1563419229605417,W2
QSO_11.655345-28.7727243,57008.12493599999,18.2555,0.0914506545751437,W2
QSO_11.655345-28.7727243,57192.95005152823,18.411,0.188797510576809,W2
QSO_11.655345-28.7727243,57367.10079217464,18.643,0.098505877997204,W2
QSO_11.655345-28.7727243,57556.95692008595,17.759,0.3535533905932737,W2
QSO_11.655345-28.7727243,57727.25856085682,18.499,0.1023920309399127,W2
QSO_11.655345-28.7727243,57924.57889925002,18.684,0.1096015510839144,W2
QSO_11.655345-28.7727243,58090.18383399994,17.8405,0.0618718433538231,W2
QSO_11.655345-28.7727243,58288.66116149996,18.4225,0.0887419010389108,W2
QSO_11.655345-28.7727243,58450.95224300001,18.659,0.1420644089710587,W2
QSO_11.655345-28.7727243,58652.55911700003,18.417,0.0,W2
QSO_11.655345-28.7727243,58814.633278999965,18.86,0.0,W2
QSO_11.655345-28.7727243,59019.64654839997,17.951999999999998,0.0,W2
QSO_11.655345-28.7727243,59182.76473300002,18.67,0.2090183405030926,W2
QSO_11.655345-28.7727243,59384.334887999976,18.281,0.1573759432060695,W2
QSO_11.655345-28.7727243,59546.64525974994,18.4905,0.0735093531463853,W2
QSO_11.655345-28.7727243,59910.30795449999,18.421,0.0,W2
QSO_11.655345-28.7727243,60115.50580800001,18.361,0.1195010460205268,W2
QSO_11.655345-28.7727243,60277.41486225005,18.141,0.1124299782086615,W2
QSO_11.655345-28.7727243,60479.41634919999,17.869,0.0,W2
QSO_11.5924216-28.7285035,55366.62238025002,19.184,0.0670906655758269,W1
QSO_11.5924216-28.7285035,55546.15633549995,19.0555,0.1237605214382465,W1
QSO_11.5924216-28.7285035,56643.35463049996,18.797,0.097379745403317,W1
QSO_11.5924216-28.7285035,56831.67833325005,18.7495,0.0053033008588993,W1
QSO_11.5924216-28.7285035,57008.35481300002,18.612,0.0820406403355481,W1
QSO_11.5924216-28.7285035,57192.720630763615,19.018,0.058657196205297,W1
QSO_11.5924216-28.7285035,57367.23186368294,18.894,0.1677484889814377,W1
QSO_11.5924216-28.7285035,57556.8912596818,18.561,0.093510546048145,W1
QSO_11.5924216-28.7285035,57727.38980846514,18.903,0.0538028809637552,W1
QSO_11.5924216-28.7285035,57925.069587000005,18.5495,0.1177332790675608,W1
QSO_11.5924216-28.7285035,58090.60898600001,19.002,0.163157047724645,W1
QSO_11.5924216-28.7285035,58288.693865500005,18.886000000000003,0.2083289777322476,W1
QSO_11.5924216-28.7285035,58450.95224300001,18.841,0.0227563584927787,W1
QSO_11.5924216-28.7285035,58652.36300249999,18.362,0.0,W1
QSO_11.5924216-28.7285035,58814.633278999965,19.058,0.0,W1
QSO_11.5924216-28.7285035,59019.64654839997,18.699,0.0,W1
QSO_11.5924216-28.7285035,59182.404332799975,18.934,0.0714177848998419,W1
QSO_11.5924216-28.7285035,59546.67801849999,18.917,0.0,W1
QSO_11.5924216-28.7285035,59749.72833975001,18.8675,0.0788424061022996,W1
QSO_11.5924216-28.7285035,59910.17772250001,18.7705,0.0683246945758917,W1
QSO_11.5924216-28.7285035,60479.57654739999,18.7675,0.271175450585042,W1
QSO_11.5924216-28.7285035,55366.62238025002,18.743,0.0684556282011013,W2
QSO_11.5924216-28.7285035,55546.15633549995,18.26,0.0431843593085378,W2
QSO_11.5924216-28.7285035,56643.35463049996,18.2535,0.1039082572557442,W2
QSO_11.5924216-28.7285035,56831.67833325005,18.549,0.1477853172679881,W2
QSO_11.5924216-28.7285035,57008.35481300002,18.2,0.1879221667093612,W2
QSO_11.5924216-28.7285035,57192.720630763615,18.398,0.1961163675719844,W2
QSO_11.5924216-28.7285035,57367.23186368294,18.731,0.0476009648205983,W2
QSO_11.5924216-28.7285035,57556.8912596818,18.592,0.0872242745689186,W2
QSO_11.5924216-28.7285035,57727.38980846514,18.476,0.1543848175015923,W2
QSO_11.5924216-28.7285035,57925.069587000005,18.688,0.2071822868876591,W2
QSO_11.5924216-28.7285035,58090.60898600001,18.3,0.1020689672431053,W2
QSO_11.5924216-28.7285035,58288.693865500005,18.432,0.1377784050164933,W2
QSO_11.5924216-28.7285035,58450.95224300001,18.625,0.1891033423133344,W2
QSO_11.5924216-28.7285035,58652.36300249999,17.983999999999998,0.0,W2
QSO_11.5924216-28.7285035,58814.633278999965,18.416,0.0,W2
QSO_11.5924216-28.7285035,59019.64654839997,18.085,0.0,W2
QSO_11.5924216-28.7285035,59182.404332799975,18.5005,0.2160211216524905,W2
QSO_11.5924216-28.7285035,59546.67801849999,18.248,0.0,W2
QSO_11.5924216-28.7285035,59749.72833975001,18.3015,0.1028840366626427,W2
QSO_11.5924216-28.7285035,59910.17772250001,18.4855,0.1469644073816414,W2
QSO_11.5924216-28.7285035,60479.57654739999,18.2275,0.0590434162290772,W2
QSO_11.5591658-28.7729246,55366.45708999998,19.152,0.0988415088754942,W1
QSO_11.5591658-28.7729246,55544.73546349999,19.0755,0.1340058041860709,W1
QSO_11.5591658-28.7729246,56643.55218674995,18.7385,0.0844992603517927,W1
QSO_11.5591658-28.7729246,56831.67831499999,18.947000000000003,0.0848528137423851,W1
QSO_11.5591658-28.7729246,57008.28914949997,18.3405,0.0569220958855163,W1
QSO_11.5591658-28.7729246,57192.78614826778,18.611,0.0,W1
QSO_11.5591658-28.7729246,57367.36293519123,19.122,0.1081873375215408,W1
QSO_11.5591658-28.7729246,57556.82561757762,18.911,0.1081873375215408,W1
QSO_11.5591658-28.7729246,57727.09446474649,18.86,0.0817813395586067,W1
QSO_11.5591658-28.7729246,57924.93869799999,18.87,0.0,W1
QSO_11.5591658-28.7729246,58090.60898600001,18.536,0.0,W1
QSO_11.5591658-28.7729246,58450.788723000005,18.81,0.0113137084989847,W1
QSO_11.5591658-28.7729246,58652.62452499997,19.2495,0.370877506732344,W1
QSO_11.5591658-28.7729246,59546.38413874994,18.541000000000004,0.246073159852919,W1
QSO_11.5591658-28.7729246,59751.42363700002,18.793,0.0,W1
QSO_11.5591658-28.7729246,59910.112643,19.307,0.0,W1
QSO_11.5591658-28.7729246,60277.576283500006,18.559,0.0,W1
QSO_11.5591658-28.7729246,60478.90376619997,18.769,0.0,W1
QSO_11.5591658-28.7729246,55366.45708999998,18.596,0.1018770122247149,W2
QSO_11.5591658-28.7729246,55544.73546349999,18.5355,0.0797354712180869,W2
QSO_11.5591658-28.7729246,56643.55218674995,18.506,0.2227386360737633,W2
QSO_11.5591658-28.7729246,56831.67831499999,18.5125,0.202586092809946,W2
QSO_11.5591658-28.7729246,57008.28914949997,18.5995,0.1983434521228265,W2
QSO_11.5591658-28.7729246,57192.78614826778,18.143,0.0,W2
QSO_11.5591658-28.7729246,57367.36293519123,18.476,0.1187939392393394,W2
QSO_11.5591658-28.7729246,57556.82561757762,18.242,0.5374011537017759,W2
QSO_11.5591658-28.7729246,57727.09446474649,18.458,0.0764905018613426,W2
QSO_11.5591658-28.7729246,57924.93869799999,18.588,0.0,W2
QSO_11.5591658-28.7729246,58090.60898600001,18.231,0.0,W2
QSO_11.5591658-28.7729246,58450.788723000005,18.6365,0.1983434521228265,W2
QSO_11.5591658-28.7729246,58652.62452499997,18.378,0.0473761543394988,W2
QSO_11.5591658-28.7729246,59546.38413874994,18.153,0.0304055915910222,W2
QSO_11.5591658-28.7729246,59751.42363700002,18.327,0.0,W2
QSO_11.5591658-28.7729246,59910.112643,18.92,0.0,W2
QSO_11.5591658-28.7729246,60277.576283500006,18.914,0.0,W2
QSO_11.5591658-28.7729246,60478.90376619997,18.651,0.0,W2
QSO_11.4611645-28.5590619,55366.49010424999,19.064,0.0634854629029353,W1
QSO_11.4611645-28.5590619,55544.603296999965,19.0115,0.1699350519316129,W1
QSO_11.4611645-28.5590619,56643.32178050004,18.933,0.0,W1
QSO_11.4611645-28.5590619,56831.51391899995,19.006,0.0403050865276322,W1
QSO_11.4611645-28.5590619,58090.739911499964,19.412,0.0,W1
QSO_11.4611645-28.5590619,59546.2209655,19.114,0.0,W1
QSO_11.4611645-28.5590619,55366.49010424999,18.844,0.0566431284446755,W2
QSO_11.4611645-28.5590619,55544.603296999965,18.3625,0.1455950613001691,W2
QSO_11.4611645-28.5590619,56643.32178050004,18.768,0.0,W2
QSO_11.4611645-28.5590619,56831.51391899995,18.513,0.1060660171779823,W2
QSO_11.4611645-28.5590619,58090.739911499964,18.141,0.0,W2
QSO_11.4611645-28.5590619,59546.2209655,18.652,0.0,W2
QSO_11.7818322-28.6610909,55366.787707,19.136000000000003,0.0537646176373639,W1
QSO_11.7818322-28.6610909,55546.35458525,19.151,0.1172858371355748,W1
QSO_11.7818322-28.6610909,56643.8484755,19.3995,0.1057124637873886,W1
QSO_11.7818322-28.6610909,56831.54680549999,19.193,0.212772178632452,W1
QSO_11.7818322-28.6610909,57008.28914949997,18.83,0.1774838020778242,W1
QSO_11.7818322-28.6610909,57192.81892526985,18.853,0.0813172798364531,W1
QSO_11.7818322-28.6610909,57367.23186368294,18.885,0.2096856553846109,W1
QSO_11.7818322-28.6610909,57556.8912596818,18.976,0.0,W1
QSO_11.7818322-28.6610909,57727.12725834858,18.6885,0.122761137478438,W1
QSO_11.7818322-28.6610909,57925.20047600001,18.736,0.0,W1
QSO_11.7818322-28.6610909,58090.47817000006,19.158,0.0176776695296626,W1
QSO_11.7818322-28.6610909,58288.79183150004,18.93,0.2220315292925759,W1
QSO_11.7818322-28.6610909,58450.95217000003,18.952,0.1225736385810582,W1
QSO_11.7818322-28.6610909,58652.55911700003,18.91,0.1798112178760661,W1
QSO_11.7818322-28.6610909,58815.15623274999,18.899,0.0537401153701779,W1
QSO_11.7818322-28.6610909,59019.64654839997,18.841,0.0,W1
QSO_11.7818322-28.6610909,59182.60091140005,18.7505,0.0272236110756814,W1
QSO_11.7818322-28.6610909,59383.975581999934,18.9785,0.2032931995911309,W1
QSO_11.7818322-28.6610909,59546.2209655,19.312,0.0,W1
QSO_11.7818322-28.6610909,59751.488935500034,18.866,0.0,W1
QSO_11.7818322-28.6610909,59910.24294799996,19.059,0.1067743040248924,W1
QSO_11.7818322-28.6610909,60115.24647550002,18.683,0.0828532839823904,W1
QSO_11.7818322-28.6610909,60276.86606650003,18.698,0.0,W1
QSO_11.7818322-28.6610909,60479.80079559997,18.238,0.0,W1
QSO_11.7818322-28.6610909,55366.787707,18.618,0.0730043893990297,W2
QSO_11.7818322-28.6610909,55546.35458525,18.312,0.0850658786100731,W2
QSO_11.7818322-28.6610909,56643.8484755,18.0485,0.0031819805153395,W2
QSO_11.7818322-28.6610909,56831.54680549999,18.58,0.2350041764798296,W2
QSO_11.7818322-28.6610909,57008.28914949997,18.329,0.2503158005400385,W2
QSO_11.7818322-28.6610909,57192.81892526985,18.0185,0.0081317279836464,W2
QSO_11.7818322-28.6610909,57367.23186368294,18.295,0.1272393486774113,W2
QSO_11.7818322-28.6610909,57556.8912596818,18.566,0.0,W2
QSO_11.7818322-28.6610909,57727.12725834858,18.693,0.0886383100019401,W2
QSO_11.7818322-28.6610909,57925.20047600001,17.762,0.0,W2
QSO_11.7818322-28.6610909,58090.47817000006,18.446,0.1081873375215421,W2
QSO_11.7818322-28.6610909,58288.79183150004,17.793,0.0,W2
QSO_11.7818322-28.6610909,58450.95217000003,18.307,0.0910160528423424,W2
QSO_11.7818322-28.6610909,58652.55911700003,17.876,0.0158418105961079,W2
QSO_11.7818322-28.6610909,58815.15623274999,18.399,0.1393000358937492,W2
QSO_11.7818322-28.6610909,59019.64654839997,18.657,0.0,W2
QSO_11.7818322-28.6610909,59182.60091140005,18.285,0.1491995308303604,W2
QSO_11.7818322-28.6610909,59383.975581999934,18.000500000000002,0.0229809703885632,W2
QSO_11.7818322-28.6610909,59546.2209655,18.619,0.0,W2
QSO_11.7818322-28.6610909,59751.488935500034,18.296,0.0,W2
QSO_11.7818322-28.6610909,59910.24294799996,18.566,0.1003460412771725,W2
QSO_11.7818322-28.6610909,60115.24647550002,18.339,0.066374359172466,W2
QSO_11.7818322-28.6610909,60276.86606650003,17.656,0.0,W2
QSO_11.7818322-28.6610909,60479.80079559997,17.471999999999998,0.0,W2
QSO_11.5565849-28.4937005,55366.58929300004,19.269,0.0891927314912152,W1
QSO_11.5565849-28.4937005,55546.38767249998,19.204,0.0805230898562644,W1
QSO_11.5565849-28.4937005,56643.51928200003,18.424,0.0,W1
QSO_11.5565849-28.4937005,57008.223486,19.028,0.1323038030303599,W1
QSO_11.5565849-28.4937005,57192.88446102399,19.065,0.2573868683519025,W1
QSO_11.5565849-28.4937005,57558.00726695232,19.188,0.0,W1
QSO_11.5565849-28.4937005,58090.281946,18.972,0.0268700576850889,W1
QSO_11.5565849-28.4937005,58288.8245355,18.794,0.1984071757961575,W1
QSO_11.5565849-28.4937005,58815.09087949997,18.938,0.0,W1
QSO_11.5565849-28.4937005,59019.90864100001,18.666,0.0,W1
QSO_11.5565849-28.4937005,59383.97550899996,18.594,0.0,W1
QSO_11.5565849-28.4937005,59546.547458,18.745,0.0,W1
QSO_11.5565849-28.4937005,59909.98244749996,18.700000000000003,0.0,W1
QSO_11.5565849-28.4937005,60115.24647550002,18.652,0.0,W1
QSO_11.5565849-28.4937005,55366.58929300004,18.48,0.0720569209010281,W2
QSO_11.5565849-28.4937005,55546.38767249998,18.562,0.1437265737433407,W2
QSO_11.5565849-28.4937005,56643.51928200003,17.787,0.0,W2
QSO_11.5565849-28.4937005,57008.223486,18.73,0.1842500314086108,W2
QSO_11.5565849-28.4937005,57192.88446102399,18.7165,0.1834942097179084,W2
QSO_11.5565849-28.4937005,57558.00726695232,17.733999999999998,0.0,W2
QSO_11.5565849-28.4937005,58090.281946,18.3305,0.100762716319083,W2
QSO_11.5565849-28.4937005,58288.8245355,18.479,0.0849169528945129,W2
QSO_11.5565849-28.4937005,58815.09087949997,18.756,0.0,W2
QSO_11.5565849-28.4937005,59019.90864100001,18.698,0.0,W2
QSO_11.5565849-28.4937005,59383.97550899996,18.665,0.0,W2
QSO_11.5565849-28.4937005,59546.547458,18.411,0.0,W2
QSO_11.5565849-28.4937005,59909.98244749996,18.29,0.0,W2
QSO_11.5565849-28.4937005,60115.24647550002,18.665,0.0,W2
QSO_11.6069525-28.7601975,55366.55627875003,19.1335,0.0926472895158278,W1
QSO_11.6069525-28.7601975,55546.15633549995,18.8055,0.083179441236669,W1
QSO_11.6069525-28.7601975,56643.51928200003,18.604,0.1468259236369788,W1
QSO_11.6069525-28.7601975,56831.80982449999,18.949,0.0178533117583475,W1
QSO_11.6069525-28.7601975,57008.09204949997,18.906,0.0497192115786245,W1
QSO_11.6069525-28.7601975,57192.52389575119,18.783,0.0,W1
QSO_11.6069525-28.7601975,57367.10079217464,19.068,0.1043496430276599,W1
QSO_11.6069525-28.7601975,57556.8912596818,18.968,0.0,W1
QSO_11.6069525-28.7601975,57726.86472653199,19.1945,0.1494549994981764,W1
QSO_11.6069525-28.7601975,57924.21910049996,19.017000000000003,0.0,W1
QSO_11.6069525-28.7601975,58089.75857250002,18.724,0.0,W1
QSO_11.6069525-28.7601975,58288.62845749999,19.269,0.0,W1
QSO_11.6069525-28.7601975,59182.63368669996,18.9415,0.0816708332270455,W1
QSO_11.6069525-28.7601975,59384.334887999976,18.678,0.0848528137423851,W1
QSO_11.6069525-28.7601975,59546.61261049997,18.954,0.0375854581808803,W1
QSO_11.6069525-28.7601975,59909.98244749996,19.023000000000003,0.0,W1
QSO_11.6069525-28.7601975,60115.24647550002,18.936,0.0,W1
QSO_11.6069525-28.7601975,60276.99524,18.331,0.0,W1
QSO_11.6069525-28.7601975,55366.55627875003,18.5695,0.0740220812901022,W2
QSO_11.6069525-28.7601975,55546.15633549995,18.432,0.1042909258863023,W2
QSO_11.6069525-28.7601975,56643.51928200003,18.578,0.0610300472445066,W2
QSO_11.6069525-28.7601975,56831.80982449999,18.528,0.2265687697089059,W2
QSO_11.6069525-28.7601975,57008.09204949997,18.524,0.0292587435491352,W2
QSO_11.6069525-28.7601975,57192.52389575119,18.256,0.0,W2
QSO_11.6069525-28.7601975,57367.10079217464,18.092,0.1403613622048462,W2
QSO_11.6069525-28.7601975,57556.8912596818,18.943,0.0,W2
QSO_11.6069525-28.7601975,57726.86472653199,18.387,0.1195430753954404,W2
QSO_11.6069525-28.7601975,57924.21910049996,18.408,0.0,W2
QSO_11.6069525-28.7601975,58089.75857250002,18.628,0.0,W2
QSO_11.6069525-28.7601975,58288.62845749999,18.117,0.0,W2
QSO_11.6069525-28.7601975,59182.63368669996,18.552,0.0848528137423864,W2
QSO_11.6069525-28.7601975,59384.334887999976,18.373,0.0417193000900057,W2
QSO_11.6069525-28.7601975,59546.61261049997,18.461,0.1743587192054443,W2
QSO_11.6069525-28.7601975,59909.98244749996,18.378,0.0,W2
QSO_11.6069525-28.7601975,60115.24647550002,18.038,0.0,W2
QSO_11.6069525-28.7601975,60276.99524,18.91,0.0,W2
QSO_11.7486839-28.7584855,55366.62238025002,19.0665,0.0689042524086865,W1
QSO_11.7486839-28.7584855,55546.15633549995,19.091,0.1115311159041048,W1
QSO_11.7486839-28.7584855,56643.58512799998,18.923,0.0924360420777526,W1
QSO_11.7486839-28.7584855,56831.54680549999,18.52,0.1286001555209013,W1
QSO_11.7486839-28.7584855,57008.22341300002,18.884,0.1170840376609892,W1
QSO_11.7486839-28.7584855,57192.85175702191,18.7385,0.0576292026667037,W1
QSO_11.7486839-28.7584855,57367.23186368294,19.107,0.1261850492992999,W1
QSO_11.7486839-28.7584855,57556.95692008595,18.782,0.1265721138323909,W1
QSO_11.7486839-28.7584855,57726.93036863616,19.14,0.1044715094956335,W1
QSO_11.7486839-28.7584855,57925.10236400003,18.8265,0.0993485027567094,W1
QSO_11.7486839-28.7584855,58090.38005800008,18.891,0.0021213203435584,W1
QSO_11.7486839-28.7584855,58288.8900165,18.722,0.0318198051533958,W1
QSO_11.7486839-28.7584855,58450.95224300001,19.196,0.0,W1
QSO_11.7486839-28.7584855,58652.55911700003,18.499,0.0,W1
QSO_11.7486839-28.7584855,58815.221586,18.793,0.0,W1
QSO_11.7486839-28.7584855,59019.90864100001,18.195,0.0,W1
QSO_11.7486839-28.7584855,59182.69921899997,18.736,0.0049497474683056,W1
QSO_11.7486839-28.7584855,59384.954840499966,18.945,0.0,W1
QSO_11.7486839-28.7584855,59546.38408400002,18.6485,0.0809637264458606,W1
QSO_11.7486839-28.7584855,59749.72841274998,18.8485,0.0873276874765385,W1
QSO_11.7486839-28.7584855,59910.601012999934,18.7525,0.127632774004172,W1
QSO_11.7486839-28.7584855,60115.18165150005,18.8495,0.1375322689407832,W1
QSO_11.7486839-28.7584855,60276.99524,19.227,0.0,W1
QSO_11.7486839-28.7584855,55366.62238025002,18.5745,0.0836365709483596,W2
QSO_11.7486839-28.7584855,55546.15633549995,18.394,0.0954732849971559,W2
QSO_11.7486839-28.7584855,56643.58512799998,18.386000000000003,0.1067631724893939,W2
QSO_11.7486839-28.7584855,56831.54680549999,18.431,0.1503110355476511,W2
QSO_11.7486839-28.7584855,57008.22341300002,18.3205,0.0716208550284067,W2
QSO_11.7486839-28.7584855,57192.85175702191,18.308,0.1237436867076463,W2
QSO_11.7486839-28.7584855,57367.23186368294,18.394,0.1168598400744331,W2
QSO_11.7486839-28.7584855,57556.95692008595,18.853,0.0197989898732236,W2
QSO_11.7486839-28.7584855,57726.93036863616,18.067,0.1150577954607874,W2
QSO_11.7486839-28.7584855,57925.10236400003,18.621,0.129400540957138,W2
QSO_11.7486839-28.7584855,58090.38005800008,18.115,0.1407142494561228,W2
QSO_11.7486839-28.7584855,58288.8900165,18.2795,0.4437095051945582,W2
QSO_11.7486839-28.7584855,58450.95224300001,17.939,0.0,W2
QSO_11.7486839-28.7584855,58652.55911700003,18.322,0.0,W2
QSO_11.7486839-28.7584855,58815.221586,18.976,0.0,W2
QSO_11.7486839-28.7584855,59019.90864100001,18.239,0.0,W2
QSO_11.7486839-28.7584855,59182.69921899997,18.304,0.3097127701597082,W2
QSO_11.7486839-28.7584855,59384.954840499966,17.997,0.0,W2
QSO_11.7486839-28.7584855,59546.38408400002,18.561,0.0169705627484777,W2
QSO_11.7486839-28.7584855,59749.72841274998,18.256500000000003,0.2591546353048698,W2
QSO_11.7486839-28.7584855,59910.601012999934,18.798,0.0883883476483184,W2
QSO_11.7486839-28.7584855,60115.18165150005,18.3435,0.1339967350348512,W2
QSO_11.7486839-28.7584855,60276.99524,18.753,0.0,W2
QSO_11.5666966-28.5007769,55366.58929300004,19.1705,0.0316255937781124,W1
QSO_11.5666966-28.5007769,55546.38767249998,19.044,0.1348968198290826,W1
QSO_11.5666966-28.5007769,56643.58514624995,18.6155,0.0894490078200982,W1
QSO_11.5666966-28.5007769,56831.34955950004,18.646,0.0,W1
QSO_11.5666966-28.5007769,57008.32198125,18.78,0.1456639969244284,W1
QSO_11.5666966-28.5007769,57193.11395478858,19.178,0.0843884317155344,W1
QSO_11.5666966-28.5007769,57367.264695435,18.8835,0.1071266773497622,W1
QSO_11.5666966-28.5007769,57727.38988166512,18.691000000000003,0.093217785618173,W1
QSO_11.5666966-28.5007769,57925.20047600001,17.895,0.0,W1
QSO_11.5666966-28.5007769,58090.18383399994,18.895000000000003,0.0537401153701767,W1
QSO_11.5666966-28.5007769,58288.661088499975,19.1305,0.0611647365726357,W1
QSO_11.5666966-28.5007769,58450.88683499999,18.959000000000003,0.0,W1
QSO_11.5666966-28.5007769,58814.89480150004,18.487,0.0,W1
QSO_11.5666966-28.5007769,59019.90864100001,19.336,0.0,W1
QSO_11.5666966-28.5007769,59182.76473300002,18.84,0.1225651754056689,W1
QSO_11.5666966-28.5007769,59546.2209655,18.63,0.0,W1
QSO_11.5666966-28.5007769,59910.60103124999,18.616,0.1654629867976521,W1
QSO_11.5666966-28.5007769,60115.24647550002,18.771,0.0652192882171801,W1
QSO_11.5666966-28.5007769,60276.99524,19.381,0.0,W1
QSO_11.5666966-28.5007769,55366.58929300004,18.627,0.0928382903724469,W2
QSO_11.5666966-28.5007769,55546.38767249998,18.348,0.1202814698945768,W2
QSO_11.5666966-28.5007769,56643.58514624995,18.315,0.062932503525603,W2
QSO_11.5666966-28.5007769,56831.34955950004,18.185,0.0,W2
QSO_11.5666966-28.5007769,57008.32198125,18.359,0.0728319984622142,W2
QSO_11.5666966-28.5007769,57193.11395478858,18.458,0.1830156844118571,W2
QSO_11.5666966-28.5007769,57367.264695435,18.495,0.2354665581351204,W2
QSO_11.5666966-28.5007769,57727.38988166512,18.662,0.0281438105819747,W2
QSO_11.5666966-28.5007769,57925.20047600001,18.593,0.0,W2
QSO_11.5666966-28.5007769,58090.18383399994,18.3025,0.1332896282536638,W2
QSO_11.5666966-28.5007769,58288.661088499975,18.609,0.0417193000900057,W2
QSO_11.5666966-28.5007769,58450.88683499999,18.712,0.0,W2
QSO_11.5666966-28.5007769,58814.89480150004,18.409,0.0,W2
QSO_11.5666966-28.5007769,59019.90864100001,18.381,0.0,W2
QSO_11.5666966-28.5007769,59182.76473300002,18.369,0.1485492810110132,W2
QSO_11.5666966-28.5007769,59546.2209655,18.535,0.0,W2
QSO_11.5666966-28.5007769,59910.60103124999,18.27,0.3436538956566625,W2
QSO_11.5666966-28.5007769,60115.24647550002,18.359,0.1593496040042027,W2
QSO_11.5666966-28.5007769,60276.99524,18.385,0.0,W2
QSO_11.5754342-28.6498507,55366.655358,19.222,0.0913855201783738,W1
QSO_11.5754342-28.6498507,55546.189422749936,19.0025,0.1353174508332173,W1
QSO_11.5754342-28.6498507,56643.585055,18.862,0.2330913030457288,W1
QSO_11.5754342-28.6498507,56831.51391899995,19.116,0.1594684529930606,W1
QSO_11.5754342-28.6498507,57008.09210425005,18.656,0.0464332518245272,W1
QSO_11.5754342-28.6498507,57367.264695435,18.583,0.0339411254969543,W1
QSO_11.5754342-28.6498507,57556.8912596818,19.123,0.0,W1
QSO_11.5754342-28.6498507,57726.79908442781,18.495,0.0776702431222317,W1
QSO_11.5754342-28.6498507,57924.21910049996,18.794,0.0,W1
QSO_11.5754342-28.6498507,58090.34735400002,19.05,0.2541233296387138,W1
QSO_11.5754342-28.6498507,58288.88994350002,18.611,0.0,W1
QSO_11.5754342-28.6498507,58450.88683499999,19.069000000000003,0.0772240607295132,W1
QSO_11.5754342-28.6498507,58652.62452499997,18.995,0.252437120883597,W1
QSO_11.5754342-28.6498507,58814.86207925001,19.027,0.0926309883354378,W1
QSO_11.5754342-28.6498507,59182.46986509999,19.18,0.1753624817342645,W1
QSO_11.5754342-28.6498507,59383.844948499966,18.971,0.0,W1
QSO_11.5754342-28.6498507,59751.81480750003,18.597,0.0,W1
QSO_11.5754342-28.6498507,59910.37310699998,18.934,0.1278899990298384,W1
QSO_11.5754342-28.6498507,60115.34369325,18.5055,0.0894490078200982,W1
QSO_11.5754342-28.6498507,60277.12441349998,18.584,0.0424298986128448,W1
QSO_11.5754342-28.6498507,60479.99298219996,19.408,0.0,W1
QSO_11.5754342-28.6498507,55366.655358,18.671,0.0812605607769916,W2
QSO_11.5754342-28.6498507,55546.189422749936,18.229,0.1042271407791657,W2
QSO_11.5754342-28.6498507,56643.585055,18.096,0.2112570840363833,W2
QSO_11.5754342-28.6498507,56831.51391899995,18.3265,0.3060345926116851,W2
QSO_11.5754342-28.6498507,57008.09210425005,18.4555,0.1893282120419462,W2
QSO_11.5754342-28.6498507,57367.264695435,18.1675,0.0159099025766979,W2
QSO_11.5754342-28.6498507,57556.8912596818,18.868,0.0,W2
QSO_11.5754342-28.6498507,57726.79908442781,18.236,0.1022426308129615,W2
QSO_11.5754342-28.6498507,57924.21910049996,18.315,0.0,W2
QSO_11.5754342-28.6498507,58090.34735400002,18.256,0.0937067925124057,W2
QSO_11.5754342-28.6498507,58288.88994350002,18.498,0.0,W2
QSO_11.5754342-28.6498507,58450.88683499999,18.381,0.1060338869663148,W2
QSO_11.5754342-28.6498507,58652.62452499997,18.348,0.1428355697996825,W2
QSO_11.5754342-28.6498507,58814.86207925001,18.154,0.351432070249714,W2
QSO_11.5754342-28.6498507,59182.46986509999,18.2955,0.136825162159597,W2
QSO_11.5754342-28.6498507,59383.844948499966,18.165,0.0,W2
QSO_11.5754342-28.6498507,59751.81480750003,18.035,0.0,W2
QSO_11.5754342-28.6498507,59910.37310699998,18.546,0.2207683552202771,W2
QSO_11.5754342-28.6498507,60115.34369325,17.6385,0.1446033367526485,W2
QSO_11.5754342-28.6498507,60277.12441349998,18.396,0.072251105335643,W2
QSO_11.5754342-28.6498507,60479.99298219996,17.62,0.0,W2
QSO_11.5302712-28.4542404,55366.622325500015,19.0685,0.0835010419096673,W1
QSO_11.5302712-28.4542404,55546.189422749936,19.1205,0.0925613160138842,W1
QSO_11.5302712-28.4542404,56643.61808749999,18.8255,0.050019215057816,W1
QSO_11.5302712-28.4542404,56831.48103250001,18.604,0.0,W1
QSO_11.5302712-28.4542404,57008.19065425005,18.803,0.1262492574235587,W1
QSO_11.5302712-28.4542404,57192.65502200949,19.103,0.005656854249493,W1
QSO_11.5302712-28.4542404,57367.264695435,19.1575,0.2266277233702878,W1
QSO_11.5302712-28.4542404,57558.00726695232,19.558,0.0,W1
QSO_11.5302712-28.4542404,57727.25856085682,18.928,0.0982404457704936,W1
QSO_11.5302712-28.4542404,57924.93869799999,18.836,0.0,W1
QSO_11.5302712-28.4542404,58090.478224749975,18.7905,0.0243951839509368,W1
QSO_11.5302712-28.4542404,58450.55992274996,18.979000000000003,0.01838477631085,W1
QSO_11.5302712-28.4542404,58652.55911700003,18.594,0.0,W1
QSO_11.5302712-28.4542404,58814.633425,19.06,0.0,W1
QSO_11.5302712-28.4542404,59020.039559200006,18.58,0.0,W1
QSO_11.5302712-28.4542404,59182.568172700005,19.005000000000003,0.1838477631085022,W1
QSO_11.5302712-28.4542404,59385.08540099997,18.701,0.0,W1
QSO_11.5302712-28.4542404,59546.514827,18.7585,0.0229809703885632,W1
QSO_11.5302712-28.4542404,59751.619222250025,18.681,0.0777817459305198,W1
QSO_11.5302712-28.4542404,59910.89401675003,18.595,0.1251579002700186,W1
QSO_11.5302712-28.4542404,60277.414916999965,18.669000000000004,0.1534421715174811,W1
QSO_11.5302712-28.4542404,55366.622325500015,18.5885,0.0851975586504683,W2
QSO_11.5302712-28.4542404,55546.189422749936,18.1245,0.0506679915762443,W2
QSO_11.5302712-28.4542404,56643.61808749999,18.24,0.0262083002119557,W2
QSO_11.5302712-28.4542404,56831.48103250001,18.756,0.0,W2
QSO_11.5302712-28.4542404,57008.19065425005,18.487,0.2030284385868145,W2
QSO_11.5302712-28.4542404,57192.65502200949,18.196,0.1145512985522212,W2
QSO_11.5302712-28.4542404,57367.264695435,18.4815,0.0958129688507774,W2
QSO_11.5302712-28.4542404,57558.00726695232,18.75,0.0,W2
QSO_11.5302712-28.4542404,57727.25856085682,18.55,0.2140098647778232,W2
QSO_11.5302712-28.4542404,57924.93869799999,18.602,0.0,W2
QSO_11.5302712-28.4542404,58090.478224749975,18.8635,0.0243951839509355,W2
QSO_11.5302712-28.4542404,58450.55992274996,18.7625,0.0088388347648313,W2
QSO_11.5302712-28.4542404,58652.55911700003,18.705,0.0,W2
QSO_11.5302712-28.4542404,58814.633425,18.289,0.0,W2
QSO_11.5302712-28.4542404,59020.039559200006,18.47,0.0,W2
QSO_11.5302712-28.4542404,59182.568172700005,18.3485,0.0441941738241592,W2
QSO_11.5302712-28.4542404,59385.08540099997,18.109,0.0,W2
QSO_11.5302712-28.4542404,59546.514827,18.6815,0.0045961940777118,W2
QSO_11.5302712-28.4542404,59751.619222250025,18.518,0.0883883476483184,W2
QSO_11.5302712-28.4542404,59910.89401675003,18.215,0.0275771644662763,W2
QSO_11.5302712-28.4542404,60277.414916999965,18.889000000000003,0.0502045814642446,W2
QSO_11.4930378-28.4681816,55366.58929300004,19.265,0.07621527521162,W1
QSO_11.4930378-28.4681816,55546.189422749936,19.044,0.1041680444353332,W1
QSO_11.4930378-28.4681816,56643.51928200003,18.608,0.0,W1
QSO_11.4930378-28.4681816,56831.48103250001,18.785,0.0,W1
QSO_11.4930378-28.4681816,57007.895058999966,18.718,0.0,W1
QSO_11.4930378-28.4681816,57192.52389575119,19.098,0.0,W1
QSO_11.4930378-28.4681816,57726.602267915376,18.7905,0.1446033367526498,W1
QSO_11.4930378-28.4681816,59020.039559200006,19.098,0.0,W1
QSO_11.4930378-28.4681816,59383.844948499966,17.846,0.0,W1
QSO_11.4930378-28.4681816,59546.482196,19.108,0.0,W1
QSO_11.4930378-28.4681816,55366.58929300004,18.674,0.104221090309471,W2
QSO_11.4930378-28.4681816,55546.189422749936,18.54,0.0858349244728466,W2
QSO_11.4930378-28.4681816,56643.51928200003,18.448,0.0,W2
QSO_11.4930378-28.4681816,56831.48103250001,18.522,0.0,W2
QSO_11.4930378-28.4681816,57007.895058999966,18.557,0.0,W2
QSO_11.4930378-28.4681816,57192.52389575119,18.193,0.0,W2
QSO_11.4930378-28.4681816,57726.602267915376,18.218,0.0134350288425432,W2
QSO_11.4930378-28.4681816,59020.039559200006,18.018,0.0,W2
QSO_11.4930378-28.4681816,59383.844948499966,18.24,0.0,W2
QSO_11.4930378-28.4681816,59546.482196,18.387,0.0,W2
QSO_11.5483639-28.4786294,55366.622325500015,19.0045,0.0990598606903925,W1
QSO_11.5483639-28.4786294,55546.189422749936,19.112,0.1180731098059983,W1
QSO_11.5483639-28.4786294,55366.622325500015,18.8735,0.0709910980334857,W2
QSO_11.5483639-28.4786294,55546.189422749936,18.2975,0.0920898313443835,W2
QSO_11.527199-28.6725019,55366.58929300004,19.212000000000003,0.0887817455736676,W1
QSO_11.527199-28.6725019,55543.21542100003,18.998,0.1273560677784924,W1
QSO_11.527199-28.6725019,56643.45336300002,18.574,0.0864771831583167,W1
QSO_11.527199-28.6725019,56831.64542849996,18.7675,0.0922774349448454,W1
QSO_11.527199-28.6725019,57008.02638599999,18.784,0.0285981092356089,W1
QSO_11.527199-28.6725019,57367.62507820782,18.891,0.0,W1
QSO_11.527199-28.6725019,57556.82561757762,19.0105,0.1530886181268874,W1
QSO_11.527199-28.6725019,57726.66791001947,18.705,0.0995259132457848,W1
QSO_11.527199-28.6725019,57924.93869799999,19.388,0.0,W1
QSO_11.527199-28.6725019,58090.38005800008,18.968,0.0752077369936345,W1
QSO_11.527199-28.6725019,58289.15157550001,18.651,0.0,W1
QSO_11.527199-28.6725019,58451.01757799996,18.7455,0.1714733944377375,W1
QSO_11.527199-28.6725019,58652.68993299999,19.009,0.0,W1
QSO_11.527199-28.6725019,58814.633278999965,18.969,0.0,W1
QSO_11.527199-28.6725019,59019.64654839997,18.599,0.0,W1
QSO_11.527199-28.6725019,59182.633705000015,18.777,0.0345376316501294,W1
QSO_11.527199-28.6725019,59384.399894500006,19.1835,0.2351130047445267,W1
QSO_11.527199-28.6725019,59546.35143474997,18.9965,0.0562149891043301,W1
QSO_11.527199-28.6725019,59748.03304249999,18.083,0.0,W1
QSO_11.527199-28.6725019,59910.56843675002,18.2945,0.2556191013989365,W1
QSO_11.527199-28.6725019,60115.24647550002,18.671,0.0758951518482831,W1
QSO_11.527199-28.6725019,60276.99524,18.756,0.0,W1
QSO_11.527199-28.6725019,55366.58929300004,18.805,0.0442386975297473,W2
QSO_11.527199-28.6725019,55543.21542100003,18.4085,0.0403539031569438,W2
QSO_11.527199-28.6725019,56643.45336300002,18.166,0.1168097803325608,W2
QSO_11.527199-28.6725019,56831.64542849996,18.187,0.0940452018978114,W2
QSO_11.527199-28.6725019,57008.02638599999,18.369,0.0424604391038164,W2
QSO_11.527199-28.6725019,57367.62507820782,18.121,0.0,W2
QSO_11.527199-28.6725019,57556.82561757762,18.4755,0.1134906383804401,W2
QSO_11.527199-28.6725019,57726.66791001947,18.788,0.056123540977488,W2
QSO_11.527199-28.6725019,57924.93869799999,18.166,0.0,W2
QSO_11.527199-28.6725019,58090.38005800008,18.628500000000003,0.0696689260664989,W2
QSO_11.527199-28.6725019,58289.15157550001,18.777,0.0,W2
QSO_11.527199-28.6725019,58451.01757799996,18.457,0.3146625176280138,W2
QSO_11.527199-28.6725019,58652.68993299999,18.552,0.0,W2
QSO_11.527199-28.6725019,58814.633278999965,18.478,0.0,W2
QSO_11.527199-28.6725019,59019.64654839997,17.549,0.0,W2
QSO_11.527199-28.6725019,59182.633705000015,18.263,0.1541294520849278,W2
QSO_11.527199-28.6725019,59384.399894500006,18.621,0.0728319984622142,W2
QSO_11.527199-28.6725019,59546.35143474997,18.6035,0.0540936687607704,W2
QSO_11.527199-28.6725019,59748.03304249999,17.694,0.0,W2
QSO_11.527199-28.6725019,59910.56843675002,18.451,0.1166726188957797,W2
QSO_11.527199-28.6725019,60115.24647550002,18.018,0.0139124245031395,W2
QSO_11.527199-28.6725019,60276.99524,18.214,0.0,W2
QSO_11.6126578-28.5722501,55366.622325500015,19.0845,0.0771487072633584,W1
QSO_11.6126578-28.5722501,55546.189422749936,19.213,0.1653738189678162,W1
QSO_11.6126578-28.5722501,56643.585073250055,19.1165,0.1622810062823125,W1
QSO_11.6126578-28.5722501,56831.80982449999,18.624,0.0701157772703274,W1
QSO_11.6126578-28.5722501,57008.15782250003,18.894,0.1032675747754349,W1
QSO_11.6126578-28.5722501,57366.90431266218,18.909,0.1493142348898481,W1
QSO_11.6126578-28.5722501,57727.02889584229,18.877,0.050615431194449,W1
QSO_11.6126578-28.5722501,58090.38005800008,18.876,0.1323085291090486,W1
QSO_11.6126578-28.5722501,58288.69371949997,19.575000000000003,0.0,W1
QSO_11.6126578-28.5722501,58450.91953900004,19.034,0.2453660530717316,W1
QSO_11.6126578-28.5722501,58652.65715599996,18.6125,0.139653589284343,W1
QSO_11.6126578-28.5722501,58814.89480150004,18.677,0.1699714572988542,W1
QSO_11.6126578-28.5722501,59019.777594699946,18.898000000000003,0.2135462479183383,W1
QSO_11.6126578-28.5722501,59182.30602519996,19.207,0.0,W1
QSO_11.6126578-28.5722501,59384.954840499966,18.729,0.0,W1
QSO_11.6126578-28.5722501,59546.38421175,18.879,0.0811128650400172,W1
QSO_11.6126578-28.5722501,59910.37310699998,19.122,0.0754248765328783,W1
QSO_11.6126578-28.5722501,60115.24647550002,18.72,0.0,W1
QSO_11.6126578-28.5722501,60277.41486225005,18.804,0.1534421715174811,W1
QSO_11.6126578-28.5722501,60479.99298219996,18.438,0.0,W1
QSO_11.6126578-28.5722501,55366.622325500015,18.6335,0.0552362508030529,W2
QSO_11.6126578-28.5722501,55546.189422749936,18.6675,0.1144478593071974,W2
QSO_11.6126578-28.5722501,56643.585073250055,18.2045,0.1919794910921473,W2
QSO_11.6126578-28.5722501,56831.80982449999,18.515,0.143567508962263,W2
QSO_11.6126578-28.5722501,57008.15782250003,18.176,0.1291554102622108,W2
QSO_11.6126578-28.5722501,57366.90431266218,18.533,0.1353812175823293,W2
QSO_11.6126578-28.5722501,57727.02889584229,18.579,0.2028390294667183,W2
QSO_11.6126578-28.5722501,58090.38005800008,18.631,0.1078016117690272,W2
QSO_11.6126578-28.5722501,58288.69371949997,17.799,0.0,W2
QSO_11.6126578-28.5722501,58450.91953900004,17.8355,0.2549119946177516,W2
QSO_11.6126578-28.5722501,58652.65715599996,18.481,0.2001112190757925,W2
QSO_11.6126578-28.5722501,58814.89480150004,18.539,0.1012137452237695,W2
QSO_11.6126578-28.5722501,59019.777594699946,18.076,0.4822468247692256,W2
QSO_11.6126578-28.5722501,59182.30602519996,18.472,0.0,W2
QSO_11.6126578-28.5722501,59384.954840499966,18.249,0.0,W2
QSO_11.6126578-28.5722501,59546.38421175,18.3555,0.1497333045785072,W2
QSO_11.6126578-28.5722501,59910.37310699998,18.523,0.0643785057297852,W2
QSO_11.6126578-28.5722501,60115.24647550002,17.88,0.0,W2
QSO_11.6126578-28.5722501,60277.41486225005,18.226,0.1711198410471451,W2
QSO_11.6126578-28.5722501,60479.99298219996,18.542,0.0,W2
QSO_11.6232667-28.6027655,55366.655358,19.151000000000003,0.1165942575196202,W1
QSO_11.6232667-28.6027655,55546.189422749936,19.087,0.1182018268682849,W1
QSO_11.6232667-28.6027655,56831.61261499999,18.728,0.1497454907501391,W1
QSO_11.6232667-28.6027655,57008.223486,18.891,0.0271224930570479,W1
QSO_11.6232667-28.6027655,57729.06352657097,18.7075,0.0498510280736509,W1
QSO_11.6232667-28.6027655,58090.281946,18.875,0.0219203102167821,W1
QSO_11.6232667-28.6027655,58288.8245355,18.687,0.0,W1
QSO_11.6232667-28.6027655,58652.75519499997,18.683,0.0,W1
QSO_11.6232667-28.6027655,58814.633278999965,19.143,0.0,W1
QSO_11.6232667-28.6027655,59182.50264039999,19.076,0.0,W1
QSO_11.6232667-28.6027655,59546.61261049997,19.071,0.0,W1
QSO_11.6232667-28.6027655,59910.95911450001,18.934,0.0,W1
QSO_11.6232667-28.6027655,60277.12441349998,19.035,0.0,W1
QSO_11.6232667-28.6027655,55366.655358,18.75,0.0751167786067096,W2
QSO_11.6232667-28.6027655,55546.189422749936,18.188,0.133046220821939,W2
QSO_11.6232667-28.6027655,56831.61261499999,18.165,0.2083852202052725,W2
QSO_11.6232667-28.6027655,57008.223486,18.421,0.2231357334797714,W2
QSO_11.6232667-28.6027655,57729.06352657097,18.433,0.2269812767608828,W2
QSO_11.6232667-28.6027655,58090.281946,18.52,0.0424264068711919,W2
QSO_11.6232667-28.6027655,58288.8245355,18.607,0.0,W2
QSO_11.6232667-28.6027655,58652.75519499997,18.434,0.0,W2
QSO_11.6232667-28.6027655,58814.633278999965,18.963,0.0,W2
QSO_11.6232667-28.6027655,59182.50264039999,17.889,0.0,W2
QSO_11.6232667-28.6027655,59546.61261049997,18.139,0.0,W2
QSO_11.6232667-28.6027655,59910.95911450001,18.426,0.0,W2
QSO_11.6232667-28.6027655,60277.12441349998,18.64,0.0,W2
QSO_11.4111811-28.5710604,55366.45708999998,18.992,0.1056235388613315,W1
QSO_11.4111811-28.5710604,55545.99117299997,19.173,0.1066839819279354,W1
QSO_11.4111811-28.5710604,56643.55216849998,18.75,0.0960087072874126,W1
QSO_11.4111811-28.5710604,56831.41529600007,18.885,0.0403050865276322,W1
QSO_11.4111811-28.5710604,57008.15782250003,18.628,0.1055507460892631,W1
QSO_11.4111811-28.5710604,57193.01558728237,19.197,0.0579827560572974,W1
QSO_11.4111811-28.5710604,57366.7732411538,19.06,0.0,W1
QSO_11.4111811-28.5710604,57726.70070362155,18.7865,0.3229575001064377,W1
QSO_11.4111811-28.5710604,58090.15112999997,18.668,0.0,W1
QSO_11.4111811-28.5710604,58450.95224300001,19.352,0.0,W1
QSO_11.4111811-28.5710604,58813.97960050002,18.797,0.0,W1
QSO_11.4111811-28.5710604,59019.71202579999,18.876,0.0,W1
QSO_11.4111811-28.5710604,59182.60096629997,18.966,0.2121320343559634,W1
QSO_11.4111811-28.5710604,59546.2209655,18.744,0.0,W1
QSO_11.4111811-28.5710604,59909.98244749996,18.641,0.0,W1
QSO_11.4111811-28.5710604,60115.37614175001,18.6035,0.1127835315992552,W1
QSO_11.4111811-28.5710604,60277.41486225005,18.896,0.1859690834520619,W1
QSO_11.4111811-28.5710604,55366.45708999998,18.786,0.0708539524576798,W2
QSO_11.4111811-28.5710604,55545.99117299997,18.299,0.0861538159340608,W2
QSO_11.4111811-28.5710604,56643.55216849998,18.3615,0.1218720512463791,W2
QSO_11.4111811-28.5710604,56831.41529600007,18.6475,0.0901561146012844,W2
QSO_11.4111811-28.5710604,57008.15782250003,18.785,0.1493946719264107,W2
QSO_11.4111811-28.5710604,57193.01558728237,18.5775,0.1113693180368804,W2
QSO_11.4111811-28.5710604,57366.7732411538,18.76,0.0,W2
QSO_11.4111811-28.5710604,57726.70070362155,18.276,0.0373168443869525,W2
QSO_11.4111811-28.5710604,58090.15112999997,18.028,0.0,W2
QSO_11.4111811-28.5710604,58450.95224300001,17.894,0.0,W2
QSO_11.4111811-28.5710604,58813.97960050002,18.23,0.0,W2
QSO_11.4111811-28.5710604,59019.71202579999,17.865,0.0,W2
QSO_11.4111811-28.5710604,59182.60096629997,18.4505,0.1424820164090901,W2
QSO_11.4111811-28.5710604,59546.2209655,18.65,0.0,W2
QSO_11.4111811-28.5710604,59909.98244749996,18.169,0.0,W2
QSO_11.4111811-28.5710604,60115.37614175001,18.1,0.2015254326381661,W2
QSO_11.4111811-28.5710604,60277.41486225005,18.566,0.0120208152801709,W2
QSO_11.7080859-28.6758096,55366.72153250004,19.124,0.0931176678999828,W1
QSO_11.7080859-28.6758096,55546.32149800001,19.265,0.1058416175235428,W1
QSO_11.7080859-28.6758096,56643.61803275006,18.914,0.1462185863698593,W1
QSO_11.7080859-28.6758096,56831.54680549999,18.723,0.1006705518014082,W1
QSO_11.7080859-28.6758096,57008.223486,18.848,0.1106632368946437,W1
QSO_11.7080859-28.6758096,57192.95005152823,18.963500000000003,0.1574200193749195,W1
QSO_11.7080859-28.6758096,57367.03531117042,18.588500000000003,0.1266535629186955,W1
QSO_11.7080859-28.6758096,57556.95692008595,18.844,0.2319310242291884,W1
QSO_11.7080859-28.6758096,57727.0616162444,18.8525,0.1121131414307951,W1
QSO_11.7080859-28.6758096,57924.97147499993,18.7025,0.0965200756319623,W1
QSO_11.7080859-28.6758096,58090.249242000034,18.712000000000003,0.0304055915910222,W1
QSO_11.7080859-28.6758096,58288.8245355,18.869,0.0303461511379751,W1
QSO_11.7080859-28.6758096,58450.88683499999,18.796,0.0,W1
QSO_11.7080859-28.6758096,58652.68993299999,18.749,0.0617107950217971,W1
QSO_11.7080859-28.6758096,58814.76404025,18.853,0.2262741699796941,W1
QSO_11.7080859-28.6758096,59019.90864100001,18.642,0.0,W1
QSO_11.7080859-28.6758096,59182.895797599966,18.51,0.0,W1
QSO_11.7080859-28.6758096,59384.82448075,18.89,0.1209152595828991,W1
QSO_11.7080859-28.6758096,59546.67801849999,19.208,0.0750545480646255,W1
QSO_11.7080859-28.6758096,59910.24287499999,18.7915,0.1583181425461381,W1
QSO_11.7080859-28.6758096,60115.18157849999,18.742,0.0,W1
QSO_11.7080859-28.6758096,60277.124340500006,19.17,0.3316330803764916,W1
QSO_11.7080859-28.6758096,60479.89688889992,18.3345,0.0371231060122938,W1
QSO_11.7080859-28.6758096,55366.72153250004,18.61,0.0765628648659639,W2
QSO_11.7080859-28.6758096,55546.32149800001,18.344,0.0701144207706234,W2
QSO_11.7080859-28.6758096,56643.61803275006,18.516,0.1285925232548032,W2
QSO_11.7080859-28.6758096,56831.54680549999,18.205,0.1106199258723309,W2
QSO_11.7080859-28.6758096,57008.223486,18.522,0.0885979683739982,W2
QSO_11.7080859-28.6758096,57192.95005152823,18.499,0.1462948115108664,W2
QSO_11.7080859-28.6758096,57367.03531117042,17.942,0.203052756383655,W2
QSO_11.7080859-28.6758096,57556.95692008595,18.1805,0.1170261722863734,W2
QSO_11.7080859-28.6758096,57727.0616162444,18.399,0.0974020162921576,W2
QSO_11.7080859-28.6758096,57924.97147499993,18.431,0.0862670273047587,W2
QSO_11.7080859-28.6758096,58090.249242000034,18.4805,0.2195566555584225,W2
QSO_11.7080859-28.6758096,58288.8245355,18.333,0.0336881119816606,W2
QSO_11.7080859-28.6758096,58450.88683499999,17.957,0.0,W2
QSO_11.7080859-28.6758096,58652.68993299999,18.201,0.1194071776488927,W2
QSO_11.7080859-28.6758096,58814.76404025,18.2455,0.0993485027567094,W2
QSO_11.7080859-28.6758096,59019.90864100001,18.488,0.0,W2
QSO_11.7080859-28.6758096,59182.895797599966,18.317,0.0,W2
QSO_11.7080859-28.6758096,59384.82448075,18.4615,0.1438962299714624,W2
QSO_11.7080859-28.6758096,59546.67801849999,18.568,0.2071522968110032,W2
QSO_11.7080859-28.6758096,59910.24287499999,18.373,0.1109716346806862,W2
QSO_11.7080859-28.6758096,60115.18157849999,18.544,0.0,W2
QSO_11.7080859-28.6758096,60277.124340500006,18.071,0.032526911934582,W2
QSO_11.7080859-28.6758096,60479.89688889992,17.723999999999997,0.0275771644662751,W2
QSO_11.499772-28.5405785,55366.55620574998,19.286500000000004,0.1019104950434449,W1
QSO_11.499772-28.5405785,55546.189422749936,19.128,0.1359616214231058,W1
QSO_11.499772-28.5405785,56643.38764475005,18.9055,0.1092070138544227,W1
QSO_11.499772-28.5405785,57008.15782250003,18.581,0.0,W1
QSO_11.499772-28.5405785,57367.19915968085,18.852,0.2467802666341052,W1
QSO_11.499772-28.5405785,58090.21653799999,18.945,0.1609978145699386,W1
QSO_11.499772-28.5405785,58450.494533,18.822000000000003,0.0,W1
QSO_11.499772-28.5405785,59182.633705000015,18.832,0.0,W1
QSO_11.499772-28.5405785,59383.97550899996,19.063,0.0,W1
QSO_11.499772-28.5405785,59910.112643,19.189,0.0,W1
QSO_11.499772-28.5405785,60115.50580800001,18.614,0.0,W1
QSO_11.499772-28.5405785,60277.12441349998,19.231,0.0,W1
QSO_11.499772-28.5405785,60479.70466569997,18.9585,0.1000556095378969,W1
QSO_11.499772-28.5405785,55366.55620574998,18.562,0.1084522982697923,W2
QSO_11.499772-28.5405785,55546.189422749936,18.2235,0.0855690510640381,W2
QSO_11.499772-28.5405785,56643.38764475005,18.0635,0.2185865103340092,W2
QSO_11.499772-28.5405785,57008.15782250003,17.797,0.0,W2
QSO_11.499772-28.5405785,57367.19915968085,18.5475,0.0067175144212716,W2
QSO_11.499772-28.5405785,58090.21653799999,18.404,0.1449983397095241,W2
QSO_11.499772-28.5405785,58450.494533,18.636,0.0,W2
QSO_11.499772-28.5405785,59182.633705000015,18.301,0.0,W2
QSO_11.499772-28.5405785,59383.97550899996,18.596,0.0,W2
QSO_11.499772-28.5405785,59910.112643,18.872,0.0,W2
QSO_11.499772-28.5405785,60115.50580800001,18.555,0.0,W2
QSO_11.499772-28.5405785,60277.12441349998,18.453,0.0,W2
QSO_11.499772-28.5405785,60479.70466569997,17.9815,0.0364159992311077,W2
QSO_11.5190921-28.6748881,55366.58929300004,19.062,0.08662761743335,W1
QSO_11.5190921-28.6748881,55544.603296999965,19.0565,0.21890494512459,W1
QSO_11.5190921-28.6748881,56643.45336300002,18.642,0.0934293683752602,W1
QSO_11.5190921-28.6748881,56831.48103250001,19.020000000000003,0.0,W1
QSO_11.5190921-28.6748881,57008.35481300002,18.519,0.0,W1
QSO_11.5190921-28.6748881,57192.78614826778,18.946,0.0,W1
QSO_11.5190921-28.6748881,57366.90431266218,19.062,0.0,W1
QSO_11.5190921-28.6748881,57556.75997547345,19.181,0.0,W1
QSO_11.5190921-28.6748881,57726.66791001947,18.752,0.1479356717055183,W1
QSO_11.5190921-28.6748881,57924.70978824994,19.4935,0.1339967350348512,W1
QSO_11.5190921-28.6748881,58090.38005799999,18.82,0.2213244225113897,W1
QSO_11.5190921-28.6748881,58450.788723000005,18.8805,0.0427799602617869,W1
QSO_11.5190921-28.6748881,59182.633705000015,18.735,0.2884788971035386,W1
QSO_11.5190921-28.6748881,59910.37310699998,19.678,0.0,W1
QSO_11.5190921-28.6748881,60115.24647550002,18.97,0.0,W1
QSO_11.5190921-28.6748881,60277.12441349998,18.781,0.1326786705903768,W1
QSO_11.5190921-28.6748881,55366.58929300004,18.738,0.0554196747157974,W2
QSO_11.5190921-28.6748881,55544.603296999965,18.3285,0.0524320989471142,W2
QSO_11.5190921-28.6748881,56643.45336300002,18.201,0.0729223688246618,W2
QSO_11.5190921-28.6748881,56831.48103250001,18.771,0.0,W2
QSO_11.5190921-28.6748881,57008.35481300002,18.085,0.0,W2
QSO_11.5190921-28.6748881,57192.78614826778,18.732,0.0,W2
QSO_11.5190921-28.6748881,57366.90431266218,18.0,0.0,W2
QSO_11.5190921-28.6748881,57556.75997547345,18.699,0.0,W2
QSO_11.5190921-28.6748881,57726.66791001947,18.319,0.1300259233412349,W2
QSO_11.5190921-28.6748881,57924.70978824994,18.6605,0.079549512883487,W2
QSO_11.5190921-28.6748881,58090.38005799999,18.1995,0.1028840366626427,W2
QSO_11.5190921-28.6748881,58450.788723000005,18.5365,0.0972271824131497,W2
QSO_11.5190921-28.6748881,59182.633705000015,18.257,0.198304106156475,W2
QSO_11.5190921-28.6748881,59910.37310699998,17.874,0.0,W2
QSO_11.5190921-28.6748881,60115.24647550002,18.142,0.0,W2
QSO_11.5190921-28.6748881,60277.12441349998,18.247,0.1837214074503992,W2
QSO_11.7646908-28.5591524,55366.68849999998,19.11,0.0830653297110172,W1
QSO_11.7646908-28.5591524,55546.42070499995,19.3715,0.1383017534234479,W1
QSO_11.7646908-28.5591524,56831.61261499999,18.494,0.0,W1
QSO_11.7646908-28.5591524,57008.32198125,19.1005,0.1210332469819759,W1
QSO_11.7646908-28.5591524,57367.5595242037,19.049,0.0,W1
QSO_11.7646908-28.5591524,57558.00726695232,18.646,0.0,W1
QSO_11.7646908-28.5591524,57726.79908442781,19.319000000000003,0.2321926084254348,W1
QSO_11.7646908-28.5591524,57924.93869799999,18.907,0.0,W1
QSO_11.7646908-28.5591524,58090.41276200004,19.001,0.0647736800686014,W1
QSO_11.7646908-28.5591524,58289.15157550001,18.913,0.0,W1
QSO_11.7646908-28.5591524,58814.86207925001,18.9765,0.1339967350348512,W1
QSO_11.7646908-28.5591524,59182.895797599966,19.657,0.0,W1
QSO_11.7646908-28.5591524,59751.65187149999,19.070500000000003,0.1587454723763804,W1
QSO_11.7646908-28.5591524,59910.470781000025,18.9785,0.0866205806953511,W1
QSO_11.7646908-28.5591524,60277.25344100001,18.766,0.0,W1
QSO_11.7646908-28.5591524,55366.68849999998,18.609,0.0980279347941186,W2
QSO_11.7646908-28.5591524,55546.42070499995,18.7305,0.1485838883425791,W2
QSO_11.7646908-28.5591524,56831.61261499999,18.823,0.0,W2
QSO_11.7646908-28.5591524,57008.32198125,18.244,0.1467103332250324,W2
QSO_11.7646908-28.5591524,57367.5595242037,18.662,0.0,W2
QSO_11.7646908-28.5591524,57558.00726695232,18.161,0.0,W2
QSO_11.7646908-28.5591524,57726.79908442781,18.332,0.1205306169802081,W2
QSO_11.7646908-28.5591524,57924.93869799999,18.531,0.0,W2
QSO_11.7646908-28.5591524,58090.41276200004,18.099,0.1339178852879632,W2
QSO_11.7646908-28.5591524,58289.15157550001,18.493,0.0,W2
QSO_11.7646908-28.5591524,58814.86207925001,18.252,0.2206173157302023,W2
QSO_11.7646908-28.5591524,59182.895797599966,18.383,0.0,W2
QSO_11.7646908-28.5591524,59751.65187149999,17.658,0.1562705986422257,W2
QSO_11.7646908-28.5591524,59910.470781000025,18.5485,0.0837921535706065,W2
QSO_11.7646908-28.5591524,60277.25344100001,18.601,0.0,W2
QSO_11.554198-28.4677975,55366.622325500015,19.041,0.1024644377332936,W1
QSO_11.554198-28.4677975,55546.189422749936,18.785000000000004,0.0742689369790631,W1
QSO_11.554198-28.4677975,56643.65099225007,18.47,0.0714177848998419,W1
QSO_11.554198-28.4677975,56831.34955950004,18.634,0.0,W1
QSO_11.554198-28.4677975,57008.12499075,18.6465,0.0364159992311077,W1
QSO_11.554198-28.4677975,57192.52389575119,18.362,0.0,W1
QSO_11.554198-28.4677975,57371.13077568012,19.072000000000003,0.0707106781186545,W1
QSO_11.554198-28.4677975,57726.93036863616,18.886000000000003,0.1379471181555001,W1
QSO_11.554198-28.4677975,57925.20047600001,18.663,0.0,W1
QSO_11.554198-28.4677975,58090.478224749975,18.683,0.1209152595828991,W1
QSO_11.554198-28.4677975,58288.75912749999,18.7035,0.0449012806053466,W1
QSO_11.554198-28.4677975,58450.55992274996,19.057,0.0806101730552657,W1
QSO_11.554198-28.4677975,58652.55911700003,18.887,0.0,W1
QSO_11.554198-28.4677975,58815.09087949997,18.946,0.0,W1
QSO_11.554198-28.4677975,59020.62933160001,19.008000000000003,0.0,W1
QSO_11.554198-28.4677975,59182.76473300002,18.917,0.043859202336906,W1
QSO_11.554198-28.4677975,59385.08540099997,19.011000000000003,0.0,W1
QSO_11.554198-28.4677975,59546.38421175,18.947000000000003,0.036062445840514,W1
QSO_11.554198-28.4677975,59751.619222250025,18.881,0.0664680374315363,W1
QSO_11.554198-28.4677975,59910.89401675003,18.9495,0.0795495128834858,W1
QSO_11.554198-28.4677975,60115.214027,18.819,0.1067731239591685,W1
QSO_11.554198-28.4677975,60277.188982,18.713,0.0431335136523793,W1
QSO_11.554198-28.4677975,60479.8647358,19.25,0.0,W1
QSO_11.554198-28.4677975,55366.622325500015,18.966,0.0615342912529266,W2
QSO_11.554198-28.4677975,55546.189422749936,18.2985,0.1077515145549653,W2
QSO_11.554198-28.4677975,56643.65099225007,18.8165,0.0236880771697494,W2
QSO_11.554198-28.4677975,56831.34955950004,18.019,0.0,W2
QSO_11.554198-28.4677975,57008.12499075,18.3545,0.1460175503150221,W2
QSO_11.554198-28.4677975,57192.52389575119,18.87,0.0,W2
QSO_11.554198-28.4677975,57371.13077568012,18.322,0.0558614357137376,W2
QSO_11.554198-28.4677975,57726.93036863616,18.241,0.4192889041999389,W2
QSO_11.554198-28.4677975,57925.20047600001,18.356,0.0,W2
QSO_11.554198-28.4677975,58090.478224749975,18.3585,0.016617009357884,W2
QSO_11.554198-28.4677975,58288.75912749999,17.996499999999997,0.1990505589040127,W2
QSO_11.554198-28.4677975,58450.55992274996,18.8865,0.0194454364826299,W2
QSO_11.554198-28.4677975,58652.55911700003,18.556,0.0,W2
QSO_11.554198-28.4677975,58815.09087949997,18.418,0.0,W2
QSO_11.554198-28.4677975,59020.62933160001,18.175,0.0,W2
QSO_11.554198-28.4677975,59182.76473300002,18.082,0.2163798101076487,W2
QSO_11.554198-28.4677975,59385.08540099997,18.13,0.0,W2
QSO_11.554198-28.4677975,59546.38421175,18.4215,0.0866205806953524,W2
QSO_11.554198-28.4677975,59751.619222250025,18.4195,0.0569220958855175,W2
QSO_11.554198-28.4677975,59910.89401675003,18.362,0.1689985207035841,W2
QSO_11.554198-28.4677975,60115.214027,18.2505,0.1502601910021415,W2
QSO_11.554198-28.4677975,60277.188982,18.5665,0.0710642315092482,W2
QSO_11.554198-28.4677975,60479.8647358,17.762999999999998,0.0,W2
QSO_11.6286842-28.5273875,55366.622325500015,19.1755,0.0688197936643232,W1
QSO_11.6286842-28.5273875,55546.38767249998,19.203000000000003,0.0852556069623498,W1
QSO_11.6286842-28.5273875,56643.6180145,18.7635,0.0413657466994146,W1
QSO_11.6286842-28.5273875,56831.48103250001,18.074,0.0,W1
QSO_11.6286842-28.5273875,58450.494533,18.322,0.0,W1
QSO_11.6286842-28.5273875,58814.633425,19.068,0.0,W1
QSO_11.6286842-28.5273875,55366.622325500015,18.6255,0.0784207944361698,W2
QSO_11.6286842-28.5273875,55546.38767249998,18.469,0.0531879964180168,W2
QSO_11.6286842-28.5273875,56643.6180145,18.092,0.0113137084989847,W2
QSO_11.6286842-28.5273875,56831.48103250001,18.552,0.0,W2
QSO_11.6286842-28.5273875,58450.494533,18.443,0.0,W2
QSO_11.6286842-28.5273875,58814.633425,18.237,0.0,W2
QSO_11.4642934-28.4790993,55366.58929300004,19.108,0.0656518648062468,W1
QSO_11.4642934-28.4790993,55546.189422749936,19.129,0.1240158293361213,W1
QSO_11.4642934-28.4790993,56643.65097400001,18.602,0.1002456242695174,W1
QSO_11.4642934-28.4790993,56831.54680549999,18.928,0.136570969205134,W1
QSO_11.4642934-28.4790993,57008.223486,18.716,0.0826805543890103,W1
QSO_11.4642934-28.4790993,57370.7703929073,18.7875,0.1099551044745081,W1
QSO_11.4642934-28.4790993,57726.86478143199,18.9725,0.0457069469555781,W1
QSO_11.4642934-28.4790993,58090.281946,18.9115,0.3645135457016648,W1
QSO_11.4642934-28.4790993,58450.36377175005,18.9875,0.0696500179468733,W1
QSO_11.4642934-28.4790993,58652.55911700003,19.26,0.0,W1
QSO_11.4642934-28.4790993,58814.633425,18.639,0.0,W1
QSO_11.4642934-28.4790993,59182.568172700005,18.808,0.0978167930367784,W1
QSO_11.4642934-28.4790993,59546.547458,18.898000000000003,0.0714941075013006,W1
QSO_11.4642934-28.4790993,59910.66611075,18.658,0.0466690475583126,W1
QSO_11.4642934-28.4790993,60115.34369325,18.8435,0.0555078823231439,W1
QSO_11.4642934-28.4790993,60277.414916999965,18.902500000000003,0.0272236110756826,W1
QSO_11.4642934-28.4790993,55366.58929300004,18.722,0.0991106266942711,W2
QSO_11.4642934-28.4790993,55546.189422749936,18.6665,0.0962760546745852,W2
QSO_11.4642934-28.4790993,56643.65097400001,18.192,0.2059915496289069,W2
QSO_11.4642934-28.4790993,56831.54680549999,18.641,0.1104277876999093,W2
QSO_11.4642934-28.4790993,57008.223486,18.364,0.1443000988167321,W2
QSO_11.4642934-28.4790993,57370.7703929073,18.332,0.1781909088590104,W2
QSO_11.4642934-28.4790993,57726.86478143199,18.263,0.0906376715279026,W2
QSO_11.4642934-28.4790993,58090.281946,18.694,0.186676190233248,W2
QSO_11.4642934-28.4790993,58450.36377175005,18.3465,0.2358201115257141,W2
QSO_11.4642934-28.4790993,58652.55911700003,18.005,0.0,W2
QSO_11.4642934-28.4790993,58814.633425,17.525,0.0,W2
QSO_11.4642934-28.4790993,59182.568172700005,18.003999999999998,0.118303832883808,W2
QSO_11.4642934-28.4790993,59546.547458,18.561,0.1018302872794112,W2
QSO_11.4642934-28.4790993,59910.66611075,18.404,0.0671751442127212,W2
QSO_11.4642934-28.4790993,60115.34369325,18.011,0.0756604255869601,W2
QSO_11.4642934-28.4790993,60277.414916999965,18.263,0.0113137084989847,W2
QSO_11.6845229-28.6821442,55366.6554675,19.105,0.0464899497755375,W1
QSO_11.6845229-28.6821442,55546.15633549995,19.041,0.1372942399859997,W1
QSO_11.6845229-28.6821442,56643.585073250055,18.765500000000003,0.2301632572762211,W1
QSO_11.6845229-28.6821442,56831.64542849996,19.087,0.1281012173049112,W1
QSO_11.6845229-28.6821442,57008.09210425005,19.079500000000003,0.0452617388088434,W1
QSO_11.6845229-28.6821442,57192.95005152823,18.897,0.0042426406871194,W1
QSO_11.6845229-28.6821442,57367.16630967873,19.053,0.150371638381809,W1
QSO_11.6845229-28.6821442,57557.449263317016,18.916000000000004,0.0190918830920362,W1
QSO_11.6845229-28.6821442,57726.66791001947,18.797,0.0944226118555802,W1
QSO_11.6845229-28.6821442,57925.00425199996,19.023000000000003,0.1934972485209678,W1
QSO_11.6845229-28.6821442,58090.18383399994,18.8685,0.1537957249080736,W1
QSO_11.6845229-28.6821442,58288.693865500005,18.775,0.254820779430623,W1
QSO_11.6845229-28.6821442,58450.788723000005,18.943,0.0820243866176392,W1
QSO_11.6845229-28.6821442,58652.75519499997,18.916,0.0,W1
QSO_11.6845229-28.6821442,58814.76404025,19.1535,0.1912723843109599,W1
QSO_11.6845229-28.6821442,59019.90864100001,19.081000000000003,0.0,W1
QSO_11.6845229-28.6821442,59384.69412100004,18.426,0.0,W1
QSO_11.6845229-28.6821442,59546.67801849999,18.985,0.1118252605133959,W1
QSO_11.6845229-28.6821442,59910.60103124999,18.8245,0.1785444622496041,W1
QSO_11.6845229-28.6821442,60115.24647550002,18.775,0.2785694939561102,W1
QSO_11.6845229-28.6821442,60277.25344100001,18.708,0.0794317783220758,W1
QSO_11.6845229-28.6821442,60479.80079559997,18.586,0.0,W1
QSO_11.6845229-28.6821442,55366.6554675,18.604,0.0563951046533075,W2
QSO_11.6845229-28.6821442,55546.15633549995,18.359,0.1035569265526792,W2
QSO_11.6845229-28.6821442,56643.585073250055,18.19,0.0700035713374683,W2
QSO_11.6845229-28.6821442,56831.64542849996,18.298,0.1388165943790581,W2
QSO_11.6845229-28.6821442,57008.09210425005,18.297,0.1421057594715988,W2
QSO_11.6845229-28.6821442,57192.95005152823,18.179,0.0205060966544098,W2
QSO_11.6845229-28.6821442,57367.16630967873,18.404,0.0294542960458323,W2
QSO_11.6845229-28.6821442,57557.449263317016,18.343,0.0353553390593278,W2
QSO_11.6845229-28.6821442,57726.66791001947,18.258,0.1166599998095125,W2
QSO_11.6845229-28.6821442,57925.00425199996,18.475,0.1514744814102971,W2
QSO_11.6845229-28.6821442,58090.18383399994,17.9715,0.2379414318692738,W2
QSO_11.6845229-28.6821442,58288.693865500005,17.499,0.3870171782961272,W2
QSO_11.6845229-28.6821442,58450.788723000005,18.3455,0.001767766952966,W2
QSO_11.6845229-28.6821442,58652.75519499997,18.315,0.0,W2
QSO_11.6845229-28.6821442,58814.76404025,18.0255,0.2471338200246989,W2
QSO_11.6845229-28.6821442,59019.90864100001,17.988,0.0,W2
QSO_11.6845229-28.6821442,59384.69412100004,18.581,0.0,W2
QSO_11.6845229-28.6821442,59546.67801849999,18.304,0.1496888130113289,W2
QSO_11.6845229-28.6821442,59910.60103124999,18.271,0.0982878425849296,W2
QSO_11.6845229-28.6821442,60115.24647550002,17.955,0.028496913413107,W2
QSO_11.6845229-28.6821442,60277.25344100001,18.461,0.2433452051898481,W2
QSO_11.6845229-28.6821442,60479.80079559997,17.886,0.0,W2
QSO_11.6210417-28.7983023,55366.55627875003,19.122,0.0746112323983456,W1
QSO_11.6210417-28.7983023,55546.15633549995,19.0205,0.0954492302512467,W1
QSO_11.6210417-28.7983023,56643.42047650008,18.6665,0.0038890872965257,W1
QSO_11.6210417-28.7983023,56831.44820074998,18.999,0.1746553749530771,W1
QSO_11.6210417-28.7983023,57008.25631775002,18.9465,0.0965200756319636,W1
QSO_11.6210417-28.7983023,57192.65502200949,18.726,0.0120208152801696,W1
QSO_11.6210417-28.7983023,57367.16630967873,18.886000000000003,0.2217066797637176,W1
QSO_11.6210417-28.7983023,57727.02882264232,19.005000000000003,0.0728319984622142,W1
QSO_11.6210417-28.7983023,57924.93869799999,18.528,0.0,W1
QSO_11.6210417-28.7983023,58288.66116149996,18.8405,0.1248043468794261,W1
QSO_11.6210417-28.7983023,58450.72338799996,19.116,0.0466690475583113,W1
QSO_11.6210417-28.7983023,59182.50264039999,18.945,0.0797082643607759,W1
QSO_11.6210417-28.7983023,59546.64525974994,19.038000000000004,0.0436797650520234,W1
QSO_11.6210417-28.7983023,59910.34053074999,18.9555,0.0236880771697494,W1
QSO_11.6210417-28.7983023,60115.18172450003,18.67,0.0,W1
QSO_11.6210417-28.7983023,60277.25344100001,18.599,0.0,W1
QSO_11.6210417-28.7983023,55366.55627875003,18.4675,0.0654280062358619,W2
QSO_11.6210417-28.7983023,55546.15633549995,18.601,0.0987090046175755,W2
QSO_11.6210417-28.7983023,56643.42047650008,18.2695,0.1021769298814566,W2
QSO_11.6210417-28.7983023,56831.44820074998,18.6105,0.1248043468794249,W2
QSO_11.6210417-28.7983023,57008.25631775002,18.567,0.098994949366117,W2
QSO_11.6210417-28.7983023,57192.65502200949,18.179,0.1378858223313769,W2
QSO_11.6210417-28.7983023,57367.16630967873,18.38,0.1969671903492412,W2
QSO_11.6210417-28.7983023,57727.02882264232,18.2735,0.0300520382004273,W2
QSO_11.6210417-28.7983023,57924.93869799999,18.54,0.0,W2
QSO_11.6210417-28.7983023,58288.66116149996,18.349,0.072124891681028,W2
QSO_11.6210417-28.7983023,58450.72338799996,18.3205,0.0236880771697494,W2
QSO_11.6210417-28.7983023,59182.50264039999,17.992,0.1423308612848038,W2
QSO_11.6210417-28.7983023,59546.64525974994,18.695500000000003,0.1736125355497115,W2
QSO_11.6210417-28.7983023,59910.34053074999,18.2155,0.1078337841309483,W2
QSO_11.6210417-28.7983023,60115.18172450003,18.341,0.0,W2
QSO_11.6210417-28.7983023,60277.25344100001,18.488,0.0,W2
QSO_11.5054934-28.5635584,55366.52326450003,18.989,0.0697255971869756,W1
QSO_11.5054934-28.5635584,55546.189422749936,18.764000000000003,0.1427992471968952,W1
QSO_11.5054934-28.5635584,56643.32178050004,18.525,0.0720082299823098,W1
QSO_11.5054934-28.5635584,56831.94129749997,18.711,0.0,W1
QSO_11.5054934-28.5635584,57008.15782250003,18.926,0.0539759891748866,W1
QSO_11.5054934-28.5635584,57193.24502629688,18.734,0.0,W1
QSO_11.5054934-28.5635584,57370.70485715316,18.861,0.05727564927611,W1
QSO_11.5054934-28.5635584,57727.02887754232,18.849,0.0582348424484868,W1
QSO_11.5054934-28.5635584,58090.15112999997,19.188,0.0,W1
QSO_11.5054934-28.5635584,58288.92264749999,18.867,0.0459619407771252,W1
QSO_11.5054934-28.5635584,58450.690684,19.259,0.2474873734152926,W1
QSO_11.5054934-28.5635584,58652.36300249999,18.205,0.0,W1
QSO_11.5054934-28.5635584,58815.09087949997,19.027,0.0,W1
QSO_11.5054934-28.5635584,59019.90864100001,18.61,0.0,W1
QSO_11.5054934-28.5635584,59383.91022874992,19.217,0.0516187950266182,W1
QSO_11.5054934-28.5635584,59546.44949199996,18.718,0.0905096679918781,W1
QSO_11.5054934-28.5635584,59910.30795449999,19.06,0.0799388655299928,W1
QSO_11.5054934-28.5635584,60115.50580800001,19.184,0.0,W1
QSO_11.5054934-28.5635584,60276.99524,18.91,0.0834386001800115,W1
QSO_11.5054934-28.5635584,60479.99298219996,18.637,0.0,W1
QSO_11.5054934-28.5635584,55366.52326450003,18.538,0.0712797158827008,W2
QSO_11.5054934-28.5635584,55546.189422749936,18.35,0.0992631445955645,W2
QSO_11.5054934-28.5635584,56643.32178050004,18.24,0.1742905194931297,W2
QSO_11.5054934-28.5635584,56831.94129749997,18.852,0.0,W2
QSO_11.5054934-28.5635584,57008.15782250003,18.032,0.1896021175065375,W2
QSO_11.5054934-28.5635584,57193.24502629688,18.355,0.0,W2
QSO_11.5054934-28.5635584,57370.70485715316,18.3275,0.0038890872965257,W2
QSO_11.5054934-28.5635584,57727.02887754232,18.199,0.0555461519819327,W2
QSO_11.5054934-28.5635584,58090.15112999997,18.372,0.0,W2
QSO_11.5054934-28.5635584,58288.92264749999,17.9935,0.4288602627896414,W2
QSO_11.5054934-28.5635584,58450.690684,18.76,0.0077781745930527,W2
QSO_11.5054934-28.5635584,58652.36300249999,17.468,0.0,W2
QSO_11.5054934-28.5635584,58815.09087949997,18.915,0.0,W2
QSO_11.5054934-28.5635584,59019.90864100001,17.772,0.0,W2
QSO_11.5054934-28.5635584,59383.91022874992,18.0095,0.0654073772597564,W2
QSO_11.5054934-28.5635584,59546.44949199996,18.1225,0.1248043468794261,W2
QSO_11.5054934-28.5635584,59910.30795449999,18.274,0.0670013819647413,W2
QSO_11.5054934-28.5635584,60115.50580800001,17.811,0.0,W2
QSO_11.5054934-28.5635584,60276.99524,18.4805,0.0710642315092482,W2
QSO_11.5054934-28.5635584,60479.99298219996,16.928,0.0,W2
QSO_11.5068409-28.5038792,55366.58929300004,19.091,0.1081053568311164,W1
QSO_11.5068409-28.5038792,55546.189422749936,19.177,0.1100145613257793,W1
QSO_11.5068409-28.5038792,56643.48632250002,18.8585,0.179251569030789,W1
QSO_11.5068409-28.5038792,56831.34955950004,18.983,0.0,W1
QSO_11.5068409-28.5038792,57007.895058999966,18.866,0.0,W1
QSO_11.5068409-28.5038792,57192.78614826778,19.076,0.0,W1
QSO_11.5068409-28.5038792,57367.62507820782,19.032,0.0,W1
QSO_11.5068409-28.5038792,57730.86849228512,19.28,0.0,W1
QSO_11.5068409-28.5038792,57925.20047600001,18.947000000000003,0.0,W1
QSO_11.5068409-28.5038792,58090.44552074993,18.8335,0.2273348301514752,W1
QSO_11.5068409-28.5038792,58652.55911700003,19.129,0.0,W1
QSO_11.5068409-28.5038792,58815.09087949997,19.809,0.0,W1
QSO_11.5068409-28.5038792,59019.97410009997,18.5825,0.1559170452516346,W1
QSO_11.5068409-28.5038792,59546.547458,18.731,0.0,W1
QSO_11.5068409-28.5038792,60115.50580800001,18.59,0.0,W1
QSO_11.5068409-28.5038792,60277.05980850002,18.833,0.077781745930521,W1
QSO_11.5068409-28.5038792,55366.58929300004,18.734,0.073060097028253,W2
QSO_11.5068409-28.5038792,55546.189422749936,18.1785,0.0760845351006464,W2
QSO_11.5068409-28.5038792,56643.48632250002,18.462,0.1251579002700186,W2
QSO_11.5068409-28.5038792,56831.34955950004,18.388,0.0,W2
QSO_11.5068409-28.5038792,57007.895058999966,18.048,0.0,W2
QSO_11.5068409-28.5038792,57192.78614826778,18.421,0.0,W2
QSO_11.5068409-28.5038792,57367.62507820782,18.507,0.0,W2
QSO_11.5068409-28.5038792,57730.86849228512,18.165,0.0,W2
QSO_11.5068409-28.5038792,57925.20047600001,18.218,0.0,W2
QSO_11.5068409-28.5038792,58090.44552074993,18.408,0.1583919189857867,W2
QSO_11.5068409-28.5038792,58652.55911700003,18.289,0.0,W2
QSO_11.5068409-28.5038792,58815.09087949997,18.334,0.0,W2
QSO_11.5068409-28.5038792,59019.97410009997,18.326,0.1385929291125631,W2
QSO_11.5068409-28.5038792,59546.547458,18.301,0.0,W2
QSO_11.5068409-28.5038792,60115.50580800001,18.082,0.0,W2
QSO_11.5068409-28.5038792,60277.05980850002,18.2955,0.1134906383804401,W2
QSO_11.5910437-28.7112112,55366.58929300004,19.095,0.0871133013536237,W1
QSO_11.5910437-28.7112112,55546.32149800001,18.939,0.1557555520679762,W1
QSO_11.5910437-28.7112112,56831.61259675002,18.71,0.0056568542494917,W1
QSO_11.5910437-28.7112112,57008.28914949997,18.666,0.1493462296018763,W1
QSO_11.5910437-28.7112112,57192.78614826778,18.757,0.0,W1
QSO_11.5910437-28.7112112,57366.90431266218,18.879,0.1044647734353015,W1
QSO_11.5910437-28.7112112,57556.95692008595,18.8055,0.1304612011289179,W1
QSO_11.5910437-28.7112112,57727.09448304647,18.6725,0.1530886181268887,W1
QSO_11.5910437-28.7112112,57924.93869799999,18.945,0.0,W1
QSO_11.5910437-28.7112112,58090.60898600001,18.955,0.0740870359029768,W1
QSO_11.5910437-28.7112112,58288.62845749999,18.379,0.0,W1
QSO_11.5910437-28.7112112,58450.95224300001,18.98,0.1457882787545769,W1
QSO_11.5910437-28.7112112,58652.62452499997,19.164,0.0671751442127212,W1
QSO_11.5910437-28.7112112,59182.895797599966,19.071,0.0,W1
QSO_11.5910437-28.7112112,59384.954840499966,18.908,0.0,W1
QSO_11.5910437-28.7112112,59546.61261049997,18.628,0.0,W1
QSO_11.5910437-28.7112112,59748.03304249999,18.568,0.0,W1
QSO_11.5910437-28.7112112,59910.24294799996,18.901000000000003,0.1082712642701959,W1
QSO_11.5910437-28.7112112,55366.58929300004,18.6395,0.070716906812239,W2
QSO_11.5910437-28.7112112,55546.32149800001,18.626,0.1686897744381677,W2
QSO_11.5910437-28.7112112,56831.61259675002,18.4625,0.0632860569161954,W2
QSO_11.5910437-28.7112112,57008.28914949997,18.622,0.1890539801416718,W2
QSO_11.5910437-28.7112112,57192.78614826778,18.722,0.0,W2
QSO_11.5910437-28.7112112,57366.90431266218,18.343,0.181286758724649,W2
QSO_11.5910437-28.7112112,57556.95692008595,18.089,0.0558614357137376,W2
QSO_11.5910437-28.7112112,57727.09448304647,18.174,0.3684026329981918,W2
QSO_11.5910437-28.7112112,57924.93869799999,18.331,0.0,W2
QSO_11.5910437-28.7112112,58090.60898600001,18.253,0.1742133642872912,W2
QSO_11.5910437-28.7112112,58288.62845749999,17.868,0.0,W2
QSO_11.5910437-28.7112112,58450.95224300001,18.293,0.0634916150777811,W2
QSO_11.5910437-28.7112112,58652.62452499997,18.087,0.0862670273047587,W2
QSO_11.5910437-28.7112112,59182.895797599966,18.279,0.0,W2
QSO_11.5910437-28.7112112,59384.954840499966,18.224,0.0,W2
QSO_11.5910437-28.7112112,59546.61261049997,18.122,0.0,W2
QSO_11.5910437-28.7112112,59748.03304249999,18.397,0.0,W2
QSO_11.5910437-28.7112112,59910.24294799996,18.273,0.0457019328548219,W2
QSO_11.5253767-28.7473608,55366.490177249965,19.129,0.0881920515860866,W1
QSO_11.5253767-28.7473608,55545.99117299997,19.248,0.1429491098258397,W1
QSO_11.5253767-28.7473608,56643.51928200003,18.552,0.3005021722975662,W1
QSO_11.5253767-28.7473608,56831.48108725001,18.856,0.024748737341528,W1
QSO_11.5253767-28.7473608,57008.15782250003,18.727,0.1722643085493916,W1
QSO_11.5253767-28.7473608,57192.7533895157,18.587,0.0568000880281006,W1
QSO_11.5253767-28.7473608,57367.16630967873,18.883000000000003,0.1135628395141582,W1
QSO_11.5253767-28.7473608,57556.8912596818,18.657,0.0,W1
QSO_11.5253767-28.7473608,57727.38988166512,18.902,0.0995983935613422,W1
QSO_11.5253767-28.7473608,57924.57889925002,18.902,0.050911688245432,W1
QSO_11.5253767-28.7473608,58090.34735400002,18.548,0.1956239779289358,W1
QSO_11.5253767-28.7473608,58288.661088499975,18.8075,0.0569220958855175,W1
QSO_11.5253767-28.7473608,58450.494533,18.867,0.0,W1
QSO_11.5253767-28.7473608,58652.36300249999,18.324,0.0,W1
QSO_11.5253767-28.7473608,58814.30643975,18.889000000000003,0.0296984848098348,W1
QSO_11.5253767-28.7473608,59019.777594699946,18.601,0.0155563491861042,W1
QSO_11.5253767-28.7473608,59182.60091139997,18.953000000000003,0.1378858223313769,W1
QSO_11.5253767-28.7473608,59384.334887999976,18.7255,0.1842013164990959,W1
QSO_11.5253767-28.7473608,59546.61261049997,18.814,0.088757263656852,W1
QSO_11.5253767-28.7473608,59910.30795449999,19.038,0.049820418244673,W1
QSO_11.5253767-28.7473608,60277.25344100001,18.876,0.0,W1
QSO_11.5253767-28.7473608,55366.490177249965,18.705,0.0690781017654548,W2
QSO_11.5253767-28.7473608,55545.99117299997,18.384,0.0740945342113706,W2
QSO_11.5253767-28.7473608,56643.51928200003,18.327,0.1162153174069582,W2
QSO_11.5253767-28.7473608,56831.48108725001,18.1945,0.0533865619795842,W2
QSO_11.5253767-28.7473608,57008.15782250003,18.413,0.1006382034815807,W2
QSO_11.5253767-28.7473608,57192.7533895157,18.4015,0.159194603787314,W2
QSO_11.5253767-28.7473608,57367.16630967873,18.566,0.1025251549982123,W2
QSO_11.5253767-28.7473608,57556.8912596818,18.683,0.0,W2
QSO_11.5253767-28.7473608,57727.38988166512,18.216,0.0969790080378225,W2
QSO_11.5253767-28.7473608,57924.57889925002,18.3155,0.1403606960655291,W2
QSO_11.5253767-28.7473608,58090.34735400002,18.53,0.0988163279355529,W2
QSO_11.5253767-28.7473608,58288.661088499975,18.305,0.2015254326381661,W2
QSO_11.5253767-28.7473608,58450.494533,18.538,0.0,W2
QSO_11.5253767-28.7473608,58652.36300249999,18.095,0.0,W2
QSO_11.5253767-28.7473608,58814.30643975,18.2525,0.1191474926299331,W2
QSO_11.5253767-28.7473608,59019.777594699946,18.5735,0.1693520740941778,W2
QSO_11.5253767-28.7473608,59182.60091139997,18.426,0.0289913780286474,W2
QSO_11.5253767-28.7473608,59384.334887999976,18.3305,0.2040003063723183,W2
QSO_11.5253767-28.7473608,59546.61261049997,18.041,0.1984226689558319,W2
QSO_11.5253767-28.7473608,59910.30795449999,18.084,0.0799754591988943,W2
QSO_11.5253767-28.7473608,60277.25344100001,18.799,0.0,W2
QSO_11.4557061-28.7014965,55366.58931125001,19.17,0.0987191217546024,W1
QSO_11.4557061-28.7014965,55543.413688999965,18.975,0.1850423951423026,W1
QSO_11.4557061-28.7014965,56643.25580675003,18.574,0.1276839359512382,W1
QSO_11.4557061-28.7014965,56831.61259675002,18.779,0.1039446968344214,W1
QSO_11.4557061-28.7014965,57008.09215899997,18.9345,0.1662288990368402,W1
QSO_11.4557061-28.7014965,57192.81892526985,19.087,0.01838477631085,W1
QSO_11.4557061-28.7014965,57367.264695435,18.5655,0.0194454364826299,W1
QSO_11.4557061-28.7014965,57556.75997547345,18.555,0.0,W1
QSO_11.4557061-28.7014965,57727.09446474649,18.965000000000003,0.1230365799264601,W1
QSO_11.4557061-28.7014965,57924.21910049996,18.955,0.0,W1
QSO_11.4557061-28.7014965,58090.21653799999,19.056,0.0,W1
QSO_11.4557061-28.7014965,58288.62845749999,18.969,0.0,W1
QSO_11.4557061-28.7014965,58450.95224300001,18.388,0.0,W1
QSO_11.4557061-28.7014965,58813.97960050002,18.831000000000003,0.0,W1
QSO_11.4557061-28.7014965,59019.71202579999,18.741,0.0,W1
QSO_11.4557061-28.7014965,59182.437199600005,18.501,0.0,W1
QSO_11.4557061-28.7014965,59751.42363700002,18.391,0.0,W1
QSO_11.4557061-28.7014965,59910.40568324997,18.6065,0.0420728534805994,W1
QSO_11.4557061-28.7014965,60114.40358100003,18.817,0.0,W1
QSO_11.4557061-28.7014965,55366.58931125001,18.695,0.0875962099636736,W2
QSO_11.4557061-28.7014965,55543.413688999965,18.319,0.0717021617526276,W2
QSO_11.4557061-28.7014965,56643.25580675003,18.4475,0.1640915807559909,W2
QSO_11.4557061-28.7014965,56831.61259675002,18.7305,0.0441941738241592,W2
QSO_11.4557061-28.7014965,57008.09215899997,18.4855,0.1738323096406418,W2
QSO_11.4557061-28.7014965,57192.81892526985,18.374,0.3118340905032679,W2
QSO_11.4557061-28.7014965,57367.264695435,18.431,0.1407142494561228,W2
QSO_11.4557061-28.7014965,57556.75997547345,18.163,0.0,W2
QSO_11.4557061-28.7014965,57727.09446474649,18.183,0.0205060966544098,W2
QSO_11.4557061-28.7014965,57924.21910049996,18.749,0.0,W2
QSO_11.4557061-28.7014965,58090.21653799999,18.805,0.0,W2
QSO_11.4557061-28.7014965,58288.62845749999,17.9,0.0,W2
QSO_11.4557061-28.7014965,58450.95224300001,17.913999999999998,0.0,W2
QSO_11.4557061-28.7014965,58813.97960050002,18.4,0.0,W2
QSO_11.4557061-28.7014965,59019.71202579999,18.424,0.0,W2
QSO_11.4557061-28.7014965,59182.437199600005,18.545,0.0,W2
QSO_11.4557061-28.7014965,59751.42363700002,18.823,0.0,W2
QSO_11.4557061-28.7014965,59910.40568324997,18.664,0.1378858223313769,W2
QSO_11.4557061-28.7014965,60114.40358100003,18.358,0.0,W2
QSO_11.6188149-28.7116214,55366.62238025002,18.9525,0.0988325838457623,W1
QSO_11.6188149-28.7116214,55546.15633549995,19.103,0.0666333249958306,W1
QSO_11.6188149-28.7116214,56643.51928200003,18.884,0.1158692839457428,W1
QSO_11.6188149-28.7116214,56831.48103250001,18.535,0.0676494493695251,W1
QSO_11.6188149-28.7116214,57008.12493599999,18.792,0.1355475008991312,W1
QSO_11.6188149-28.7116214,57192.65502200949,18.573500000000003,0.2195566555584225,W1
QSO_11.6188149-28.7116214,57367.16630967873,18.8,0.1529874243197788,W1
QSO_11.6188149-28.7116214,57556.95692008595,18.7985,0.148845977439768,W1
QSO_11.6188149-28.7116214,57726.79913932781,18.7425,0.0734034229447105,W1
QSO_11.6188149-28.7116214,57924.97147499993,18.6605,0.1507922308177718,W1
QSO_11.6188149-28.7116214,58090.34735400002,18.66,0.0590186411229538,W1
QSO_11.6188149-28.7116214,58288.791904500016,18.9495,0.0295875290451909,W1
QSO_11.6188149-28.7116214,58450.91953900004,18.9015,0.0898989015505747,W1
QSO_11.6188149-28.7116214,58652.52646774999,18.4345,0.0512652416360258,W1
QSO_11.6188149-28.7116214,58814.633278999965,18.474,0.0,W1
QSO_11.6188149-28.7116214,59019.90864100001,18.325,0.0,W1
QSO_11.6188149-28.7116214,59182.633705000015,18.717,0.1350705297242886,W1
QSO_11.6188149-28.7116214,59384.334815,18.9235,0.0024748737341521,W1
QSO_11.6188149-28.7116214,59546.2209655,18.854,0.2374832547703022,W1
QSO_11.6188149-28.7116214,59751.619222250025,18.786,0.060811183182042,W1
QSO_11.6188149-28.7116214,59910.24287499999,18.9065,0.1329870764397806,W1
QSO_11.6188149-28.7116214,60115.50580800001,18.806,0.1170640850132952,W1
QSO_11.6188149-28.7116214,60276.99524,18.764000000000003,0.0979981103370351,W1
QSO_11.6188149-28.7116214,60479.7367456,18.606,0.0,W1
QSO_11.6188149-28.7116214,55366.62238025002,18.51,0.0698749710130465,W2
QSO_11.6188149-28.7116214,55546.15633549995,18.37,0.0895308761142085,W2
QSO_11.6188149-28.7116214,56643.51928200003,17.992,0.0654350322093084,W2
QSO_11.6188149-28.7116214,56831.48103250001,18.207,0.1386600447136808,W2
QSO_11.6188149-28.7116214,57008.12493599999,18.503,0.1771217801401058,W2
QSO_11.6188149-28.7116214,57192.65502200949,18.0105,0.1325825214724776,W2
QSO_11.6188149-28.7116214,57367.16630967873,18.54,0.1061745732273033,W2
QSO_11.6188149-28.7116214,57556.95692008595,18.1445,0.1042982502250163,W2
QSO_11.6188149-28.7116214,57726.79913932781,18.7865,0.2378426475634683,W2
QSO_11.6188149-28.7116214,57924.97147499993,18.246,0.1927554717122192,W2
QSO_11.6188149-28.7116214,58090.34735400002,18.57,0.0983368089781234,W2
QSO_11.6188149-28.7116214,58288.791904500016,18.354,0.1538164490553593,W2
QSO_11.6188149-28.7116214,58450.91953900004,18.209,0.0461862736643688,W2
QSO_11.6188149-28.7116214,58652.52646774999,18.6105,0.150967297783329,W2
QSO_11.6188149-28.7116214,58814.633278999965,18.346,0.0,W2
QSO_11.6188149-28.7116214,59019.90864100001,18.49,0.0,W2
QSO_11.6188149-28.7116214,59182.633705000015,18.077,0.2387441475722494,W2
QSO_11.6188149-28.7116214,59384.334815,18.3355,0.136825162159597,W2
QSO_11.6188149-28.7116214,59546.2209655,17.81,0.1845011291745034,W2
QSO_11.6188149-28.7116214,59751.619222250025,18.0595,0.0816708332270468,W2
QSO_11.6188149-28.7116214,59910.24287499999,18.21,0.1563964064085232,W2
QSO_11.6188149-28.7116214,60115.50580800001,18.215,0.2501039783769945,W2
QSO_11.6188149-28.7116214,60276.99524,18.109,0.1778863557318428,W2
QSO_11.6188149-28.7116214,60479.7367456,18.255,0.0,W2
QSO_11.8185635-28.5886025,55366.78756099997,18.946,0.07266074436448,W1
QSO_11.8185635-28.5886025,55546.38767249998,18.854,0.1640998232783934,W1
QSO_11.8185635-28.5886025,56644.04608649999,18.794,0.1569580835764759,W1
QSO_11.8185635-28.5886025,56831.41536900004,18.794,0.0756678903474231,W1
QSO_11.8185635-28.5886025,57008.223486,18.7665,0.1283398807853582,W1
QSO_11.8185635-28.5886025,57367.5595242037,18.8,0.0236376974500636,W1
QSO_11.8185635-28.5886025,57727.225767254735,18.8065,0.061164736572637,W1
QSO_11.8185635-28.5886025,57925.00425199996,18.775,0.0,W1
QSO_11.8185635-28.5886025,58090.15112999997,19.191000000000003,0.0,W1
QSO_11.8185635-28.5886025,58288.8245355,19.065,0.0613140066168198,W1
QSO_11.8185635-28.5886025,58450.88683499999,18.982,0.0,W1
QSO_11.8185635-28.5886025,58818.84937575001,18.6755,0.0830850467894191,W1
QSO_11.8185635-28.5886025,59182.633705000015,18.866,0.2068479491657435,W1
QSO_11.8185635-28.5886025,59546.44949199996,19.06,0.2156675682618955,W1
QSO_11.8185635-28.5886025,59751.65187149999,18.925,0.1631687680746529,W1
QSO_11.8185635-28.5886025,59910.95911450001,19.186,0.0399175075299972,W1
QSO_11.8185635-28.5886025,60115.47335949999,18.885,0.1032375900532352,W1
QSO_11.8185635-28.5886025,60276.86606650003,18.861,0.0,W1
QSO_11.8185635-28.5886025,55366.78756099997,18.627,0.0608522122485057,W2
QSO_11.8185635-28.5886025,55546.38767249998,18.743,0.0583085585484669,W2
QSO_11.8185635-28.5886025,56644.04608649999,18.115,0.1036839042474772,W2
QSO_11.8185635-28.5886025,56831.41536900004,18.672,0.0203324225661234,W2
QSO_11.8185635-28.5886025,57008.223486,18.557,0.0155563491861042,W2
QSO_11.8185635-28.5886025,57367.5595242037,18.56,0.1196377247576421,W2
QSO_11.8185635-28.5886025,57727.225767254735,18.5535,0.0449012806053466,W2
QSO_11.8185635-28.5886025,57925.00425199996,18.773,0.0,W2
QSO_11.8185635-28.5886025,58090.15112999997,18.269,0.0,W2
QSO_11.8185635-28.5886025,58288.8245355,18.501,0.1133519592537625,W2
QSO_11.8185635-28.5886025,58450.88683499999,18.035,0.0,W2
QSO_11.8185635-28.5886025,58818.84937575001,18.4215,0.089449007820097,W2
QSO_11.8185635-28.5886025,59182.633705000015,18.472,0.1163484549229729,W2
QSO_11.8185635-28.5886025,59546.44949199996,18.463,0.1060660171779823,W2
QSO_11.8185635-28.5886025,59751.65187149999,18.2785,0.1515785687358209,W2
QSO_11.8185635-28.5886025,59910.95911450001,18.767,0.0881215490524727,W2
QSO_11.8185635-28.5886025,60115.47335949999,18.0695,0.0456083873865327,W2
QSO_11.8185635-28.5886025,60276.86606650003,18.353,0.0,W2
QSO_11.585468-28.8144535,55366.490177249965,19.2215,0.0801607447570194,W1
QSO_11.585468-28.8144535,55544.73546349999,18.9585,0.1394733480447603,W1
QSO_11.585468-28.8144535,57008.28914949997,18.935,0.0,W1
QSO_11.585468-28.8144535,57556.8912596818,18.982,0.0,W1
QSO_11.585468-28.8144535,57924.93869799999,18.861,0.0,W1
QSO_11.585468-28.8144535,58450.95224300001,18.868,0.0,W1
QSO_11.585468-28.8144535,59182.50264039999,18.849,0.0,W1
QSO_11.585468-28.8144535,60115.18172450003,19.074,0.0,W1
QSO_11.585468-28.8144535,55366.490177249965,18.6115,0.0850157397191836,W2
QSO_11.585468-28.8144535,55544.73546349999,18.365,0.0880024200003948,W2
QSO_11.585468-28.8144535,57008.28914949997,18.776,0.0,W2
QSO_11.585468-28.8144535,57556.8912596818,18.852,0.0,W2
QSO_11.585468-28.8144535,57924.93869799999,18.243,0.0,W2
QSO_11.585468-28.8144535,58450.95224300001,17.956,0.0,W2
QSO_11.585468-28.8144535,59182.50264039999,18.015,0.0,W2
QSO_11.585468-28.8144535,60115.18172450003,18.647,0.0,W2
QSO_11.7575364-28.6525214,55366.75461975002,19.274500000000003,0.1226843144008231,W1
QSO_11.7575364-28.6525214,55546.32149800001,18.891,0.1177066183355892,W1
QSO_11.7575364-28.6525214,56643.88138025,18.8715,0.0637841820124705,W1
QSO_11.7575364-28.6525214,56831.80982449999,19.042,0.1524156111378311,W1
QSO_11.7575364-28.6525214,57008.28914949997,19.068,0.0,W1
QSO_11.7575364-28.6525214,57193.17961829272,18.334,0.0,W1
QSO_11.7575364-28.6525214,57558.00726695232,18.495,0.0,W1
QSO_11.7575364-28.6525214,57728.899430460646,18.876,0.0353553390593266,W1
QSO_11.7575364-28.6525214,57925.00425199996,18.774,0.0762860115326243,W1
QSO_11.7575364-28.6525214,58288.62845749999,19.006,0.0,W1
QSO_11.7575364-28.6525214,59383.97550899996,18.69,0.0,W1
QSO_11.7575364-28.6525214,59546.090258999975,19.108,0.0,W1
QSO_11.7575364-28.6525214,59751.94525850002,18.553,0.0,W1
QSO_11.7575364-28.6525214,59910.37310699998,19.22,0.0,W1
QSO_11.7575364-28.6525214,60277.5439445,18.9365,0.1743018215624834,W1
QSO_11.7575364-28.6525214,60479.9289322,18.44,0.0,W1
QSO_11.7575364-28.6525214,55366.75461975002,18.615,0.0602935236986527,W2
QSO_11.7575364-28.6525214,55546.32149800001,18.336,0.0694922153913658,W2
QSO_11.7575364-28.6525214,56643.88138025,18.547,0.1645225573439702,W2
QSO_11.7575364-28.6525214,56831.80982449999,18.605,0.0681458131645072,W2
QSO_11.7575364-28.6525214,57008.28914949997,18.516,0.0,W2
QSO_11.7575364-28.6525214,57193.17961829272,18.65,0.0,W2
QSO_11.7575364-28.6525214,57558.00726695232,18.61,0.0,W2
QSO_11.7575364-28.6525214,57728.899430460646,18.651000000000003,0.1407142494561228,W2
QSO_11.7575364-28.6525214,57925.00425199996,18.368,0.1021502161851196,W2
QSO_11.7575364-28.6525214,58288.62845749999,18.404,0.0,W2
QSO_11.7575364-28.6525214,59383.97550899996,17.974,0.0,W2
QSO_11.7575364-28.6525214,59546.090258999975,18.705,0.0,W2
QSO_11.7575364-28.6525214,59751.94525850002,18.569,0.0,W2
QSO_11.7575364-28.6525214,59910.37310699998,17.842,0.0,W2
QSO_11.7575364-28.6525214,60277.5439445,18.639000000000003,0.0219203102167833,W2
QSO_11.7575364-28.6525214,60479.9289322,18.214,0.0,W2
QSO_11.5189308-28.7900313,55366.42407574998,19.079500000000003,0.0902451328327461,W1
QSO_11.5189308-28.7900313,55543.479754,19.21,0.0883388651842481,W1
QSO_11.5189308-28.7900313,56643.48632250002,19.0015,0.2669328098979225,W1
QSO_11.5189308-28.7900313,57008.09210425005,18.773,0.1487016728217949,W1
QSO_11.5189308-28.7900313,57192.78614826778,18.552,0.0,W1
QSO_11.5189308-28.7900313,57366.7732411538,19.649,0.0,W1
QSO_11.5189308-28.7900313,57556.75997547345,18.826,0.0,W1
QSO_11.5189308-28.7900313,57726.99602904023,19.3795,0.1912723843109599,W1
QSO_11.5189308-28.7900313,58090.34735400002,18.834000000000003,0.0583399996190915,W1
QSO_11.5189308-28.7900313,58288.88994350002,19.072000000000003,0.0,W1
QSO_11.5189308-28.7900313,58450.95224300001,18.754,0.0,W1
QSO_11.5189308-28.7900313,59182.633705000015,18.744,0.0,W1
QSO_11.5189308-28.7900313,59383.844948499966,18.907,0.0,W1
QSO_11.5189308-28.7900313,59546.44949199996,18.895,0.1598061325481591,W1
QSO_11.5189308-28.7900313,59910.242802000015,18.768,0.0768986827416913,W1
QSO_11.5189308-28.7900313,60115.34369325,18.696,0.0367695526217014,W1
QSO_11.5189308-28.7900313,55366.42407574998,18.524,0.097279232110456,W2
QSO_11.5189308-28.7900313,55543.479754,18.61,0.0766486817118422,W2
QSO_11.5189308-28.7900313,56643.48632250002,18.238,0.0898025612106907,W2
QSO_11.5189308-28.7900313,57008.09210425005,18.3225,0.1343263283946968,W2
QSO_11.5189308-28.7900313,57192.78614826778,18.596,0.0,W2
QSO_11.5189308-28.7900313,57366.7732411538,18.585,0.0,W2
QSO_11.5189308-28.7900313,57556.75997547345,18.512,0.0,W2
QSO_11.5189308-28.7900313,57726.99602904023,18.5455,0.2492551403682573,W2
QSO_11.5189308-28.7900313,58090.34735400002,18.363,0.1003442223696154,W2
QSO_11.5189308-28.7900313,58288.88994350002,18.545,0.0,W2
QSO_11.5189308-28.7900313,58450.95224300001,18.84,0.0,W2
QSO_11.5189308-28.7900313,59182.633705000015,18.531,0.0,W2
QSO_11.5189308-28.7900313,59383.844948499966,18.7,0.0,W2
QSO_11.5189308-28.7900313,59546.44949199996,18.692,0.2694076836320747,W2
QSO_11.5189308-28.7900313,59910.242802000015,18.768,0.1485268400735108,W2
QSO_11.5189308-28.7900313,60115.34369325,18.228,0.0565685424949238,W2
QSO_11.5862625-28.7828973,55366.45708999998,19.201,0.0765373565139842,W1
QSO_11.5862625-28.7828973,55544.73546349999,18.9345,0.1308942887020469,W1
QSO_11.5862625-28.7828973,56643.48632250002,19.1965,0.1559117301314834,W1
QSO_11.5862625-28.7828973,56831.48103250001,18.887,0.211251243783321,W1
QSO_11.5862625-28.7828973,57008.157749499966,18.7865,0.070191701788744,W1
QSO_11.5862625-28.7828973,57193.11395478858,18.662,0.0,W1
QSO_11.5862625-28.7828973,57367.10079217464,18.847,0.1811275384506314,W1
QSO_11.5862625-28.7828973,57556.82561757762,19.153,0.041719300090007,W1
QSO_11.5862625-28.7828973,57726.93036863616,19.233,0.073566622866623,W1
QSO_11.5862625-28.7828973,57924.70978824994,18.605,0.1739482681718897,W1
QSO_11.5862625-28.7828973,58090.21653799999,19.183,0.0,W1
QSO_11.5862625-28.7828973,58450.72338799996,18.783,0.0761696297746026,W1
QSO_11.5862625-28.7828973,59182.69921899997,18.976,0.2149604614807106,W1
QSO_11.5862625-28.7828973,59384.954840499966,19.176,0.0,W1
QSO_11.5862625-28.7828973,59546.64525974994,19.1555,0.0888165243634317,W1
QSO_11.5862625-28.7828973,59748.03304249999,18.985,0.0,W1
QSO_11.5862625-28.7828973,59910.37310699998,19.157,0.0921174773299266,W1
QSO_11.5862625-28.7828973,60276.9951305,19.051,0.0953430453483434,W1
QSO_11.5862625-28.7828973,55366.45708999998,18.18,0.0449341115430726,W2
QSO_11.5862625-28.7828973,55544.73546349999,18.2215,0.1621850223709993,W2
QSO_11.5862625-28.7828973,56643.48632250002,18.093,0.0803225269356816,W2
QSO_11.5862625-28.7828973,56831.48103250001,18.0,0.0577058749175509,W2
QSO_11.5862625-28.7828973,57008.157749499966,18.5175,0.1676085469181089,W2
QSO_11.5862625-28.7828973,57193.11395478858,18.012,0.0,W2
QSO_11.5862625-28.7828973,57367.10079217464,18.149,0.1545921755482495,W2
QSO_11.5862625-28.7828973,57556.82561757762,18.465000000000003,0.1449568901432422,W2
QSO_11.5862625-28.7828973,57726.93036863616,18.015,0.0808265302979163,W2
QSO_11.5862625-28.7828973,57924.70978824994,18.5185,0.1926865978733347,W2
QSO_11.5862625-28.7828973,58090.21653799999,18.273,0.0,W2
QSO_11.5862625-28.7828973,58450.72338799996,18.391,0.1575714123818147,W2
QSO_11.5862625-28.7828973,59182.69921899997,18.205,0.1838477631085022,W2
QSO_11.5862625-28.7828973,59384.954840499966,17.94,0.0,W2
QSO_11.5862625-28.7828973,59546.64525974994,18.2355,0.1327575327429671,W2
QSO_11.5862625-28.7828973,59748.03304249999,18.171,0.0,W2
QSO_11.5862625-28.7828973,59910.37310699998,18.396,0.1765259397578938,W2
QSO_11.5862625-28.7828973,60276.9951305,18.347,0.2627691565416873,W2
QSO_11.5543977-28.6890654,55366.58929300004,19.027,0.0842047877557548,W1
QSO_11.5543977-28.6890654,55545.99117299997,19.283,0.08900094381522,W1
QSO_11.5543977-28.6890654,56831.41536900004,19.414,0.0,W1
QSO_11.5543977-28.6890654,57008.28914949997,18.728,0.0,W1
QSO_11.5543977-28.6890654,57192.52389575119,19.555,0.0,W1
QSO_11.5543977-28.6890654,57367.62507820782,19.64,0.0,W1
QSO_11.5543977-28.6890654,57556.82561757762,19.1145,0.1488459774397692,W1
QSO_11.5543977-28.6890654,57726.5366258112,19.172,0.0,W1
QSO_11.5543977-28.6890654,57925.20047600001,19.079,0.0,W1
QSO_11.5543977-28.6890654,58450.95224300001,19.577,0.0,W1
QSO_11.5543977-28.6890654,58652.55911700003,19.367,0.0,W1
QSO_11.5543977-28.6890654,58814.633278999965,19.125,0.0,W1
QSO_11.5543977-28.6890654,59182.53537910004,19.2515,0.0201525432638173,W1
QSO_11.5543977-28.6890654,59546.64531450002,19.523,0.0120208152801709,W1
QSO_11.5543977-28.6890654,59910.27545124998,18.9705,0.0745997654151815,W1
QSO_11.5543977-28.6890654,60115.24647550002,19.246,0.0,W1
QSO_11.5543977-28.6890654,60478.90376619997,18.684,0.0,W1
QSO_11.5543977-28.6890654,55366.58929300004,18.86,0.0516313727072343,W2
QSO_11.5543977-28.6890654,55545.99117299997,18.687,0.0708854851150788,W2
QSO_11.5543977-28.6890654,56831.41536900004,18.7,0.0,W2
QSO_11.5543977-28.6890654,57008.28914949997,18.737,0.0,W2
QSO_11.5543977-28.6890654,57192.52389575119,18.41,0.0,W2
QSO_11.5543977-28.6890654,57367.62507820782,18.618,0.0,W2
QSO_11.5543977-28.6890654,57556.82561757762,18.449,0.1760695885154507,W2
QSO_11.5543977-28.6890654,57726.5366258112,18.65,0.0,W2
QSO_11.5543977-28.6890654,57925.20047600001,18.167,0.0,W2
QSO_11.5543977-28.6890654,58450.95224300001,18.237,0.0,W2
QSO_11.5543977-28.6890654,58652.55911700003,17.383,0.0,W2
QSO_11.5543977-28.6890654,58814.633278999965,18.198,0.0,W2
QSO_11.5543977-28.6890654,59182.53537910004,18.309,0.3415325753131028,W2
QSO_11.5543977-28.6890654,59546.64531450002,18.5385,0.0081317279836451,W2
QSO_11.5543977-28.6890654,59910.27545124998,18.107,0.1018233764908629,W2
QSO_11.5543977-28.6890654,60115.24647550002,18.223,0.0,W2
QSO_11.5543977-28.6890654,60478.90376619997,18.362,0.0,W2
QSO_11.4788163-28.755073,55366.52326450003,18.926,0.0818835367995173,W1
QSO_11.4788163-28.755073,55543.413688999965,19.039,0.0730058506381867,W1
QSO_11.4788163-28.755073,56643.38758999996,18.645,0.1702890718748561,W1
QSO_11.4788163-28.755073,56831.54680549999,18.87,0.1685561781281997,W1
QSO_11.4788163-28.755073,57008.28914949997,18.758,0.0162634559672903,W1
QSO_11.4788163-28.755073,57192.720630763615,18.951,0.1463742033536222,W1
QSO_11.4788163-28.755073,57367.19915968085,18.867,0.1767766952966368,W1
QSO_11.4788163-28.755073,57556.75997547345,18.705,0.0,W1
QSO_11.4788163-28.755073,57726.86472653199,19.048,0.1315705697138031,W1
QSO_11.4788163-28.755073,57924.153692499945,18.446,0.3804234482783627,W1
QSO_11.4788163-28.755073,58090.478224749975,19.035500000000003,0.1248043468794261,W1
QSO_11.4788163-28.755073,58288.75920050005,18.799,0.1110157646462892,W1
QSO_11.4788163-28.755073,58451.01757799996,19.0235,0.12409724009824,W1
QSO_11.4788163-28.755073,58651.84014,19.098,0.0,W1
QSO_11.4788163-28.755073,58815.09087949997,19.309,0.0,W1
QSO_11.4788163-28.755073,59019.71202579999,19.139000000000003,0.0,W1
QSO_11.4788163-28.755073,59383.975581999934,19.0625,0.0293449314192411,W1
QSO_11.4788163-28.755073,59751.42363700002,18.769,0.0,W1
QSO_11.4788163-28.755073,59909.98244749996,18.85,0.0142543040933324,W1
QSO_11.4788163-28.755073,60114.79257975001,19.134500000000003,0.0265165042944952,W1
QSO_11.4788163-28.755073,60276.99524,18.966,0.0,W1
QSO_11.4788163-28.755073,55366.52326450003,18.585,0.0575753124529696,W2
QSO_11.4788163-28.755073,55543.413688999965,18.493,0.0955503927308539,W2
QSO_11.4788163-28.755073,56643.38758999996,18.511,0.1062982219983009,W2
QSO_11.4788163-28.755073,56831.54680549999,18.123,0.066886858588603,W2
QSO_11.4788163-28.755073,57008.28914949997,18.256,0.1124299782086602,W2
QSO_11.4788163-28.755073,57192.720630763615,18.43,0.1417402423318674,W2
QSO_11.4788163-28.755073,57367.19915968085,18.7555,0.2018789860287598,W2
QSO_11.4788163-28.755073,57556.75997547345,18.531,0.0,W2
QSO_11.4788163-28.755073,57726.86472653199,18.489,0.0692558327534251,W2
QSO_11.4788163-28.755073,57924.153692499945,18.5025,0.2273348301514752,W2
QSO_11.4788163-28.755073,58090.478224749975,18.791,0.036062445840514,W2
QSO_11.4788163-28.755073,58288.75920050005,18.2545,0.1149048519428149,W2
QSO_11.4788163-28.755073,58451.01757799996,18.6055,0.1481388706585818,W2
QSO_11.4788163-28.755073,58651.84014,18.461,0.0,W2
QSO_11.4788163-28.755073,58815.09087949997,18.368,0.0,W2
QSO_11.4788163-28.755073,59019.71202579999,18.165,0.0,W2
QSO_11.4788163-28.755073,59383.975581999934,18.524500000000003,0.0986413959755233,W2
QSO_11.4788163-28.755073,59751.42363700002,18.766,0.0,W2
QSO_11.4788163-28.755073,59909.98244749996,18.296,0.2379248247287832,W2
QSO_11.4788163-28.755073,60114.79257975001,18.6005,0.1962221317792668,W2
QSO_11.4788163-28.755073,60276.99524,18.57,0.0,W2
