oid,time,magnitude,error,band
QSO_4.81408-24.29916,55362.357483000014,18.835,0.232,W1
QSO_4.81408-24.29916,55362.35759250002,18.628,0.19,W1
QSO_4.81408-24.29916,55362.48968599999,18.67,0.237,W1
QSO_4.81408-24.29916,55362.55586050003,18.515,0.185,W1
QSO_4.81408-24.29916,55362.621888999965,19.278,0.369,W1
QSO_4.81408-24.29916,55362.688063500005,19.207,0.331,W1
QSO_4.81408-24.29916,55362.75409200002,18.976,,W1
QSO_4.81408-24.29916,55362.820266499984,18.839,0.232,W1
QSO_4.81408-24.29916,55362.88633150002,18.411,0.165,W1
QSO_4.81408-24.29916,55362.95250599999,18.879,0.257,W1
QSO_4.81408-24.29916,55539.780187000026,19.204,0.373,W1
QSO_4.81408-24.29916,55539.91224399996,18.478,,W1
QSO_4.81408-24.29916,55539.97841850001,18.984,0.274,W1
QSO_4.81408-24.29916,55540.044483499965,18.386,0.17,W1
QSO_4.81408-24.29916,55540.11051199998,18.948,,W1
QSO_4.81408-24.29916,55540.176686500025,19.338,0.444,W1
QSO_4.81408-24.29916,55540.24271500003,19.489,0.451,W1
QSO_4.81408-24.29916,55540.30877999999,18.904,0.256,W1
QSO_4.81408-24.29916,55540.37495450003,18.917,0.297,W1
QSO_4.81408-24.29916,55544.00973399999,18.944000000000003,,W1
QSO_4.81408-24.29916,56824.379045,19.053,0.292,W1
QSO_4.81408-24.29916,56824.51048150002,18.47,0.299,W1
QSO_4.81408-24.29916,56824.51062749997,18.838,0.287,W1
QSO_4.81408-24.29916,56824.77353699998,19.544,0.464,W1
QSO_4.81408-24.29916,56827.73222699998,19.255000000000003,0.397,W1
QSO_4.81408-24.29916,56827.86366350001,18.739,0.388,W1
QSO_4.81408-24.29916,57004.21837749997,19.497,0.514,W1
QSO_4.81408-24.29916,57004.87512200002,18.81,0.292,W1
QSO_4.81408-24.29916,57004.94078549999,18.436,0.181,W1
QSO_4.81408-24.29916,57005.07211250001,18.626,0.211,W1
QSO_4.81408-24.29916,57005.20343950004,18.772,0.248,W1
QSO_4.81408-24.29916,57188.719714254905,19.007,,W1
QSO_4.81408-24.29916,57189.24436527154,18.64,0.293,W1
QSO_4.81408-24.29916,57189.30991927366,19.273000000000003,0.345,W1
QSO_4.81408-24.29916,57189.375436775765,18.987,0.26,W1
QSO_4.81408-24.29916,57189.57217178196,19.035,0.281,W1
QSO_4.81408-24.29916,57189.70324328611,18.298,0.188,W1
QSO_4.81408-24.29916,57363.10484571056,18.838,0.237,W1
QSO_4.81408-24.29916,57363.563577725086,19.127,0.302,W1
QSO_4.81408-24.29916,57363.694649229314,18.986,0.363,W1
QSO_4.81408-24.29916,57364.21878924594,18.827,0.223,W1
QSO_4.81408-24.29916,57553.08229222045,18.737,0.217,W1
QSO_4.81408-24.29916,57553.34489722869,18.693,0.221,W1
QSO_4.81408-24.29916,57553.541768634976,18.57,0.195,W1
QSO_4.81408-24.29916,57553.738786441216,18.839,0.227,W1
QSO_4.81408-24.29916,57553.93569444744,18.667,0.238,W1
QSO_4.81408-24.29916,57554.06697865155,18.935,0.312,W1
QSO_4.81408-24.29916,57723.25601060183,18.818,0.235,W1
QSO_4.81408-24.29916,57723.32159780392,18.493,0.298,W1
QSO_4.81408-24.29916,57723.38729480602,18.59,0.187,W1
QSO_4.81408-24.29916,57723.51861561016,18.689,0.237,W1
QSO_4.81408-24.29916,57723.64979001434,19.151000000000003,0.355,W1
QSO_4.81408-24.29916,57723.84666142054,18.762,0.222,W1
QSO_4.81408-24.29916,57723.8468078205,18.714,0.256,W1
QSO_4.81408-24.29916,57917.80615999998,19.027,0.297,W1
QSO_4.81408-24.29916,57917.93712199996,19.603,0.458,W1
QSO_4.81408-24.29916,57918.002529999976,18.702,0.332,W1
QSO_4.81408-24.29916,57918.06793799999,18.465,0.298,W1
QSO_4.81408-24.29916,57918.19875400003,19.48,0.452,W1
QSO_4.81408-24.29916,57918.3950875,19.192,0.342,W1
QSO_4.81408-24.29916,58083.47987899998,18.652,0.204,W1
QSO_4.81408-24.29916,58083.61069500001,19.052,0.392,W1
QSO_4.81408-24.29916,58083.74151099997,19.149,0.349,W1
QSO_4.81408-24.29916,58084.06855099997,19.14,0.386,W1
QSO_4.81408-24.29916,58084.33029250004,18.689,0.225,W1
QSO_4.81408-24.29916,58087.07775700004,18.983,0.308,W1
QSO_4.81408-24.29916,58284.50757099999,18.717,0.23,W1
QSO_4.81408-24.29916,58284.83446500004,18.687,0.246,W1
QSO_4.81408-24.29916,58285.09609700003,18.887,0.309,W1
QSO_4.81408-24.29916,58285.488399000016,18.506,0.173,W1
QSO_4.81408-24.29916,58447.16080550001,18.987,0.257,W1
QSO_4.81408-24.29916,58447.29147550002,18.985,0.333,W1
QSO_4.81408-24.29916,58447.5531075,18.761000000000003,0.229,W1
QSO_4.81408-24.29916,58648.57043350001,18.505,0.189,W1
QSO_4.81408-24.29916,58648.70110350001,19.624,0.507,W1
QSO_4.81408-24.29916,58648.89721799998,18.732,0.373,W1
QSO_4.81408-24.29916,58648.89732749998,18.349,0.233,W1
QSO_4.81408-24.29916,58649.158704000016,18.158,0.278,W1
QSO_4.81408-24.29916,58649.28951999996,18.566000000000003,0.189,W1
QSO_4.81408-24.29916,58810.71244899999,18.972,0.251,W1
QSO_4.81408-24.29916,58810.97382550003,18.764000000000003,0.251,W1
QSO_4.81408-24.29916,58811.03923350004,19.128,0.295,W1
QSO_4.81408-24.29916,59016.17240320004,18.522,0.186,W1
QSO_4.81408-24.29916,59016.368908599965,18.669,0.248,W1
QSO_4.81408-24.29916,59016.43449579999,18.923,0.293,W1
QSO_4.81408-24.29916,59016.56556040001,19.065,0.387,W1
QSO_4.81408-24.29916,59016.69658840002,18.979,0.338,W1
QSO_4.81408-24.29916,59175.49322799996,18.629,0.211,W1
QSO_4.81408-24.29916,59175.6242926,18.62,0.228,W1
QSO_4.81408-24.29916,59175.7553206,18.700000000000003,0.221,W1
QSO_4.81408-24.29916,59178.50687200001,18.421,,W1
QSO_4.81408-24.29916,59178.63793659996,18.266,,W1
QSO_4.81408-24.29916,59380.18626149996,18.741,0.23,W1
QSO_4.81408-24.29916,59380.31682199997,18.636,0.211,W1
QSO_4.81408-24.29916,59380.83942899999,19.386000000000003,0.436,W1
QSO_4.81408-24.29916,59381.035251499976,18.75,0.352,W1
QSO_4.81408-24.29916,59381.16595800001,18.786,0.233,W1
QSO_4.81408-24.29916,59381.29651850001,18.436,0.285,W1
QSO_4.81408-24.29916,59542.43434600002,18.627,0.194,W1
QSO_4.81408-24.29916,59542.69557650002,18.54,0.276,W1
QSO_4.81408-24.29916,59543.15266600003,18.781,0.282,W1
QSO_4.81408-24.29916,59543.283226500025,18.503,0.18,W1
QSO_4.81408-24.29916,59543.41378700003,18.4,0.194,W1
QSO_4.81408-24.29916,59744.6414625,18.739,0.284,W1
QSO_4.81408-24.29916,59744.77187699997,18.703000000000003,0.273,W1
QSO_4.81408-24.29916,59744.90232799996,18.627,,W1
QSO_4.81408-24.29916,59745.032742500014,19.302,,W1
QSO_4.81408-24.29916,59906.98838900004,19.391,0.397,W1
QSO_4.81408-24.29916,59907.183700500034,18.852,0.234,W1
QSO_4.81408-24.29916,59907.3140055,18.319,0.185,W1
QSO_4.81408-24.29916,60111.16033700003,19.336,0.414,W1
QSO_4.81408-24.29916,60111.225233999976,18.705,0.237,W1
QSO_4.81408-24.29916,60111.28998499997,19.245,,W1
QSO_4.81408-24.29916,60111.41966950002,19.005000000000003,,W1
QSO_4.81408-24.29916,60111.48456649997,19.414,0.47,W1
QSO_4.81408-24.29916,60111.54935399999,19.153,0.462,W1
QSO_4.81408-24.29916,60111.61425100001,18.823,0.282,W1
QSO_4.81408-24.29916,60111.74389900004,18.807,0.273,W1
QSO_4.81408-24.29916,60111.8735835,18.979,0.367,W1
QSO_4.81408-24.29916,60273.12237099998,18.407,0.32,W1
QSO_4.81408-24.29916,60273.70363349999,18.649,0.211,W1
QSO_4.81408-24.29916,60273.768165499976,19.004,0.302,W1
QSO_4.81408-24.29916,60273.83280699996,18.751,0.217,W1
QSO_4.81408-24.29916,60274.09100799997,18.978,0.282,W1
QSO_4.81408-24.29916,60274.09111749997,19.14,0.369,W1
QSO_4.81408-24.29916,60274.220291000034,18.71,,W1
QSO_4.81408-24.29916,60475.89103719998,18.44,0.298,W1
QSO_4.81408-24.29916,55362.357483000014,19.027,0.515,W2
QSO_4.81408-24.29916,55362.35759250002,18.287,0.276,W2
QSO_4.81408-24.29916,55362.48968599999,18.514,,W2
QSO_4.81408-24.29916,55362.55586050003,18.27,0.289,W2
QSO_4.81408-24.29916,55362.621888999965,18.797,,W2
QSO_4.81408-24.29916,55362.688063500005,18.175,,W2
QSO_4.81408-24.29916,55362.75409200002,18.69,,W2
QSO_4.81408-24.29916,55362.820266499984,18.623,0.393,W2
QSO_4.81408-24.29916,55362.88633150002,18.833,0.516,W2
QSO_4.81408-24.29916,55362.95250599999,18.337,,W2
QSO_4.81408-24.29916,55539.780187000026,18.357,,W2
QSO_4.81408-24.29916,55539.91224399996,18.524,0.403,W2
QSO_4.81408-24.29916,55539.97841850001,18.354,0.319,W2
QSO_4.81408-24.29916,55540.044483499965,18.522,,W2
QSO_4.81408-24.29916,55540.11051199998,17.959,0.234,W2
QSO_4.81408-24.29916,55540.176686500025,18.409,,W2
QSO_4.81408-24.29916,55540.24271500003,18.893,0.508,W2
QSO_4.81408-24.29916,55540.30877999999,18.707,0.439,W2
QSO_4.81408-24.29916,55540.37495450003,18.658,0.488,W2
QSO_4.81408-24.29916,55544.00973399999,18.419,,W2
QSO_4.81408-24.29916,56824.379045,18.093,,W2
QSO_4.81408-24.29916,56824.51048150002,18.558,0.414,W2
QSO_4.81408-24.29916,56824.51062749997,18.59,,W2
QSO_4.81408-24.29916,56824.77353699998,18.063,0.385,W2
QSO_4.81408-24.29916,56827.73222699998,18.445,,W2
QSO_4.81408-24.29916,56827.86366350001,17.988,,W2
QSO_4.81408-24.29916,57004.21837749997,18.181,,W2
QSO_4.81408-24.29916,57004.87512200002,18.641,,W2
QSO_4.81408-24.29916,57004.94078549999,17.717,,W2
QSO_4.81408-24.29916,57005.07211250001,18.086,,W2
QSO_4.81408-24.29916,57005.20343950004,18.287,,W2
QSO_4.81408-24.29916,57188.719714254905,18.263,,W2
QSO_4.81408-24.29916,57189.24436527154,18.104,,W2
QSO_4.81408-24.29916,57189.30991927366,18.283,,W2
QSO_4.81408-24.29916,57189.375436775765,18.69,0.42,W2
QSO_4.81408-24.29916,57189.57217178196,17.994,,W2
QSO_4.81408-24.29916,57189.70324328611,17.907,,W2
QSO_4.81408-24.29916,57363.10484571056,18.899,0.521,W2
QSO_4.81408-24.29916,57363.563577725086,17.976,0.249,W2
QSO_4.81408-24.29916,57363.694649229314,17.611,,W2
QSO_4.81408-24.29916,57364.21878924594,18.678,0.431,W2
QSO_4.81408-24.29916,57553.08229222045,18.583,0.385,W2
QSO_4.81408-24.29916,57553.34489722869,18.4,0.469,W2
QSO_4.81408-24.29916,57553.541768634976,18.742,,W2
QSO_4.81408-24.29916,57553.738786441216,18.86,0.518,W2
QSO_4.81408-24.29916,57553.93569444744,17.953,0.277,W2
QSO_4.81408-24.29916,57554.06697865155,18.118,,W2
QSO_4.81408-24.29916,57723.25601060183,18.17,,W2
QSO_4.81408-24.29916,57723.32159780392,18.376,,W2
QSO_4.81408-24.29916,57723.38729480602,18.607,,W2
QSO_4.81408-24.29916,57723.51861561016,18.343,0.332,W2
QSO_4.81408-24.29916,57723.64979001434,18.602,0.522,W2
QSO_4.81408-24.29916,57723.84666142054,18.133,,W2
QSO_4.81408-24.29916,57723.8468078205,18.491,,W2
QSO_4.81408-24.29916,57917.80615999998,18.433,0.369,W2
QSO_4.81408-24.29916,57917.93712199996,17.636,0.426,W2
QSO_4.81408-24.29916,57918.002529999976,18.092,,W2
QSO_4.81408-24.29916,57918.06793799999,18.192,,W2
QSO_4.81408-24.29916,57918.19875400003,17.769,,W2
QSO_4.81408-24.29916,57918.3950875,18.074,,W2
QSO_4.81408-24.29916,58083.47987899998,18.186,,W2
QSO_4.81408-24.29916,58083.61069500001,18.355,0.495,W2
QSO_4.81408-24.29916,58083.74151099997,17.201,0.282,W2
QSO_4.81408-24.29916,58084.06855099997,18.231,0.404,W2
QSO_4.81408-24.29916,58084.33029250004,17.782,,W2
QSO_4.81408-24.29916,58087.07775700004,18.391,0.529,W2
QSO_4.81408-24.29916,58284.50757099999,18.05,,W2
QSO_4.81408-24.29916,58284.83446500004,18.218,,W2
QSO_4.81408-24.29916,58285.09609700003,18.454,0.427,W2
QSO_4.81408-24.29916,58285.488399000016,18.325,0.364,W2
QSO_4.81408-24.29916,58447.16080550001,18.611,,W2
QSO_4.81408-24.29916,58447.29147550002,18.067,,W2
QSO_4.81408-24.29916,58447.5531075,18.759,,W2
QSO_4.81408-24.29916,58648.57043350001,17.974999999999998,,W2
QSO_4.81408-24.29916,58648.70110350001,17.75,0.437,W2
QSO_4.81408-24.29916,58648.89721799998,18.697,0.515,W2
QSO_4.81408-24.29916,58648.89732749998,18.572,,W2
QSO_4.81408-24.29916,58649.158704000016,18.065,,W2
QSO_4.81408-24.29916,58649.28951999996,18.042,,W2
QSO_4.81408-24.29916,58810.71244899999,17.838,0.271,W2
QSO_4.81408-24.29916,58810.97382550003,18.134,,W2
QSO_4.81408-24.29916,58811.03923350004,18.375,0.438,W2
QSO_4.81408-24.29916,59016.17240320004,17.756999999999998,,W2
QSO_4.81408-24.29916,59016.368908599965,18.127,,W2
QSO_4.81408-24.29916,59016.43449579999,17.947,,W2
QSO_4.81408-24.29916,59016.56556040001,18.139,,W2
QSO_4.81408-24.29916,59016.69658840002,18.015,,W2
QSO_4.81408-24.29916,59175.49322799996,17.954,,W2
QSO_4.81408-24.29916,59175.6242926,18.541,,W2
QSO_4.81408-24.29916,59175.7553206,17.622,,W2
QSO_4.81408-24.29916,59178.50687200001,17.713,,W2
QSO_4.81408-24.29916,59178.63793659996,17.905,0.398,W2
QSO_4.81408-24.29916,59380.18626149996,17.974999999999998,,W2
QSO_4.81408-24.29916,59380.31682199997,18.068,0.31,W2
QSO_4.81408-24.29916,59380.83942899999,18.531,0.458,W2
QSO_4.81408-24.29916,59381.035251499976,17.743,0.334,W2
QSO_4.81408-24.29916,59381.16595800001,17.881,,W2
QSO_4.81408-24.29916,59381.29651850001,18.576,,W2
QSO_4.81408-24.29916,59542.43434600002,18.896,0.517,W2
QSO_4.81408-24.29916,59542.69557650002,17.905,,W2
QSO_4.81408-24.29916,59543.15266600003,18.27,,W2
QSO_4.81408-24.29916,59543.283226500025,18.3,,W2
QSO_4.81408-24.29916,59543.41378700003,18.14,,W2
QSO_4.81408-24.29916,59744.6414625,18.539,0.451,W2
QSO_4.81408-24.29916,59744.77187699997,18.581,,W2
QSO_4.81408-24.29916,59744.90232799996,17.866,,W2
QSO_4.81408-24.29916,59745.032742500014,17.674,0.31,W2
QSO_4.81408-24.29916,59906.98838900004,18.66,0.425,W2
QSO_4.81408-24.29916,59907.183700500034,17.893,,W2
QSO_4.81408-24.29916,59907.3140055,18.824,0.508,W2
QSO_4.81408-24.29916,60111.16033700003,12.4,0.016,W2
QSO_4.81408-24.29916,60111.225233999976,18.304,0.381,W2
QSO_4.81408-24.29916,60111.28998499997,17.331,0.299,W2
QSO_4.81408-24.29916,60111.41966950002,17.705,0.269,W2
QSO_4.81408-24.29916,60111.48456649997,18.076,0.372,W2
QSO_4.81408-24.29916,60111.54935399999,18.198,,W2
QSO_4.81408-24.29916,60111.61425100001,18.75,0.477,W2
QSO_4.81408-24.29916,60111.74389900004,18.175,,W2
QSO_4.81408-24.29916,60111.8735835,18.78,,W2
QSO_4.81408-24.29916,60273.12237099998,18.451,,W2
QSO_4.81408-24.29916,60273.70363349999,18.902,,W2
QSO_4.81408-24.29916,60273.768165499976,18.193,0.339,W2
QSO_4.81408-24.29916,60273.83280699996,17.487,0.392,W2
QSO_4.81408-24.29916,60274.09100799997,18.724,0.483,W2
QSO_4.81408-24.29916,60274.09111749997,18.341,0.499,W2
QSO_4.81408-24.29916,60274.220291000034,18.284,0.373,W2
QSO_4.81408-24.29916,60475.89103719998,17.919,,W2
QSO_4.6154584-24.368178,55361.96094699999,17.583,0.095,W1
QSO_4.6154584-24.368178,55362.357483000014,17.515,0.089,W1
QSO_4.6154584-24.368178,55362.42362100003,17.589,0.087,W1
QSO_4.6154584-24.368178,55362.48968599999,17.713,0.105,W1
QSO_4.6154584-24.368178,55362.55586050003,17.826,0.107,W1
QSO_4.6154584-24.368178,55362.621888999965,17.852,0.106,W1
QSO_4.6154584-24.368178,55362.688063500005,17.88,0.112,W1
QSO_4.6154584-24.368178,55362.820266499984,17.633,0.093,W1
QSO_4.6154584-24.368178,55362.95250599999,17.954,0.12,W1
QSO_4.6154584-24.368178,55539.383651,17.746000000000002,0.106,W1
QSO_4.6154584-24.368178,55539.780187000026,17.804000000000002,0.111,W1
QSO_4.6154584-24.368178,55539.84621550003,17.976,0.12,W1
QSO_4.6154584-24.368178,55539.91224399996,18.062,0.156,W1
QSO_4.6154584-24.368178,55539.97841850001,17.756,0.111,W1
QSO_4.6154584-24.368178,55540.044483499965,17.863,0.133,W1
QSO_4.6154584-24.368178,55540.11051199998,17.832,0.121,W1
QSO_4.6154584-24.368178,55540.24271500003,17.845,0.114,W1
QSO_4.6154584-24.368178,55540.37495450003,17.761,0.101,W1
QSO_4.6154584-24.368178,55543.94355950003,18.085,0.167,W1
QSO_4.6154584-24.368178,55543.94370549998,18.057,0.143,W1
QSO_4.6154584-24.368178,56823.98455300001,18.199,0.157,W1
QSO_4.6154584-24.368178,56824.379045,17.685000000000002,0.121,W1
QSO_4.6154584-24.368178,56824.51048150002,17.599,0.13,W1
QSO_4.6154584-24.368178,56827.73222699998,17.994,0.182,W1
QSO_4.6154584-24.368178,56827.86366350001,18.034,0.14,W1
QSO_4.6154584-24.368178,56827.995245999984,17.766,0.104,W1
QSO_4.6154584-24.368178,57004.08694100002,17.975,0.152,W1
QSO_4.6154584-24.368178,57004.21837749997,17.795,0.116,W1
QSO_4.6154584-24.368178,57004.94078549999,17.991999999999997,0.127,W1
QSO_4.6154584-24.368178,57005.07211250001,17.86,0.117,W1
QSO_4.6154584-24.368178,57188.58864275076,17.713,0.118,W1
QSO_4.6154584-24.368178,57188.719714254905,17.494,0.084,W1
QSO_4.6154584-24.368178,57189.30991927366,18.088,0.137,W1
QSO_4.6154584-24.368178,57189.57217178196,18.017,0.203,W1
QSO_4.6154584-24.368178,57362.97377420641,17.853,0.116,W1
QSO_4.6154584-24.368178,57363.10484571056,17.576999999999998,0.134,W1
QSO_4.6154584-24.368178,57363.563577725086,17.606,0.098,W1
QSO_4.6154584-24.368178,57363.62913172722,17.461,0.08,W1
QSO_4.6154584-24.368178,57363.694649229314,17.872999999999998,0.11,W1
QSO_4.6154584-24.368178,57363.95679223761,17.747,0.107,W1
QSO_4.6154584-24.368178,57552.819687212126,18.066000000000003,0.171,W1
QSO_4.6154584-24.368178,57552.95100801626,18.104,0.139,W1
QSO_4.6154584-24.368178,57553.08229222045,17.695,0.13,W1
QSO_4.6154584-24.368178,57553.34489722869,17.874000000000002,0.133,W1
QSO_4.6154584-24.368178,57553.41048443079,17.766,0.113,W1
QSO_4.6154584-24.368178,57553.541768634976,17.767,0.115,W1
QSO_4.6154584-24.368178,57553.93569444744,17.893,0.126,W1
QSO_4.6154584-24.368178,57722.73094698521,17.842,0.133,W1
QSO_4.6154584-24.368178,57722.8622311894,17.833,0.104,W1
QSO_4.6154584-24.368178,57723.25601060183,17.606,0.097,W1
QSO_4.6154584-24.368178,57723.32159780392,17.868000000000002,0.114,W1
QSO_4.6154584-24.368178,57723.38729480602,17.734,0.102,W1
QSO_4.6154584-24.368178,57723.58420281225,17.523,0.094,W1
QSO_4.6154584-24.368178,57723.84666142054,17.759999999999998,0.11,W1
QSO_4.6154584-24.368178,57723.8468078205,17.637,0.101,W1
QSO_4.6154584-24.368178,57917.41374849998,17.871000000000002,0.117,W1
QSO_4.6154584-24.368178,57917.80615999998,17.726,0.157,W1
QSO_4.6154584-24.368178,57917.871568,17.78,0.103,W1
QSO_4.6154584-24.368178,57917.87171400002,17.633,0.109,W1
QSO_4.6154584-24.368178,57917.93712199996,17.899,0.118,W1
QSO_4.6154584-24.368178,57918.002529999976,17.66,0.095,W1
QSO_4.6154584-24.368178,57918.06793799999,17.884999999999998,0.123,W1
QSO_4.6154584-24.368178,57918.13334600001,17.669,0.114,W1
QSO_4.6154584-24.368178,57918.3950875,17.71,0.099,W1
QSO_4.6154584-24.368178,58083.47987899998,17.526,0.095,W1
QSO_4.6154584-24.368178,58083.61069500001,17.570999999999998,0.098,W1
QSO_4.6154584-24.368178,58083.67610300003,17.869,0.115,W1
QSO_4.6154584-24.368178,58083.74151099997,17.828,0.184,W1
QSO_4.6154584-24.368178,58084.06855099997,17.439,0.09,W1
QSO_4.6154584-24.368178,58084.06866049997,17.672,0.107,W1
QSO_4.6154584-24.368178,58084.33029250004,17.813000000000002,0.114,W1
QSO_4.6154584-24.368178,58086.22734349997,17.893,0.145,W1
QSO_4.6154584-24.368178,58086.35815950001,17.729,0.15,W1
QSO_4.6154584-24.368178,58086.55438349998,18.088,0.173,W1
QSO_4.6154584-24.368178,58086.6197915,18.118,0.228,W1
QSO_4.6154584-24.368178,58087.07775700004,17.906,0.124,W1
QSO_4.6154584-24.368178,58284.50757099999,17.9,0.134,W1
QSO_4.6154584-24.368178,58284.572979,17.981,0.182,W1
QSO_4.6154584-24.368178,58284.83446500004,17.811999999999998,0.107,W1
QSO_4.6154584-24.368178,58284.89987299997,17.487000000000002,0.085,W1
QSO_4.6154584-24.368178,58285.09609700003,17.628,0.106,W1
QSO_4.6154584-24.368178,58446.83376550001,17.77,0.098,W1
QSO_4.6154584-24.368178,58446.89917350003,18.043,0.127,W1
QSO_4.6154584-24.368178,58446.96458149996,17.667,0.103,W1
QSO_4.6154584-24.368178,58447.02998949998,17.759999999999998,0.101,W1
QSO_4.6154584-24.368178,58447.16080550001,17.724,0.096,W1
QSO_4.6154584-24.368178,58447.29147550002,17.672,0.122,W1
QSO_4.6154584-24.368178,58447.42229149997,17.837,0.173,W1
QSO_4.6154584-24.368178,58447.5531075,17.666,0.091,W1
QSO_4.6154584-24.368178,58648.17824100002,17.675,0.11,W1
QSO_4.6154584-24.368178,58648.439763500006,17.64,0.091,W1
QSO_4.6154584-24.368178,58648.50502549999,17.648,0.096,W1
QSO_4.6154584-24.368178,58648.57043350001,17.984,0.155,W1
QSO_4.6154584-24.368178,58648.63584150003,17.82,0.117,W1
QSO_4.6154584-24.368178,58648.70110350001,17.939,0.139,W1
QSO_4.6154584-24.368178,58648.89721799998,17.797,0.135,W1
QSO_4.6154584-24.368178,58648.89732749998,17.807000000000002,0.115,W1
QSO_4.6154584-24.368178,58649.158704000016,17.756,0.104,W1
QSO_4.6154584-24.368178,58810.71244899999,17.767,0.1,W1
QSO_4.6154584-24.368178,58810.84311899999,17.634,0.098,W1
QSO_4.6154584-24.368178,58810.90852700001,17.77,0.1,W1
QSO_4.6154584-24.368178,58810.97382550003,17.913,0.118,W1
QSO_4.6154584-24.368178,58811.03923350004,18.009999999999998,0.132,W1
QSO_4.6154584-24.368178,58811.3007195,17.936,0.118,W1
QSO_4.6154584-24.368178,59015.71369539998,17.71,0.099,W1
QSO_4.6154584-24.368178,59015.91034720003,17.871000000000002,0.119,W1
QSO_4.6154584-24.368178,59015.97578800001,17.893,0.137,W1
QSO_4.6154584-24.368178,59016.04137520003,17.791,0.112,W1
QSO_4.6154584-24.368178,59016.17240320004,17.625,0.145,W1
QSO_4.6154584-24.368178,59016.43449579999,17.851,0.132,W1
QSO_4.6154584-24.368178,59016.56556040001,18.124,0.146,W1
QSO_4.6154584-24.368178,59175.23113540001,17.8,0.11,W1
QSO_4.6154584-24.368178,59175.36219999997,17.71,0.099,W1
QSO_4.6154584-24.368178,59175.49322799996,17.842,0.11,W1
QSO_4.6154584-24.368178,59175.6242926,17.664,0.094,W1
QSO_4.6154584-24.368178,59175.7553206,17.581,0.097,W1
QSO_4.6154584-24.368178,59178.50687200001,17.71,0.113,W1
QSO_4.6154584-24.368178,59178.57245920003,17.878999999999998,0.135,W1
QSO_4.6154584-24.368178,59178.63793659996,17.942,0.194,W1
QSO_4.6154584-24.368178,59178.76896459996,17.560000000000002,0.113,W1
QSO_4.6154584-24.368178,59379.92499450002,17.907,0.119,W1
QSO_4.6154584-24.368178,59380.18626149996,17.651,0.117,W1
QSO_4.6154584-24.368178,59380.31682199997,17.740000000000002,0.138,W1
QSO_4.6154584-24.368178,59380.38222999998,17.741999999999997,0.109,W1
QSO_4.6154584-24.368178,59381.035251499976,17.961,0.135,W1
QSO_4.6154584-24.368178,59542.30378550002,17.987000000000002,0.116,W1
QSO_4.6154584-24.368178,59542.43434600002,17.731,0.105,W1
QSO_4.6154584-24.368178,59542.69557650002,17.741,0.112,W1
QSO_4.6154584-24.368178,59543.15266600003,17.628999999999998,0.092,W1
QSO_4.6154584-24.368178,59543.283226500025,18.008,0.131,W1
QSO_4.6154584-24.368178,59743.79396900001,17.733,0.14,W1
QSO_4.6154584-24.368178,59744.44585900003,17.978,0.141,W1
QSO_4.6154584-24.368178,59744.6414625,18.003999999999998,0.139,W1
QSO_4.6154584-24.368178,59744.77187699997,17.744,0.115,W1
QSO_4.6154584-24.368178,59744.90232799996,17.92,0.12,W1
QSO_4.6154584-24.368178,59906.337229000026,17.767,0.106,W1
QSO_4.6154584-24.368178,59906.92283499999,17.829,0.112,W1
QSO_4.6154584-24.368178,59907.05354150002,17.641,0.093,W1
QSO_4.6154584-24.368178,59907.183700500034,17.843,0.109,W1
QSO_4.6154584-24.368178,59907.18384649998,17.772,0.162,W1
QSO_4.6154584-24.368178,60110.64167199997,17.889,0.133,W1
QSO_4.6154584-24.368178,60110.77131999999,17.65,0.101,W1
QSO_4.6154584-24.368178,60110.90100449996,17.542,0.099,W1
QSO_4.6154584-24.368178,60111.16033700003,17.899,0.173,W1
QSO_4.6154584-24.368178,60111.225233999976,17.942,0.124,W1
QSO_4.6154584-24.368178,60111.28998499997,18.016,0.155,W1
QSO_4.6154584-24.368178,60111.354882,17.881,0.166,W1
QSO_4.6154584-24.368178,60111.48456649997,17.719,0.146,W1
QSO_4.6154584-24.368178,60111.61425100001,17.707,0.106,W1
QSO_4.6154584-24.368178,60111.74389900004,17.644,0.108,W1
QSO_4.6154584-24.368178,60272.99319750001,17.698,0.113,W1
QSO_4.6154584-24.368178,60273.12237099998,17.647,0.104,W1
QSO_4.6154584-24.368178,60273.251508000016,17.72,0.12,W1
QSO_4.6154584-24.368178,60273.70363349999,17.792,0.117,W1
QSO_4.6154584-24.368178,60273.83280699996,17.753,0.12,W1
QSO_4.6154584-24.368178,60273.961980500026,17.895,0.142,W1
QSO_4.6154584-24.368178,60475.05805780003,17.595,0.106,W1
QSO_4.6154584-24.368178,60475.5065908,17.774,0.138,W1
QSO_4.6154584-24.368178,60475.63480060002,17.714,0.115,W1
QSO_4.6154584-24.368178,60475.698850599976,17.875,0.14,W1
QSO_4.6154584-24.368178,60475.89103719998,17.648,0.128,W1
QSO_4.6154584-24.368178,60475.89114699999,17.881,0.156,W1
QSO_4.6154584-24.368178,55361.96094699999,18.49,0.344,W2
QSO_4.6154584-24.368178,55362.357483000014,18.157,0.251,W2
QSO_4.6154584-24.368178,55362.42362100003,17.846999999999998,0.239,W2
QSO_4.6154584-24.368178,55362.48968599999,18.483,,W2
QSO_4.6154584-24.368178,55362.55586050003,18.665,0.425,W2
QSO_4.6154584-24.368178,55362.621888999965,18.095,0.239,W2
QSO_4.6154584-24.368178,55362.688063500005,18.345,0.312,W2
QSO_4.6154584-24.368178,55362.820266499984,18.546,0.334,W2
QSO_4.6154584-24.368178,55362.95250599999,18.532,0.374,W2
QSO_4.6154584-24.368178,55539.383651,18.147,,W2
QSO_4.6154584-24.368178,55539.780187000026,18.082,0.269,W2
QSO_4.6154584-24.368178,55539.84621550003,18.451,0.343,W2
QSO_4.6154584-24.368178,55539.91224399996,18.569,0.384,W2
QSO_4.6154584-24.368178,55539.97841850001,18.291,0.306,W2
QSO_4.6154584-24.368178,55540.044483499965,18.186,,W2
QSO_4.6154584-24.368178,55540.11051199998,18.471,0.361,W2
QSO_4.6154584-24.368178,55540.24271500003,18.257,,W2
QSO_4.6154584-24.368178,55540.37495450003,18.475,0.36,W2
QSO_4.6154584-24.368178,55543.94355950003,17.77,0.223,W2
QSO_4.6154584-24.368178,55543.94370549998,17.639,0.191,W2
QSO_4.6154584-24.368178,56823.98455300001,18.651,0.437,W2
QSO_4.6154584-24.368178,56824.379045,18.217,0.352,W2
QSO_4.6154584-24.368178,56824.51048150002,18.694,0.495,W2
QSO_4.6154584-24.368178,56827.73222699998,18.111,0.385,W2
QSO_4.6154584-24.368178,56827.86366350001,18.025,0.384,W2
QSO_4.6154584-24.368178,56827.995245999984,18.204,0.341,W2
QSO_4.6154584-24.368178,57004.08694100002,18.796,0.531,W2
QSO_4.6154584-24.368178,57004.21837749997,18.166,,W2
QSO_4.6154584-24.368178,57004.94078549999,18.379,0.403,W2
QSO_4.6154584-24.368178,57005.07211250001,18.108,0.284,W2
QSO_4.6154584-24.368178,57188.58864275076,18.237,0.342,W2
QSO_4.6154584-24.368178,57188.719714254905,18.861,0.538,W2
QSO_4.6154584-24.368178,57189.30991927366,18.345,0.458,W2
QSO_4.6154584-24.368178,57189.57217178196,18.519,0.438,W2
QSO_4.6154584-24.368178,57362.97377420641,17.938,,W2
QSO_4.6154584-24.368178,57363.10484571056,18.0,0.242,W2
QSO_4.6154584-24.368178,57363.563577725086,17.607,0.346,W2
QSO_4.6154584-24.368178,57363.62913172722,18.141,0.295,W2
QSO_4.6154584-24.368178,57363.694649229314,18.474,0.449,W2
QSO_4.6154584-24.368178,57363.95679223761,18.155,0.297,W2
QSO_4.6154584-24.368178,57552.819687212126,17.817,0.253,W2
QSO_4.6154584-24.368178,57552.95100801626,18.458,0.353,W2
QSO_4.6154584-24.368178,57553.08229222045,18.683,0.535,W2
QSO_4.6154584-24.368178,57553.34489722869,18.3,0.355,W2
QSO_4.6154584-24.368178,57553.41048443079,17.648,0.227,W2
QSO_4.6154584-24.368178,57553.541768634976,18.052,0.338,W2
QSO_4.6154584-24.368178,57553.93569444744,18.021,0.295,W2
QSO_4.6154584-24.368178,57722.73094698521,18.713,0.483,W2
QSO_4.6154584-24.368178,57722.8622311894,17.678,0.246,W2
QSO_4.6154584-24.368178,57723.25601060183,18.242,0.399,W2
QSO_4.6154584-24.368178,57723.32159780392,18.167,0.372,W2
QSO_4.6154584-24.368178,57723.38729480602,18.256,0.309,W2
QSO_4.6154584-24.368178,57723.58420281225,18.334,,W2
QSO_4.6154584-24.368178,57723.84666142054,17.82,0.198,W2
QSO_4.6154584-24.368178,57723.8468078205,18.136,0.281,W2
QSO_4.6154584-24.368178,57917.41374849998,18.299,0.341,W2
QSO_4.6154584-24.368178,57917.80615999998,18.121,,W2
QSO_4.6154584-24.368178,57917.871568,18.041,0.342,W2
QSO_4.6154584-24.368178,57917.87171400002,17.836,0.228,W2
QSO_4.6154584-24.368178,57917.93712199996,18.358,0.478,W2
QSO_4.6154584-24.368178,57918.002529999976,18.193,0.427,W2
QSO_4.6154584-24.368178,57918.06793799999,18.125,0.315,W2
QSO_4.6154584-24.368178,57918.13334600001,17.573,0.239,W2
QSO_4.6154584-24.368178,57918.3950875,18.199,0.379,W2
QSO_4.6154584-24.368178,58083.47987899998,17.863,,W2
QSO_4.6154584-24.368178,58083.61069500001,17.783,0.408,W2
QSO_4.6154584-24.368178,58083.67610300003,18.421,0.428,W2
QSO_4.6154584-24.368178,58083.74151099997,18.005,0.343,W2
QSO_4.6154584-24.368178,58084.06855099997,18.472,0.531,W2
QSO_4.6154584-24.368178,58084.06866049997,17.834,0.243,W2
QSO_4.6154584-24.368178,58084.33029250004,17.962,0.307,W2
QSO_4.6154584-24.368178,58086.22734349997,17.506999999999998,,W2
QSO_4.6154584-24.368178,58086.35815950001,17.96,0.396,W2
QSO_4.6154584-24.368178,58086.55438349998,17.415,,W2
QSO_4.6154584-24.368178,58086.6197915,18.079,0.481,W2
QSO_4.6154584-24.368178,58087.07775700004,18.203,0.469,W2
QSO_4.6154584-24.368178,58284.50757099999,18.338,0.365,W2
QSO_4.6154584-24.368178,58284.572979,18.139,,W2
QSO_4.6154584-24.368178,58284.83446500004,18.275,0.497,W2
QSO_4.6154584-24.368178,58284.89987299997,18.644,0.504,W2
QSO_4.6154584-24.368178,58285.09609700003,17.53,0.243,W2
QSO_4.6154584-24.368178,58446.83376550001,17.752,0.209,W2
QSO_4.6154584-24.368178,58446.89917350003,17.926,0.234,W2
QSO_4.6154584-24.368178,58446.96458149996,17.694,0.252,W2
QSO_4.6154584-24.368178,58447.02998949998,17.832,,W2
QSO_4.6154584-24.368178,58447.16080550001,17.881999999999998,0.308,W2
QSO_4.6154584-24.368178,58447.29147550002,18.189,0.308,W2
QSO_4.6154584-24.368178,58447.42229149997,18.273,0.355,W2
QSO_4.6154584-24.368178,58447.5531075,18.176,,W2
QSO_4.6154584-24.368178,58648.17824100002,17.716,,W2
QSO_4.6154584-24.368178,58648.439763500006,18.236,0.334,W2
QSO_4.6154584-24.368178,58648.50502549999,18.237,,W2
QSO_4.6154584-24.368178,58648.57043350001,17.744,,W2
QSO_4.6154584-24.368178,58648.63584150003,18.536,0.514,W2
QSO_4.6154584-24.368178,58648.70110350001,18.076,0.381,W2
QSO_4.6154584-24.368178,58648.89721799998,18.106,0.285,W2
QSO_4.6154584-24.368178,58648.89732749998,17.89,0.299,W2
QSO_4.6154584-24.368178,58649.158704000016,18.005,0.347,W2
QSO_4.6154584-24.368178,58810.71244899999,18.443,0.443,W2
QSO_4.6154584-24.368178,58810.84311899999,18.212,0.423,W2
QSO_4.6154584-24.368178,58810.90852700001,18.58,0.445,W2
QSO_4.6154584-24.368178,58810.97382550003,18.093,0.299,W2
QSO_4.6154584-24.368178,58811.03923350004,18.554,0.432,W2
QSO_4.6154584-24.368178,58811.3007195,18.157,,W2
QSO_4.6154584-24.368178,59015.71369539998,17.961,0.337,W2
QSO_4.6154584-24.368178,59015.91034720003,18.224,,W2
QSO_4.6154584-24.368178,59015.97578800001,17.739,0.298,W2
QSO_4.6154584-24.368178,59016.04137520003,18.631,0.439,W2
QSO_4.6154584-24.368178,59016.17240320004,18.121,0.332,W2
QSO_4.6154584-24.368178,59016.43449579999,18.378,0.426,W2
QSO_4.6154584-24.368178,59016.56556040001,17.733,,W2
QSO_4.6154584-24.368178,59175.23113540001,18.084,0.274,W2
QSO_4.6154584-24.368178,59175.36219999997,17.971999999999998,,W2
QSO_4.6154584-24.368178,59175.49322799996,18.006999999999998,,W2
QSO_4.6154584-24.368178,59175.6242926,18.127,,W2
QSO_4.6154584-24.368178,59175.7553206,18.215,0.419,W2
QSO_4.6154584-24.368178,59178.50687200001,17.71,,W2
QSO_4.6154584-24.368178,59178.57245920003,18.157,0.486,W2
QSO_4.6154584-24.368178,59178.63793659996,17.812,,W2
QSO_4.6154584-24.368178,59178.76896459996,17.367,0.264,W2
QSO_4.6154584-24.368178,59379.92499450002,17.894,0.251,W2
QSO_4.6154584-24.368178,59380.18626149996,18.146,0.405,W2
QSO_4.6154584-24.368178,59380.31682199997,18.172,,W2
QSO_4.6154584-24.368178,59380.38222999998,18.477,0.431,W2
QSO_4.6154584-24.368178,59381.035251499976,17.852,0.383,W2
QSO_4.6154584-24.368178,59542.30378550002,17.817,0.227,W2
QSO_4.6154584-24.368178,59542.43434600002,18.193,0.46,W2
QSO_4.6154584-24.368178,59542.69557650002,18.186,0.34,W2
QSO_4.6154584-24.368178,59543.15266600003,18.075,,W2
QSO_4.6154584-24.368178,59543.283226500025,18.065,0.346,W2
QSO_4.6154584-24.368178,59743.79396900001,18.161,,W2
QSO_4.6154584-24.368178,59744.44585900003,18.207,0.401,W2
QSO_4.6154584-24.368178,59744.6414625,17.988,,W2
QSO_4.6154584-24.368178,59744.77187699997,18.025,,W2
QSO_4.6154584-24.368178,59744.90232799996,17.43,0.246,W2
QSO_4.6154584-24.368178,59906.337229000026,18.009,,W2
QSO_4.6154584-24.368178,59906.92283499999,17.967,,W2
QSO_4.6154584-24.368178,59907.05354150002,18.536,0.479,W2
QSO_4.6154584-24.368178,59907.183700500034,18.279,0.448,W2
QSO_4.6154584-24.368178,59907.18384649998,18.484,0.378,W2
QSO_4.6154584-24.368178,60110.64167199997,18.283,0.388,W2
QSO_4.6154584-24.368178,60110.77131999999,17.871,0.246,W2
QSO_4.6154584-24.368178,60110.90100449996,18.287,0.366,W2
QSO_4.6154584-24.368178,60111.16033700003,17.224999999999998,0.234,W2
QSO_4.6154584-24.368178,60111.225233999976,18.404,0.37,W2
QSO_4.6154584-24.368178,60111.28998499997,17.7,0.283,W2
QSO_4.6154584-24.368178,60111.354882,18.492,0.429,W2
QSO_4.6154584-24.368178,60111.48456649997,18.017,0.401,W2
QSO_4.6154584-24.368178,60111.61425100001,18.167,0.332,W2
QSO_4.6154584-24.368178,60111.74389900004,17.302,0.189,W2
QSO_4.6154584-24.368178,60272.99319750001,17.524,0.238,W2
QSO_4.6154584-24.368178,60273.12237099998,17.936,,W2
QSO_4.6154584-24.368178,60273.251508000016,17.84,0.357,W2
QSO_4.6154584-24.368178,60273.70363349999,18.273,,W2
QSO_4.6154584-24.368178,60273.83280699996,17.826999999999998,0.318,W2
QSO_4.6154584-24.368178,60273.961980500026,18.37,0.354,W2
QSO_4.6154584-24.368178,60475.05805780003,17.758,,W2
QSO_4.6154584-24.368178,60475.5065908,17.526,,W2
QSO_4.6154584-24.368178,60475.63480060002,17.971999999999998,,W2
QSO_4.6154584-24.368178,60475.698850599976,18.055,0.425,W2
QSO_4.6154584-24.368178,60475.89103719998,18.093,0.407,W2
QSO_4.6154584-24.368178,60475.89114699999,17.655,0.352,W2
QSO_4.8819187-24.3268521,55362.35759250002,17.697,0.098,W1
QSO_4.8819187-24.3268521,55362.48968599999,17.637999999999998,0.087,W1
QSO_4.8819187-24.3268521,55362.4897955,17.871000000000002,0.111,W1
QSO_4.8819187-24.3268521,55362.621888999965,17.916,0.127,W1
QSO_4.8819187-24.3268521,55362.688063500005,17.560000000000002,0.087,W1
QSO_4.8819187-24.3268521,55362.75409200002,17.9,0.113,W1
QSO_4.8819187-24.3268521,55362.820266499984,17.852,0.108,W1
QSO_4.8819187-24.3268521,55362.88633150002,17.823,0.105,W1
QSO_4.8819187-24.3268521,55362.95250599999,17.918,0.114,W1
QSO_4.8819187-24.3268521,55363.34911499999,17.959,0.12,W1
QSO_4.8819187-24.3268521,55539.78004099999,17.831,0.117,W1
QSO_4.8819187-24.3268521,55539.780187000026,17.631999999999998,0.095,W1
QSO_4.8819187-24.3268521,55539.91224399996,17.948999999999998,0.118,W1
QSO_4.8819187-24.3268521,55540.044483499965,18.072,0.134,W1
QSO_4.8819187-24.3268521,55540.11051199998,17.881,0.117,W1
QSO_4.8819187-24.3268521,55540.176686500025,18.106,0.138,W1
QSO_4.8819187-24.3268521,55540.24271500003,17.83,0.119,W1
QSO_4.8819187-24.3268521,55540.30877999999,17.667,0.097,W1
QSO_4.8819187-24.3268521,55540.37495450003,17.991999999999997,0.128,W1
QSO_4.8819187-24.3268521,55540.77145400003,18.051,0.171,W1
QSO_4.8819187-24.3268521,55544.00973399999,18.21,0.164,W1
QSO_4.8819187-24.3268521,56640.030319999976,17.802999999999997,0.115,W1
QSO_4.8819187-24.3268521,56640.096238999984,17.866999999999997,0.14,W1
QSO_4.8819187-24.3268521,56824.379045,17.727,0.098,W1
QSO_4.8819187-24.3268521,56824.51048150002,18.24,0.15,W1
QSO_4.8819187-24.3268521,56824.51062749997,17.953,0.108,W1
QSO_4.8819187-24.3268521,56824.77353699998,17.994999999999997,0.131,W1
QSO_4.8819187-24.3268521,56827.73222699998,17.497,0.09,W1
QSO_4.8819187-24.3268521,56827.86366350001,18.033,0.132,W1
QSO_4.8819187-24.3268521,56827.995245999984,17.956,0.118,W1
QSO_4.8819187-24.3268521,57004.21826799997,17.478,0.137,W1
QSO_4.8819187-24.3268521,57004.21837749997,17.898,0.166,W1
QSO_4.8819187-24.3268521,57004.87512200002,17.777,0.11,W1
QSO_4.8819187-24.3268521,57004.94078549999,17.810000000000002,0.118,W1
QSO_4.8819187-24.3268521,57005.07211250001,17.82,0.111,W1
QSO_4.8819187-24.3268521,57005.20343950004,17.881999999999998,0.126,W1
QSO_4.8819187-24.3268521,57005.33487599999,17.732,0.164,W1
QSO_4.8819187-24.3268521,57188.719714254905,17.923000000000002,0.129,W1
QSO_4.8819187-24.3268521,57188.71986025494,17.916,0.165,W1
QSO_4.8819187-24.3268521,57189.24436527154,17.595,0.083,W1
QSO_4.8819187-24.3268521,57189.30991927366,17.786,0.113,W1
QSO_4.8819187-24.3268521,57189.375436775765,17.884,0.107,W1
QSO_4.8819187-24.3268521,57189.57217178196,18.226,0.162,W1
QSO_4.8819187-24.3268521,57189.70324328611,17.953,0.153,W1
QSO_4.8819187-24.3268521,57189.83446079029,17.892,0.103,W1
QSO_4.8819187-24.3268521,57363.563577725086,18.262,0.154,W1
QSO_4.8819187-24.3268521,57363.62913172722,17.826999999999998,0.107,W1
QSO_4.8819187-24.3268521,57363.694649229314,18.333,0.19,W1
QSO_4.8819187-24.3268521,57364.21878924594,17.986,0.12,W1
QSO_4.8819187-24.3268521,57553.08229222045,17.765,0.12,W1
QSO_4.8819187-24.3268521,57553.34489722869,17.927999999999997,0.145,W1
QSO_4.8819187-24.3268521,57553.541768634976,17.927,0.123,W1
QSO_4.8819187-24.3268521,57553.738786441216,17.811,0.107,W1
QSO_4.8819187-24.3268521,57553.93569444744,17.332,0.127,W1
QSO_4.8819187-24.3268521,57723.25601060183,17.831,0.125,W1
QSO_4.8819187-24.3268521,57723.38729480602,17.898,0.118,W1
QSO_4.8819187-24.3268521,57723.51846921012,17.72,0.103,W1
QSO_4.8819187-24.3268521,57723.51861561016,17.779,0.131,W1
QSO_4.8819187-24.3268521,57723.58420281225,17.98,0.16,W1
QSO_4.8819187-24.3268521,57723.64979001434,17.67,0.108,W1
QSO_4.8819187-24.3268521,57723.84666142054,18.244,0.15,W1
QSO_4.8819187-24.3268521,57917.80615999998,17.988999999999997,0.121,W1
QSO_4.8819187-24.3268521,57917.93712199996,17.947,0.147,W1
QSO_4.8819187-24.3268521,57918.002529999976,17.674,0.099,W1
QSO_4.8819187-24.3268521,57918.06793799999,17.793,0.14,W1
QSO_4.8819187-24.3268521,57918.13334600001,17.898,0.122,W1
QSO_4.8819187-24.3268521,57918.19875400003,18.456,0.3,W1
QSO_4.8819187-24.3268521,57918.329679499984,17.766,0.101,W1
QSO_4.8819187-24.3268521,57918.3950875,17.792,0.165,W1
QSO_4.8819187-24.3268521,57918.65671949999,17.936999999999998,0.131,W1
QSO_4.8819187-24.3268521,58083.47987899998,18.041,0.125,W1
QSO_4.8819187-24.3268521,58083.61069500001,18.122,0.186,W1
QSO_4.8819187-24.3268521,58083.74151099997,18.13,0.233,W1
QSO_4.8819187-24.3268521,58084.06855099997,17.677999999999997,0.119,W1
QSO_4.8819187-24.3268521,58084.133958999984,18.059,0.147,W1
QSO_4.8819187-24.3268521,58084.13406849999,18.089,0.143,W1
QSO_4.8819187-24.3268521,58084.33029250004,17.976,0.126,W1
QSO_4.8819187-24.3268521,58084.46110849999,17.707,0.131,W1
QSO_4.8819187-24.3268521,58084.591924500026,17.894,0.12,W1
QSO_4.8819187-24.3268521,58086.35815950001,17.948999999999998,0.127,W1
QSO_4.8819187-24.3268521,58086.6197915,17.997,0.2,W1
QSO_4.8819187-24.3268521,58086.75060750003,17.990000000000002,0.163,W1
QSO_4.8819187-24.3268521,58087.07775700004,18.006999999999998,0.144,W1
QSO_4.8819187-24.3268521,58284.50757099999,17.774,0.133,W1
QSO_4.8819187-24.3268521,58284.83446500004,18.099,0.145,W1
QSO_4.8819187-24.3268521,58284.89987299997,18.039,0.157,W1
QSO_4.8819187-24.3268521,58285.09609700003,17.682000000000002,0.12,W1
QSO_4.8819187-24.3268521,58285.488399000016,17.802,0.106,W1
QSO_4.8819187-24.3268521,58446.83376550001,18.017,0.139,W1
QSO_4.8819187-24.3268521,58446.96458149996,17.798000000000002,0.181,W1
QSO_4.8819187-24.3268521,58447.16080550001,18.078,0.147,W1
QSO_4.8819187-24.3268521,58447.29147550002,18.311,0.162,W1
QSO_4.8819187-24.3268521,58447.35688350003,17.787,0.104,W1
QSO_4.8819187-24.3268521,58447.42229149997,18.068,0.125,W1
QSO_4.8819187-24.3268521,58447.5531075,17.899,0.112,W1
QSO_4.8819187-24.3268521,58648.439763500006,17.926000000000002,0.118,W1
QSO_4.8819187-24.3268521,58648.57043350001,17.782,0.112,W1
QSO_4.8819187-24.3268521,58648.70110350001,17.741,0.114,W1
QSO_4.8819187-24.3268521,58648.70124949996,17.97,0.174,W1
QSO_4.8819187-24.3268521,58648.89732749998,18.05,0.133,W1
QSO_4.8819187-24.3268521,58649.158704000016,17.776,0.126,W1
QSO_4.8819187-24.3268521,58649.28951999996,17.535,0.114,W1
QSO_4.8819187-24.3268521,58649.4202265,17.701,0.132,W1
QSO_4.8819187-24.3268521,58810.71244899999,17.826,0.107,W1
QSO_4.8819187-24.3268521,58810.84311899999,17.781,0.113,W1
QSO_4.8819187-24.3268521,58810.97382550003,18.33,0.159,W1
QSO_4.8819187-24.3268521,58811.03923350004,18.439,0.225,W1
QSO_4.8819187-24.3268521,58811.16990349996,17.786,0.107,W1
QSO_4.8819187-24.3268521,58811.3007195,18.152,0.15,W1
QSO_4.8819187-24.3268521,58811.69240099999,18.0,0.121,W1
QSO_4.8819187-24.3268521,59015.71369539998,18.089,0.146,W1
QSO_4.8819187-24.3268521,59015.97578800001,18.495,0.192,W1
QSO_4.8819187-24.3268521,59016.106962399965,17.993000000000002,0.117,W1
QSO_4.8819187-24.3268521,59016.17240320004,18.049,0.129,W1
QSO_4.8819187-24.3268521,59016.43449579999,18.009999999999998,0.128,W1
QSO_4.8819187-24.3268521,59016.56556040001,17.762999999999998,0.144,W1
QSO_4.8819187-24.3268521,59016.69658840002,18.246,0.223,W1
QSO_4.8819187-24.3268521,59175.49322799996,18.147,0.134,W1
QSO_4.8819187-24.3268521,59175.6242926,17.564999999999998,0.146,W1
QSO_4.8819187-24.3268521,59175.7553206,17.698999999999998,0.155,W1
QSO_4.8819187-24.3268521,59175.88638520003,17.627000000000002,0.113,W1
QSO_4.8819187-24.3268521,59178.50687200001,18.248,0.276,W1
QSO_4.8819187-24.3268521,59178.63793659996,17.692999999999998,0.11,W1
QSO_4.8819187-24.3268521,59178.76896459996,17.808999999999997,0.134,W1
QSO_4.8819187-24.3268521,59178.90002919999,18.101,0.19,W1
QSO_4.8819187-24.3268521,59380.18626149996,17.814999999999998,0.115,W1
QSO_4.8819187-24.3268521,59380.31682199997,17.802999999999997,0.128,W1
QSO_4.8819187-24.3268521,59380.839282999965,17.912,0.14,W1
QSO_4.8819187-24.3268521,59380.83942899999,17.994999999999997,0.124,W1
QSO_4.8819187-24.3268521,59381.035251499976,17.621000000000002,0.132,W1
QSO_4.8819187-24.3268521,59381.16595800001,17.914,0.145,W1
QSO_4.8819187-24.3268521,59381.29651850001,17.636,0.12,W1
QSO_4.8819187-24.3268521,59381.29662800001,17.909,0.117,W1
QSO_4.8819187-24.3268521,59542.56490650002,18.194,0.17,W1
QSO_4.8819187-24.3268521,59542.69557650002,17.951,0.132,W1
QSO_4.8819187-24.3268521,59543.08740399996,17.849,0.114,W1
QSO_4.8819187-24.3268521,59543.15266600003,17.994999999999997,0.123,W1
QSO_4.8819187-24.3268521,59543.283226500025,17.96,0.114,W1
QSO_4.8819187-24.3268521,59543.41378700003,18.169,0.144,W1
QSO_4.8819187-24.3268521,59543.544493499976,18.077,0.214,W1
QSO_4.8819187-24.3268521,59744.44585900003,17.988999999999997,0.128,W1
QSO_4.8819187-24.3268521,59744.6414625,17.957,0.121,W1
QSO_4.8819187-24.3268521,59744.70672449999,17.736,0.101,W1
QSO_4.8819187-24.3268521,59744.77187699997,18.008,0.127,W1
QSO_4.8819187-24.3268521,59744.90232799996,18.239,0.208,W1
QSO_4.8819187-24.3268521,59745.032742500014,17.656,0.102,W1
QSO_4.8819187-24.3268521,59745.16304749997,17.948999999999998,0.129,W1
QSO_4.8819187-24.3268521,59906.92283499999,17.91,0.121,W1
QSO_4.8819187-24.3268521,59906.98838900004,17.904,0.11,W1
QSO_4.8819187-24.3268521,59907.05354150002,17.805,0.102,W1
QSO_4.8819187-24.3268521,59907.118694,18.057,0.138,W1
QSO_4.8819187-24.3268521,59907.183700500034,18.205,0.167,W1
QSO_4.8819187-24.3268521,59907.3140055,17.951,0.119,W1
QSO_4.8819187-24.3268521,60110.90100449996,17.805999999999997,0.116,W1
QSO_4.8819187-24.3268521,60111.16033700003,17.734,0.128,W1
QSO_4.8819187-24.3268521,60111.28998499997,18.084,0.179,W1
QSO_4.8819187-24.3268521,60111.354882,17.753,0.106,W1
QSO_4.8819187-24.3268521,60111.41966950002,17.939999999999998,0.147,W1
QSO_4.8819187-24.3268521,60111.48456649997,17.855,0.116,W1
QSO_4.8819187-24.3268521,60111.54946349999,18.395,0.214,W1
QSO_4.8819187-24.3268521,60111.61425100001,18.553,0.217,W1
QSO_4.8819187-24.3268521,60111.74389900004,18.215,0.244,W1
QSO_4.8819187-24.3268521,60111.8735835,17.774,0.114,W1
QSO_4.8819187-24.3268521,60273.251508000016,17.861,0.117,W1
QSO_4.8819187-24.3268521,60273.70363349999,17.737000000000002,0.102,W1
QSO_4.8819187-24.3268521,60273.768165499976,17.779,0.106,W1
QSO_4.8819187-24.3268521,60273.83280699996,18.13,0.136,W1
QSO_4.8819187-24.3268521,60273.96183449999,17.98,0.12,W1
QSO_4.8819187-24.3268521,60273.961980500026,17.948,0.118,W1
QSO_4.8819187-24.3268521,60274.09100799997,17.726,0.105,W1
QSO_4.8819187-24.3268521,60274.09111749997,17.59,0.273,W1
QSO_4.8819187-24.3268521,60274.220145,17.825,0.12,W1
QSO_4.8819187-24.3268521,60475.44250420001,17.658,0.126,W1
QSO_4.8819187-24.3268521,60475.57075059997,17.805999999999997,0.116,W1
QSO_4.8819187-24.3268521,60475.698850599976,17.624000000000002,0.106,W1
QSO_4.8819187-24.3268521,60475.89114699999,17.747,0.184,W1
QSO_4.8819187-24.3268521,55362.35759250002,18.212,0.278,W2
QSO_4.8819187-24.3268521,55362.48968599999,18.575,0.362,W2
QSO_4.8819187-24.3268521,55362.4897955,18.269,,W2
QSO_4.8819187-24.3268521,55362.621888999965,18.345,0.295,W2
QSO_4.8819187-24.3268521,55362.688063500005,18.426,0.357,W2
QSO_4.8819187-24.3268521,55362.75409200002,18.218,0.283,W2
QSO_4.8819187-24.3268521,55362.820266499984,18.569,0.384,W2
QSO_4.8819187-24.3268521,55362.88633150002,18.131,0.244,W2
QSO_4.8819187-24.3268521,55362.95250599999,18.24,0.295,W2
QSO_4.8819187-24.3268521,55363.34911499999,18.382,0.284,W2
QSO_4.8819187-24.3268521,55539.78004099999,17.75,0.19,W2
QSO_4.8819187-24.3268521,55539.780187000026,18.323,,W2
QSO_4.8819187-24.3268521,55539.91224399996,18.148,0.309,W2
QSO_4.8819187-24.3268521,55540.044483499965,18.709,0.476,W2
QSO_4.8819187-24.3268521,55540.11051199998,18.649,0.415,W2
QSO_4.8819187-24.3268521,55540.176686500025,17.838,0.202,W2
QSO_4.8819187-24.3268521,55540.24271500003,18.173,0.264,W2
QSO_4.8819187-24.3268521,55540.30877999999,18.395,0.336,W2
QSO_4.8819187-24.3268521,55540.37495450003,18.1,0.259,W2
QSO_4.8819187-24.3268521,55540.77145400003,18.328,0.315,W2
QSO_4.8819187-24.3268521,55544.00973399999,18.18,0.347,W2
QSO_4.8819187-24.3268521,56640.030319999976,17.817999999999998,0.253,W2
QSO_4.8819187-24.3268521,56640.096238999984,18.159,0.33,W2
QSO_4.8819187-24.3268521,56824.379045,18.087,,W2
QSO_4.8819187-24.3268521,56824.51048150002,18.092,0.284,W2
QSO_4.8819187-24.3268521,56824.51062749997,18.293,0.329,W2
QSO_4.8819187-24.3268521,56824.77353699998,18.469,0.38,W2
QSO_4.8819187-24.3268521,56827.73222699998,17.927,0.25,W2
QSO_4.8819187-24.3268521,56827.86366350001,18.025,,W2
QSO_4.8819187-24.3268521,56827.995245999984,17.794999999999998,0.216,W2
QSO_4.8819187-24.3268521,57004.21826799997,18.244,0.309,W2
QSO_4.8819187-24.3268521,57004.21837749997,18.649,0.495,W2
QSO_4.8819187-24.3268521,57004.87512200002,17.829,0.211,W2
QSO_4.8819187-24.3268521,57004.94078549999,18.109,,W2
QSO_4.8819187-24.3268521,57005.07211250001,17.532,0.193,W2
QSO_4.8819187-24.3268521,57005.20343950004,18.429,0.383,W2
QSO_4.8819187-24.3268521,57005.33487599999,18.251,,W2
QSO_4.8819187-24.3268521,57188.719714254905,18.2,0.353,W2
QSO_4.8819187-24.3268521,57188.71986025494,18.621,0.513,W2
QSO_4.8819187-24.3268521,57189.24436527154,18.064,0.359,W2
QSO_4.8819187-24.3268521,57189.30991927366,18.318,0.344,W2
QSO_4.8819187-24.3268521,57189.375436775765,18.169,0.274,W2
QSO_4.8819187-24.3268521,57189.57217178196,17.962,0.292,W2
QSO_4.8819187-24.3268521,57189.70324328611,18.319,0.468,W2
QSO_4.8819187-24.3268521,57189.83446079029,17.815,0.221,W2
QSO_4.8819187-24.3268521,57363.563577725086,18.003999999999998,,W2
QSO_4.8819187-24.3268521,57363.62913172722,18.659,0.427,W2
QSO_4.8819187-24.3268521,57363.694649229314,18.215,0.37,W2
QSO_4.8819187-24.3268521,57364.21878924594,18.101,0.329,W2
QSO_4.8819187-24.3268521,57553.08229222045,18.05,,W2
QSO_4.8819187-24.3268521,57553.34489722869,17.912,0.269,W2
QSO_4.8819187-24.3268521,57553.541768634976,18.826,0.51,W2
QSO_4.8819187-24.3268521,57553.738786441216,18.162,0.397,W2
QSO_4.8819187-24.3268521,57553.93569444744,18.334,0.509,W2
QSO_4.8819187-24.3268521,57723.25601060183,17.791999999999998,,W2
QSO_4.8819187-24.3268521,57723.38729480602,18.826,0.517,W2
QSO_4.8819187-24.3268521,57723.51846921012,18.433,0.349,W2
QSO_4.8819187-24.3268521,57723.51861561016,18.455,0.409,W2
QSO_4.8819187-24.3268521,57723.58420281225,18.28,0.289,W2
QSO_4.8819187-24.3268521,57723.64979001434,18.093,0.283,W2
QSO_4.8819187-24.3268521,57723.84666142054,18.531,0.417,W2
QSO_4.8819187-24.3268521,57917.80615999998,18.87,0.538,W2
QSO_4.8819187-24.3268521,57917.93712199996,18.585,0.509,W2
QSO_4.8819187-24.3268521,57918.002529999976,18.601,0.488,W2
QSO_4.8819187-24.3268521,57918.06793799999,17.78,0.242,W2
QSO_4.8819187-24.3268521,57918.13334600001,18.042,0.288,W2
QSO_4.8819187-24.3268521,57918.19875400003,18.217,0.333,W2
QSO_4.8819187-24.3268521,57918.329679499984,18.445,,W2
QSO_4.8819187-24.3268521,57918.3950875,18.335,0.47,W2
QSO_4.8819187-24.3268521,57918.65671949999,17.54,0.415,W2
QSO_4.8819187-24.3268521,58083.47987899998,17.983999999999998,,W2
QSO_4.8819187-24.3268521,58083.61069500001,17.88,0.443,W2
QSO_4.8819187-24.3268521,58083.74151099997,17.898,,W2
QSO_4.8819187-24.3268521,58084.06855099997,18.144,0.345,W2
QSO_4.8819187-24.3268521,58084.133958999984,18.02,0.32,W2
QSO_4.8819187-24.3268521,58084.13406849999,18.155,0.333,W2
QSO_4.8819187-24.3268521,58084.33029250004,18.22,0.387,W2
QSO_4.8819187-24.3268521,58084.46110849999,18.242,0.432,W2
QSO_4.8819187-24.3268521,58084.591924500026,18.205,0.419,W2
QSO_4.8819187-24.3268521,58086.35815950001,18.29,0.494,W2
QSO_4.8819187-24.3268521,58086.6197915,17.636,0.334,W2
QSO_4.8819187-24.3268521,58086.75060750003,18.061,0.442,W2
QSO_4.8819187-24.3268521,58087.07775700004,17.927,,W2
QSO_4.8819187-24.3268521,58284.50757099999,18.111,,W2
QSO_4.8819187-24.3268521,58284.83446500004,18.003,0.267,W2
QSO_4.8819187-24.3268521,58284.89987299997,17.803,,W2
QSO_4.8819187-24.3268521,58285.09609700003,17.805,,W2
QSO_4.8819187-24.3268521,58285.488399000016,18.383,0.346,W2
QSO_4.8819187-24.3268521,58446.83376550001,18.303,0.411,W2
QSO_4.8819187-24.3268521,58446.96458149996,18.451,0.379,W2
QSO_4.8819187-24.3268521,58447.16080550001,18.182,0.318,W2
QSO_4.8819187-24.3268521,58447.29147550002,18.162,0.455,W2
QSO_4.8819187-24.3268521,58447.35688350003,18.003999999999998,,W2
QSO_4.8819187-24.3268521,58447.42229149997,18.012,,W2
QSO_4.8819187-24.3268521,58447.5531075,17.96,0.358,W2
QSO_4.8819187-24.3268521,58648.439763500006,18.51,0.434,W2
QSO_4.8819187-24.3268521,58648.57043350001,18.083,0.368,W2
QSO_4.8819187-24.3268521,58648.70110350001,18.113,,W2
QSO_4.8819187-24.3268521,58648.70124949996,18.092,0.299,W2
QSO_4.8819187-24.3268521,58648.89732749998,18.256,,W2
QSO_4.8819187-24.3268521,58649.158704000016,18.555,0.493,W2
QSO_4.8819187-24.3268521,58649.28951999996,17.802,0.303,W2
QSO_4.8819187-24.3268521,58649.4202265,17.83,0.265,W2
QSO_4.8819187-24.3268521,58810.71244899999,18.412,0.455,W2
QSO_4.8819187-24.3268521,58810.84311899999,17.724999999999998,0.207,W2
QSO_4.8819187-24.3268521,58810.97382550003,18.445,0.383,W2
QSO_4.8819187-24.3268521,58811.03923350004,18.152,0.404,W2
QSO_4.8819187-24.3268521,58811.16990349996,17.899,0.263,W2
QSO_4.8819187-24.3268521,58811.3007195,18.414,,W2
QSO_4.8819187-24.3268521,58811.69240099999,18.378,0.379,W2
QSO_4.8819187-24.3268521,59015.71369539998,17.948999999999998,,W2
QSO_4.8819187-24.3268521,59015.97578800001,18.127,,W2
QSO_4.8819187-24.3268521,59016.106962399965,17.864,0.293,W2
QSO_4.8819187-24.3268521,59016.17240320004,17.727999999999998,,W2
QSO_4.8819187-24.3268521,59016.43449579999,17.944,0.319,W2
QSO_4.8819187-24.3268521,59016.56556040001,18.491,0.5,W2
QSO_4.8819187-24.3268521,59016.69658840002,18.124,,W2
QSO_4.8819187-24.3268521,59175.49322799996,18.464,0.515,W2
QSO_4.8819187-24.3268521,59175.6242926,18.424,0.384,W2
QSO_4.8819187-24.3268521,59175.7553206,17.877,0.295,W2
QSO_4.8819187-24.3268521,59175.88638520003,17.468,,W2
QSO_4.8819187-24.3268521,59178.50687200001,18.095,0.47,W2
QSO_4.8819187-24.3268521,59178.63793659996,17.544,0.3,W2
QSO_4.8819187-24.3268521,59178.76896459996,17.242,0.331,W2
QSO_4.8819187-24.3268521,59178.90002919999,17.361,,W2
QSO_4.8819187-24.3268521,59380.18626149996,18.354,0.345,W2
QSO_4.8819187-24.3268521,59380.31682199997,17.808,,W2
QSO_4.8819187-24.3268521,59380.839282999965,17.742,0.296,W2
QSO_4.8819187-24.3268521,59380.83942899999,17.778,,W2
QSO_4.8819187-24.3268521,59381.035251499976,17.691,0.216,W2
QSO_4.8819187-24.3268521,59381.16595800001,17.864,0.251,W2
QSO_4.8819187-24.3268521,59381.29651850001,17.94,,W2
QSO_4.8819187-24.3268521,59381.29662800001,18.534,,W2
QSO_4.8819187-24.3268521,59542.56490650002,17.887,0.301,W2
QSO_4.8819187-24.3268521,59542.69557650002,18.151,0.327,W2
QSO_4.8819187-24.3268521,59543.08740399996,18.183,0.285,W2
QSO_4.8819187-24.3268521,59543.15266600003,17.744,,W2
QSO_4.8819187-24.3268521,59543.283226500025,17.896,0.284,W2
QSO_4.8819187-24.3268521,59543.41378700003,18.75,0.491,W2
QSO_4.8819187-24.3268521,59543.544493499976,18.172,0.304,W2
QSO_4.8819187-24.3268521,59744.44585900003,18.085,,W2
QSO_4.8819187-24.3268521,59744.6414625,18.228,0.337,W2
QSO_4.8819187-24.3268521,59744.70672449999,18.426,0.491,W2
QSO_4.8819187-24.3268521,59744.77187699997,18.484,0.386,W2
QSO_4.8819187-24.3268521,59744.90232799996,17.535999999999998,0.301,W2
QSO_4.8819187-24.3268521,59745.032742500014,17.593,,W2
QSO_4.8819187-24.3268521,59745.16304749997,17.835,,W2
QSO_4.8819187-24.3268521,59906.92283499999,18.442,0.524,W2
QSO_4.8819187-24.3268521,59906.98838900004,17.855999999999998,0.291,W2
QSO_4.8819187-24.3268521,59907.05354150002,18.138,0.29,W2
QSO_4.8819187-24.3268521,59907.118694,18.48,0.451,W2
QSO_4.8819187-24.3268521,59907.183700500034,17.95,0.221,W2
QSO_4.8819187-24.3268521,59907.3140055,17.871,0.208,W2
QSO_4.8819187-24.3268521,60110.90100449996,18.371,,W2
QSO_4.8819187-24.3268521,60111.16033700003,17.463,,W2
QSO_4.8819187-24.3268521,60111.28998499997,17.989,0.288,W2
QSO_4.8819187-24.3268521,60111.354882,18.2,,W2
QSO_4.8819187-24.3268521,60111.41966950002,17.672,0.265,W2
QSO_4.8819187-24.3268521,60111.48456649997,17.706,0.252,W2
QSO_4.8819187-24.3268521,60111.54946349999,18.09,,W2
QSO_4.8819187-24.3268521,60111.61425100001,17.878,,W2
QSO_4.8819187-24.3268521,60111.74389900004,17.825,,W2
QSO_4.8819187-24.3268521,60111.8735835,17.659,,W2
QSO_4.8819187-24.3268521,60273.251508000016,18.359,,W2
QSO_4.8819187-24.3268521,60273.70363349999,17.593,0.19,W2
QSO_4.8819187-24.3268521,60273.768165499976,18.284,0.331,W2
QSO_4.8819187-24.3268521,60273.83280699996,18.121,0.436,W2
QSO_4.8819187-24.3268521,60273.96183449999,17.659,0.232,W2
QSO_4.8819187-24.3268521,60273.961980500026,18.104,0.337,W2
QSO_4.8819187-24.3268521,60274.09100799997,18.44,0.409,W2
QSO_4.8819187-24.3268521,60274.09111749997,18.585,0.468,W2
QSO_4.8819187-24.3268521,60274.220145,18.549,0.434,W2
QSO_4.8819187-24.3268521,60475.44250420001,17.94,,W2
QSO_4.8819187-24.3268521,60475.57075059997,17.935,,W2
QSO_4.8819187-24.3268521,60475.698850599976,17.155,,W2
QSO_4.8819187-24.3268521,60475.89114699999,17.892,,W2
QSO_4.9494059-24.4148143,55362.35759250002,17.971,0.127,W1
QSO_4.9494059-24.4148143,55362.4897955,18.144,0.132,W1
QSO_4.9494059-24.4148143,55362.62203499999,18.09,0.13,W1
QSO_4.9494059-24.4148143,55362.688063500005,17.793,0.103,W1
QSO_4.9494059-24.4148143,55362.75409200002,18.053,0.132,W1
QSO_4.9494059-24.4148143,55362.75423799997,18.058,0.124,W1
QSO_4.9494059-24.4148143,55362.820266499984,17.893,0.116,W1
QSO_4.9494059-24.4148143,55362.88633150002,17.791,0.106,W1
QSO_4.9494059-24.4148143,55362.88644100002,18.416,0.169,W1
QSO_4.9494059-24.4148143,55362.95250599999,17.978,0.118,W1
QSO_4.9494059-24.4148143,55363.34911499999,17.975,0.118,W1
QSO_4.9494059-24.4148143,55539.78004099999,18.033,0.138,W1
QSO_4.9494059-24.4148143,55539.91224399996,18.247,0.16,W1
QSO_4.9494059-24.4148143,55540.044483499965,18.255,0.186,W1
QSO_4.9494059-24.4148143,55540.11051199998,18.316000000000003,0.158,W1
QSO_4.9494059-24.4148143,55540.17654049999,18.404,0.184,W1
QSO_4.9494059-24.4148143,55540.24271500003,17.957,0.123,W1
QSO_4.9494059-24.4148143,55540.30877999999,18.185,0.174,W1
QSO_4.9494059-24.4148143,55540.3748085,18.353,0.181,W1
QSO_4.9494059-24.4148143,55540.37495450003,17.762,0.102,W1
QSO_4.9494059-24.4148143,55540.77145400003,18.518,0.274,W1
QSO_4.9494059-24.4148143,55544.00973399999,18.354,0.18,W1
QSO_4.9494059-24.4148143,56640.030319999976,18.304,0.172,W1
QSO_4.9494059-24.4148143,56824.379045,18.261,0.167,W1
QSO_4.9494059-24.4148143,56824.51062749997,18.0,0.121,W1
QSO_4.9494059-24.4148143,56824.970892500016,17.968,0.115,W1
QSO_4.9494059-24.4148143,56825.3653845,17.869999999999997,0.114,W1
QSO_4.9494059-24.4148143,56827.73222699998,17.896,0.122,W1
QSO_4.9494059-24.4148143,56827.86380950004,18.147,0.15,W1
QSO_4.9494059-24.4148143,56827.995245999984,17.697,0.13,W1
QSO_4.9494059-24.4148143,57004.87512200002,18.356,0.17,W1
QSO_4.9494059-24.4148143,57004.94078549999,17.96,0.129,W1
QSO_4.9494059-24.4148143,57005.07211250001,18.227,0.208,W1
QSO_4.9494059-24.4148143,57005.20343950004,17.982,0.122,W1
QSO_4.9494059-24.4148143,57005.33476649998,17.694,0.109,W1
QSO_4.9494059-24.4148143,57188.71986025494,17.863999999999997,0.146,W1
QSO_4.9494059-24.4148143,57189.17884776952,18.266,0.148,W1
QSO_4.9494059-24.4148143,57189.24436527154,18.053,0.184,W1
QSO_4.9494059-24.4148143,57189.30991927366,18.034,0.134,W1
QSO_4.9494059-24.4148143,57189.375436775765,18.455,0.187,W1
QSO_4.9494059-24.4148143,57189.44110027781,17.906,0.104,W1
QSO_4.9494059-24.4148143,57189.57217178196,17.703,0.092,W1
QSO_4.9494059-24.4148143,57189.703389286144,18.212,0.206,W1
QSO_4.9494059-24.4148143,57189.83446079029,18.128,0.133,W1
QSO_4.9494059-24.4148143,57363.563577725086,18.157,0.135,W1
QSO_4.9494059-24.4148143,57363.62913172722,17.991999999999997,0.143,W1
QSO_4.9494059-24.4148143,57363.69453972931,17.991,0.192,W1
QSO_4.9494059-24.4148143,57363.694649229314,18.364,0.164,W1
QSO_4.9494059-24.4148143,57363.76005723133,18.63,0.244,W1
QSO_4.9494059-24.4148143,57364.21878924594,18.164,0.139,W1
QSO_4.9494059-24.4148143,57553.08229222045,17.869999999999997,0.137,W1
QSO_4.9494059-24.4148143,57553.34489722869,17.983,0.149,W1
QSO_4.9494059-24.4148143,57553.541768634976,17.925,0.135,W1
QSO_4.9494059-24.4148143,57553.738786441216,18.015,0.12,W1
QSO_4.9494059-24.4148143,57553.80452004326,18.026,0.197,W1
QSO_4.9494059-24.4148143,57554.06697865155,17.933999999999997,0.134,W1
QSO_4.9494059-24.4148143,57723.25601060183,18.067,0.124,W1
QSO_4.9494059-24.4148143,57723.38729480602,17.981,0.148,W1
QSO_4.9494059-24.4148143,57723.51846921012,18.079,0.128,W1
QSO_4.9494059-24.4148143,57723.58420281225,17.811999999999998,0.125,W1
QSO_4.9494059-24.4148143,57723.64979001434,18.031,0.136,W1
QSO_4.9494059-24.4148143,57723.84666142054,17.985,0.134,W1
QSO_4.9494059-24.4148143,57917.806306000006,18.283,0.162,W1
QSO_4.9494059-24.4148143,57917.93712199996,17.979,0.128,W1
QSO_4.9494059-24.4148143,57918.002529999976,18.04,0.155,W1
QSO_4.9494059-24.4148143,57918.06793799999,18.216,0.227,W1
QSO_4.9494059-24.4148143,57918.13334600001,18.265,0.205,W1
QSO_4.9494059-24.4148143,57918.19875400003,18.0,0.14,W1
QSO_4.9494059-24.4148143,57918.26427149997,17.991,0.124,W1
QSO_4.9494059-24.4148143,57918.329679499984,18.153,0.133,W1
QSO_4.9494059-24.4148143,57918.3950875,18.118,0.165,W1
QSO_4.9494059-24.4148143,57918.65671949999,18.084,0.149,W1
QSO_4.9494059-24.4148143,58083.61069500001,17.898,0.137,W1
QSO_4.9494059-24.4148143,58084.06855099997,18.168,0.196,W1
QSO_4.9494059-24.4148143,58084.133958999984,18.016,0.19,W1
QSO_4.9494059-24.4148143,58084.199367,17.939,0.131,W1
QSO_4.9494059-24.4148143,58084.33029250004,18.028,0.132,W1
QSO_4.9494059-24.4148143,58084.46110849999,18.399,0.176,W1
QSO_4.9494059-24.4148143,58084.591924500026,18.046,0.137,W1
QSO_4.9494059-24.4148143,58086.35815950001,17.983,0.125,W1
QSO_4.9494059-24.4148143,58086.6197915,17.675,0.14,W1
QSO_4.9494059-24.4148143,58086.75060750003,17.997999999999998,0.188,W1
QSO_4.9494059-24.4148143,58087.07775700004,18.221,0.165,W1
QSO_4.9494059-24.4148143,58087.470204999976,18.046,0.139,W1
QSO_4.9494059-24.4148143,58284.83446500004,18.123,0.139,W1
QSO_4.9494059-24.4148143,58285.09609700003,18.012999999999998,0.135,W1
QSO_4.9494059-24.4148143,58285.16150499996,18.105,0.132,W1
QSO_4.9494059-24.4148143,58285.488399000016,18.056,0.142,W1
QSO_4.9494059-24.4148143,58446.83376550001,17.622999999999998,0.225,W1
QSO_4.9494059-24.4148143,58446.96458149996,18.324,0.174,W1
QSO_4.9494059-24.4148143,58447.095251499966,18.034,0.148,W1
QSO_4.9494059-24.4148143,58447.16065949998,18.052,0.22,W1
QSO_4.9494059-24.4148143,58447.29147550002,18.215,0.205,W1
QSO_4.9494059-24.4148143,58447.35688350003,18.21,0.141,W1
QSO_4.9494059-24.4148143,58447.42229149997,17.908,0.123,W1
QSO_4.9494059-24.4148143,58447.5531075,18.031,0.149,W1
QSO_4.9494059-24.4148143,58648.30905699998,17.975,0.133,W1
QSO_4.9494059-24.4148143,58648.439763500006,18.18,0.149,W1
QSO_4.9494059-24.4148143,58648.57043350001,18.009,0.13,W1
QSO_4.9494059-24.4148143,58648.70124949996,18.088,0.159,W1
QSO_4.9494059-24.4148143,58648.89732749998,17.939999999999998,0.117,W1
QSO_4.9494059-24.4148143,58649.158704000016,17.904,0.13,W1
QSO_4.9494059-24.4148143,58649.28951999996,18.413,0.188,W1
QSO_4.9494059-24.4148143,58649.4202265,18.025,0.193,W1
QSO_4.9494059-24.4148143,58810.84311899999,18.196,0.224,W1
QSO_4.9494059-24.4148143,58810.97382550003,18.043,0.181,W1
QSO_4.9494059-24.4148143,58811.3007195,18.081,0.135,W1
QSO_4.9494059-24.4148143,58811.69240099999,18.599,0.197,W1
QSO_4.9494059-24.4148143,59015.71369539998,17.947,0.124,W1
QSO_4.9494059-24.4148143,59015.844869800014,18.057,0.208,W1
QSO_4.9494059-24.4148143,59015.97593439996,18.606,0.191,W1
QSO_4.9494059-24.4148143,59016.106962399965,18.13,0.156,W1
QSO_4.9494059-24.4148143,59016.17240320004,18.003,0.123,W1
QSO_4.9494059-24.4148143,59016.43449579999,17.930999999999997,0.161,W1
QSO_4.9494059-24.4148143,59016.56556040001,18.256,0.153,W1
QSO_4.9494059-24.4148143,59016.69658840002,18.461,0.321,W1
QSO_4.9494059-24.4148143,59016.69673479997,18.083,0.171,W1
QSO_4.9494059-24.4148143,59016.82776279997,18.012,0.12,W1
QSO_4.9494059-24.4148143,59175.49322799996,17.927999999999997,0.14,W1
QSO_4.9494059-24.4148143,59175.6242926,17.856,0.111,W1
QSO_4.9494059-24.4148143,59175.7553206,17.933,0.189,W1
QSO_4.9494059-24.4148143,59175.88638520003,18.14,0.182,W1
QSO_4.9494059-24.4148143,59175.95182600001,17.948999999999998,0.136,W1
QSO_4.9494059-24.4148143,59178.50687200001,18.111,0.19,W1
QSO_4.9494059-24.4148143,59178.63793659996,18.234,0.174,W1
QSO_4.9494059-24.4148143,59178.76896459996,17.935000000000002,0.143,W1
QSO_4.9494059-24.4148143,59380.18626149996,18.484,0.196,W1
QSO_4.9494059-24.4148143,59380.83942899999,17.905,0.12,W1
QSO_4.9494059-24.4148143,59381.03539750001,17.902,0.114,W1
QSO_4.9494059-24.4148143,59381.16595800001,17.795,0.128,W1
QSO_4.9494059-24.4148143,59381.29662800001,18.085,0.127,W1
QSO_4.9494059-24.4148143,59542.56490650002,18.163,0.151,W1
QSO_4.9494059-24.4148143,59542.69557650002,17.743000000000002,0.111,W1
QSO_4.9494059-24.4148143,59543.08740399996,17.986,0.14,W1
QSO_4.9494059-24.4148143,59543.15266600003,18.003999999999998,0.116,W1
QSO_4.9494059-24.4148143,59543.283226500025,17.92,0.13,W1
QSO_4.9494059-24.4148143,59543.41378700003,18.03,0.123,W1
QSO_4.9494059-24.4148143,59543.54434750003,17.886,0.112,W1
QSO_4.9494059-24.4148143,59744.446004999976,17.913,0.153,W1
QSO_4.9494059-24.4148143,59744.70672449999,18.012,0.123,W1
QSO_4.9494059-24.4148143,59744.77187699997,18.096,0.136,W1
QSO_4.9494059-24.4148143,59744.90232799996,17.911,0.148,W1
QSO_4.9494059-24.4148143,59745.032742500014,18.189,0.167,W1
QSO_4.9494059-24.4148143,59906.92283499999,18.002000000000002,0.129,W1
QSO_4.9494059-24.4148143,59906.98838900004,18.326,0.161,W1
QSO_4.9494059-24.4148143,59907.05354150002,17.7,0.128,W1
QSO_4.9494059-24.4148143,59907.118694,17.866,0.199,W1
QSO_4.9494059-24.4148143,59907.183700500034,18.108,0.14,W1
QSO_4.9494059-24.4148143,59907.3140055,17.95,0.118,W1
QSO_4.9494059-24.4148143,60110.90100449996,18.027,0.132,W1
QSO_4.9494059-24.4148143,60111.16033700003,17.735,0.144,W1
QSO_4.9494059-24.4148143,60111.28998499997,17.728,0.208,W1
QSO_4.9494059-24.4148143,60111.354882,18.095,0.141,W1
QSO_4.9494059-24.4148143,60111.419779000025,17.767,0.133,W1
QSO_4.9494059-24.4148143,60111.48456649997,18.268,0.185,W1
QSO_4.9494059-24.4148143,60111.54946349999,17.837,0.114,W1
QSO_4.9494059-24.4148143,60111.61425100001,18.000999999999998,0.145,W1
QSO_4.9494059-24.4148143,60111.74389900004,18.623,0.266,W1
QSO_4.9494059-24.4148143,60111.74404499999,18.452,0.17,W1
QSO_4.9494059-24.4148143,60111.87369300001,18.059,0.149,W1
QSO_4.9494059-24.4148143,60273.251508000016,18.286,0.206,W1
QSO_4.9494059-24.4148143,60273.70352399998,18.376,0.192,W1
QSO_4.9494059-24.4148143,60273.70363349999,17.948999999999998,0.168,W1
QSO_4.9494059-24.4148143,60273.768165499976,18.124,0.159,W1
QSO_4.9494059-24.4148143,60273.96183449999,17.975,0.158,W1
QSO_4.9494059-24.4148143,60274.09100799997,18.216,0.153,W1
QSO_4.9494059-24.4148143,60274.220145,18.077,0.138,W1
QSO_4.9494059-24.4148143,60475.44250420001,17.956,0.148,W1
QSO_4.9494059-24.4148143,60475.57075059997,18.157,0.207,W1
QSO_4.9494059-24.4148143,60475.698850599976,18.255,0.18,W1
QSO_4.9494059-24.4148143,60475.89114699999,18.675,0.3,W1
QSO_4.9494059-24.4148143,60476.14749340004,18.298,0.18,W1
QSO_4.9494059-24.4148143,55362.35759250002,18.176,,W2
QSO_4.9494059-24.4148143,55362.4897955,18.559,0.382,W2
QSO_4.9494059-24.4148143,55362.62203499999,18.207,,W2
QSO_4.9494059-24.4148143,55362.688063500005,18.204,,W2
QSO_4.9494059-24.4148143,55362.75409200002,18.777,0.453,W2
QSO_4.9494059-24.4148143,55362.75423799997,18.295,0.288,W2
QSO_4.9494059-24.4148143,55362.820266499984,18.473,0.391,W2
QSO_4.9494059-24.4148143,55362.88633150002,18.165,0.243,W2
QSO_4.9494059-24.4148143,55362.88644100002,18.57,0.358,W2
QSO_4.9494059-24.4148143,55362.95250599999,18.364,0.314,W2
QSO_4.9494059-24.4148143,55363.34911499999,18.387,0.296,W2
QSO_4.9494059-24.4148143,55539.78004099999,18.421,0.335,W2
QSO_4.9494059-24.4148143,55539.91224399996,18.477,,W2
QSO_4.9494059-24.4148143,55540.044483499965,17.809,0.222,W2
QSO_4.9494059-24.4148143,55540.11051199998,18.277,,W2
QSO_4.9494059-24.4148143,55540.17654049999,18.167,0.267,W2
QSO_4.9494059-24.4148143,55540.24271500003,18.532,0.364,W2
QSO_4.9494059-24.4148143,55540.30877999999,18.218,0.291,W2
QSO_4.9494059-24.4148143,55540.3748085,17.96,0.252,W2
QSO_4.9494059-24.4148143,55540.37495450003,18.197,0.27,W2
QSO_4.9494059-24.4148143,55540.77145400003,18.642,0.423,W2
QSO_4.9494059-24.4148143,55544.00973399999,18.383,0.376,W2
QSO_4.9494059-24.4148143,56640.030319999976,17.785999999999998,0.3,W2
QSO_4.9494059-24.4148143,56824.379045,18.73,0.453,W2
QSO_4.9494059-24.4148143,56824.51062749997,18.086,0.352,W2
QSO_4.9494059-24.4148143,56824.970892500016,17.836,,W2
QSO_4.9494059-24.4148143,56825.3653845,17.902,0.258,W2
QSO_4.9494059-24.4148143,56827.73222699998,18.365,0.386,W2
QSO_4.9494059-24.4148143,56827.86380950004,18.677,0.504,W2
QSO_4.9494059-24.4148143,56827.995245999984,18.511,,W2
QSO_4.9494059-24.4148143,57004.87512200002,18.384,0.355,W2
QSO_4.9494059-24.4148143,57004.94078549999,17.37,,W2
QSO_4.9494059-24.4148143,57005.07211250001,18.433,0.366,W2
QSO_4.9494059-24.4148143,57005.20343950004,18.291,0.344,W2
QSO_4.9494059-24.4148143,57005.33476649998,17.924,0.234,W2
QSO_4.9494059-24.4148143,57188.71986025494,18.081,0.246,W2
QSO_4.9494059-24.4148143,57189.17884776952,18.35,0.317,W2
QSO_4.9494059-24.4148143,57189.24436527154,18.098,,W2
QSO_4.9494059-24.4148143,57189.30991927366,18.505,0.417,W2
QSO_4.9494059-24.4148143,57189.375436775765,18.325,0.38,W2
QSO_4.9494059-24.4148143,57189.44110027781,18.127,,W2
QSO_4.9494059-24.4148143,57189.57217178196,17.58,,W2
QSO_4.9494059-24.4148143,57189.703389286144,18.266,0.348,W2
QSO_4.9494059-24.4148143,57189.83446079029,18.565,0.403,W2
QSO_4.9494059-24.4148143,57363.563577725086,18.634,0.422,W2
QSO_4.9494059-24.4148143,57363.62913172722,18.001,0.357,W2
QSO_4.9494059-24.4148143,57363.69453972931,18.771,0.481,W2
QSO_4.9494059-24.4148143,57363.694649229314,18.157,,W2
QSO_4.9494059-24.4148143,57363.76005723133,18.696,0.446,W2
QSO_4.9494059-24.4148143,57364.21878924594,18.391,0.329,W2
QSO_4.9494059-24.4148143,57553.08229222045,18.353,0.36,W2
QSO_4.9494059-24.4148143,57553.34489722869,18.052,0.275,W2
QSO_4.9494059-24.4148143,57553.541768634976,18.69,0.535,W2
QSO_4.9494059-24.4148143,57553.738786441216,18.038,0.262,W2
QSO_4.9494059-24.4148143,57553.80452004326,18.635,0.477,W2
QSO_4.9494059-24.4148143,57554.06697865155,18.037,0.327,W2
QSO_4.9494059-24.4148143,57723.25601060183,17.205,,W2
QSO_4.9494059-24.4148143,57723.38729480602,18.74,0.474,W2
QSO_4.9494059-24.4148143,57723.51846921012,18.054,,W2
QSO_4.9494059-24.4148143,57723.58420281225,18.535,0.459,W2
QSO_4.9494059-24.4148143,57723.64979001434,17.986,0.242,W2
QSO_4.9494059-24.4148143,57723.84666142054,17.753,0.288,W2
QSO_4.9494059-24.4148143,57917.806306000006,18.771,0.54,W2
QSO_4.9494059-24.4148143,57917.93712199996,18.559,0.504,W2
QSO_4.9494059-24.4148143,57918.002529999976,18.493,0.406,W2
QSO_4.9494059-24.4148143,57918.06793799999,18.212,,W2
QSO_4.9494059-24.4148143,57918.13334600001,17.541,,W2
QSO_4.9494059-24.4148143,57918.19875400003,17.918,,W2
QSO_4.9494059-24.4148143,57918.26427149997,17.989,,W2
QSO_4.9494059-24.4148143,57918.329679499984,18.272,0.443,W2
QSO_4.9494059-24.4148143,57918.3950875,17.927,,W2
QSO_4.9494059-24.4148143,57918.65671949999,18.461,0.524,W2
QSO_4.9494059-24.4148143,58083.61069500001,18.37,,W2
QSO_4.9494059-24.4148143,58084.06855099997,17.959,,W2
QSO_4.9494059-24.4148143,58084.133958999984,17.956,,W2
QSO_4.9494059-24.4148143,58084.199367,18.057,0.318,W2
QSO_4.9494059-24.4148143,58084.33029250004,17.841,,W2
QSO_4.9494059-24.4148143,58084.46110849999,18.152,0.391,W2
QSO_4.9494059-24.4148143,58084.591924500026,18.371,0.529,W2
QSO_4.9494059-24.4148143,58086.35815950001,18.108,0.434,W2
QSO_4.9494059-24.4148143,58086.6197915,17.358,0.313,W2
QSO_4.9494059-24.4148143,58086.75060750003,17.485,,W2
QSO_4.9494059-24.4148143,58087.07775700004,18.212,0.422,W2
QSO_4.9494059-24.4148143,58087.470204999976,18.034,,W2
QSO_4.9494059-24.4148143,58284.83446500004,18.087,,W2
QSO_4.9494059-24.4148143,58285.09609700003,18.164,,W2
QSO_4.9494059-24.4148143,58285.16150499996,18.471,0.449,W2
QSO_4.9494059-24.4148143,58285.488399000016,17.855999999999998,,W2
QSO_4.9494059-24.4148143,58446.83376550001,17.576,,W2
QSO_4.9494059-24.4148143,58446.96458149996,18.294,0.366,W2
QSO_4.9494059-24.4148143,58447.095251499966,17.857,0.225,W2
QSO_4.9494059-24.4148143,58447.16065949998,18.189,,W2
QSO_4.9494059-24.4148143,58447.29147550002,18.757,0.486,W2
QSO_4.9494059-24.4148143,58447.35688350003,18.634,,W2
QSO_4.9494059-24.4148143,58447.42229149997,18.037,0.304,W2
QSO_4.9494059-24.4148143,58447.5531075,18.72,0.444,W2
QSO_4.9494059-24.4148143,58648.30905699998,18.546,0.472,W2
QSO_4.9494059-24.4148143,58648.439763500006,17.995,0.316,W2
QSO_4.9494059-24.4148143,58648.57043350001,18.271,0.349,W2
QSO_4.9494059-24.4148143,58648.70124949996,17.842,,W2
QSO_4.9494059-24.4148143,58648.89732749998,18.148,,W2
QSO_4.9494059-24.4148143,58649.158704000016,17.956,0.26,W2
QSO_4.9494059-24.4148143,58649.28951999996,18.582,0.423,W2
QSO_4.9494059-24.4148143,58649.4202265,18.514,,W2
QSO_4.9494059-24.4148143,58810.84311899999,18.354,0.358,W2
QSO_4.9494059-24.4148143,58810.97382550003,18.375,,W2
QSO_4.9494059-24.4148143,58811.3007195,18.381,,W2
QSO_4.9494059-24.4148143,58811.69240099999,18.408,0.49,W2
QSO_4.9494059-24.4148143,59015.71369539998,18.394,0.484,W2
QSO_4.9494059-24.4148143,59015.844869800014,18.143,0.295,W2
QSO_4.9494059-24.4148143,59015.97593439996,17.849999999999998,0.271,W2
QSO_4.9494059-24.4148143,59016.106962399965,17.517,,W2
QSO_4.9494059-24.4148143,59016.17240320004,18.454,,W2
QSO_4.9494059-24.4148143,59016.43449579999,18.552,0.509,W2
QSO_4.9494059-24.4148143,59016.56556040001,17.781,,W2
QSO_4.9494059-24.4148143,59016.69658840002,18.264,,W2
QSO_4.9494059-24.4148143,59016.69673479997,18.281,0.426,W2
QSO_4.9494059-24.4148143,59016.82776279997,18.106,,W2
QSO_4.9494059-24.4148143,59175.49322799996,17.924,0.399,W2
QSO_4.9494059-24.4148143,59175.6242926,17.476,,W2
QSO_4.9494059-24.4148143,59175.7553206,18.402,0.484,W2
QSO_4.9494059-24.4148143,59175.88638520003,17.372,,W2
QSO_4.9494059-24.4148143,59175.95182600001,18.036,,W2
QSO_4.9494059-24.4148143,59178.50687200001,17.36,,W2
QSO_4.9494059-24.4148143,59178.63793659996,17.619,,W2
QSO_4.9494059-24.4148143,59178.76896459996,17.588,,W2
QSO_4.9494059-24.4148143,59380.18626149996,18.51,,W2
QSO_4.9494059-24.4148143,59380.83942899999,18.563,0.414,W2
QSO_4.9494059-24.4148143,59381.03539750001,18.303,0.406,W2
QSO_4.9494059-24.4148143,59381.16595800001,18.341,,W2
QSO_4.9494059-24.4148143,59381.29662800001,18.188,0.339,W2
QSO_4.9494059-24.4148143,59542.56490650002,17.98,,W2
QSO_4.9494059-24.4148143,59542.69557650002,18.111,,W2
QSO_4.9494059-24.4148143,59543.08740399996,18.907,,W2
QSO_4.9494059-24.4148143,59543.15266600003,18.563,0.442,W2
QSO_4.9494059-24.4148143,59543.283226500025,18.432,0.369,W2
QSO_4.9494059-24.4148143,59543.41378700003,18.607,0.392,W2
QSO_4.9494059-24.4148143,59543.54434750003,18.386,0.365,W2
QSO_4.9494059-24.4148143,59744.446004999976,18.099,,W2
QSO_4.9494059-24.4148143,59744.70672449999,17.958,,W2
QSO_4.9494059-24.4148143,59744.77187699997,18.627,0.441,W2
QSO_4.9494059-24.4148143,59744.90232799996,18.338,0.37,W2
QSO_4.9494059-24.4148143,59745.032742500014,17.829,,W2
QSO_4.9494059-24.4148143,59906.92283499999,17.97,0.247,W2
QSO_4.9494059-24.4148143,59906.98838900004,17.809,0.217,W2
QSO_4.9494059-24.4148143,59907.05354150002,18.162,0.311,W2
QSO_4.9494059-24.4148143,59907.118694,18.296,,W2
QSO_4.9494059-24.4148143,59907.183700500034,18.191,,W2
QSO_4.9494059-24.4148143,59907.3140055,17.735,0.244,W2
QSO_4.9494059-24.4148143,60110.90100449996,17.724999999999998,0.303,W2
QSO_4.9494059-24.4148143,60111.16033700003,17.96,0.402,W2
QSO_4.9494059-24.4148143,60111.28998499997,18.535,,W2
QSO_4.9494059-24.4148143,60111.354882,18.096,0.285,W2
QSO_4.9494059-24.4148143,60111.419779000025,18.331,0.335,W2
QSO_4.9494059-24.4148143,60111.48456649997,18.4,0.433,W2
QSO_4.9494059-24.4148143,60111.54946349999,18.487,,W2
QSO_4.9494059-24.4148143,60111.61425100001,18.153,,W2
QSO_4.9494059-24.4148143,60111.74389900004,18.022,,W2
QSO_4.9494059-24.4148143,60111.74404499999,18.155,,W2
QSO_4.9494059-24.4148143,60111.87369300001,17.741,0.24,W2
QSO_4.9494059-24.4148143,60273.251508000016,18.041,,W2
QSO_4.9494059-24.4148143,60273.70352399998,17.988,,W2
QSO_4.9494059-24.4148143,60273.70363349999,18.499,0.467,W2
QSO_4.9494059-24.4148143,60273.768165499976,18.05,,W2
QSO_4.9494059-24.4148143,60273.96183449999,18.062,,W2
QSO_4.9494059-24.4148143,60274.09100799997,18.141,0.296,W2
QSO_4.9494059-24.4148143,60274.220145,18.068,,W2
QSO_4.9494059-24.4148143,60475.44250420001,17.480999999999998,,W2
QSO_4.9494059-24.4148143,60475.57075059997,18.523,0.489,W2
QSO_4.9494059-24.4148143,60475.698850599976,18.049,,W2
QSO_4.9494059-24.4148143,60475.89114699999,17.694,0.329,W2
QSO_4.9494059-24.4148143,60476.14749340004,18.085,,W2
QSO_4.9876235-24.2942372,55362.35759250002,18.036,0.121,W1
QSO_4.9876235-24.2942372,55362.48968599999,18.005,0.136,W1
QSO_4.9876235-24.2942372,55362.4897955,17.891,0.112,W1
QSO_4.9876235-24.2942372,55362.621888999965,17.964,0.125,W1
QSO_4.9876235-24.2942372,55362.62203499999,18.014,0.122,W1
QSO_4.9876235-24.2942372,55362.688063500005,18.408,0.18,W1
QSO_4.9876235-24.2942372,55362.75409200002,18.205,0.157,W1
QSO_4.9876235-24.2942372,55362.820266499984,17.945999999999998,0.118,W1
QSO_4.9876235-24.2942372,55362.88633150002,18.45,0.181,W1
QSO_4.9876235-24.2942372,55362.95250599999,18.451,0.182,W1
QSO_4.9876235-24.2942372,55363.0185345,18.129,0.136,W1
QSO_4.9876235-24.2942372,55363.34911499999,18.267,0.165,W1
QSO_4.9876235-24.2942372,55539.78004099999,17.996000000000002,0.128,W1
QSO_4.9876235-24.2942372,55539.780187000026,18.091,0.135,W1
QSO_4.9876235-24.2942372,55539.91224399996,18.002000000000002,0.132,W1
QSO_4.9876235-24.2942372,55540.044483499965,18.091,0.138,W1
QSO_4.9876235-24.2942372,55540.176686500025,17.999000000000002,0.124,W1
QSO_4.9876235-24.2942372,55540.24271500003,17.993000000000002,0.122,W1
QSO_4.9876235-24.2942372,55540.30877999999,17.924,0.119,W1
QSO_4.9876235-24.2942372,55540.37495450003,18.026,0.127,W1
QSO_4.9876235-24.2942372,55540.44098299997,18.104,0.134,W1
QSO_4.9876235-24.2942372,55540.77145400003,18.494,0.192,W1
QSO_4.9876235-24.2942372,55544.00973399999,18.174,0.149,W1
QSO_4.9876235-24.2942372,56640.030319999976,17.932000000000002,0.141,W1
QSO_4.9876235-24.2942372,56640.096238999984,18.13,0.158,W1
QSO_4.9876235-24.2942372,56640.16201200004,18.218,0.152,W1
QSO_4.9876235-24.2942372,56824.379045,17.894,0.13,W1
QSO_4.9876235-24.2942372,56824.51062749997,18.054,0.266,W1
QSO_4.9876235-24.2942372,56824.77353699998,18.044,0.125,W1
QSO_4.9876235-24.2942372,56825.3653845,18.064,0.155,W1
QSO_4.9876235-24.2942372,56827.73222699998,18.044,0.139,W1
QSO_4.9876235-24.2942372,56827.86366350001,18.048,0.127,W1
QSO_4.9876235-24.2942372,56827.995245999984,17.906,0.124,W1
QSO_4.9876235-24.2942372,56828.38973799997,18.713,0.307,W1
QSO_4.9876235-24.2942372,57004.87512200002,17.965,0.13,W1
QSO_4.9876235-24.2942372,57004.94078549999,18.109,0.143,W1
QSO_4.9876235-24.2942372,57005.00644900005,19.087000000000003,0.33,W1
QSO_4.9876235-24.2942372,57005.07211250001,18.027,0.129,W1
QSO_4.9876235-24.2942372,57005.20343950004,18.069,0.173,W1
QSO_4.9876235-24.2942372,57005.33487599999,17.905,0.144,W1
QSO_4.9876235-24.2942372,57189.24436527154,18.006,0.125,W1
QSO_4.9876235-24.2942372,57189.30991927366,18.259,0.158,W1
QSO_4.9876235-24.2942372,57189.375436775765,17.750999999999998,0.135,W1
QSO_4.9876235-24.2942372,57189.50665427986,18.236,0.146,W1
QSO_4.9876235-24.2942372,57189.57217178196,18.48,0.199,W1
QSO_4.9876235-24.2942372,57189.70324328611,18.101,0.151,W1
QSO_4.9876235-24.2942372,57189.83446079029,17.85,0.109,W1
QSO_4.9876235-24.2942372,57363.62913172722,18.067,0.143,W1
QSO_4.9876235-24.2942372,57363.694649229314,17.831,0.105,W1
QSO_4.9876235-24.2942372,57363.89123823548,18.293,0.176,W1
QSO_4.9876235-24.2942372,57364.21878924594,17.805999999999997,0.108,W1
QSO_4.9876235-24.2942372,57553.34489722869,17.865000000000002,0.125,W1
QSO_4.9876235-24.2942372,57553.738786441216,17.761,0.135,W1
QSO_4.9876235-24.2942372,57553.87010724536,18.188,0.181,W1
QSO_4.9876235-24.2942372,57553.93569444744,18.175,0.221,W1
QSO_4.9876235-24.2942372,57554.06697865155,18.356,0.164,W1
QSO_4.9876235-24.2942372,57554.32958365988,18.006999999999998,0.174,W1
QSO_4.9876235-24.2942372,57723.25601060183,17.994999999999997,0.131,W1
QSO_4.9876235-24.2942372,57723.38729480602,17.903,0.111,W1
QSO_4.9876235-24.2942372,57723.51846921012,17.84,0.115,W1
QSO_4.9876235-24.2942372,57723.51861561016,17.933,0.115,W1
QSO_4.9876235-24.2942372,57723.58420281225,18.148,0.158,W1
QSO_4.9876235-24.2942372,57723.64979001434,18.33,0.156,W1
QSO_4.9876235-24.2942372,57723.781074218445,17.871000000000002,0.139,W1
QSO_4.9876235-24.2942372,57723.84666142054,17.820999999999998,0.119,W1
QSO_4.9876235-24.2942372,57917.80615999998,18.12,0.147,W1
QSO_4.9876235-24.2942372,57917.806306000006,17.872999999999998,0.117,W1
QSO_4.9876235-24.2942372,57917.93712199996,18.162,0.203,W1
QSO_4.9876235-24.2942372,57918.06793799999,18.229,0.156,W1
QSO_4.9876235-24.2942372,57918.13334600001,18.207,0.15,W1
QSO_4.9876235-24.2942372,57918.19875400003,17.862000000000002,0.163,W1
QSO_4.9876235-24.2942372,57918.26427149997,18.038,0.246,W1
QSO_4.9876235-24.2942372,57918.329679499984,17.948999999999998,0.119,W1
QSO_4.9876235-24.2942372,57918.3950875,18.337,0.161,W1
QSO_4.9876235-24.2942372,57918.65671949999,17.893,0.115,W1
QSO_4.9876235-24.2942372,58083.61069500001,18.274,0.161,W1
QSO_4.9876235-24.2942372,58083.74151099997,18.146,0.144,W1
QSO_4.9876235-24.2942372,58084.06855099997,17.865000000000002,0.141,W1
QSO_4.9876235-24.2942372,58084.13406849999,17.948,0.119,W1
QSO_4.9876235-24.2942372,58084.199367,17.854,0.114,W1
QSO_4.9876235-24.2942372,58084.26488450002,18.241,0.148,W1
QSO_4.9876235-24.2942372,58084.33029250004,18.123,0.174,W1
QSO_4.9876235-24.2942372,58084.46110849999,18.099,0.164,W1
QSO_4.9876235-24.2942372,58084.591924500026,17.902,0.127,W1
QSO_4.9876235-24.2942372,58086.6197915,18.407,0.245,W1
QSO_4.9876235-24.2942372,58086.75060750003,17.791,0.15,W1
QSO_4.9876235-24.2942372,58087.07775700004,18.034,0.163,W1
QSO_4.9876235-24.2942372,58087.470204999976,18.186,0.162,W1
QSO_4.9876235-24.2942372,58284.50757099999,17.898,0.126,W1
QSO_4.9876235-24.2942372,58284.89987299997,18.088,0.148,W1
QSO_4.9876235-24.2942372,58285.09609700003,18.213,0.191,W1
QSO_4.9876235-24.2942372,58285.16150499996,17.897,0.123,W1
QSO_4.9876235-24.2942372,58285.488399000016,18.349,0.168,W1
QSO_4.9876235-24.2942372,58285.61921499997,18.337,0.213,W1
QSO_4.9876235-24.2942372,58446.83376550001,18.09,0.144,W1
QSO_4.9876235-24.2942372,58446.96458149996,17.953,0.116,W1
QSO_4.9876235-24.2942372,58447.29147550002,18.033,0.128,W1
QSO_4.9876235-24.2942372,58447.35688350003,17.705,0.093,W1
QSO_4.9876235-24.2942372,58447.42229149997,17.866999999999997,0.145,W1
QSO_4.9876235-24.2942372,58447.48769949999,18.156,0.168,W1
QSO_4.9876235-24.2942372,58648.439763500006,18.046,0.131,W1
QSO_4.9876235-24.2942372,58648.70110350001,17.822,0.138,W1
QSO_4.9876235-24.2942372,58648.70124949996,18.243,0.146,W1
QSO_4.9876235-24.2942372,58648.89732749998,17.872,0.113,W1
QSO_4.9876235-24.2942372,58649.158704000016,18.139,0.137,W1
QSO_4.9876235-24.2942372,58649.28951999996,18.269,0.165,W1
QSO_4.9876235-24.2942372,58649.4202265,18.000999999999998,0.134,W1
QSO_4.9876235-24.2942372,58649.55104250003,17.953,0.126,W1
QSO_4.9876235-24.2942372,58810.84311899999,18.069,0.129,W1
QSO_4.9876235-24.2942372,58810.97382550003,18.116,0.168,W1
QSO_4.9876235-24.2942372,58811.16990349996,18.06,0.149,W1
QSO_4.9876235-24.2942372,58811.3007195,18.478,0.275,W1
QSO_4.9876235-24.2942372,58811.69240099999,17.968,0.128,W1
QSO_4.9876235-24.2942372,59015.97578800001,17.835,0.11,W1
QSO_4.9876235-24.2942372,59016.106962399965,18.556,0.261,W1
QSO_4.9876235-24.2942372,59016.43449579999,18.14,0.148,W1
QSO_4.9876235-24.2942372,59016.500083,18.063,0.132,W1
QSO_4.9876235-24.2942372,59016.56556040001,17.512999999999998,0.156,W1
QSO_4.9876235-24.2942372,59016.69658840002,18.062,0.148,W1
QSO_4.9876235-24.2942372,59016.95868099997,18.176,0.167,W1
QSO_4.9876235-24.2942372,59016.9588274,17.848,0.116,W1
QSO_4.9876235-24.2942372,59175.6242926,18.037,0.132,W1
QSO_4.9876235-24.2942372,59175.7553206,17.993000000000002,0.13,W1
QSO_4.9876235-24.2942372,59175.88638520003,17.686999999999998,0.115,W1
QSO_4.9876235-24.2942372,59178.50687200001,18.204,0.154,W1
QSO_4.9876235-24.2942372,59178.63793659996,17.990000000000002,0.163,W1
QSO_4.9876235-24.2942372,59178.76896459996,17.646,0.123,W1
QSO_4.9876235-24.2942372,59380.31682199997,17.903,0.113,W1
QSO_4.9876235-24.2942372,59380.83942899999,17.96,0.137,W1
QSO_4.9876235-24.2942372,59380.9699895,18.14,0.144,W1
QSO_4.9876235-24.2942372,59381.035251499976,18.296,0.249,W1
QSO_4.9876235-24.2942372,59381.16595800001,17.981,0.15,W1
QSO_4.9876235-24.2942372,59381.29651850001,17.988,0.191,W1
QSO_4.9876235-24.2942372,59381.29662800001,17.991999999999997,0.125,W1
QSO_4.9876235-24.2942372,59381.42718850001,18.021,0.133,W1
QSO_4.9876235-24.2942372,59542.56490650002,18.143,0.231,W1
QSO_4.9876235-24.2942372,59542.69557650002,17.875,0.107,W1
QSO_4.9876235-24.2942372,59543.08740399996,17.957,0.115,W1
QSO_4.9876235-24.2942372,59543.15266600003,18.049,0.141,W1
QSO_4.9876235-24.2942372,59543.21796449996,18.046,0.128,W1
QSO_4.9876235-24.2942372,59543.283226500025,18.12,0.189,W1
QSO_4.9876235-24.2942372,59543.41378700003,17.955,0.151,W1
QSO_4.9876235-24.2942372,59543.544493499976,17.962,0.117,W1
QSO_4.9876235-24.2942372,59543.67505399997,17.899,0.112,W1
QSO_4.9876235-24.2942372,59744.44585900003,17.999000000000002,0.133,W1
QSO_4.9876235-24.2942372,59744.6414625,18.009,0.127,W1
QSO_4.9876235-24.2942372,59744.70672449999,18.036,0.174,W1
QSO_4.9876235-24.2942372,59744.77187699997,18.083,0.135,W1
QSO_4.9876235-24.2942372,59744.90232799996,18.029,0.188,W1
QSO_4.9876235-24.2942372,59745.032742500014,18.055,0.172,W1
QSO_4.9876235-24.2942372,59745.16304749997,18.225,0.188,W1
QSO_4.9876235-24.2942372,59906.92283499999,18.28,0.146,W1
QSO_4.9876235-24.2942372,59906.98838900004,17.869999999999997,0.109,W1
QSO_4.9876235-24.2942372,59907.05354150002,17.872,0.115,W1
QSO_4.9876235-24.2942372,59907.118694,18.145,0.133,W1
QSO_4.9876235-24.2942372,59907.183700500034,17.728,0.173,W1
QSO_4.9876235-24.2942372,59907.3140055,18.153,0.14,W1
QSO_4.9876235-24.2942372,60111.16033700003,17.916,0.123,W1
QSO_4.9876235-24.2942372,60111.41966950002,17.958,0.143,W1
QSO_4.9876235-24.2942372,60111.419779000025,17.914,0.119,W1
QSO_4.9876235-24.2942372,60111.48456649997,18.274,0.166,W1
QSO_4.9876235-24.2942372,60111.54946349999,18.132,0.146,W1
QSO_4.9876235-24.2942372,60111.61425100001,17.878,0.123,W1
QSO_4.9876235-24.2942372,60111.67914799996,17.990000000000002,0.144,W1
QSO_4.9876235-24.2942372,60111.74389900004,17.925,0.137,W1
QSO_4.9876235-24.2942372,60111.8735835,18.211,0.193,W1
QSO_4.9876235-24.2942372,60273.251508000016,17.959,0.152,W1
QSO_4.9876235-24.2942372,60273.70363349999,18.317,0.179,W1
QSO_4.9876235-24.2942372,60273.768165499976,18.26,0.169,W1
QSO_4.9876235-24.2942372,60273.83280699996,18.184,0.145,W1
QSO_4.9876235-24.2942372,60273.89730250001,17.926000000000002,0.123,W1
QSO_4.9876235-24.2942372,60273.96183449999,18.006,0.176,W1
QSO_4.9876235-24.2942372,60273.961980500026,18.391,0.18,W1
QSO_4.9876235-24.2942372,60274.09100799997,18.143,0.152,W1
QSO_4.9876235-24.2942372,60274.220145,18.466,0.262,W1
QSO_4.9876235-24.2942372,60475.44250420001,17.948,0.149,W1
QSO_4.9876235-24.2942372,60475.698850599976,18.051,0.159,W1
QSO_4.9876235-24.2942372,60475.89114699999,18.378,0.211,W1
QSO_4.9876235-24.2942372,60476.08333359999,18.245,0.173,W1
QSO_4.9876235-24.2942372,60476.53183000001,18.214,0.198,W1
QSO_4.9876235-24.2942372,55362.35759250002,18.493,0.365,W2
QSO_4.9876235-24.2942372,55362.48968599999,18.723,0.476,W2
QSO_4.9876235-24.2942372,55362.4897955,18.309,,W2
QSO_4.9876235-24.2942372,55362.621888999965,18.494,,W2
QSO_4.9876235-24.2942372,55362.62203499999,18.646,0.39,W2
QSO_4.9876235-24.2942372,55362.688063500005,18.492,0.366,W2
QSO_4.9876235-24.2942372,55362.75409200002,18.628,0.403,W2
QSO_4.9876235-24.2942372,55362.820266499984,18.09,0.276,W2
QSO_4.9876235-24.2942372,55362.88633150002,18.455,0.359,W2
QSO_4.9876235-24.2942372,55362.95250599999,18.28,0.286,W2
QSO_4.9876235-24.2942372,55363.0185345,18.461,0.323,W2
QSO_4.9876235-24.2942372,55363.34911499999,18.272,0.274,W2
QSO_4.9876235-24.2942372,55539.78004099999,18.078,0.256,W2
QSO_4.9876235-24.2942372,55539.780187000026,18.088,0.25,W2
QSO_4.9876235-24.2942372,55539.91224399996,18.908,0.511,W2
QSO_4.9876235-24.2942372,55540.044483499965,18.556,0.366,W2
QSO_4.9876235-24.2942372,55540.176686500025,18.383,0.322,W2
QSO_4.9876235-24.2942372,55540.24271500003,18.292,0.292,W2
QSO_4.9876235-24.2942372,55540.30877999999,18.558,0.425,W2
QSO_4.9876235-24.2942372,55540.37495450003,18.451,0.341,W2
QSO_4.9876235-24.2942372,55540.44098299997,18.768,0.466,W2
QSO_4.9876235-24.2942372,55540.77145400003,18.189,0.272,W2
QSO_4.9876235-24.2942372,55544.00973399999,18.616,0.471,W2
QSO_4.9876235-24.2942372,56640.030319999976,18.503,0.498,W2
QSO_4.9876235-24.2942372,56640.096238999984,17.962,,W2
QSO_4.9876235-24.2942372,56640.16201200004,17.929,,W2
QSO_4.9876235-24.2942372,56824.379045,18.104,,W2
QSO_4.9876235-24.2942372,56824.51062749997,18.212,0.315,W2
QSO_4.9876235-24.2942372,56824.77353699998,18.112,,W2
QSO_4.9876235-24.2942372,56825.3653845,18.265,,W2
QSO_4.9876235-24.2942372,56827.73222699998,18.04,,W2
QSO_4.9876235-24.2942372,56827.86366350001,18.587,0.507,W2
QSO_4.9876235-24.2942372,56827.995245999984,17.886,,W2
QSO_4.9876235-24.2942372,56828.38973799997,18.494,,W2
QSO_4.9876235-24.2942372,57004.87512200002,18.298,,W2
QSO_4.9876235-24.2942372,57004.94078549999,18.223,0.513,W2
QSO_4.9876235-24.2942372,57005.00644900005,18.339,0.414,W2
QSO_4.9876235-24.2942372,57005.07211250001,18.16,0.46,W2
QSO_4.9876235-24.2942372,57005.20343950004,18.233,,W2
QSO_4.9876235-24.2942372,57005.33487599999,18.304,0.355,W2
QSO_4.9876235-24.2942372,57189.24436527154,18.321,,W2
QSO_4.9876235-24.2942372,57189.30991927366,18.298,,W2
QSO_4.9876235-24.2942372,57189.375436775765,18.492,0.452,W2
QSO_4.9876235-24.2942372,57189.50665427986,18.379,0.311,W2
QSO_4.9876235-24.2942372,57189.57217178196,17.77,0.222,W2
QSO_4.9876235-24.2942372,57189.70324328611,18.404,,W2
QSO_4.9876235-24.2942372,57189.83446079029,18.384,0.418,W2
QSO_4.9876235-24.2942372,57363.62913172722,17.909,0.249,W2
QSO_4.9876235-24.2942372,57363.694649229314,18.766,0.469,W2
QSO_4.9876235-24.2942372,57363.89123823548,18.901,0.528,W2
QSO_4.9876235-24.2942372,57364.21878924594,18.788,0.509,W2
QSO_4.9876235-24.2942372,57553.34489722869,18.487,0.413,W2
QSO_4.9876235-24.2942372,57553.738786441216,18.338,0.36,W2
QSO_4.9876235-24.2942372,57553.87010724536,18.213,,W2
QSO_4.9876235-24.2942372,57553.93569444744,18.084,,W2
QSO_4.9876235-24.2942372,57554.06697865155,18.444,0.355,W2
QSO_4.9876235-24.2942372,57554.32958365988,18.012999999999998,,W2
QSO_4.9876235-24.2942372,57723.25601060183,17.653,0.251,W2
QSO_4.9876235-24.2942372,57723.38729480602,18.032,0.275,W2
QSO_4.9876235-24.2942372,57723.51846921012,18.6,0.438,W2
QSO_4.9876235-24.2942372,57723.51861561016,18.502,0.378,W2
QSO_4.9876235-24.2942372,57723.58420281225,18.044,,W2
QSO_4.9876235-24.2942372,57723.64979001434,18.576,,W2
QSO_4.9876235-24.2942372,57723.781074218445,17.988,,W2
QSO_4.9876235-24.2942372,57723.84666142054,18.381,,W2
QSO_4.9876235-24.2942372,57917.80615999998,18.282,0.332,W2
QSO_4.9876235-24.2942372,57917.806306000006,18.703,0.503,W2
QSO_4.9876235-24.2942372,57917.93712199996,17.665,,W2
QSO_4.9876235-24.2942372,57918.06793799999,18.106,,W2
QSO_4.9876235-24.2942372,57918.13334600001,17.826999999999998,,W2
QSO_4.9876235-24.2942372,57918.19875400003,18.428,,W2
QSO_4.9876235-24.2942372,57918.26427149997,18.46,0.451,W2
QSO_4.9876235-24.2942372,57918.329679499984,18.847,0.52,W2
QSO_4.9876235-24.2942372,57918.3950875,18.309,0.349,W2
QSO_4.9876235-24.2942372,57918.65671949999,18.142,,W2
QSO_4.9876235-24.2942372,58083.61069500001,18.171,,W2
QSO_4.9876235-24.2942372,58083.74151099997,18.16,0.381,W2
QSO_4.9876235-24.2942372,58084.06855099997,18.092,,W2
QSO_4.9876235-24.2942372,58084.13406849999,18.041,0.297,W2
QSO_4.9876235-24.2942372,58084.199367,17.779,,W2
QSO_4.9876235-24.2942372,58084.26488450002,18.486,0.461,W2
QSO_4.9876235-24.2942372,58084.33029250004,18.28,0.448,W2
QSO_4.9876235-24.2942372,58084.46110849999,18.264,0.485,W2
QSO_4.9876235-24.2942372,58084.591924500026,18.434,0.489,W2
QSO_4.9876235-24.2942372,58086.6197915,17.419999999999998,,W2
QSO_4.9876235-24.2942372,58086.75060750003,17.709,0.362,W2
QSO_4.9876235-24.2942372,58087.07775700004,17.896,,W2
QSO_4.9876235-24.2942372,58087.470204999976,18.254,0.492,W2
QSO_4.9876235-24.2942372,58284.50757099999,18.762,0.5,W2
QSO_4.9876235-24.2942372,58284.89987299997,17.887,,W2
QSO_4.9876235-24.2942372,58285.09609700003,18.269,0.384,W2
QSO_4.9876235-24.2942372,58285.16150499996,18.068,0.34,W2
QSO_4.9876235-24.2942372,58285.488399000016,18.35,0.368,W2
QSO_4.9876235-24.2942372,58285.61921499997,18.2,0.317,W2
QSO_4.9876235-24.2942372,58446.83376550001,18.068,,W2
QSO_4.9876235-24.2942372,58446.96458149996,18.679,,W2
QSO_4.9876235-24.2942372,58447.29147550002,17.706,,W2
QSO_4.9876235-24.2942372,58447.35688350003,18.05,0.28,W2
QSO_4.9876235-24.2942372,58447.42229149997,18.567,0.472,W2
QSO_4.9876235-24.2942372,58447.48769949999,18.192,0.276,W2
QSO_4.9876235-24.2942372,58648.439763500006,17.939,,W2
QSO_4.9876235-24.2942372,58648.70110350001,18.056,0.316,W2
QSO_4.9876235-24.2942372,58648.70124949996,18.544,0.435,W2
QSO_4.9876235-24.2942372,58648.89732749998,18.259,,W2
QSO_4.9876235-24.2942372,58649.158704000016,18.512,0.461,W2
QSO_4.9876235-24.2942372,58649.28951999996,17.878,,W2
QSO_4.9876235-24.2942372,58649.4202265,18.097,0.316,W2
QSO_4.9876235-24.2942372,58649.55104250003,18.222,0.395,W2
QSO_4.9876235-24.2942372,58810.84311899999,18.123,0.277,W2
QSO_4.9876235-24.2942372,58810.97382550003,18.048,0.364,W2
QSO_4.9876235-24.2942372,58811.16990349996,18.572,0.452,W2
QSO_4.9876235-24.2942372,58811.3007195,18.3,0.333,W2
QSO_4.9876235-24.2942372,58811.69240099999,17.962,,W2
QSO_4.9876235-24.2942372,59015.97578800001,18.618,0.537,W2
QSO_4.9876235-24.2942372,59016.106962399965,17.953,0.335,W2
QSO_4.9876235-24.2942372,59016.43449579999,18.159,,W2
QSO_4.9876235-24.2942372,59016.500083,18.157,0.39,W2
QSO_4.9876235-24.2942372,59016.56556040001,18.749,0.527,W2
QSO_4.9876235-24.2942372,59016.69658840002,18.506,0.44,W2
QSO_4.9876235-24.2942372,59016.95868099997,18.46,0.515,W2
QSO_4.9876235-24.2942372,59016.9588274,18.264,0.312,W2
QSO_4.9876235-24.2942372,59175.6242926,17.749,,W2
QSO_4.9876235-24.2942372,59175.7553206,17.901,,W2
QSO_4.9876235-24.2942372,59175.88638520003,17.622,,W2
QSO_4.9876235-24.2942372,59178.50687200001,17.613,0.35,W2
QSO_4.9876235-24.2942372,59178.63793659996,17.928,0.382,W2
QSO_4.9876235-24.2942372,59178.76896459996,17.229,,W2
QSO_4.9876235-24.2942372,59380.31682199997,18.0,,W2
QSO_4.9876235-24.2942372,59380.83942899999,18.164,,W2
QSO_4.9876235-24.2942372,59380.9699895,17.538,,W2
QSO_4.9876235-24.2942372,59381.035251499976,18.675,,W2
QSO_4.9876235-24.2942372,59381.16595800001,18.229,0.469,W2
QSO_4.9876235-24.2942372,59381.29651850001,18.002,,W2
QSO_4.9876235-24.2942372,59381.29662800001,18.111,,W2
QSO_4.9876235-24.2942372,59381.42718850001,17.65,0.302,W2
QSO_4.9876235-24.2942372,59542.56490650002,18.219,,W2
QSO_4.9876235-24.2942372,59542.69557650002,18.028,,W2
QSO_4.9876235-24.2942372,59543.08740399996,18.67,0.446,W2
QSO_4.9876235-24.2942372,59543.15266600003,17.799,,W2
QSO_4.9876235-24.2942372,59543.21796449996,18.13,,W2
QSO_4.9876235-24.2942372,59543.283226500025,18.113,0.363,W2
QSO_4.9876235-24.2942372,59543.41378700003,18.155,,W2
QSO_4.9876235-24.2942372,59543.544493499976,18.087,,W2
QSO_4.9876235-24.2942372,59543.67505399997,18.09,0.288,W2
QSO_4.9876235-24.2942372,59744.44585900003,18.397,,W2
QSO_4.9876235-24.2942372,59744.6414625,18.367,0.415,W2
QSO_4.9876235-24.2942372,59744.70672449999,18.04,,W2
QSO_4.9876235-24.2942372,59744.77187699997,17.865,,W2
QSO_4.9876235-24.2942372,59744.90232799996,17.769,,W2
QSO_4.9876235-24.2942372,59745.032742500014,17.719,,W2
QSO_4.9876235-24.2942372,59745.16304749997,18.254,0.443,W2
QSO_4.9876235-24.2942372,59906.92283499999,18.187,,W2
QSO_4.9876235-24.2942372,59906.98838900004,18.034,0.334,W2
QSO_4.9876235-24.2942372,59907.05354150002,18.286,0.388,W2
QSO_4.9876235-24.2942372,59907.118694,18.422,0.355,W2
QSO_4.9876235-24.2942372,59907.183700500034,18.17,0.295,W2
QSO_4.9876235-24.2942372,59907.3140055,18.475,0.417,W2
QSO_4.9876235-24.2942372,60111.16033700003,18.518,0.468,W2
QSO_4.9876235-24.2942372,60111.41966950002,18.404,,W2
QSO_4.9876235-24.2942372,60111.419779000025,18.658,0.442,W2
QSO_4.9876235-24.2942372,60111.48456649997,17.931,,W2
QSO_4.9876235-24.2942372,60111.54946349999,17.662,,W2
QSO_4.9876235-24.2942372,60111.61425100001,17.983999999999998,0.46,W2
QSO_4.9876235-24.2942372,60111.67914799996,18.325,0.372,W2
QSO_4.9876235-24.2942372,60111.74389900004,18.298,0.382,W2
QSO_4.9876235-24.2942372,60111.8735835,18.245,0.336,W2
QSO_4.9876235-24.2942372,60273.251508000016,17.947,,W2
QSO_4.9876235-24.2942372,60273.70363349999,17.408,,W2
QSO_4.9876235-24.2942372,60273.768165499976,18.11,,W2
QSO_4.9876235-24.2942372,60273.83280699996,18.128,0.406,W2
QSO_4.9876235-24.2942372,60273.89730250001,18.283,,W2
QSO_4.9876235-24.2942372,60273.96183449999,18.187,0.356,W2
QSO_4.9876235-24.2942372,60273.961980500026,18.522,0.525,W2
QSO_4.9876235-24.2942372,60274.09100799997,17.937,,W2
QSO_4.9876235-24.2942372,60274.220145,18.526,0.413,W2
QSO_4.9876235-24.2942372,60475.44250420001,18.463,,W2
QSO_4.9876235-24.2942372,60475.698850599976,17.858999999999998,0.443,W2
QSO_4.9876235-24.2942372,60475.89114699999,18.061,,W2
QSO_4.9876235-24.2942372,60476.08333359999,18.485,,W2
QSO_4.9876235-24.2942372,60476.53183000001,17.483,0.41,W2
QSO_4.698636-24.2393149,55362.357483000014,17.680999999999997,0.112,W1
QSO_4.698636-24.2393149,55362.48968599999,17.445,0.084,W1
QSO_4.698636-24.2393149,55362.55586050003,17.579,0.094,W1
QSO_4.698636-24.2393149,55362.621888999965,17.558,0.099,W1
QSO_4.698636-24.2393149,55362.688063500005,17.533,0.087,W1
QSO_4.698636-24.2393149,55362.75409200002,17.605,0.092,W1
QSO_4.698636-24.2393149,55362.820266499984,17.667,0.096,W1
QSO_4.698636-24.2393149,55362.95250599999,17.608,0.098,W1
QSO_4.698636-24.2393149,55539.780187000026,17.68,0.135,W1
QSO_4.698636-24.2393149,55539.91224399996,17.469,0.089,W1
QSO_4.698636-24.2393149,55539.97841850001,17.456,0.085,W1
QSO_4.698636-24.2393149,55540.044483499965,17.717,0.113,W1
QSO_4.698636-24.2393149,55540.11051199998,17.64,0.122,W1
QSO_4.698636-24.2393149,55540.11065800001,17.567,0.1,W1
QSO_4.698636-24.2393149,55540.176686500025,17.469,0.086,W1
QSO_4.698636-24.2393149,55540.24271500003,17.618000000000002,0.097,W1
QSO_4.698636-24.2393149,55540.37495450003,17.404,0.081,W1
QSO_4.698636-24.2393149,55543.94370549998,17.458,0.089,W1
QSO_4.698636-24.2393149,55544.00973399999,17.926000000000002,0.143,W1
QSO_4.698636-24.2393149,56824.379045,17.42,0.08,W1
QSO_4.698636-24.2393149,56824.51048150002,17.378,0.095,W1
QSO_4.698636-24.2393149,56824.77353699998,17.378999999999998,0.086,W1
QSO_4.698636-24.2393149,56827.73222699998,17.487000000000002,0.11,W1
QSO_4.698636-24.2393149,56827.79789050004,17.611,0.113,W1
QSO_4.698636-24.2393149,56827.86366350001,17.453,0.108,W1
QSO_4.698636-24.2393149,56827.995245999984,17.555,0.101,W1
QSO_4.698636-24.2393149,57004.21837749997,17.58,0.09,W1
QSO_4.698636-24.2393149,57004.94078549999,17.661,0.096,W1
QSO_4.698636-24.2393149,57005.07211250001,17.442,0.084,W1
QSO_4.698636-24.2393149,57005.20354899996,17.529,0.089,W1
QSO_4.698636-24.2393149,57188.58864275076,17.497999999999998,0.081,W1
QSO_4.698636-24.2393149,57188.719714254905,17.613,0.089,W1
QSO_4.698636-24.2393149,57189.24425577161,17.779,0.118,W1
QSO_4.698636-24.2393149,57189.30991927366,17.276,0.066,W1
QSO_4.698636-24.2393149,57189.57217178196,17.58,0.094,W1
QSO_4.698636-24.2393149,57189.70324328611,17.548000000000002,0.083,W1
QSO_4.698636-24.2393149,57363.10484571056,17.552999999999997,0.117,W1
QSO_4.698636-24.2393149,57363.563577725086,17.421,0.097,W1
QSO_4.698636-24.2393149,57363.62913172722,17.603,0.093,W1
QSO_4.698636-24.2393149,57363.694649229314,17.477,0.083,W1
QSO_4.698636-24.2393149,57363.95679223761,17.305,0.075,W1
QSO_4.698636-24.2393149,57552.95100801626,18.047,0.141,W1
QSO_4.698636-24.2393149,57553.08229222045,17.292,0.108,W1
QSO_4.698636-24.2393149,57553.34489722869,17.552999999999997,0.098,W1
QSO_4.698636-24.2393149,57553.41048443079,17.456,0.088,W1
QSO_4.698636-24.2393149,57553.541768634976,17.554000000000002,0.089,W1
QSO_4.698636-24.2393149,57553.93569444744,17.491999999999997,0.15,W1
QSO_4.698636-24.2393149,57554.06697865155,17.558,0.097,W1
QSO_4.698636-24.2393149,57722.8622311894,17.641,0.092,W1
QSO_4.698636-24.2393149,57723.25601060183,17.487000000000002,0.098,W1
QSO_4.698636-24.2393149,57723.32170760393,17.767,0.113,W1
QSO_4.698636-24.2393149,57723.38729480602,17.533,0.091,W1
QSO_4.698636-24.2393149,57723.51861561016,17.561999999999998,0.097,W1
QSO_4.698636-24.2393149,57723.58420281225,17.459,0.098,W1
QSO_4.698636-24.2393149,57723.8468078205,17.628999999999998,0.098,W1
QSO_4.698636-24.2393149,57917.80615999998,17.299,0.079,W1
QSO_4.698636-24.2393149,57917.871568,17.516,0.093,W1
QSO_4.698636-24.2393149,57917.93712199996,17.529,0.088,W1
QSO_4.698636-24.2393149,57918.002529999976,17.409,0.078,W1
QSO_4.698636-24.2393149,57918.06793799999,17.497,0.095,W1
QSO_4.698636-24.2393149,57918.13334600001,17.534,0.088,W1
QSO_4.698636-24.2393149,57918.19875400003,17.631,0.092,W1
QSO_4.698636-24.2393149,57918.3950875,17.343,0.075,W1
QSO_4.698636-24.2393149,58083.47987899998,17.491,0.086,W1
QSO_4.698636-24.2393149,58083.61069500001,17.722,0.135,W1
QSO_4.698636-24.2393149,58083.74151099997,17.33,0.077,W1
QSO_4.698636-24.2393149,58084.06866049997,17.607,0.092,W1
QSO_4.698636-24.2393149,58084.33029250004,17.456,0.104,W1
QSO_4.698636-24.2393149,58084.46110849999,17.637999999999998,0.098,W1
QSO_4.698636-24.2393149,58086.35815950001,17.515,0.098,W1
QSO_4.698636-24.2393149,58086.48912149999,17.355,0.091,W1
QSO_4.698636-24.2393149,58087.07775700004,17.522,0.094,W1
QSO_4.698636-24.2393149,58284.50757099999,17.558,0.097,W1
QSO_4.698636-24.2393149,58284.83446500004,17.75,0.104,W1
QSO_4.698636-24.2393149,58284.89987299997,17.462,0.091,W1
QSO_4.698636-24.2393149,58285.09609700003,17.425,0.105,W1
QSO_4.698636-24.2393149,58446.83376550001,17.458,0.13,W1
QSO_4.698636-24.2393149,58446.96458149996,17.627000000000002,0.091,W1
QSO_4.698636-24.2393149,58447.02998949998,17.805999999999997,0.105,W1
QSO_4.698636-24.2393149,58447.16080550001,17.451999999999998,0.08,W1
QSO_4.698636-24.2393149,58447.29147550002,17.826999999999998,0.119,W1
QSO_4.698636-24.2393149,58447.42229149997,17.582,0.086,W1
QSO_4.698636-24.2393149,58447.5531075,17.481,0.079,W1
QSO_4.698636-24.2393149,58648.17824100002,17.484,0.084,W1
QSO_4.698636-24.2393149,58648.43961749997,17.599,0.102,W1
QSO_4.698636-24.2393149,58648.439763500006,17.59,0.136,W1
QSO_4.698636-24.2393149,58648.57043350001,17.671,0.12,W1
QSO_4.698636-24.2393149,58648.63584150003,17.509,0.108,W1
QSO_4.698636-24.2393149,58648.70110350001,17.594,0.123,W1
QSO_4.698636-24.2393149,58648.89721799998,17.7,0.122,W1
QSO_4.698636-24.2393149,58649.158704000016,17.534,0.107,W1
QSO_4.698636-24.2393149,58649.28951999996,17.526,0.091,W1
QSO_4.698636-24.2393149,58810.71244899999,17.466,0.081,W1
QSO_4.698636-24.2393149,58810.84311899999,17.572,0.106,W1
QSO_4.698636-24.2393149,58810.97382550003,17.552999999999997,0.087,W1
QSO_4.698636-24.2393149,58810.97393500002,17.533,0.106,W1
QSO_4.698636-24.2393149,58811.03923350004,17.611,0.104,W1
QSO_4.698636-24.2393149,58811.3007195,17.668,0.102,W1
QSO_4.698636-24.2393149,59015.71369539998,17.427,0.082,W1
QSO_4.698636-24.2393149,59015.97578800001,17.529,0.09,W1
QSO_4.698636-24.2393149,59016.04137520003,17.531,0.096,W1
QSO_4.698636-24.2393149,59016.17240320004,17.424,0.086,W1
QSO_4.698636-24.2393149,59016.43449579999,17.365000000000002,0.09,W1
QSO_4.698636-24.2393149,59016.56556040001,17.767,0.144,W1
QSO_4.698636-24.2393149,59016.69658840002,17.606,0.117,W1
QSO_4.698636-24.2393149,59175.36219999997,17.436999999999998,0.078,W1
QSO_4.698636-24.2393149,59175.49322799996,17.546,0.089,W1
QSO_4.698636-24.2393149,59175.6242926,17.561,0.108,W1
QSO_4.698636-24.2393149,59175.7553206,17.558,0.099,W1
QSO_4.698636-24.2393149,59175.88638520003,17.415,0.104,W1
QSO_4.698636-24.2393149,59178.50687200001,17.686999999999998,0.14,W1
QSO_4.698636-24.2393149,59178.63793659996,17.6,0.111,W1
QSO_4.698636-24.2393149,59178.76896459996,17.381999999999998,0.095,W1
QSO_4.698636-24.2393149,59178.90002919999,17.581,0.116,W1
QSO_4.698636-24.2393149,59380.18626149996,17.468,0.089,W1
QSO_4.698636-24.2393149,59380.31682199997,17.639,0.097,W1
QSO_4.698636-24.2393149,59381.035251499976,17.451999999999998,0.185,W1
QSO_4.698636-24.2393149,59381.16595800001,17.541,0.09,W1
QSO_4.698636-24.2393149,59542.43434600002,17.689999999999998,0.144,W1
QSO_4.698636-24.2393149,59542.69557650002,17.535,0.127,W1
QSO_4.698636-24.2393149,59543.15266600003,17.488999999999997,0.119,W1
QSO_4.698636-24.2393149,59543.283226500025,17.544,0.084,W1
QSO_4.698636-24.2393149,59543.41378700003,17.427,0.085,W1
QSO_4.698636-24.2393149,59543.41393299997,17.506,0.138,W1
QSO_4.698636-24.2393149,59744.44585900003,17.654,0.101,W1
QSO_4.698636-24.2393149,59744.6414625,17.558999999999997,0.091,W1
QSO_4.698636-24.2393149,59744.77187699997,17.558,0.091,W1
QSO_4.698636-24.2393149,59744.90232799996,17.736,0.123,W1
QSO_4.698636-24.2393149,59745.03263300001,17.637999999999998,0.111,W1
QSO_4.698636-24.2393149,59906.337229000026,17.570999999999998,0.139,W1
QSO_4.698636-24.2393149,59906.92283499999,17.516,0.086,W1
QSO_4.698636-24.2393149,59906.98838900004,17.647,0.093,W1
QSO_4.698636-24.2393149,59906.98849849996,17.697,0.118,W1
QSO_4.698636-24.2393149,59907.05354150002,17.572,0.096,W1
QSO_4.698636-24.2393149,59907.18384649998,17.484,0.08,W1
QSO_4.698636-24.2393149,59907.3140055,17.725,0.097,W1
QSO_4.698636-24.2393149,60110.77131999999,17.639,0.106,W1
QSO_4.698636-24.2393149,60110.90100449996,17.543,0.092,W1
QSO_4.698636-24.2393149,60111.16033700003,17.355,0.097,W1
QSO_4.698636-24.2393149,60111.225233999976,17.637,0.102,W1
QSO_4.698636-24.2393149,60111.28998499997,17.581,0.173,W1
QSO_4.698636-24.2393149,60111.354882,17.555,0.091,W1
QSO_4.698636-24.2393149,60111.41966950002,17.551000000000002,0.127,W1
QSO_4.698636-24.2393149,60111.48456649997,17.561999999999998,0.104,W1
QSO_4.698636-24.2393149,60111.61425100001,17.53,0.095,W1
QSO_4.698636-24.2393149,60111.74389900004,17.432000000000002,0.095,W1
QSO_4.698636-24.2393149,60111.8735835,17.567999999999998,0.095,W1
QSO_4.698636-24.2393149,60273.12237099998,17.833,0.145,W1
QSO_4.698636-24.2393149,60273.12248049999,17.625,0.147,W1
QSO_4.698636-24.2393149,60273.251508000016,17.397,0.097,W1
QSO_4.698636-24.2393149,60273.70363349999,17.578,0.094,W1
QSO_4.698636-24.2393149,60273.83280699996,17.543,0.099,W1
QSO_4.698636-24.2393149,60273.961980500026,17.491,0.086,W1
QSO_4.698636-24.2393149,60274.09111749997,17.73,0.105,W1
QSO_4.698636-24.2393149,60475.44250420001,17.788,0.136,W1
QSO_4.698636-24.2393149,60475.63480060002,17.436,0.109,W1
QSO_4.698636-24.2393149,60475.698850599976,17.728,0.133,W1
QSO_4.698636-24.2393149,60475.89103719998,17.477,0.101,W1
QSO_4.698636-24.2393149,55362.357483000014,18.272,0.299,W2
QSO_4.698636-24.2393149,55362.48968599999,18.683,0.435,W2
QSO_4.698636-24.2393149,55362.55586050003,18.027,0.282,W2
QSO_4.698636-24.2393149,55362.621888999965,18.005,0.243,W2
QSO_4.698636-24.2393149,55362.688063500005,18.144,,W2
QSO_4.698636-24.2393149,55362.75409200002,18.217,0.269,W2
QSO_4.698636-24.2393149,55362.820266499984,18.303,0.269,W2
QSO_4.698636-24.2393149,55362.95250599999,18.028,0.235,W2
QSO_4.698636-24.2393149,55539.780187000026,18.21,0.299,W2
QSO_4.698636-24.2393149,55539.91224399996,18.255,0.291,W2
QSO_4.698636-24.2393149,55539.97841850001,18.1,0.258,W2
QSO_4.698636-24.2393149,55540.044483499965,18.416,0.387,W2
QSO_4.698636-24.2393149,55540.11051199998,18.422,0.361,W2
QSO_4.698636-24.2393149,55540.11065800001,18.021,0.246,W2
QSO_4.698636-24.2393149,55540.176686500025,18.076,0.242,W2
QSO_4.698636-24.2393149,55540.24271500003,18.244,0.303,W2
QSO_4.698636-24.2393149,55540.37495450003,17.963,0.275,W2
QSO_4.698636-24.2393149,55543.94370549998,18.239,0.338,W2
QSO_4.698636-24.2393149,55544.00973399999,18.256,0.342,W2
QSO_4.698636-24.2393149,56824.379045,18.132,0.337,W2
QSO_4.698636-24.2393149,56824.51048150002,17.906,0.335,W2
QSO_4.698636-24.2393149,56824.77353699998,18.405,0.455,W2
QSO_4.698636-24.2393149,56827.73222699998,17.805,0.272,W2
QSO_4.698636-24.2393149,56827.79789050004,18.506,0.43,W2
QSO_4.698636-24.2393149,56827.86366350001,18.193,0.368,W2
QSO_4.698636-24.2393149,56827.995245999984,17.849,,W2
QSO_4.698636-24.2393149,57004.21837749997,17.963,0.273,W2
QSO_4.698636-24.2393149,57004.94078549999,18.026,0.408,W2
QSO_4.698636-24.2393149,57005.07211250001,18.54,0.393,W2
QSO_4.698636-24.2393149,57005.20354899996,18.128,0.341,W2
QSO_4.698636-24.2393149,57188.58864275076,18.019,,W2
QSO_4.698636-24.2393149,57188.719714254905,18.345,0.37,W2
QSO_4.698636-24.2393149,57189.24425577161,17.785,0.249,W2
QSO_4.698636-24.2393149,57189.30991927366,17.992,,W2
QSO_4.698636-24.2393149,57189.57217178196,17.713,,W2
QSO_4.698636-24.2393149,57189.70324328611,18.255,0.334,W2
QSO_4.698636-24.2393149,57363.10484571056,18.154,0.296,W2
QSO_4.698636-24.2393149,57363.563577725086,18.184,,W2
QSO_4.698636-24.2393149,57363.62913172722,18.069,0.27,W2
QSO_4.698636-24.2393149,57363.694649229314,18.116,0.267,W2
QSO_4.698636-24.2393149,57363.95679223761,18.893,0.523,W2
QSO_4.698636-24.2393149,57552.95100801626,18.34,,W2
QSO_4.698636-24.2393149,57553.08229222045,18.168,0.298,W2
QSO_4.698636-24.2393149,57553.34489722869,18.254,0.309,W2
QSO_4.698636-24.2393149,57553.41048443079,18.168,,W2
QSO_4.698636-24.2393149,57553.541768634976,18.355,0.412,W2
QSO_4.698636-24.2393149,57553.93569444744,18.659,0.499,W2
QSO_4.698636-24.2393149,57554.06697865155,17.671,,W2
QSO_4.698636-24.2393149,57722.8622311894,18.874,0.529,W2
QSO_4.698636-24.2393149,57723.25601060183,18.1,0.283,W2
QSO_4.698636-24.2393149,57723.32170760393,18.016,,W2
QSO_4.698636-24.2393149,57723.38729480602,17.955,0.266,W2
QSO_4.698636-24.2393149,57723.51861561016,18.2,0.282,W2
QSO_4.698636-24.2393149,57723.58420281225,18.212,0.39,W2
QSO_4.698636-24.2393149,57723.8468078205,18.578,0.452,W2
QSO_4.698636-24.2393149,57917.80615999998,17.715,,W2
QSO_4.698636-24.2393149,57917.871568,18.127,0.281,W2
QSO_4.698636-24.2393149,57917.93712199996,18.012,0.263,W2
QSO_4.698636-24.2393149,57918.002529999976,18.204,0.306,W2
QSO_4.698636-24.2393149,57918.06793799999,18.209,0.354,W2
QSO_4.698636-24.2393149,57918.13334600001,18.358,0.418,W2
QSO_4.698636-24.2393149,57918.19875400003,18.202,0.356,W2
QSO_4.698636-24.2393149,57918.3950875,17.875,0.227,W2
QSO_4.698636-24.2393149,58083.47987899998,18.504,0.408,W2
QSO_4.698636-24.2393149,58083.61069500001,17.593,,W2
QSO_4.698636-24.2393149,58083.74151099997,18.213,0.388,W2
QSO_4.698636-24.2393149,58084.06866049997,18.216,,W2
QSO_4.698636-24.2393149,58084.33029250004,17.743,,W2
QSO_4.698636-24.2393149,58084.46110849999,17.898,0.289,W2
QSO_4.698636-24.2393149,58086.35815950001,17.537,,W2
QSO_4.698636-24.2393149,58086.48912149999,17.38,0.23,W2
QSO_4.698636-24.2393149,58087.07775700004,17.927,,W2
QSO_4.698636-24.2393149,58284.50757099999,17.845,,W2
QSO_4.698636-24.2393149,58284.83446500004,18.473,0.53,W2
QSO_4.698636-24.2393149,58284.89987299997,18.268,0.324,W2
QSO_4.698636-24.2393149,58285.09609700003,18.142,0.265,W2
QSO_4.698636-24.2393149,58446.83376550001,18.179,0.337,W2
QSO_4.698636-24.2393149,58446.96458149996,17.636,0.303,W2
QSO_4.698636-24.2393149,58447.02998949998,18.093,0.33,W2
QSO_4.698636-24.2393149,58447.16080550001,16.904,0.249,W2
QSO_4.698636-24.2393149,58447.29147550002,18.485,0.365,W2
QSO_4.698636-24.2393149,58447.42229149997,17.924,0.227,W2
QSO_4.698636-24.2393149,58447.5531075,17.844,,W2
QSO_4.698636-24.2393149,58648.17824100002,18.189,0.309,W2
QSO_4.698636-24.2393149,58648.43961749997,18.293,0.344,W2
QSO_4.698636-24.2393149,58648.439763500006,18.386,0.353,W2
QSO_4.698636-24.2393149,58648.57043350001,17.733999999999998,0.325,W2
QSO_4.698636-24.2393149,58648.63584150003,18.634,0.448,W2
QSO_4.698636-24.2393149,58648.70110350001,18.112,,W2
QSO_4.698636-24.2393149,58648.89721799998,17.771,0.243,W2
QSO_4.698636-24.2393149,58649.158704000016,17.758,0.272,W2
QSO_4.698636-24.2393149,58649.28951999996,17.858999999999998,0.311,W2
QSO_4.698636-24.2393149,58810.71244899999,18.085,0.35,W2
QSO_4.698636-24.2393149,58810.84311899999,18.061,0.289,W2
QSO_4.698636-24.2393149,58810.97382550003,,,W2
QSO_4.698636-24.2393149,58810.97393500002,18.147,0.285,W2
QSO_4.698636-24.2393149,58811.03923350004,18.684,0.484,W2
QSO_4.698636-24.2393149,58811.3007195,18.367,0.529,W2
QSO_4.698636-24.2393149,59015.71369539998,18.067,0.369,W2
QSO_4.698636-24.2393149,59015.97578800001,18.036,,W2
QSO_4.698636-24.2393149,59016.04137520003,18.04,0.33,W2
QSO_4.698636-24.2393149,59016.17240320004,17.901,,W2
QSO_4.698636-24.2393149,59016.43449579999,18.003999999999998,,W2
QSO_4.698636-24.2393149,59016.56556040001,18.184,0.386,W2
QSO_4.698636-24.2393149,59016.69658840002,18.562,0.536,W2
QSO_4.698636-24.2393149,59175.36219999997,17.902,0.231,W2
QSO_4.698636-24.2393149,59175.49322799996,17.418,0.233,W2
QSO_4.698636-24.2393149,59175.6242926,17.660999999999998,0.307,W2
QSO_4.698636-24.2393149,59175.7553206,18.244,0.465,W2
QSO_4.698636-24.2393149,59175.88638520003,17.898,0.415,W2
QSO_4.698636-24.2393149,59178.50687200001,18.001,0.441,W2
QSO_4.698636-24.2393149,59178.63793659996,18.102,0.484,W2
QSO_4.698636-24.2393149,59178.76896459996,17.573,,W2
QSO_4.698636-24.2393149,59178.90002919999,18.024,,W2
QSO_4.698636-24.2393149,59380.18626149996,18.052,0.536,W2
QSO_4.698636-24.2393149,59380.31682199997,18.112,,W2
QSO_4.698636-24.2393149,59381.035251499976,17.753,0.263,W2
QSO_4.698636-24.2393149,59381.16595800001,18.343,0.376,W2
QSO_4.698636-24.2393149,59542.43434600002,18.312,0.338,W2
QSO_4.698636-24.2393149,59542.69557650002,17.894,0.282,W2
QSO_4.698636-24.2393149,59543.15266600003,18.29,0.541,W2
QSO_4.698636-24.2393149,59543.283226500025,18.553,0.472,W2
QSO_4.698636-24.2393149,59543.41378700003,18.402,0.439,W2
QSO_4.698636-24.2393149,59543.41393299997,18.261,0.407,W2
QSO_4.698636-24.2393149,59744.44585900003,17.628,,W2
QSO_4.698636-24.2393149,59744.6414625,18.275,0.393,W2
QSO_4.698636-24.2393149,59744.77187699997,18.218,0.465,W2
QSO_4.698636-24.2393149,59744.90232799996,18.128,0.52,W2
QSO_4.698636-24.2393149,59745.03263300001,18.229,0.34,W2
QSO_4.698636-24.2393149,59906.337229000026,18.432,0.387,W2
QSO_4.698636-24.2393149,59906.92283499999,17.762,0.293,W2
QSO_4.698636-24.2393149,59906.98838900004,18.263,0.301,W2
QSO_4.698636-24.2393149,59906.98849849996,17.893,0.233,W2
QSO_4.698636-24.2393149,59907.05354150002,17.852,0.268,W2
QSO_4.698636-24.2393149,59907.18384649998,18.312,0.29,W2
QSO_4.698636-24.2393149,59907.3140055,18.039,0.389,W2
QSO_4.698636-24.2393149,60110.77131999999,18.216,0.487,W2
QSO_4.698636-24.2393149,60110.90100449996,18.598,0.469,W2
QSO_4.698636-24.2393149,60111.16033700003,17.691,,W2
QSO_4.698636-24.2393149,60111.225233999976,17.531,,W2
QSO_4.698636-24.2393149,60111.28998499997,17.837,0.323,W2
QSO_4.698636-24.2393149,60111.354882,18.36,0.351,W2
QSO_4.698636-24.2393149,60111.41966950002,18.116,0.456,W2
QSO_4.698636-24.2393149,60111.48456649997,17.945,0.312,W2
QSO_4.698636-24.2393149,60111.61425100001,17.945,0.288,W2
QSO_4.698636-24.2393149,60111.74389900004,17.663999999999998,0.361,W2
QSO_4.698636-24.2393149,60111.8735835,18.174,0.329,W2
QSO_4.698636-24.2393149,60273.12237099998,18.374,0.412,W2
QSO_4.698636-24.2393149,60273.12248049999,18.34,0.334,W2
QSO_4.698636-24.2393149,60273.251508000016,17.915,,W2
QSO_4.698636-24.2393149,60273.70363349999,17.611,0.326,W2
QSO_4.698636-24.2393149,60273.83280699996,18.148,0.295,W2
QSO_4.698636-24.2393149,60273.961980500026,17.813,0.236,W2
QSO_4.698636-24.2393149,60274.09111749997,18.514,0.452,W2
QSO_4.698636-24.2393149,60475.44250420001,17.836,0.432,W2
QSO_4.698636-24.2393149,60475.63480060002,17.836,,W2
QSO_4.698636-24.2393149,60475.698850599976,17.711,0.258,W2
QSO_4.698636-24.2393149,60475.89103719998,17.81,0.453,W2
QSO_4.7930889-24.3146919,55362.357483000014,18.144,0.145,W1
QSO_4.7930889-24.3146919,55362.35759250002,18.142,0.134,W1
QSO_4.7930889-24.3146919,55362.48968599999,18.009,0.12,W1
QSO_4.7930889-24.3146919,55362.55586050003,18.029,0.135,W1
QSO_4.7930889-24.3146919,55362.621888999965,17.963,0.114,W1
QSO_4.7930889-24.3146919,55362.688063500005,18.099,0.127,W1
QSO_4.7930889-24.3146919,55362.75409200002,18.112,0.145,W1
QSO_4.7930889-24.3146919,55362.820266499984,18.29,0.151,W1
QSO_4.7930889-24.3146919,55362.95250599999,18.182,0.152,W1
QSO_4.7930889-24.3146919,55539.780187000026,18.275,0.159,W1
QSO_4.7930889-24.3146919,55539.91224399996,18.533,0.356,W1
QSO_4.7930889-24.3146919,55539.97841850001,18.267,0.159,W1
QSO_4.7930889-24.3146919,55540.044483499965,18.178,0.147,W1
QSO_4.7930889-24.3146919,55540.11051199998,18.368,0.178,W1
QSO_4.7930889-24.3146919,55540.176686500025,17.965,0.115,W1
QSO_4.7930889-24.3146919,55540.24271500003,18.298,0.158,W1
QSO_4.7930889-24.3146919,55540.30877999999,18.257,0.154,W1
QSO_4.7930889-24.3146919,55540.37495450003,18.274,0.165,W1
QSO_4.7930889-24.3146919,55544.00973399999,18.208,0.153,W1
QSO_4.7930889-24.3146919,56640.030319999976,18.189,0.15,W1
QSO_4.7930889-24.3146919,56824.379045,18.072,0.14,W1
QSO_4.7930889-24.3146919,56824.51062749997,18.526,0.217,W1
QSO_4.7930889-24.3146919,56824.77353699998,17.907,0.152,W1
QSO_4.7930889-24.3146919,56827.73222699998,17.964,0.124,W1
QSO_4.7930889-24.3146919,56827.86366350001,17.999000000000002,0.123,W1
QSO_4.7930889-24.3146919,56827.995245999984,18.015,0.153,W1
QSO_4.7930889-24.3146919,57004.87512200002,18.092,0.131,W1
QSO_4.7930889-24.3146919,57004.94078549999,18.088,0.15,W1
QSO_4.7930889-24.3146919,57005.07211250001,17.679000000000002,0.102,W1
QSO_4.7930889-24.3146919,57005.20343950004,18.156,0.157,W1
QSO_4.7930889-24.3146919,57188.719714254905,18.065,0.123,W1
QSO_4.7930889-24.3146919,57189.24425577161,17.814999999999998,0.141,W1
QSO_4.7930889-24.3146919,57189.30991927366,18.297,0.146,W1
QSO_4.7930889-24.3146919,57189.375436775765,18.373,0.178,W1
QSO_4.7930889-24.3146919,57189.57217178196,18.183,0.144,W1
QSO_4.7930889-24.3146919,57189.70324328611,18.292,0.152,W1
QSO_4.7930889-24.3146919,57363.10484571056,18.108,0.147,W1
QSO_4.7930889-24.3146919,57363.563577725086,18.273,0.147,W1
QSO_4.7930889-24.3146919,57363.62913172722,18.199,0.143,W1
QSO_4.7930889-24.3146919,57363.694649229314,17.855,0.11,W1
QSO_4.7930889-24.3146919,57363.95679223761,18.138,0.159,W1
QSO_4.7930889-24.3146919,57553.08229222045,18.077,0.126,W1
QSO_4.7930889-24.3146919,57553.34489722869,18.063,0.161,W1
QSO_4.7930889-24.3146919,57553.41048443079,18.254,0.152,W1
QSO_4.7930889-24.3146919,57553.541768634976,17.883,0.111,W1
QSO_4.7930889-24.3146919,57553.738786441216,18.003,0.117,W1
QSO_4.7930889-24.3146919,57554.06697865155,18.155,0.138,W1
QSO_4.7930889-24.3146919,57723.25601060183,18.271,0.149,W1
QSO_4.7930889-24.3146919,57723.32159780392,17.95,0.135,W1
QSO_4.7930889-24.3146919,57723.38729480602,18.164,0.143,W1
QSO_4.7930889-24.3146919,57723.51861561016,18.107,0.145,W1
QSO_4.7930889-24.3146919,57723.58420281225,18.143,0.173,W1
QSO_4.7930889-24.3146919,57723.84666142054,17.91,0.156,W1
QSO_4.7930889-24.3146919,57917.80615999998,18.147,0.19,W1
QSO_4.7930889-24.3146919,57917.93712199996,17.967,0.115,W1
QSO_4.7930889-24.3146919,57918.002529999976,17.986,0.125,W1
QSO_4.7930889-24.3146919,57918.06793799999,17.951,0.119,W1
QSO_4.7930889-24.3146919,57918.13334600001,17.945,0.119,W1
QSO_4.7930889-24.3146919,57918.19875400003,18.206,0.147,W1
QSO_4.7930889-24.3146919,57918.3950875,17.985,0.13,W1
QSO_4.7930889-24.3146919,57918.65671949999,17.926000000000002,0.152,W1
QSO_4.7930889-24.3146919,58083.47987899998,17.837,0.102,W1
QSO_4.7930889-24.3146919,58083.61069500001,18.257,0.17,W1
QSO_4.7930889-24.3146919,58083.74151099997,18.03,0.131,W1
QSO_4.7930889-24.3146919,58084.06855099997,17.956,0.139,W1
QSO_4.7930889-24.3146919,58084.06866049997,17.944,0.122,W1
QSO_4.7930889-24.3146919,58084.13406849999,18.111,0.149,W1
QSO_4.7930889-24.3146919,58084.33029250004,18.194,0.143,W1
QSO_4.7930889-24.3146919,58084.46110849999,18.062,0.142,W1
QSO_4.7930889-24.3146919,58086.35815950001,18.32,0.196,W1
QSO_4.7930889-24.3146919,58086.6197915,18.205,0.222,W1
QSO_4.7930889-24.3146919,58086.68519950001,17.925,0.205,W1
QSO_4.7930889-24.3146919,58087.07775700004,17.986,0.127,W1
QSO_4.7930889-24.3146919,58284.50757099999,18.083,0.131,W1
QSO_4.7930889-24.3146919,58284.83446500004,18.221,0.143,W1
QSO_4.7930889-24.3146919,58284.89987299997,18.39,0.169,W1
QSO_4.7930889-24.3146919,58285.09609700003,18.152,0.142,W1
QSO_4.7930889-24.3146919,58285.488399000016,17.951,0.119,W1
QSO_4.7930889-24.3146919,58446.83376550001,18.038,0.159,W1
QSO_4.7930889-24.3146919,58446.96458149996,18.315,0.147,W1
QSO_4.7930889-24.3146919,58447.16080550001,18.003,0.116,W1
QSO_4.7930889-24.3146919,58447.35688350003,18.202,0.14,W1
QSO_4.7930889-24.3146919,58447.42229149997,18.061,0.153,W1
QSO_4.7930889-24.3146919,58447.5531075,18.204,,W1
QSO_4.7930889-24.3146919,58648.439763500006,18.094,0.134,W1
QSO_4.7930889-24.3146919,58648.63584150003,18.245,0.155,W1
QSO_4.7930889-24.3146919,58648.70110350001,17.964,0.139,W1
QSO_4.7930889-24.3146919,58648.89732749998,18.257,0.154,W1
QSO_4.7930889-24.3146919,58649.158704000016,18.217,0.166,W1
QSO_4.7930889-24.3146919,58649.28951999996,17.938000000000002,0.144,W1
QSO_4.7930889-24.3146919,58810.71244899999,17.982,0.143,W1
QSO_4.7930889-24.3146919,58810.84311899999,18.275,0.231,W1
QSO_4.7930889-24.3146919,58810.97382550003,17.604,0.132,W1
QSO_4.7930889-24.3146919,58811.03923350004,18.307,0.166,W1
QSO_4.7930889-24.3146919,58811.3007195,17.957,0.12,W1
QSO_4.7930889-24.3146919,58811.69240099999,17.991,0.118,W1
QSO_4.7930889-24.3146919,59015.71369539998,18.119,0.139,W1
QSO_4.7930889-24.3146919,59015.97578800001,18.677,0.236,W1
QSO_4.7930889-24.3146919,59016.04137520003,18.457,0.182,W1
QSO_4.7930889-24.3146919,59016.17240320004,17.844,0.116,W1
QSO_4.7930889-24.3146919,59016.368908599965,18.171,0.156,W1
QSO_4.7930889-24.3146919,59016.43449579999,18.026,0.122,W1
QSO_4.7930889-24.3146919,59016.69658840002,17.983,0.183,W1
QSO_4.7930889-24.3146919,59175.36219999997,18.288,0.196,W1
QSO_4.7930889-24.3146919,59175.49322799996,17.939,0.117,W1
QSO_4.7930889-24.3146919,59175.6242926,18.151,0.139,W1
QSO_4.7930889-24.3146919,59175.7553206,17.747,0.139,W1
QSO_4.7930889-24.3146919,59178.50687200001,17.924,0.187,W1
QSO_4.7930889-24.3146919,59178.63793659996,18.156,0.198,W1
QSO_4.7930889-24.3146919,59178.76896459996,18.391,0.221,W1
QSO_4.7930889-24.3146919,59178.90002919999,18.167,0.199,W1
QSO_4.7930889-24.3146919,59380.18626149996,18.293,0.159,W1
QSO_4.7930889-24.3146919,59380.31682199997,17.986,0.12,W1
QSO_4.7930889-24.3146919,59380.839282999965,17.984,0.155,W1
QSO_4.7930889-24.3146919,59380.83942899999,18.281,0.164,W1
QSO_4.7930889-24.3146919,59381.035251499976,18.13,0.162,W1
QSO_4.7930889-24.3146919,59381.16595800001,18.179,0.145,W1
QSO_4.7930889-24.3146919,59542.43434600002,18.094,0.126,W1
QSO_4.7930889-24.3146919,59542.56490650002,18.119,0.162,W1
QSO_4.7930889-24.3146919,59542.69557650002,17.899,0.162,W1
QSO_4.7930889-24.3146919,59543.08740399996,18.179,0.144,W1
QSO_4.7930889-24.3146919,59543.15266600003,17.955,0.13,W1
QSO_4.7930889-24.3146919,59543.283226500025,18.517,0.177,W1
QSO_4.7930889-24.3146919,59543.41378700003,17.963,0.116,W1
QSO_4.7930889-24.3146919,59744.44585900003,17.814999999999998,0.162,W1
QSO_4.7930889-24.3146919,59744.6414625,17.878,0.105,W1
QSO_4.7930889-24.3146919,59744.70672449999,17.807000000000002,0.135,W1
QSO_4.7930889-24.3146919,59744.77187699997,18.012999999999998,0.134,W1
QSO_4.7930889-24.3146919,59745.032742500014,17.95,0.116,W1
QSO_4.7930889-24.3146919,59906.337229000026,18.165,0.151,W1
QSO_4.7930889-24.3146919,59906.92283499999,18.185,0.141,W1
QSO_4.7930889-24.3146919,59906.98838900004,18.133,0.176,W1
QSO_4.7930889-24.3146919,59907.05354150002,17.997999999999998,0.126,W1
QSO_4.7930889-24.3146919,59907.183700500034,17.636,0.147,W1
QSO_4.7930889-24.3146919,59907.18384649998,18.369,0.163,W1
QSO_4.7930889-24.3146919,59907.3140055,18.191000000000003,0.14,W1
QSO_4.7930889-24.3146919,60110.90100449996,18.024,0.138,W1
QSO_4.7930889-24.3146919,60111.16033700003,18.062,0.231,W1
QSO_4.7930889-24.3146919,60111.225233999976,18.229,0.213,W1
QSO_4.7930889-24.3146919,60111.28998499997,18.2,0.187,W1
QSO_4.7930889-24.3146919,60111.354882,17.771,0.148,W1
QSO_4.7930889-24.3146919,60111.41966950002,18.104,0.181,W1
QSO_4.7930889-24.3146919,60111.48456649997,18.171,0.149,W1
QSO_4.7930889-24.3146919,60111.54935399999,18.059,0.14,W1
QSO_4.7930889-24.3146919,60111.54946349999,18.115,0.138,W1
QSO_4.7930889-24.3146919,60111.61425100001,18.103,0.138,W1
QSO_4.7930889-24.3146919,60111.74389900004,18.425,0.267,W1
QSO_4.7930889-24.3146919,60111.8735835,18.148,0.155,W1
QSO_4.7930889-24.3146919,60273.12237099998,17.905,0.14,W1
QSO_4.7930889-24.3146919,60273.251508000016,18.346,0.188,W1
QSO_4.7930889-24.3146919,60273.70363349999,18.477,0.221,W1
QSO_4.7930889-24.3146919,60273.768165499976,18.323,0.166,W1
QSO_4.7930889-24.3146919,60273.961980500026,18.253,0.17,W1
QSO_4.7930889-24.3146919,60274.09100799997,18.063,0.142,W1
QSO_4.7930889-24.3146919,60274.09111749997,17.477,0.192,W1
QSO_4.7930889-24.3146919,60475.44250420001,18.119,0.174,W1
QSO_4.7930889-24.3146919,60475.63480060002,17.865000000000002,0.175,W1
QSO_4.7930889-24.3146919,60475.698850599976,18.412,0.228,W1
QSO_4.7930889-24.3146919,60475.89114699999,18.038,0.19,W1
QSO_4.7930889-24.3146919,55362.357483000014,18.287,0.281,W2
QSO_4.7930889-24.3146919,55362.35759250002,18.166,0.256,W2
QSO_4.7930889-24.3146919,55362.48968599999,18.159,0.241,W2
QSO_4.7930889-24.3146919,55362.55586050003,17.998,0.242,W2
QSO_4.7930889-24.3146919,55362.621888999965,18.379,0.32,W2
QSO_4.7930889-24.3146919,55362.688063500005,18.508,0.359,W2
QSO_4.7930889-24.3146919,55362.75409200002,18.246,0.27,W2
QSO_4.7930889-24.3146919,55362.820266499984,17.89,0.229,W2
QSO_4.7930889-24.3146919,55362.95250599999,18.188,0.27,W2
QSO_4.7930889-24.3146919,55539.780187000026,18.199,0.282,W2
QSO_4.7930889-24.3146919,55539.91224399996,17.727999999999998,0.183,W2
QSO_4.7930889-24.3146919,55539.97841850001,18.217,0.271,W2
QSO_4.7930889-24.3146919,55540.044483499965,18.168,,W2
QSO_4.7930889-24.3146919,55540.11051199998,17.926,0.231,W2
QSO_4.7930889-24.3146919,55540.176686500025,18.536,0.369,W2
QSO_4.7930889-24.3146919,55540.24271500003,18.161,0.28,W2
QSO_4.7930889-24.3146919,55540.30877999999,18.481,0.352,W2
QSO_4.7930889-24.3146919,55540.37495450003,17.956,0.255,W2
QSO_4.7930889-24.3146919,55544.00973399999,18.294,0.379,W2
QSO_4.7930889-24.3146919,56640.030319999976,18.1,0.311,W2
QSO_4.7930889-24.3146919,56824.379045,18.365,0.383,W2
QSO_4.7930889-24.3146919,56824.51062749997,17.971999999999998,0.236,W2
QSO_4.7930889-24.3146919,56824.77353699998,17.698999999999998,,W2
QSO_4.7930889-24.3146919,56827.73222699998,18.039,,W2
QSO_4.7930889-24.3146919,56827.86366350001,18.382,,W2
QSO_4.7930889-24.3146919,56827.995245999984,17.78,,W2
QSO_4.7930889-24.3146919,57004.87512200002,18.389,0.364,W2
QSO_4.7930889-24.3146919,57004.94078549999,18.118,0.28,W2
QSO_4.7930889-24.3146919,57005.07211250001,17.916,,W2
QSO_4.7930889-24.3146919,57005.20343950004,18.713,0.452,W2
QSO_4.7930889-24.3146919,57188.719714254905,18.054,0.317,W2
QSO_4.7930889-24.3146919,57189.24425577161,18.141,0.274,W2
QSO_4.7930889-24.3146919,57189.30991927366,18.033,,W2
QSO_4.7930889-24.3146919,57189.375436775765,17.881,0.224,W2
QSO_4.7930889-24.3146919,57189.57217178196,17.299,,W2
QSO_4.7930889-24.3146919,57189.70324328611,17.996,,W2
QSO_4.7930889-24.3146919,57363.10484571056,18.058,0.417,W2
QSO_4.7930889-24.3146919,57363.563577725086,18.472,0.392,W2
QSO_4.7930889-24.3146919,57363.62913172722,17.933,0.224,W2
QSO_4.7930889-24.3146919,57363.694649229314,18.415,,W2
QSO_4.7930889-24.3146919,57363.95679223761,18.204,0.272,W2
QSO_4.7930889-24.3146919,57553.08229222045,18.0,0.272,W2
QSO_4.7930889-24.3146919,57553.34489722869,17.858,0.23,W2
QSO_4.7930889-24.3146919,57553.41048443079,17.755,0.201,W2
QSO_4.7930889-24.3146919,57553.541768634976,17.945999999999998,0.277,W2
QSO_4.7930889-24.3146919,57553.738786441216,18.093,0.265,W2
QSO_4.7930889-24.3146919,57554.06697865155,17.755,,W2
QSO_4.7930889-24.3146919,57723.25601060183,17.605,,W2
QSO_4.7930889-24.3146919,57723.32159780392,17.788,0.267,W2
QSO_4.7930889-24.3146919,57723.38729480602,17.875,0.381,W2
QSO_4.7930889-24.3146919,57723.51861561016,18.113,0.349,W2
QSO_4.7930889-24.3146919,57723.58420281225,17.876,,W2
QSO_4.7930889-24.3146919,57723.84666142054,18.173,0.296,W2
QSO_4.7930889-24.3146919,57917.80615999998,18.102,0.292,W2
QSO_4.7930889-24.3146919,57917.93712199996,17.998,0.389,W2
QSO_4.7930889-24.3146919,57918.002529999976,17.422,0.194,W2
QSO_4.7930889-24.3146919,57918.06793799999,18.131,0.493,W2
QSO_4.7930889-24.3146919,57918.13334600001,18.202,0.34,W2
QSO_4.7930889-24.3146919,57918.19875400003,18.222,0.354,W2
QSO_4.7930889-24.3146919,57918.3950875,18.241,0.399,W2
QSO_4.7930889-24.3146919,57918.65671949999,18.582,0.455,W2
QSO_4.7930889-24.3146919,58083.47987899998,18.256,0.31,W2
QSO_4.7930889-24.3146919,58083.61069500001,17.86,,W2
QSO_4.7930889-24.3146919,58083.74151099997,17.588,,W2
QSO_4.7930889-24.3146919,58084.06855099997,18.053,,W2
QSO_4.7930889-24.3146919,58084.06866049997,18.581,0.532,W2
QSO_4.7930889-24.3146919,58084.13406849999,17.807,0.375,W2
QSO_4.7930889-24.3146919,58084.33029250004,17.748,,W2
QSO_4.7930889-24.3146919,58084.46110849999,18.082,0.387,W2
QSO_4.7930889-24.3146919,58086.35815950001,18.022,,W2
QSO_4.7930889-24.3146919,58086.6197915,17.323,,W2
QSO_4.7930889-24.3146919,58086.68519950001,17.329,,W2
QSO_4.7930889-24.3146919,58087.07775700004,17.815,0.315,W2
QSO_4.7930889-24.3146919,58284.50757099999,17.851,0.255,W2
QSO_4.7930889-24.3146919,58284.83446500004,17.716,0.231,W2
QSO_4.7930889-24.3146919,58284.89987299997,17.987,0.353,W2
QSO_4.7930889-24.3146919,58285.09609700003,17.644,0.21,W2
QSO_4.7930889-24.3146919,58285.488399000016,18.38,0.329,W2
QSO_4.7930889-24.3146919,58446.83376550001,18.066,,W2
QSO_4.7930889-24.3146919,58446.96458149996,18.266,0.344,W2
QSO_4.7930889-24.3146919,58447.16080550001,18.185,0.432,W2
QSO_4.7930889-24.3146919,58447.35688350003,17.903,0.243,W2
QSO_4.7930889-24.3146919,58447.42229149997,18.122,0.404,W2
QSO_4.7930889-24.3146919,58447.5531075,18.255,0.32,W2
QSO_4.7930889-24.3146919,58648.439763500006,18.216,,W2
QSO_4.7930889-24.3146919,58648.63584150003,18.43,0.4,W2
QSO_4.7930889-24.3146919,58648.70110350001,18.105,0.335,W2
QSO_4.7930889-24.3146919,58648.89732749998,18.486,0.41,W2
QSO_4.7930889-24.3146919,58649.158704000016,18.354,0.493,W2
QSO_4.7930889-24.3146919,58649.28951999996,18.227,0.356,W2
QSO_4.7930889-24.3146919,58810.71244899999,18.367,0.471,W2
QSO_4.7930889-24.3146919,58810.84311899999,18.492,0.42,W2
QSO_4.7930889-24.3146919,58810.97382550003,18.282,0.31,W2
QSO_4.7930889-24.3146919,58811.03923350004,18.319,,W2
QSO_4.7930889-24.3146919,58811.3007195,17.93,0.289,W2
QSO_4.7930889-24.3146919,58811.69240099999,18.273,0.294,W2
QSO_4.7930889-24.3146919,59015.71369539998,18.38,0.455,W2
QSO_4.7930889-24.3146919,59015.97578800001,17.944,0.273,W2
QSO_4.7930889-24.3146919,59016.04137520003,17.974,0.285,W2
QSO_4.7930889-24.3146919,59016.17240320004,18.039,0.315,W2
QSO_4.7930889-24.3146919,59016.368908599965,18.395,,W2
QSO_4.7930889-24.3146919,59016.43449579999,18.068,,W2
QSO_4.7930889-24.3146919,59016.69658840002,17.83,,W2
QSO_4.7930889-24.3146919,59175.36219999997,18.574,0.411,W2
QSO_4.7930889-24.3146919,59175.49322799996,17.983999999999998,,W2
QSO_4.7930889-24.3146919,59175.6242926,17.675,,W2
QSO_4.7930889-24.3146919,59175.7553206,17.936,0.33,W2
QSO_4.7930889-24.3146919,59178.50687200001,17.817999999999998,0.377,W2
QSO_4.7930889-24.3146919,59178.63793659996,17.389,,W2
QSO_4.7930889-24.3146919,59178.76896459996,17.977999999999998,0.482,W2
QSO_4.7930889-24.3146919,59178.90002919999,17.887999999999998,,W2
QSO_4.7930889-24.3146919,59380.18626149996,18.533,0.424,W2
QSO_4.7930889-24.3146919,59380.31682199997,17.631999999999998,0.279,W2
QSO_4.7930889-24.3146919,59380.839282999965,18.408,0.448,W2
QSO_4.7930889-24.3146919,59380.83942899999,17.927,,W2
QSO_4.7930889-24.3146919,59381.035251499976,17.913999999999998,0.332,W2
QSO_4.7930889-24.3146919,59381.16595800001,17.985,0.421,W2
QSO_4.7930889-24.3146919,59542.43434600002,17.812,0.237,W2
QSO_4.7930889-24.3146919,59542.56490650002,18.003,0.246,W2
QSO_4.7930889-24.3146919,59542.69557650002,17.625,0.341,W2
QSO_4.7930889-24.3146919,59543.08740399996,17.908,,W2
QSO_4.7930889-24.3146919,59543.15266600003,18.457,0.454,W2
QSO_4.7930889-24.3146919,59543.283226500025,17.842,0.294,W2
QSO_4.7930889-24.3146919,59543.41378700003,18.512,0.375,W2
QSO_4.7930889-24.3146919,59744.44585900003,18.144,0.36,W2
QSO_4.7930889-24.3146919,59744.6414625,18.482,0.4,W2
QSO_4.7930889-24.3146919,59744.70672449999,18.401,0.424,W2
QSO_4.7930889-24.3146919,59744.77187699997,17.769,0.305,W2
QSO_4.7930889-24.3146919,59745.032742500014,18.069,,W2
QSO_4.7930889-24.3146919,59906.337229000026,17.794999999999998,0.206,W2
QSO_4.7930889-24.3146919,59906.92283499999,17.628999999999998,0.295,W2
QSO_4.7930889-24.3146919,59906.98838900004,18.496,0.353,W2
QSO_4.7930889-24.3146919,59907.05354150002,17.892,0.287,W2
QSO_4.7930889-24.3146919,59907.183700500034,18.701,0.538,W2
QSO_4.7930889-24.3146919,59907.18384649998,18.922,0.479,W2
QSO_4.7930889-24.3146919,59907.3140055,18.081,0.282,W2
QSO_4.7930889-24.3146919,60110.90100449996,18.173,0.33,W2
QSO_4.7930889-24.3146919,60111.16033700003,17.994,,W2
QSO_4.7930889-24.3146919,60111.225233999976,18.383,0.499,W2
QSO_4.7930889-24.3146919,60111.28998499997,18.121,0.425,W2
QSO_4.7930889-24.3146919,60111.354882,17.977999999999998,,W2
QSO_4.7930889-24.3146919,60111.41966950002,18.312,0.489,W2
QSO_4.7930889-24.3146919,60111.48456649997,17.829,0.358,W2
QSO_4.7930889-24.3146919,60111.54935399999,18.168,0.395,W2
QSO_4.7930889-24.3146919,60111.54946349999,17.721,0.212,W2
QSO_4.7930889-24.3146919,60111.61425100001,18.346,,W2
QSO_4.7930889-24.3146919,60111.74389900004,17.994,0.334,W2
QSO_4.7930889-24.3146919,60111.8735835,18.336,0.471,W2
QSO_4.7930889-24.3146919,60273.12237099998,18.45,0.39,W2
QSO_4.7930889-24.3146919,60273.251508000016,17.66,0.264,W2
QSO_4.7930889-24.3146919,60273.70363349999,17.907,,W2
QSO_4.7930889-24.3146919,60273.768165499976,18.273,,W2
QSO_4.7930889-24.3146919,60273.961980500026,18.073,,W2
QSO_4.7930889-24.3146919,60274.09100799997,18.801,0.505,W2
QSO_4.7930889-24.3146919,60274.09111749997,18.261,0.315,W2
QSO_4.7930889-24.3146919,60475.44250420001,17.971999999999998,,W2
QSO_4.7930889-24.3146919,60475.63480060002,18.229,0.453,W2
QSO_4.7930889-24.3146919,60475.698850599976,18.137,,W2
QSO_4.7930889-24.3146919,60475.89114699999,17.493,,W2
QSO_4.8898119-24.2062743,55362.357483000014,17.756999999999998,0.227,W1
QSO_4.8898119-24.2062743,55362.357483000014,17.387999999999998,0.08,W1
QSO_4.8898119-24.2062743,55362.48968599999,18.022,0.257,W1
QSO_4.8898119-24.2062743,55362.48968599999,17.625999999999998,0.099,W1
QSO_4.8898119-24.2062743,55362.621888999965,17.564,0.09,W1
QSO_4.8898119-24.2062743,55362.621888999965,17.791,0.541,W1
QSO_4.8898119-24.2062743,55362.688063500005,17.238,,W1
QSO_4.8898119-24.2062743,55362.688063500005,17.573999999999998,0.093,W1
QSO_4.8898119-24.2062743,55362.75409200002,16.576,,W1
QSO_4.8898119-24.2062743,55362.75409200002,17.469,0.086,W1
QSO_4.8898119-24.2062743,55362.820266499984,17.653,0.318,W1
QSO_4.8898119-24.2062743,55362.820266499984,17.547,0.095,W1
QSO_4.8898119-24.2062743,55362.88633150002,17.331,,W1
QSO_4.8898119-24.2062743,55362.88633150002,17.448,0.086,W1
QSO_4.8898119-24.2062743,55362.95250599999,17.649,0.096,W1
QSO_4.8898119-24.2062743,55362.95250599999,17.892,0.198,W1
QSO_4.8898119-24.2062743,55363.34900549999,17.807000000000002,,W1
QSO_4.8898119-24.2062743,55363.34900549999,17.465,0.096,W1
QSO_4.8898119-24.2062743,55363.34911499999,17.484,0.09,W1
QSO_4.8898119-24.2062743,55363.34911499999,16.622999999999998,,W1
QSO_4.8898119-24.2062743,55539.780187000026,18.533,,W1
QSO_4.8898119-24.2062743,55539.780187000026,17.47,0.093,W1
QSO_4.8898119-24.2062743,55539.91224399996,17.5,0.089,W1
QSO_4.8898119-24.2062743,55539.91224399996,18.874,,W1
QSO_4.8898119-24.2062743,55540.044483499965,18.626,0.54,W1
QSO_4.8898119-24.2062743,55540.044483499965,17.393,0.078,W1
QSO_4.8898119-24.2062743,55540.11051199998,17.392,0.079,W1
QSO_4.8898119-24.2062743,55540.11051199998,18.014,0.265,W1
QSO_4.8898119-24.2062743,55540.176686500025,17.918,0.179,W1
QSO_4.8898119-24.2062743,55540.176686500025,17.637999999999998,0.096,W1
QSO_4.8898119-24.2062743,55540.24271500003,17.641,0.106,W1
QSO_4.8898119-24.2062743,55540.24271500003,18.305,,W1
QSO_4.8898119-24.2062743,55540.30877999999,18.087,0.308,W1
QSO_4.8898119-24.2062743,55540.30877999999,17.347,0.08,W1
QSO_4.8898119-24.2062743,55540.37495450003,17.517,0.089,W1
QSO_4.8898119-24.2062743,55540.37495450003,18.598,,W1
QSO_4.8898119-24.2062743,55540.77145400003,17.543,0.098,W1
QSO_4.8898119-24.2062743,55540.77145400003,17.727,0.211,W1
QSO_4.8898119-24.2062743,55544.00973399999,17.494,0.097,W1
QSO_4.8898119-24.2062743,55544.00973399999,17.601,0.276,W1
QSO_4.8898119-24.2062743,56640.030319999976,17.471,0.089,W1
QSO_4.8898119-24.2062743,56640.096238999984,17.455,0.097,W1
QSO_4.8898119-24.2062743,56640.16201200004,17.677,0.104,W1
QSO_4.8898119-24.2062743,56824.379045,17.447,0.081,W1
QSO_4.8898119-24.2062743,56824.51048150002,17.372999999999998,0.077,W1
QSO_4.8898119-24.2062743,56824.77353699998,17.425,0.144,W1
QSO_4.8898119-24.2062743,56827.73222699998,17.509,0.086,W1
QSO_4.8898119-24.2062743,56827.86366350001,17.430999999999997,0.084,W1
QSO_4.8898119-24.2062743,56827.995245999984,17.406,0.092,W1
QSO_4.8898119-24.2062743,56828.38973799997,17.654,0.115,W1
QSO_4.8898119-24.2062743,57004.87512200002,17.468,0.085,W1
QSO_4.8898119-24.2062743,57004.94078549999,17.325,0.078,W1
QSO_4.8898119-24.2062743,57005.00644900005,17.262999999999998,0.075,W1
QSO_4.8898119-24.2062743,57005.07211250001,17.567,0.092,W1
QSO_4.8898119-24.2062743,57005.20343950004,17.653,0.105,W1
QSO_4.8898119-24.2062743,57005.20354899996,17.661,0.131,W1
QSO_4.8898119-24.2062743,57005.33487599999,17.646,0.108,W1
QSO_4.8898119-24.2062743,57189.24425577161,17.848,0.156,W1
QSO_4.8898119-24.2062743,57189.30991927366,17.557000000000002,0.09,W1
QSO_4.8898119-24.2062743,57189.375436775765,17.433999999999997,0.087,W1
QSO_4.8898119-24.2062743,57189.50650827991,17.570999999999998,0.113,W1
QSO_4.8898119-24.2062743,57189.50665427986,17.375999999999998,0.079,W1
QSO_4.8898119-24.2062743,57189.57217178196,17.4,0.13,W1
QSO_4.8898119-24.2062743,57189.70324328611,17.466,0.122,W1
QSO_4.8898119-24.2062743,57189.83446079029,17.502000000000002,0.096,W1
QSO_4.8898119-24.2062743,57363.62913172722,17.38,0.081,W1
QSO_4.8898119-24.2062743,57363.694649229314,17.603,0.089,W1
QSO_4.8898119-24.2062743,57363.89123823548,17.461,0.08,W1
QSO_4.8898119-24.2062743,57363.95679223761,17.816000000000003,0.143,W1
QSO_4.8898119-24.2062743,57364.21878924594,17.569,0.123,W1
QSO_4.8898119-24.2062743,57553.34489722869,17.444,0.103,W1
QSO_4.8898119-24.2062743,57553.541768634976,17.488999999999997,0.084,W1
QSO_4.8898119-24.2062743,57553.738786441216,17.359,0.117,W1
QSO_4.8898119-24.2062743,57553.87010724536,17.435000000000002,0.077,W1
QSO_4.8898119-24.2062743,57553.93569444744,17.394,0.08,W1
QSO_4.8898119-24.2062743,57723.25601060183,17.506999999999998,0.136,W1
QSO_4.8898119-24.2062743,57723.38729480602,17.536,0.092,W1
QSO_4.8898119-24.2062743,57723.51861561016,17.372,0.076,W1
QSO_4.8898119-24.2062743,57723.58420281225,17.686999999999998,0.173,W1
QSO_4.8898119-24.2062743,57723.64979001434,17.482,0.085,W1
QSO_4.8898119-24.2062743,57723.84666142054,17.569,0.096,W1
QSO_4.8898119-24.2062743,57723.8468078205,17.436,0.082,W1
QSO_4.8898119-24.2062743,57917.80615999998,17.653,0.099,W1
QSO_4.8898119-24.2062743,57917.93712199996,17.547,0.095,W1
QSO_4.8898119-24.2062743,57918.06793799999,17.487000000000002,0.093,W1
QSO_4.8898119-24.2062743,57918.13334600001,17.72,0.106,W1
QSO_4.8898119-24.2062743,57918.19875400003,17.473,0.108,W1
QSO_4.8898119-24.2062743,57918.32956999998,17.619,0.138,W1
QSO_4.8898119-24.2062743,57918.3950875,17.713,0.099,W1
QSO_4.8898119-24.2062743,57918.65671949999,17.596,0.126,W1
QSO_4.8898119-24.2062743,58083.61069500001,17.531,0.105,W1
QSO_4.8898119-24.2062743,58083.74151099997,17.465,0.089,W1
QSO_4.8898119-24.2062743,58084.06866049997,17.564999999999998,0.097,W1
QSO_4.8898119-24.2062743,58084.13406849999,17.477,0.093,W1
QSO_4.8898119-24.2062743,58084.26488450002,17.291,0.074,W1
QSO_4.8898119-24.2062743,58084.33029250004,17.532,0.092,W1
QSO_4.8898119-24.2062743,58084.46110849999,17.619,0.111,W1
QSO_4.8898119-24.2062743,58084.591924500026,17.589,0.104,W1
QSO_4.8898119-24.2062743,58086.6197915,17.302,0.111,W1
QSO_4.8898119-24.2062743,58087.07775700004,17.666,0.102,W1
QSO_4.8898119-24.2062743,58087.470204999976,17.372999999999998,0.086,W1
QSO_4.8898119-24.2062743,58087.47035100001,17.544,0.156,W1
QSO_4.8898119-24.2062743,58284.50757099999,17.719,0.172,W1
QSO_4.8898119-24.2062743,58284.89987299997,17.444,0.082,W1
QSO_4.8898119-24.2062743,58285.09609700003,17.374000000000002,0.079,W1
QSO_4.8898119-24.2062743,58285.16139549996,17.802,0.108,W1
QSO_4.8898119-24.2062743,58285.488399000016,17.697,0.097,W1
QSO_4.8898119-24.2062743,58285.61921499997,17.48,0.081,W1
QSO_4.8898119-24.2062743,58446.83376550001,17.348,0.083,W1
QSO_4.8898119-24.2062743,58446.96458149996,17.430999999999997,0.092,W1
QSO_4.8898119-24.2062743,58447.29147550002,17.363,0.08,W1
QSO_4.8898119-24.2062743,58447.35688350003,17.488,0.088,W1
QSO_4.8898119-24.2062743,58447.42229149997,17.333,0.105,W1
QSO_4.8898119-24.2062743,58447.48769949999,17.490000000000002,0.084,W1
QSO_4.8898119-24.2062743,58447.5531075,17.478,0.082,W1
QSO_4.8898119-24.2062743,58648.439763500006,17.465,0.083,W1
QSO_4.8898119-24.2062743,58648.57043350001,17.622,0.095,W1
QSO_4.8898119-24.2062743,58648.70110350001,17.265,0.084,W1
QSO_4.8898119-24.2062743,58648.89721799998,17.628999999999998,0.093,W1
QSO_4.8898119-24.2062743,58649.158704000016,17.578,0.097,W1
QSO_4.8898119-24.2062743,58649.28951999996,17.561,0.087,W1
QSO_4.8898119-24.2062743,58649.4202265,17.641,0.096,W1
QSO_4.8898119-24.2062743,58810.71244899999,17.301000000000002,0.068,W1
QSO_4.8898119-24.2062743,58810.84311899999,17.578,0.15,W1
QSO_4.8898119-24.2062743,58810.97382550003,17.517,0.097,W1
QSO_4.8898119-24.2062743,58810.97393500002,17.576,0.112,W1
QSO_4.8898119-24.2062743,58811.3007195,17.506,0.131,W1
QSO_4.8898119-24.2062743,58811.69240099999,17.602,0.091,W1
QSO_4.8898119-24.2062743,59015.97578800001,17.54,0.091,W1
QSO_4.8898119-24.2062743,59016.17240320004,17.521,0.085,W1
QSO_4.8898119-24.2062743,59016.368908599965,17.783,0.121,W1
QSO_4.8898119-24.2062743,59016.43449579999,17.655,0.097,W1
QSO_4.8898119-24.2062743,59016.4999732,17.588,0.144,W1
QSO_4.8898119-24.2062743,59016.500083,17.38,0.114,W1
QSO_4.8898119-24.2062743,59016.56556040001,17.6,0.094,W1
QSO_4.8898119-24.2062743,59016.69658840002,17.532,0.142,W1
QSO_4.8898119-24.2062743,59175.49322799996,17.488999999999997,0.082,W1
QSO_4.8898119-24.2062743,59175.6242926,17.561,0.093,W1
QSO_4.8898119-24.2062743,59175.7553206,17.772,0.125,W1
QSO_4.8898119-24.2062743,59175.88638520003,17.527,0.112,W1
QSO_4.8898119-24.2062743,59178.50687200001,17.633,0.118,W1
QSO_4.8898119-24.2062743,59178.63793659996,17.905,0.168,W1
QSO_4.8898119-24.2062743,59178.76896459996,17.512,0.103,W1
QSO_4.8898119-24.2062743,59178.90002919999,17.485,0.113,W1
QSO_4.8898119-24.2062743,59380.31682199997,17.509999999999998,0.086,W1
QSO_4.8898119-24.2062743,59380.839282999965,17.776,0.121,W1
QSO_4.8898119-24.2062743,59380.9699895,17.356,0.079,W1
QSO_4.8898119-24.2062743,59381.035251499976,17.461,0.131,W1
QSO_4.8898119-24.2062743,59381.16595800001,17.511,0.098,W1
QSO_4.8898119-24.2062743,59381.29651850001,17.503,0.095,W1
QSO_4.8898119-24.2062743,59542.69557650002,17.535,0.113,W1
QSO_4.8898119-24.2062743,59543.08740399996,17.525,0.109,W1
QSO_4.8898119-24.2062743,59543.15266600003,17.58,0.13,W1
QSO_4.8898119-24.2062743,59543.21796449996,17.468,0.081,W1
QSO_4.8898119-24.2062743,59543.283226500025,17.597,0.087,W1
QSO_4.8898119-24.2062743,59543.41378700003,17.633,0.116,W1
QSO_4.8898119-24.2062743,59543.41393299997,17.465,0.11,W1
QSO_4.8898119-24.2062743,59543.544493499976,17.734,0.102,W1
QSO_4.8898119-24.2062743,59744.44585900003,17.482,0.086,W1
QSO_4.8898119-24.2062743,59744.6414625,17.644,0.108,W1
QSO_4.8898119-24.2062743,59744.70672449999,17.649,0.1,W1
QSO_4.8898119-24.2062743,59744.77187699997,17.685000000000002,0.105,W1
QSO_4.8898119-24.2062743,59744.83702950004,17.469,0.093,W1
QSO_4.8898119-24.2062743,59744.90232799996,17.478,0.123,W1
QSO_4.8898119-24.2062743,59745.03263300001,17.698999999999998,0.108,W1
QSO_4.8898119-24.2062743,59745.032742500014,17.426000000000002,0.085,W1
QSO_4.8898119-24.2062743,59745.16304749997,17.625999999999998,0.164,W1
QSO_4.8898119-24.2062743,59906.92283499999,17.544,0.102,W1
QSO_4.8898119-24.2062743,59906.98838900004,17.582,0.09,W1
QSO_4.8898119-24.2062743,59907.05354150002,17.487000000000002,0.105,W1
QSO_4.8898119-24.2062743,59907.118694,17.397,0.101,W1
QSO_4.8898119-24.2062743,59907.18384649998,17.412,0.074,W1
QSO_4.8898119-24.2062743,59907.3140055,17.538,0.086,W1
QSO_4.8898119-24.2062743,59907.44431050004,17.563000000000002,0.098,W1
QSO_4.8898119-24.2062743,60111.16033700003,17.316000000000003,0.099,W1
QSO_4.8898119-24.2062743,60111.28998499997,17.58,0.109,W1
QSO_4.8898119-24.2062743,60111.354882,17.346,0.092,W1
QSO_4.8898119-24.2062743,60111.41966950002,17.472,0.098,W1
QSO_4.8898119-24.2062743,60111.48456649997,17.455,0.086,W1
QSO_4.8898119-24.2062743,60111.54935399999,17.356,0.084,W1
QSO_4.8898119-24.2062743,60111.67900200001,17.444,0.102,W1
QSO_4.8898119-24.2062743,60111.67914799996,17.59,0.116,W1
QSO_4.8898119-24.2062743,60111.74389900004,17.637,0.101,W1
QSO_4.8898119-24.2062743,60111.8735835,17.478,0.089,W1
QSO_4.8898119-24.2062743,60273.251508000016,17.549,0.119,W1
QSO_4.8898119-24.2062743,60273.70363349999,17.445999999999998,0.096,W1
QSO_4.8898119-24.2062743,60273.768165499976,17.578,0.098,W1
QSO_4.8898119-24.2062743,60273.83280699996,17.378,0.089,W1
QSO_4.8898119-24.2062743,60273.89730250001,17.727,0.106,W1
QSO_4.8898119-24.2062743,60273.961980500026,17.555999999999997,0.107,W1
QSO_4.8898119-24.2062743,60274.09111749997,17.432000000000002,0.121,W1
QSO_4.8898119-24.2062743,60274.220291000034,17.46,0.116,W1
QSO_4.8898119-24.2062743,60475.44250420001,17.308,0.088,W1
QSO_4.8898119-24.2062743,60475.698850599976,17.389,0.103,W1
QSO_4.8898119-24.2062743,60475.89103719998,17.575,0.132,W1
QSO_4.8898119-24.2062743,60475.955087200025,17.625,0.212,W1
QSO_4.8898119-24.2062743,60476.08333359999,17.354,0.087,W1
QSO_4.8898119-24.2062743,55362.357483000014,17.218,,W2
QSO_4.8898119-24.2062743,55362.357483000014,17.63,0.181,W2
QSO_4.8898119-24.2062743,55362.48968599999,18.092,,W2
QSO_4.8898119-24.2062743,55362.48968599999,18.413,0.426,W2
QSO_4.8898119-24.2062743,55362.621888999965,18.551,0.462,W2
QSO_4.8898119-24.2062743,55362.621888999965,18.181,,W2
QSO_4.8898119-24.2062743,55362.688063500005,18.038,,W2
QSO_4.8898119-24.2062743,55362.688063500005,18.128,0.243,W2
QSO_4.8898119-24.2062743,55362.75409200002,17.748,,W2
QSO_4.8898119-24.2062743,55362.75409200002,18.451,0.325,W2
QSO_4.8898119-24.2062743,55362.820266499984,17.676,,W2
QSO_4.8898119-24.2062743,55362.820266499984,18.194,0.275,W2
QSO_4.8898119-24.2062743,55362.88633150002,17.933,,W2
QSO_4.8898119-24.2062743,55362.88633150002,18.121,0.241,W2
QSO_4.8898119-24.2062743,55362.95250599999,17.935,0.212,W2
QSO_4.8898119-24.2062743,55362.95250599999,18.225,0.397,W2
QSO_4.8898119-24.2062743,55363.34900549999,17.895,,W2
QSO_4.8898119-24.2062743,55363.34900549999,17.785999999999998,0.176,W2
QSO_4.8898119-24.2062743,55363.34911499999,18.268,0.278,W2
QSO_4.8898119-24.2062743,55363.34911499999,18.046,,W2
QSO_4.8898119-24.2062743,55539.780187000026,18.624,,W2
QSO_4.8898119-24.2062743,55539.780187000026,18.242,,W2
QSO_4.8898119-24.2062743,55539.91224399996,17.89,0.211,W2
QSO_4.8898119-24.2062743,55539.91224399996,18.303,,W2
QSO_4.8898119-24.2062743,55540.044483499965,18.155,,W2
QSO_4.8898119-24.2062743,55540.044483499965,18.364,0.352,W2
QSO_4.8898119-24.2062743,55540.11051199998,18.11,0.262,W2
QSO_4.8898119-24.2062743,55540.11051199998,18.522,0.509,W2
QSO_4.8898119-24.2062743,55540.176686500025,18.243,,W2
QSO_4.8898119-24.2062743,55540.176686500025,18.424,,W2
QSO_4.8898119-24.2062743,55540.24271500003,18.206,0.274,W2
QSO_4.8898119-24.2062743,55540.24271500003,18.568,,W2
QSO_4.8898119-24.2062743,55540.30877999999,18.057,0.409,W2
QSO_4.8898119-24.2062743,55540.30877999999,18.16,0.267,W2
QSO_4.8898119-24.2062743,55540.37495450003,18.511,0.333,W2
QSO_4.8898119-24.2062743,55540.37495450003,18.093,,W2
QSO_4.8898119-24.2062743,55540.77145400003,18.673,0.437,W2
QSO_4.8898119-24.2062743,55540.77145400003,17.941,0.463,W2
QSO_4.8898119-24.2062743,55544.00973399999,18.237,0.348,W2
QSO_4.8898119-24.2062743,55544.00973399999,17.721,,W2
QSO_4.8898119-24.2062743,56640.030319999976,18.114,0.364,W2
QSO_4.8898119-24.2062743,56640.096238999984,18.164,0.344,W2
QSO_4.8898119-24.2062743,56640.16201200004,18.575,0.47,W2
QSO_4.8898119-24.2062743,56824.379045,18.117,,W2
QSO_4.8898119-24.2062743,56824.51048150002,18.525,0.481,W2
QSO_4.8898119-24.2062743,56824.77353699998,18.103,0.346,W2
QSO_4.8898119-24.2062743,56827.73222699998,17.901,,W2
QSO_4.8898119-24.2062743,56827.86366350001,18.041,0.329,W2
QSO_4.8898119-24.2062743,56827.995245999984,18.228,0.323,W2
QSO_4.8898119-24.2062743,56828.38973799997,17.701,0.269,W2
QSO_4.8898119-24.2062743,57004.87512200002,18.376,0.339,W2
QSO_4.8898119-24.2062743,57004.94078549999,18.341,0.399,W2
QSO_4.8898119-24.2062743,57005.00644900005,17.99,,W2
QSO_4.8898119-24.2062743,57005.07211250001,18.131,0.357,W2
QSO_4.8898119-24.2062743,57005.20343950004,18.465,,W2
QSO_4.8898119-24.2062743,57005.20354899996,17.895,0.311,W2
QSO_4.8898119-24.2062743,57005.33487599999,18.009,0.291,W2
QSO_4.8898119-24.2062743,57189.24425577161,18.352,0.358,W2
QSO_4.8898119-24.2062743,57189.30991927366,17.994,0.306,W2
QSO_4.8898119-24.2062743,57189.375436775765,18.177,0.289,W2
QSO_4.8898119-24.2062743,57189.50650827991,18.446,0.405,W2
QSO_4.8898119-24.2062743,57189.50665427986,17.999,0.289,W2
QSO_4.8898119-24.2062743,57189.57217178196,18.545,0.521,W2
QSO_4.8898119-24.2062743,57189.70324328611,18.809,0.522,W2
QSO_4.8898119-24.2062743,57189.83446079029,18.274,0.381,W2
QSO_4.8898119-24.2062743,57363.62913172722,17.439,,W2
QSO_4.8898119-24.2062743,57363.694649229314,18.09,0.236,W2
QSO_4.8898119-24.2062743,57363.89123823548,18.197,0.319,W2
QSO_4.8898119-24.2062743,57363.95679223761,17.483,0.278,W2
QSO_4.8898119-24.2062743,57364.21878924594,18.712,0.496,W2
QSO_4.8898119-24.2062743,57553.34489722869,18.08,0.27,W2
QSO_4.8898119-24.2062743,57553.541768634976,18.36,0.354,W2
QSO_4.8898119-24.2062743,57553.738786441216,18.233,,W2
QSO_4.8898119-24.2062743,57553.87010724536,17.982,0.26,W2
QSO_4.8898119-24.2062743,57553.93569444744,18.406,0.378,W2
QSO_4.8898119-24.2062743,57723.25601060183,18.031,,W2
QSO_4.8898119-24.2062743,57723.38729480602,17.873,0.298,W2
QSO_4.8898119-24.2062743,57723.51861561016,18.275,0.3,W2
QSO_4.8898119-24.2062743,57723.58420281225,18.253,0.493,W2
QSO_4.8898119-24.2062743,57723.64979001434,18.317,0.344,W2
QSO_4.8898119-24.2062743,57723.84666142054,17.884999999999998,0.23,W2
QSO_4.8898119-24.2062743,57723.8468078205,18.264,0.298,W2
QSO_4.8898119-24.2062743,57917.80615999998,17.857,0.398,W2
QSO_4.8898119-24.2062743,57917.93712199996,17.942,0.24,W2
QSO_4.8898119-24.2062743,57918.06793799999,18.205,0.414,W2
QSO_4.8898119-24.2062743,57918.13334600001,18.229,0.35,W2
QSO_4.8898119-24.2062743,57918.19875400003,18.149,0.375,W2
QSO_4.8898119-24.2062743,57918.32956999998,18.366,0.509,W2
QSO_4.8898119-24.2062743,57918.3950875,18.043,0.447,W2
QSO_4.8898119-24.2062743,57918.65671949999,18.317,0.475,W2
QSO_4.8898119-24.2062743,58083.61069500001,18.173,0.382,W2
QSO_4.8898119-24.2062743,58083.74151099997,17.570999999999998,0.336,W2
QSO_4.8898119-24.2062743,58084.06866049997,18.439,0.481,W2
QSO_4.8898119-24.2062743,58084.13406849999,18.163,0.432,W2
QSO_4.8898119-24.2062743,58084.26488450002,17.867,,W2
QSO_4.8898119-24.2062743,58084.33029250004,17.834,,W2
QSO_4.8898119-24.2062743,58084.46110849999,18.047,0.369,W2
QSO_4.8898119-24.2062743,58084.591924500026,17.509999999999998,,W2
QSO_4.8898119-24.2062743,58086.6197915,17.657,,W2
QSO_4.8898119-24.2062743,58087.07775700004,17.868,,W2
QSO_4.8898119-24.2062743,58087.470204999976,17.755,0.348,W2
QSO_4.8898119-24.2062743,58087.47035100001,18.244,0.526,W2
QSO_4.8898119-24.2062743,58284.50757099999,18.183,,W2
QSO_4.8898119-24.2062743,58284.89987299997,17.88,,W2
QSO_4.8898119-24.2062743,58285.09609700003,18.686,0.485,W2
QSO_4.8898119-24.2062743,58285.16139549996,18.268,0.377,W2
QSO_4.8898119-24.2062743,58285.488399000016,17.688,0.256,W2
QSO_4.8898119-24.2062743,58285.61921499997,18.193,0.315,W2
QSO_4.8898119-24.2062743,58446.83376550001,18.038,0.285,W2
QSO_4.8898119-24.2062743,58446.96458149996,17.945999999999998,0.227,W2
QSO_4.8898119-24.2062743,58447.29147550002,18.188,0.309,W2
QSO_4.8898119-24.2062743,58447.35688350003,17.91,0.253,W2
QSO_4.8898119-24.2062743,58447.42229149997,18.583,0.42,W2
QSO_4.8898119-24.2062743,58447.48769949999,18.56,0.38,W2
QSO_4.8898119-24.2062743,58447.5531075,18.488,0.368,W2
QSO_4.8898119-24.2062743,58648.439763500006,18.027,,W2
QSO_4.8898119-24.2062743,58648.57043350001,18.38,0.515,W2
QSO_4.8898119-24.2062743,58648.70110350001,18.409,0.358,W2
QSO_4.8898119-24.2062743,58648.89721799998,17.419,0.185,W2
QSO_4.8898119-24.2062743,58649.158704000016,17.832,0.425,W2
QSO_4.8898119-24.2062743,58649.28951999996,17.956,0.256,W2
QSO_4.8898119-24.2062743,58649.4202265,18.035,0.356,W2
QSO_4.8898119-24.2062743,58810.71244899999,18.485,0.455,W2
QSO_4.8898119-24.2062743,58810.84311899999,18.095,0.475,W2
QSO_4.8898119-24.2062743,58810.97382550003,18.219,0.299,W2
QSO_4.8898119-24.2062743,58810.97393500002,17.755,0.276,W2
QSO_4.8898119-24.2062743,58811.3007195,18.406,0.39,W2
QSO_4.8898119-24.2062743,58811.69240099999,18.229,0.397,W2
QSO_4.8898119-24.2062743,59015.97578800001,18.351,0.503,W2
QSO_4.8898119-24.2062743,59016.17240320004,18.489,0.484,W2
QSO_4.8898119-24.2062743,59016.368908599965,17.704,,W2
QSO_4.8898119-24.2062743,59016.43449579999,17.798,0.237,W2
QSO_4.8898119-24.2062743,59016.4999732,18.219,0.367,W2
QSO_4.8898119-24.2062743,59016.500083,18.322,0.349,W2
QSO_4.8898119-24.2062743,59016.56556040001,17.701,0.284,W2
QSO_4.8898119-24.2062743,59016.69658840002,18.442,0.481,W2
QSO_4.8898119-24.2062743,59175.49322799996,18.521,0.504,W2
QSO_4.8898119-24.2062743,59175.6242926,17.928,,W2
QSO_4.8898119-24.2062743,59175.7553206,18.266,0.378,W2
QSO_4.8898119-24.2062743,59175.88638520003,18.054,0.508,W2
QSO_4.8898119-24.2062743,59178.50687200001,17.735,0.37,W2
QSO_4.8898119-24.2062743,59178.63793659996,17.415,,W2
QSO_4.8898119-24.2062743,59178.76896459996,17.526,0.33,W2
QSO_4.8898119-24.2062743,59178.90002919999,17.198,0.238,W2
QSO_4.8898119-24.2062743,59380.31682199997,17.733,,W2
QSO_4.8898119-24.2062743,59380.839282999965,18.459,0.485,W2
QSO_4.8898119-24.2062743,59380.9699895,18.308,0.399,W2
QSO_4.8898119-24.2062743,59381.035251499976,18.099,0.376,W2
QSO_4.8898119-24.2062743,59381.16595800001,17.355999999999998,,W2
QSO_4.8898119-24.2062743,59381.29651850001,18.126,0.336,W2
QSO_4.8898119-24.2062743,59542.69557650002,18.639,0.5,W2
QSO_4.8898119-24.2062743,59543.08740399996,18.16,0.253,W2
QSO_4.8898119-24.2062743,59543.15266600003,17.704,0.299,W2
QSO_4.8898119-24.2062743,59543.21796449996,17.657,0.193,W2
QSO_4.8898119-24.2062743,59543.283226500025,18.391,0.342,W2
QSO_4.8898119-24.2062743,59543.41378700003,18.131,0.433,W2
QSO_4.8898119-24.2062743,59543.41393299997,18.405,,W2
QSO_4.8898119-24.2062743,59543.544493499976,18.086,0.276,W2
QSO_4.8898119-24.2062743,59744.44585900003,18.192,0.387,W2
QSO_4.8898119-24.2062743,59744.6414625,18.016,0.291,W2
QSO_4.8898119-24.2062743,59744.70672449999,18.329,0.446,W2
QSO_4.8898119-24.2062743,59744.77187699997,18.033,,W2
QSO_4.8898119-24.2062743,59744.83702950004,18.461,0.423,W2
QSO_4.8898119-24.2062743,59744.90232799996,18.345,0.384,W2
QSO_4.8898119-24.2062743,59745.03263300001,18.438,,W2
QSO_4.8898119-24.2062743,59745.032742500014,18.242,0.32,W2
QSO_4.8898119-24.2062743,59745.16304749997,18.378,0.415,W2
QSO_4.8898119-24.2062743,59906.92283499999,18.334,,W2
QSO_4.8898119-24.2062743,59906.98838900004,18.392,0.319,W2
QSO_4.8898119-24.2062743,59907.05354150002,17.561,,W2
QSO_4.8898119-24.2062743,59907.118694,18.659,0.51,W2
QSO_4.8898119-24.2062743,59907.18384649998,18.384,0.352,W2
QSO_4.8898119-24.2062743,59907.3140055,18.337,0.386,W2
QSO_4.8898119-24.2062743,59907.44431050004,17.971999999999998,,W2
QSO_4.8898119-24.2062743,60111.16033700003,18.029,0.305,W2
QSO_4.8898119-24.2062743,60111.28998499997,17.845,,W2
QSO_4.8898119-24.2062743,60111.354882,17.977,0.29,W2
QSO_4.8898119-24.2062743,60111.41966950002,17.88,,W2
QSO_4.8898119-24.2062743,60111.48456649997,18.393,0.411,W2
QSO_4.8898119-24.2062743,60111.54935399999,17.902,,W2
QSO_4.8898119-24.2062743,60111.67900200001,18.347,0.414,W2
QSO_4.8898119-24.2062743,60111.67914799996,18.452,0.371,W2
QSO_4.8898119-24.2062743,60111.74389900004,17.81,0.305,W2
QSO_4.8898119-24.2062743,60111.8735835,18.024,0.349,W2
QSO_4.8898119-24.2062743,60273.251508000016,18.08,0.307,W2
QSO_4.8898119-24.2062743,60273.70363349999,17.945999999999998,0.288,W2
QSO_4.8898119-24.2062743,60273.768165499976,18.606,0.487,W2
QSO_4.8898119-24.2062743,60273.83280699996,18.076,0.293,W2
QSO_4.8898119-24.2062743,60273.89730250001,18.469,0.445,W2
QSO_4.8898119-24.2062743,60273.961980500026,18.065,,W2
QSO_4.8898119-24.2062743,60274.09111749997,18.186,0.401,W2
QSO_4.8898119-24.2062743,60274.220291000034,17.936,0.268,W2
QSO_4.8898119-24.2062743,60475.44250420001,17.208,,W2
QSO_4.8898119-24.2062743,60475.698850599976,17.521,,W2
QSO_4.8898119-24.2062743,60475.89103719998,17.509,,W2
QSO_4.8898119-24.2062743,60475.955087200025,17.826999999999998,0.424,W2
QSO_4.8898119-24.2062743,60476.08333359999,17.471999999999998,,W2
QSO_4.7733376-24.1601962,55362.357483000014,18.296,0.151,W1
QSO_4.7733376-24.1601962,55362.48968599999,18.689,0.229,W1
QSO_4.7733376-24.1601962,55362.55586050003,18.299,0.156,W1
QSO_4.7733376-24.1601962,55362.621888999965,17.313000000000002,0.089,W1
QSO_4.7733376-24.1601962,55362.688063500005,18.233,0.146,W1
QSO_4.7733376-24.1601962,55362.75409200002,18.214,0.15,W1
QSO_4.7733376-24.1601962,55362.820266499984,18.859,0.255,W1
QSO_4.7733376-24.1601962,55362.88633150002,18.421,0.164,W1
QSO_4.7733376-24.1601962,55362.95236000003,18.423,0.183,W1
QSO_4.7733376-24.1601962,55362.95250599999,18.449,0.176,W1
QSO_4.7733376-24.1601962,55539.780187000026,18.941000000000003,0.344,W1
QSO_4.7733376-24.1601962,55539.91224399996,18.234,0.183,W1
QSO_4.7733376-24.1601962,55539.91239,18.387,0.167,W1
QSO_4.7733376-24.1601962,55540.044483499965,18.762,0.235,W1
QSO_4.7733376-24.1601962,55540.11051199998,18.376,0.174,W1
QSO_4.7733376-24.1601962,55540.11065800001,18.679,0.222,W1
QSO_4.7733376-24.1601962,55540.176686500025,18.518,0.201,W1
QSO_4.7733376-24.1601962,55540.24271500003,18.045,0.202,W1
QSO_4.7733376-24.1601962,55540.3088895,18.489,0.29,W1
QSO_4.7733376-24.1601962,55540.37495450003,18.373,0.166,W1
QSO_4.7733376-24.1601962,55544.00973399999,18.214,0.15,W1
QSO_4.7733376-24.1601962,56640.030319999976,17.701999999999998,0.104,W1
QSO_4.7733376-24.1601962,56824.51048150002,18.106,0.131,W1
QSO_4.7733376-24.1601962,56824.77353699998,18.011,0.149,W1
QSO_4.7733376-24.1601962,56827.73222699998,18.483,0.183,W1
QSO_4.7733376-24.1601962,56827.99513649998,18.662,0.237,W1
QSO_4.7733376-24.1601962,57004.21837749997,18.347,0.167,W1
QSO_4.7733376-24.1601962,57004.87512200002,18.172,0.141,W1
QSO_4.7733376-24.1601962,57004.94078549999,18.104,0.141,W1
QSO_4.7733376-24.1601962,57005.07211250001,18.446,0.193,W1
QSO_4.7733376-24.1601962,57005.20354899996,18.262,0.217,W1
QSO_4.7733376-24.1601962,57005.33487599999,18.433,0.197,W1
QSO_4.7733376-24.1601962,57188.719714254905,18.169,0.144,W1
QSO_4.7733376-24.1601962,57189.24425577161,18.438,0.173,W1
QSO_4.7733376-24.1601962,57189.30991927366,18.039,0.13,W1
QSO_4.7733376-24.1601962,57189.375436775765,18.205,0.157,W1
QSO_4.7733376-24.1601962,57189.57217178196,18.16,0.146,W1
QSO_4.7733376-24.1601962,57189.70324328611,18.222,0.14,W1
QSO_4.7733376-24.1601962,57189.83446079029,18.203,0.136,W1
QSO_4.7733376-24.1601962,57363.563577725086,18.201,0.137,W1
QSO_4.7733376-24.1601962,57363.62913172722,18.207,0.143,W1
QSO_4.7733376-24.1601962,57363.694649229314,18.157,0.149,W1
QSO_4.7733376-24.1601962,57363.95679223761,18.446,0.173,W1
QSO_4.7733376-24.1601962,57364.21878924594,18.395,0.171,W1
QSO_4.7733376-24.1601962,57553.08229222045,18.706000000000003,0.363,W1
QSO_4.7733376-24.1601962,57553.34478742869,18.112,0.159,W1
QSO_4.7733376-24.1601962,57553.34489722869,18.487,0.217,W1
QSO_4.7733376-24.1601962,57553.541768634976,18.54,0.2,W1
QSO_4.7733376-24.1601962,57553.60735583699,18.03,0.171,W1
QSO_4.7733376-24.1601962,57553.73867664121,18.226,0.174,W1
QSO_4.7733376-24.1601962,57553.738786441216,18.524,0.187,W1
QSO_4.7733376-24.1601962,57553.93569444744,18.548,0.35,W1
QSO_4.7733376-24.1601962,57554.06697865155,18.656,0.272,W1
QSO_4.7733376-24.1601962,57723.25601060183,18.392,0.174,W1
QSO_4.7733376-24.1601962,57723.38729480602,18.749,0.224,W1
QSO_4.7733376-24.1601962,57723.51861561016,18.433,0.173,W1
QSO_4.7733376-24.1601962,57723.58420281225,17.555,0.1,W1
QSO_4.7733376-24.1601962,57723.64989981435,17.518,0.19,W1
QSO_4.7733376-24.1601962,57723.8468078205,18.749,0.219,W1
QSO_4.7733376-24.1601962,57917.80615999998,18.02,0.133,W1
QSO_4.7733376-24.1601962,57918.002529999976,17.994,0.191,W1
QSO_4.7733376-24.1601962,57918.06793799999,18.218,0.146,W1
QSO_4.7733376-24.1601962,57918.13334600001,18.246,0.156,W1
QSO_4.7733376-24.1601962,57918.19875400003,18.205,0.169,W1
QSO_4.7733376-24.1601962,57918.65671949999,18.401,0.168,W1
QSO_4.7733376-24.1601962,58083.47987899998,18.185,0.13,W1
QSO_4.7733376-24.1601962,58083.61069500001,18.177,0.178,W1
QSO_4.7733376-24.1601962,58083.74151099997,18.166,0.148,W1
QSO_4.7733376-24.1601962,58084.06866049997,18.163,0.137,W1
QSO_4.7733376-24.1601962,58084.13406849999,18.517,0.187,W1
QSO_4.7733376-24.1601962,58084.33029250004,18.936,0.274,W1
QSO_4.7733376-24.1601962,58084.46110849999,18.15,0.144,W1
QSO_4.7733376-24.1601962,58084.591924500026,18.396,0.175,W1
QSO_4.7733376-24.1601962,58086.35815950001,18.465,0.218,W1
QSO_4.7733376-24.1601962,58086.48912149999,18.257,0.168,W1
QSO_4.7733376-24.1601962,58087.07775700004,17.98,0.137,W1
QSO_4.7733376-24.1601962,58284.83446500004,18.446,0.183,W1
QSO_4.7733376-24.1601962,58284.89987299997,19.058,0.295,W1
QSO_4.7733376-24.1601962,58285.03057950001,18.146,0.212,W1
QSO_4.7733376-24.1601962,58285.09609700003,18.28,0.167,W1
QSO_4.7733376-24.1601962,58285.488399000016,17.991,0.189,W1
QSO_4.7733376-24.1601962,58446.83376550001,18.252,0.163,W1
QSO_4.7733376-24.1601962,58446.83387500001,18.255,0.155,W1
QSO_4.7733376-24.1601962,58446.96458149996,18.318,0.166,W1
QSO_4.7733376-24.1601962,58447.16080550001,18.049,0.124,W1
QSO_4.7733376-24.1601962,58447.35688350003,18.499,0.172,W1
QSO_4.7733376-24.1601962,58447.35702949998,18.428,0.233,W1
QSO_4.7733376-24.1601962,58447.42229149997,18.267,0.223,W1
QSO_4.7733376-24.1601962,58447.5531075,18.272,0.151,W1
QSO_4.7733376-24.1601962,58648.43961749997,18.346,0.164,W1
QSO_4.7733376-24.1601962,58648.57043350001,18.988,0.323,W1
QSO_4.7733376-24.1601962,58648.70110350001,18.346,0.171,W1
QSO_4.7733376-24.1601962,58648.89721799998,18.268,0.156,W1
QSO_4.7733376-24.1601962,58649.158704000016,18.189,0.148,W1
QSO_4.7733376-24.1601962,58649.28951999996,18.363,0.185,W1
QSO_4.7733376-24.1601962,58649.4202265,18.462,0.171,W1
QSO_4.7733376-24.1601962,58810.71244899999,17.994999999999997,0.116,W1
QSO_4.7733376-24.1601962,58810.84311899999,18.393,0.176,W1
QSO_4.7733376-24.1601962,58810.97393500002,18.302,0.2,W1
QSO_4.7733376-24.1601962,58811.03923350004,18.659,0.279,W1
QSO_4.7733376-24.1601962,58811.235457500006,18.408,0.207,W1
QSO_4.7733376-24.1601962,58811.3007195,18.391,0.202,W1
QSO_4.7733376-24.1601962,58811.69254700002,18.452,0.321,W1
QSO_4.7733376-24.1601962,59015.71369539998,18.081,0.135,W1
QSO_4.7733376-24.1601962,59015.97578800001,18.381,0.158,W1
QSO_4.7733376-24.1601962,59016.17240320004,18.148,0.195,W1
QSO_4.7733376-24.1601962,59016.368908599965,18.496,0.203,W1
QSO_4.7733376-24.1601962,59016.43449579999,18.431,0.225,W1
QSO_4.7733376-24.1601962,59016.56556040001,18.186,0.165,W1
QSO_4.7733376-24.1601962,59016.69658840002,18.607,0.275,W1
QSO_4.7733376-24.1601962,59175.49322799996,18.844,0.249,W1
QSO_4.7733376-24.1601962,59175.6242926,19.059,0.343,W1
QSO_4.7733376-24.1601962,59175.7553206,18.432,0.188,W1
QSO_4.7733376-24.1601962,59178.63793659996,18.194,0.22,W1
QSO_4.7733376-24.1601962,59178.76896459996,18.227,0.198,W1
QSO_4.7733376-24.1601962,59178.90002919999,17.97,0.232,W1
QSO_4.7733376-24.1601962,59380.18626149996,18.273,0.159,W1
QSO_4.7733376-24.1601962,59380.31682199997,18.233,0.149,W1
QSO_4.7733376-24.1601962,59380.839282999965,18.581,0.264,W1
QSO_4.7733376-24.1601962,59381.035251499976,18.649,0.249,W1
QSO_4.7733376-24.1601962,59381.16595800001,18.344,0.162,W1
QSO_4.7733376-24.1601962,59381.29651850001,18.355,0.166,W1
QSO_4.7733376-24.1601962,59542.69557650002,19.41,0.515,W1
QSO_4.7733376-24.1601962,59543.08740399996,18.438,0.2,W1
QSO_4.7733376-24.1601962,59543.15266600003,18.473,0.194,W1
QSO_4.7733376-24.1601962,59543.283226500025,18.073,0.122,W1
QSO_4.7733376-24.1601962,59543.544493499976,18.206,0.165,W1
QSO_4.7733376-24.1601962,59744.18499349999,18.38,0.174,W1
QSO_4.7733376-24.1601962,59744.44585900003,18.469,0.192,W1
QSO_4.7733376-24.1601962,59744.6414625,18.552,0.252,W1
QSO_4.7733376-24.1601962,59744.70661499998,18.371,0.275,W1
QSO_4.7733376-24.1601962,59744.70672449999,18.17,0.147,W1
QSO_4.7733376-24.1601962,59744.77187699997,18.427,0.182,W1
QSO_4.7733376-24.1601962,59744.90232799996,18.309,0.16,W1
QSO_4.7733376-24.1601962,59745.03263300001,18.513,0.338,W1
QSO_4.7733376-24.1601962,59745.16304749997,18.097,0.132,W1
QSO_4.7733376-24.1601962,59906.92283499999,18.268,0.174,W1
QSO_4.7733376-24.1601962,59906.98849849996,18.12,0.154,W1
QSO_4.7733376-24.1601962,59907.05354150002,18.146,0.18,W1
QSO_4.7733376-24.1601962,59907.18384649998,18.32,0.159,W1
QSO_4.7733376-24.1601962,59907.3140055,18.326,0.188,W1
QSO_4.7733376-24.1601962,59907.44431050004,18.236,0.152,W1
QSO_4.7733376-24.1601962,60111.16033700003,18.332,0.219,W1
QSO_4.7733376-24.1601962,60111.28998499997,18.791,0.267,W1
QSO_4.7733376-24.1601962,60111.354882,18.535,0.24,W1
QSO_4.7733376-24.1601962,60111.48456649997,18.132,0.197,W1
QSO_4.7733376-24.1601962,60111.54935399999,18.207,0.149,W1
QSO_4.7733376-24.1601962,60111.61425100001,18.456,0.183,W1
QSO_4.7733376-24.1601962,60111.74389900004,19.007,0.342,W1
QSO_4.7733376-24.1601962,60273.12248049999,18.233,0.164,W1
QSO_4.7733376-24.1601962,60273.251508000016,18.448,0.226,W1
QSO_4.7733376-24.1601962,60273.70363349999,18.386,0.179,W1
QSO_4.7733376-24.1601962,60273.768165499976,18.033,0.133,W1
QSO_4.7733376-24.1601962,60273.961980500026,18.219,0.315,W1
QSO_4.7733376-24.1601962,60274.09111749997,18.492,0.19,W1
QSO_4.7733376-24.1601962,60274.220291000034,18.201,0.168,W1
QSO_4.7733376-24.1601962,60475.44250420001,18.628,0.25,W1
QSO_4.7733376-24.1601962,60475.698850599976,17.884,0.153,W1
QSO_4.7733376-24.1601962,60475.89103719998,18.333,0.208,W1
QSO_4.7733376-24.1601962,60475.955087200025,18.599,0.298,W1
QSO_4.7733376-24.1601962,55362.357483000014,18.214,0.289,W2
QSO_4.7733376-24.1601962,55362.48968599999,17.862,0.209,W2
QSO_4.7733376-24.1601962,55362.55586050003,19.018,0.532,W2
QSO_4.7733376-24.1601962,55362.621888999965,18.359,0.312,W2
QSO_4.7733376-24.1601962,55362.688063500005,18.26,0.269,W2
QSO_4.7733376-24.1601962,55362.75409200002,17.937,0.272,W2
QSO_4.7733376-24.1601962,55362.820266499984,18.176,,W2
QSO_4.7733376-24.1601962,55362.88633150002,18.629,0.398,W2
QSO_4.7733376-24.1601962,55362.95236000003,18.064,0.225,W2
QSO_4.7733376-24.1601962,55362.95250599999,18.127,0.265,W2
QSO_4.7733376-24.1601962,55539.780187000026,18.236,,W2
QSO_4.7733376-24.1601962,55539.91224399996,18.201,0.278,W2
QSO_4.7733376-24.1601962,55539.91239,18.409,0.352,W2
QSO_4.7733376-24.1601962,55540.044483499965,18.484,0.516,W2
QSO_4.7733376-24.1601962,55540.11051199998,18.834,0.497,W2
QSO_4.7733376-24.1601962,55540.11065800001,18.675,0.465,W2
QSO_4.7733376-24.1601962,55540.176686500025,18.549,0.384,W2
QSO_4.7733376-24.1601962,55540.24271500003,18.194,0.286,W2
QSO_4.7733376-24.1601962,55540.3088895,18.329,0.337,W2
QSO_4.7733376-24.1601962,55540.37495450003,18.748,0.455,W2
QSO_4.7733376-24.1601962,55544.00973399999,18.557,0.466,W2
QSO_4.7733376-24.1601962,56640.030319999976,18.342,0.366,W2
QSO_4.7733376-24.1601962,56824.51048150002,18.488,0.433,W2
QSO_4.7733376-24.1601962,56824.77353699998,18.094,0.333,W2
QSO_4.7733376-24.1601962,56827.73222699998,17.855,0.289,W2
QSO_4.7733376-24.1601962,56827.99513649998,18.133,0.292,W2
QSO_4.7733376-24.1601962,57004.21837749997,18.445,0.416,W2
QSO_4.7733376-24.1601962,57004.87512200002,18.087,,W2
QSO_4.7733376-24.1601962,57004.94078549999,18.186,,W2
QSO_4.7733376-24.1601962,57005.07211250001,18.664,0.465,W2
QSO_4.7733376-24.1601962,57005.20354899996,18.215,0.304,W2
QSO_4.7733376-24.1601962,57005.33487599999,17.998,,W2
QSO_4.7733376-24.1601962,57188.719714254905,17.739,0.273,W2
QSO_4.7733376-24.1601962,57189.24425577161,18.417,,W2
QSO_4.7733376-24.1601962,57189.30991927366,18.167,0.334,W2
QSO_4.7733376-24.1601962,57189.375436775765,18.354,0.389,W2
QSO_4.7733376-24.1601962,57189.57217178196,18.232,0.417,W2
QSO_4.7733376-24.1601962,57189.70324328611,18.067,,W2
QSO_4.7733376-24.1601962,57189.83446079029,18.051,0.277,W2
QSO_4.7733376-24.1601962,57363.563577725086,18.45,0.416,W2
QSO_4.7733376-24.1601962,57363.62913172722,18.167,0.28,W2
QSO_4.7733376-24.1601962,57363.694649229314,17.8,0.273,W2
QSO_4.7733376-24.1601962,57363.95679223761,18.748,0.455,W2
QSO_4.7733376-24.1601962,57364.21878924594,18.288,0.312,W2
QSO_4.7733376-24.1601962,57553.08229222045,17.901,0.263,W2
QSO_4.7733376-24.1601962,57553.34478742869,18.282,,W2
QSO_4.7733376-24.1601962,57553.34489722869,18.147,,W2
QSO_4.7733376-24.1601962,57553.541768634976,18.296,0.319,W2
QSO_4.7733376-24.1601962,57553.60735583699,18.51,,W2
QSO_4.7733376-24.1601962,57553.73867664121,18.674,0.458,W2
QSO_4.7733376-24.1601962,57553.738786441216,18.624,0.538,W2
QSO_4.7733376-24.1601962,57553.93569444744,18.198,0.39,W2
QSO_4.7733376-24.1601962,57554.06697865155,18.169,0.392,W2
QSO_4.7733376-24.1601962,57723.25601060183,17.61,0.246,W2
QSO_4.7733376-24.1601962,57723.38729480602,18.216,0.435,W2
QSO_4.7733376-24.1601962,57723.51861561016,18.691,0.454,W2
QSO_4.7733376-24.1601962,57723.58420281225,17.979,,W2
QSO_4.7733376-24.1601962,57723.64989981435,18.406,,W2
QSO_4.7733376-24.1601962,57723.8468078205,18.356,,W2
QSO_4.7733376-24.1601962,57917.80615999998,18.431,0.425,W2
QSO_4.7733376-24.1601962,57918.002529999976,18.034,,W2
QSO_4.7733376-24.1601962,57918.06793799999,17.565,,W2
QSO_4.7733376-24.1601962,57918.13334600001,18.356,0.344,W2
QSO_4.7733376-24.1601962,57918.19875400003,18.456,0.442,W2
QSO_4.7733376-24.1601962,57918.65671949999,17.816,0.279,W2
QSO_4.7733376-24.1601962,58083.47987899998,18.12,,W2
QSO_4.7733376-24.1601962,58083.61069500001,18.209,0.458,W2
QSO_4.7733376-24.1601962,58083.74151099997,18.174,,W2
QSO_4.7733376-24.1601962,58084.06866049997,18.084,0.316,W2
QSO_4.7733376-24.1601962,58084.13406849999,18.028,0.417,W2
QSO_4.7733376-24.1601962,58084.33029250004,17.529,0.28,W2
QSO_4.7733376-24.1601962,58084.46110849999,17.761,0.284,W2
QSO_4.7733376-24.1601962,58084.591924500026,18.617,,W2
QSO_4.7733376-24.1601962,58086.35815950001,17.799,,W2
QSO_4.7733376-24.1601962,58086.48912149999,17.488,,W2
QSO_4.7733376-24.1601962,58087.07775700004,17.884,,W2
QSO_4.7733376-24.1601962,58284.83446500004,18.051,,W2
QSO_4.7733376-24.1601962,58284.89987299997,17.907,0.289,W2
QSO_4.7733376-24.1601962,58285.03057950001,17.619,,W2
QSO_4.7733376-24.1601962,58285.09609700003,18.471,0.379,W2
QSO_4.7733376-24.1601962,58285.488399000016,18.619,0.478,W2
QSO_4.7733376-24.1601962,58446.83376550001,17.751,,W2
QSO_4.7733376-24.1601962,58446.83387500001,18.313,0.367,W2
QSO_4.7733376-24.1601962,58446.96458149996,17.855999999999998,0.304,W2
QSO_4.7733376-24.1601962,58447.16080550001,17.679,,W2
QSO_4.7733376-24.1601962,58447.35688350003,18.378,0.374,W2
QSO_4.7733376-24.1601962,58447.35702949998,18.329,,W2
QSO_4.7733376-24.1601962,58447.42229149997,17.82,0.252,W2
QSO_4.7733376-24.1601962,58447.5531075,18.001,0.378,W2
QSO_4.7733376-24.1601962,58648.43961749997,18.796,,W2
QSO_4.7733376-24.1601962,58648.57043350001,17.977,,W2
QSO_4.7733376-24.1601962,58648.70110350001,17.591,,W2
QSO_4.7733376-24.1601962,58648.89721799998,18.393,0.35,W2
QSO_4.7733376-24.1601962,58649.158704000016,17.416,0.343,W2
QSO_4.7733376-24.1601962,58649.28951999996,17.820999999999998,,W2
QSO_4.7733376-24.1601962,58649.4202265,17.948,0.25,W2
QSO_4.7733376-24.1601962,58810.71244899999,18.134,,W2
QSO_4.7733376-24.1601962,58810.84311899999,17.813,,W2
QSO_4.7733376-24.1601962,58810.97393500002,17.64,,W2
QSO_4.7733376-24.1601962,58811.03923350004,18.775,0.517,W2
QSO_4.7733376-24.1601962,58811.235457500006,18.217,0.301,W2
QSO_4.7733376-24.1601962,58811.3007195,17.915,,W2
QSO_4.7733376-24.1601962,58811.69254700002,18.23,,W2
QSO_4.7733376-24.1601962,59015.71369539998,18.082,0.323,W2
QSO_4.7733376-24.1601962,59015.97578800001,17.928,0.294,W2
QSO_4.7733376-24.1601962,59016.17240320004,18.215,,W2
QSO_4.7733376-24.1601962,59016.368908599965,18.093,0.345,W2
QSO_4.7733376-24.1601962,59016.43449579999,17.637999999999998,,W2
QSO_4.7733376-24.1601962,59016.56556040001,18.319,0.496,W2
QSO_4.7733376-24.1601962,59016.69658840002,18.394,,W2
QSO_4.7733376-24.1601962,59175.49322799996,18.661,0.488,W2
QSO_4.7733376-24.1601962,59175.6242926,18.049,,W2
QSO_4.7733376-24.1601962,59175.7553206,17.229,,W2
QSO_4.7733376-24.1601962,59178.63793659996,17.655,,W2
QSO_4.7733376-24.1601962,59178.76896459996,17.299,0.273,W2
QSO_4.7733376-24.1601962,59178.90002919999,18.001,,W2
QSO_4.7733376-24.1601962,59380.18626149996,17.769,,W2
QSO_4.7733376-24.1601962,59380.31682199997,17.968,0.539,W2
QSO_4.7733376-24.1601962,59380.839282999965,18.172,,W2
QSO_4.7733376-24.1601962,59381.035251499976,18.019,,W2
QSO_4.7733376-24.1601962,59381.16595800001,18.224,0.353,W2
QSO_4.7733376-24.1601962,59381.29651850001,18.169,,W2
QSO_4.7733376-24.1601962,59542.69557650002,18.244,0.391,W2
QSO_4.7733376-24.1601962,59543.08740399996,18.364,,W2
QSO_4.7733376-24.1601962,59543.15266600003,18.416,0.377,W2
QSO_4.7733376-24.1601962,59543.283226500025,17.551,,W2
QSO_4.7733376-24.1601962,59543.544493499976,18.409,0.336,W2
QSO_4.7733376-24.1601962,59744.18499349999,18.134,0.36,W2
QSO_4.7733376-24.1601962,59744.44585900003,18.28,0.371,W2
QSO_4.7733376-24.1601962,59744.6414625,18.498,,W2
QSO_4.7733376-24.1601962,59744.70661499998,18.084,0.309,W2
QSO_4.7733376-24.1601962,59744.70672449999,18.685,0.431,W2
QSO_4.7733376-24.1601962,59744.77187699997,17.944,,W2
QSO_4.7733376-24.1601962,59744.90232799996,18.353,0.393,W2
QSO_4.7733376-24.1601962,59745.03263300001,18.273,,W2
QSO_4.7733376-24.1601962,59745.16304749997,18.164,0.322,W2
QSO_4.7733376-24.1601962,59906.92283499999,18.324,0.361,W2
QSO_4.7733376-24.1601962,59906.98849849996,18.443,0.376,W2
QSO_4.7733376-24.1601962,59907.05354150002,17.771,0.248,W2
QSO_4.7733376-24.1601962,59907.18384649998,18.188,,W2
QSO_4.7733376-24.1601962,59907.3140055,18.625,0.472,W2
QSO_4.7733376-24.1601962,59907.44431050004,18.631,0.414,W2
QSO_4.7733376-24.1601962,60111.16033700003,17.886,,W2
QSO_4.7733376-24.1601962,60111.28998499997,18.034,,W2
QSO_4.7733376-24.1601962,60111.354882,17.886,,W2
QSO_4.7733376-24.1601962,60111.48456649997,17.841,0.365,W2
QSO_4.7733376-24.1601962,60111.54935399999,18.16,,W2
QSO_4.7733376-24.1601962,60111.61425100001,17.884,,W2
QSO_4.7733376-24.1601962,60111.74389900004,17.99,,W2
QSO_4.7733376-24.1601962,60273.12248049999,17.892,,W2
QSO_4.7733376-24.1601962,60273.251508000016,18.027,0.29,W2
QSO_4.7733376-24.1601962,60273.70363349999,17.977999999999998,0.309,W2
QSO_4.7733376-24.1601962,60273.768165499976,18.643,0.462,W2
QSO_4.7733376-24.1601962,60273.961980500026,18.168,,W2
QSO_4.7733376-24.1601962,60274.09111749997,17.834,,W2
QSO_4.7733376-24.1601962,60274.220291000034,17.892,,W2
QSO_4.7733376-24.1601962,60475.44250420001,18.452,0.492,W2
QSO_4.7733376-24.1601962,60475.698850599976,18.025,,W2
QSO_4.7733376-24.1601962,60475.89103719998,17.985,,W2
QSO_4.7733376-24.1601962,60475.955087200025,18.236,,W2
QSO_4.8607351-24.2994148,55362.357483000014,17.897,0.119,W1
QSO_4.8607351-24.2994148,55362.35759250002,17.842,0.107,W1
QSO_4.8607351-24.2994148,55362.48968599999,17.722,0.101,W1
QSO_4.8607351-24.2994148,55362.4897955,17.582,0.083,W1
QSO_4.8607351-24.2994148,55362.55586050003,17.878,0.124,W1
QSO_4.8607351-24.2994148,55362.621888999965,17.801000000000002,0.11,W1
QSO_4.8607351-24.2994148,55362.688063500005,18.0,0.125,W1
QSO_4.8607351-24.2994148,55362.75409200002,17.592,0.097,W1
QSO_4.8607351-24.2994148,55362.820266499984,18.095,0.133,W1
QSO_4.8607351-24.2994148,55362.88633150002,18.064,0.127,W1
QSO_4.8607351-24.2994148,55362.95250599999,18.111,0.154,W1
QSO_4.8607351-24.2994148,55363.34911499999,17.866,0.111,W1
QSO_4.8607351-24.2994148,55539.780187000026,18.056,0.14,W1
QSO_4.8607351-24.2994148,55539.91224399996,17.874000000000002,0.111,W1
QSO_4.8607351-24.2994148,55540.044483499965,17.959,0.122,W1
QSO_4.8607351-24.2994148,55540.11051199998,18.009,0.136,W1
QSO_4.8607351-24.2994148,55540.176686500025,18.024,0.14,W1
QSO_4.8607351-24.2994148,55540.24271500003,17.935000000000002,0.117,W1
QSO_4.8607351-24.2994148,55540.30877999999,17.778,0.108,W1
QSO_4.8607351-24.2994148,55540.37495450003,18.126,0.177,W1
QSO_4.8607351-24.2994148,55544.00973399999,18.217,0.166,W1
QSO_4.8607351-24.2994148,56640.030319999976,17.866999999999997,0.122,W1
QSO_4.8607351-24.2994148,56640.096238999984,18.115,0.142,W1
QSO_4.8607351-24.2994148,56824.379045,17.948999999999998,0.118,W1
QSO_4.8607351-24.2994148,56824.51048150002,17.783,0.156,W1
QSO_4.8607351-24.2994148,56824.51062749997,17.822,0.142,W1
QSO_4.8607351-24.2994148,56824.77353699998,18.128,0.151,W1
QSO_4.8607351-24.2994148,56827.73222699998,17.92,0.126,W1
QSO_4.8607351-24.2994148,56827.86366350001,17.915,0.138,W1
QSO_4.8607351-24.2994148,56827.995245999984,17.826999999999998,0.106,W1
QSO_4.8607351-24.2994148,57004.21837749997,18.119,0.139,W1
QSO_4.8607351-24.2994148,57004.87512200002,17.883,0.119,W1
QSO_4.8607351-24.2994148,57004.94078549999,18.028,0.139,W1
QSO_4.8607351-24.2994148,57005.07211250001,17.735,0.121,W1
QSO_4.8607351-24.2994148,57005.20343950004,18.052,0.149,W1
QSO_4.8607351-24.2994148,57005.33487599999,17.397,0.153,W1
QSO_4.8607351-24.2994148,57188.719714254905,17.583,0.094,W1
QSO_4.8607351-24.2994148,57189.24425577161,18.08,0.198,W1
QSO_4.8607351-24.2994148,57189.24436527154,17.651,0.09,W1
QSO_4.8607351-24.2994148,57189.30991927366,17.72,0.094,W1
QSO_4.8607351-24.2994148,57189.375436775765,17.666,0.091,W1
QSO_4.8607351-24.2994148,57189.57217178196,17.902,0.111,W1
QSO_4.8607351-24.2994148,57189.70324328611,18.006,0.163,W1
QSO_4.8607351-24.2994148,57189.83446079029,17.948,0.118,W1
QSO_4.8607351-24.2994148,57363.563577725086,17.833,0.104,W1
QSO_4.8607351-24.2994148,57363.62913172722,17.927,0.116,W1
QSO_4.8607351-24.2994148,57363.694649229314,17.97,0.118,W1
QSO_4.8607351-24.2994148,57363.95679223761,18.107,0.128,W1
QSO_4.8607351-24.2994148,57364.21878924594,17.767,0.102,W1
QSO_4.8607351-24.2994148,57553.08229222045,17.781,0.106,W1
QSO_4.8607351-24.2994148,57553.34489722869,17.794,0.106,W1
QSO_4.8607351-24.2994148,57553.541768634976,17.933,0.117,W1
QSO_4.8607351-24.2994148,57553.738786441216,17.831,0.11,W1
QSO_4.8607351-24.2994148,57553.93569444744,17.869,0.161,W1
QSO_4.8607351-24.2994148,57554.06697865155,17.791,0.134,W1
QSO_4.8607351-24.2994148,57723.25601060183,17.881,0.137,W1
QSO_4.8607351-24.2994148,57723.38729480602,17.738999999999997,0.103,W1
QSO_4.8607351-24.2994148,57723.51861561016,17.677999999999997,0.112,W1
QSO_4.8607351-24.2994148,57723.64979001434,17.83,0.107,W1
QSO_4.8607351-24.2994148,57723.84666142054,17.976,0.119,W1
QSO_4.8607351-24.2994148,57917.80615999998,18.068,0.134,W1
QSO_4.8607351-24.2994148,57917.93712199996,18.025,0.124,W1
QSO_4.8607351-24.2994148,57918.002529999976,17.833,0.113,W1
QSO_4.8607351-24.2994148,57918.06793799999,17.691000000000003,0.146,W1
QSO_4.8607351-24.2994148,57918.13334600001,18.309,0.168,W1
QSO_4.8607351-24.2994148,57918.19875400003,18.065,0.211,W1
QSO_4.8607351-24.2994148,57918.32956999998,17.929000000000002,0.125,W1
QSO_4.8607351-24.2994148,57918.329679499984,17.982,0.118,W1
QSO_4.8607351-24.2994148,57918.3950875,18.02,0.12,W1
QSO_4.8607351-24.2994148,57918.65671949999,18.048,0.167,W1
QSO_4.8607351-24.2994148,58083.47987899998,17.849,0.109,W1
QSO_4.8607351-24.2994148,58083.61069500001,18.071,0.142,W1
QSO_4.8607351-24.2994148,58083.74151099997,17.912,0.129,W1
QSO_4.8607351-24.2994148,58084.06855099997,17.852,0.146,W1
QSO_4.8607351-24.2994148,58084.06866049997,18.087,0.158,W1
QSO_4.8607351-24.2994148,58084.133958999984,18.129,0.139,W1
QSO_4.8607351-24.2994148,58084.13406849999,17.779,0.136,W1
QSO_4.8607351-24.2994148,58084.33029250004,17.835,0.124,W1
QSO_4.8607351-24.2994148,58084.46110849999,17.744999999999997,0.116,W1
QSO_4.8607351-24.2994148,58084.591924500026,17.753,0.106,W1
QSO_4.8607351-24.2994148,58086.35815950001,17.856,0.119,W1
QSO_4.8607351-24.2994148,58086.6197915,17.677999999999997,0.125,W1
QSO_4.8607351-24.2994148,58087.07775700004,17.958,0.168,W1
QSO_4.8607351-24.2994148,58284.50757099999,17.875999999999998,0.113,W1
QSO_4.8607351-24.2994148,58284.83446500004,17.73,0.111,W1
QSO_4.8607351-24.2994148,58285.09609700003,17.741,0.11,W1
QSO_4.8607351-24.2994148,58285.488399000016,17.979,0.128,W1
QSO_4.8607351-24.2994148,58446.83376550001,18.209,0.16,W1
QSO_4.8607351-24.2994148,58446.96458149996,17.792,0.127,W1
QSO_4.8607351-24.2994148,58447.16080550001,17.797,0.103,W1
QSO_4.8607351-24.2994148,58447.29147550002,17.680999999999997,0.101,W1
QSO_4.8607351-24.2994148,58447.35688350003,17.868000000000002,0.123,W1
QSO_4.8607351-24.2994148,58447.42229149997,18.009,0.144,W1
QSO_4.8607351-24.2994148,58447.5531075,17.872,0.11,W1
QSO_4.8607351-24.2994148,58648.439763500006,17.759999999999998,0.101,W1
QSO_4.8607351-24.2994148,58648.57043350001,17.605,0.097,W1
QSO_4.8607351-24.2994148,58648.70110350001,17.753999999999998,0.117,W1
QSO_4.8607351-24.2994148,58648.70124949996,17.796,0.098,W1
QSO_4.8607351-24.2994148,58648.89721799998,17.884,0.124,W1
QSO_4.8607351-24.2994148,58648.89732749998,18.178,0.156,W1
QSO_4.8607351-24.2994148,58649.158704000016,17.436,0.168,W1
QSO_4.8607351-24.2994148,58649.28951999996,18.012,0.146,W1
QSO_4.8607351-24.2994148,58649.4202265,17.855,0.112,W1
QSO_4.8607351-24.2994148,58810.71244899999,17.857,0.123,W1
QSO_4.8607351-24.2994148,58810.84311899999,18.079,0.143,W1
QSO_4.8607351-24.2994148,58810.97382550003,17.526,0.09,W1
QSO_4.8607351-24.2994148,58811.03923350004,18.373,0.177,W1
QSO_4.8607351-24.2994148,58811.3007195,17.744,0.091,W1
QSO_4.8607351-24.2994148,58811.69240099999,17.875999999999998,0.16,W1
QSO_4.8607351-24.2994148,59015.71369539998,17.851,0.108,W1
QSO_4.8607351-24.2994148,59015.97578800001,17.939,0.13,W1
QSO_4.8607351-24.2994148,59016.17240320004,17.929000000000002,0.118,W1
QSO_4.8607351-24.2994148,59016.43449579999,17.939,0.122,W1
QSO_4.8607351-24.2994148,59016.56556040001,17.964,0.137,W1
QSO_4.8607351-24.2994148,59016.69658840002,18.174,0.146,W1
QSO_4.8607351-24.2994148,59175.49322799996,17.861,0.108,W1
QSO_4.8607351-24.2994148,59175.6242926,17.906,0.115,W1
QSO_4.8607351-24.2994148,59175.7553206,18.071,0.136,W1
QSO_4.8607351-24.2994148,59175.88638520003,18.278,0.194,W1
QSO_4.8607351-24.2994148,59178.50687200001,17.872,0.121,W1
QSO_4.8607351-24.2994148,59178.63793659996,18.006,0.153,W1
QSO_4.8607351-24.2994148,59178.76896459996,18.02,0.155,W1
QSO_4.8607351-24.2994148,59178.90002919999,17.508,0.112,W1
QSO_4.8607351-24.2994148,59380.18626149996,18.006999999999998,0.205,W1
QSO_4.8607351-24.2994148,59380.31682199997,17.381999999999998,0.265,W1
QSO_4.8607351-24.2994148,59380.839282999965,17.768,0.141,W1
QSO_4.8607351-24.2994148,59380.83942899999,17.983,0.118,W1
QSO_4.8607351-24.2994148,59381.035251499976,18.076,0.136,W1
QSO_4.8607351-24.2994148,59381.16595800001,18.242,0.297,W1
QSO_4.8607351-24.2994148,59381.29651850001,18.075,0.172,W1
QSO_4.8607351-24.2994148,59542.43434600002,18.236,0.146,W1
QSO_4.8607351-24.2994148,59542.56490650002,18.251,0.166,W1
QSO_4.8607351-24.2994148,59542.69557650002,17.819,0.194,W1
QSO_4.8607351-24.2994148,59543.08740399996,18.046,0.137,W1
QSO_4.8607351-24.2994148,59543.15266600003,17.829,0.158,W1
QSO_4.8607351-24.2994148,59543.283226500025,17.956,0.124,W1
QSO_4.8607351-24.2994148,59543.41378700003,17.88,0.136,W1
QSO_4.8607351-24.2994148,59543.544493499976,18.168,0.169,W1
QSO_4.8607351-24.2994148,59744.44585900003,17.835,0.125,W1
QSO_4.8607351-24.2994148,59744.6414625,18.07,0.163,W1
QSO_4.8607351-24.2994148,59744.70672449999,17.973,0.129,W1
QSO_4.8607351-24.2994148,59744.77187699997,17.987000000000002,0.14,W1
QSO_4.8607351-24.2994148,59744.90232799996,17.683,0.109,W1
QSO_4.8607351-24.2994148,59745.032742500014,17.844,0.124,W1
QSO_4.8607351-24.2994148,59745.16304749997,18.111,0.178,W1
QSO_4.8607351-24.2994148,59906.92283499999,17.814,0.104,W1
QSO_4.8607351-24.2994148,59906.98838900004,18.046,0.159,W1
QSO_4.8607351-24.2994148,59907.05354150002,18.046,0.175,W1
QSO_4.8607351-24.2994148,59907.118694,18.165,0.146,W1
QSO_4.8607351-24.2994148,59907.183700500034,18.442,0.178,W1
QSO_4.8607351-24.2994148,59907.18384649998,17.836,0.103,W1
QSO_4.8607351-24.2994148,59907.3140055,17.673000000000002,0.095,W1
QSO_4.8607351-24.2994148,60110.90100449996,17.797,0.112,W1
QSO_4.8607351-24.2994148,60111.16033700003,18.13,0.15,W1
QSO_4.8607351-24.2994148,60111.28998499997,17.846,0.172,W1
QSO_4.8607351-24.2994148,60111.354882,17.911,0.12,W1
QSO_4.8607351-24.2994148,60111.41966950002,18.251,0.166,W1
QSO_4.8607351-24.2994148,60111.48456649997,17.889,0.131,W1
QSO_4.8607351-24.2994148,60111.54935399999,18.068,0.186,W1
QSO_4.8607351-24.2994148,60111.54946349999,17.813000000000002,0.13,W1
QSO_4.8607351-24.2994148,60111.61425100001,17.79,0.119,W1
QSO_4.8607351-24.2994148,60111.74389900004,17.866,0.148,W1
QSO_4.8607351-24.2994148,60111.8735835,17.883,0.217,W1
QSO_4.8607351-24.2994148,60273.251508000016,17.747,0.196,W1
QSO_4.8607351-24.2994148,60273.70363349999,17.979,0.123,W1
QSO_4.8607351-24.2994148,60273.768165499976,18.119,0.145,W1
QSO_4.8607351-24.2994148,60273.83280699996,17.753,0.103,W1
QSO_4.8607351-24.2994148,60273.961980500026,17.85,0.106,W1
QSO_4.8607351-24.2994148,60274.09100799997,17.817999999999998,0.157,W1
QSO_4.8607351-24.2994148,60274.09111749997,17.735,0.124,W1
QSO_4.8607351-24.2994148,60274.220145,17.701999999999998,0.102,W1
QSO_4.8607351-24.2994148,60274.220291000034,17.982,0.128,W1
QSO_4.8607351-24.2994148,60475.44250420001,17.653,0.124,W1
QSO_4.8607351-24.2994148,60475.89114699999,17.887,0.14,W1
QSO_4.8607351-24.2994148,55362.357483000014,18.11,0.246,W2
QSO_4.8607351-24.2994148,55362.35759250002,18.543,0.362,W2
QSO_4.8607351-24.2994148,55362.48968599999,18.271,0.324,W2
QSO_4.8607351-24.2994148,55362.4897955,17.893,0.239,W2
QSO_4.8607351-24.2994148,55362.55586050003,18.14,0.246,W2
QSO_4.8607351-24.2994148,55362.621888999965,17.889,0.199,W2
QSO_4.8607351-24.2994148,55362.688063500005,18.262,0.3,W2
QSO_4.8607351-24.2994148,55362.75409200002,18.215,,W2
QSO_4.8607351-24.2994148,55362.820266499984,18.669,0.405,W2
QSO_4.8607351-24.2994148,55362.88633150002,18.074,0.253,W2
QSO_4.8607351-24.2994148,55362.95250599999,18.759,0.429,W2
QSO_4.8607351-24.2994148,55363.34911499999,18.779,0.445,W2
QSO_4.8607351-24.2994148,55539.780187000026,18.616,0.434,W2
QSO_4.8607351-24.2994148,55539.91224399996,18.402,0.322,W2
QSO_4.8607351-24.2994148,55540.044483499965,18.579,0.39,W2
QSO_4.8607351-24.2994148,55540.11051199998,18.802,0.484,W2
QSO_4.8607351-24.2994148,55540.176686500025,18.639,0.501,W2
QSO_4.8607351-24.2994148,55540.24271500003,18.22,0.292,W2
QSO_4.8607351-24.2994148,55540.30877999999,18.166,0.27,W2
QSO_4.8607351-24.2994148,55540.37495450003,18.34,0.314,W2
QSO_4.8607351-24.2994148,55544.00973399999,18.186,0.318,W2
QSO_4.8607351-24.2994148,56640.030319999976,18.196,0.402,W2
QSO_4.8607351-24.2994148,56640.096238999984,18.22,0.391,W2
QSO_4.8607351-24.2994148,56824.379045,18.452,0.438,W2
QSO_4.8607351-24.2994148,56824.51048150002,18.508,0.365,W2
QSO_4.8607351-24.2994148,56824.51062749997,17.785,0.262,W2
QSO_4.8607351-24.2994148,56824.77353699998,18.171,,W2
QSO_4.8607351-24.2994148,56827.73222699998,18.262,0.388,W2
QSO_4.8607351-24.2994148,56827.86366350001,18.141,0.321,W2
QSO_4.8607351-24.2994148,56827.995245999984,18.408,0.453,W2
QSO_4.8607351-24.2994148,57004.21837749997,17.709,0.339,W2
QSO_4.8607351-24.2994148,57004.87512200002,17.931,0.242,W2
QSO_4.8607351-24.2994148,57004.94078549999,17.979,0.319,W2
QSO_4.8607351-24.2994148,57005.07211250001,18.469,0.482,W2
QSO_4.8607351-24.2994148,57005.20343950004,17.855999999999998,0.296,W2
QSO_4.8607351-24.2994148,57005.33487599999,18.647,0.426,W2
QSO_4.8607351-24.2994148,57188.719714254905,17.608,0.17,W2
QSO_4.8607351-24.2994148,57189.24425577161,17.951,0.264,W2
QSO_4.8607351-24.2994148,57189.24436527154,18.566,0.444,W2
QSO_4.8607351-24.2994148,57189.30991927366,18.349,0.335,W2
QSO_4.8607351-24.2994148,57189.375436775765,17.737,0.267,W2
QSO_4.8607351-24.2994148,57189.57217178196,18.605,0.523,W2
QSO_4.8607351-24.2994148,57189.70324328611,17.858,,W2
QSO_4.8607351-24.2994148,57189.83446079029,18.129,,W2
QSO_4.8607351-24.2994148,57363.563577725086,18.347,0.304,W2
QSO_4.8607351-24.2994148,57363.62913172722,18.66,0.484,W2
QSO_4.8607351-24.2994148,57363.694649229314,18.328,0.325,W2
QSO_4.8607351-24.2994148,57363.95679223761,18.033,0.252,W2
QSO_4.8607351-24.2994148,57364.21878924594,18.527,,W2
QSO_4.8607351-24.2994148,57553.08229222045,17.974999999999998,,W2
QSO_4.8607351-24.2994148,57553.34489722869,18.138,0.321,W2
QSO_4.8607351-24.2994148,57553.541768634976,18.228,0.382,W2
QSO_4.8607351-24.2994148,57553.738786441216,18.055,,W2
QSO_4.8607351-24.2994148,57553.93569444744,18.533,,W2
QSO_4.8607351-24.2994148,57554.06697865155,18.194,,W2
QSO_4.8607351-24.2994148,57723.25601060183,17.77,,W2
QSO_4.8607351-24.2994148,57723.38729480602,18.014,,W2
QSO_4.8607351-24.2994148,57723.51861561016,18.712,0.469,W2
QSO_4.8607351-24.2994148,57723.64979001434,18.109,0.257,W2
QSO_4.8607351-24.2994148,57723.84666142054,18.399,0.425,W2
QSO_4.8607351-24.2994148,57917.80615999998,17.69,0.232,W2
QSO_4.8607351-24.2994148,57917.93712199996,18.655,,W2
QSO_4.8607351-24.2994148,57918.002529999976,18.038,0.323,W2
QSO_4.8607351-24.2994148,57918.06793799999,18.19,,W2
QSO_4.8607351-24.2994148,57918.13334600001,17.799,,W2
QSO_4.8607351-24.2994148,57918.19875400003,18.104,0.344,W2
QSO_4.8607351-24.2994148,57918.32956999998,18.283,0.358,W2
QSO_4.8607351-24.2994148,57918.329679499984,18.12,0.319,W2
QSO_4.8607351-24.2994148,57918.3950875,18.417,0.374,W2
QSO_4.8607351-24.2994148,57918.65671949999,18.118,0.312,W2
QSO_4.8607351-24.2994148,58083.47987899998,17.951999999999998,0.307,W2
QSO_4.8607351-24.2994148,58083.61069500001,18.438,0.504,W2
QSO_4.8607351-24.2994148,58083.74151099997,18.256,,W2
QSO_4.8607351-24.2994148,58084.06855099997,18.07,0.314,W2
QSO_4.8607351-24.2994148,58084.06866049997,18.37,0.527,W2
QSO_4.8607351-24.2994148,58084.133958999984,18.213,0.334,W2
QSO_4.8607351-24.2994148,58084.13406849999,17.741,0.229,W2
QSO_4.8607351-24.2994148,58084.33029250004,17.974,0.359,W2
QSO_4.8607351-24.2994148,58084.46110849999,18.194,0.443,W2
QSO_4.8607351-24.2994148,58084.591924500026,17.762999999999998,,W2
QSO_4.8607351-24.2994148,58086.35815950001,17.77,0.343,W2
QSO_4.8607351-24.2994148,58086.6197915,18.049,0.478,W2
QSO_4.8607351-24.2994148,58087.07775700004,17.901,0.318,W2
QSO_4.8607351-24.2994148,58284.50757099999,17.769,,W2
QSO_4.8607351-24.2994148,58284.83446500004,18.551,0.427,W2
QSO_4.8607351-24.2994148,58285.09609700003,18.035,0.369,W2
QSO_4.8607351-24.2994148,58285.488399000016,17.948999999999998,,W2
QSO_4.8607351-24.2994148,58446.83376550001,18.145,0.35,W2
QSO_4.8607351-24.2994148,58446.96458149996,17.83,0.236,W2
QSO_4.8607351-24.2994148,58447.16080550001,18.405,0.452,W2
QSO_4.8607351-24.2994148,58447.29147550002,18.005,0.311,W2
QSO_4.8607351-24.2994148,58447.35688350003,18.241,0.33,W2
QSO_4.8607351-24.2994148,58447.42229149997,17.948,,W2
QSO_4.8607351-24.2994148,58447.5531075,18.15,0.292,W2
QSO_4.8607351-24.2994148,58648.439763500006,18.391,0.482,W2
QSO_4.8607351-24.2994148,58648.57043350001,18.214,,W2
QSO_4.8607351-24.2994148,58648.70110350001,18.469,,W2
QSO_4.8607351-24.2994148,58648.70124949996,18.526,,W2
QSO_4.8607351-24.2994148,58648.89721799998,18.262,0.422,W2
QSO_4.8607351-24.2994148,58648.89732749998,17.769,0.276,W2
QSO_4.8607351-24.2994148,58649.158704000016,18.5,0.463,W2
QSO_4.8607351-24.2994148,58649.28951999996,17.56,0.223,W2
QSO_4.8607351-24.2994148,58649.4202265,18.262,,W2
QSO_4.8607351-24.2994148,58810.71244899999,17.787,0.237,W2
QSO_4.8607351-24.2994148,58810.84311899999,17.604,0.22,W2
QSO_4.8607351-24.2994148,58810.97382550003,18.57,0.453,W2
QSO_4.8607351-24.2994148,58811.03923350004,18.39,0.419,W2
QSO_4.8607351-24.2994148,58811.3007195,18.172,,W2
QSO_4.8607351-24.2994148,58811.69240099999,18.338,,W2
QSO_4.8607351-24.2994148,59015.71369539998,17.874,,W2
QSO_4.8607351-24.2994148,59015.97578800001,17.93,0.266,W2
QSO_4.8607351-24.2994148,59016.17240320004,18.117,0.444,W2
QSO_4.8607351-24.2994148,59016.43449579999,18.296,,W2
QSO_4.8607351-24.2994148,59016.56556040001,17.605999999999998,0.273,W2
QSO_4.8607351-24.2994148,59016.69658840002,17.685,0.323,W2
QSO_4.8607351-24.2994148,59175.49322799996,18.562,0.538,W2
QSO_4.8607351-24.2994148,59175.6242926,17.733,,W2
QSO_4.8607351-24.2994148,59175.7553206,18.313,,W2
QSO_4.8607351-24.2994148,59175.88638520003,17.36,0.278,W2
QSO_4.8607351-24.2994148,59178.50687200001,18.178,,W2
QSO_4.8607351-24.2994148,59178.63793659996,17.672,,W2
QSO_4.8607351-24.2994148,59178.76896459996,17.304,,W2
QSO_4.8607351-24.2994148,59178.90002919999,17.685,,W2
QSO_4.8607351-24.2994148,59380.18626149996,17.829,,W2
QSO_4.8607351-24.2994148,59380.31682199997,18.252,,W2
QSO_4.8607351-24.2994148,59380.839282999965,18.183,,W2
QSO_4.8607351-24.2994148,59380.83942899999,18.18,0.293,W2
QSO_4.8607351-24.2994148,59381.035251499976,18.549,0.416,W2
QSO_4.8607351-24.2994148,59381.16595800001,18.221,,W2
QSO_4.8607351-24.2994148,59381.29651850001,18.62,0.465,W2
QSO_4.8607351-24.2994148,59542.43434600002,18.029,,W2
QSO_4.8607351-24.2994148,59542.56490650002,18.728,0.456,W2
QSO_4.8607351-24.2994148,59542.69557650002,18.265,0.434,W2
QSO_4.8607351-24.2994148,59543.08740399996,18.193,,W2
QSO_4.8607351-24.2994148,59543.15266600003,18.522,0.463,W2
QSO_4.8607351-24.2994148,59543.283226500025,17.941,0.338,W2
QSO_4.8607351-24.2994148,59543.41378700003,18.419,0.35,W2
QSO_4.8607351-24.2994148,59543.544493499976,18.699,0.482,W2
QSO_4.8607351-24.2994148,59744.44585900003,17.901,0.299,W2
QSO_4.8607351-24.2994148,59744.6414625,18.623,0.533,W2
QSO_4.8607351-24.2994148,59744.70672449999,18.356,0.37,W2
QSO_4.8607351-24.2994148,59744.77187699997,18.199,0.337,W2
QSO_4.8607351-24.2994148,59744.90232799996,18.182,0.356,W2
QSO_4.8607351-24.2994148,59745.032742500014,17.741,,W2
QSO_4.8607351-24.2994148,59745.16304749997,17.688,,W2
QSO_4.8607351-24.2994148,59906.92283499999,17.901,,W2
QSO_4.8607351-24.2994148,59906.98838900004,18.14,,W2
QSO_4.8607351-24.2994148,59907.05354150002,17.718,0.206,W2
QSO_4.8607351-24.2994148,59907.118694,18.115,0.275,W2
QSO_4.8607351-24.2994148,59907.183700500034,17.976,0.219,W2
QSO_4.8607351-24.2994148,59907.18384649998,18.332,0.293,W2
QSO_4.8607351-24.2994148,59907.3140055,17.945,0.304,W2
QSO_4.8607351-24.2994148,60110.90100449996,18.018,,W2
QSO_4.8607351-24.2994148,60111.16033700003,17.32,,W2
QSO_4.8607351-24.2994148,60111.28998499997,18.236,0.491,W2
QSO_4.8607351-24.2994148,60111.354882,18.451,0.425,W2
QSO_4.8607351-24.2994148,60111.41966950002,18.138,0.406,W2
QSO_4.8607351-24.2994148,60111.48456649997,18.592,0.478,W2
QSO_4.8607351-24.2994148,60111.54935399999,18.026,,W2
QSO_4.8607351-24.2994148,60111.54946349999,18.201,,W2
QSO_4.8607351-24.2994148,60111.61425100001,18.052,0.288,W2
QSO_4.8607351-24.2994148,60111.74389900004,17.695999999999998,0.297,W2
QSO_4.8607351-24.2994148,60111.8735835,17.759,,W2
QSO_4.8607351-24.2994148,60273.251508000016,17.718,,W2
QSO_4.8607351-24.2994148,60273.70363349999,17.849,0.295,W2
QSO_4.8607351-24.2994148,60273.768165499976,18.524,0.47,W2
QSO_4.8607351-24.2994148,60273.83280699996,18.2,0.318,W2
QSO_4.8607351-24.2994148,60273.961980500026,18.608,0.426,W2
QSO_4.8607351-24.2994148,60274.09100799997,18.033,0.339,W2
QSO_4.8607351-24.2994148,60274.09111749997,18.002,0.278,W2
QSO_4.8607351-24.2994148,60274.220145,18.635,0.472,W2
QSO_4.8607351-24.2994148,60274.220291000034,18.147,0.277,W2
QSO_4.8607351-24.2994148,60475.44250420001,17.948,0.393,W2
QSO_4.8607351-24.2994148,60475.89114699999,17.773,,W2
QSO_4.7739656-24.1492115,55362.357483000014,17.811999999999998,0.122,W1
QSO_4.7739656-24.1492115,55362.48968599999,17.500999999999998,0.084,W1
QSO_4.7739656-24.1492115,55362.55586050003,17.627000000000002,0.093,W1
QSO_4.7739656-24.1492115,55362.621888999965,17.631999999999998,0.102,W1
QSO_4.7739656-24.1492115,55362.688063500005,17.756,0.112,W1
QSO_4.7739656-24.1492115,55362.75409200002,17.607,0.088,W1
QSO_4.7739656-24.1492115,55362.820266499984,17.804000000000002,0.111,W1
QSO_4.7739656-24.1492115,55362.88633150002,17.543,0.084,W1
QSO_4.7739656-24.1492115,55362.95236000003,17.829,0.113,W1
QSO_4.7739656-24.1492115,55362.95250599999,17.683,0.095,W1
QSO_4.7739656-24.1492115,55539.780187000026,17.903,0.136,W1
QSO_4.7739656-24.1492115,55539.91224399996,17.863999999999997,0.145,W1
QSO_4.7739656-24.1492115,55539.91239,17.685000000000002,0.117,W1
QSO_4.7739656-24.1492115,55540.044483499965,17.8,0.11,W1
QSO_4.7739656-24.1492115,55540.11051199998,17.634,0.095,W1
QSO_4.7739656-24.1492115,55540.11065800001,17.543,0.092,W1
QSO_4.7739656-24.1492115,55540.176686500025,17.82,0.112,W1
QSO_4.7739656-24.1492115,55540.24271500003,17.657,0.11,W1
QSO_4.7739656-24.1492115,55540.3088895,17.749000000000002,0.163,W1
QSO_4.7739656-24.1492115,55540.37495450003,17.787,0.117,W1
QSO_4.7739656-24.1492115,55544.00973399999,17.58,0.094,W1
QSO_4.7739656-24.1492115,56640.030319999976,17.441000000000003,0.085,W1
QSO_4.7739656-24.1492115,56640.03042949997,17.911,0.126,W1
QSO_4.7739656-24.1492115,56640.096238999984,17.725,0.108,W1
QSO_4.7739656-24.1492115,56824.379045,17.782,0.108,W1
QSO_4.7739656-24.1492115,56824.51048150002,17.758,0.122,W1
QSO_4.7739656-24.1492115,56824.77353699998,17.43,0.126,W1
QSO_4.7739656-24.1492115,56827.73222699998,17.64,0.093,W1
QSO_4.7739656-24.1492115,56827.79789050004,17.668,0.104,W1
QSO_4.7739656-24.1492115,56827.86366350001,17.603,0.097,W1
QSO_4.7739656-24.1492115,56827.99513649998,17.631,0.103,W1
QSO_4.7739656-24.1492115,56827.995245999984,17.689,0.103,W1
QSO_4.7739656-24.1492115,57004.21837749997,17.573,0.085,W1
QSO_4.7739656-24.1492115,57004.87512200002,17.786,0.108,W1
QSO_4.7739656-24.1492115,57004.94078549999,17.838,0.136,W1
QSO_4.7739656-24.1492115,57005.07211250001,17.729,0.107,W1
QSO_4.7739656-24.1492115,57005.20354899996,17.692,0.098,W1
QSO_4.7739656-24.1492115,57005.33487599999,17.439999999999998,0.08,W1
QSO_4.7739656-24.1492115,57188.719714254905,17.685000000000002,0.102,W1
QSO_4.7739656-24.1492115,57189.24425577161,17.627000000000002,0.123,W1
QSO_4.7739656-24.1492115,57189.30991927366,17.524,0.087,W1
QSO_4.7739656-24.1492115,57189.375436775765,17.45,0.079,W1
QSO_4.7739656-24.1492115,57189.57217178196,17.646,0.089,W1
QSO_4.7739656-24.1492115,57189.70324328611,17.753,0.109,W1
QSO_4.7739656-24.1492115,57189.83446079029,17.7,0.094,W1
QSO_4.7739656-24.1492115,57363.563577725086,17.704,0.1,W1
QSO_4.7739656-24.1492115,57363.62913172722,17.621000000000002,0.093,W1
QSO_4.7739656-24.1492115,57363.694649229314,17.951,0.145,W1
QSO_4.7739656-24.1492115,57363.95679223761,17.713,0.1,W1
QSO_4.7739656-24.1492115,57364.21878924594,17.645,0.111,W1
QSO_4.7739656-24.1492115,57553.08229222045,17.723,0.105,W1
QSO_4.7739656-24.1492115,57553.34478742869,17.651,0.102,W1
QSO_4.7739656-24.1492115,57553.34489722869,17.646,0.092,W1
QSO_4.7739656-24.1492115,57553.541768634976,17.91,0.118,W1
QSO_4.7739656-24.1492115,57553.60735583699,17.922,0.163,W1
QSO_4.7739656-24.1492115,57553.73867664121,17.497999999999998,0.094,W1
QSO_4.7739656-24.1492115,57553.738786441216,17.593,0.094,W1
QSO_4.7739656-24.1492115,57553.93569444744,17.808,0.115,W1
QSO_4.7739656-24.1492115,57554.06697865155,17.576999999999998,0.093,W1
QSO_4.7739656-24.1492115,57723.25601060183,17.557000000000002,0.093,W1
QSO_4.7739656-24.1492115,57723.38729480602,17.67,0.096,W1
QSO_4.7739656-24.1492115,57723.51861561016,17.842,0.134,W1
QSO_4.7739656-24.1492115,57723.58420281225,17.747,0.131,W1
QSO_4.7739656-24.1492115,57723.64989981435,17.669,0.154,W1
QSO_4.7739656-24.1492115,57723.8468078205,17.537,0.095,W1
QSO_4.7739656-24.1492115,57917.80615999998,17.767,0.108,W1
QSO_4.7739656-24.1492115,57918.002529999976,17.477,0.115,W1
QSO_4.7739656-24.1492115,57918.06793799999,17.293,0.111,W1
QSO_4.7739656-24.1492115,57918.13334600001,17.810000000000002,0.112,W1
QSO_4.7739656-24.1492115,57918.19875400003,17.799,0.11,W1
QSO_4.7739656-24.1492115,58083.47987899998,17.7,0.104,W1
QSO_4.7739656-24.1492115,58083.61069500001,17.695999999999998,0.107,W1
QSO_4.7739656-24.1492115,58083.74151099997,17.706,0.103,W1
QSO_4.7739656-24.1492115,58084.06866049997,17.212,0.096,W1
QSO_4.7739656-24.1492115,58084.13406849999,17.752000000000002,0.104,W1
QSO_4.7739656-24.1492115,58084.33029250004,17.631,0.101,W1
QSO_4.7739656-24.1492115,58084.46110849999,17.601,0.092,W1
QSO_4.7739656-24.1492115,58084.591924500026,17.722,0.103,W1
QSO_4.7739656-24.1492115,58086.35815950001,18.059,0.151,W1
QSO_4.7739656-24.1492115,58086.48912149999,17.914,0.126,W1
QSO_4.7739656-24.1492115,58087.07775700004,17.726,0.102,W1
QSO_4.7739656-24.1492115,58284.83446500004,17.555,0.087,W1
QSO_4.7739656-24.1492115,58284.89987299997,17.671,0.098,W1
QSO_4.7739656-24.1492115,58285.03057950001,17.631999999999998,0.133,W1
QSO_4.7739656-24.1492115,58285.09609700003,17.927999999999997,0.135,W1
QSO_4.7739656-24.1492115,58285.488399000016,17.512999999999998,0.092,W1
QSO_4.7739656-24.1492115,58446.83376550001,17.631,0.134,W1
QSO_4.7739656-24.1492115,58446.83387500001,17.552,0.087,W1
QSO_4.7739656-24.1492115,58446.96458149996,17.411,0.085,W1
QSO_4.7739656-24.1492115,58447.16080550001,17.738,0.101,W1
QSO_4.7739656-24.1492115,58447.35688350003,17.689,0.093,W1
QSO_4.7739656-24.1492115,58447.35702949998,17.756,0.097,W1
QSO_4.7739656-24.1492115,58447.42229149997,17.701999999999998,0.106,W1
QSO_4.7739656-24.1492115,58447.5531075,17.615000000000002,0.098,W1
QSO_4.7739656-24.1492115,58648.43961749997,17.634999999999998,0.122,W1
QSO_4.7739656-24.1492115,58648.57043350001,17.826,0.179,W1
QSO_4.7739656-24.1492115,58648.70110350001,17.674,0.099,W1
QSO_4.7739656-24.1492115,58648.89721799998,18.274,0.233,W1
QSO_4.7739656-24.1492115,58649.158704000016,17.695,0.107,W1
QSO_4.7739656-24.1492115,58649.28951999996,17.728,0.106,W1
QSO_4.7739656-24.1492115,58649.4202265,17.878999999999998,0.162,W1
QSO_4.7739656-24.1492115,58810.71244899999,17.564999999999998,0.102,W1
QSO_4.7739656-24.1492115,58810.84311899999,17.914,0.161,W1
QSO_4.7739656-24.1492115,58810.97393500002,17.756999999999998,0.1,W1
QSO_4.7739656-24.1492115,58811.03923350004,17.727,0.118,W1
QSO_4.7739656-24.1492115,58811.235457500006,17.607,0.134,W1
QSO_4.7739656-24.1492115,58811.3007195,17.741,0.118,W1
QSO_4.7739656-24.1492115,58811.69254700002,17.429000000000002,0.114,W1
QSO_4.7739656-24.1492115,59015.71369539998,17.741999999999997,0.105,W1
QSO_4.7739656-24.1492115,59015.97578800001,17.735,0.099,W1
QSO_4.7739656-24.1492115,59016.17240320004,17.791,0.109,W1
QSO_4.7739656-24.1492115,59016.368908599965,16.884999999999998,0.161,W1
QSO_4.7739656-24.1492115,59016.43449579999,17.756999999999998,0.102,W1
QSO_4.7739656-24.1492115,59016.56556040001,17.708,0.11,W1
QSO_4.7739656-24.1492115,59016.69658840002,17.412,0.102,W1
QSO_4.7739656-24.1492115,59175.49322799996,17.664,0.099,W1
QSO_4.7739656-24.1492115,59175.6242926,17.628,0.101,W1
QSO_4.7739656-24.1492115,59175.7553206,17.555999999999997,0.098,W1
QSO_4.7739656-24.1492115,59175.88638520003,17.88,0.153,W1
QSO_4.7739656-24.1492115,59178.50687200001,17.564,0.108,W1
QSO_4.7739656-24.1492115,59178.63793659996,17.686,0.116,W1
QSO_4.7739656-24.1492115,59178.76896459996,17.701999999999998,0.158,W1
QSO_4.7739656-24.1492115,59178.90002919999,17.896,0.146,W1
QSO_4.7739656-24.1492115,59380.18626149996,17.615000000000002,0.102,W1
QSO_4.7739656-24.1492115,59380.31682199997,17.529,0.084,W1
QSO_4.7739656-24.1492115,59380.839282999965,17.467,0.095,W1
QSO_4.7739656-24.1492115,59381.035251499976,17.628999999999998,0.156,W1
QSO_4.7739656-24.1492115,59381.16595800001,17.703,0.102,W1
QSO_4.7739656-24.1492115,59381.29651850001,17.225,0.089,W1
QSO_4.7739656-24.1492115,59542.43434600002,17.673000000000002,0.135,W1
QSO_4.7739656-24.1492115,59542.69557650002,17.716,0.114,W1
QSO_4.7739656-24.1492115,59543.08740399996,17.88,0.15,W1
QSO_4.7739656-24.1492115,59543.15266600003,17.566000000000003,0.1,W1
QSO_4.7739656-24.1492115,59543.283226500025,17.872999999999998,0.113,W1
QSO_4.7739656-24.1492115,59543.41393299997,17.576999999999998,0.099,W1
QSO_4.7739656-24.1492115,59543.544493499976,17.686999999999998,0.094,W1
QSO_4.7739656-24.1492115,59744.18499349999,17.875999999999998,0.123,W1
QSO_4.7739656-24.1492115,59744.44585900003,17.728,0.102,W1
QSO_4.7739656-24.1492115,59744.6414625,17.673000000000002,0.107,W1
QSO_4.7739656-24.1492115,59744.70661499998,17.826,0.115,W1
QSO_4.7739656-24.1492115,59744.70672449999,17.719,0.14,W1
QSO_4.7739656-24.1492115,59744.77187699997,17.531,0.089,W1
QSO_4.7739656-24.1492115,59744.90232799996,17.653,0.095,W1
QSO_4.7739656-24.1492115,59745.03263300001,17.346,0.122,W1
QSO_4.7739656-24.1492115,59745.16304749997,17.701999999999998,0.096,W1
QSO_4.7739656-24.1492115,59906.92283499999,17.659,0.111,W1
QSO_4.7739656-24.1492115,59906.98849849996,17.708,0.1,W1
QSO_4.7739656-24.1492115,59907.05354150002,16.866,0.081,W1
QSO_4.7739656-24.1492115,59907.118694,17.905,0.111,W1
QSO_4.7739656-24.1492115,59907.18384649998,17.764,0.102,W1
QSO_4.7739656-24.1492115,59907.3140055,17.701,0.095,W1
QSO_4.7739656-24.1492115,59907.44431050004,17.722,0.103,W1
QSO_4.7739656-24.1492115,60110.90100449996,17.669,0.101,W1
QSO_4.7739656-24.1492115,60111.16033700003,17.694,0.104,W1
QSO_4.7739656-24.1492115,60111.28998499997,17.829,0.128,W1
QSO_4.7739656-24.1492115,60111.354882,17.863,0.141,W1
QSO_4.7739656-24.1492115,60111.41966950002,17.785,0.141,W1
QSO_4.7739656-24.1492115,60111.48456649997,17.491,0.091,W1
QSO_4.7739656-24.1492115,60111.54935399999,17.558999999999997,0.11,W1
QSO_4.7739656-24.1492115,60111.61425100001,17.701999999999998,0.108,W1
QSO_4.7739656-24.1492115,60111.74389900004,17.833,0.127,W1
QSO_4.7739656-24.1492115,60111.8735835,17.619,0.105,W1
QSO_4.7739656-24.1492115,60273.70363349999,17.503,0.117,W1
QSO_4.7739656-24.1492115,60273.768165499976,17.796,0.112,W1
QSO_4.7739656-24.1492115,60273.83280699996,17.799,0.134,W1
QSO_4.7739656-24.1492115,60273.961980500026,17.543,0.092,W1
QSO_4.7739656-24.1492115,60274.09111749997,17.517,0.087,W1
QSO_4.7739656-24.1492115,60274.220291000034,17.814,0.113,W1
QSO_4.7739656-24.1492115,60475.44250420001,17.619999999999997,0.111,W1
QSO_4.7739656-24.1492115,60475.698850599976,17.662,0.138,W1
QSO_4.7739656-24.1492115,60475.89103719998,17.744999999999997,0.119,W1
QSO_4.7739656-24.1492115,60475.955087200025,17.433999999999997,0.152,W1
QSO_4.7739656-24.1492115,55362.357483000014,18.094,0.263,W2
QSO_4.7739656-24.1492115,55362.48968599999,17.727,0.171,W2
QSO_4.7739656-24.1492115,55362.55586050003,17.9,0.227,W2
QSO_4.7739656-24.1492115,55362.621888999965,18.277,0.269,W2
QSO_4.7739656-24.1492115,55362.688063500005,18.303,0.275,W2
QSO_4.7739656-24.1492115,55362.75409200002,17.892,0.244,W2
QSO_4.7739656-24.1492115,55362.820266499984,18.337,0.316,W2
QSO_4.7739656-24.1492115,55362.88633150002,18.006,0.215,W2
QSO_4.7739656-24.1492115,55362.95236000003,18.67,0.393,W2
QSO_4.7739656-24.1492115,55362.95250599999,18.145,0.246,W2
QSO_4.7739656-24.1492115,55539.780187000026,17.881,0.265,W2
QSO_4.7739656-24.1492115,55539.91224399996,18.24,0.284,W2
QSO_4.7739656-24.1492115,55539.91239,18.926,0.528,W2
QSO_4.7739656-24.1492115,55540.044483499965,18.491,0.359,W2
QSO_4.7739656-24.1492115,55540.11051199998,18.161,0.282,W2
QSO_4.7739656-24.1492115,55540.11065800001,18.522,0.379,W2
QSO_4.7739656-24.1492115,55540.176686500025,18.07,0.257,W2
QSO_4.7739656-24.1492115,55540.24271500003,18.529,0.414,W2
QSO_4.7739656-24.1492115,55540.3088895,18.692,0.421,W2
QSO_4.7739656-24.1492115,55540.37495450003,18.549,0.395,W2
QSO_4.7739656-24.1492115,55544.00973399999,17.973,,W2
QSO_4.7739656-24.1492115,56640.030319999976,18.106,0.351,W2
QSO_4.7739656-24.1492115,56640.03042949997,18.114,0.392,W2
QSO_4.7739656-24.1492115,56640.096238999984,18.345,0.372,W2
QSO_4.7739656-24.1492115,56824.379045,18.021,0.304,W2
QSO_4.7739656-24.1492115,56824.51048150002,18.454,0.374,W2
QSO_4.7739656-24.1492115,56824.77353699998,18.183,0.534,W2
QSO_4.7739656-24.1492115,56827.73222699998,18.631,0.487,W2
QSO_4.7739656-24.1492115,56827.79789050004,18.145,0.351,W2
QSO_4.7739656-24.1492115,56827.86366350001,18.56,0.484,W2
QSO_4.7739656-24.1492115,56827.99513649998,17.628,0.291,W2
QSO_4.7739656-24.1492115,56827.995245999984,18.677,0.512,W2
QSO_4.7739656-24.1492115,57004.21837749997,18.339,0.528,W2
QSO_4.7739656-24.1492115,57004.87512200002,17.701,0.266,W2
QSO_4.7739656-24.1492115,57004.94078549999,18.164,0.383,W2
QSO_4.7739656-24.1492115,57005.07211250001,18.361,0.448,W2
QSO_4.7739656-24.1492115,57005.20354899996,17.961,0.32,W2
QSO_4.7739656-24.1492115,57005.33487599999,17.895,0.241,W2
QSO_4.7739656-24.1492115,57188.719714254905,18.014,0.239,W2
QSO_4.7739656-24.1492115,57189.24425577161,18.832,,W2
QSO_4.7739656-24.1492115,57189.30991927366,18.191,0.339,W2
QSO_4.7739656-24.1492115,57189.375436775765,18.654,0.519,W2
QSO_4.7739656-24.1492115,57189.57217178196,18.57,0.385,W2
QSO_4.7739656-24.1492115,57189.70324328611,18.024,,W2
QSO_4.7739656-24.1492115,57189.83446079029,18.262,0.301,W2
QSO_4.7739656-24.1492115,57363.563577725086,18.155,,W2
QSO_4.7739656-24.1492115,57363.62913172722,18.021,0.298,W2
QSO_4.7739656-24.1492115,57363.694649229314,18.365,0.34,W2
QSO_4.7739656-24.1492115,57363.95679223761,18.426,0.465,W2
QSO_4.7739656-24.1492115,57364.21878924594,18.19,0.28,W2
QSO_4.7739656-24.1492115,57553.08229222045,18.381,0.331,W2
QSO_4.7739656-24.1492115,57553.34478742869,17.996,,W2
QSO_4.7739656-24.1492115,57553.34489722869,17.752,0.298,W2
QSO_4.7739656-24.1492115,57553.541768634976,18.078,,W2
QSO_4.7739656-24.1492115,57553.60735583699,18.032,,W2
QSO_4.7739656-24.1492115,57553.73867664121,18.019,,W2
QSO_4.7739656-24.1492115,57553.738786441216,17.515,0.252,W2
QSO_4.7739656-24.1492115,57553.93569444744,17.749,,W2
QSO_4.7739656-24.1492115,57554.06697865155,18.071,0.418,W2
QSO_4.7739656-24.1492115,57723.25601060183,17.753,,W2
QSO_4.7739656-24.1492115,57723.38729480602,18.614,0.48,W2
QSO_4.7739656-24.1492115,57723.51861561016,18.086,0.329,W2
QSO_4.7739656-24.1492115,57723.58420281225,18.356,0.394,W2
QSO_4.7739656-24.1492115,57723.64989981435,18.403,0.321,W2
QSO_4.7739656-24.1492115,57723.8468078205,18.005,0.273,W2
QSO_4.7739656-24.1492115,57917.80615999998,17.68,,W2
QSO_4.7739656-24.1492115,57918.002529999976,18.262,0.387,W2
QSO_4.7739656-24.1492115,57918.06793799999,17.663999999999998,,W2
QSO_4.7739656-24.1492115,57918.13334600001,18.479,0.413,W2
QSO_4.7739656-24.1492115,57918.19875400003,18.529,0.543,W2
QSO_4.7739656-24.1492115,58083.47987899998,17.947,,W2
QSO_4.7739656-24.1492115,58083.61069500001,18.282,,W2
QSO_4.7739656-24.1492115,58083.74151099997,18.181,,W2
QSO_4.7739656-24.1492115,58084.06866049997,17.483,,W2
QSO_4.7739656-24.1492115,58084.13406849999,18.446,0.452,W2
QSO_4.7739656-24.1492115,58084.33029250004,17.863,,W2
QSO_4.7739656-24.1492115,58084.46110849999,18.039,0.363,W2
QSO_4.7739656-24.1492115,58084.591924500026,17.852,,W2
QSO_4.7739656-24.1492115,58086.35815950001,17.987,0.447,W2
QSO_4.7739656-24.1492115,58086.48912149999,18.02,,W2
QSO_4.7739656-24.1492115,58087.07775700004,17.625,,W2
QSO_4.7739656-24.1492115,58284.83446500004,18.45,0.435,W2
QSO_4.7739656-24.1492115,58284.89987299997,18.354,0.497,W2
QSO_4.7739656-24.1492115,58285.03057950001,18.477,0.409,W2
QSO_4.7739656-24.1492115,58285.09609700003,18.398,0.445,W2
QSO_4.7739656-24.1492115,58285.488399000016,18.197,0.427,W2
QSO_4.7739656-24.1492115,58446.83376550001,18.547,0.42,W2
QSO_4.7739656-24.1492115,58446.83387500001,18.086,,W2
QSO_4.7739656-24.1492115,58446.96458149996,18.547,0.439,W2
QSO_4.7739656-24.1492115,58447.16080550001,18.09,,W2
QSO_4.7739656-24.1492115,58447.35688350003,18.112,0.243,W2
QSO_4.7739656-24.1492115,58447.35702949998,18.236,0.288,W2
QSO_4.7739656-24.1492115,58447.42229149997,18.12,,W2
QSO_4.7739656-24.1492115,58447.5531075,17.44,,W2
QSO_4.7739656-24.1492115,58648.43961749997,18.238,0.312,W2
QSO_4.7739656-24.1492115,58648.57043350001,18.0,,W2
QSO_4.7739656-24.1492115,58648.70110350001,18.245,,W2
QSO_4.7739656-24.1492115,58648.89721799998,18.439,0.396,W2
QSO_4.7739656-24.1492115,58649.158704000016,17.91,,W2
QSO_4.7739656-24.1492115,58649.28951999996,18.443,0.531,W2
QSO_4.7739656-24.1492115,58649.4202265,18.401,0.403,W2
QSO_4.7739656-24.1492115,58810.71244899999,17.695,,W2
QSO_4.7739656-24.1492115,58810.84311899999,18.084,0.291,W2
QSO_4.7739656-24.1492115,58810.97393500002,18.525,0.385,W2
QSO_4.7739656-24.1492115,58811.03923350004,18.666,0.429,W2
QSO_4.7739656-24.1492115,58811.235457500006,18.498,0.36,W2
QSO_4.7739656-24.1492115,58811.3007195,17.724,,W2
QSO_4.7739656-24.1492115,58811.69254700002,18.634,0.482,W2
QSO_4.7739656-24.1492115,59015.71369539998,18.466,0.409,W2
QSO_4.7739656-24.1492115,59015.97578800001,17.713,,W2
QSO_4.7739656-24.1492115,59016.17240320004,18.24,,W2
QSO_4.7739656-24.1492115,59016.368908599965,17.659,0.243,W2
QSO_4.7739656-24.1492115,59016.43449579999,17.897,0.273,W2
QSO_4.7739656-24.1492115,59016.56556040001,18.202,,W2
QSO_4.7739656-24.1492115,59016.69658840002,17.498,0.324,W2
QSO_4.7739656-24.1492115,59175.49322799996,18.042,,W2
QSO_4.7739656-24.1492115,59175.6242926,17.733,0.312,W2
QSO_4.7739656-24.1492115,59175.7553206,18.024,,W2
QSO_4.7739656-24.1492115,59175.88638520003,17.33,0.229,W2
QSO_4.7739656-24.1492115,59178.50687200001,17.774,,W2
QSO_4.7739656-24.1492115,59178.63793659996,18.244,0.539,W2
QSO_4.7739656-24.1492115,59178.76896459996,17.329,,W2
QSO_4.7739656-24.1492115,59178.90002919999,17.844,,W2
QSO_4.7739656-24.1492115,59380.18626149996,18.087,,W2
QSO_4.7739656-24.1492115,59380.31682199997,18.432,0.41,W2
QSO_4.7739656-24.1492115,59380.839282999965,18.028,,W2
QSO_4.7739656-24.1492115,59381.035251499976,17.768,0.284,W2
QSO_4.7739656-24.1492115,59381.16595800001,17.692999999999998,0.403,W2
QSO_4.7739656-24.1492115,59381.29651850001,17.703,,W2
QSO_4.7739656-24.1492115,59542.43434600002,17.895,0.252,W2
QSO_4.7739656-24.1492115,59542.69557650002,17.701,,W2
QSO_4.7739656-24.1492115,59543.08740399996,18.568,0.392,W2
QSO_4.7739656-24.1492115,59543.15266600003,18.027,,W2
QSO_4.7739656-24.1492115,59543.283226500025,18.672,0.436,W2
QSO_4.7739656-24.1492115,59543.41393299997,18.828,0.524,W2
QSO_4.7739656-24.1492115,59543.544493499976,18.024,0.258,W2
QSO_4.7739656-24.1492115,59744.18499349999,18.339,0.355,W2
QSO_4.7739656-24.1492115,59744.44585900003,17.857,,W2
QSO_4.7739656-24.1492115,59744.6414625,17.811,,W2
QSO_4.7739656-24.1492115,59744.70661499998,18.583,,W2
QSO_4.7739656-24.1492115,59744.70672449999,18.113,0.474,W2
QSO_4.7739656-24.1492115,59744.77187699997,18.237,0.468,W2
QSO_4.7739656-24.1492115,59744.90232799996,18.098,0.367,W2
QSO_4.7739656-24.1492115,59745.03263300001,18.015,0.352,W2
QSO_4.7739656-24.1492115,59745.16304749997,18.054,0.297,W2
QSO_4.7739656-24.1492115,59906.92283499999,18.304,0.396,W2
QSO_4.7739656-24.1492115,59906.98849849996,18.067,0.243,W2
QSO_4.7739656-24.1492115,59907.05354150002,18.73,0.503,W2
QSO_4.7739656-24.1492115,59907.118694,18.217,0.278,W2
QSO_4.7739656-24.1492115,59907.18384649998,18.662,0.476,W2
QSO_4.7739656-24.1492115,59907.3140055,18.059,,W2
QSO_4.7739656-24.1492115,59907.44431050004,18.547,0.367,W2
QSO_4.7739656-24.1492115,60110.90100449996,18.045,,W2
QSO_4.7739656-24.1492115,60111.16033700003,17.862,,W2
QSO_4.7739656-24.1492115,60111.28998499997,18.039,0.359,W2
QSO_4.7739656-24.1492115,60111.354882,17.865,0.303,W2
QSO_4.7739656-24.1492115,60111.41966950002,18.248,0.41,W2
QSO_4.7739656-24.1492115,60111.48456649997,18.672,0.491,W2
QSO_4.7739656-24.1492115,60111.54935399999,18.268,0.331,W2
QSO_4.7739656-24.1492115,60111.61425100001,17.927,0.312,W2
QSO_4.7739656-24.1492115,60111.74389900004,18.145,0.37,W2
QSO_4.7739656-24.1492115,60111.8735835,18.093,0.335,W2
QSO_4.7739656-24.1492115,60273.70363349999,18.199,,W2
QSO_4.7739656-24.1492115,60273.768165499976,17.97,0.309,W2
QSO_4.7739656-24.1492115,60273.83280699996,18.044,0.319,W2
QSO_4.7739656-24.1492115,60273.961980500026,17.852999999999998,,W2
QSO_4.7739656-24.1492115,60274.09111749997,18.096,,W2
QSO_4.7739656-24.1492115,60274.220291000034,18.247,0.318,W2
QSO_4.7739656-24.1492115,60475.44250420001,17.706,0.347,W2
QSO_4.7739656-24.1492115,60475.698850599976,17.753,0.279,W2
QSO_4.7739656-24.1492115,60475.89103719998,17.713,0.4,W2
QSO_4.7739656-24.1492115,60475.955087200025,17.836,0.334,W2
QSO_4.9519056-24.3601016,55362.35759250002,17.475,0.079,W1
QSO_4.9519056-24.3601016,55362.4897955,17.622999999999998,0.087,W1
QSO_4.9519056-24.3601016,55362.621888999965,17.658,0.093,W1
QSO_4.9519056-24.3601016,55362.62203499999,17.344,0.072,W1
QSO_4.9519056-24.3601016,55362.688063500005,17.591,0.093,W1
QSO_4.9519056-24.3601016,55362.75409200002,17.598,0.088,W1
QSO_4.9519056-24.3601016,55362.75423799997,17.697,0.101,W1
QSO_4.9519056-24.3601016,55362.820266499984,17.7,0.1,W1
QSO_4.9519056-24.3601016,55362.88633150002,17.869,0.153,W1
QSO_4.9519056-24.3601016,55362.95250599999,17.517,0.085,W1
QSO_4.9519056-24.3601016,55363.34911499999,17.839,0.11,W1
QSO_4.9519056-24.3601016,55539.78004099999,17.634999999999998,0.098,W1
QSO_4.9519056-24.3601016,55539.91224399996,17.588,0.105,W1
QSO_4.9519056-24.3601016,55540.044483499965,17.71,0.101,W1
QSO_4.9519056-24.3601016,55540.11051199998,17.606,0.093,W1
QSO_4.9519056-24.3601016,55540.17654049999,17.653,0.097,W1
QSO_4.9519056-24.3601016,55540.176686500025,17.546,0.095,W1
QSO_4.9519056-24.3601016,55540.24271500003,17.808,0.112,W1
QSO_4.9519056-24.3601016,55540.30877999999,17.454,0.082,W1
QSO_4.9519056-24.3601016,55540.37495450003,17.787,0.123,W1
QSO_4.9519056-24.3601016,55540.77145400003,17.863,0.115,W1
QSO_4.9519056-24.3601016,55544.00973399999,17.616,0.099,W1
QSO_4.9519056-24.3601016,56640.030319999976,17.588,0.093,W1
QSO_4.9519056-24.3601016,56640.096238999984,17.463,0.111,W1
QSO_4.9519056-24.3601016,56824.379045,17.711,0.129,W1
QSO_4.9519056-24.3601016,56824.51062749997,17.655,0.099,W1
QSO_4.9519056-24.3601016,56824.77353699998,17.521,0.088,W1
QSO_4.9519056-24.3601016,56825.3653845,17.544,0.089,W1
QSO_4.9519056-24.3601016,56827.73222699998,17.552999999999997,0.09,W1
QSO_4.9519056-24.3601016,56827.86366350001,17.548000000000002,0.097,W1
QSO_4.9519056-24.3601016,56827.86380950004,17.619,0.095,W1
QSO_4.9519056-24.3601016,56827.995245999984,17.66,0.096,W1
QSO_4.9519056-24.3601016,57004.80934900004,17.654,0.097,W1
QSO_4.9519056-24.3601016,57004.87512200002,17.616999999999997,0.118,W1
QSO_4.9519056-24.3601016,57004.94078549999,17.672,0.098,W1
QSO_4.9519056-24.3601016,57005.07211250001,17.311999999999998,0.073,W1
QSO_4.9519056-24.3601016,57005.20343950004,17.408,0.099,W1
QSO_4.9519056-24.3601016,57005.33476649998,17.732,0.1,W1
QSO_4.9519056-24.3601016,57005.33487599999,17.708,0.108,W1
QSO_4.9519056-24.3601016,57189.24436527154,17.605,0.09,W1
QSO_4.9519056-24.3601016,57189.30991927366,17.689,0.103,W1
QSO_4.9519056-24.3601016,57189.375436775765,17.656,0.092,W1
QSO_4.9519056-24.3601016,57189.44110027781,17.637,0.09,W1
QSO_4.9519056-24.3601016,57189.57217178196,17.77,0.102,W1
QSO_4.9519056-24.3601016,57189.70324328611,17.52,0.085,W1
QSO_4.9519056-24.3601016,57189.83446079029,17.674,0.094,W1
QSO_4.9519056-24.3601016,57363.563577725086,17.636,0.142,W1
QSO_4.9519056-24.3601016,57363.62913172722,17.433,0.077,W1
QSO_4.9519056-24.3601016,57363.69453972931,17.662,0.099,W1
QSO_4.9519056-24.3601016,57363.694649229314,17.570999999999998,0.09,W1
QSO_4.9519056-24.3601016,57363.76005723133,17.608,0.126,W1
QSO_4.9519056-24.3601016,57364.21878924594,17.477,0.083,W1
QSO_4.9519056-24.3601016,57553.08229222045,17.691000000000003,0.101,W1
QSO_4.9519056-24.3601016,57553.34489722869,17.602,0.103,W1
QSO_4.9519056-24.3601016,57553.541768634976,17.488999999999997,0.085,W1
QSO_4.9519056-24.3601016,57553.738786441216,17.68,0.097,W1
QSO_4.9519056-24.3601016,57553.87010724536,17.644,0.09,W1
QSO_4.9519056-24.3601016,57553.93569444744,17.545,0.105,W1
QSO_4.9519056-24.3601016,57554.06697865155,17.802999999999997,0.139,W1
QSO_4.9519056-24.3601016,57723.25601060183,17.956,0.165,W1
QSO_4.9519056-24.3601016,57723.38729480602,17.683,0.104,W1
QSO_4.9519056-24.3601016,57723.51846921012,17.597,0.095,W1
QSO_4.9519056-24.3601016,57723.58420281225,17.538,0.087,W1
QSO_4.9519056-24.3601016,57723.64979001434,17.592,0.094,W1
QSO_4.9519056-24.3601016,57723.84666142054,17.701,0.101,W1
QSO_4.9519056-24.3601016,57917.80615999998,17.857,0.123,W1
QSO_4.9519056-24.3601016,57917.806306000006,17.628999999999998,0.105,W1
QSO_4.9519056-24.3601016,57917.93712199996,17.758,0.102,W1
QSO_4.9519056-24.3601016,57918.06793799999,17.525,0.09,W1
QSO_4.9519056-24.3601016,57918.13334600001,17.488,0.083,W1
QSO_4.9519056-24.3601016,57918.19875400003,17.639,0.151,W1
QSO_4.9519056-24.3601016,57918.26427149997,17.793,0.123,W1
QSO_4.9519056-24.3601016,57918.329679499984,17.455,0.081,W1
QSO_4.9519056-24.3601016,57918.3950875,17.552,0.094,W1
QSO_4.9519056-24.3601016,57918.65671949999,17.456,0.117,W1
QSO_4.9519056-24.3601016,58083.61069500001,17.802999999999997,0.115,W1
QSO_4.9519056-24.3601016,58083.74151099997,17.766,0.121,W1
QSO_4.9519056-24.3601016,58084.06855099997,17.48,0.16,W1
QSO_4.9519056-24.3601016,58084.133958999984,17.402,0.079,W1
QSO_4.9519056-24.3601016,58084.199367,17.677,0.109,W1
QSO_4.9519056-24.3601016,58084.26488450002,17.544,0.183,W1
QSO_4.9519056-24.3601016,58084.33029250004,17.573999999999998,0.089,W1
QSO_4.9519056-24.3601016,58084.46110849999,17.505,0.084,W1
QSO_4.9519056-24.3601016,58084.591924500026,17.519,0.089,W1
QSO_4.9519056-24.3601016,58086.6197915,17.753999999999998,0.168,W1
QSO_4.9519056-24.3601016,58086.75060750003,17.889,0.139,W1
QSO_4.9519056-24.3601016,58087.07775700004,17.768,0.119,W1
QSO_4.9519056-24.3601016,58087.470204999976,17.378,0.082,W1
QSO_4.9519056-24.3601016,58284.50757099999,17.71,0.111,W1
QSO_4.9519056-24.3601016,58284.83446500004,17.766,0.104,W1
QSO_4.9519056-24.3601016,58284.89987299997,17.561999999999998,0.094,W1
QSO_4.9519056-24.3601016,58285.09609700003,17.843,0.121,W1
QSO_4.9519056-24.3601016,58285.16150499996,17.404,0.116,W1
QSO_4.9519056-24.3601016,58285.488399000016,17.589,0.102,W1
QSO_4.9519056-24.3601016,58446.83376550001,17.476,0.089,W1
QSO_4.9519056-24.3601016,58446.96458149996,17.65,0.095,W1
QSO_4.9519056-24.3601016,58447.16065949998,17.521,0.096,W1
QSO_4.9519056-24.3601016,58447.16080550001,17.494999999999997,0.083,W1
QSO_4.9519056-24.3601016,58447.29147550002,17.6,0.168,W1
QSO_4.9519056-24.3601016,58447.35688350003,17.584,0.088,W1
QSO_4.9519056-24.3601016,58447.42229149997,17.552999999999997,0.105,W1
QSO_4.9519056-24.3601016,58447.48769949999,17.625999999999998,0.103,W1
QSO_4.9519056-24.3601016,58447.5531075,17.588,0.151,W1
QSO_4.9519056-24.3601016,58648.439763500006,17.787,0.109,W1
QSO_4.9519056-24.3601016,58648.57043350001,17.435000000000002,0.08,W1
QSO_4.9519056-24.3601016,58648.70124949996,17.601,0.098,W1
QSO_4.9519056-24.3601016,58648.89732749998,17.717,0.118,W1
QSO_4.9519056-24.3601016,58649.158704000016,17.567999999999998,0.117,W1
QSO_4.9519056-24.3601016,58649.15884999996,17.557000000000002,0.087,W1
QSO_4.9519056-24.3601016,58649.28951999996,17.625999999999998,0.1,W1
QSO_4.9519056-24.3601016,58649.4202265,17.656,0.096,W1
QSO_4.9519056-24.3601016,58810.84311899999,17.722,0.105,W1
QSO_4.9519056-24.3601016,58810.97382550003,17.598,0.216,W1
QSO_4.9519056-24.3601016,58811.16990349996,17.653,0.1,W1
QSO_4.9519056-24.3601016,58811.3007195,17.563000000000002,0.098,W1
QSO_4.9519056-24.3601016,58811.69240099999,17.439,0.077,W1
QSO_4.9519056-24.3601016,59015.97578800001,17.648,0.093,W1
QSO_4.9519056-24.3601016,59015.97593439996,17.572,0.115,W1
QSO_4.9519056-24.3601016,59016.106962399965,17.552,0.084,W1
QSO_4.9519056-24.3601016,59016.17240320004,17.433999999999997,0.079,W1
QSO_4.9519056-24.3601016,59016.43449579999,17.881,0.14,W1
QSO_4.9519056-24.3601016,59016.500083,17.651,0.098,W1
QSO_4.9519056-24.3601016,59016.56556040001,17.747999999999998,0.104,W1
QSO_4.9519056-24.3601016,59016.69658840002,17.067,0.13,W1
QSO_4.9519056-24.3601016,59016.82776279997,17.552,0.087,W1
QSO_4.9519056-24.3601016,59175.49322799996,17.529,0.083,W1
QSO_4.9519056-24.3601016,59175.6242926,17.8,0.108,W1
QSO_4.9519056-24.3601016,59175.7553206,17.79,0.112,W1
QSO_4.9519056-24.3601016,59175.88638520003,17.958,0.15,W1
QSO_4.9519056-24.3601016,59178.50687200001,17.686,0.114,W1
QSO_4.9519056-24.3601016,59178.63793659996,17.458,0.095,W1
QSO_4.9519056-24.3601016,59178.76896459996,17.986,0.262,W1
QSO_4.9519056-24.3601016,59178.90002919999,17.535,0.122,W1
QSO_4.9519056-24.3601016,59380.31682199997,17.503999999999998,0.101,W1
QSO_4.9519056-24.3601016,59380.83942899999,17.494999999999997,0.125,W1
QSO_4.9519056-24.3601016,59380.9699895,17.558999999999997,0.104,W1
QSO_4.9519056-24.3601016,59381.035251499976,17.414,0.134,W1
QSO_4.9519056-24.3601016,59381.03539750001,17.672,0.107,W1
QSO_4.9519056-24.3601016,59381.16595800001,17.445,0.12,W1
QSO_4.9519056-24.3601016,59381.29662800001,17.773,0.117,W1
QSO_4.9519056-24.3601016,59542.56490650002,17.558999999999997,0.088,W1
QSO_4.9519056-24.3601016,59542.69557650002,17.579,0.084,W1
QSO_4.9519056-24.3601016,59543.08740399996,17.451,0.094,W1
QSO_4.9519056-24.3601016,59543.15266600003,17.686999999999998,0.114,W1
QSO_4.9519056-24.3601016,59543.21796449996,17.418,0.075,W1
QSO_4.9519056-24.3601016,59543.283226500025,17.679000000000002,0.095,W1
QSO_4.9519056-24.3601016,59543.41378700003,17.627000000000002,0.091,W1
QSO_4.9519056-24.3601016,59543.54434750003,17.703,0.101,W1
QSO_4.9519056-24.3601016,59543.544493499976,17.96,0.16,W1
QSO_4.9519056-24.3601016,59744.44585900003,17.576999999999998,0.094,W1
QSO_4.9519056-24.3601016,59744.6414625,17.622,0.105,W1
QSO_4.9519056-24.3601016,59744.70672449999,17.499000000000002,0.089,W1
QSO_4.9519056-24.3601016,59744.77187699997,17.747,0.106,W1
QSO_4.9519056-24.3601016,59744.90232799996,17.387,0.142,W1
QSO_4.9519056-24.3601016,59745.032742500014,17.807000000000002,0.111,W1
QSO_4.9519056-24.3601016,59745.16304749997,17.747,0.114,W1
QSO_4.9519056-24.3601016,59745.1631935,17.624000000000002,0.1,W1
QSO_4.9519056-24.3601016,59906.92283499999,17.814999999999998,0.102,W1
QSO_4.9519056-24.3601016,59906.98838900004,17.66,0.097,W1
QSO_4.9519056-24.3601016,59907.05354150002,17.454,0.092,W1
QSO_4.9519056-24.3601016,59907.118694,17.727,0.166,W1
QSO_4.9519056-24.3601016,59907.183700500034,17.718,0.121,W1
QSO_4.9519056-24.3601016,59907.3140055,17.686999999999998,0.107,W1
QSO_4.9519056-24.3601016,60110.90100449996,17.622999999999998,0.097,W1
QSO_4.9519056-24.3601016,60111.28998499997,17.781,0.137,W1
QSO_4.9519056-24.3601016,60111.354882,17.573999999999998,0.095,W1
QSO_4.9519056-24.3601016,60111.41966950002,17.529,0.108,W1
QSO_4.9519056-24.3601016,60111.419779000025,17.718,0.102,W1
QSO_4.9519056-24.3601016,60111.48456649997,17.354,0.08,W1
QSO_4.9519056-24.3601016,60111.54946349999,17.548000000000002,0.095,W1
QSO_4.9519056-24.3601016,60111.61425100001,17.458,0.09,W1
QSO_4.9519056-24.3601016,60111.67914799996,17.369999999999997,0.111,W1
QSO_4.9519056-24.3601016,60111.74389900004,17.793,0.114,W1
QSO_4.9519056-24.3601016,60111.8735835,17.579,0.122,W1
QSO_4.9519056-24.3601016,60111.87369300001,17.668,0.109,W1
QSO_4.9519056-24.3601016,60273.251508000016,17.698,0.107,W1
QSO_4.9519056-24.3601016,60273.70352399998,17.722,0.116,W1
QSO_4.9519056-24.3601016,60273.70363349999,17.323999999999998,0.095,W1
QSO_4.9519056-24.3601016,60273.768165499976,17.907,0.123,W1
QSO_4.9519056-24.3601016,60273.83280699996,17.816000000000003,0.113,W1
QSO_4.9519056-24.3601016,60273.89730250001,17.637,0.096,W1
QSO_4.9519056-24.3601016,60273.96183449999,17.777,0.111,W1
QSO_4.9519056-24.3601016,60274.09100799997,17.896,0.124,W1
QSO_4.9519056-24.3601016,60475.44250420001,17.735,0.123,W1
QSO_4.9519056-24.3601016,60475.57075059997,17.616999999999997,0.127,W1
QSO_4.9519056-24.3601016,60475.698850599976,17.490000000000002,0.097,W1
QSO_4.9519056-24.3601016,60475.89114699999,17.899,0.177,W1
QSO_4.9519056-24.3601016,60476.08333359999,17.59,0.104,W1
QSO_4.9519056-24.3601016,55362.35759250002,18.426,0.411,W2
QSO_4.9519056-24.3601016,55362.4897955,17.876,0.196,W2
QSO_4.9519056-24.3601016,55362.621888999965,18.731,0.423,W2
QSO_4.9519056-24.3601016,55362.62203499999,18.338,0.358,W2
QSO_4.9519056-24.3601016,55362.688063500005,18.128,0.265,W2
QSO_4.9519056-24.3601016,55362.75409200002,18.36,0.306,W2
QSO_4.9519056-24.3601016,55362.75423799997,18.12,0.238,W2
QSO_4.9519056-24.3601016,55362.820266499984,17.833,0.196,W2
QSO_4.9519056-24.3601016,55362.88633150002,18.055,0.259,W2
QSO_4.9519056-24.3601016,55362.95250599999,17.784,0.202,W2
QSO_4.9519056-24.3601016,55363.34911499999,18.508,0.347,W2
QSO_4.9519056-24.3601016,55539.78004099999,17.926,0.222,W2
QSO_4.9519056-24.3601016,55539.91224399996,18.418,0.376,W2
QSO_4.9519056-24.3601016,55540.044483499965,17.738,0.198,W2
QSO_4.9519056-24.3601016,55540.11051199998,18.343,0.306,W2
QSO_4.9519056-24.3601016,55540.17654049999,18.09,0.248,W2
QSO_4.9519056-24.3601016,55540.176686500025,18.135,0.303,W2
QSO_4.9519056-24.3601016,55540.24271500003,18.048,0.241,W2
QSO_4.9519056-24.3601016,55540.30877999999,18.475,0.355,W2
QSO_4.9519056-24.3601016,55540.37495450003,18.662,0.445,W2
QSO_4.9519056-24.3601016,55540.77145400003,17.983999999999998,0.244,W2
QSO_4.9519056-24.3601016,55544.00973399999,18.233,,W2
QSO_4.9519056-24.3601016,56640.030319999976,17.794999999999998,0.234,W2
QSO_4.9519056-24.3601016,56640.096238999984,17.924,0.29,W2
QSO_4.9519056-24.3601016,56824.379045,18.295,0.46,W2
QSO_4.9519056-24.3601016,56824.51062749997,17.922,,W2
QSO_4.9519056-24.3601016,56824.77353699998,17.79,0.237,W2
QSO_4.9519056-24.3601016,56825.3653845,17.794999999999998,0.235,W2
QSO_4.9519056-24.3601016,56827.73222699998,18.12,0.326,W2
QSO_4.9519056-24.3601016,56827.86366350001,17.912,0.262,W2
QSO_4.9519056-24.3601016,56827.86380950004,17.78,0.238,W2
QSO_4.9519056-24.3601016,56827.995245999984,18.265,0.5,W2
QSO_4.9519056-24.3601016,57004.80934900004,,,W2
QSO_4.9519056-24.3601016,57004.87512200002,17.938,0.307,W2
QSO_4.9519056-24.3601016,57004.94078549999,17.834,0.273,W2
QSO_4.9519056-24.3601016,57005.07211250001,17.985,0.328,W2
QSO_4.9519056-24.3601016,57005.20343950004,18.513,0.478,W2
QSO_4.9519056-24.3601016,57005.33476649998,17.921,0.217,W2
QSO_4.9519056-24.3601016,57005.33487599999,18.211,0.406,W2
QSO_4.9519056-24.3601016,57189.24436527154,17.983,0.254,W2
QSO_4.9519056-24.3601016,57189.30991927366,17.891,0.23,W2
QSO_4.9519056-24.3601016,57189.375436775765,17.956,0.24,W2
QSO_4.9519056-24.3601016,57189.44110027781,17.916,,W2
QSO_4.9519056-24.3601016,57189.57217178196,17.836,0.334,W2
QSO_4.9519056-24.3601016,57189.70324328611,18.126,0.313,W2
QSO_4.9519056-24.3601016,57189.83446079029,18.354,0.529,W2
QSO_4.9519056-24.3601016,57363.563577725086,18.084,0.263,W2
QSO_4.9519056-24.3601016,57363.62913172722,18.048,0.282,W2
QSO_4.9519056-24.3601016,57363.69453972931,17.714,0.182,W2
QSO_4.9519056-24.3601016,57363.694649229314,18.629,0.495,W2
QSO_4.9519056-24.3601016,57363.76005723133,17.948,0.25,W2
QSO_4.9519056-24.3601016,57364.21878924594,17.884999999999998,0.229,W2
QSO_4.9519056-24.3601016,57553.08229222045,17.669,0.192,W2
QSO_4.9519056-24.3601016,57553.34489722869,17.94,0.296,W2
QSO_4.9519056-24.3601016,57553.541768634976,18.019,,W2
QSO_4.9519056-24.3601016,57553.738786441216,18.411,0.422,W2
QSO_4.9519056-24.3601016,57553.87010724536,17.994,0.244,W2
QSO_4.9519056-24.3601016,57553.93569444744,17.565,0.198,W2
QSO_4.9519056-24.3601016,57554.06697865155,18.182,0.344,W2
QSO_4.9519056-24.3601016,57723.25601060183,18.181,0.393,W2
QSO_4.9519056-24.3601016,57723.38729480602,18.431,0.435,W2
QSO_4.9519056-24.3601016,57723.51846921012,18.102,0.27,W2
QSO_4.9519056-24.3601016,57723.58420281225,17.953,0.282,W2
QSO_4.9519056-24.3601016,57723.64979001434,18.522,0.445,W2
QSO_4.9519056-24.3601016,57723.84666142054,18.397,0.532,W2
QSO_4.9519056-24.3601016,57917.80615999998,17.715,0.211,W2
QSO_4.9519056-24.3601016,57917.806306000006,18.361,0.34,W2
QSO_4.9519056-24.3601016,57917.93712199996,17.663,0.231,W2
QSO_4.9519056-24.3601016,57918.06793799999,18.1,0.328,W2
QSO_4.9519056-24.3601016,57918.13334600001,18.717,0.501,W2
QSO_4.9519056-24.3601016,57918.19875400003,17.665,0.277,W2
QSO_4.9519056-24.3601016,57918.26427149997,18.491,0.498,W2
QSO_4.9519056-24.3601016,57918.329679499984,18.341,0.47,W2
QSO_4.9519056-24.3601016,57918.3950875,18.276,0.492,W2
QSO_4.9519056-24.3601016,57918.65671949999,17.715,0.354,W2
QSO_4.9519056-24.3601016,58083.61069500001,17.864,,W2
QSO_4.9519056-24.3601016,58083.74151099997,18.254,0.443,W2
QSO_4.9519056-24.3601016,58084.06855099997,18.443,0.42,W2
QSO_4.9519056-24.3601016,58084.133958999984,17.779,0.247,W2
QSO_4.9519056-24.3601016,58084.199367,18.376,0.497,W2
QSO_4.9519056-24.3601016,58084.26488450002,18.347,0.452,W2
QSO_4.9519056-24.3601016,58084.33029250004,18.05,0.377,W2
QSO_4.9519056-24.3601016,58084.46110849999,17.964,0.351,W2
QSO_4.9519056-24.3601016,58084.591924500026,17.642,0.314,W2
QSO_4.9519056-24.3601016,58086.6197915,17.526,,W2
QSO_4.9519056-24.3601016,58086.75060750003,17.58,,W2
QSO_4.9519056-24.3601016,58087.07775700004,17.692,,W2
QSO_4.9519056-24.3601016,58087.470204999976,17.983,0.451,W2
QSO_4.9519056-24.3601016,58284.50757099999,18.62,0.472,W2
QSO_4.9519056-24.3601016,58284.83446500004,17.756999999999998,0.221,W2
QSO_4.9519056-24.3601016,58284.89987299997,18.396,0.354,W2
QSO_4.9519056-24.3601016,58285.09609700003,17.794999999999998,0.333,W2
QSO_4.9519056-24.3601016,58285.16150499996,18.416,0.486,W2
QSO_4.9519056-24.3601016,58285.488399000016,17.928,,W2
QSO_4.9519056-24.3601016,58446.83376550001,18.321,0.375,W2
QSO_4.9519056-24.3601016,58446.96458149996,17.872,0.339,W2
QSO_4.9519056-24.3601016,58447.16065949998,18.189,0.321,W2
QSO_4.9519056-24.3601016,58447.16080550001,17.887,0.271,W2
QSO_4.9519056-24.3601016,58447.29147550002,17.956,0.307,W2
QSO_4.9519056-24.3601016,58447.35688350003,17.505,0.196,W2
QSO_4.9519056-24.3601016,58447.42229149997,18.332,0.501,W2
QSO_4.9519056-24.3601016,58447.48769949999,17.98,0.255,W2
QSO_4.9519056-24.3601016,58447.5531075,18.078,,W2
QSO_4.9519056-24.3601016,58648.439763500006,18.119,0.314,W2
QSO_4.9519056-24.3601016,58648.57043350001,17.576,,W2
QSO_4.9519056-24.3601016,58648.70124949996,17.886,0.262,W2
QSO_4.9519056-24.3601016,58648.89732749998,18.113,0.326,W2
QSO_4.9519056-24.3601016,58649.158704000016,18.468,0.401,W2
QSO_4.9519056-24.3601016,58649.15884999996,17.942,0.236,W2
QSO_4.9519056-24.3601016,58649.28951999996,17.593,0.22,W2
QSO_4.9519056-24.3601016,58649.4202265,18.178,0.428,W2
QSO_4.9519056-24.3601016,58810.84311899999,17.845,0.224,W2
QSO_4.9519056-24.3601016,58810.97382550003,17.317999999999998,,W2
QSO_4.9519056-24.3601016,58811.16990349996,18.582,0.407,W2
QSO_4.9519056-24.3601016,58811.3007195,17.866,0.233,W2
QSO_4.9519056-24.3601016,58811.69240099999,17.826,0.239,W2
QSO_4.9519056-24.3601016,59015.97578800001,17.785,0.253,W2
QSO_4.9519056-24.3601016,59015.97593439996,17.936,0.259,W2
QSO_4.9519056-24.3601016,59016.106962399965,17.811,,W2
QSO_4.9519056-24.3601016,59016.17240320004,17.989,0.298,W2
QSO_4.9519056-24.3601016,59016.43449579999,18.293,0.495,W2
QSO_4.9519056-24.3601016,59016.500083,18.366,0.359,W2
QSO_4.9519056-24.3601016,59016.56556040001,18.52,0.417,W2
QSO_4.9519056-24.3601016,59016.69658840002,17.945,0.312,W2
QSO_4.9519056-24.3601016,59016.82776279997,17.753999999999998,0.237,W2
QSO_4.9519056-24.3601016,59175.49322799996,18.176,0.298,W2
QSO_4.9519056-24.3601016,59175.6242926,17.689,0.253,W2
QSO_4.9519056-24.3601016,59175.7553206,18.076,0.327,W2
QSO_4.9519056-24.3601016,59175.88638520003,17.159,0.225,W2
QSO_4.9519056-24.3601016,59178.50687200001,17.416999999999998,0.271,W2
QSO_4.9519056-24.3601016,59178.63793659996,17.649,,W2
QSO_4.9519056-24.3601016,59178.76896459996,17.506,,W2
QSO_4.9519056-24.3601016,59178.90002919999,16.320999999999998,,W2
QSO_4.9519056-24.3601016,59380.31682199997,18.064,0.304,W2
QSO_4.9519056-24.3601016,59380.83942899999,17.744,0.308,W2
QSO_4.9519056-24.3601016,59380.9699895,18.396,0.363,W2
QSO_4.9519056-24.3601016,59381.035251499976,18.059,0.266,W2
QSO_4.9519056-24.3601016,59381.03539750001,17.974,,W2
QSO_4.9519056-24.3601016,59381.16595800001,18.461,0.45,W2
QSO_4.9519056-24.3601016,59381.29662800001,17.848,0.275,W2
QSO_4.9519056-24.3601016,59542.56490650002,18.127,,W2
QSO_4.9519056-24.3601016,59542.69557650002,18.29,0.415,W2
QSO_4.9519056-24.3601016,59543.08740399996,17.876,0.267,W2
QSO_4.9519056-24.3601016,59543.15266600003,18.101,0.351,W2
QSO_4.9519056-24.3601016,59543.21796449996,18.407,0.473,W2
QSO_4.9519056-24.3601016,59543.283226500025,17.852,0.217,W2
QSO_4.9519056-24.3601016,59543.41378700003,17.47,0.168,W2
QSO_4.9519056-24.3601016,59543.54434750003,18.257,0.294,W2
QSO_4.9519056-24.3601016,59543.544493499976,18.43,0.356,W2
QSO_4.9519056-24.3601016,59744.44585900003,18.56,0.454,W2
QSO_4.9519056-24.3601016,59744.6414625,18.336,0.389,W2
QSO_4.9519056-24.3601016,59744.70672449999,17.573,0.222,W2
QSO_4.9519056-24.3601016,59744.77187699997,18.298,0.477,W2
QSO_4.9519056-24.3601016,59744.90232799996,18.232,0.529,W2
QSO_4.9519056-24.3601016,59745.032742500014,18.254,,W2
QSO_4.9519056-24.3601016,59745.16304749997,18.156,0.335,W2
QSO_4.9519056-24.3601016,59745.1631935,18.614,0.506,W2
QSO_4.9519056-24.3601016,59906.92283499999,18.011,0.293,W2
QSO_4.9519056-24.3601016,59906.98838900004,17.887999999999998,,W2
QSO_4.9519056-24.3601016,59907.05354150002,17.933,0.299,W2
QSO_4.9519056-24.3601016,59907.118694,17.576999999999998,0.201,W2
QSO_4.9519056-24.3601016,59907.183700500034,18.321,0.361,W2
QSO_4.9519056-24.3601016,59907.3140055,17.863,0.233,W2
QSO_4.9519056-24.3601016,60110.90100449996,18.252,0.447,W2
QSO_4.9519056-24.3601016,60111.28998499997,18.162,0.299,W2
QSO_4.9519056-24.3601016,60111.354882,17.855999999999998,0.341,W2
QSO_4.9519056-24.3601016,60111.41966950002,18.489,0.434,W2
QSO_4.9519056-24.3601016,60111.419779000025,17.916999999999998,,W2
QSO_4.9519056-24.3601016,60111.48456649997,17.983999999999998,,W2
QSO_4.9519056-24.3601016,60111.54946349999,18.247,0.444,W2
QSO_4.9519056-24.3601016,60111.61425100001,18.373,0.505,W2
QSO_4.9519056-24.3601016,60111.67914799996,17.834,0.245,W2
QSO_4.9519056-24.3601016,60111.74389900004,17.799,0.243,W2
QSO_4.9519056-24.3601016,60111.8735835,17.898,0.257,W2
QSO_4.9519056-24.3601016,60111.87369300001,18.015,0.306,W2
QSO_4.9519056-24.3601016,60273.251508000016,17.623,0.216,W2
QSO_4.9519056-24.3601016,60273.70352399998,18.053,0.329,W2
QSO_4.9519056-24.3601016,60273.70363349999,18.084,0.303,W2
QSO_4.9519056-24.3601016,60273.768165499976,17.89,0.378,W2
QSO_4.9519056-24.3601016,60273.83280699996,17.815,0.272,W2
QSO_4.9519056-24.3601016,60273.89730250001,18.239,0.426,W2
QSO_4.9519056-24.3601016,60273.96183449999,18.125,0.31,W2
QSO_4.9519056-24.3601016,60274.09100799997,18.151,0.3,W2
QSO_4.9519056-24.3601016,60475.44250420001,17.526,,W2
QSO_4.9519056-24.3601016,60475.57075059997,18.046,0.356,W2
QSO_4.9519056-24.3601016,60475.698850599976,17.857,0.445,W2
QSO_4.9519056-24.3601016,60475.89114699999,17.987,0.41,W2
QSO_4.9519056-24.3601016,60476.08333359999,18.176,0.437,W2
QSO_4.8971875-24.2945897,55362.357483000014,17.663,0.105,W1
QSO_4.8971875-24.2945897,55362.35759250002,17.983,0.138,W1
QSO_4.8971875-24.2945897,55362.48968599999,17.944,0.111,W1
QSO_4.8971875-24.2945897,55362.4897955,17.849,0.108,W1
QSO_4.8971875-24.2945897,55362.621888999965,17.923000000000002,0.123,W1
QSO_4.8971875-24.2945897,55362.688063500005,17.789,0.107,W1
QSO_4.8971875-24.2945897,55362.75409200002,17.837,0.11,W1
QSO_4.8971875-24.2945897,55362.820266499984,17.722,0.11,W1
QSO_4.8971875-24.2945897,55362.88633150002,17.637,0.094,W1
QSO_4.8971875-24.2945897,55362.95250599999,17.686,0.125,W1
QSO_4.8971875-24.2945897,55363.34911499999,17.865000000000002,0.112,W1
QSO_4.8971875-24.2945897,55539.78004099999,17.996000000000002,0.152,W1
QSO_4.8971875-24.2945897,55539.780187000026,17.718,0.101,W1
QSO_4.8971875-24.2945897,55539.91224399996,17.573,0.087,W1
QSO_4.8971875-24.2945897,55540.044483499965,17.644,0.097,W1
QSO_4.8971875-24.2945897,55540.11051199998,17.966,0.124,W1
QSO_4.8971875-24.2945897,55540.176686500025,17.921,0.118,W1
QSO_4.8971875-24.2945897,55540.24271500003,17.761,0.13,W1
QSO_4.8971875-24.2945897,55540.30877999999,17.761,0.115,W1
QSO_4.8971875-24.2945897,55540.37495450003,17.863999999999997,0.113,W1
QSO_4.8971875-24.2945897,55540.77145400003,17.797,0.106,W1
QSO_4.8971875-24.2945897,55544.00973399999,17.902,0.123,W1
QSO_4.8971875-24.2945897,56640.030319999976,17.657,0.1,W1
QSO_4.8971875-24.2945897,56640.096238999984,18.019,0.156,W1
QSO_4.8971875-24.2945897,56824.379045,17.755,0.103,W1
QSO_4.8971875-24.2945897,56824.51048150002,17.807000000000002,0.104,W1
QSO_4.8971875-24.2945897,56824.51062749997,17.665,0.096,W1
QSO_4.8971875-24.2945897,56824.77353699998,17.773,0.152,W1
QSO_4.8971875-24.2945897,56827.73222699998,17.564999999999998,0.091,W1
QSO_4.8971875-24.2945897,56827.86366350001,17.904,0.127,W1
QSO_4.8971875-24.2945897,56827.995245999984,17.698999999999998,0.094,W1
QSO_4.8971875-24.2945897,57004.87512200002,17.78,0.106,W1
QSO_4.8971875-24.2945897,57004.94078549999,17.819,0.115,W1
QSO_4.8971875-24.2945897,57005.07211250001,17.768,0.107,W1
QSO_4.8971875-24.2945897,57005.20343950004,17.538,0.111,W1
QSO_4.8971875-24.2945897,57005.33487599999,17.607,0.142,W1
QSO_4.8971875-24.2945897,57188.719714254905,17.915,0.111,W1
QSO_4.8971875-24.2945897,57189.24436527154,17.743000000000002,0.108,W1
QSO_4.8971875-24.2945897,57189.30991927366,17.925,0.132,W1
QSO_4.8971875-24.2945897,57189.375436775765,17.701,0.108,W1
QSO_4.8971875-24.2945897,57189.57217178196,17.761,0.105,W1
QSO_4.8971875-24.2945897,57189.70324328611,17.872999999999998,0.111,W1
QSO_4.8971875-24.2945897,57189.83446079029,17.825,0.1,W1
QSO_4.8971875-24.2945897,57363.563577725086,17.883,0.11,W1
QSO_4.8971875-24.2945897,57363.62913172722,17.9,0.115,W1
QSO_4.8971875-24.2945897,57363.694649229314,18.104,0.127,W1
QSO_4.8971875-24.2945897,57363.89123823548,17.734,0.146,W1
QSO_4.8971875-24.2945897,57363.95679223761,17.863999999999997,0.106,W1
QSO_4.8971875-24.2945897,57364.21878924594,17.668,0.11,W1
QSO_4.8971875-24.2945897,57553.08229222045,17.889,0.121,W1
QSO_4.8971875-24.2945897,57553.34489722869,17.701999999999998,0.099,W1
QSO_4.8971875-24.2945897,57553.541768634976,17.753,0.103,W1
QSO_4.8971875-24.2945897,57553.738786441216,17.766,0.107,W1
QSO_4.8971875-24.2945897,57553.93569444744,18.048,0.276,W1
QSO_4.8971875-24.2945897,57554.06697865155,17.911,0.143,W1
QSO_4.8971875-24.2945897,57723.25601060183,17.548000000000002,0.093,W1
QSO_4.8971875-24.2945897,57723.38729480602,17.762,0.104,W1
QSO_4.8971875-24.2945897,57723.51846921012,17.755,0.116,W1
QSO_4.8971875-24.2945897,57723.51861561016,17.929000000000002,0.134,W1
QSO_4.8971875-24.2945897,57723.58420281225,17.641,0.103,W1
QSO_4.8971875-24.2945897,57723.64979001434,17.903,0.131,W1
QSO_4.8971875-24.2945897,57723.84666142054,18.041,0.132,W1
QSO_4.8971875-24.2945897,57917.80615999998,17.689,0.324,W1
QSO_4.8971875-24.2945897,57917.93712199996,17.75,0.106,W1
QSO_4.8971875-24.2945897,57918.002529999976,18.069,0.131,W1
QSO_4.8971875-24.2945897,57918.06793799999,18.03,0.133,W1
QSO_4.8971875-24.2945897,57918.13334600001,17.841,0.114,W1
QSO_4.8971875-24.2945897,57918.19875400003,17.692,0.147,W1
QSO_4.8971875-24.2945897,57918.329679499984,17.912,0.136,W1
QSO_4.8971875-24.2945897,57918.3950875,17.841,0.126,W1
QSO_4.8971875-24.2945897,57918.65671949999,17.906,0.128,W1
QSO_4.8971875-24.2945897,58083.61069500001,17.849,0.115,W1
QSO_4.8971875-24.2945897,58084.06855099997,17.968,0.156,W1
QSO_4.8971875-24.2945897,58084.133958999984,17.893,0.118,W1
QSO_4.8971875-24.2945897,58084.13406849999,17.65,0.111,W1
QSO_4.8971875-24.2945897,58084.26488450002,17.814,0.142,W1
QSO_4.8971875-24.2945897,58084.33029250004,17.722,0.103,W1
QSO_4.8971875-24.2945897,58084.46110849999,17.841,0.135,W1
QSO_4.8971875-24.2945897,58084.591924500026,17.719,0.106,W1
QSO_4.8971875-24.2945897,58086.35815950001,17.817,0.159,W1
QSO_4.8971875-24.2945897,58086.6197915,17.91,0.15,W1
QSO_4.8971875-24.2945897,58087.07775700004,17.798000000000002,0.119,W1
QSO_4.8971875-24.2945897,58087.470204999976,17.863,0.118,W1
QSO_4.8971875-24.2945897,58284.50757099999,17.637,0.094,W1
QSO_4.8971875-24.2945897,58284.83446500004,17.847,0.11,W1
QSO_4.8971875-24.2945897,58284.89987299997,18.03,0.136,W1
QSO_4.8971875-24.2945897,58285.09609700003,17.808,0.122,W1
QSO_4.8971875-24.2945897,58285.16139549996,18.107,0.185,W1
QSO_4.8971875-24.2945897,58285.16150499996,17.858,0.109,W1
QSO_4.8971875-24.2945897,58285.488399000016,17.778,0.102,W1
QSO_4.8971875-24.2945897,58446.83376550001,17.773,0.104,W1
QSO_4.8971875-24.2945897,58446.96458149996,17.884,0.145,W1
QSO_4.8971875-24.2945897,58447.16080550001,17.887,0.131,W1
QSO_4.8971875-24.2945897,58447.29147550002,17.753999999999998,0.109,W1
QSO_4.8971875-24.2945897,58447.35688350003,17.784,0.113,W1
QSO_4.8971875-24.2945897,58447.42229149997,17.61,0.089,W1
QSO_4.8971875-24.2945897,58447.5531075,17.783,0.124,W1
QSO_4.8971875-24.2945897,58648.439763500006,17.783,0.105,W1
QSO_4.8971875-24.2945897,58648.57043350001,17.904,0.115,W1
QSO_4.8971875-24.2945897,58648.70110350001,17.905,0.115,W1
QSO_4.8971875-24.2945897,58648.70124949996,17.893,0.126,W1
QSO_4.8971875-24.2945897,58648.89732749998,17.945999999999998,0.121,W1
QSO_4.8971875-24.2945897,58649.158704000016,17.939999999999998,0.125,W1
QSO_4.8971875-24.2945897,58649.28951999996,17.837,0.147,W1
QSO_4.8971875-24.2945897,58649.4202265,17.718,0.105,W1
QSO_4.8971875-24.2945897,58810.71244899999,17.725,0.097,W1
QSO_4.8971875-24.2945897,58810.84311899999,17.736,0.107,W1
QSO_4.8971875-24.2945897,58810.97382550003,17.749000000000002,0.169,W1
QSO_4.8971875-24.2945897,58811.16990349996,17.647,0.103,W1
QSO_4.8971875-24.2945897,58811.3007195,18.057,0.179,W1
QSO_4.8971875-24.2945897,58811.69240099999,17.746000000000002,0.098,W1
QSO_4.8971875-24.2945897,59015.71369539998,17.997,0.123,W1
QSO_4.8971875-24.2945897,59015.97578800001,17.698,0.128,W1
QSO_4.8971875-24.2945897,59016.17240320004,17.808999999999997,0.123,W1
QSO_4.8971875-24.2945897,59016.368908599965,17.953,0.162,W1
QSO_4.8971875-24.2945897,59016.43449579999,18.035,0.126,W1
QSO_4.8971875-24.2945897,59016.56556040001,17.907,0.133,W1
QSO_4.8971875-24.2945897,59016.69658840002,17.983,0.195,W1
QSO_4.8971875-24.2945897,59175.49322799996,17.82,0.104,W1
QSO_4.8971875-24.2945897,59175.6242926,17.692,0.118,W1
QSO_4.8971875-24.2945897,59175.7553206,17.569,0.143,W1
QSO_4.8971875-24.2945897,59175.88638520003,17.936999999999998,0.144,W1
QSO_4.8971875-24.2945897,59178.50687200001,17.532,0.098,W1
QSO_4.8971875-24.2945897,59178.76896459996,17.929000000000002,0.139,W1
QSO_4.8971875-24.2945897,59178.90002919999,17.782,0.14,W1
QSO_4.8971875-24.2945897,59380.18626149996,17.832,0.114,W1
QSO_4.8971875-24.2945897,59380.31682199997,17.729,0.101,W1
QSO_4.8971875-24.2945897,59380.839282999965,17.857,0.121,W1
QSO_4.8971875-24.2945897,59380.83942899999,17.695,0.107,W1
QSO_4.8971875-24.2945897,59381.035251499976,17.82,0.169,W1
QSO_4.8971875-24.2945897,59381.16595800001,17.616,0.111,W1
QSO_4.8971875-24.2945897,59381.29651850001,17.744999999999997,0.127,W1
QSO_4.8971875-24.2945897,59542.56490650002,17.925,0.124,W1
QSO_4.8971875-24.2945897,59542.69557650002,17.849,0.108,W1
QSO_4.8971875-24.2945897,59543.08740399996,17.994,0.14,W1
QSO_4.8971875-24.2945897,59543.15266600003,17.418,0.093,W1
QSO_4.8971875-24.2945897,59543.21796449996,17.86,0.119,W1
QSO_4.8971875-24.2945897,59543.283226500025,18.006,0.126,W1
QSO_4.8971875-24.2945897,59543.41378700003,17.659,0.093,W1
QSO_4.8971875-24.2945897,59543.544493499976,18.018,0.152,W1
QSO_4.8971875-24.2945897,59744.44585900003,17.85,0.166,W1
QSO_4.8971875-24.2945897,59744.6414625,17.816000000000003,0.123,W1
QSO_4.8971875-24.2945897,59744.70672449999,17.563000000000002,0.118,W1
QSO_4.8971875-24.2945897,59744.77187699997,17.784,0.107,W1
QSO_4.8971875-24.2945897,59744.90232799996,17.810000000000002,0.109,W1
QSO_4.8971875-24.2945897,59745.032742500014,17.986,0.128,W1
QSO_4.8971875-24.2945897,59745.16304749997,17.59,0.096,W1
QSO_4.8971875-24.2945897,59906.92283499999,17.744,0.113,W1
QSO_4.8971875-24.2945897,59906.98838900004,17.585,0.107,W1
QSO_4.8971875-24.2945897,59907.05354150002,17.491,0.091,W1
QSO_4.8971875-24.2945897,59907.118694,17.801000000000002,0.104,W1
QSO_4.8971875-24.2945897,59907.183700500034,17.746000000000002,0.166,W1
QSO_4.8971875-24.2945897,59907.3140055,17.769,0.135,W1
QSO_4.8971875-24.2945897,60110.90100449996,17.974,0.135,W1
QSO_4.8971875-24.2945897,60111.16033700003,17.607,0.095,W1
QSO_4.8971875-24.2945897,60111.28998499997,18.339,0.311,W1
QSO_4.8971875-24.2945897,60111.354882,17.781,0.113,W1
QSO_4.8971875-24.2945897,60111.41966950002,17.856,0.137,W1
QSO_4.8971875-24.2945897,60111.48456649997,17.889,0.121,W1
QSO_4.8971875-24.2945897,60111.54935399999,17.978,0.164,W1
QSO_4.8971875-24.2945897,60111.54946349999,17.968,0.132,W1
QSO_4.8971875-24.2945897,60111.61425100001,17.783,0.111,W1
QSO_4.8971875-24.2945897,60111.74389900004,18.092,0.232,W1
QSO_4.8971875-24.2945897,60111.8735835,18.043,0.174,W1
QSO_4.8971875-24.2945897,60273.251508000016,17.749000000000002,0.113,W1
QSO_4.8971875-24.2945897,60273.70363349999,17.583,0.094,W1
QSO_4.8971875-24.2945897,60273.768165499976,17.726,0.107,W1
QSO_4.8971875-24.2945897,60273.83280699996,18.04,0.182,W1
QSO_4.8971875-24.2945897,60273.96183449999,18.187,0.18,W1
QSO_4.8971875-24.2945897,60273.961980500026,17.54,0.107,W1
QSO_4.8971875-24.2945897,60274.09100799997,17.753,0.127,W1
QSO_4.8971875-24.2945897,60274.09111749997,17.936999999999998,0.206,W1
QSO_4.8971875-24.2945897,60274.220145,17.896,0.131,W1
QSO_4.8971875-24.2945897,60475.44250420001,17.605,0.109,W1
QSO_4.8971875-24.2945897,60475.698850599976,17.646,0.159,W1
QSO_4.8971875-24.2945897,60475.89114699999,17.759999999999998,0.126,W1
QSO_4.8971875-24.2945897,55362.357483000014,18.511,0.352,W2
QSO_4.8971875-24.2945897,55362.35759250002,18.292,0.34,W2
QSO_4.8971875-24.2945897,55362.48968599999,18.239,0.275,W2
QSO_4.8971875-24.2945897,55362.4897955,18.055,0.229,W2
QSO_4.8971875-24.2945897,55362.621888999965,18.362,0.308,W2
QSO_4.8971875-24.2945897,55362.688063500005,18.112,0.263,W2
QSO_4.8971875-24.2945897,55362.75409200002,17.833,0.192,W2
QSO_4.8971875-24.2945897,55362.820266499984,18.286,0.329,W2
QSO_4.8971875-24.2945897,55362.88633150002,18.465,0.33,W2
QSO_4.8971875-24.2945897,55362.95250599999,18.438,0.326,W2
QSO_4.8971875-24.2945897,55363.34911499999,17.973,0.203,W2
QSO_4.8971875-24.2945897,55539.78004099999,18.391,0.341,W2
QSO_4.8971875-24.2945897,55539.780187000026,18.374,0.354,W2
QSO_4.8971875-24.2945897,55539.91224399996,18.267,0.297,W2
QSO_4.8971875-24.2945897,55540.044483499965,18.931,0.531,W2
QSO_4.8971875-24.2945897,55540.11051199998,18.016,0.253,W2
QSO_4.8971875-24.2945897,55540.176686500025,18.016,0.255,W2
QSO_4.8971875-24.2945897,55540.24271500003,17.817999999999998,0.195,W2
QSO_4.8971875-24.2945897,55540.30877999999,18.341,0.315,W2
QSO_4.8971875-24.2945897,55540.37495450003,18.157,0.345,W2
QSO_4.8971875-24.2945897,55540.77145400003,18.632,0.403,W2
QSO_4.8971875-24.2945897,55544.00973399999,18.45,0.405,W2
QSO_4.8971875-24.2945897,56640.030319999976,17.852999999999998,0.289,W2
QSO_4.8971875-24.2945897,56640.096238999984,18.09,0.298,W2
QSO_4.8971875-24.2945897,56824.379045,17.901,,W2
QSO_4.8971875-24.2945897,56824.51048150002,18.402,0.358,W2
QSO_4.8971875-24.2945897,56824.51062749997,17.883,0.241,W2
QSO_4.8971875-24.2945897,56824.77353699998,18.315,0.37,W2
QSO_4.8971875-24.2945897,56827.73222699998,17.958,0.287,W2
QSO_4.8971875-24.2945897,56827.86366350001,18.024,0.354,W2
QSO_4.8971875-24.2945897,56827.995245999984,18.141,0.392,W2
QSO_4.8971875-24.2945897,57004.87512200002,17.968,0.244,W2
QSO_4.8971875-24.2945897,57004.94078549999,18.567,,W2
QSO_4.8971875-24.2945897,57005.07211250001,18.058,,W2
QSO_4.8971875-24.2945897,57005.20343950004,18.121,0.325,W2
QSO_4.8971875-24.2945897,57005.33487599999,18.132,0.286,W2
QSO_4.8971875-24.2945897,57188.719714254905,18.644,0.488,W2
QSO_4.8971875-24.2945897,57189.24436527154,18.331,0.394,W2
QSO_4.8971875-24.2945897,57189.30991927366,18.279,0.342,W2
QSO_4.8971875-24.2945897,57189.375436775765,18.153,,W2
QSO_4.8971875-24.2945897,57189.57217178196,18.035,,W2
QSO_4.8971875-24.2945897,57189.70324328611,17.967,0.241,W2
QSO_4.8971875-24.2945897,57189.83446079029,18.062,0.395,W2
QSO_4.8971875-24.2945897,57363.563577725086,17.823,0.232,W2
QSO_4.8971875-24.2945897,57363.62913172722,18.024,,W2
QSO_4.8971875-24.2945897,57363.694649229314,18.335,0.445,W2
QSO_4.8971875-24.2945897,57363.89123823548,17.945,0.206,W2
QSO_4.8971875-24.2945897,57363.95679223761,18.713,0.425,W2
QSO_4.8971875-24.2945897,57364.21878924594,18.358,0.35,W2
QSO_4.8971875-24.2945897,57553.08229222045,18.006,0.248,W2
QSO_4.8971875-24.2945897,57553.34489722869,18.312,0.382,W2
QSO_4.8971875-24.2945897,57553.541768634976,17.901,0.223,W2
QSO_4.8971875-24.2945897,57553.738786441216,17.363,0.185,W2
QSO_4.8971875-24.2945897,57553.93569444744,18.16,0.318,W2
QSO_4.8971875-24.2945897,57554.06697865155,18.336,0.536,W2
QSO_4.8971875-24.2945897,57723.25601060183,17.627,0.208,W2
QSO_4.8971875-24.2945897,57723.38729480602,18.096,,W2
QSO_4.8971875-24.2945897,57723.51846921012,18.098,,W2
QSO_4.8971875-24.2945897,57723.51861561016,17.351,0.202,W2
QSO_4.8971875-24.2945897,57723.58420281225,17.988,0.248,W2
QSO_4.8971875-24.2945897,57723.64979001434,18.038,0.25,W2
QSO_4.8971875-24.2945897,57723.84666142054,18.818,0.54,W2
QSO_4.8971875-24.2945897,57917.80615999998,17.878999999999998,0.266,W2
QSO_4.8971875-24.2945897,57917.93712199996,17.9,,W2
QSO_4.8971875-24.2945897,57918.002529999976,18.21,0.35,W2
QSO_4.8971875-24.2945897,57918.06793799999,18.281,,W2
QSO_4.8971875-24.2945897,57918.13334600001,18.26,0.384,W2
QSO_4.8971875-24.2945897,57918.19875400003,18.34,0.375,W2
QSO_4.8971875-24.2945897,57918.329679499984,18.197,0.367,W2
QSO_4.8971875-24.2945897,57918.3950875,17.948999999999998,0.422,W2
QSO_4.8971875-24.2945897,57918.65671949999,18.066,0.41,W2
QSO_4.8971875-24.2945897,58083.61069500001,18.064,,W2
QSO_4.8971875-24.2945897,58084.06855099997,17.98,,W2
QSO_4.8971875-24.2945897,58084.133958999984,18.246,0.337,W2
QSO_4.8971875-24.2945897,58084.13406849999,18.5,0.466,W2
QSO_4.8971875-24.2945897,58084.26488450002,18.122,0.328,W2
QSO_4.8971875-24.2945897,58084.33029250004,17.84,0.378,W2
QSO_4.8971875-24.2945897,58084.46110849999,17.599999999999998,,W2
QSO_4.8971875-24.2945897,58084.591924500026,17.91,0.314,W2
QSO_4.8971875-24.2945897,58086.35815950001,18.337,,W2
QSO_4.8971875-24.2945897,58086.6197915,17.556,0.428,W2
QSO_4.8971875-24.2945897,58087.07775700004,17.83,0.4,W2
QSO_4.8971875-24.2945897,58087.470204999976,18.109,,W2
QSO_4.8971875-24.2945897,58284.50757099999,18.369,0.471,W2
QSO_4.8971875-24.2945897,58284.83446500004,18.626,0.511,W2
QSO_4.8971875-24.2945897,58284.89987299997,18.109,0.451,W2
QSO_4.8971875-24.2945897,58285.09609700003,18.048,0.373,W2
QSO_4.8971875-24.2945897,58285.16139549996,18.052,,W2
QSO_4.8971875-24.2945897,58285.16150499996,17.913,0.233,W2
QSO_4.8971875-24.2945897,58285.488399000016,18.349,0.37,W2
QSO_4.8971875-24.2945897,58446.83376550001,18.353,,W2
QSO_4.8971875-24.2945897,58446.96458149996,18.097,0.307,W2
QSO_4.8971875-24.2945897,58447.16080550001,18.381,0.373,W2
QSO_4.8971875-24.2945897,58447.29147550002,18.034,0.376,W2
QSO_4.8971875-24.2945897,58447.35688350003,18.268,0.359,W2
QSO_4.8971875-24.2945897,58447.42229149997,18.039,,W2
QSO_4.8971875-24.2945897,58447.5531075,18.152,0.328,W2
QSO_4.8971875-24.2945897,58648.439763500006,17.785,,W2
QSO_4.8971875-24.2945897,58648.57043350001,17.733999999999998,,W2
QSO_4.8971875-24.2945897,58648.70110350001,18.383,0.368,W2
QSO_4.8971875-24.2945897,58648.70124949996,17.988,0.243,W2
QSO_4.8971875-24.2945897,58648.89732749998,17.969,0.344,W2
QSO_4.8971875-24.2945897,58649.158704000016,18.298,0.359,W2
QSO_4.8971875-24.2945897,58649.28951999996,17.999,,W2
QSO_4.8971875-24.2945897,58649.4202265,18.315,0.397,W2
QSO_4.8971875-24.2945897,58810.71244899999,18.062,0.282,W2
QSO_4.8971875-24.2945897,58810.84311899999,18.171,0.392,W2
QSO_4.8971875-24.2945897,58810.97382550003,17.895,0.208,W2
QSO_4.8971875-24.2945897,58811.16990349996,18.804,0.476,W2
QSO_4.8971875-24.2945897,58811.3007195,18.242,0.362,W2
QSO_4.8971875-24.2945897,58811.69240099999,18.33,0.312,W2
QSO_4.8971875-24.2945897,59015.71369539998,18.026,0.316,W2
QSO_4.8971875-24.2945897,59015.97578800001,18.328,0.417,W2
QSO_4.8971875-24.2945897,59016.17240320004,18.501,0.428,W2
QSO_4.8971875-24.2945897,59016.368908599965,17.897,,W2
QSO_4.8971875-24.2945897,59016.43449579999,17.561,,W2
QSO_4.8971875-24.2945897,59016.56556040001,18.469,,W2
QSO_4.8971875-24.2945897,59016.69658840002,18.204,,W2
QSO_4.8971875-24.2945897,59175.49322799996,18.518,0.515,W2
QSO_4.8971875-24.2945897,59175.6242926,18.082,,W2
QSO_4.8971875-24.2945897,59175.7553206,18.17,0.481,W2
QSO_4.8971875-24.2945897,59175.88638520003,17.663,0.368,W2
QSO_4.8971875-24.2945897,59178.50687200001,18.107,0.477,W2
QSO_4.8971875-24.2945897,59178.76896459996,17.669999999999998,,W2
QSO_4.8971875-24.2945897,59178.90002919999,17.342,,W2
QSO_4.8971875-24.2945897,59380.18626149996,18.1,,W2
QSO_4.8971875-24.2945897,59380.31682199997,17.845,0.42,W2
QSO_4.8971875-24.2945897,59380.839282999965,18.429,0.406,W2
QSO_4.8971875-24.2945897,59380.83942899999,18.06,,W2
QSO_4.8971875-24.2945897,59381.035251499976,18.291,0.336,W2
QSO_4.8971875-24.2945897,59381.16595800001,18.481,0.442,W2
QSO_4.8971875-24.2945897,59381.29651850001,18.483,0.472,W2
QSO_4.8971875-24.2945897,59542.56490650002,18.062,0.256,W2
QSO_4.8971875-24.2945897,59542.69557650002,17.863,0.214,W2
QSO_4.8971875-24.2945897,59543.08740399996,18.325,0.355,W2
QSO_4.8971875-24.2945897,59543.15266600003,18.232,,W2
QSO_4.8971875-24.2945897,59543.21796449996,17.93,0.22,W2
QSO_4.8971875-24.2945897,59543.283226500025,18.108,0.33,W2
QSO_4.8971875-24.2945897,59543.41378700003,17.94,0.328,W2
QSO_4.8971875-24.2945897,59543.544493499976,18.108,0.246,W2
QSO_4.8971875-24.2945897,59744.44585900003,18.254,0.527,W2
QSO_4.8971875-24.2945897,59744.6414625,17.815,0.248,W2
QSO_4.8971875-24.2945897,59744.70672449999,18.135,0.356,W2
QSO_4.8971875-24.2945897,59744.77187699997,18.12,0.389,W2
QSO_4.8971875-24.2945897,59744.90232799996,18.179,,W2
QSO_4.8971875-24.2945897,59745.032742500014,17.806,0.269,W2
QSO_4.8971875-24.2945897,59745.16304749997,18.653,0.469,W2
QSO_4.8971875-24.2945897,59906.92283499999,18.525,0.407,W2
QSO_4.8971875-24.2945897,59906.98838900004,18.653,0.403,W2
QSO_4.8971875-24.2945897,59907.05354150002,18.187,0.365,W2
QSO_4.8971875-24.2945897,59907.118694,18.304,0.376,W2
QSO_4.8971875-24.2945897,59907.183700500034,18.245,0.324,W2
QSO_4.8971875-24.2945897,59907.3140055,18.123,,W2
QSO_4.8971875-24.2945897,60110.90100449996,17.985,0.273,W2
QSO_4.8971875-24.2945897,60111.16033700003,17.905,,W2
QSO_4.8971875-24.2945897,60111.28998499997,17.921,0.313,W2
QSO_4.8971875-24.2945897,60111.354882,18.226,0.396,W2
QSO_4.8971875-24.2945897,60111.41966950002,17.999,0.326,W2
QSO_4.8971875-24.2945897,60111.48456649997,18.19,0.356,W2
QSO_4.8971875-24.2945897,60111.54935399999,18.305,0.383,W2
QSO_4.8971875-24.2945897,60111.54946349999,18.433,0.428,W2
QSO_4.8971875-24.2945897,60111.61425100001,17.537,,W2
QSO_4.8971875-24.2945897,60111.74389900004,18.351,0.363,W2
QSO_4.8971875-24.2945897,60111.8735835,18.443,0.441,W2
QSO_4.8971875-24.2945897,60273.251508000016,18.1,0.336,W2
QSO_4.8971875-24.2945897,60273.70363349999,17.966,0.288,W2
QSO_4.8971875-24.2945897,60273.768165499976,18.07,,W2
QSO_4.8971875-24.2945897,60273.83280699996,17.753,,W2
QSO_4.8971875-24.2945897,60273.96183449999,18.21,,W2
QSO_4.8971875-24.2945897,60273.961980500026,18.074,0.278,W2
QSO_4.8971875-24.2945897,60274.09100799997,18.233,0.33,W2
QSO_4.8971875-24.2945897,60274.09111749997,18.24,0.326,W2
QSO_4.8971875-24.2945897,60274.220145,18.424,0.39,W2
QSO_4.8971875-24.2945897,60475.44250420001,17.828,,W2
QSO_4.8971875-24.2945897,60475.698850599976,17.187,,W2
QSO_4.8971875-24.2945897,60475.89114699999,18.209,,W2
QSO_4.677056-24.1906086,55362.357483000014,17.747999999999998,0.1,W1
QSO_4.677056-24.1906086,55362.48968599999,17.854,0.112,W1
QSO_4.677056-24.1906086,55362.55586050003,17.959,0.126,W1
QSO_4.677056-24.1906086,55362.621888999965,17.8,0.12,W1
QSO_4.677056-24.1906086,55362.688063500005,17.656,0.106,W1
QSO_4.677056-24.1906086,55362.75409200002,17.653,0.088,W1
QSO_4.677056-24.1906086,55362.820266499984,17.787,0.101,W1
QSO_4.677056-24.1906086,55362.95236000003,17.874000000000002,0.112,W1
QSO_4.677056-24.1906086,55362.95250599999,17.741999999999997,0.105,W1
QSO_4.677056-24.1906086,55539.780187000026,18.014,0.134,W1
QSO_4.677056-24.1906086,55539.91224399996,17.606,0.092,W1
QSO_4.677056-24.1906086,55539.91239,17.689999999999998,0.099,W1
QSO_4.677056-24.1906086,55539.97841850001,17.802,0.109,W1
QSO_4.677056-24.1906086,55540.044483499965,17.785,0.103,W1
QSO_4.677056-24.1906086,55540.11051199998,18.299,0.192,W1
QSO_4.677056-24.1906086,55540.11065800001,17.787,0.109,W1
QSO_4.677056-24.1906086,55540.176686500025,17.736,0.104,W1
QSO_4.677056-24.1906086,55540.24271500003,17.913,0.126,W1
QSO_4.677056-24.1906086,55540.37495450003,17.886,0.136,W1
QSO_4.677056-24.1906086,55543.94370549998,17.878999999999998,0.117,W1
QSO_4.677056-24.1906086,55544.00973399999,17.768,0.108,W1
QSO_4.677056-24.1906086,56824.379045,17.884999999999998,0.12,W1
QSO_4.677056-24.1906086,56824.51048150002,17.844,0.162,W1
QSO_4.677056-24.1906086,56824.77353699998,17.732,0.117,W1
QSO_4.677056-24.1906086,56827.73222699998,17.913,0.121,W1
QSO_4.677056-24.1906086,56827.79789050004,17.767,0.111,W1
QSO_4.677056-24.1906086,56827.86366350001,17.933,0.12,W1
QSO_4.677056-24.1906086,56827.99513649998,17.852,0.121,W1
QSO_4.677056-24.1906086,56827.995245999984,17.776,0.143,W1
QSO_4.677056-24.1906086,57004.21837749997,17.794,0.131,W1
QSO_4.677056-24.1906086,57004.94078549999,17.756,0.107,W1
QSO_4.677056-24.1906086,57005.07211250001,17.674,0.102,W1
QSO_4.677056-24.1906086,57005.20354899996,17.723,0.107,W1
QSO_4.677056-24.1906086,57188.58864275076,18.033,0.136,W1
QSO_4.677056-24.1906086,57188.719714254905,17.738999999999997,0.099,W1
QSO_4.677056-24.1906086,57189.24425577161,17.936,0.202,W1
QSO_4.677056-24.1906086,57189.30991927366,17.909,0.105,W1
QSO_4.677056-24.1906086,57189.57217178196,17.643,0.091,W1
QSO_4.677056-24.1906086,57189.70324328611,17.68,0.092,W1
QSO_4.677056-24.1906086,57363.10484571056,17.616,0.11,W1
QSO_4.677056-24.1906086,57363.563577725086,18.057,0.138,W1
QSO_4.677056-24.1906086,57363.62913172722,17.892,0.109,W1
QSO_4.677056-24.1906086,57363.694649229314,17.805999999999997,0.106,W1
QSO_4.677056-24.1906086,57363.95679223761,17.846,0.105,W1
QSO_4.677056-24.1906086,57553.08229222045,17.479,0.142,W1
QSO_4.677056-24.1906086,57553.34478742869,17.729,0.123,W1
QSO_4.677056-24.1906086,57553.34489722869,17.942,0.118,W1
QSO_4.677056-24.1906086,57553.41048443079,17.506999999999998,0.087,W1
QSO_4.677056-24.1906086,57553.541768634976,17.732,0.101,W1
QSO_4.677056-24.1906086,57553.60735583699,17.587,0.109,W1
QSO_4.677056-24.1906086,57553.93569444744,17.861,0.111,W1
QSO_4.677056-24.1906086,57554.06697865155,17.608,0.097,W1
QSO_4.677056-24.1906086,57722.8622311894,17.758,0.105,W1
QSO_4.677056-24.1906086,57723.25601060183,17.67,0.093,W1
QSO_4.677056-24.1906086,57723.32170760393,18.157,0.154,W1
QSO_4.677056-24.1906086,57723.38729480602,18.026,0.134,W1
QSO_4.677056-24.1906086,57723.51861561016,17.963,0.177,W1
QSO_4.677056-24.1906086,57723.58420281225,17.913,0.112,W1
QSO_4.677056-24.1906086,57723.8468078205,17.772,0.118,W1
QSO_4.677056-24.1906086,57917.80615999998,17.775,0.136,W1
QSO_4.677056-24.1906086,57917.871568,17.913,0.123,W1
QSO_4.677056-24.1906086,57918.002529999976,17.919,0.117,W1
QSO_4.677056-24.1906086,57918.06793799999,17.677,0.102,W1
QSO_4.677056-24.1906086,57918.13334600001,17.786,0.112,W1
QSO_4.677056-24.1906086,57918.19875400003,17.859,0.107,W1
QSO_4.677056-24.1906086,58083.47987899998,17.869,0.12,W1
QSO_4.677056-24.1906086,58083.61069500001,17.608,0.144,W1
QSO_4.677056-24.1906086,58083.74151099997,17.552,0.139,W1
QSO_4.677056-24.1906086,58084.06866049997,17.863,0.113,W1
QSO_4.677056-24.1906086,58084.33029250004,17.911,0.128,W1
QSO_4.677056-24.1906086,58084.46110849999,18.012,0.139,W1
QSO_4.677056-24.1906086,58086.35815950001,17.91,0.218,W1
QSO_4.677056-24.1906086,58086.48912149999,17.750999999999998,0.116,W1
QSO_4.677056-24.1906086,58087.07775700004,17.869,0.117,W1
QSO_4.677056-24.1906086,58284.83446500004,17.841,0.113,W1
QSO_4.677056-24.1906086,58284.89987299997,17.85,0.148,W1
QSO_4.677056-24.1906086,58285.03057950001,18.003999999999998,0.131,W1
QSO_4.677056-24.1906086,58285.09609700003,17.91,0.109,W1
QSO_4.677056-24.1906086,58446.83387500001,17.976,0.12,W1
QSO_4.677056-24.1906086,58446.96458149996,17.797,0.106,W1
QSO_4.677056-24.1906086,58447.02998949998,17.829,0.103,W1
QSO_4.677056-24.1906086,58447.16080550001,17.676000000000002,0.096,W1
QSO_4.677056-24.1906086,58447.42229149997,17.991,0.176,W1
QSO_4.677056-24.1906086,58447.5531075,17.807000000000002,0.107,W1
QSO_4.677056-24.1906086,58648.17824100002,17.719,0.208,W1
QSO_4.677056-24.1906086,58648.43961749997,17.853,0.12,W1
QSO_4.677056-24.1906086,58648.57043350001,17.999000000000002,0.133,W1
QSO_4.677056-24.1906086,58648.6356955,17.962,0.121,W1
QSO_4.677056-24.1906086,58648.70110350001,17.914,0.154,W1
QSO_4.677056-24.1906086,58648.89721799998,17.979,0.124,W1
QSO_4.677056-24.1906086,58649.158704000016,18.123,0.152,W1
QSO_4.677056-24.1906086,58649.28951999996,17.893,0.121,W1
QSO_4.677056-24.1906086,58810.71244899999,18.279,0.162,W1
QSO_4.677056-24.1906086,58810.84311899999,17.944,0.119,W1
QSO_4.677056-24.1906086,58810.97393500002,17.706,0.113,W1
QSO_4.677056-24.1906086,58811.03923350004,17.895,0.17,W1
QSO_4.677056-24.1906086,58811.235457500006,17.512999999999998,0.087,W1
QSO_4.677056-24.1906086,58811.3007195,18.05,0.17,W1
QSO_4.677056-24.1906086,59015.71369539998,17.671,0.097,W1
QSO_4.677056-24.1906086,59015.97578800001,17.894,0.145,W1
QSO_4.677056-24.1906086,59016.04137520003,17.883,0.124,W1
QSO_4.677056-24.1906086,59016.17240320004,17.515,0.109,W1
QSO_4.677056-24.1906086,59016.43449579999,18.008,0.248,W1
QSO_4.677056-24.1906086,59016.56556040001,17.923000000000002,0.121,W1
QSO_4.677056-24.1906086,59016.69658840002,17.955,0.2,W1
QSO_4.677056-24.1906086,59175.36219999997,17.847,0.106,W1
QSO_4.677056-24.1906086,59175.49322799996,17.734,0.101,W1
QSO_4.677056-24.1906086,59175.6242926,17.923000000000002,0.164,W1
QSO_4.677056-24.1906086,59175.7553206,17.945999999999998,0.147,W1
QSO_4.677056-24.1906086,59175.88638520003,17.858,0.135,W1
QSO_4.677056-24.1906086,59178.50687200001,17.59,0.176,W1
QSO_4.677056-24.1906086,59178.63793659996,17.683999999999997,0.139,W1
QSO_4.677056-24.1906086,59178.76896459996,17.787,0.151,W1
QSO_4.677056-24.1906086,59178.90002919999,18.011,0.178,W1
QSO_4.677056-24.1906086,59380.18626149996,17.725,0.101,W1
QSO_4.677056-24.1906086,59380.31682199997,18.031,0.137,W1
QSO_4.677056-24.1906086,59381.035251499976,17.927999999999997,0.12,W1
QSO_4.677056-24.1906086,59381.16595800001,17.155,0.1,W1
QSO_4.677056-24.1906086,59542.43434600002,17.979,0.138,W1
QSO_4.677056-24.1906086,59542.69557650002,18.127,0.131,W1
QSO_4.677056-24.1906086,59543.15266600003,17.887999999999998,0.12,W1
QSO_4.677056-24.1906086,59543.283226500025,17.834,0.146,W1
QSO_4.677056-24.1906086,59543.41393299997,17.887999999999998,0.149,W1
QSO_4.677056-24.1906086,59744.18499349999,17.808,0.105,W1
QSO_4.677056-24.1906086,59744.44585900003,17.826999999999998,0.173,W1
QSO_4.677056-24.1906086,59744.6414625,17.863999999999997,0.118,W1
QSO_4.677056-24.1906086,59744.77187699997,17.936999999999998,0.151,W1
QSO_4.677056-24.1906086,59744.90232799996,17.848,0.112,W1
QSO_4.677056-24.1906086,59745.03263300001,17.874000000000002,0.147,W1
QSO_4.677056-24.1906086,59906.92283499999,17.563000000000002,0.103,W1
QSO_4.677056-24.1906086,59906.98849849996,17.817999999999998,0.129,W1
QSO_4.677056-24.1906086,59907.05354150002,17.896,0.109,W1
QSO_4.677056-24.1906086,59907.18384649998,17.848,0.105,W1
QSO_4.677056-24.1906086,59907.3140055,17.951,0.119,W1
QSO_4.677056-24.1906086,60110.77131999999,17.631999999999998,0.166,W1
QSO_4.677056-24.1906086,60110.90100449996,18.075,0.136,W1
QSO_4.677056-24.1906086,60111.16033700003,17.954,0.16,W1
QSO_4.677056-24.1906086,60111.225233999976,17.948,0.155,W1
QSO_4.677056-24.1906086,60111.28998499997,17.706,0.173,W1
QSO_4.677056-24.1906086,60111.354882,18.011,0.136,W1
QSO_4.677056-24.1906086,60111.41966950002,17.545,0.134,W1
QSO_4.677056-24.1906086,60111.48456649997,17.592,0.105,W1
QSO_4.677056-24.1906086,60111.61425100001,17.688000000000002,0.108,W1
QSO_4.677056-24.1906086,60111.74389900004,17.573,0.12,W1
QSO_4.677056-24.1906086,60111.8735835,17.907,0.119,W1
QSO_4.677056-24.1906086,60273.12248049999,17.857,0.161,W1
QSO_4.677056-24.1906086,60273.70363349999,17.964,0.192,W1
QSO_4.677056-24.1906086,60273.83280699996,17.789,0.111,W1
QSO_4.677056-24.1906086,60273.961980500026,18.000999999999998,0.133,W1
QSO_4.677056-24.1906086,60274.09111749997,17.778,0.127,W1
QSO_4.677056-24.1906086,60475.44250420001,17.762,0.119,W1
QSO_4.677056-24.1906086,60475.63480060002,17.796,0.158,W1
QSO_4.677056-24.1906086,60475.698850599976,18.084,0.155,W1
QSO_4.677056-24.1906086,60475.89103719998,17.89,0.138,W1
QSO_4.677056-24.1906086,55362.357483000014,17.642,0.185,W2
QSO_4.677056-24.1906086,55362.48968599999,18.367,0.323,W2
QSO_4.677056-24.1906086,55362.55586050003,18.325,0.318,W2
QSO_4.677056-24.1906086,55362.621888999965,18.238,0.287,W2
QSO_4.677056-24.1906086,55362.688063500005,17.874,0.223,W2
QSO_4.677056-24.1906086,55362.75409200002,18.127,0.275,W2
QSO_4.677056-24.1906086,55362.820266499984,18.022,0.24,W2
QSO_4.677056-24.1906086,55362.95236000003,18.889,0.494,W2
QSO_4.677056-24.1906086,55362.95250599999,17.733,0.172,W2
QSO_4.677056-24.1906086,55539.780187000026,18.413,0.319,W2
QSO_4.677056-24.1906086,55539.91224399996,17.999,0.233,W2
QSO_4.677056-24.1906086,55539.91239,17.817,0.197,W2
QSO_4.677056-24.1906086,55539.97841850001,18.225,0.338,W2
QSO_4.677056-24.1906086,55540.044483499965,18.054,0.25,W2
QSO_4.677056-24.1906086,55540.11051199998,17.794,0.201,W2
QSO_4.677056-24.1906086,55540.11065800001,18.064,,W2
QSO_4.677056-24.1906086,55540.176686500025,18.32,0.323,W2
QSO_4.677056-24.1906086,55540.24271500003,17.799,0.302,W2
QSO_4.677056-24.1906086,55540.37495450003,18.417,0.369,W2
QSO_4.677056-24.1906086,55543.94370549998,18.582,0.452,W2
QSO_4.677056-24.1906086,55544.00973399999,18.174,0.317,W2
QSO_4.677056-24.1906086,56824.379045,17.963,0.296,W2
QSO_4.677056-24.1906086,56824.51048150002,18.341,0.505,W2
QSO_4.677056-24.1906086,56824.77353699998,18.102,0.295,W2
QSO_4.677056-24.1906086,56827.73222699998,18.347,0.499,W2
QSO_4.677056-24.1906086,56827.79789050004,18.266,0.462,W2
QSO_4.677056-24.1906086,56827.86366350001,17.857,0.29,W2
QSO_4.677056-24.1906086,56827.99513649998,17.842,0.25,W2
QSO_4.677056-24.1906086,56827.995245999984,18.043,0.273,W2
QSO_4.677056-24.1906086,57004.21837749997,18.253,0.394,W2
QSO_4.677056-24.1906086,57004.94078549999,18.399,0.397,W2
QSO_4.677056-24.1906086,57005.07211250001,18.1,0.365,W2
QSO_4.677056-24.1906086,57005.20354899996,18.201,0.333,W2
QSO_4.677056-24.1906086,57188.58864275076,18.353,,W2
QSO_4.677056-24.1906086,57188.719714254905,17.872,0.232,W2
QSO_4.677056-24.1906086,57189.24425577161,18.115,0.269,W2
QSO_4.677056-24.1906086,57189.30991927366,18.456,0.39,W2
QSO_4.677056-24.1906086,57189.57217178196,18.011,0.383,W2
QSO_4.677056-24.1906086,57189.70324328611,17.933,0.229,W2
QSO_4.677056-24.1906086,57363.10484571056,18.043,0.25,W2
QSO_4.677056-24.1906086,57363.563577725086,18.025,0.236,W2
QSO_4.677056-24.1906086,57363.62913172722,18.382,0.37,W2
QSO_4.677056-24.1906086,57363.694649229314,18.372,0.337,W2
QSO_4.677056-24.1906086,57363.95679223761,18.243,0.394,W2
QSO_4.677056-24.1906086,57553.08229222045,18.448,0.436,W2
QSO_4.677056-24.1906086,57553.34478742869,18.172,0.322,W2
QSO_4.677056-24.1906086,57553.34489722869,18.474,0.345,W2
QSO_4.677056-24.1906086,57553.41048443079,18.103,0.273,W2
QSO_4.677056-24.1906086,57553.541768634976,17.669,0.244,W2
QSO_4.677056-24.1906086,57553.60735583699,18.615,0.488,W2
QSO_4.677056-24.1906086,57553.93569444744,18.318,0.365,W2
QSO_4.677056-24.1906086,57554.06697865155,17.916999999999998,0.22,W2
QSO_4.677056-24.1906086,57722.8622311894,18.119,0.387,W2
QSO_4.677056-24.1906086,57723.25601060183,18.364,,W2
QSO_4.677056-24.1906086,57723.32170760393,18.147,0.387,W2
QSO_4.677056-24.1906086,57723.38729480602,18.006,0.308,W2
QSO_4.677056-24.1906086,57723.51861561016,18.017,0.342,W2
QSO_4.677056-24.1906086,57723.58420281225,17.929,0.253,W2
QSO_4.677056-24.1906086,57723.8468078205,17.721999999999998,0.246,W2
QSO_4.677056-24.1906086,57917.80615999998,18.201,0.384,W2
QSO_4.677056-24.1906086,57917.871568,17.971999999999998,0.287,W2
QSO_4.677056-24.1906086,57918.002529999976,18.226,,W2
QSO_4.677056-24.1906086,57918.06793799999,17.927,0.303,W2
QSO_4.677056-24.1906086,57918.13334600001,17.794,0.243,W2
QSO_4.677056-24.1906086,57918.19875400003,18.04,0.267,W2
QSO_4.677056-24.1906086,58083.47987899998,18.006,0.386,W2
QSO_4.677056-24.1906086,58083.61069500001,17.81,,W2
QSO_4.677056-24.1906086,58083.74151099997,18.163,0.362,W2
QSO_4.677056-24.1906086,58084.06866049997,17.832,,W2
QSO_4.677056-24.1906086,58084.33029250004,17.724999999999998,,W2
QSO_4.677056-24.1906086,58084.46110849999,17.992,0.351,W2
QSO_4.677056-24.1906086,58086.35815950001,18.088,0.506,W2
QSO_4.677056-24.1906086,58086.48912149999,17.663999999999998,,W2
QSO_4.677056-24.1906086,58087.07775700004,17.858999999999998,0.347,W2
QSO_4.677056-24.1906086,58284.83446500004,18.572,0.449,W2
QSO_4.677056-24.1906086,58284.89987299997,18.214,0.47,W2
QSO_4.677056-24.1906086,58285.03057950001,17.9,0.25,W2
QSO_4.677056-24.1906086,58285.09609700003,17.963,0.247,W2
QSO_4.677056-24.1906086,58446.83387500001,17.709,0.187,W2
QSO_4.677056-24.1906086,58446.96458149996,18.065,0.283,W2
QSO_4.677056-24.1906086,58447.02998949998,18.149,0.292,W2
QSO_4.677056-24.1906086,58447.16080550001,17.456,,W2
QSO_4.677056-24.1906086,58447.42229149997,18.208,0.273,W2
QSO_4.677056-24.1906086,58447.5531075,18.361,0.352,W2
QSO_4.677056-24.1906086,58648.17824100002,18.08,0.262,W2
QSO_4.677056-24.1906086,58648.43961749997,18.181,0.321,W2
QSO_4.677056-24.1906086,58648.57043350001,17.732,0.464,W2
QSO_4.677056-24.1906086,58648.6356955,18.095,,W2
QSO_4.677056-24.1906086,58648.70110350001,18.162,0.373,W2
QSO_4.677056-24.1906086,58648.89721799998,18.19,,W2
QSO_4.677056-24.1906086,58649.158704000016,18.656,0.478,W2
QSO_4.677056-24.1906086,58649.28951999996,17.877,0.234,W2
QSO_4.677056-24.1906086,58810.71244899999,18.336,0.353,W2
QSO_4.677056-24.1906086,58810.84311899999,18.252,0.304,W2
QSO_4.677056-24.1906086,58810.97393500002,17.907,0.272,W2
QSO_4.677056-24.1906086,58811.03923350004,18.032,0.27,W2
QSO_4.677056-24.1906086,58811.235457500006,17.8,0.223,W2
QSO_4.677056-24.1906086,58811.3007195,18.417,0.543,W2
QSO_4.677056-24.1906086,59015.71369539998,17.828,,W2
QSO_4.677056-24.1906086,59015.97578800001,17.552,,W2
QSO_4.677056-24.1906086,59016.04137520003,17.936,0.371,W2
QSO_4.677056-24.1906086,59016.17240320004,18.303,,W2
QSO_4.677056-24.1906086,59016.43449579999,17.73,0.296,W2
QSO_4.677056-24.1906086,59016.56556040001,17.918,,W2
QSO_4.677056-24.1906086,59016.69658840002,17.75,,W2
QSO_4.677056-24.1906086,59175.36219999997,18.188,0.34,W2
QSO_4.677056-24.1906086,59175.49322799996,18.471,,W2
QSO_4.677056-24.1906086,59175.6242926,17.878,0.395,W2
QSO_4.677056-24.1906086,59175.7553206,18.02,0.294,W2
QSO_4.677056-24.1906086,59175.88638520003,17.669,,W2
QSO_4.677056-24.1906086,59178.50687200001,17.595,,W2
QSO_4.677056-24.1906086,59178.63793659996,17.910999999999998,0.393,W2
QSO_4.677056-24.1906086,59178.76896459996,17.559,,W2
QSO_4.677056-24.1906086,59178.90002919999,18.218,,W2
QSO_4.677056-24.1906086,59380.18626149996,17.896,0.244,W2
QSO_4.677056-24.1906086,59380.31682199997,18.466,0.49,W2
QSO_4.677056-24.1906086,59381.035251499976,17.707,,W2
QSO_4.677056-24.1906086,59381.16595800001,17.896,0.237,W2
QSO_4.677056-24.1906086,59542.43434600002,18.009,0.245,W2
QSO_4.677056-24.1906086,59542.69557650002,18.237,0.37,W2
QSO_4.677056-24.1906086,59543.15266600003,18.559,0.439,W2
QSO_4.677056-24.1906086,59543.283226500025,18.122,0.268,W2
QSO_4.677056-24.1906086,59543.41393299997,18.225,0.311,W2
QSO_4.677056-24.1906086,59744.18499349999,18.142,0.286,W2
QSO_4.677056-24.1906086,59744.44585900003,17.656,,W2
QSO_4.677056-24.1906086,59744.6414625,18.159,,W2
QSO_4.677056-24.1906086,59744.77187699997,16.832,0.242,W2
QSO_4.677056-24.1906086,59744.90232799996,17.47,,W2
QSO_4.677056-24.1906086,59745.03263300001,18.333,0.364,W2
QSO_4.677056-24.1906086,59906.92283499999,18.532,0.46,W2
QSO_4.677056-24.1906086,59906.98849849996,18.054,0.258,W2
QSO_4.677056-24.1906086,59907.05354150002,17.929,0.237,W2
QSO_4.677056-24.1906086,59907.18384649998,18.044,0.25,W2
QSO_4.677056-24.1906086,59907.3140055,18.128,0.301,W2
QSO_4.677056-24.1906086,60110.77131999999,17.948999999999998,0.41,W2
QSO_4.677056-24.1906086,60110.90100449996,18.111,0.333,W2
QSO_4.677056-24.1906086,60111.16033700003,17.724,,W2
QSO_4.677056-24.1906086,60111.225233999976,18.382,0.389,W2
QSO_4.677056-24.1906086,60111.28998499997,17.791,0.345,W2
QSO_4.677056-24.1906086,60111.354882,17.753999999999998,0.205,W2
QSO_4.677056-24.1906086,60111.41966950002,18.118,0.398,W2
QSO_4.677056-24.1906086,60111.48456649997,17.982,0.287,W2
QSO_4.677056-24.1906086,60111.61425100001,18.168,,W2
QSO_4.677056-24.1906086,60111.74389900004,18.141,0.364,W2
QSO_4.677056-24.1906086,60111.8735835,18.246,0.363,W2
QSO_4.677056-24.1906086,60273.12248049999,17.787,,W2
QSO_4.677056-24.1906086,60273.70363349999,18.259,0.389,W2
QSO_4.677056-24.1906086,60273.83280699996,17.973,0.324,W2
QSO_4.677056-24.1906086,60273.961980500026,18.533,0.418,W2
QSO_4.677056-24.1906086,60274.09111749997,18.036,0.276,W2
QSO_4.677056-24.1906086,60475.44250420001,17.834,,W2
QSO_4.677056-24.1906086,60475.63480060002,18.05,,W2
QSO_4.677056-24.1906086,60475.698850599976,17.576999999999998,,W2
QSO_4.677056-24.1906086,60475.89103719998,17.948999999999998,0.358,W2
QSO_4.7168433-24.2800822,55362.357483000014,18.349,0.151,W1
QSO_4.7168433-24.2800822,55362.48968599999,19.121,0.312,W1
QSO_4.7168433-24.2800822,55362.55586050003,18.142,0.14,W1
QSO_4.7168433-24.2800822,55362.621888999965,18.322,0.168,W1
QSO_4.7168433-24.2800822,55362.688063500005,18.47,0.172,W1
QSO_4.7168433-24.2800822,55362.75409200002,18.46,0.172,W1
QSO_4.7168433-24.2800822,55362.820266499984,18.442,0.166,W1
QSO_4.7168433-24.2800822,55362.95250599999,18.487,0.18,W1
QSO_4.7168433-24.2800822,55539.780187000026,18.667,0.215,W1
QSO_4.7168433-24.2800822,55539.91224399996,18.323,0.157,W1
QSO_4.7168433-24.2800822,55539.97841850001,18.283,0.151,W1
QSO_4.7168433-24.2800822,55540.044483499965,18.623,0.222,W1
QSO_4.7168433-24.2800822,55540.11051199998,18.296,0.155,W1
QSO_4.7168433-24.2800822,55540.176686500025,18.13,0.143,W1
QSO_4.7168433-24.2800822,55540.24271500003,19.044,0.393,W1
QSO_4.7168433-24.2800822,55540.37495450003,18.534,0.194,W1
QSO_4.7168433-24.2800822,55543.94370549998,18.447,0.184,W1
QSO_4.7168433-24.2800822,55544.00973399999,18.436,0.177,W1
QSO_4.7168433-24.2800822,56824.51048150002,18.528,0.188,W1
QSO_4.7168433-24.2800822,56824.77353699998,18.62,0.253,W1
QSO_4.7168433-24.2800822,56827.73222699998,18.688,0.218,W1
QSO_4.7168433-24.2800822,56827.995245999984,18.468,0.18,W1
QSO_4.7168433-24.2800822,57004.21837749997,18.015,0.122,W1
QSO_4.7168433-24.2800822,57004.94078549999,18.174,0.14,W1
QSO_4.7168433-24.2800822,57005.07211250001,19.326,0.392,W1
QSO_4.7168433-24.2800822,57005.20343950004,18.223,0.162,W1
QSO_4.7168433-24.2800822,57188.58864275076,17.936,0.115,W1
QSO_4.7168433-24.2800822,57188.719714254905,17.894,0.17,W1
QSO_4.7168433-24.2800822,57189.24425577161,18.285,0.162,W1
QSO_4.7168433-24.2800822,57189.30991927366,18.472,0.217,W1
QSO_4.7168433-24.2800822,57189.57217178196,18.445,0.182,W1
QSO_4.7168433-24.2800822,57189.70324328611,18.287,0.153,W1
QSO_4.7168433-24.2800822,57363.10484571056,18.966,0.341,W1
QSO_4.7168433-24.2800822,57363.62913172722,18.276,0.161,W1
QSO_4.7168433-24.2800822,57363.694649229314,18.27,0.156,W1
QSO_4.7168433-24.2800822,57553.08229222045,18.49,0.177,W1
QSO_4.7168433-24.2800822,57553.34489722869,18.509,0.18,W1
QSO_4.7168433-24.2800822,57553.41048443079,18.309,0.174,W1
QSO_4.7168433-24.2800822,57553.93569444744,18.253,0.162,W1
QSO_4.7168433-24.2800822,57554.06697865155,18.019,0.131,W1
QSO_4.7168433-24.2800822,57722.8622311894,17.977,0.116,W1
QSO_4.7168433-24.2800822,57723.32159780392,18.39,0.224,W1
QSO_4.7168433-24.2800822,57723.32170760393,18.426,0.163,W1
QSO_4.7168433-24.2800822,57723.38729480602,18.273,0.159,W1
QSO_4.7168433-24.2800822,57723.51861561016,18.45,0.182,W1
QSO_4.7168433-24.2800822,57723.58420281225,18.566000000000003,0.197,W1
QSO_4.7168433-24.2800822,57723.84666142054,18.324,0.231,W1
QSO_4.7168433-24.2800822,57723.8468078205,18.294,0.24,W1
QSO_4.7168433-24.2800822,57917.80615999998,18.232,0.177,W1
QSO_4.7168433-24.2800822,57917.871568,17.724,0.137,W1
QSO_4.7168433-24.2800822,57917.93712199996,18.477,0.269,W1
QSO_4.7168433-24.2800822,57918.002529999976,18.574,0.253,W1
QSO_4.7168433-24.2800822,57918.06793799999,18.553,0.198,W1
QSO_4.7168433-24.2800822,57918.13334600001,18.318,0.163,W1
QSO_4.7168433-24.2800822,57918.19875400003,18.106,0.137,W1
QSO_4.7168433-24.2800822,57918.3950875,18.308,0.153,W1
QSO_4.7168433-24.2800822,58083.47987899998,17.919,0.116,W1
QSO_4.7168433-24.2800822,58083.61069500001,18.021,0.232,W1
QSO_4.7168433-24.2800822,58083.74151099997,18.453,0.177,W1
QSO_4.7168433-24.2800822,58084.06866049997,18.624,0.198,W1
QSO_4.7168433-24.2800822,58084.33029250004,18.342,0.17,W1
QSO_4.7168433-24.2800822,58084.46110849999,18.473,0.194,W1
QSO_4.7168433-24.2800822,58284.50757099999,18.241,0.147,W1
QSO_4.7168433-24.2800822,58284.83446500004,18.375,0.172,W1
QSO_4.7168433-24.2800822,58285.09609700003,18.299,0.155,W1
QSO_4.7168433-24.2800822,58446.96458149996,18.21,0.137,W1
QSO_4.7168433-24.2800822,58447.16080550001,18.269,0.142,W1
QSO_4.7168433-24.2800822,58447.42229149997,18.599,0.193,W1
QSO_4.7168433-24.2800822,58447.5531075,18.627,0.199,W1
QSO_4.7168433-24.2800822,58648.17824100002,18.229,0.146,W1
QSO_4.7168433-24.2800822,58648.439763500006,18.38,0.165,W1
QSO_4.7168433-24.2800822,58648.57043350001,18.641,0.273,W1
QSO_4.7168433-24.2800822,58648.63584150003,18.854,0.313,W1
QSO_4.7168433-24.2800822,58648.89721799998,18.145,0.224,W1
QSO_4.7168433-24.2800822,58649.158704000016,18.928,0.309,W1
QSO_4.7168433-24.2800822,58649.28951999996,18.214,0.229,W1
QSO_4.7168433-24.2800822,58810.71244899999,18.496,0.26,W1
QSO_4.7168433-24.2800822,58810.84311899999,18.496,0.18,W1
QSO_4.7168433-24.2800822,58810.97382550003,18.539,0.176,W1
QSO_4.7168433-24.2800822,58810.97393500002,18.285,0.151,W1
QSO_4.7168433-24.2800822,58811.03923350004,18.513,0.21,W1
QSO_4.7168433-24.2800822,58811.3007195,18.249,0.159,W1
QSO_4.7168433-24.2800822,59015.97578800001,18.245,0.159,W1
QSO_4.7168433-24.2800822,59016.04137520003,18.215,0.149,W1
QSO_4.7168433-24.2800822,59016.17240320004,18.341,0.169,W1
QSO_4.7168433-24.2800822,59016.43449579999,18.347,0.235,W1
QSO_4.7168433-24.2800822,59175.36219999997,18.625,0.204,W1
QSO_4.7168433-24.2800822,59175.49322799996,18.311,0.164,W1
QSO_4.7168433-24.2800822,59175.6242926,18.236,0.143,W1
QSO_4.7168433-24.2800822,59175.7553206,18.546,0.195,W1
QSO_4.7168433-24.2800822,59178.76896459996,18.041,0.169,W1
QSO_4.7168433-24.2800822,59178.90002919999,18.308,0.214,W1
QSO_4.7168433-24.2800822,59380.18626149996,18.666,0.225,W1
QSO_4.7168433-24.2800822,59380.31682199997,18.773000000000003,0.237,W1
QSO_4.7168433-24.2800822,59542.43434600002,18.225,0.196,W1
QSO_4.7168433-24.2800822,59542.69557650002,18.154,0.205,W1
QSO_4.7168433-24.2800822,59543.15266600003,18.298,0.15,W1
QSO_4.7168433-24.2800822,59543.283226500025,18.182,0.142,W1
QSO_4.7168433-24.2800822,59543.41378700003,18.515,0.208,W1
QSO_4.7168433-24.2800822,59543.41393299997,18.519,0.203,W1
QSO_4.7168433-24.2800822,59744.44585900003,18.475,0.197,W1
QSO_4.7168433-24.2800822,59744.6414625,18.035,0.132,W1
QSO_4.7168433-24.2800822,59744.90232799996,18.339,0.164,W1
QSO_4.7168433-24.2800822,59745.032742500014,18.073,0.14,W1
QSO_4.7168433-24.2800822,59906.337229000026,18.259,0.151,W1
QSO_4.7168433-24.2800822,59906.92283499999,18.384,0.224,W1
QSO_4.7168433-24.2800822,59906.98838900004,18.285,0.2,W1
QSO_4.7168433-24.2800822,59907.05354150002,18.536,0.273,W1
QSO_4.7168433-24.2800822,59907.3140055,18.156,0.147,W1
QSO_4.7168433-24.2800822,60110.77131999999,18.387,0.178,W1
QSO_4.7168433-24.2800822,60110.90100449996,18.312,0.17,W1
QSO_4.7168433-24.2800822,60111.16033700003,18.506,0.196,W1
QSO_4.7168433-24.2800822,60111.225233999976,18.602,0.208,W1
QSO_4.7168433-24.2800822,60111.28998499997,18.719,0.37,W1
QSO_4.7168433-24.2800822,60111.354882,18.234,0.161,W1
QSO_4.7168433-24.2800822,60111.41966950002,18.111,0.231,W1
QSO_4.7168433-24.2800822,60111.48456649997,18.548,0.273,W1
QSO_4.7168433-24.2800822,60111.61425100001,18.308,0.21,W1
QSO_4.7168433-24.2800822,60111.74389900004,18.253,0.175,W1
QSO_4.7168433-24.2800822,60111.8735835,18.399,0.188,W1
QSO_4.7168433-24.2800822,60273.12237099998,18.675,0.288,W1
QSO_4.7168433-24.2800822,60273.70363349999,18.219,0.3,W1
QSO_4.7168433-24.2800822,60273.83280699996,18.617,0.245,W1
QSO_4.7168433-24.2800822,60273.961980500026,18.572,0.204,W1
QSO_4.7168433-24.2800822,60274.09111749997,18.863,0.275,W1
QSO_4.7168433-24.2800822,60475.44250420001,18.418,0.22,W1
QSO_4.7168433-24.2800822,60475.698850599976,18.26,0.232,W1
QSO_4.7168433-24.2800822,55362.357483000014,18.355,,W2
QSO_4.7168433-24.2800822,55362.48968599999,18.326,0.328,W2
QSO_4.7168433-24.2800822,55362.55586050003,18.75,0.49,W2
QSO_4.7168433-24.2800822,55362.621888999965,18.176,0.27,W2
QSO_4.7168433-24.2800822,55362.688063500005,18.755,0.462,W2
QSO_4.7168433-24.2800822,55362.75409200002,18.753,0.427,W2
QSO_4.7168433-24.2800822,55362.820266499984,17.869,0.193,W2
QSO_4.7168433-24.2800822,55362.95250599999,18.768,0.404,W2
QSO_4.7168433-24.2800822,55539.780187000026,18.455,0.403,W2
QSO_4.7168433-24.2800822,55539.91224399996,18.608,0.428,W2
QSO_4.7168433-24.2800822,55539.97841850001,18.138,0.257,W2
QSO_4.7168433-24.2800822,55540.044483499965,18.557,0.384,W2
QSO_4.7168433-24.2800822,55540.11051199998,18.095,0.25,W2
QSO_4.7168433-24.2800822,55540.176686500025,18.573,0.384,W2
QSO_4.7168433-24.2800822,55540.24271500003,18.639,,W2
QSO_4.7168433-24.2800822,55540.37495450003,18.152,0.275,W2
QSO_4.7168433-24.2800822,55543.94370549998,18.712,0.512,W2
QSO_4.7168433-24.2800822,55544.00973399999,18.484,,W2
QSO_4.7168433-24.2800822,56824.51048150002,18.342,0.452,W2
QSO_4.7168433-24.2800822,56824.77353699998,18.288,0.325,W2
QSO_4.7168433-24.2800822,56827.73222699998,18.112,,W2
QSO_4.7168433-24.2800822,56827.995245999984,18.087,0.414,W2
QSO_4.7168433-24.2800822,57004.21837749997,18.258,,W2
QSO_4.7168433-24.2800822,57004.94078549999,17.743,,W2
QSO_4.7168433-24.2800822,57005.07211250001,18.267,0.362,W2
QSO_4.7168433-24.2800822,57005.20343950004,18.128,,W2
QSO_4.7168433-24.2800822,57188.58864275076,18.36,0.339,W2
QSO_4.7168433-24.2800822,57188.719714254905,18.548,0.429,W2
QSO_4.7168433-24.2800822,57189.24425577161,18.445,0.412,W2
QSO_4.7168433-24.2800822,57189.30991927366,18.577,0.396,W2
QSO_4.7168433-24.2800822,57189.57217178196,18.346,,W2
QSO_4.7168433-24.2800822,57189.70324328611,18.306,,W2
QSO_4.7168433-24.2800822,57363.10484571056,18.152,0.34,W2
QSO_4.7168433-24.2800822,57363.62913172722,18.535,0.377,W2
QSO_4.7168433-24.2800822,57363.694649229314,18.025,,W2
QSO_4.7168433-24.2800822,57553.08229222045,18.345,,W2
QSO_4.7168433-24.2800822,57553.34489722869,17.871,0.254,W2
QSO_4.7168433-24.2800822,57553.41048443079,18.011,,W2
QSO_4.7168433-24.2800822,57553.93569444744,18.252,0.343,W2
QSO_4.7168433-24.2800822,57554.06697865155,18.345,,W2
QSO_4.7168433-24.2800822,57722.8622311894,17.944,,W2
QSO_4.7168433-24.2800822,57723.32159780392,17.997,0.287,W2
QSO_4.7168433-24.2800822,57723.32170760393,17.819,,W2
QSO_4.7168433-24.2800822,57723.38729480602,18.256,,W2
QSO_4.7168433-24.2800822,57723.51861561016,18.52,0.512,W2
QSO_4.7168433-24.2800822,57723.58420281225,17.94,0.256,W2
QSO_4.7168433-24.2800822,57723.84666142054,17.881,0.249,W2
QSO_4.7168433-24.2800822,57723.8468078205,18.084,0.257,W2
QSO_4.7168433-24.2800822,57917.80615999998,18.085,,W2
QSO_4.7168433-24.2800822,57917.871568,17.951999999999998,0.242,W2
QSO_4.7168433-24.2800822,57917.93712199996,18.438,0.468,W2
QSO_4.7168433-24.2800822,57918.002529999976,18.023,,W2
QSO_4.7168433-24.2800822,57918.06793799999,18.015,0.274,W2
QSO_4.7168433-24.2800822,57918.13334600001,18.258,0.373,W2
QSO_4.7168433-24.2800822,57918.19875400003,18.168,,W2
QSO_4.7168433-24.2800822,57918.3950875,18.339,0.423,W2
QSO_4.7168433-24.2800822,58083.47987899998,18.462,,W2
QSO_4.7168433-24.2800822,58083.61069500001,18.248,0.429,W2
QSO_4.7168433-24.2800822,58083.74151099997,17.893,,W2
QSO_4.7168433-24.2800822,58084.06866049997,18.29,0.375,W2
QSO_4.7168433-24.2800822,58084.33029250004,18.384,0.473,W2
QSO_4.7168433-24.2800822,58084.46110849999,17.871,0.367,W2
QSO_4.7168433-24.2800822,58284.50757099999,18.23,,W2
QSO_4.7168433-24.2800822,58284.83446500004,18.301,,W2
QSO_4.7168433-24.2800822,58285.09609700003,18.617,,W2
QSO_4.7168433-24.2800822,58446.96458149996,18.172,,W2
QSO_4.7168433-24.2800822,58447.16080550001,18.387,,W2
QSO_4.7168433-24.2800822,58447.42229149997,18.196,0.289,W2
QSO_4.7168433-24.2800822,58447.5531075,18.563,,W2
QSO_4.7168433-24.2800822,58648.17824100002,18.134,,W2
QSO_4.7168433-24.2800822,58648.439763500006,18.228,0.32,W2
QSO_4.7168433-24.2800822,58648.57043350001,18.072,,W2
QSO_4.7168433-24.2800822,58648.63584150003,17.976,0.255,W2
QSO_4.7168433-24.2800822,58648.89721799998,18.156,0.402,W2
QSO_4.7168433-24.2800822,58649.158704000016,18.124,,W2
QSO_4.7168433-24.2800822,58649.28951999996,18.131,,W2
QSO_4.7168433-24.2800822,58810.71244899999,18.195,0.312,W2
QSO_4.7168433-24.2800822,58810.84311899999,18.772,0.506,W2
QSO_4.7168433-24.2800822,58810.97382550003,18.454,0.349,W2
QSO_4.7168433-24.2800822,58810.97393500002,18.251,0.392,W2
QSO_4.7168433-24.2800822,58811.03923350004,18.268,0.326,W2
QSO_4.7168433-24.2800822,58811.3007195,17.660999999999998,,W2
QSO_4.7168433-24.2800822,59015.97578800001,18.3,,W2
QSO_4.7168433-24.2800822,59016.04137520003,18.376,0.374,W2
QSO_4.7168433-24.2800822,59016.17240320004,18.149,0.315,W2
QSO_4.7168433-24.2800822,59016.43449579999,18.173,,W2
QSO_4.7168433-24.2800822,59175.36219999997,18.703,0.475,W2
QSO_4.7168433-24.2800822,59175.49322799996,17.994,,W2
QSO_4.7168433-24.2800822,59175.6242926,18.626,0.493,W2
QSO_4.7168433-24.2800822,59175.7553206,18.218,,W2
QSO_4.7168433-24.2800822,59178.76896459996,18.097,,W2
QSO_4.7168433-24.2800822,59178.90002919999,17.37,,W2
QSO_4.7168433-24.2800822,59380.18626149996,17.618,,W2
QSO_4.7168433-24.2800822,59380.31682199997,17.668,,W2
QSO_4.7168433-24.2800822,59542.43434600002,17.858,,W2
QSO_4.7168433-24.2800822,59542.69557650002,18.784,0.472,W2
QSO_4.7168433-24.2800822,59543.15266600003,18.012,,W2
QSO_4.7168433-24.2800822,59543.283226500025,18.403,0.441,W2
QSO_4.7168433-24.2800822,59543.41378700003,18.417,0.395,W2
QSO_4.7168433-24.2800822,59543.41393299997,18.397,,W2
QSO_4.7168433-24.2800822,59744.44585900003,18.118,0.315,W2
QSO_4.7168433-24.2800822,59744.6414625,18.323,0.353,W2
QSO_4.7168433-24.2800822,59744.90232799996,18.039,0.406,W2
QSO_4.7168433-24.2800822,59745.032742500014,18.638,0.447,W2
QSO_4.7168433-24.2800822,59906.337229000026,18.112,,W2
QSO_4.7168433-24.2800822,59906.92283499999,18.224,0.488,W2
QSO_4.7168433-24.2800822,59906.98838900004,18.258,0.279,W2
QSO_4.7168433-24.2800822,59907.05354150002,17.746,,W2
QSO_4.7168433-24.2800822,59907.3140055,18.302,,W2
QSO_4.7168433-24.2800822,60110.77131999999,18.271,0.374,W2
QSO_4.7168433-24.2800822,60110.90100449996,18.041,,W2
QSO_4.7168433-24.2800822,60111.16033700003,17.766,0.22,W2
QSO_4.7168433-24.2800822,60111.225233999976,18.493,,W2
QSO_4.7168433-24.2800822,60111.28998499997,17.701999999999998,,W2
QSO_4.7168433-24.2800822,60111.354882,18.425,0.442,W2
QSO_4.7168433-24.2800822,60111.41966950002,18.185,0.365,W2
QSO_4.7168433-24.2800822,60111.48456649997,18.366,0.516,W2
QSO_4.7168433-24.2800822,60111.61425100001,18.164,,W2
QSO_4.7168433-24.2800822,60111.74389900004,18.421,0.48,W2
QSO_4.7168433-24.2800822,60111.8735835,18.257,0.376,W2
QSO_4.7168433-24.2800822,60273.12237099998,17.826999999999998,0.317,W2
QSO_4.7168433-24.2800822,60273.70363349999,18.135,,W2
QSO_4.7168433-24.2800822,60273.83280699996,18.407,0.411,W2
QSO_4.7168433-24.2800822,60273.961980500026,18.136,,W2
QSO_4.7168433-24.2800822,60274.09111749997,18.158,0.287,W2
QSO_4.7168433-24.2800822,60475.44250420001,18.281,0.486,W2
QSO_4.7168433-24.2800822,60475.698850599976,17.988,0.388,W2
QSO_4.7914065-24.1198715,55362.357483000014,17.858,0.109,W1
QSO_4.7914065-24.1198715,55362.48968599999,18.132,0.132,W1
QSO_4.7914065-24.1198715,55362.621888999965,17.769,0.109,W1
QSO_4.7914065-24.1198715,55362.688063500005,18.266,0.151,W1
QSO_4.7914065-24.1198715,55362.75409200002,18.023,0.126,W1
QSO_4.7914065-24.1198715,55362.82015699998,18.059,0.13,W1
QSO_4.7914065-24.1198715,55362.820266499984,18.317,0.17,W1
QSO_4.7914065-24.1198715,55362.88633150002,17.766,0.094,W1
QSO_4.7914065-24.1198715,55362.95236000003,18.03,0.123,W1
QSO_4.7914065-24.1198715,55362.95250599999,17.679000000000002,0.088,W1
QSO_4.7914065-24.1198715,55363.34900549999,17.868000000000002,0.106,W1
QSO_4.7914065-24.1198715,55539.780187000026,17.88,0.121,W1
QSO_4.7914065-24.1198715,55539.91224399996,17.820999999999998,0.108,W1
QSO_4.7914065-24.1198715,55539.91239,17.976,0.138,W1
QSO_4.7914065-24.1198715,55540.044483499965,18.176,0.144,W1
QSO_4.7914065-24.1198715,55540.11065800001,18.352,0.195,W1
QSO_4.7914065-24.1198715,55540.176686500025,17.881999999999998,0.115,W1
QSO_4.7914065-24.1198715,55540.24271500003,17.935000000000002,0.118,W1
QSO_4.7914065-24.1198715,55540.3088895,18.298,0.164,W1
QSO_4.7914065-24.1198715,55540.37495450003,17.974,0.142,W1
QSO_4.7914065-24.1198715,55540.77145400003,18.03,0.126,W1
QSO_4.7914065-24.1198715,55544.00973399999,17.985,0.124,W1
QSO_4.7914065-24.1198715,56640.030319999976,18.049,0.143,W1
QSO_4.7914065-24.1198715,56640.03042949997,18.123,0.151,W1
QSO_4.7914065-24.1198715,56640.096238999984,18.236,0.183,W1
QSO_4.7914065-24.1198715,56824.379045,17.857,0.113,W1
QSO_4.7914065-24.1198715,56824.51048150002,17.971,0.124,W1
QSO_4.7914065-24.1198715,56824.77353699998,18.492,0.206,W1
QSO_4.7914065-24.1198715,56827.73222699998,17.813000000000002,0.109,W1
QSO_4.7914065-24.1198715,56827.86366350001,17.95,0.128,W1
QSO_4.7914065-24.1198715,56827.99513649998,17.837,0.145,W1
QSO_4.7914065-24.1198715,57004.87512200002,18.166,0.146,W1
QSO_4.7914065-24.1198715,57004.94078549999,17.956,0.138,W1
QSO_4.7914065-24.1198715,57005.07211250001,17.907,0.165,W1
QSO_4.7914065-24.1198715,57005.20354899996,17.98,0.122,W1
QSO_4.7914065-24.1198715,57005.33487599999,17.985,0.128,W1
QSO_4.7914065-24.1198715,57188.719714254905,17.861,0.107,W1
QSO_4.7914065-24.1198715,57189.24425577161,17.781,0.139,W1
QSO_4.7914065-24.1198715,57189.30977327363,18.103,0.13,W1
QSO_4.7914065-24.1198715,57189.30991927366,17.708,0.14,W1
QSO_4.7914065-24.1198715,57189.375436775765,18.026,0.119,W1
QSO_4.7914065-24.1198715,57189.57217178196,17.899,0.111,W1
QSO_4.7914065-24.1198715,57189.70324328611,17.988,0.132,W1
QSO_4.7914065-24.1198715,57189.83446079029,17.792,0.098,W1
QSO_4.7914065-24.1198715,57363.563577725086,17.871000000000002,0.114,W1
QSO_4.7914065-24.1198715,57363.62913172722,17.731,0.098,W1
QSO_4.7914065-24.1198715,57363.694649229314,17.737000000000002,0.131,W1
QSO_4.7914065-24.1198715,57363.95679223761,17.755,0.119,W1
QSO_4.7914065-24.1198715,57553.34478742869,18.28,0.15,W1
QSO_4.7914065-24.1198715,57553.541768634976,17.861,0.116,W1
QSO_4.7914065-24.1198715,57553.60735583699,17.776,0.122,W1
QSO_4.7914065-24.1198715,57553.73867664121,17.82,0.126,W1
QSO_4.7914065-24.1198715,57553.738786441216,18.063,0.133,W1
QSO_4.7914065-24.1198715,57553.93569444744,17.938000000000002,0.115,W1
QSO_4.7914065-24.1198715,57554.06697865155,17.977,0.145,W1
QSO_4.7914065-24.1198715,57723.25601060183,17.878999999999998,0.114,W1
QSO_4.7914065-24.1198715,57723.38729480602,18.207,0.174,W1
QSO_4.7914065-24.1198715,57723.51861561016,18.121,0.155,W1
QSO_4.7914065-24.1198715,57723.58420281225,17.512,0.123,W1
QSO_4.7914065-24.1198715,57723.64989981435,17.728,0.098,W1
QSO_4.7914065-24.1198715,57723.8468078205,18.045,0.137,W1
QSO_4.7914065-24.1198715,57917.80615999998,17.918,0.125,W1
QSO_4.7914065-24.1198715,57918.002529999976,18.033,0.171,W1
QSO_4.7914065-24.1198715,57918.06793799999,18.215,0.18,W1
QSO_4.7914065-24.1198715,57918.13334600001,17.835,0.11,W1
QSO_4.7914065-24.1198715,57918.19875400003,18.044,0.134,W1
QSO_4.7914065-24.1198715,57918.32956999998,17.892,0.112,W1
QSO_4.7914065-24.1198715,57918.65671949999,17.791,0.109,W1
QSO_4.7914065-24.1198715,58083.61069500001,17.884999999999998,0.134,W1
QSO_4.7914065-24.1198715,58083.74151099997,18.058,0.191,W1
QSO_4.7914065-24.1198715,58084.06866049997,17.896,0.117,W1
QSO_4.7914065-24.1198715,58084.13406849999,17.743000000000002,0.103,W1
QSO_4.7914065-24.1198715,58084.33029250004,17.747999999999998,0.107,W1
QSO_4.7914065-24.1198715,58084.46110849999,17.686999999999998,0.098,W1
QSO_4.7914065-24.1198715,58084.591924500026,17.774,0.105,W1
QSO_4.7914065-24.1198715,58086.35815950001,17.887,0.169,W1
QSO_4.7914065-24.1198715,58086.48912149999,18.096,0.184,W1
QSO_4.7914065-24.1198715,58087.07775700004,17.741,0.099,W1
QSO_4.7914065-24.1198715,58087.47035100001,18.222,0.189,W1
QSO_4.7914065-24.1198715,58284.83446500004,17.872999999999998,0.113,W1
QSO_4.7914065-24.1198715,58284.89987299997,17.766,0.131,W1
QSO_4.7914065-24.1198715,58285.03057950001,17.861,0.145,W1
QSO_4.7914065-24.1198715,58285.16139549996,18.072,0.14,W1
QSO_4.7914065-24.1198715,58285.488399000016,18.194,0.151,W1
QSO_4.7914065-24.1198715,58446.83376550001,17.977,0.122,W1
QSO_4.7914065-24.1198715,58446.83387500001,17.75,0.096,W1
QSO_4.7914065-24.1198715,58446.96458149996,17.96,0.181,W1
QSO_4.7914065-24.1198715,58447.16080550001,17.666,0.094,W1
QSO_4.7914065-24.1198715,58447.35688350003,17.916,0.118,W1
QSO_4.7914065-24.1198715,58447.35702949998,17.956,0.122,W1
QSO_4.7914065-24.1198715,58447.42229149997,18.098,0.3,W1
QSO_4.7914065-24.1198715,58447.5531075,17.837,0.114,W1
QSO_4.7914065-24.1198715,58648.43961749997,18.103,0.135,W1
QSO_4.7914065-24.1198715,58648.57043350001,17.915,0.11,W1
QSO_4.7914065-24.1198715,58648.70110350001,17.771,0.135,W1
QSO_4.7914065-24.1198715,58648.89721799998,17.78,0.106,W1
QSO_4.7914065-24.1198715,58649.158704000016,18.205,0.155,W1
QSO_4.7914065-24.1198715,58649.4202265,18.077,0.125,W1
QSO_4.7914065-24.1198715,58810.71244899999,17.95,0.112,W1
QSO_4.7914065-24.1198715,58810.84311899999,17.878,0.117,W1
QSO_4.7914065-24.1198715,58810.97393500002,17.908,0.125,W1
QSO_4.7914065-24.1198715,58811.03923350004,17.939,0.124,W1
QSO_4.7914065-24.1198715,58811.235457500006,17.979,0.216,W1
QSO_4.7914065-24.1198715,58811.3007195,17.839,0.114,W1
QSO_4.7914065-24.1198715,58811.69254700002,17.851,0.116,W1
QSO_4.7914065-24.1198715,59015.71369539998,17.925,0.123,W1
QSO_4.7914065-24.1198715,59015.97578800001,18.006999999999998,0.126,W1
QSO_4.7914065-24.1198715,59016.17240320004,18.281,0.158,W1
QSO_4.7914065-24.1198715,59016.43449579999,17.837,0.121,W1
QSO_4.7914065-24.1198715,59016.56556040001,17.929000000000002,0.121,W1
QSO_4.7914065-24.1198715,59016.69658840002,18.217,0.184,W1
QSO_4.7914065-24.1198715,59175.49322799996,18.135,0.138,W1
QSO_4.7914065-24.1198715,59175.6242926,18.074,0.13,W1
QSO_4.7914065-24.1198715,59175.7553206,17.707,0.108,W1
QSO_4.7914065-24.1198715,59175.88638520003,18.097,0.225,W1
QSO_4.7914065-24.1198715,59178.50687200001,17.909,0.13,W1
QSO_4.7914065-24.1198715,59178.63793659996,17.887999999999998,0.171,W1
QSO_4.7914065-24.1198715,59178.76896459996,18.059,0.154,W1
QSO_4.7914065-24.1198715,59178.769111,17.853,0.133,W1
QSO_4.7914065-24.1198715,59178.90002919999,17.996000000000002,0.181,W1
QSO_4.7914065-24.1198715,59380.18626149996,17.977,0.187,W1
QSO_4.7914065-24.1198715,59380.31682199997,17.714,0.098,W1
QSO_4.7914065-24.1198715,59380.839282999965,18.224,0.167,W1
QSO_4.7914065-24.1198715,59381.035251499976,17.788,0.215,W1
QSO_4.7914065-24.1198715,59381.16595800001,17.866999999999997,0.108,W1
QSO_4.7914065-24.1198715,59381.29651850001,17.88,0.12,W1
QSO_4.7914065-24.1198715,59542.69557650002,17.98,0.145,W1
QSO_4.7914065-24.1198715,59543.08740399996,17.984,0.12,W1
QSO_4.7914065-24.1198715,59543.15266600003,17.862000000000002,0.196,W1
QSO_4.7914065-24.1198715,59543.283226500025,17.935000000000002,0.113,W1
QSO_4.7914065-24.1198715,59543.41393299997,17.545,0.138,W1
QSO_4.7914065-24.1198715,59543.544493499976,17.886,0.111,W1
QSO_4.7914065-24.1198715,59744.18499349999,18.483,0.238,W1
QSO_4.7914065-24.1198715,59744.44585900003,17.734,0.112,W1
QSO_4.7914065-24.1198715,59744.6414625,17.788,0.107,W1
QSO_4.7914065-24.1198715,59744.70661499998,17.95,0.127,W1
QSO_4.7914065-24.1198715,59744.70672449999,17.71,0.104,W1
QSO_4.7914065-24.1198715,59744.77187699997,17.672,0.129,W1
QSO_4.7914065-24.1198715,59744.90232799996,18.275,0.156,W1
QSO_4.7914065-24.1198715,59745.03263300001,17.750999999999998,0.102,W1
QSO_4.7914065-24.1198715,59745.16304749997,18.048,0.127,W1
QSO_4.7914065-24.1198715,59906.92283499999,18.051,0.144,W1
QSO_4.7914065-24.1198715,59906.98849849996,17.917,0.111,W1
QSO_4.7914065-24.1198715,59907.05354150002,17.889,0.113,W1
QSO_4.7914065-24.1198715,59907.118694,17.966,0.121,W1
QSO_4.7914065-24.1198715,59907.18384649998,18.009999999999998,0.139,W1
QSO_4.7914065-24.1198715,59907.3140055,17.930999999999997,0.115,W1
QSO_4.7914065-24.1198715,59907.44431050004,17.954,0.119,W1
QSO_4.7914065-24.1198715,60110.90100449996,17.689,0.106,W1
QSO_4.7914065-24.1198715,60111.16033700003,17.913,0.146,W1
QSO_4.7914065-24.1198715,60111.28998499997,17.779,0.113,W1
QSO_4.7914065-24.1198715,60111.354882,18.019,0.158,W1
QSO_4.7914065-24.1198715,60111.41966950002,18.236,0.244,W1
QSO_4.7914065-24.1198715,60111.48456649997,18.244,0.157,W1
QSO_4.7914065-24.1198715,60111.54935399999,17.866,0.142,W1
QSO_4.7914065-24.1198715,60111.61425100001,18.219,0.187,W1
QSO_4.7914065-24.1198715,60111.74389900004,17.914,0.136,W1
QSO_4.7914065-24.1198715,60111.8735835,17.764,0.214,W1
QSO_4.7914065-24.1198715,60273.63913800003,18.095,0.145,W1
QSO_4.7914065-24.1198715,60273.70363349999,17.948999999999998,0.128,W1
QSO_4.7914065-24.1198715,60273.768165499976,17.933999999999997,0.185,W1
QSO_4.7914065-24.1198715,60273.83280699996,18.03,0.137,W1
QSO_4.7914065-24.1198715,60273.961980500026,18.008,0.166,W1
QSO_4.7914065-24.1198715,60274.09111749997,17.747,0.117,W1
QSO_4.7914065-24.1198715,60274.220291000034,17.912,0.121,W1
QSO_4.7914065-24.1198715,60475.44250420001,18.157,0.176,W1
QSO_4.7914065-24.1198715,60475.698850599976,17.959,0.149,W1
QSO_4.7914065-24.1198715,60475.89103719998,18.162,0.182,W1
QSO_4.7914065-24.1198715,60475.955087200025,17.728,0.134,W1
QSO_4.7914065-24.1198715,55362.357483000014,18.494,0.361,W2
QSO_4.7914065-24.1198715,55362.48968599999,18.082,0.244,W2
QSO_4.7914065-24.1198715,55362.621888999965,18.273,0.275,W2
QSO_4.7914065-24.1198715,55362.688063500005,17.98,0.218,W2
QSO_4.7914065-24.1198715,55362.75409200002,18.072,0.271,W2
QSO_4.7914065-24.1198715,55362.82015699998,17.927,0.235,W2
QSO_4.7914065-24.1198715,55362.820266499984,18.83,0.523,W2
QSO_4.7914065-24.1198715,55362.88633150002,18.566,0.422,W2
QSO_4.7914065-24.1198715,55362.95236000003,18.243,0.282,W2
QSO_4.7914065-24.1198715,55362.95250599999,18.724,0.409,W2
QSO_4.7914065-24.1198715,55363.34900549999,18.456,0.354,W2
QSO_4.7914065-24.1198715,55539.780187000026,18.596,0.401,W2
QSO_4.7914065-24.1198715,55539.91224399996,18.475,0.368,W2
QSO_4.7914065-24.1198715,55539.91239,18.367,0.316,W2
QSO_4.7914065-24.1198715,55540.044483499965,18.147,0.27,W2
QSO_4.7914065-24.1198715,55540.11065800001,17.869,0.209,W2
QSO_4.7914065-24.1198715,55540.176686500025,18.252,0.298,W2
QSO_4.7914065-24.1198715,55540.24271500003,17.938,,W2
QSO_4.7914065-24.1198715,55540.3088895,18.482,0.345,W2
QSO_4.7914065-24.1198715,55540.37495450003,18.31,0.375,W2
QSO_4.7914065-24.1198715,55540.77145400003,18.404,0.34,W2
QSO_4.7914065-24.1198715,55544.00973399999,17.959,,W2
QSO_4.7914065-24.1198715,56640.030319999976,18.381,0.356,W2
QSO_4.7914065-24.1198715,56640.03042949997,18.136,0.349,W2
QSO_4.7914065-24.1198715,56640.096238999984,17.858,0.283,W2
QSO_4.7914065-24.1198715,56824.379045,18.152,,W2
QSO_4.7914065-24.1198715,56824.51048150002,18.015,0.411,W2
QSO_4.7914065-24.1198715,56824.77353699998,18.505,0.542,W2
QSO_4.7914065-24.1198715,56827.73222699998,17.641,0.214,W2
QSO_4.7914065-24.1198715,56827.86366350001,17.864,,W2
QSO_4.7914065-24.1198715,56827.99513649998,17.767,,W2
QSO_4.7914065-24.1198715,57004.87512200002,18.063,,W2
QSO_4.7914065-24.1198715,57004.94078549999,18.494,0.433,W2
QSO_4.7914065-24.1198715,57005.07211250001,18.318,0.357,W2
QSO_4.7914065-24.1198715,57005.20354899996,18.197,,W2
QSO_4.7914065-24.1198715,57005.33487599999,18.41,0.339,W2
QSO_4.7914065-24.1198715,57188.719714254905,18.398,0.343,W2
QSO_4.7914065-24.1198715,57189.24425577161,18.32,0.501,W2
QSO_4.7914065-24.1198715,57189.30977327363,18.048,,W2
QSO_4.7914065-24.1198715,57189.30991927366,18.338,,W2
QSO_4.7914065-24.1198715,57189.375436775765,18.03,0.29,W2
QSO_4.7914065-24.1198715,57189.57217178196,18.464,0.381,W2
QSO_4.7914065-24.1198715,57189.70324328611,17.895,,W2
QSO_4.7914065-24.1198715,57189.83446079029,18.296,0.294,W2
QSO_4.7914065-24.1198715,57363.563577725086,18.611,0.399,W2
QSO_4.7914065-24.1198715,57363.62913172722,18.129,,W2
QSO_4.7914065-24.1198715,57363.694649229314,18.175,,W2
QSO_4.7914065-24.1198715,57363.95679223761,18.025,,W2
QSO_4.7914065-24.1198715,57553.34478742869,18.435,0.352,W2
QSO_4.7914065-24.1198715,57553.541768634976,18.121,0.286,W2
QSO_4.7914065-24.1198715,57553.60735583699,18.178,0.337,W2
QSO_4.7914065-24.1198715,57553.73867664121,18.374,,W2
QSO_4.7914065-24.1198715,57553.738786441216,18.33,0.426,W2
QSO_4.7914065-24.1198715,57553.93569444744,18.261,0.465,W2
QSO_4.7914065-24.1198715,57554.06697865155,17.951,,W2
QSO_4.7914065-24.1198715,57723.25601060183,18.315,0.377,W2
QSO_4.7914065-24.1198715,57723.38729480602,17.905,0.3,W2
QSO_4.7914065-24.1198715,57723.51861561016,17.806,,W2
QSO_4.7914065-24.1198715,57723.58420281225,18.395,0.379,W2
QSO_4.7914065-24.1198715,57723.64989981435,18.033,0.25,W2
QSO_4.7914065-24.1198715,57723.8468078205,17.98,,W2
QSO_4.7914065-24.1198715,57917.80615999998,18.207,,W2
QSO_4.7914065-24.1198715,57918.002529999976,18.615,0.463,W2
QSO_4.7914065-24.1198715,57918.06793799999,18.19,0.421,W2
QSO_4.7914065-24.1198715,57918.13334600001,18.227,0.334,W2
QSO_4.7914065-24.1198715,57918.19875400003,18.08,0.374,W2
QSO_4.7914065-24.1198715,57918.32956999998,18.026,0.338,W2
QSO_4.7914065-24.1198715,57918.65671949999,18.404,0.486,W2
QSO_4.7914065-24.1198715,58083.61069500001,17.916999999999998,,W2
QSO_4.7914065-24.1198715,58083.74151099997,18.02,,W2
QSO_4.7914065-24.1198715,58084.06866049997,18.053,0.321,W2
QSO_4.7914065-24.1198715,58084.13406849999,17.678,,W2
QSO_4.7914065-24.1198715,58084.33029250004,17.657,,W2
QSO_4.7914065-24.1198715,58084.46110849999,17.968,0.37,W2
QSO_4.7914065-24.1198715,58084.591924500026,17.587,,W2
QSO_4.7914065-24.1198715,58086.35815950001,17.836,,W2
QSO_4.7914065-24.1198715,58086.48912149999,18.187,0.47,W2
QSO_4.7914065-24.1198715,58087.07775700004,17.605999999999998,0.399,W2
QSO_4.7914065-24.1198715,58087.47035100001,17.686,,W2
QSO_4.7914065-24.1198715,58284.83446500004,17.718,0.217,W2
QSO_4.7914065-24.1198715,58284.89987299997,18.026,0.489,W2
QSO_4.7914065-24.1198715,58285.03057950001,18.275,0.388,W2
QSO_4.7914065-24.1198715,58285.16139549996,18.183,0.309,W2
QSO_4.7914065-24.1198715,58285.488399000016,18.742,,W2
QSO_4.7914065-24.1198715,58446.83376550001,17.668,,W2
QSO_4.7914065-24.1198715,58446.83387500001,18.603,0.495,W2
QSO_4.7914065-24.1198715,58446.96458149996,18.376,0.357,W2
QSO_4.7914065-24.1198715,58447.16080550001,18.109,0.284,W2
QSO_4.7914065-24.1198715,58447.35688350003,17.948999999999998,,W2
QSO_4.7914065-24.1198715,58447.35702949998,18.466,0.353,W2
QSO_4.7914065-24.1198715,58447.42229149997,18.317,,W2
QSO_4.7914065-24.1198715,58447.5531075,18.462,0.382,W2
QSO_4.7914065-24.1198715,58648.43961749997,18.499,0.388,W2
QSO_4.7914065-24.1198715,58648.57043350001,17.591,0.23,W2
QSO_4.7914065-24.1198715,58648.70110350001,17.774,,W2
QSO_4.7914065-24.1198715,58648.89721799998,17.707,0.357,W2
QSO_4.7914065-24.1198715,58649.158704000016,18.252,0.486,W2
QSO_4.7914065-24.1198715,58649.4202265,17.751,,W2
QSO_4.7914065-24.1198715,58810.71244899999,18.179,0.296,W2
QSO_4.7914065-24.1198715,58810.84311899999,17.906,0.358,W2
QSO_4.7914065-24.1198715,58810.97393500002,17.779,,W2
QSO_4.7914065-24.1198715,58811.03923350004,18.122,,W2
QSO_4.7914065-24.1198715,58811.235457500006,18.584,0.435,W2
QSO_4.7914065-24.1198715,58811.3007195,18.395,0.417,W2
QSO_4.7914065-24.1198715,58811.69254700002,18.142,,W2
QSO_4.7914065-24.1198715,59015.71369539998,18.471,0.515,W2
QSO_4.7914065-24.1198715,59015.97578800001,18.196,,W2
QSO_4.7914065-24.1198715,59016.17240320004,18.034,0.38,W2
QSO_4.7914065-24.1198715,59016.43449579999,18.355,0.38,W2
QSO_4.7914065-24.1198715,59016.56556040001,18.492,0.495,W2
QSO_4.7914065-24.1198715,59016.69658840002,17.697,0.347,W2
QSO_4.7914065-24.1198715,59175.49322799996,18.389,0.418,W2
QSO_4.7914065-24.1198715,59175.6242926,18.292,0.44,W2
QSO_4.7914065-24.1198715,59175.7553206,17.729,,W2
QSO_4.7914065-24.1198715,59175.88638520003,17.751,,W2
QSO_4.7914065-24.1198715,59178.50687200001,17.451,,W2
QSO_4.7914065-24.1198715,59178.63793659996,18.011,,W2
QSO_4.7914065-24.1198715,59178.76896459996,18.049,0.509,W2
QSO_4.7914065-24.1198715,59178.769111,17.393,,W2
QSO_4.7914065-24.1198715,59178.90002919999,17.516,0.291,W2
QSO_4.7914065-24.1198715,59380.18626149996,18.294,0.328,W2
QSO_4.7914065-24.1198715,59380.31682199997,18.155,0.34,W2
QSO_4.7914065-24.1198715,59380.839282999965,18.156,0.311,W2
QSO_4.7914065-24.1198715,59381.035251499976,18.204,0.374,W2
QSO_4.7914065-24.1198715,59381.16595800001,18.235,0.332,W2
QSO_4.7914065-24.1198715,59381.29651850001,18.617,0.498,W2
QSO_4.7914065-24.1198715,59542.69557650002,18.271,,W2
QSO_4.7914065-24.1198715,59543.08740399996,18.124,,W2
QSO_4.7914065-24.1198715,59543.15266600003,18.003,0.288,W2
QSO_4.7914065-24.1198715,59543.283226500025,18.248,,W2
QSO_4.7914065-24.1198715,59543.41393299997,18.652,0.426,W2
QSO_4.7914065-24.1198715,59543.544493499976,18.273,0.366,W2
QSO_4.7914065-24.1198715,59744.18499349999,18.384,0.438,W2
QSO_4.7914065-24.1198715,59744.44585900003,18.114,0.491,W2
QSO_4.7914065-24.1198715,59744.6414625,17.843,,W2
QSO_4.7914065-24.1198715,59744.70661499998,17.718,0.234,W2
QSO_4.7914065-24.1198715,59744.70672449999,17.93,,W2
QSO_4.7914065-24.1198715,59744.77187699997,18.029,,W2
QSO_4.7914065-24.1198715,59744.90232799996,18.595,0.447,W2
QSO_4.7914065-24.1198715,59745.03263300001,18.071,,W2
QSO_4.7914065-24.1198715,59745.16304749997,18.574,0.469,W2
QSO_4.7914065-24.1198715,59906.92283499999,17.878999999999998,,W2
QSO_4.7914065-24.1198715,59906.98849849996,18.101,,W2
QSO_4.7914065-24.1198715,59907.05354150002,17.995,,W2
QSO_4.7914065-24.1198715,59907.118694,18.253,0.31,W2
QSO_4.7914065-24.1198715,59907.18384649998,18.204,,W2
QSO_4.7914065-24.1198715,59907.3140055,18.539,0.457,W2
QSO_4.7914065-24.1198715,59907.44431050004,18.43,,W2
QSO_4.7914065-24.1198715,60110.90100449996,17.881999999999998,0.356,W2
QSO_4.7914065-24.1198715,60111.16033700003,18.579,0.474,W2
QSO_4.7914065-24.1198715,60111.28998499997,18.63,0.522,W2
QSO_4.7914065-24.1198715,60111.354882,18.191,,W2
QSO_4.7914065-24.1198715,60111.41966950002,18.388,,W2
QSO_4.7914065-24.1198715,60111.48456649997,18.462,0.408,W2
QSO_4.7914065-24.1198715,60111.54935399999,18.506,0.453,W2
QSO_4.7914065-24.1198715,60111.61425100001,17.793,0.341,W2
QSO_4.7914065-24.1198715,60111.74389900004,18.493,0.432,W2
QSO_4.7914065-24.1198715,60111.8735835,18.426,0.47,W2
QSO_4.7914065-24.1198715,60273.63913800003,18.073,0.375,W2
QSO_4.7914065-24.1198715,60273.70363349999,18.309,0.346,W2
QSO_4.7914065-24.1198715,60273.768165499976,18.418,,W2
QSO_4.7914065-24.1198715,60273.83280699996,18.469,0.453,W2
QSO_4.7914065-24.1198715,60273.961980500026,17.501,,W2
QSO_4.7914065-24.1198715,60274.09111749997,18.184,0.33,W2
QSO_4.7914065-24.1198715,60274.220291000034,18.132,0.33,W2
QSO_4.7914065-24.1198715,60475.44250420001,17.73,0.263,W2
QSO_4.7914065-24.1198715,60475.698850599976,17.753999999999998,,W2
QSO_4.7914065-24.1198715,60475.89103719998,17.593,,W2
QSO_4.7914065-24.1198715,60475.955087200025,17.628,0.353,W2
QSO_4.6969143-24.3480418,55362.357483000014,17.564999999999998,0.087,W1
QSO_4.6969143-24.3480418,55362.357483000014,17.817,0.122,W1
QSO_4.6969143-24.3480418,55362.35759250002,17.973,0.127,W1
QSO_4.6969143-24.3480418,55362.35759250002,17.666,0.09,W1
QSO_4.6969143-24.3480418,55362.42362100003,17.672,0.09,W1
QSO_4.6969143-24.3480418,55362.42362100003,17.596,0.098,W1
QSO_4.6969143-24.3480418,55362.48968599999,17.777,0.15,W1
QSO_4.6969143-24.3480418,55362.48968599999,17.552,0.087,W1
QSO_4.6969143-24.3480418,55362.55586050003,17.683,0.104,W1
QSO_4.6969143-24.3480418,55362.55586050003,18.006999999999998,0.155,W1
QSO_4.6969143-24.3480418,55362.621888999965,17.777,0.121,W1
QSO_4.6969143-24.3480418,55362.621888999965,17.72,0.105,W1
QSO_4.6969143-24.3480418,55362.688063500005,17.471,0.094,W1
QSO_4.6969143-24.3480418,55362.688063500005,18.385,,W1
QSO_4.6969143-24.3480418,55362.75409200002,17.591,0.093,W1
QSO_4.6969143-24.3480418,55362.75409200002,17.854,0.126,W1
QSO_4.6969143-24.3480418,55362.820266499984,17.618000000000002,0.1,W1
QSO_4.6969143-24.3480418,55362.820266499984,18.214,0.221,W1
QSO_4.6969143-24.3480418,55362.95250599999,18.205,0.271,W1
QSO_4.6969143-24.3480418,55362.95250599999,17.814,0.105,W1
QSO_4.6969143-24.3480418,55539.780187000026,17.677999999999997,0.096,W1
QSO_4.6969143-24.3480418,55539.780187000026,17.778,0.11,W1
QSO_4.6969143-24.3480418,55539.91224399996,17.769,0.107,W1
QSO_4.6969143-24.3480418,55539.91224399996,17.903,0.257,W1
QSO_4.6969143-24.3480418,55539.97841850001,19.444000000000003,,W1
QSO_4.6969143-24.3480418,55539.97841850001,17.924,0.122,W1
QSO_4.6969143-24.3480418,55540.044483499965,17.863,0.116,W1
QSO_4.6969143-24.3480418,55540.044483499965,18.282,0.19,W1
QSO_4.6969143-24.3480418,55540.11051199998,17.653,0.101,W1
QSO_4.6969143-24.3480418,55540.11051199998,19.334000000000003,,W1
QSO_4.6969143-24.3480418,55540.176686500025,17.717,0.103,W1
QSO_4.6969143-24.3480418,55540.176686500025,17.716,0.106,W1
QSO_4.6969143-24.3480418,55540.24271500003,17.765,0.105,W1
QSO_4.6969143-24.3480418,55540.24271500003,18.141,0.153,W1
QSO_4.6969143-24.3480418,55540.37495450003,18.079,0.143,W1
QSO_4.6969143-24.3480418,55540.37495450003,17.839,0.111,W1
QSO_4.6969143-24.3480418,55543.94355950003,17.59,0.101,W1
QSO_4.6969143-24.3480418,55543.94355950003,19.01,,W1
QSO_4.6969143-24.3480418,55543.94370549998,19.368,,W1
QSO_4.6969143-24.3480418,55543.94370549998,17.506,0.088,W1
QSO_4.6969143-24.3480418,56824.379045,17.689999999999998,0.141,W1
QSO_4.6969143-24.3480418,56824.51048150002,17.609,0.142,W1
QSO_4.6969143-24.3480418,56824.51062749997,17.636,0.094,W1
QSO_4.6969143-24.3480418,56824.77353699998,17.856,0.121,W1
QSO_4.6969143-24.3480418,56827.73222699998,17.692,0.104,W1
QSO_4.6969143-24.3480418,56827.86366350001,17.658,0.098,W1
QSO_4.6969143-24.3480418,56827.995245999984,17.733,0.099,W1
QSO_4.6969143-24.3480418,57004.08694100002,17.853,0.126,W1
QSO_4.6969143-24.3480418,57004.21837749997,17.732,0.1,W1
QSO_4.6969143-24.3480418,57004.94078549999,17.659,0.1,W1
QSO_4.6969143-24.3480418,57005.07211250001,17.634999999999998,0.093,W1
QSO_4.6969143-24.3480418,57188.58864275076,17.601,0.087,W1
QSO_4.6969143-24.3480418,57188.719714254905,17.453,0.08,W1
QSO_4.6969143-24.3480418,57189.24425577161,17.609,0.098,W1
QSO_4.6969143-24.3480418,57189.24436527154,17.83,0.105,W1
QSO_4.6969143-24.3480418,57189.30991927366,17.405,0.129,W1
QSO_4.6969143-24.3480418,57189.57217178196,17.701,0.101,W1
QSO_4.6969143-24.3480418,57189.70324328611,17.583,0.086,W1
QSO_4.6969143-24.3480418,57362.97377420641,17.615000000000002,0.092,W1
QSO_4.6969143-24.3480418,57363.10484571056,17.67,0.151,W1
QSO_4.6969143-24.3480418,57363.563577725086,17.683999999999997,0.1,W1
QSO_4.6969143-24.3480418,57363.62913172722,18.029,0.135,W1
QSO_4.6969143-24.3480418,57363.694649229314,17.725,0.098,W1
QSO_4.6969143-24.3480418,57363.95679223761,17.820999999999998,0.134,W1
QSO_4.6969143-24.3480418,57552.95100801626,17.762999999999998,0.104,W1
QSO_4.6969143-24.3480418,57553.08229222045,17.839,0.109,W1
QSO_4.6969143-24.3480418,57553.34489722869,17.557000000000002,0.103,W1
QSO_4.6969143-24.3480418,57553.41048443079,17.633,0.092,W1
QSO_4.6969143-24.3480418,57553.541768634976,17.463,0.085,W1
QSO_4.6969143-24.3480418,57553.93569444744,17.67,0.112,W1
QSO_4.6969143-24.3480418,57554.06697865155,18.064,0.173,W1
QSO_4.6969143-24.3480418,57722.8622311894,17.605,0.118,W1
QSO_4.6969143-24.3480418,57723.25601060183,17.516,0.095,W1
QSO_4.6969143-24.3480418,57723.32159780392,17.736,0.144,W1
QSO_4.6969143-24.3480418,57723.38729480602,17.594,0.093,W1
QSO_4.6969143-24.3480418,57723.51861561016,17.823999999999998,0.179,W1
QSO_4.6969143-24.3480418,57723.58420281225,17.634999999999998,0.099,W1
QSO_4.6969143-24.3480418,57723.84666142054,17.749000000000002,0.104,W1
QSO_4.6969143-24.3480418,57723.8468078205,17.689,0.107,W1
QSO_4.6969143-24.3480418,57917.41374849998,17.454,0.105,W1
QSO_4.6969143-24.3480418,57917.80615999998,17.557000000000002,0.181,W1
QSO_4.6969143-24.3480418,57917.871568,17.606,0.091,W1
QSO_4.6969143-24.3480418,57917.87171400002,17.534,0.095,W1
QSO_4.6969143-24.3480418,57917.93712199996,17.758,0.115,W1
QSO_4.6969143-24.3480418,57918.002529999976,17.673000000000002,0.099,W1
QSO_4.6969143-24.3480418,57918.06793799999,17.685000000000002,0.096,W1
QSO_4.6969143-24.3480418,57918.13334600001,17.291,0.078,W1
QSO_4.6969143-24.3480418,57918.3950875,17.63,0.103,W1
QSO_4.6969143-24.3480418,58083.47987899998,17.77,0.103,W1
QSO_4.6969143-24.3480418,58083.61069500001,17.72,0.122,W1
QSO_4.6969143-24.3480418,58083.74151099997,17.916,0.157,W1
QSO_4.6969143-24.3480418,58084.06855099997,17.869999999999997,0.155,W1
QSO_4.6969143-24.3480418,58084.06866049997,17.833,0.105,W1
QSO_4.6969143-24.3480418,58084.33029250004,17.555,0.105,W1
QSO_4.6969143-24.3480418,58084.46110849999,17.652,0.098,W1
QSO_4.6969143-24.3480418,58086.22734349997,17.72,0.138,W1
QSO_4.6969143-24.3480418,58086.35815950001,17.983,0.168,W1
QSO_4.6969143-24.3480418,58086.6197915,17.469,0.102,W1
QSO_4.6969143-24.3480418,58086.68519950001,17.624000000000002,0.141,W1
QSO_4.6969143-24.3480418,58087.07775700004,17.835,0.125,W1
QSO_4.6969143-24.3480418,58284.50757099999,17.666,0.104,W1
QSO_4.6969143-24.3480418,58284.83446500004,17.6,0.098,W1
QSO_4.6969143-24.3480418,58284.89987299997,17.573,0.098,W1
QSO_4.6969143-24.3480418,58285.09609700003,17.863999999999997,0.113,W1
QSO_4.6969143-24.3480418,58446.83376550001,18.047,0.124,W1
QSO_4.6969143-24.3480418,58446.96458149996,17.659,0.095,W1
QSO_4.6969143-24.3480418,58447.02998949998,17.555,0.083,W1
QSO_4.6969143-24.3480418,58447.16080550001,17.668,0.091,W1
QSO_4.6969143-24.3480418,58447.29147550002,17.611,0.138,W1
QSO_4.6969143-24.3480418,58447.42229149997,17.785,0.101,W1
QSO_4.6969143-24.3480418,58447.5531075,17.893,0.11,W1
QSO_4.6969143-24.3480418,58648.17824100002,17.913,0.121,W1
QSO_4.6969143-24.3480418,58648.439763500006,17.689999999999998,0.112,W1
QSO_4.6969143-24.3480418,58648.50502549999,17.752000000000002,0.104,W1
QSO_4.6969143-24.3480418,58648.57043350001,17.608,0.158,W1
QSO_4.6969143-24.3480418,58648.63584150003,17.733,0.106,W1
QSO_4.6969143-24.3480418,58648.70110350001,17.517,0.109,W1
QSO_4.6969143-24.3480418,58648.89721799998,17.941000000000003,0.179,W1
QSO_4.6969143-24.3480418,58648.89732749998,17.567999999999998,0.088,W1
QSO_4.6969143-24.3480418,58649.158704000016,17.701999999999998,0.136,W1
QSO_4.6969143-24.3480418,58649.28951999996,17.729,0.097,W1
QSO_4.6969143-24.3480418,58810.71244899999,17.605,0.087,W1
QSO_4.6969143-24.3480418,58810.84311899999,17.631,0.089,W1
QSO_4.6969143-24.3480418,58810.90852700001,17.641,0.094,W1
QSO_4.6969143-24.3480418,58810.97382550003,17.705,0.109,W1
QSO_4.6969143-24.3480418,58811.03923350004,17.67,0.129,W1
QSO_4.6969143-24.3480418,58811.3007195,17.591,0.086,W1
QSO_4.6969143-24.3480418,59015.71369539998,17.661,0.097,W1
QSO_4.6969143-24.3480418,59015.97578800001,17.484,0.12,W1
QSO_4.6969143-24.3480418,59016.04137520003,17.531,0.089,W1
QSO_4.6969143-24.3480418,59016.17240320004,17.701,0.111,W1
QSO_4.6969143-24.3480418,59016.43449579999,17.659,0.109,W1
QSO_4.6969143-24.3480418,59016.56556040001,18.038,0.159,W1
QSO_4.6969143-24.3480418,59016.69658840002,17.753999999999998,0.104,W1
QSO_4.6969143-24.3480418,59175.36219999997,17.7,0.096,W1
QSO_4.6969143-24.3480418,59175.49322799996,17.599,0.091,W1
QSO_4.6969143-24.3480418,59175.6242926,17.525,0.083,W1
QSO_4.6969143-24.3480418,59175.7553206,17.968,0.148,W1
QSO_4.6969143-24.3480418,59175.88638520003,18.172,0.194,W1
QSO_4.6969143-24.3480418,59178.50687200001,17.648,0.137,W1
QSO_4.6969143-24.3480418,59178.57245920003,17.658,0.104,W1
QSO_4.6969143-24.3480418,59178.63793659996,17.984,0.136,W1
QSO_4.6969143-24.3480418,59178.76896459996,17.941000000000003,0.146,W1
QSO_4.6969143-24.3480418,59178.90002919999,17.624000000000002,0.155,W1
QSO_4.6969143-24.3480418,59380.18626149996,17.783,0.12,W1
QSO_4.6969143-24.3480418,59380.31682199997,18.17,0.18,W1
QSO_4.6969143-24.3480418,59381.035251499976,17.64,0.106,W1
QSO_4.6969143-24.3480418,59381.16595800001,17.746000000000002,0.104,W1
QSO_4.6969143-24.3480418,59542.30378550002,17.543,0.086,W1
QSO_4.6969143-24.3480418,59542.43434600002,17.526,0.122,W1
QSO_4.6969143-24.3480418,59542.69557650002,17.536,0.112,W1
QSO_4.6969143-24.3480418,59543.15266600003,17.545,0.129,W1
QSO_4.6969143-24.3480418,59543.283226500025,17.672,0.097,W1
QSO_4.6969143-24.3480418,59543.41378700003,17.967,0.13,W1
QSO_4.6969143-24.3480418,59744.44585900003,17.499000000000002,0.133,W1
QSO_4.6969143-24.3480418,59744.6414625,17.738,0.128,W1
QSO_4.6969143-24.3480418,59744.77187699997,17.599,0.114,W1
QSO_4.6969143-24.3480418,59744.90232799996,17.765,0.136,W1
QSO_4.6969143-24.3480418,59745.032742500014,17.714,0.097,W1
QSO_4.6969143-24.3480418,59906.337229000026,17.792,0.139,W1
QSO_4.6969143-24.3480418,59906.92283499999,17.581,0.103,W1
QSO_4.6969143-24.3480418,59907.05354150002,17.58,0.116,W1
QSO_4.6969143-24.3480418,59907.183700500034,17.7,0.105,W1
QSO_4.6969143-24.3480418,59907.18384649998,17.738999999999997,0.135,W1
QSO_4.6969143-24.3480418,59907.3140055,17.779,0.101,W1
QSO_4.6969143-24.3480418,60110.77131999999,17.561,0.094,W1
QSO_4.6969143-24.3480418,60110.90100449996,17.781,0.116,W1
QSO_4.6969143-24.3480418,60111.225233999976,17.548000000000002,0.088,W1
QSO_4.6969143-24.3480418,60111.28998499997,17.685000000000002,0.12,W1
QSO_4.6969143-24.3480418,60111.354882,17.677999999999997,0.109,W1
QSO_4.6969143-24.3480418,60111.48456649997,17.801000000000002,0.13,W1
QSO_4.6969143-24.3480418,60111.74389900004,17.732,0.117,W1
QSO_4.6969143-24.3480418,60111.8735835,17.484,0.096,W1
QSO_4.6969143-24.3480418,60272.99319750001,17.680999999999997,0.126,W1
QSO_4.6969143-24.3480418,60273.251508000016,17.605,0.111,W1
QSO_4.6969143-24.3480418,60273.70363349999,17.692,0.1,W1
QSO_4.6969143-24.3480418,60273.83280699996,17.645,0.104,W1
QSO_4.6969143-24.3480418,60273.961980500026,17.788,0.213,W1
QSO_4.6969143-24.3480418,60274.09100799997,17.762,0.112,W1
QSO_4.6969143-24.3480418,60274.09111749997,17.89,0.215,W1
QSO_4.6969143-24.3480418,60475.44250420001,17.375999999999998,0.091,W1
QSO_4.6969143-24.3480418,60475.5065908,17.843,0.19,W1
QSO_4.6969143-24.3480418,60475.698850599976,17.685000000000002,0.124,W1
QSO_4.6969143-24.3480418,60475.89103719998,17.570999999999998,0.117,W1
QSO_4.6969143-24.3480418,60475.89114699999,18.098,0.268,W1
QSO_4.6969143-24.3480418,55362.357483000014,18.575,0.342,W2
QSO_4.6969143-24.3480418,55362.357483000014,17.935,0.205,W2
QSO_4.6969143-24.3480418,55362.35759250002,18.668,0.405,W2
QSO_4.6969143-24.3480418,55362.35759250002,18.222,0.258,W2
QSO_4.6969143-24.3480418,55362.42362100003,18.161,0.266,W2
QSO_4.6969143-24.3480418,55362.42362100003,17.805,0.228,W2
QSO_4.6969143-24.3480418,55362.48968599999,18.226,,W2
QSO_4.6969143-24.3480418,55362.48968599999,17.985,0.215,W2
QSO_4.6969143-24.3480418,55362.55586050003,18.017,0.24,W2
QSO_4.6969143-24.3480418,55362.55586050003,18.08,0.279,W2
QSO_4.6969143-24.3480418,55362.621888999965,18.382,,W2
QSO_4.6969143-24.3480418,55362.621888999965,17.802,0.176,W2
QSO_4.6969143-24.3480418,55362.688063500005,17.605,0.165,W2
QSO_4.6969143-24.3480418,55362.688063500005,18.861,,W2
QSO_4.6969143-24.3480418,55362.75409200002,18.206,0.313,W2
QSO_4.6969143-24.3480418,55362.75409200002,18.698,,W2
QSO_4.6969143-24.3480418,55362.820266499984,18.29,0.295,W2
QSO_4.6969143-24.3480418,55362.820266499984,18.917,,W2
QSO_4.6969143-24.3480418,55362.95250599999,18.504,,W2
QSO_4.6969143-24.3480418,55362.95250599999,18.087,0.259,W2
QSO_4.6969143-24.3480418,55539.780187000026,18.484,0.347,W2
QSO_4.6969143-24.3480418,55539.780187000026,18.058,0.242,W2
QSO_4.6969143-24.3480418,55539.91224399996,18.629,0.409,W2
QSO_4.6969143-24.3480418,55539.91224399996,18.323,0.443,W2
QSO_4.6969143-24.3480418,55539.97841850001,18.825,,W2
QSO_4.6969143-24.3480418,55539.97841850001,18.903,0.525,W2
QSO_4.6969143-24.3480418,55540.044483499965,18.116,0.265,W2
QSO_4.6969143-24.3480418,55540.044483499965,18.706,0.469,W2
QSO_4.6969143-24.3480418,55540.11051199998,18.432,0.341,W2
QSO_4.6969143-24.3480418,55540.11051199998,18.771,,W2
QSO_4.6969143-24.3480418,55540.176686500025,18.885,0.503,W2
QSO_4.6969143-24.3480418,55540.176686500025,18.449,0.387,W2
QSO_4.6969143-24.3480418,55540.24271500003,18.063,0.256,W2
QSO_4.6969143-24.3480418,55540.24271500003,18.738,,W2
QSO_4.6969143-24.3480418,55540.37495450003,18.524,,W2
QSO_4.6969143-24.3480418,55540.37495450003,18.208,0.291,W2
QSO_4.6969143-24.3480418,55543.94355950003,18.225,0.35,W2
QSO_4.6969143-24.3480418,55543.94355950003,18.675,,W2
QSO_4.6969143-24.3480418,55543.94370549998,18.6,,W2
QSO_4.6969143-24.3480418,55543.94370549998,18.082,0.298,W2
QSO_4.6969143-24.3480418,56824.379045,18.116,0.272,W2
QSO_4.6969143-24.3480418,56824.51048150002,18.177,0.324,W2
QSO_4.6969143-24.3480418,56824.51062749997,17.932,0.242,W2
QSO_4.6969143-24.3480418,56824.77353699998,18.153,,W2
QSO_4.6969143-24.3480418,56827.73222699998,17.968,0.334,W2
QSO_4.6969143-24.3480418,56827.86366350001,18.158,0.328,W2
QSO_4.6969143-24.3480418,56827.995245999984,18.206,0.457,W2
QSO_4.6969143-24.3480418,57004.08694100002,18.188,,W2
QSO_4.6969143-24.3480418,57004.21837749997,17.993,,W2
QSO_4.6969143-24.3480418,57004.94078549999,18.459,0.43,W2
QSO_4.6969143-24.3480418,57005.07211250001,17.919,0.268,W2
QSO_4.6969143-24.3480418,57188.58864275076,18.132,0.269,W2
QSO_4.6969143-24.3480418,57188.719714254905,18.693,0.488,W2
QSO_4.6969143-24.3480418,57189.24425577161,18.374,0.37,W2
QSO_4.6969143-24.3480418,57189.24436527154,18.383,0.329,W2
QSO_4.6969143-24.3480418,57189.30991927366,18.262,0.458,W2
QSO_4.6969143-24.3480418,57189.57217178196,18.349,0.511,W2
QSO_4.6969143-24.3480418,57189.70324328611,18.676,0.425,W2
QSO_4.6969143-24.3480418,57362.97377420641,18.419,0.357,W2
QSO_4.6969143-24.3480418,57363.10484571056,17.826999999999998,0.306,W2
QSO_4.6969143-24.3480418,57363.563577725086,17.631,0.28,W2
QSO_4.6969143-24.3480418,57363.62913172722,18.301,0.349,W2
QSO_4.6969143-24.3480418,57363.694649229314,17.959,,W2
QSO_4.6969143-24.3480418,57363.95679223761,17.922,0.272,W2
QSO_4.6969143-24.3480418,57552.95100801626,18.097,0.28,W2
QSO_4.6969143-24.3480418,57553.08229222045,18.044,0.249,W2
QSO_4.6969143-24.3480418,57553.34489722869,18.362,0.431,W2
QSO_4.6969143-24.3480418,57553.41048443079,18.451,0.396,W2
QSO_4.6969143-24.3480418,57553.541768634976,18.276,0.347,W2
QSO_4.6969143-24.3480418,57553.93569444744,17.778,,W2
QSO_4.6969143-24.3480418,57554.06697865155,18.215,,W2
QSO_4.6969143-24.3480418,57722.8622311894,18.148,,W2
QSO_4.6969143-24.3480418,57723.25601060183,18.503,0.39,W2
QSO_4.6969143-24.3480418,57723.32159780392,17.915,0.252,W2
QSO_4.6969143-24.3480418,57723.38729480602,18.144,0.359,W2
QSO_4.6969143-24.3480418,57723.51861561016,18.9,0.541,W2
QSO_4.6969143-24.3480418,57723.58420281225,17.876,0.237,W2
QSO_4.6969143-24.3480418,57723.84666142054,17.808,0.225,W2
QSO_4.6969143-24.3480418,57723.8468078205,18.536,0.382,W2
QSO_4.6969143-24.3480418,57917.41374849998,18.255,0.319,W2
QSO_4.6969143-24.3480418,57917.80615999998,18.014,0.272,W2
QSO_4.6969143-24.3480418,57917.871568,18.106,0.285,W2
QSO_4.6969143-24.3480418,57917.87171400002,17.96,,W2
QSO_4.6969143-24.3480418,57917.93712199996,18.536,,W2
QSO_4.6969143-24.3480418,57918.002529999976,17.654,0.24,W2
QSO_4.6969143-24.3480418,57918.06793799999,18.211,0.331,W2
QSO_4.6969143-24.3480418,57918.13334600001,18.086,0.455,W2
QSO_4.6969143-24.3480418,57918.3950875,17.925,,W2
QSO_4.6969143-24.3480418,58083.47987899998,17.685,,W2
QSO_4.6969143-24.3480418,58083.61069500001,17.679,,W2
QSO_4.6969143-24.3480418,58083.74151099997,18.113,0.357,W2
QSO_4.6969143-24.3480418,58084.06855099997,18.1,0.398,W2
QSO_4.6969143-24.3480418,58084.06866049997,17.976,0.286,W2
QSO_4.6969143-24.3480418,58084.33029250004,17.672,0.26,W2
QSO_4.6969143-24.3480418,58084.46110849999,18.421,0.538,W2
QSO_4.6969143-24.3480418,58086.22734349997,17.686,,W2
QSO_4.6969143-24.3480418,58086.35815950001,18.136,,W2
QSO_4.6969143-24.3480418,58086.6197915,18.101,0.499,W2
QSO_4.6969143-24.3480418,58086.68519950001,17.055,,W2
QSO_4.6969143-24.3480418,58087.07775700004,17.489,0.417,W2
QSO_4.6969143-24.3480418,58284.50757099999,18.334,0.416,W2
QSO_4.6969143-24.3480418,58284.83446500004,17.559,,W2
QSO_4.6969143-24.3480418,58284.89987299997,18.15,,W2
QSO_4.6969143-24.3480418,58285.09609700003,18.178,,W2
QSO_4.6969143-24.3480418,58446.83376550001,18.483,0.401,W2
QSO_4.6969143-24.3480418,58446.96458149996,17.988,0.276,W2
QSO_4.6969143-24.3480418,58447.02998949998,18.089,0.328,W2
QSO_4.6969143-24.3480418,58447.16080550001,18.244,0.311,W2
QSO_4.6969143-24.3480418,58447.29147550002,18.425,0.331,W2
QSO_4.6969143-24.3480418,58447.42229149997,18.284,,W2
QSO_4.6969143-24.3480418,58447.5531075,18.211,0.313,W2
QSO_4.6969143-24.3480418,58648.17824100002,18.015,,W2
QSO_4.6969143-24.3480418,58648.439763500006,18.431,0.393,W2
QSO_4.6969143-24.3480418,58648.50502549999,18.039,0.266,W2
QSO_4.6969143-24.3480418,58648.57043350001,17.898,0.299,W2
QSO_4.6969143-24.3480418,58648.63584150003,18.525,0.41,W2
QSO_4.6969143-24.3480418,58648.70110350001,17.959,0.268,W2
QSO_4.6969143-24.3480418,58648.89721799998,18.447,,W2
QSO_4.6969143-24.3480418,58648.89732749998,18.293,0.38,W2
QSO_4.6969143-24.3480418,58649.158704000016,17.999,0.486,W2
QSO_4.6969143-24.3480418,58649.28951999996,18.349,0.37,W2
QSO_4.6969143-24.3480418,58810.71244899999,18.135,0.268,W2
QSO_4.6969143-24.3480418,58810.84311899999,18.012999999999998,0.284,W2
QSO_4.6969143-24.3480418,58810.90852700001,18.023,0.241,W2
QSO_4.6969143-24.3480418,58810.97382550003,17.998,0.281,W2
QSO_4.6969143-24.3480418,58811.03923350004,18.087,,W2
QSO_4.6969143-24.3480418,58811.3007195,18.284,0.351,W2
QSO_4.6969143-24.3480418,59015.71369539998,18.207,0.395,W2
QSO_4.6969143-24.3480418,59015.97578800001,18.077,0.423,W2
QSO_4.6969143-24.3480418,59016.04137520003,17.924,,W2
QSO_4.6969143-24.3480418,59016.17240320004,17.463,,W2
QSO_4.6969143-24.3480418,59016.43449579999,17.857,0.347,W2
QSO_4.6969143-24.3480418,59016.56556040001,17.88,,W2
QSO_4.6969143-24.3480418,59016.69658840002,18.505,0.431,W2
QSO_4.6969143-24.3480418,59175.36219999997,18.557,0.423,W2
QSO_4.6969143-24.3480418,59175.49322799996,18.441,0.54,W2
QSO_4.6969143-24.3480418,59175.6242926,17.932,,W2
QSO_4.6969143-24.3480418,59175.7553206,18.237,0.456,W2
QSO_4.6969143-24.3480418,59175.88638520003,17.537,0.368,W2
QSO_4.6969143-24.3480418,59178.50687200001,17.794999999999998,0.413,W2
QSO_4.6969143-24.3480418,59178.57245920003,17.9,0.454,W2
QSO_4.6969143-24.3480418,59178.63793659996,17.559,0.335,W2
QSO_4.6969143-24.3480418,59178.76896459996,17.386,,W2
QSO_4.6969143-24.3480418,59178.90002919999,18.086,0.541,W2
QSO_4.6969143-24.3480418,59380.18626149996,17.918,,W2
QSO_4.6969143-24.3480418,59380.31682199997,18.22,0.363,W2
QSO_4.6969143-24.3480418,59381.035251499976,17.831,,W2
QSO_4.6969143-24.3480418,59381.16595800001,17.959,,W2
QSO_4.6969143-24.3480418,59542.30378550002,18.276,0.314,W2
QSO_4.6969143-24.3480418,59542.43434600002,18.07,0.272,W2
QSO_4.6969143-24.3480418,59542.69557650002,17.908,0.376,W2
QSO_4.6969143-24.3480418,59543.15266600003,18.135,0.268,W2
QSO_4.6969143-24.3480418,59543.283226500025,17.801,0.21,W2
QSO_4.6969143-24.3480418,59543.41378700003,18.097,,W2
QSO_4.6969143-24.3480418,59744.44585900003,18.383,0.478,W2
QSO_4.6969143-24.3480418,59744.6414625,18.45,0.38,W2
QSO_4.6969143-24.3480418,59744.77187699997,18.092,0.396,W2
QSO_4.6969143-24.3480418,59744.90232799996,17.922,0.421,W2
QSO_4.6969143-24.3480418,59745.032742500014,18.084,0.293,W2
QSO_4.6969143-24.3480418,59906.337229000026,18.352,0.437,W2
QSO_4.6969143-24.3480418,59906.92283499999,18.571,0.404,W2
QSO_4.6969143-24.3480418,59907.05354150002,17.737,0.219,W2
QSO_4.6969143-24.3480418,59907.183700500034,18.545,0.369,W2
QSO_4.6969143-24.3480418,59907.18384649998,18.387,0.407,W2
QSO_4.6969143-24.3480418,59907.3140055,17.891,0.241,W2
QSO_4.6969143-24.3480418,60110.77131999999,18.265,0.342,W2
QSO_4.6969143-24.3480418,60110.90100449996,18.22,0.488,W2
QSO_4.6969143-24.3480418,60111.225233999976,17.546,0.197,W2
QSO_4.6969143-24.3480418,60111.28998499997,18.095,0.424,W2
QSO_4.6969143-24.3480418,60111.354882,17.849999999999998,0.269,W2
QSO_4.6969143-24.3480418,60111.48456649997,17.82,,W2
QSO_4.6969143-24.3480418,60111.74389900004,17.82,,W2
QSO_4.6969143-24.3480418,60111.8735835,17.743,0.258,W2
QSO_4.6969143-24.3480418,60272.99319750001,17.971,0.304,W2
QSO_4.6969143-24.3480418,60273.251508000016,17.654,0.288,W2
QSO_4.6969143-24.3480418,60273.70363349999,17.73,,W2
QSO_4.6969143-24.3480418,60273.83280699996,18.165,0.309,W2
QSO_4.6969143-24.3480418,60273.961980500026,17.998,0.288,W2
QSO_4.6969143-24.3480418,60274.09100799997,17.788999999999998,0.245,W2
QSO_4.6969143-24.3480418,60274.09111749997,18.398,0.368,W2
QSO_4.6969143-24.3480418,60475.44250420001,18.103,,W2
QSO_4.6969143-24.3480418,60475.5065908,18.372,0.506,W2
QSO_4.6969143-24.3480418,60475.698850599976,17.442,0.398,W2
QSO_4.6969143-24.3480418,60475.89103719998,18.338,0.48,W2
QSO_4.6969143-24.3480418,60475.89114699999,17.867,,W2
QSO_4.973616-24.1718755,55362.357483000014,18.204,0.148,W1
QSO_4.973616-24.1718755,55362.48968599999,18.06,0.124,W1
QSO_4.973616-24.1718755,55362.621888999965,18.497,0.182,W1
QSO_4.973616-24.1718755,55362.75409200002,18.081,0.134,W1
QSO_4.973616-24.1718755,55362.820266499984,18.412,0.18,W1
QSO_4.973616-24.1718755,55362.88633150002,18.182,0.14,W1
QSO_4.973616-24.1718755,55362.95250599999,18.59,0.197,W1
QSO_4.973616-24.1718755,55363.0185345,18.035,0.126,W1
QSO_4.973616-24.1718755,55363.34900549999,18.332,0.159,W1
QSO_4.973616-24.1718755,55363.34911499999,18.55,0.201,W1
QSO_4.973616-24.1718755,55363.48120850004,18.36,0.165,W1
QSO_4.973616-24.1718755,55539.780187000026,18.269,0.153,W1
QSO_4.973616-24.1718755,55539.91224399996,18.251,0.179,W1
QSO_4.973616-24.1718755,55540.044483499965,18.956000000000003,0.341,W1
QSO_4.973616-24.1718755,55540.176686500025,18.554,0.199,W1
QSO_4.973616-24.1718755,55540.24271500003,18.268,0.154,W1
QSO_4.973616-24.1718755,55540.30877999999,18.411,0.179,W1
QSO_4.973616-24.1718755,55540.37495450003,18.226,0.146,W1
QSO_4.973616-24.1718755,55540.44098299997,18.416,0.172,W1
QSO_4.973616-24.1718755,55540.77145400003,18.384,0.174,W1
QSO_4.973616-24.1718755,55540.90365700001,18.271,0.367,W1
QSO_4.973616-24.1718755,55544.00973399999,18.279,0.164,W1
QSO_4.973616-24.1718755,56640.030319999976,18.443,0.195,W1
QSO_4.973616-24.1718755,56640.16201200004,18.38,0.218,W1
QSO_4.973616-24.1718755,56824.379045,18.741,0.232,W1
QSO_4.973616-24.1718755,56824.51048150002,18.616,0.22,W1
QSO_4.973616-24.1718755,56824.77353699998,18.462,0.179,W1
QSO_4.973616-24.1718755,56827.73222699998,18.406,0.176,W1
QSO_4.973616-24.1718755,56827.86366350001,18.136,0.135,W1
QSO_4.973616-24.1718755,56827.995245999984,18.263,0.156,W1
QSO_4.973616-24.1718755,56828.06090950004,18.778,0.284,W1
QSO_4.973616-24.1718755,56828.38973799997,18.325,0.208,W1
QSO_4.973616-24.1718755,57004.87512200002,18.508,0.187,W1
QSO_4.973616-24.1718755,57004.94078549999,18.677,0.238,W1
QSO_4.973616-24.1718755,57005.00644900005,18.623,0.214,W1
QSO_4.973616-24.1718755,57005.07211250001,19.26,0.412,W1
QSO_4.973616-24.1718755,57005.20343950004,18.565,0.322,W1
QSO_4.973616-24.1718755,57005.20354899996,18.674,0.205,W1
QSO_4.973616-24.1718755,57005.33487599999,18.583,0.2,W1
QSO_4.973616-24.1718755,57189.30991927366,18.475,0.198,W1
QSO_4.973616-24.1718755,57189.50650827991,18.774,0.248,W1
QSO_4.973616-24.1718755,57189.50665427986,18.759,0.224,W1
QSO_4.973616-24.1718755,57189.57217178196,18.602,0.191,W1
QSO_4.973616-24.1718755,57189.70324328611,18.568,0.209,W1
QSO_4.973616-24.1718755,57189.83446079029,18.575,0.182,W1
QSO_4.973616-24.1718755,57363.62913172722,18.827,0.236,W1
QSO_4.973616-24.1718755,57363.694649229314,18.873,0.237,W1
QSO_4.973616-24.1718755,57363.95679223761,18.689,0.231,W1
QSO_4.973616-24.1718755,57364.21878924594,18.442,0.211,W1
QSO_4.973616-24.1718755,57553.87010724536,18.635,0.19,W1
QSO_4.973616-24.1718755,57554.06697865155,18.945,0.266,W1
QSO_4.973616-24.1718755,57554.32958365988,18.493,0.178,W1
QSO_4.973616-24.1718755,57723.25601060183,18.938,0.291,W1
QSO_4.973616-24.1718755,57723.38729480602,18.768,0.246,W1
QSO_4.973616-24.1718755,57723.58420281225,18.735,0.233,W1
QSO_4.973616-24.1718755,57723.64979001434,18.483,0.228,W1
QSO_4.973616-24.1718755,57723.781074218445,18.728,0.235,W1
QSO_4.973616-24.1718755,57723.8468078205,18.544,0.196,W1
QSO_4.973616-24.1718755,57724.240550632974,18.978,0.287,W1
QSO_4.973616-24.1718755,57917.80615999998,18.085,0.129,W1
QSO_4.973616-24.1718755,57917.93712199996,18.64,0.244,W1
QSO_4.973616-24.1718755,57918.19875400003,18.601,0.234,W1
QSO_4.973616-24.1718755,57918.3950875,18.456,0.223,W1
QSO_4.973616-24.1718755,58083.74151099997,18.33,0.163,W1
QSO_4.973616-24.1718755,58084.06866049997,18.777,0.258,W1
QSO_4.973616-24.1718755,58084.13406849999,18.28,0.149,W1
QSO_4.973616-24.1718755,58084.26488450002,18.526,0.306,W1
QSO_4.973616-24.1718755,58084.33029250004,18.597,0.2,W1
QSO_4.973616-24.1718755,58084.46110849999,18.49,0.194,W1
QSO_4.973616-24.1718755,58084.591924500026,18.328,0.169,W1
QSO_4.973616-24.1718755,58087.07775700004,18.175,0.198,W1
QSO_4.973616-24.1718755,58087.60116699996,18.687,0.258,W1
QSO_4.973616-24.1718755,58284.89987299997,18.329,0.154,W1
QSO_4.973616-24.1718755,58285.09609700003,18.125,0.137,W1
QSO_4.973616-24.1718755,58285.16139549996,18.733,0.265,W1
QSO_4.973616-24.1718755,58285.488399000016,18.499,0.219,W1
QSO_4.973616-24.1718755,58285.61921499997,18.513,0.189,W1
QSO_4.973616-24.1718755,58446.96458149996,18.743,0.221,W1
QSO_4.973616-24.1718755,58447.35688350003,18.814,0.241,W1
QSO_4.973616-24.1718755,58447.42229149997,18.89,0.249,W1
QSO_4.973616-24.1718755,58447.48769949999,18.632,0.23,W1
QSO_4.973616-24.1718755,58447.5531075,18.421,0.163,W1
QSO_4.973616-24.1718755,58648.57043350001,18.62,0.208,W1
QSO_4.973616-24.1718755,58648.70110350001,18.168,0.143,W1
QSO_4.973616-24.1718755,58648.89721799998,18.216,0.143,W1
QSO_4.973616-24.1718755,58649.28951999996,18.401,0.172,W1
QSO_4.973616-24.1718755,58649.4202265,18.546,0.196,W1
QSO_4.973616-24.1718755,58649.5508965,18.358,0.168,W1
QSO_4.973616-24.1718755,58810.84311899999,18.781,0.216,W1
QSO_4.973616-24.1718755,58810.97393500002,18.256,0.144,W1
QSO_4.973616-24.1718755,58811.3007195,18.208,0.138,W1
QSO_4.973616-24.1718755,58811.69240099999,18.601,0.188,W1
QSO_4.973616-24.1718755,59016.368908599965,18.693,0.337,W1
QSO_4.973616-24.1718755,59016.43449579999,18.72,0.236,W1
QSO_4.973616-24.1718755,59016.4999732,18.62,0.257,W1
QSO_4.973616-24.1718755,59016.500083,18.037,0.133,W1
QSO_4.973616-24.1718755,59016.56556040001,18.700000000000003,0.238,W1
QSO_4.973616-24.1718755,59016.69658840002,19.104,,W1
QSO_4.973616-24.1718755,59016.95868099997,18.38,0.165,W1
QSO_4.973616-24.1718755,59175.6242926,18.234,0.145,W1
QSO_4.973616-24.1718755,59175.7553206,18.69,0.381,W1
QSO_4.973616-24.1718755,59178.50687200001,18.629,0.276,W1
QSO_4.973616-24.1718755,59178.76896459996,18.552,0.304,W1
QSO_4.973616-24.1718755,59380.31682199997,18.728,0.229,W1
QSO_4.973616-24.1718755,59380.9699895,18.605,0.205,W1
QSO_4.973616-24.1718755,59381.035251499976,18.497,0.212,W1
QSO_4.973616-24.1718755,59381.16595800001,18.449,0.176,W1
QSO_4.973616-24.1718755,59381.42718850001,18.432,0.18,W1
QSO_4.973616-24.1718755,59542.69557650002,18.700000000000003,0.31,W1
QSO_4.973616-24.1718755,59543.15266600003,18.876,0.352,W1
QSO_4.973616-24.1718755,59543.21796449996,18.579,0.185,W1
QSO_4.973616-24.1718755,59543.283226500025,18.467,0.17,W1
QSO_4.973616-24.1718755,59543.41378700003,18.553,0.178,W1
QSO_4.973616-24.1718755,59543.41393299997,18.56,0.22,W1
QSO_4.973616-24.1718755,59543.544493499976,18.671,0.216,W1
QSO_4.973616-24.1718755,59543.67505399997,18.385,0.161,W1
QSO_4.973616-24.1718755,59744.44585900003,19.081000000000003,0.33,W1
QSO_4.973616-24.1718755,59744.6414625,18.498,0.207,W1
QSO_4.973616-24.1718755,59744.70672449999,18.953000000000003,0.28,W1
QSO_4.973616-24.1718755,59744.77187699997,18.627,0.22,W1
QSO_4.973616-24.1718755,59744.83702950004,18.568,0.22,W1
QSO_4.973616-24.1718755,59744.90232799996,18.591,0.205,W1
QSO_4.973616-24.1718755,59745.03263300001,18.549,,W1
QSO_4.973616-24.1718755,59745.032742500014,18.643,0.259,W1
QSO_4.973616-24.1718755,59745.16304749997,18.764000000000003,0.32,W1
QSO_4.973616-24.1718755,59906.92283499999,18.515,0.203,W1
QSO_4.973616-24.1718755,59906.98838900004,18.682,0.214,W1
QSO_4.973616-24.1718755,59907.05354150002,18.779,0.27,W1
QSO_4.973616-24.1718755,59907.118694,18.770000000000003,0.231,W1
QSO_4.973616-24.1718755,59907.18384649998,18.355,0.157,W1
QSO_4.973616-24.1718755,59907.24885300001,18.579,0.205,W1
QSO_4.973616-24.1718755,59907.3140055,18.346,0.161,W1
QSO_4.973616-24.1718755,59907.44431050004,18.308,0.143,W1
QSO_4.973616-24.1718755,60111.16033700003,18.419,0.183,W1
QSO_4.973616-24.1718755,60111.28998499997,18.386,0.19,W1
QSO_4.973616-24.1718755,60111.41966950002,18.143,0.175,W1
QSO_4.973616-24.1718755,60111.48456649997,18.667,0.25,W1
QSO_4.973616-24.1718755,60111.54935399999,18.79,0.297,W1
QSO_4.973616-24.1718755,60111.67900200001,18.316000000000003,0.19,W1
QSO_4.973616-24.1718755,60111.67914799996,18.641,0.231,W1
QSO_4.973616-24.1718755,60111.74389900004,18.547,0.229,W1
QSO_4.973616-24.1718755,60111.8735835,18.448,0.243,W1
QSO_4.973616-24.1718755,60273.83280699996,18.576,0.209,W1
QSO_4.973616-24.1718755,60273.961980500026,18.475,0.186,W1
QSO_4.973616-24.1718755,60274.09111749997,17.841,0.191,W1
QSO_4.973616-24.1718755,60274.220291000034,18.263,0.149,W1
QSO_4.973616-24.1718755,60475.698850599976,18.205,0.179,W1
QSO_4.973616-24.1718755,60475.89114699999,18.109,0.162,W1
QSO_4.973616-24.1718755,60476.53183000001,18.959000000000003,0.367,W1
QSO_4.973616-24.1718755,55362.357483000014,18.611,0.442,W2
QSO_4.973616-24.1718755,55362.48968599999,18.549,0.373,W2
QSO_4.973616-24.1718755,55362.621888999965,17.773,0.203,W2
QSO_4.973616-24.1718755,55362.75409200002,17.903,0.227,W2
QSO_4.973616-24.1718755,55362.820266499984,18.832,0.494,W2
QSO_4.973616-24.1718755,55362.88633150002,18.257,0.286,W2
QSO_4.973616-24.1718755,55362.95250599999,17.942999999999998,0.231,W2
QSO_4.973616-24.1718755,55363.0185345,17.791999999999998,0.2,W2
QSO_4.973616-24.1718755,55363.34900549999,17.934,0.207,W2
QSO_4.973616-24.1718755,55363.34911499999,17.655,0.173,W2
QSO_4.973616-24.1718755,55363.48120850004,17.909,0.231,W2
QSO_4.973616-24.1718755,55539.780187000026,17.759,0.189,W2
QSO_4.973616-24.1718755,55539.91224399996,18.277,0.297,W2
QSO_4.973616-24.1718755,55540.044483499965,18.228,0.281,W2
QSO_4.973616-24.1718755,55540.176686500025,17.913,0.221,W2
QSO_4.973616-24.1718755,55540.24271500003,18.323,0.294,W2
QSO_4.973616-24.1718755,55540.30877999999,18.206,0.277,W2
QSO_4.973616-24.1718755,55540.37495450003,18.278,0.298,W2
QSO_4.973616-24.1718755,55540.44098299997,18.161,0.303,W2
QSO_4.973616-24.1718755,55540.77145400003,18.025,,W2
QSO_4.973616-24.1718755,55540.90365700001,18.871,0.513,W2
QSO_4.973616-24.1718755,55544.00973399999,18.453,0.416,W2
QSO_4.973616-24.1718755,56640.030319999976,18.583,0.496,W2
QSO_4.973616-24.1718755,56640.16201200004,18.417,,W2
QSO_4.973616-24.1718755,56824.379045,18.421,0.406,W2
QSO_4.973616-24.1718755,56824.51048150002,17.862,,W2
QSO_4.973616-24.1718755,56824.77353699998,18.231,,W2
QSO_4.973616-24.1718755,56827.73222699998,18.033,,W2
QSO_4.973616-24.1718755,56827.86366350001,18.53,0.496,W2
QSO_4.973616-24.1718755,56827.995245999984,18.043,,W2
QSO_4.973616-24.1718755,56828.06090950004,18.155,0.343,W2
QSO_4.973616-24.1718755,56828.38973799997,18.36,0.392,W2
QSO_4.973616-24.1718755,57004.87512200002,18.082,0.269,W2
QSO_4.973616-24.1718755,57004.94078549999,18.643,0.487,W2
QSO_4.973616-24.1718755,57005.00644900005,17.660999999999998,,W2
QSO_4.973616-24.1718755,57005.07211250001,18.468,0.507,W2
QSO_4.973616-24.1718755,57005.20343950004,17.95,,W2
QSO_4.973616-24.1718755,57005.20354899996,18.211,,W2
QSO_4.973616-24.1718755,57005.33487599999,18.375,0.414,W2
QSO_4.973616-24.1718755,57189.30991927366,18.244,,W2
QSO_4.973616-24.1718755,57189.50650827991,18.106,,W2
QSO_4.973616-24.1718755,57189.50665427986,18.199,,W2
QSO_4.973616-24.1718755,57189.57217178196,18.211,0.388,W2
QSO_4.973616-24.1718755,57189.70324328611,18.632,,W2
QSO_4.973616-24.1718755,57189.83446079029,18.283,,W2
QSO_4.973616-24.1718755,57363.62913172722,18.342,,W2
QSO_4.973616-24.1718755,57363.694649229314,18.194,,W2
QSO_4.973616-24.1718755,57363.95679223761,18.743,0.454,W2
QSO_4.973616-24.1718755,57364.21878924594,18.233,0.312,W2
QSO_4.973616-24.1718755,57553.87010724536,18.216,,W2
QSO_4.973616-24.1718755,57554.06697865155,18.321,,W2
QSO_4.973616-24.1718755,57554.32958365988,18.175,,W2
QSO_4.973616-24.1718755,57723.25601060183,17.641,,W2
QSO_4.973616-24.1718755,57723.38729480602,18.185,,W2
QSO_4.973616-24.1718755,57723.58420281225,18.439,0.349,W2
QSO_4.973616-24.1718755,57723.64979001434,18.263,0.347,W2
QSO_4.973616-24.1718755,57723.781074218445,18.272,0.333,W2
QSO_4.973616-24.1718755,57723.8468078205,18.456,0.353,W2
QSO_4.973616-24.1718755,57724.240550632974,18.205,,W2
QSO_4.973616-24.1718755,57917.80615999998,18.64,0.494,W2
QSO_4.973616-24.1718755,57917.93712199996,18.544,,W2
QSO_4.973616-24.1718755,57918.19875400003,18.698,,W2
QSO_4.973616-24.1718755,57918.3950875,18.247,0.328,W2
QSO_4.973616-24.1718755,58083.74151099997,17.954,,W2
QSO_4.973616-24.1718755,58084.06866049997,18.285,,W2
QSO_4.973616-24.1718755,58084.13406849999,17.899,,W2
QSO_4.973616-24.1718755,58084.26488450002,18.278,0.453,W2
QSO_4.973616-24.1718755,58084.33029250004,17.855,,W2
QSO_4.973616-24.1718755,58084.46110849999,17.942999999999998,0.36,W2
QSO_4.973616-24.1718755,58084.591924500026,18.061,,W2
QSO_4.973616-24.1718755,58087.07775700004,17.977999999999998,,W2
QSO_4.973616-24.1718755,58087.60116699996,18.057,0.405,W2
QSO_4.973616-24.1718755,58284.89987299997,18.173,,W2
QSO_4.973616-24.1718755,58285.09609700003,17.846999999999998,0.263,W2
QSO_4.973616-24.1718755,58285.16139549996,17.909,,W2
QSO_4.973616-24.1718755,58285.488399000016,17.971999999999998,0.328,W2
QSO_4.973616-24.1718755,58285.61921499997,18.522,0.373,W2
QSO_4.973616-24.1718755,58446.96458149996,18.196,0.347,W2
QSO_4.973616-24.1718755,58447.35688350003,18.146,0.272,W2
QSO_4.973616-24.1718755,58447.42229149997,17.905,,W2
QSO_4.973616-24.1718755,58447.48769949999,18.731,0.453,W2
QSO_4.973616-24.1718755,58447.5531075,18.227,0.322,W2
QSO_4.973616-24.1718755,58648.57043350001,18.385,0.342,W2
QSO_4.973616-24.1718755,58648.70110350001,18.462,0.401,W2
QSO_4.973616-24.1718755,58648.89721799998,18.212,0.308,W2
QSO_4.973616-24.1718755,58649.28951999996,17.887999999999998,,W2
QSO_4.973616-24.1718755,58649.4202265,17.897,,W2
QSO_4.973616-24.1718755,58649.5508965,18.584,0.515,W2
QSO_4.973616-24.1718755,58810.84311899999,18.036,0.298,W2
QSO_4.973616-24.1718755,58810.97393500002,17.617,0.248,W2
QSO_4.973616-24.1718755,58811.3007195,18.005,,W2
QSO_4.973616-24.1718755,58811.69240099999,17.551,0.172,W2
QSO_4.973616-24.1718755,59016.368908599965,18.119,,W2
QSO_4.973616-24.1718755,59016.43449579999,17.631999999999998,0.341,W2
QSO_4.973616-24.1718755,59016.4999732,18.044,,W2
QSO_4.973616-24.1718755,59016.500083,17.432,,W2
QSO_4.973616-24.1718755,59016.56556040001,18.067,,W2
QSO_4.973616-24.1718755,59016.69658840002,17.04,,W2
QSO_4.973616-24.1718755,59016.95868099997,17.533,,W2
QSO_4.973616-24.1718755,59175.6242926,18.8,0.533,W2
QSO_4.973616-24.1718755,59175.7553206,18.238,0.464,W2
QSO_4.973616-24.1718755,59178.50687200001,17.820999999999998,,W2
QSO_4.973616-24.1718755,59178.76896459996,17.788,,W2
QSO_4.973616-24.1718755,59380.31682199997,18.451,0.426,W2
QSO_4.973616-24.1718755,59380.9699895,18.342,0.409,W2
QSO_4.973616-24.1718755,59381.035251499976,18.156,,W2
QSO_4.973616-24.1718755,59381.16595800001,18.21,,W2
QSO_4.973616-24.1718755,59381.42718850001,17.775,,W2
QSO_4.973616-24.1718755,59542.69557650002,18.683,,W2
QSO_4.973616-24.1718755,59543.15266600003,17.716,0.329,W2
QSO_4.973616-24.1718755,59543.21796449996,18.342,0.399,W2
QSO_4.973616-24.1718755,59543.283226500025,17.912,0.259,W2
QSO_4.973616-24.1718755,59543.41378700003,17.915,0.441,W2
QSO_4.973616-24.1718755,59543.41393299997,18.257,,W2
QSO_4.973616-24.1718755,59543.544493499976,18.736,0.448,W2
QSO_4.973616-24.1718755,59543.67505399997,18.328,,W2
QSO_4.973616-24.1718755,59744.44585900003,17.942999999999998,,W2
QSO_4.973616-24.1718755,59744.6414625,17.849,,W2
QSO_4.973616-24.1718755,59744.70672449999,18.479,0.429,W2
QSO_4.973616-24.1718755,59744.77187699997,18.346,,W2
QSO_4.973616-24.1718755,59744.83702950004,18.142,,W2
QSO_4.973616-24.1718755,59744.90232799996,17.71,,W2
QSO_4.973616-24.1718755,59745.03263300001,18.161,,W2
QSO_4.973616-24.1718755,59745.032742500014,18.109,,W2
QSO_4.973616-24.1718755,59745.16304749997,18.199,,W2
QSO_4.973616-24.1718755,59906.92283499999,17.831,0.256,W2
QSO_4.973616-24.1718755,59906.98838900004,18.753,,W2
QSO_4.973616-24.1718755,59907.05354150002,18.028,,W2
QSO_4.973616-24.1718755,59907.118694,18.072,0.447,W2
QSO_4.973616-24.1718755,59907.18384649998,18.438,,W2
QSO_4.973616-24.1718755,59907.24885300001,18.066,0.308,W2
QSO_4.973616-24.1718755,59907.3140055,18.493,,W2
QSO_4.973616-24.1718755,59907.44431050004,18.549,0.44,W2
QSO_4.973616-24.1718755,60111.16033700003,18.368,0.437,W2
QSO_4.973616-24.1718755,60111.28998499997,18.546,0.508,W2
QSO_4.973616-24.1718755,60111.41966950002,18.34,0.438,W2
QSO_4.973616-24.1718755,60111.48456649997,18.038,,W2
QSO_4.973616-24.1718755,60111.54935399999,18.297,0.384,W2
QSO_4.973616-24.1718755,60111.67900200001,18.316,0.392,W2
QSO_4.973616-24.1718755,60111.67914799996,18.128,0.472,W2
QSO_4.973616-24.1718755,60111.74389900004,18.176,,W2
QSO_4.973616-24.1718755,60111.8735835,18.288,,W2
QSO_4.973616-24.1718755,60273.83280699996,18.155,,W2
QSO_4.973616-24.1718755,60273.961980500026,18.634,0.471,W2
QSO_4.973616-24.1718755,60274.09111749997,18.37,0.353,W2
QSO_4.973616-24.1718755,60274.220291000034,18.233,0.366,W2
QSO_4.973616-24.1718755,60475.698850599976,17.541999999999998,,W2
QSO_4.973616-24.1718755,60475.89114699999,18.298,0.488,W2
QSO_4.973616-24.1718755,60476.53183000001,17.845,0.361,W2
QSO_4.7336625-24.4670076,55361.96094699999,17.537,0.12,W1
QSO_4.7336625-24.4670076,55362.35759250002,17.503,0.084,W1
QSO_4.7336625-24.4670076,55362.42362100003,17.654,0.1,W1
QSO_4.7336625-24.4670076,55362.4897955,17.692999999999998,0.1,W1
QSO_4.7336625-24.4670076,55362.55586050003,17.569,0.089,W1
QSO_4.7336625-24.4670076,55362.621888999965,17.704,0.109,W1
QSO_4.7336625-24.4670076,55362.62203499999,17.407,0.082,W1
QSO_4.7336625-24.4670076,55362.688063500005,17.598,0.089,W1
QSO_4.7336625-24.4670076,55362.820266499984,17.401,0.085,W1
QSO_4.7336625-24.4670076,55362.95250599999,17.551000000000002,0.087,W1
QSO_4.7336625-24.4670076,55539.78004099999,17.633,0.094,W1
QSO_4.7336625-24.4670076,55539.84621550003,17.685000000000002,0.101,W1
QSO_4.7336625-24.4670076,55539.91224399996,17.41,0.082,W1
QSO_4.7336625-24.4670076,55539.978309000006,17.619,0.102,W1
QSO_4.7336625-24.4670076,55539.97841850001,17.582,0.096,W1
QSO_4.7336625-24.4670076,55540.044483499965,17.728,0.108,W1
QSO_4.7336625-24.4670076,55540.11051199998,17.852,0.12,W1
QSO_4.7336625-24.4670076,55540.17654049999,18.065,0.155,W1
QSO_4.7336625-24.4670076,55540.176686500025,17.839,0.114,W1
QSO_4.7336625-24.4670076,55540.24271500003,17.711,0.101,W1
QSO_4.7336625-24.4670076,55540.37495450003,17.683999999999997,0.102,W1
QSO_4.7336625-24.4670076,55543.94355950003,17.552,0.121,W1
QSO_4.7336625-24.4670076,56824.379045,17.494,0.103,W1
QSO_4.7336625-24.4670076,56824.51062749997,17.7,0.103,W1
QSO_4.7336625-24.4670076,56827.73222699998,17.78,0.121,W1
QSO_4.7336625-24.4670076,56827.86366350001,17.652,0.1,W1
QSO_4.7336625-24.4670076,56827.86380950004,17.465,0.086,W1
QSO_4.7336625-24.4670076,56827.995245999984,17.47,0.098,W1
QSO_4.7336625-24.4670076,57004.08694100002,17.362000000000002,0.075,W1
QSO_4.7336625-24.4670076,57004.21826799997,17.659,0.114,W1
QSO_4.7336625-24.4670076,57004.80934900004,17.453,0.11,W1
QSO_4.7336625-24.4670076,57004.94078549999,17.709,0.113,W1
QSO_4.7336625-24.4670076,57005.07211250001,17.488999999999997,0.083,W1
QSO_4.7336625-24.4670076,57188.58864275076,17.569,0.088,W1
QSO_4.7336625-24.4670076,57188.71986025494,17.561,0.088,W1
QSO_4.7336625-24.4670076,57189.24436527154,17.389,0.074,W1
QSO_4.7336625-24.4670076,57189.30991927366,17.570999999999998,0.088,W1
QSO_4.7336625-24.4670076,57189.44110027781,17.529,0.084,W1
QSO_4.7336625-24.4670076,57189.57217178196,17.743000000000002,0.144,W1
QSO_4.7336625-24.4670076,57362.97377420641,17.487000000000002,0.085,W1
QSO_4.7336625-24.4670076,57363.10484571056,17.657,0.093,W1
QSO_4.7336625-24.4670076,57363.563577725086,17.45,0.081,W1
QSO_4.7336625-24.4670076,57363.62913172722,17.634,0.121,W1
QSO_4.7336625-24.4670076,57363.69453972931,17.861,0.123,W1
QSO_4.7336625-24.4670076,57363.694649229314,17.596,0.1,W1
QSO_4.7336625-24.4670076,57552.95100801626,17.593,0.097,W1
QSO_4.7336625-24.4670076,57553.08229222045,17.677,0.099,W1
QSO_4.7336625-24.4670076,57553.34489722869,17.424,0.134,W1
QSO_4.7336625-24.4670076,57553.41048443079,17.439,0.182,W1
QSO_4.7336625-24.4670076,57553.541768634976,17.664,0.112,W1
QSO_4.7336625-24.4670076,57553.93569444744,17.841,0.127,W1
QSO_4.7336625-24.4670076,57722.86212138939,17.453,0.086,W1
QSO_4.7336625-24.4670076,57722.8622311894,17.643,0.108,W1
QSO_4.7336625-24.4670076,57723.25601060183,17.604,0.094,W1
QSO_4.7336625-24.4670076,57723.32159780392,17.478,0.091,W1
QSO_4.7336625-24.4670076,57723.38729480602,17.645,0.094,W1
QSO_4.7336625-24.4670076,57723.51846921012,17.595,0.094,W1
QSO_4.7336625-24.4670076,57723.58420281225,17.608,0.095,W1
QSO_4.7336625-24.4670076,57723.84666142054,17.566000000000003,0.089,W1
QSO_4.7336625-24.4670076,57917.41374849998,17.718,0.102,W1
QSO_4.7336625-24.4670076,57917.80615999998,17.673000000000002,0.1,W1
QSO_4.7336625-24.4670076,57917.806306000006,17.619999999999997,0.098,W1
QSO_4.7336625-24.4670076,57917.87171400002,17.639,0.092,W1
QSO_4.7336625-24.4670076,57917.93712199996,17.466,0.123,W1
QSO_4.7336625-24.4670076,57918.002529999976,17.598,0.093,W1
QSO_4.7336625-24.4670076,57918.06793799999,17.599,0.115,W1
QSO_4.7336625-24.4670076,57918.13334600001,17.578,0.092,W1
QSO_4.7336625-24.4670076,57918.26427149997,17.839,0.132,W1
QSO_4.7336625-24.4670076,57918.3950875,17.368000000000002,0.089,W1
QSO_4.7336625-24.4670076,58083.34895350002,17.464,0.086,W1
QSO_4.7336625-24.4670076,58083.47987899998,17.566000000000003,0.102,W1
QSO_4.7336625-24.4670076,58083.61069500001,17.723,0.108,W1
QSO_4.7336625-24.4670076,58083.74151099997,17.500999999999998,0.086,W1
QSO_4.7336625-24.4670076,58084.06855099997,17.634,0.119,W1
QSO_4.7336625-24.4670076,58084.199367,17.529,0.085,W1
QSO_4.7336625-24.4670076,58084.33029250004,17.615000000000002,0.094,W1
QSO_4.7336625-24.4670076,58086.22734349997,17.548000000000002,0.101,W1
QSO_4.7336625-24.4670076,58086.35815950001,17.525,0.091,W1
QSO_4.7336625-24.4670076,58086.55438349998,17.649,0.109,W1
QSO_4.7336625-24.4670076,58086.6197915,17.686999999999998,0.156,W1
QSO_4.7336625-24.4670076,58086.68519950001,17.588,0.128,W1
QSO_4.7336625-24.4670076,58086.75060750003,17.468,0.104,W1
QSO_4.7336625-24.4670076,58087.07775700004,17.563000000000002,0.093,W1
QSO_4.7336625-24.4670076,58284.50757099999,17.755,0.102,W1
QSO_4.7336625-24.4670076,58284.83446500004,17.612000000000002,0.11,W1
QSO_4.7336625-24.4670076,58284.89987299997,17.567,0.107,W1
QSO_4.7336625-24.4670076,58285.09609700003,17.728,0.104,W1
QSO_4.7336625-24.4670076,58446.83376550001,17.529,0.138,W1
QSO_4.7336625-24.4670076,58446.96458149996,17.521,0.083,W1
QSO_4.7336625-24.4670076,58447.02998949998,17.509,0.083,W1
QSO_4.7336625-24.4670076,58447.16065949998,17.605,0.091,W1
QSO_4.7336625-24.4670076,58447.16080550001,17.586,0.09,W1
QSO_4.7336625-24.4670076,58447.29147550002,17.566000000000003,0.124,W1
QSO_4.7336625-24.4670076,58447.42229149997,17.722,0.12,W1
QSO_4.7336625-24.4670076,58447.5531075,17.351,0.081,W1
QSO_4.7336625-24.4670076,58648.17824100002,18.052,0.139,W1
QSO_4.7336625-24.4670076,58648.439763500006,17.624000000000002,0.111,W1
QSO_4.7336625-24.4670076,58648.50502549999,17.487000000000002,0.09,W1
QSO_4.7336625-24.4670076,58648.50513499999,17.828,0.152,W1
QSO_4.7336625-24.4670076,58648.57043350001,17.503,0.149,W1
QSO_4.7336625-24.4670076,58648.63584150003,17.487000000000002,0.084,W1
QSO_4.7336625-24.4670076,58648.70124949996,17.701999999999998,0.106,W1
QSO_4.7336625-24.4670076,58648.89732749998,17.579,0.125,W1
QSO_4.7336625-24.4670076,58649.158704000016,17.625999999999998,0.227,W1
QSO_4.7336625-24.4670076,58649.15884999996,17.310000000000002,0.093,W1
QSO_4.7336625-24.4670076,58810.84311899999,17.356,0.08,W1
QSO_4.7336625-24.4670076,58810.90852700001,17.402,0.076,W1
QSO_4.7336625-24.4670076,58810.97382550003,17.826999999999998,0.103,W1
QSO_4.7336625-24.4670076,58811.03923350004,18.168,0.279,W1
QSO_4.7336625-24.4670076,58811.16990349996,17.412,0.117,W1
QSO_4.7336625-24.4670076,58811.3007195,17.525,0.09,W1
QSO_4.7336625-24.4670076,59015.71369539998,17.576,0.096,W1
QSO_4.7336625-24.4670076,59015.91034720003,17.658,0.105,W1
QSO_4.7336625-24.4670076,59015.97578800001,17.669,0.096,W1
QSO_4.7336625-24.4670076,59015.97593439996,17.575,0.1,W1
QSO_4.7336625-24.4670076,59016.04137520003,17.662,0.105,W1
QSO_4.7336625-24.4670076,59016.106962399965,17.627000000000002,0.103,W1
QSO_4.7336625-24.4670076,59016.17240320004,17.567999999999998,0.095,W1
QSO_4.7336625-24.4670076,59016.43449579999,17.718,0.152,W1
QSO_4.7336625-24.4670076,59016.56556040001,17.433,0.1,W1
QSO_4.7336625-24.4670076,59175.36219999997,17.439,0.105,W1
QSO_4.7336625-24.4670076,59175.49322799996,17.395,0.084,W1
QSO_4.7336625-24.4670076,59175.6242926,17.497999999999998,0.098,W1
QSO_4.7336625-24.4670076,59175.68973339998,17.576999999999998,0.112,W1
QSO_4.7336625-24.4670076,59175.7553206,17.494,0.089,W1
QSO_4.7336625-24.4670076,59175.820798000015,17.289,0.115,W1
QSO_4.7336625-24.4670076,59178.50687200001,17.561999999999998,0.12,W1
QSO_4.7336625-24.4670076,59178.57234940003,17.476,0.114,W1
QSO_4.7336625-24.4670076,59178.57245920003,17.344,0.082,W1
QSO_4.7336625-24.4670076,59178.63793659996,17.618000000000002,0.108,W1
QSO_4.7336625-24.4670076,59178.70337740003,17.703,0.191,W1
QSO_4.7336625-24.4670076,59178.76896459996,17.448,0.098,W1
QSO_4.7336625-24.4670076,59380.05570099997,17.68,0.131,W1
QSO_4.7336625-24.4670076,59380.18626149996,17.615000000000002,0.143,W1
QSO_4.7336625-24.4670076,59380.31682199997,17.689,0.107,W1
QSO_4.7336625-24.4670076,59380.38222999998,17.659,0.096,W1
QSO_4.7336625-24.4670076,59381.035251499976,17.737000000000002,0.159,W1
QSO_4.7336625-24.4670076,59381.03539750001,17.442,0.11,W1
QSO_4.7336625-24.4670076,59381.16595800001,17.592,0.098,W1
QSO_4.7336625-24.4670076,59542.30378550002,17.515,0.082,W1
QSO_4.7336625-24.4670076,59542.43434600002,17.676000000000002,0.122,W1
QSO_4.7336625-24.4670076,59542.56490650002,17.544,0.096,W1
QSO_4.7336625-24.4670076,59542.69557650002,17.662,0.149,W1
QSO_4.7336625-24.4670076,59543.15266600003,17.701,0.096,W1
QSO_4.7336625-24.4670076,59543.283226500025,17.537,0.086,W1
QSO_4.7336625-24.4670076,59744.44585900003,17.717,0.119,W1
QSO_4.7336625-24.4670076,59744.6414625,17.243000000000002,0.135,W1
QSO_4.7336625-24.4670076,59744.77187699997,17.483,0.109,W1
QSO_4.7336625-24.4670076,59744.90232799996,17.615000000000002,0.097,W1
QSO_4.7336625-24.4670076,59906.337229000026,17.453,0.11,W1
QSO_4.7336625-24.4670076,59906.92283499999,17.392,0.113,W1
QSO_4.7336625-24.4670076,59907.05354150002,17.746000000000002,0.113,W1
QSO_4.7336625-24.4670076,59907.183700500034,17.542,0.092,W1
QSO_4.7336625-24.4670076,59907.3140055,17.711,0.107,W1
QSO_4.7336625-24.4670076,60110.77131999999,17.622,0.101,W1
QSO_4.7336625-24.4670076,60110.90100449996,17.586,0.097,W1
QSO_4.7336625-24.4670076,60111.16033700003,17.64,0.127,W1
QSO_4.7336625-24.4670076,60111.225233999976,17.547,0.113,W1
QSO_4.7336625-24.4670076,60111.28998499997,17.705,0.106,W1
QSO_4.7336625-24.4670076,60111.354882,17.592,0.094,W1
QSO_4.7336625-24.4670076,60111.41966950002,17.426000000000002,0.098,W1
QSO_4.7336625-24.4670076,60111.419779000025,17.869999999999997,0.128,W1
QSO_4.7336625-24.4670076,60111.48456649997,17.744999999999997,0.118,W1
QSO_4.7336625-24.4670076,60111.61425100001,17.613999999999997,0.169,W1
QSO_4.7336625-24.4670076,60111.74389900004,17.75,0.141,W1
QSO_4.7336625-24.4670076,60272.99319750001,17.676000000000002,0.108,W1
QSO_4.7336625-24.4670076,60273.12237099998,17.404,0.112,W1
QSO_4.7336625-24.4670076,60273.251508000016,17.55,0.12,W1
QSO_4.7336625-24.4670076,60273.70352399998,17.586,0.11,W1
QSO_4.7336625-24.4670076,60273.70363349999,17.433,0.094,W1
QSO_4.7336625-24.4670076,60273.83280699996,17.475,0.088,W1
QSO_4.7336625-24.4670076,60273.96183449999,17.637,0.099,W1
QSO_4.7336625-24.4670076,60475.44250420001,17.512,0.106,W1
QSO_4.7336625-24.4670076,60475.5065908,17.625,0.129,W1
QSO_4.7336625-24.4670076,60475.5067006,17.772,0.166,W1
QSO_4.7336625-24.4670076,60475.57075059997,17.646,0.111,W1
QSO_4.7336625-24.4670076,60475.63480060002,17.433999999999997,0.093,W1
QSO_4.7336625-24.4670076,60475.698850599976,17.735,0.143,W1
QSO_4.7336625-24.4670076,60475.89114699999,17.295,0.229,W1
QSO_4.7336625-24.4670076,55361.96094699999,18.103,0.235,W2
QSO_4.7336625-24.4670076,55362.35759250002,18.572,0.342,W2
QSO_4.7336625-24.4670076,55362.42362100003,18.229,,W2
QSO_4.7336625-24.4670076,55362.4897955,18.035,0.22,W2
QSO_4.7336625-24.4670076,55362.55586050003,18.367,0.327,W2
QSO_4.7336625-24.4670076,55362.621888999965,18.532,0.393,W2
QSO_4.7336625-24.4670076,55362.62203499999,18.276,0.308,W2
QSO_4.7336625-24.4670076,55362.688063500005,18.526,0.405,W2
QSO_4.7336625-24.4670076,55362.820266499984,18.596,0.397,W2
QSO_4.7336625-24.4670076,55362.95250599999,18.511,0.375,W2
QSO_4.7336625-24.4670076,55539.78004099999,17.498,,W2
QSO_4.7336625-24.4670076,55539.84621550003,18.127,0.257,W2
QSO_4.7336625-24.4670076,55539.91224399996,18.257,0.293,W2
QSO_4.7336625-24.4670076,55539.978309000006,18.133,0.27,W2
QSO_4.7336625-24.4670076,55539.97841850001,18.167,0.26,W2
QSO_4.7336625-24.4670076,55540.044483499965,18.409,0.357,W2
QSO_4.7336625-24.4670076,55540.11051199998,18.151,0.299,W2
QSO_4.7336625-24.4670076,55540.17654049999,18.258,,W2
QSO_4.7336625-24.4670076,55540.176686500025,18.16,0.26,W2
QSO_4.7336625-24.4670076,55540.24271500003,18.137,0.273,W2
QSO_4.7336625-24.4670076,55540.37495450003,18.285,0.299,W2
QSO_4.7336625-24.4670076,55543.94355950003,18.214,,W2
QSO_4.7336625-24.4670076,56824.379045,18.299,0.35,W2
QSO_4.7336625-24.4670076,56824.51062749997,18.296,0.335,W2
QSO_4.7336625-24.4670076,56827.73222699998,17.980999999999998,,W2
QSO_4.7336625-24.4670076,56827.86366350001,17.895,,W2
QSO_4.7336625-24.4670076,56827.86380950004,18.094,0.341,W2
QSO_4.7336625-24.4670076,56827.995245999984,18.642,0.506,W2
QSO_4.7336625-24.4670076,57004.08694100002,17.694,0.214,W2
QSO_4.7336625-24.4670076,57004.21826799997,18.25,0.324,W2
QSO_4.7336625-24.4670076,57004.80934900004,18.25,0.295,W2
QSO_4.7336625-24.4670076,57004.94078549999,18.502,,W2
QSO_4.7336625-24.4670076,57005.07211250001,17.974999999999998,,W2
QSO_4.7336625-24.4670076,57188.58864275076,18.303,0.337,W2
QSO_4.7336625-24.4670076,57188.71986025494,17.996,0.267,W2
QSO_4.7336625-24.4670076,57189.24436527154,18.06,,W2
QSO_4.7336625-24.4670076,57189.30991927366,18.414,0.538,W2
QSO_4.7336625-24.4670076,57189.44110027781,18.423,0.335,W2
QSO_4.7336625-24.4670076,57189.57217178196,17.645,0.238,W2
QSO_4.7336625-24.4670076,57362.97377420641,18.606,0.455,W2
QSO_4.7336625-24.4670076,57363.10484571056,18.348,0.401,W2
QSO_4.7336625-24.4670076,57363.563577725086,18.127,,W2
QSO_4.7336625-24.4670076,57363.62913172722,18.196,0.28,W2
QSO_4.7336625-24.4670076,57363.69453972931,18.412,0.43,W2
QSO_4.7336625-24.4670076,57363.694649229314,18.321,0.31,W2
QSO_4.7336625-24.4670076,57552.95100801626,18.619,0.487,W2
QSO_4.7336625-24.4670076,57553.08229222045,18.671,0.503,W2
QSO_4.7336625-24.4670076,57553.34489722869,18.27,0.361,W2
QSO_4.7336625-24.4670076,57553.41048443079,18.257,,W2
QSO_4.7336625-24.4670076,57553.541768634976,18.294,0.333,W2
QSO_4.7336625-24.4670076,57553.93569444744,18.385,0.418,W2
QSO_4.7336625-24.4670076,57722.86212138939,18.128,0.367,W2
QSO_4.7336625-24.4670076,57722.8622311894,18.412,0.499,W2
QSO_4.7336625-24.4670076,57723.25601060183,17.794999999999998,0.256,W2
QSO_4.7336625-24.4670076,57723.32159780392,17.936,0.299,W2
QSO_4.7336625-24.4670076,57723.38729480602,17.823,0.435,W2
QSO_4.7336625-24.4670076,57723.51846921012,18.625,0.4,W2
QSO_4.7336625-24.4670076,57723.58420281225,18.185,,W2
QSO_4.7336625-24.4670076,57723.84666142054,17.998,0.256,W2
QSO_4.7336625-24.4670076,57917.41374849998,18.787,0.491,W2
QSO_4.7336625-24.4670076,57917.80615999998,17.909,,W2
QSO_4.7336625-24.4670076,57917.806306000006,18.209,0.319,W2
QSO_4.7336625-24.4670076,57917.87171400002,17.877,0.29,W2
QSO_4.7336625-24.4670076,57917.93712199996,18.027,,W2
QSO_4.7336625-24.4670076,57918.002529999976,17.98,0.249,W2
QSO_4.7336625-24.4670076,57918.06793799999,18.03,0.383,W2
QSO_4.7336625-24.4670076,57918.13334600001,17.887,,W2
QSO_4.7336625-24.4670076,57918.26427149997,17.945999999999998,0.231,W2
QSO_4.7336625-24.4670076,57918.3950875,17.463,0.235,W2
QSO_4.7336625-24.4670076,58083.34895350002,18.265,0.37,W2
QSO_4.7336625-24.4670076,58083.47987899998,17.487,0.262,W2
QSO_4.7336625-24.4670076,58083.61069500001,18.128,0.444,W2
QSO_4.7336625-24.4670076,58083.74151099997,17.862,0.347,W2
QSO_4.7336625-24.4670076,58084.06855099997,18.464,0.502,W2
QSO_4.7336625-24.4670076,58084.199367,18.225,,W2
QSO_4.7336625-24.4670076,58084.33029250004,18.134,0.477,W2
QSO_4.7336625-24.4670076,58086.22734349997,17.897,,W2
QSO_4.7336625-24.4670076,58086.35815950001,18.14,,W2
QSO_4.7336625-24.4670076,58086.55438349998,18.23,0.495,W2
QSO_4.7336625-24.4670076,58086.6197915,17.833,0.406,W2
QSO_4.7336625-24.4670076,58086.68519950001,17.357,,W2
QSO_4.7336625-24.4670076,58086.75060750003,18.097,0.481,W2
QSO_4.7336625-24.4670076,58087.07775700004,18.046,,W2
QSO_4.7336625-24.4670076,58284.50757099999,17.605999999999998,0.227,W2
QSO_4.7336625-24.4670076,58284.83446500004,18.159,,W2
QSO_4.7336625-24.4670076,58284.89987299997,17.637999999999998,,W2
QSO_4.7336625-24.4670076,58285.09609700003,18.101,,W2
QSO_4.7336625-24.4670076,58446.83376550001,18.147,0.26,W2
QSO_4.7336625-24.4670076,58446.96458149996,17.993,,W2
QSO_4.7336625-24.4670076,58447.02998949998,18.005,0.242,W2
QSO_4.7336625-24.4670076,58447.16065949998,17.865,,W2
QSO_4.7336625-24.4670076,58447.16080550001,18.335,0.326,W2
QSO_4.7336625-24.4670076,58447.29147550002,18.286,0.315,W2
QSO_4.7336625-24.4670076,58447.42229149997,18.68,0.476,W2
QSO_4.7336625-24.4670076,58447.5531075,18.067,0.249,W2
QSO_4.7336625-24.4670076,58648.17824100002,18.697,0.493,W2
QSO_4.7336625-24.4670076,58648.439763500006,17.31,,W2
QSO_4.7336625-24.4670076,58648.50502549999,18.583,0.432,W2
QSO_4.7336625-24.4670076,58648.50513499999,18.658,0.509,W2
QSO_4.7336625-24.4670076,58648.57043350001,18.374,0.436,W2
QSO_4.7336625-24.4670076,58648.63584150003,18.322,0.384,W2
QSO_4.7336625-24.4670076,58648.70124949996,18.259,0.343,W2
QSO_4.7336625-24.4670076,58648.89732749998,18.191,0.433,W2
QSO_4.7336625-24.4670076,58649.158704000016,18.108,,W2
QSO_4.7336625-24.4670076,58649.15884999996,18.244,0.354,W2
QSO_4.7336625-24.4670076,58810.84311899999,17.766,,W2
QSO_4.7336625-24.4670076,58810.90852700001,18.108,,W2
QSO_4.7336625-24.4670076,58810.97382550003,18.084,0.274,W2
QSO_4.7336625-24.4670076,58811.03923350004,17.592,0.303,W2
QSO_4.7336625-24.4670076,58811.16990349996,17.813,0.253,W2
QSO_4.7336625-24.4670076,58811.3007195,18.431,0.387,W2
QSO_4.7336625-24.4670076,59015.71369539998,18.04,0.284,W2
QSO_4.7336625-24.4670076,59015.91034720003,18.54,0.465,W2
QSO_4.7336625-24.4670076,59015.97578800001,18.219,,W2
QSO_4.7336625-24.4670076,59015.97593439996,18.182,0.332,W2
QSO_4.7336625-24.4670076,59016.04137520003,18.0,0.318,W2
QSO_4.7336625-24.4670076,59016.106962399965,18.416,0.409,W2
QSO_4.7336625-24.4670076,59016.17240320004,17.698999999999998,,W2
QSO_4.7336625-24.4670076,59016.43449579999,18.139,0.331,W2
QSO_4.7336625-24.4670076,59016.56556040001,18.097,0.315,W2
QSO_4.7336625-24.4670076,59175.36219999997,18.156,0.312,W2
QSO_4.7336625-24.4670076,59175.49322799996,18.028,0.539,W2
QSO_4.7336625-24.4670076,59175.6242926,17.659,0.321,W2
QSO_4.7336625-24.4670076,59175.68973339998,18.432,0.446,W2
QSO_4.7336625-24.4670076,59175.7553206,17.922,0.293,W2
QSO_4.7336625-24.4670076,59175.820798000015,18.431,0.505,W2
QSO_4.7336625-24.4670076,59178.50687200001,18.009,0.478,W2
QSO_4.7336625-24.4670076,59178.57234940003,17.575,,W2
QSO_4.7336625-24.4670076,59178.57245920003,17.834,,W2
QSO_4.7336625-24.4670076,59178.63793659996,18.088,0.5,W2
QSO_4.7336625-24.4670076,59178.70337740003,17.641,,W2
QSO_4.7336625-24.4670076,59178.76896459996,18.131,0.524,W2
QSO_4.7336625-24.4670076,59380.05570099997,18.402,0.362,W2
QSO_4.7336625-24.4670076,59380.18626149996,17.881999999999998,,W2
QSO_4.7336625-24.4670076,59380.31682199997,17.758,0.307,W2
QSO_4.7336625-24.4670076,59380.38222999998,18.34,0.353,W2
QSO_4.7336625-24.4670076,59381.035251499976,18.559,0.493,W2
QSO_4.7336625-24.4670076,59381.03539750001,18.476,0.406,W2
QSO_4.7336625-24.4670076,59381.16595800001,18.056,,W2
QSO_4.7336625-24.4670076,59542.30378550002,18.377,0.335,W2
QSO_4.7336625-24.4670076,59542.43434600002,17.996,0.301,W2
QSO_4.7336625-24.4670076,59542.56490650002,17.878999999999998,,W2
QSO_4.7336625-24.4670076,59542.69557650002,18.136,0.283,W2
QSO_4.7336625-24.4670076,59543.15266600003,18.568,0.505,W2
QSO_4.7336625-24.4670076,59543.283226500025,18.113,0.353,W2
QSO_4.7336625-24.4670076,59744.44585900003,18.363,0.488,W2
QSO_4.7336625-24.4670076,59744.6414625,18.339,0.357,W2
QSO_4.7336625-24.4670076,59744.77187699997,18.152,,W2
QSO_4.7336625-24.4670076,59744.90232799996,18.424,0.522,W2
QSO_4.7336625-24.4670076,59906.337229000026,18.277,0.302,W2
QSO_4.7336625-24.4670076,59906.92283499999,18.448,0.501,W2
QSO_4.7336625-24.4670076,59907.05354150002,18.386,0.397,W2
QSO_4.7336625-24.4670076,59907.183700500034,17.935,0.242,W2
QSO_4.7336625-24.4670076,59907.3140055,18.47,0.355,W2
QSO_4.7336625-24.4670076,60110.77131999999,17.698,0.249,W2
QSO_4.7336625-24.4670076,60110.90100449996,17.77,,W2
QSO_4.7336625-24.4670076,60111.16033700003,18.02,,W2
QSO_4.7336625-24.4670076,60111.225233999976,18.304,0.482,W2
QSO_4.7336625-24.4670076,60111.28998499997,18.073,,W2
QSO_4.7336625-24.4670076,60111.354882,18.083,,W2
QSO_4.7336625-24.4670076,60111.41966950002,18.299,0.427,W2
QSO_4.7336625-24.4670076,60111.419779000025,17.862,0.245,W2
QSO_4.7336625-24.4670076,60111.48456649997,18.254,0.525,W2
QSO_4.7336625-24.4670076,60111.61425100001,18.17,0.323,W2
QSO_4.7336625-24.4670076,60111.74389900004,18.332,,W2
QSO_4.7336625-24.4670076,60272.99319750001,17.875,0.283,W2
QSO_4.7336625-24.4670076,60273.12237099998,18.475,0.425,W2
QSO_4.7336625-24.4670076,60273.251508000016,18.283,0.356,W2
QSO_4.7336625-24.4670076,60273.70352399998,17.878999999999998,,W2
QSO_4.7336625-24.4670076,60273.70363349999,18.577,0.415,W2
QSO_4.7336625-24.4670076,60273.83280699996,18.496,,W2
QSO_4.7336625-24.4670076,60273.96183449999,18.33,,W2
QSO_4.7336625-24.4670076,60475.44250420001,17.925,,W2
QSO_4.7336625-24.4670076,60475.5065908,18.068,,W2
QSO_4.7336625-24.4670076,60475.5067006,18.001,0.304,W2
QSO_4.7336625-24.4670076,60475.57075059997,18.032,0.369,W2
QSO_4.7336625-24.4670076,60475.63480060002,17.524,,W2
QSO_4.7336625-24.4670076,60475.698850599976,17.951999999999998,,W2
QSO_4.7336625-24.4670076,60475.89114699999,17.217,,W2
QSO_4.8168285-24.4868313,55362.35759250002,17.518,0.082,W1
QSO_4.8168285-24.4868313,55362.4897955,17.808,0.106,W1
QSO_4.8168285-24.4868313,55362.55586050003,17.894,0.114,W1
QSO_4.8168285-24.4868313,55362.62203499999,17.631999999999998,0.095,W1
QSO_4.8168285-24.4868313,55362.688063500005,17.793,0.1,W1
QSO_4.8168285-24.4868313,55362.75423799997,17.825,0.106,W1
QSO_4.8168285-24.4868313,55362.820266499984,17.594,0.085,W1
QSO_4.8168285-24.4868313,55362.95250599999,17.622999999999998,0.098,W1
QSO_4.8168285-24.4868313,55539.78004099999,17.536,0.095,W1
QSO_4.8168285-24.4868313,55539.91224399996,17.933999999999997,0.126,W1
QSO_4.8168285-24.4868313,55539.978309000006,17.808,0.143,W1
QSO_4.8168285-24.4868313,55540.044483499965,17.697,0.1,W1
QSO_4.8168285-24.4868313,55540.11051199998,17.783,0.111,W1
QSO_4.8168285-24.4868313,55540.17654049999,17.955,0.123,W1
QSO_4.8168285-24.4868313,55540.24271500003,18.034,0.188,W1
QSO_4.8168285-24.4868313,55540.3748085,18.048,0.146,W1
QSO_4.8168285-24.4868313,55540.37495450003,18.113,0.154,W1
QSO_4.8168285-24.4868313,55543.94355950003,18.273,0.171,W1
QSO_4.8168285-24.4868313,55544.00973399999,17.7,0.124,W1
QSO_4.8168285-24.4868313,56824.379045,17.64,0.094,W1
QSO_4.8168285-24.4868313,56824.51062749997,17.781,0.108,W1
QSO_4.8168285-24.4868313,56824.77353699998,17.973,0.133,W1
QSO_4.8168285-24.4868313,56824.970892500016,18.031,0.131,W1
QSO_4.8168285-24.4868313,56827.73222699998,17.875999999999998,0.114,W1
QSO_4.8168285-24.4868313,56827.86380950004,17.772,0.109,W1
QSO_4.8168285-24.4868313,56827.995245999984,17.811,0.111,W1
QSO_4.8168285-24.4868313,57004.21826799997,17.78,0.11,W1
QSO_4.8168285-24.4868313,57004.94078549999,17.646,0.096,W1
QSO_4.8168285-24.4868313,57005.07211250001,17.747999999999998,0.105,W1
QSO_4.8168285-24.4868313,57005.20343950004,17.816000000000003,0.106,W1
QSO_4.8168285-24.4868313,57188.58864275076,17.822,0.107,W1
QSO_4.8168285-24.4868313,57188.71986025494,17.851,0.113,W1
QSO_4.8168285-24.4868313,57189.17884776952,17.644,0.113,W1
QSO_4.8168285-24.4868313,57189.24436527154,17.832,0.116,W1
QSO_4.8168285-24.4868313,57189.30991927366,17.661,0.1,W1
QSO_4.8168285-24.4868313,57189.44110027781,17.724,0.105,W1
QSO_4.8168285-24.4868313,57189.57217178196,17.727,0.094,W1
QSO_4.8168285-24.4868313,57189.703389286144,18.099,0.14,W1
QSO_4.8168285-24.4868313,57363.10484571056,17.86,0.134,W1
QSO_4.8168285-24.4868313,57363.563577725086,18.141,0.138,W1
QSO_4.8168285-24.4868313,57363.62913172722,18.051,0.183,W1
QSO_4.8168285-24.4868313,57363.69453972931,17.674,0.147,W1
QSO_4.8168285-24.4868313,57552.95100801626,17.708,0.1,W1
QSO_4.8168285-24.4868313,57553.08229222045,17.469,0.089,W1
QSO_4.8168285-24.4868313,57553.34489722869,17.622,0.141,W1
QSO_4.8168285-24.4868313,57553.41048443079,17.661,0.106,W1
QSO_4.8168285-24.4868313,57553.541768634976,17.732,0.11,W1
QSO_4.8168285-24.4868313,57553.54191503493,17.82,0.126,W1
QSO_4.8168285-24.4868313,57553.67319923912,17.805999999999997,0.111,W1
QSO_4.8168285-24.4868313,57553.80452004326,17.631,0.094,W1
QSO_4.8168285-24.4868313,57553.93569444744,17.718,0.134,W1
QSO_4.8168285-24.4868313,57554.06697865155,17.725,0.104,W1
QSO_4.8168285-24.4868313,57554.06712505159,17.628999999999998,0.095,W1
QSO_4.8168285-24.4868313,57722.86212138939,17.847,0.122,W1
QSO_4.8168285-24.4868313,57723.25601060183,17.65,0.095,W1
QSO_4.8168285-24.4868313,57723.32159780392,17.603,0.091,W1
QSO_4.8168285-24.4868313,57723.38729480602,18.071,0.168,W1
QSO_4.8168285-24.4868313,57723.51846921012,17.692,0.115,W1
QSO_4.8168285-24.4868313,57723.58420281225,17.718,0.137,W1
QSO_4.8168285-24.4868313,57723.84666142054,17.744,0.1,W1
QSO_4.8168285-24.4868313,57917.806306000006,17.862000000000002,0.115,W1
QSO_4.8168285-24.4868313,57917.87171400002,17.814,0.107,W1
QSO_4.8168285-24.4868313,57917.93712199996,17.503,0.103,W1
QSO_4.8168285-24.4868313,57918.002529999976,17.707,0.098,W1
QSO_4.8168285-24.4868313,57918.06793799999,17.64,0.114,W1
QSO_4.8168285-24.4868313,57918.13334600001,17.774,0.103,W1
QSO_4.8168285-24.4868313,57918.19875400003,17.973,0.13,W1
QSO_4.8168285-24.4868313,57918.19886350003,17.621000000000002,0.09,W1
QSO_4.8168285-24.4868313,57918.26427149997,17.868000000000002,0.197,W1
QSO_4.8168285-24.4868313,57918.3950875,18.094,0.183,W1
QSO_4.8168285-24.4868313,58083.47976949997,17.766,0.106,W1
QSO_4.8168285-24.4868313,58083.47987899998,17.704,0.096,W1
QSO_4.8168285-24.4868313,58083.61069500001,17.892,0.126,W1
QSO_4.8168285-24.4868313,58083.74151099997,17.924,0.116,W1
QSO_4.8168285-24.4868313,58084.199367,17.938000000000002,0.124,W1
QSO_4.8168285-24.4868313,58084.33029250004,17.575,0.115,W1
QSO_4.8168285-24.4868313,58084.46110849999,17.997,0.141,W1
QSO_4.8168285-24.4868313,58086.22734349997,17.680999999999997,0.109,W1
QSO_4.8168285-24.4868313,58086.35815950001,17.779,0.17,W1
QSO_4.8168285-24.4868313,58086.6197915,17.983,0.16,W1
QSO_4.8168285-24.4868313,58086.68519950001,17.77,0.189,W1
QSO_4.8168285-24.4868313,58086.75060750003,18.147,0.174,W1
QSO_4.8168285-24.4868313,58087.07775700004,17.773,0.122,W1
QSO_4.8168285-24.4868313,58284.50757099999,17.487000000000002,0.094,W1
QSO_4.8168285-24.4868313,58284.83446500004,17.625,0.096,W1
QSO_4.8168285-24.4868313,58284.89987299997,18.072,0.202,W1
QSO_4.8168285-24.4868313,58285.09609700003,17.841,0.114,W1
QSO_4.8168285-24.4868313,58446.83376550001,17.817,0.101,W1
QSO_4.8168285-24.4868313,58446.96458149996,17.833,0.102,W1
QSO_4.8168285-24.4868313,58447.02998949998,17.811999999999998,0.101,W1
QSO_4.8168285-24.4868313,58447.095251499966,17.857,0.112,W1
QSO_4.8168285-24.4868313,58447.16065949998,17.878,0.183,W1
QSO_4.8168285-24.4868313,58447.29147550002,17.738999999999997,0.131,W1
QSO_4.8168285-24.4868313,58447.42229149997,17.589,0.091,W1
QSO_4.8168285-24.4868313,58447.5531075,17.65,0.096,W1
QSO_4.8168285-24.4868313,58648.17824100002,17.822,0.108,W1
QSO_4.8168285-24.4868313,58648.30905699998,18.314,0.315,W1
QSO_4.8168285-24.4868313,58648.439763500006,17.869,0.125,W1
QSO_4.8168285-24.4868313,58648.63584150003,17.637999999999998,0.092,W1
QSO_4.8168285-24.4868313,58648.70124949996,17.669,0.118,W1
QSO_4.8168285-24.4868313,58648.89732749998,17.932000000000002,0.158,W1
QSO_4.8168285-24.4868313,58649.28951999996,17.579,0.089,W1
QSO_4.8168285-24.4868313,58810.84311899999,17.819,0.105,W1
QSO_4.8168285-24.4868313,58810.97382550003,17.853,0.107,W1
QSO_4.8168285-24.4868313,58811.03923350004,17.677,0.093,W1
QSO_4.8168285-24.4868313,58811.16990349996,17.906,0.126,W1
QSO_4.8168285-24.4868313,58811.3007195,17.875,0.192,W1
QSO_4.8168285-24.4868313,59015.71369539998,17.813000000000002,0.115,W1
QSO_4.8168285-24.4868313,59015.844869800014,17.622,0.095,W1
QSO_4.8168285-24.4868313,59015.97593439996,17.801000000000002,0.103,W1
QSO_4.8168285-24.4868313,59016.04137520003,17.994,0.134,W1
QSO_4.8168285-24.4868313,59016.106962399965,17.534,0.136,W1
QSO_4.8168285-24.4868313,59016.17240320004,17.805,0.106,W1
QSO_4.8168285-24.4868313,59016.43449579999,17.524,0.123,W1
QSO_4.8168285-24.4868313,59016.56556040001,17.956,0.19,W1
QSO_4.8168285-24.4868313,59016.69658840002,17.993000000000002,0.145,W1
QSO_4.8168285-24.4868313,59016.69673479997,17.591,0.101,W1
QSO_4.8168285-24.4868313,59175.36219999997,17.805999999999997,0.1,W1
QSO_4.8168285-24.4868313,59175.49322799996,17.52,0.083,W1
QSO_4.8168285-24.4868313,59175.6242926,17.926000000000002,0.176,W1
QSO_4.8168285-24.4868313,59175.7553206,17.695,0.11,W1
QSO_4.8168285-24.4868313,59175.820798000015,17.766,0.136,W1
QSO_4.8168285-24.4868313,59175.95182600001,17.722,0.133,W1
QSO_4.8168285-24.4868313,59178.50687200001,17.808,0.114,W1
QSO_4.8168285-24.4868313,59178.70337740003,17.741999999999997,0.135,W1
QSO_4.8168285-24.4868313,59178.76896459996,17.857,0.164,W1
QSO_4.8168285-24.4868313,59178.90002919999,17.628999999999998,0.127,W1
QSO_4.8168285-24.4868313,59178.96546999998,17.887999999999998,0.161,W1
QSO_4.8168285-24.4868313,59380.18626149996,17.903,0.118,W1
QSO_4.8168285-24.4868313,59381.03539750001,17.647,0.097,W1
QSO_4.8168285-24.4868313,59381.16595800001,17.801000000000002,0.134,W1
QSO_4.8168285-24.4868313,59542.43434600002,17.683,0.093,W1
QSO_4.8168285-24.4868313,59542.56490650002,18.04,0.149,W1
QSO_4.8168285-24.4868313,59542.69557650002,17.643,0.1,W1
QSO_4.8168285-24.4868313,59543.15266600003,17.925,0.112,W1
QSO_4.8168285-24.4868313,59543.283226500025,17.82,0.116,W1
QSO_4.8168285-24.4868313,59543.41378700003,17.688000000000002,0.096,W1
QSO_4.8168285-24.4868313,59743.92438349998,17.759,0.165,W1
QSO_4.8168285-24.4868313,59744.44585900003,17.962,0.136,W1
QSO_4.8168285-24.4868313,59744.446004999976,17.886,0.115,W1
QSO_4.8168285-24.4868313,59744.77187699997,17.781,0.122,W1
QSO_4.8168285-24.4868313,59744.90232799996,17.543,0.118,W1
QSO_4.8168285-24.4868313,59745.032742500014,17.731,0.205,W1
QSO_4.8168285-24.4868313,59906.337229000026,17.933999999999997,0.118,W1
QSO_4.8168285-24.4868313,59906.467424499984,17.898,0.122,W1
QSO_4.8168285-24.4868313,59906.92283499999,18.228,0.145,W1
QSO_4.8168285-24.4868313,59906.98838900004,17.668,0.094,W1
QSO_4.8168285-24.4868313,59907.05354150002,17.616999999999997,0.123,W1
QSO_4.8168285-24.4868313,59907.183700500034,17.902,0.114,W1
QSO_4.8168285-24.4868313,59907.3140055,17.64,0.092,W1
QSO_4.8168285-24.4868313,60110.77131999999,17.866,0.127,W1
QSO_4.8168285-24.4868313,60110.90100449996,17.719,0.111,W1
QSO_4.8168285-24.4868313,60111.16033700003,17.759999999999998,0.19,W1
QSO_4.8168285-24.4868313,60111.225233999976,17.654,0.098,W1
QSO_4.8168285-24.4868313,60111.28998499997,17.88,0.132,W1
QSO_4.8168285-24.4868313,60111.354882,17.767,0.108,W1
QSO_4.8168285-24.4868313,60111.419779000025,17.601,0.101,W1
QSO_4.8168285-24.4868313,60111.48456649997,17.634,0.097,W1
QSO_4.8168285-24.4868313,60111.61425100001,17.897,0.123,W1
QSO_4.8168285-24.4868313,60111.74389900004,18.072,0.156,W1
QSO_4.8168285-24.4868313,60111.74404499999,17.759999999999998,0.114,W1
QSO_4.8168285-24.4868313,60111.87369300001,17.712,0.101,W1
QSO_4.8168285-24.4868313,60273.12237099998,18.24,0.189,W1
QSO_4.8168285-24.4868313,60273.251508000016,17.831,0.122,W1
QSO_4.8168285-24.4868313,60273.70352399998,17.987000000000002,0.136,W1
QSO_4.8168285-24.4868313,60273.96183449999,17.628,0.097,W1
QSO_4.8168285-24.4868313,60274.09100799997,17.704,0.12,W1
QSO_4.8168285-24.4868313,60475.44250420001,17.843,0.134,W1
QSO_4.8168285-24.4868313,60475.57075059997,17.994,0.145,W1
QSO_4.8168285-24.4868313,60475.63480060002,17.747,0.121,W1
QSO_4.8168285-24.4868313,60475.82709700002,17.701999999999998,0.125,W1
QSO_4.8168285-24.4868313,60475.89114699999,17.767,0.122,W1
QSO_4.8168285-24.4868313,60476.14749340004,17.744,0.124,W1
QSO_4.8168285-24.4868313,55362.35759250002,18.731,0.495,W2
QSO_4.8168285-24.4868313,55362.4897955,18.911,0.496,W2
QSO_4.8168285-24.4868313,55362.55586050003,18.757,0.509,W2
QSO_4.8168285-24.4868313,55362.62203499999,18.171,0.278,W2
QSO_4.8168285-24.4868313,55362.688063500005,18.109,0.269,W2
QSO_4.8168285-24.4868313,55362.75423799997,17.927,0.223,W2
QSO_4.8168285-24.4868313,55362.820266499984,18.477,0.363,W2
QSO_4.8168285-24.4868313,55362.95250599999,18.666,0.434,W2
QSO_4.8168285-24.4868313,55539.78004099999,18.374,,W2
QSO_4.8168285-24.4868313,55539.91224399996,18.589,0.391,W2
QSO_4.8168285-24.4868313,55539.978309000006,17.997,0.231,W2
QSO_4.8168285-24.4868313,55540.044483499965,18.554,,W2
QSO_4.8168285-24.4868313,55540.11051199998,18.405,0.368,W2
QSO_4.8168285-24.4868313,55540.17654049999,17.675,0.178,W2
QSO_4.8168285-24.4868313,55540.24271500003,18.289,0.297,W2
QSO_4.8168285-24.4868313,55540.3748085,17.873,0.224,W2
QSO_4.8168285-24.4868313,55540.37495450003,18.099,0.257,W2
QSO_4.8168285-24.4868313,55543.94355950003,18.108,0.286,W2
QSO_4.8168285-24.4868313,55544.00973399999,18.258,,W2
QSO_4.8168285-24.4868313,56824.379045,18.536,0.427,W2
QSO_4.8168285-24.4868313,56824.51062749997,18.085,,W2
QSO_4.8168285-24.4868313,56824.77353699998,18.154,0.293,W2
QSO_4.8168285-24.4868313,56824.970892500016,18.699,0.451,W2
QSO_4.8168285-24.4868313,56827.73222699998,18.195,,W2
QSO_4.8168285-24.4868313,56827.86380950004,18.116,0.296,W2
QSO_4.8168285-24.4868313,56827.995245999984,18.235,0.364,W2
QSO_4.8168285-24.4868313,57004.21826799997,17.923,,W2
QSO_4.8168285-24.4868313,57004.94078549999,18.378,0.478,W2
QSO_4.8168285-24.4868313,57005.07211250001,18.162,0.29,W2
QSO_4.8168285-24.4868313,57005.20343950004,18.551,0.511,W2
QSO_4.8168285-24.4868313,57188.58864275076,18.429,0.5,W2
QSO_4.8168285-24.4868313,57188.71986025494,18.137,,W2
QSO_4.8168285-24.4868313,57189.17884776952,18.335,0.311,W2
QSO_4.8168285-24.4868313,57189.24436527154,18.182,0.338,W2
QSO_4.8168285-24.4868313,57189.30991927366,18.169,0.342,W2
QSO_4.8168285-24.4868313,57189.44110027781,18.274,0.286,W2
QSO_4.8168285-24.4868313,57189.57217178196,18.207,0.337,W2
QSO_4.8168285-24.4868313,57189.703389286144,18.379,0.325,W2
QSO_4.8168285-24.4868313,57363.10484571056,17.832,,W2
QSO_4.8168285-24.4868313,57363.563577725086,18.015,0.359,W2
QSO_4.8168285-24.4868313,57363.62913172722,18.597,0.432,W2
QSO_4.8168285-24.4868313,57363.69453972931,18.868,0.491,W2
QSO_4.8168285-24.4868313,57552.95100801626,17.791,0.238,W2
QSO_4.8168285-24.4868313,57553.08229222045,17.944,0.239,W2
QSO_4.8168285-24.4868313,57553.34489722869,17.541999999999998,,W2
QSO_4.8168285-24.4868313,57553.41048443079,18.084,,W2
QSO_4.8168285-24.4868313,57553.541768634976,18.519,0.499,W2
QSO_4.8168285-24.4868313,57553.54191503493,18.464,0.38,W2
QSO_4.8168285-24.4868313,57553.67319923912,18.045,,W2
QSO_4.8168285-24.4868313,57553.80452004326,18.271,0.397,W2
QSO_4.8168285-24.4868313,57553.93569444744,18.019,,W2
QSO_4.8168285-24.4868313,57554.06697865155,18.322,0.342,W2
QSO_4.8168285-24.4868313,57554.06712505159,18.369,0.341,W2
QSO_4.8168285-24.4868313,57722.86212138939,17.705,0.359,W2
QSO_4.8168285-24.4868313,57723.25601060183,18.516,0.412,W2
QSO_4.8168285-24.4868313,57723.32159780392,17.964,0.245,W2
QSO_4.8168285-24.4868313,57723.38729480602,18.708,0.43,W2
QSO_4.8168285-24.4868313,57723.51846921012,18.008,0.259,W2
QSO_4.8168285-24.4868313,57723.58420281225,18.192,0.303,W2
QSO_4.8168285-24.4868313,57723.84666142054,18.635,0.445,W2
QSO_4.8168285-24.4868313,57917.806306000006,18.482,0.415,W2
QSO_4.8168285-24.4868313,57917.87171400002,18.523,0.444,W2
QSO_4.8168285-24.4868313,57917.93712199996,18.208,0.363,W2
QSO_4.8168285-24.4868313,57918.002529999976,18.648,0.452,W2
QSO_4.8168285-24.4868313,57918.06793799999,18.2,0.304,W2
QSO_4.8168285-24.4868313,57918.13334600001,18.042,0.37,W2
QSO_4.8168285-24.4868313,57918.19875400003,17.963,0.3,W2
QSO_4.8168285-24.4868313,57918.19886350003,18.511,0.402,W2
QSO_4.8168285-24.4868313,57918.26427149997,17.908,0.284,W2
QSO_4.8168285-24.4868313,57918.3950875,18.08,0.403,W2
QSO_4.8168285-24.4868313,58083.47976949997,18.106,,W2
QSO_4.8168285-24.4868313,58083.47987899998,18.452,0.426,W2
QSO_4.8168285-24.4868313,58083.61069500001,17.126,,W2
QSO_4.8168285-24.4868313,58083.74151099997,17.651,,W2
QSO_4.8168285-24.4868313,58084.199367,18.197,0.337,W2
QSO_4.8168285-24.4868313,58084.33029250004,18.541,0.525,W2
QSO_4.8168285-24.4868313,58084.46110849999,18.491,0.535,W2
QSO_4.8168285-24.4868313,58086.22734349997,17.480999999999998,,W2
QSO_4.8168285-24.4868313,58086.35815950001,18.088,,W2
QSO_4.8168285-24.4868313,58086.6197915,17.644,0.403,W2
QSO_4.8168285-24.4868313,58086.68519950001,17.272,,W2
QSO_4.8168285-24.4868313,58086.75060750003,17.829,,W2
QSO_4.8168285-24.4868313,58087.07775700004,17.788999999999998,0.35,W2
QSO_4.8168285-24.4868313,58284.50757099999,18.244,0.364,W2
QSO_4.8168285-24.4868313,58284.83446500004,18.155,0.273,W2
QSO_4.8168285-24.4868313,58284.89987299997,18.335,0.35,W2
QSO_4.8168285-24.4868313,58285.09609700003,18.091,0.402,W2
QSO_4.8168285-24.4868313,58446.83376550001,18.322,0.335,W2
QSO_4.8168285-24.4868313,58446.96458149996,18.658,,W2
QSO_4.8168285-24.4868313,58447.02998949998,18.318,0.339,W2
QSO_4.8168285-24.4868313,58447.095251499966,18.659,0.455,W2
QSO_4.8168285-24.4868313,58447.16065949998,18.021,0.352,W2
QSO_4.8168285-24.4868313,58447.29147550002,18.306,,W2
QSO_4.8168285-24.4868313,58447.42229149997,17.852999999999998,0.297,W2
QSO_4.8168285-24.4868313,58447.5531075,17.89,,W2
QSO_4.8168285-24.4868313,58648.17824100002,18.688,0.476,W2
QSO_4.8168285-24.4868313,58648.30905699998,18.581,0.42,W2
QSO_4.8168285-24.4868313,58648.439763500006,18.287,,W2
QSO_4.8168285-24.4868313,58648.63584150003,18.366,0.482,W2
QSO_4.8168285-24.4868313,58648.70124949996,17.721,,W2
QSO_4.8168285-24.4868313,58648.89732749998,18.655,0.513,W2
QSO_4.8168285-24.4868313,58649.28951999996,18.34,0.473,W2
QSO_4.8168285-24.4868313,58810.84311899999,17.663,0.234,W2
QSO_4.8168285-24.4868313,58810.97382550003,18.445,0.455,W2
QSO_4.8168285-24.4868313,58811.03923350004,17.749,,W2
QSO_4.8168285-24.4868313,58811.16990349996,17.948999999999998,,W2
QSO_4.8168285-24.4868313,58811.3007195,18.574,0.435,W2
QSO_4.8168285-24.4868313,59015.71369539998,17.654,,W2
QSO_4.8168285-24.4868313,59015.844869800014,18.052,0.321,W2
QSO_4.8168285-24.4868313,59015.97593439996,17.918,,W2
QSO_4.8168285-24.4868313,59016.04137520003,17.626,,W2
QSO_4.8168285-24.4868313,59016.106962399965,17.945999999999998,0.324,W2
QSO_4.8168285-24.4868313,59016.17240320004,17.955,,W2
QSO_4.8168285-24.4868313,59016.43449579999,18.048,,W2
QSO_4.8168285-24.4868313,59016.56556040001,18.061,,W2
QSO_4.8168285-24.4868313,59016.69658840002,18.565,,W2
QSO_4.8168285-24.4868313,59016.69673479997,18.222,,W2
QSO_4.8168285-24.4868313,59175.36219999997,18.758,,W2
QSO_4.8168285-24.4868313,59175.49322799996,18.184,0.356,W2
QSO_4.8168285-24.4868313,59175.6242926,17.527,,W2
QSO_4.8168285-24.4868313,59175.7553206,17.655,,W2
QSO_4.8168285-24.4868313,59175.820798000015,17.78,,W2
QSO_4.8168285-24.4868313,59175.95182600001,17.652,0.254,W2
QSO_4.8168285-24.4868313,59178.50687200001,17.654,,W2
QSO_4.8168285-24.4868313,59178.70337740003,17.921,,W2
QSO_4.8168285-24.4868313,59178.76896459996,17.689,,W2
QSO_4.8168285-24.4868313,59178.90002919999,17.477999999999998,,W2
QSO_4.8168285-24.4868313,59178.96546999998,18.044,,W2
QSO_4.8168285-24.4868313,59380.18626149996,18.1,,W2
QSO_4.8168285-24.4868313,59381.03539750001,18.588,0.44,W2
QSO_4.8168285-24.4868313,59381.16595800001,17.834,,W2
QSO_4.8168285-24.4868313,59542.43434600002,18.411,0.487,W2
QSO_4.8168285-24.4868313,59542.56490650002,17.698,0.249,W2
QSO_4.8168285-24.4868313,59542.69557650002,18.278,0.324,W2
QSO_4.8168285-24.4868313,59543.15266600003,18.223,0.387,W2
QSO_4.8168285-24.4868313,59543.283226500025,17.785,0.275,W2
QSO_4.8168285-24.4868313,59543.41378700003,18.065,0.258,W2
QSO_4.8168285-24.4868313,59743.92438349998,18.258,0.324,W2
QSO_4.8168285-24.4868313,59744.44585900003,18.092,0.516,W2
QSO_4.8168285-24.4868313,59744.446004999976,17.937,0.238,W2
QSO_4.8168285-24.4868313,59744.77187699997,18.177,0.335,W2
QSO_4.8168285-24.4868313,59744.90232799996,18.048,0.327,W2
QSO_4.8168285-24.4868313,59745.032742500014,17.697,,W2
QSO_4.8168285-24.4868313,59906.337229000026,18.228,0.308,W2
QSO_4.8168285-24.4868313,59906.467424499984,,,W2
QSO_4.8168285-24.4868313,59906.92283499999,18.056,0.343,W2
QSO_4.8168285-24.4868313,59906.98838900004,18.717,0.497,W2
QSO_4.8168285-24.4868313,59907.05354150002,18.258,0.345,W2
QSO_4.8168285-24.4868313,59907.183700500034,18.113,,W2
QSO_4.8168285-24.4868313,59907.3140055,17.995,,W2
QSO_4.8168285-24.4868313,60110.77131999999,18.125,,W2
QSO_4.8168285-24.4868313,60110.90100449996,18.025,0.349,W2
QSO_4.8168285-24.4868313,60111.16033700003,18.012999999999998,0.291,W2
QSO_4.8168285-24.4868313,60111.225233999976,17.987,,W2
QSO_4.8168285-24.4868313,60111.28998499997,17.793,,W2
QSO_4.8168285-24.4868313,60111.354882,17.87,,W2
QSO_4.8168285-24.4868313,60111.419779000025,18.049,,W2
QSO_4.8168285-24.4868313,60111.48456649997,17.971,,W2
QSO_4.8168285-24.4868313,60111.61425100001,17.923,0.283,W2
QSO_4.8168285-24.4868313,60111.74389900004,18.589,0.488,W2
QSO_4.8168285-24.4868313,60111.74404499999,18.259,0.37,W2
QSO_4.8168285-24.4868313,60111.87369300001,18.459,0.412,W2
QSO_4.8168285-24.4868313,60273.12237099998,18.052,,W2
QSO_4.8168285-24.4868313,60273.251508000016,18.415,0.453,W2
QSO_4.8168285-24.4868313,60273.70352399998,18.321,0.352,W2
QSO_4.8168285-24.4868313,60273.96183449999,18.121,,W2
QSO_4.8168285-24.4868313,60274.09100799997,18.135,0.324,W2
QSO_4.8168285-24.4868313,60475.44250420001,18.569,0.53,W2
QSO_4.8168285-24.4868313,60475.57075059997,17.616,,W2
QSO_4.8168285-24.4868313,60475.63480060002,17.891,,W2
QSO_4.8168285-24.4868313,60475.82709700002,17.768,,W2
QSO_4.8168285-24.4868313,60475.89114699999,17.772,0.384,W2
QSO_4.8168285-24.4868313,60476.14749340004,17.897,0.367,W2
QSO_4.9562288-24.3914327,55362.35759250002,17.747,0.138,W1
QSO_4.9562288-24.3914327,55362.4897955,17.308,0.07,W1
QSO_4.9562288-24.3914327,55362.62203499999,17.603,0.121,W1
QSO_4.9562288-24.3914327,55362.688063500005,17.532,0.091,W1
QSO_4.9562288-24.3914327,55362.75409200002,17.531,0.086,W1
QSO_4.9562288-24.3914327,55362.75423799997,17.494999999999997,0.083,W1
QSO_4.9562288-24.3914327,55362.820266499984,17.643,0.101,W1
QSO_4.9562288-24.3914327,55362.88633150002,17.398,0.085,W1
QSO_4.9562288-24.3914327,55362.95250599999,17.503,0.086,W1
QSO_4.9562288-24.3914327,55363.34911499999,17.442999999999998,0.081,W1
QSO_4.9562288-24.3914327,55539.78004099999,17.611,0.1,W1
QSO_4.9562288-24.3914327,55539.91224399996,17.679000000000002,0.105,W1
QSO_4.9562288-24.3914327,55540.044483499965,17.54,0.092,W1
QSO_4.9562288-24.3914327,55540.11051199998,17.405,0.079,W1
QSO_4.9562288-24.3914327,55540.17654049999,17.61,0.099,W1
QSO_4.9562288-24.3914327,55540.176686500025,17.881,0.176,W1
QSO_4.9562288-24.3914327,55540.24271500003,17.464,0.082,W1
QSO_4.9562288-24.3914327,55540.30877999999,17.735,0.106,W1
QSO_4.9562288-24.3914327,55540.3748085,17.493000000000002,0.103,W1
QSO_4.9562288-24.3914327,55540.37495450003,17.775,0.115,W1
QSO_4.9562288-24.3914327,55540.77145400003,17.647,0.137,W1
QSO_4.9562288-24.3914327,55544.00973399999,17.686999999999998,0.107,W1
QSO_4.9562288-24.3914327,56640.030319999976,17.484,0.105,W1
QSO_4.9562288-24.3914327,56640.096238999984,17.518,0.128,W1
QSO_4.9562288-24.3914327,56824.379045,17.329,0.076,W1
QSO_4.9562288-24.3914327,56824.51062749997,17.588,0.098,W1
QSO_4.9562288-24.3914327,56824.77353699998,17.698999999999998,0.116,W1
QSO_4.9562288-24.3914327,56824.970892500016,17.637999999999998,0.112,W1
QSO_4.9562288-24.3914327,56825.3653845,17.358,0.082,W1
QSO_4.9562288-24.3914327,56827.73222699998,17.488,0.085,W1
QSO_4.9562288-24.3914327,56827.86380950004,17.570999999999998,0.145,W1
QSO_4.9562288-24.3914327,56827.995245999984,17.516,0.107,W1
QSO_4.9562288-24.3914327,57004.80934900004,17.425,0.124,W1
QSO_4.9562288-24.3914327,57004.87512200002,17.518,0.086,W1
QSO_4.9562288-24.3914327,57004.94078549999,17.320999999999998,0.087,W1
QSO_4.9562288-24.3914327,57005.07211250001,17.481,0.091,W1
QSO_4.9562288-24.3914327,57005.20343950004,17.552999999999997,0.092,W1
QSO_4.9562288-24.3914327,57005.33476649998,17.383,0.081,W1
QSO_4.9562288-24.3914327,57188.71986025494,17.427,0.12,W1
QSO_4.9562288-24.3914327,57189.24436527154,17.519,0.108,W1
QSO_4.9562288-24.3914327,57189.30991927366,17.441000000000003,0.079,W1
QSO_4.9562288-24.3914327,57189.375436775765,17.543,0.088,W1
QSO_4.9562288-24.3914327,57189.44110027781,17.448999999999998,0.078,W1
QSO_4.9562288-24.3914327,57189.57217178196,17.528,0.117,W1
QSO_4.9562288-24.3914327,57189.70324328611,17.52,0.094,W1
QSO_4.9562288-24.3914327,57189.703389286144,17.558999999999997,0.084,W1
QSO_4.9562288-24.3914327,57189.83446079029,17.512999999999998,0.086,W1
QSO_4.9562288-24.3914327,57363.563577725086,17.744,0.116,W1
QSO_4.9562288-24.3914327,57363.62913172722,17.658,0.1,W1
QSO_4.9562288-24.3914327,57363.69453972931,17.337,0.087,W1
QSO_4.9562288-24.3914327,57363.694649229314,17.731,0.1,W1
QSO_4.9562288-24.3914327,57363.76005723133,17.357,0.087,W1
QSO_4.9562288-24.3914327,57364.21878924594,17.371000000000002,0.077,W1
QSO_4.9562288-24.3914327,57553.08229222045,17.362000000000002,0.079,W1
QSO_4.9562288-24.3914327,57553.34489722869,17.68,0.152,W1
QSO_4.9562288-24.3914327,57553.541768634976,17.496000000000002,0.084,W1
QSO_4.9562288-24.3914327,57553.738786441216,17.529,0.104,W1
QSO_4.9562288-24.3914327,57553.93569444744,17.473,0.113,W1
QSO_4.9562288-24.3914327,57554.06697865155,17.266,0.129,W1
QSO_4.9562288-24.3914327,57554.06712505159,17.627000000000002,0.094,W1
QSO_4.9562288-24.3914327,57723.25601060183,17.872999999999998,0.144,W1
QSO_4.9562288-24.3914327,57723.38729480602,17.661,0.101,W1
QSO_4.9562288-24.3914327,57723.51846921012,17.618000000000002,0.1,W1
QSO_4.9562288-24.3914327,57723.58420281225,17.494,0.083,W1
QSO_4.9562288-24.3914327,57723.64979001434,17.537,0.104,W1
QSO_4.9562288-24.3914327,57723.84666142054,17.551000000000002,0.093,W1
QSO_4.9562288-24.3914327,57917.806306000006,17.615000000000002,0.093,W1
QSO_4.9562288-24.3914327,57917.93712199996,17.447,0.084,W1
QSO_4.9562288-24.3914327,57918.002529999976,17.828,0.123,W1
QSO_4.9562288-24.3914327,57918.06793799999,17.439,0.105,W1
QSO_4.9562288-24.3914327,57918.13334600001,17.591,0.109,W1
QSO_4.9562288-24.3914327,57918.19875400003,17.781,0.224,W1
QSO_4.9562288-24.3914327,57918.26427149997,17.779,0.104,W1
QSO_4.9562288-24.3914327,57918.329679499984,17.408,0.077,W1
QSO_4.9562288-24.3914327,57918.3950875,17.494999999999997,0.083,W1
QSO_4.9562288-24.3914327,57918.65671949999,17.7,0.112,W1
QSO_4.9562288-24.3914327,58083.61069500001,17.588,0.121,W1
QSO_4.9562288-24.3914327,58083.74151099997,17.491999999999997,0.114,W1
QSO_4.9562288-24.3914327,58084.06855099997,17.631,0.131,W1
QSO_4.9562288-24.3914327,58084.133958999984,17.561,0.096,W1
QSO_4.9562288-24.3914327,58084.199367,17.645,0.153,W1
QSO_4.9562288-24.3914327,58084.26477500002,17.624000000000002,0.098,W1
QSO_4.9562288-24.3914327,58084.26488450002,17.573,0.137,W1
QSO_4.9562288-24.3914327,58084.33029250004,17.547,0.094,W1
QSO_4.9562288-24.3914327,58084.46110849999,17.869999999999997,0.117,W1
QSO_4.9562288-24.3914327,58084.591924500026,17.641,0.101,W1
QSO_4.9562288-24.3914327,58086.6197915,17.548000000000002,0.104,W1
QSO_4.9562288-24.3914327,58086.75060750003,17.538,0.128,W1
QSO_4.9562288-24.3914327,58087.07775700004,17.548000000000002,0.087,W1
QSO_4.9562288-24.3914327,58087.470204999976,17.518,0.099,W1
QSO_4.9562288-24.3914327,58284.50757099999,17.717,0.106,W1
QSO_4.9562288-24.3914327,58284.83446500004,17.664,0.111,W1
QSO_4.9562288-24.3914327,58284.89987299997,17.490000000000002,0.098,W1
QSO_4.9562288-24.3914327,58285.09609700003,17.399,0.079,W1
QSO_4.9562288-24.3914327,58285.16150499996,17.427,0.081,W1
QSO_4.9562288-24.3914327,58285.488399000016,17.554000000000002,0.123,W1
QSO_4.9562288-24.3914327,58446.83376550001,17.490000000000002,0.086,W1
QSO_4.9562288-24.3914327,58446.96458149996,17.552,0.117,W1
QSO_4.9562288-24.3914327,58447.16065949998,17.653,0.11,W1
QSO_4.9562288-24.3914327,58447.29147550002,17.651,0.096,W1
QSO_4.9562288-24.3914327,58447.35688350003,17.63,0.09,W1
QSO_4.9562288-24.3914327,58447.42229149997,17.683999999999997,0.101,W1
QSO_4.9562288-24.3914327,58447.5531075,17.528,0.092,W1
QSO_4.9562288-24.3914327,58648.439763500006,17.733,0.107,W1
QSO_4.9562288-24.3914327,58648.57043350001,17.484,0.085,W1
QSO_4.9562288-24.3914327,58648.70124949996,17.301000000000002,0.071,W1
QSO_4.9562288-24.3914327,58648.89732749998,17.52,0.086,W1
QSO_4.9562288-24.3914327,58649.158704000016,17.534,0.129,W1
QSO_4.9562288-24.3914327,58649.28951999996,17.927999999999997,0.182,W1
QSO_4.9562288-24.3914327,58649.4202265,17.572,0.094,W1
QSO_4.9562288-24.3914327,58810.84311899999,17.587,0.084,W1
QSO_4.9562288-24.3914327,58810.97382550003,17.643,0.102,W1
QSO_4.9562288-24.3914327,58811.16990349996,17.581,0.094,W1
QSO_4.9562288-24.3914327,58811.3007195,17.706,0.119,W1
QSO_4.9562288-24.3914327,58811.69240099999,17.456,0.086,W1
QSO_4.9562288-24.3914327,59015.97578800001,17.576,0.094,W1
QSO_4.9562288-24.3914327,59015.97593439996,17.688000000000002,0.101,W1
QSO_4.9562288-24.3914327,59016.106962399965,17.672,0.094,W1
QSO_4.9562288-24.3914327,59016.17240320004,17.542,0.106,W1
QSO_4.9562288-24.3914327,59016.43449579999,17.618000000000002,0.105,W1
QSO_4.9562288-24.3914327,59016.69658840002,17.773,0.165,W1
QSO_4.9562288-24.3914327,59016.69673479997,17.448999999999998,0.091,W1
QSO_4.9562288-24.3914327,59016.82776279997,17.42,0.08,W1
QSO_4.9562288-24.3914327,59175.49322799996,17.564,0.087,W1
QSO_4.9562288-24.3914327,59175.6242926,17.744,0.101,W1
QSO_4.9562288-24.3914327,59175.7553206,17.355,0.1,W1
QSO_4.9562288-24.3914327,59175.88638520003,17.487000000000002,0.107,W1
QSO_4.9562288-24.3914327,59175.95182600001,17.741999999999997,0.14,W1
QSO_4.9562288-24.3914327,59178.50687200001,17.599,0.173,W1
QSO_4.9562288-24.3914327,59178.63793659996,17.807000000000002,0.207,W1
QSO_4.9562288-24.3914327,59178.76896459996,17.448,0.1,W1
QSO_4.9562288-24.3914327,59178.90002919999,17.569,0.128,W1
QSO_4.9562288-24.3914327,59380.18626149996,17.366999999999997,0.077,W1
QSO_4.9562288-24.3914327,59380.83942899999,17.403,0.093,W1
QSO_4.9562288-24.3914327,59380.9699895,17.692999999999998,0.115,W1
QSO_4.9562288-24.3914327,59381.03539750001,17.523,0.104,W1
QSO_4.9562288-24.3914327,59381.16595800001,17.397,0.087,W1
QSO_4.9562288-24.3914327,59381.29662800001,17.448999999999998,0.09,W1
QSO_4.9562288-24.3914327,59542.56490650002,17.432000000000002,0.093,W1
QSO_4.9562288-24.3914327,59542.69557650002,17.506,0.083,W1
QSO_4.9562288-24.3914327,59543.08740399996,17.625,0.164,W1
QSO_4.9562288-24.3914327,59543.15266600003,17.348,0.074,W1
QSO_4.9562288-24.3914327,59543.21796449996,17.402,0.08,W1
QSO_4.9562288-24.3914327,59543.283226500025,17.637,0.091,W1
QSO_4.9562288-24.3914327,59543.41378700003,17.52,0.084,W1
QSO_4.9562288-24.3914327,59543.54434750003,17.506999999999998,0.083,W1
QSO_4.9562288-24.3914327,59744.44585900003,17.536,0.1,W1
QSO_4.9562288-24.3914327,59744.70672449999,17.567999999999998,0.092,W1
QSO_4.9562288-24.3914327,59744.77187699997,17.238,0.075,W1
QSO_4.9562288-24.3914327,59744.90232799996,17.805,0.156,W1
QSO_4.9562288-24.3914327,59745.032742500014,17.308,0.106,W1
QSO_4.9562288-24.3914327,59745.16304749997,17.497999999999998,0.132,W1
QSO_4.9562288-24.3914327,59745.1631935,17.606,0.107,W1
QSO_4.9562288-24.3914327,59906.92283499999,17.683999999999997,0.119,W1
QSO_4.9562288-24.3914327,59906.98838900004,17.599,0.089,W1
QSO_4.9562288-24.3914327,59907.118694,17.503999999999998,0.157,W1
QSO_4.9562288-24.3914327,59907.183700500034,17.619,0.136,W1
QSO_4.9562288-24.3914327,59907.3140055,17.538,0.092,W1
QSO_4.9562288-24.3914327,60110.90100449996,17.596,0.095,W1
QSO_4.9562288-24.3914327,60111.16033700003,17.705,0.112,W1
QSO_4.9562288-24.3914327,60111.28998499997,17.652,0.116,W1
QSO_4.9562288-24.3914327,60111.354882,17.611,0.098,W1
QSO_4.9562288-24.3914327,60111.419779000025,17.439,0.081,W1
QSO_4.9562288-24.3914327,60111.48456649997,17.749000000000002,0.11,W1
QSO_4.9562288-24.3914327,60111.54946349999,17.773,0.112,W1
QSO_4.9562288-24.3914327,60111.61425100001,17.343,0.11,W1
QSO_4.9562288-24.3914327,60111.67914799996,17.791,0.108,W1
QSO_4.9562288-24.3914327,60111.74389900004,17.384,0.103,W1
QSO_4.9562288-24.3914327,60111.8735835,17.42,0.096,W1
QSO_4.9562288-24.3914327,60111.87369300001,17.486,0.087,W1
QSO_4.9562288-24.3914327,60273.251508000016,17.45,0.105,W1
QSO_4.9562288-24.3914327,60273.70352399998,17.459,0.109,W1
QSO_4.9562288-24.3914327,60273.70363349999,17.517,0.089,W1
QSO_4.9562288-24.3914327,60273.768165499976,17.637999999999998,0.123,W1
QSO_4.9562288-24.3914327,60273.89730250001,17.603,0.095,W1
QSO_4.9562288-24.3914327,60273.96183449999,17.493000000000002,0.093,W1
QSO_4.9562288-24.3914327,60274.09100799997,17.466,0.084,W1
QSO_4.9562288-24.3914327,60274.220145,17.723,0.112,W1
QSO_4.9562288-24.3914327,60475.44250420001,17.564,0.106,W1
QSO_4.9562288-24.3914327,60475.57075059997,17.586,0.109,W1
QSO_4.9562288-24.3914327,60475.698850599976,17.468,0.141,W1
QSO_4.9562288-24.3914327,60475.89114699999,17.439,0.112,W1
QSO_4.9562288-24.3914327,60476.08333359999,17.797,0.129,W1
QSO_4.9562288-24.3914327,60476.14749340004,17.663,0.132,W1
QSO_4.9562288-24.3914327,55362.35759250002,17.773,0.204,W2
QSO_4.9562288-24.3914327,55362.4897955,18.066,0.218,W2
QSO_4.9562288-24.3914327,55362.62203499999,18.329,,W2
QSO_4.9562288-24.3914327,55362.688063500005,18.216,0.281,W2
QSO_4.9562288-24.3914327,55362.75409200002,17.954,0.208,W2
QSO_4.9562288-24.3914327,55362.75423799997,17.829,0.186,W2
QSO_4.9562288-24.3914327,55362.820266499984,18.126,0.294,W2
QSO_4.9562288-24.3914327,55362.88633150002,18.191,0.268,W2
QSO_4.9562288-24.3914327,55362.95250599999,18.691,0.472,W2
QSO_4.9562288-24.3914327,55363.34911499999,18.637,0.399,W2
QSO_4.9562288-24.3914327,55539.78004099999,18.506,0.375,W2
QSO_4.9562288-24.3914327,55539.91224399996,18.392,,W2
QSO_4.9562288-24.3914327,55540.044483499965,18.082,0.252,W2
QSO_4.9562288-24.3914327,55540.11051199998,18.538,0.37,W2
QSO_4.9562288-24.3914327,55540.17654049999,18.577,0.388,W2
QSO_4.9562288-24.3914327,55540.176686500025,18.252,0.292,W2
QSO_4.9562288-24.3914327,55540.24271500003,18.733,0.441,W2
QSO_4.9562288-24.3914327,55540.30877999999,18.423,0.44,W2
QSO_4.9562288-24.3914327,55540.3748085,18.731,0.451,W2
QSO_4.9562288-24.3914327,55540.37495450003,18.575,0.388,W2
QSO_4.9562288-24.3914327,55540.77145400003,18.495,0.353,W2
QSO_4.9562288-24.3914327,55544.00973399999,18.559,0.453,W2
QSO_4.9562288-24.3914327,56640.030319999976,17.874,,W2
QSO_4.9562288-24.3914327,56640.096238999984,18.304,0.38,W2
QSO_4.9562288-24.3914327,56824.379045,18.147,0.294,W2
QSO_4.9562288-24.3914327,56824.51062749997,17.91,0.39,W2
QSO_4.9562288-24.3914327,56824.77353699998,18.129,0.302,W2
QSO_4.9562288-24.3914327,56824.970892500016,18.069,0.345,W2
QSO_4.9562288-24.3914327,56825.3653845,18.253,,W2
QSO_4.9562288-24.3914327,56827.73222699998,18.149,,W2
QSO_4.9562288-24.3914327,56827.86380950004,18.13,0.309,W2
QSO_4.9562288-24.3914327,56827.995245999984,18.318,0.476,W2
QSO_4.9562288-24.3914327,57004.80934900004,18.064,,W2
QSO_4.9562288-24.3914327,57004.87512200002,18.2,0.416,W2
QSO_4.9562288-24.3914327,57004.94078549999,18.041,0.256,W2
QSO_4.9562288-24.3914327,57005.07211250001,17.999,0.268,W2
QSO_4.9562288-24.3914327,57005.20343950004,18.54,0.504,W2
QSO_4.9562288-24.3914327,57005.33476649998,17.919,0.225,W2
QSO_4.9562288-24.3914327,57188.71986025494,18.207,0.31,W2
QSO_4.9562288-24.3914327,57189.24436527154,18.09,0.283,W2
QSO_4.9562288-24.3914327,57189.30991927366,18.205,0.311,W2
QSO_4.9562288-24.3914327,57189.375436775765,17.78,0.224,W2
QSO_4.9562288-24.3914327,57189.44110027781,18.473,0.339,W2
QSO_4.9562288-24.3914327,57189.57217178196,18.053,0.382,W2
QSO_4.9562288-24.3914327,57189.70324328611,17.918,0.273,W2
QSO_4.9562288-24.3914327,57189.703389286144,18.101,,W2
QSO_4.9562288-24.3914327,57189.83446079029,18.563,0.48,W2
QSO_4.9562288-24.3914327,57363.563577725086,17.585,,W2
QSO_4.9562288-24.3914327,57363.62913172722,18.139,0.357,W2
QSO_4.9562288-24.3914327,57363.69453972931,18.887,,W2
QSO_4.9562288-24.3914327,57363.694649229314,18.418,0.365,W2
QSO_4.9562288-24.3914327,57363.76005723133,17.817,0.319,W2
QSO_4.9562288-24.3914327,57364.21878924594,18.369,0.319,W2
QSO_4.9562288-24.3914327,57553.08229222045,18.179,0.302,W2
QSO_4.9562288-24.3914327,57553.34489722869,18.47,,W2
QSO_4.9562288-24.3914327,57553.541768634976,18.587,0.5,W2
QSO_4.9562288-24.3914327,57553.738786441216,18.365,,W2
QSO_4.9562288-24.3914327,57553.93569444744,18.591,0.502,W2
QSO_4.9562288-24.3914327,57554.06697865155,18.133,,W2
QSO_4.9562288-24.3914327,57554.06712505159,17.779,0.252,W2
QSO_4.9562288-24.3914327,57723.25601060183,18.003,,W2
QSO_4.9562288-24.3914327,57723.38729480602,18.378,0.341,W2
QSO_4.9562288-24.3914327,57723.51846921012,18.506,0.398,W2
QSO_4.9562288-24.3914327,57723.58420281225,18.434,0.39,W2
QSO_4.9562288-24.3914327,57723.64979001434,18.537,0.422,W2
QSO_4.9562288-24.3914327,57723.84666142054,18.401,0.355,W2
QSO_4.9562288-24.3914327,57917.806306000006,18.204,0.376,W2
QSO_4.9562288-24.3914327,57917.93712199996,17.898,,W2
QSO_4.9562288-24.3914327,57918.002529999976,18.046,0.308,W2
QSO_4.9562288-24.3914327,57918.06793799999,18.482,0.451,W2
QSO_4.9562288-24.3914327,57918.13334600001,18.087,0.347,W2
QSO_4.9562288-24.3914327,57918.19875400003,18.502,0.515,W2
QSO_4.9562288-24.3914327,57918.26427149997,18.433,0.472,W2
QSO_4.9562288-24.3914327,57918.329679499984,17.836,0.276,W2
QSO_4.9562288-24.3914327,57918.3950875,17.68,0.451,W2
QSO_4.9562288-24.3914327,57918.65671949999,18.185,0.354,W2
QSO_4.9562288-24.3914327,58083.61069500001,18.237,0.378,W2
QSO_4.9562288-24.3914327,58083.74151099997,18.137,,W2
QSO_4.9562288-24.3914327,58084.06855099997,17.767,0.272,W2
QSO_4.9562288-24.3914327,58084.133958999984,17.819,0.252,W2
QSO_4.9562288-24.3914327,58084.199367,18.011,0.44,W2
QSO_4.9562288-24.3914327,58084.26477500002,18.233,0.353,W2
QSO_4.9562288-24.3914327,58084.26488450002,18.015,0.328,W2
QSO_4.9562288-24.3914327,58084.33029250004,18.114,0.335,W2
QSO_4.9562288-24.3914327,58084.46110849999,17.898,0.331,W2
QSO_4.9562288-24.3914327,58084.591924500026,17.941,0.303,W2
QSO_4.9562288-24.3914327,58086.6197915,17.654,0.336,W2
QSO_4.9562288-24.3914327,58086.75060750003,17.596,,W2
QSO_4.9562288-24.3914327,58087.07775700004,17.418,,W2
QSO_4.9562288-24.3914327,58087.470204999976,18.003,0.401,W2
QSO_4.9562288-24.3914327,58284.50757099999,18.337,0.366,W2
QSO_4.9562288-24.3914327,58284.83446500004,18.489,0.43,W2
QSO_4.9562288-24.3914327,58284.89987299997,18.248,0.376,W2
QSO_4.9562288-24.3914327,58285.09609700003,18.086,,W2
QSO_4.9562288-24.3914327,58285.16150499996,18.462,0.357,W2
QSO_4.9562288-24.3914327,58285.488399000016,18.003999999999998,0.35,W2
QSO_4.9562288-24.3914327,58446.83376550001,18.665,0.397,W2
QSO_4.9562288-24.3914327,58446.96458149996,17.445,,W2
QSO_4.9562288-24.3914327,58447.16065949998,17.801,0.218,W2
QSO_4.9562288-24.3914327,58447.29147550002,18.388,0.385,W2
QSO_4.9562288-24.3914327,58447.35688350003,18.651,0.408,W2
QSO_4.9562288-24.3914327,58447.42229149997,18.247,0.356,W2
QSO_4.9562288-24.3914327,58447.5531075,18.277,,W2
QSO_4.9562288-24.3914327,58648.439763500006,18.057,,W2
QSO_4.9562288-24.3914327,58648.57043350001,18.298,0.377,W2
QSO_4.9562288-24.3914327,58648.70124949996,18.432,0.426,W2
QSO_4.9562288-24.3914327,58648.89732749998,18.048,0.295,W2
QSO_4.9562288-24.3914327,58649.158704000016,17.469,0.188,W2
QSO_4.9562288-24.3914327,58649.28951999996,18.621,0.483,W2
QSO_4.9562288-24.3914327,58649.4202265,18.425,0.422,W2
QSO_4.9562288-24.3914327,58810.84311899999,18.354,0.374,W2
QSO_4.9562288-24.3914327,58810.97382550003,18.043,,W2
QSO_4.9562288-24.3914327,58811.16990349996,18.143,0.441,W2
QSO_4.9562288-24.3914327,58811.3007195,18.241,0.409,W2
QSO_4.9562288-24.3914327,58811.69240099999,18.451,0.367,W2
QSO_4.9562288-24.3914327,59015.97578800001,18.124,0.328,W2
QSO_4.9562288-24.3914327,59015.97593439996,17.992,,W2
QSO_4.9562288-24.3914327,59016.106962399965,18.36,0.418,W2
QSO_4.9562288-24.3914327,59016.17240320004,18.36,0.432,W2
QSO_4.9562288-24.3914327,59016.43449579999,18.098,0.312,W2
QSO_4.9562288-24.3914327,59016.69658840002,17.706,0.263,W2
QSO_4.9562288-24.3914327,59016.69673479997,17.685,,W2
QSO_4.9562288-24.3914327,59016.82776279997,18.046,,W2
QSO_4.9562288-24.3914327,59175.49322799996,17.861,0.436,W2
QSO_4.9562288-24.3914327,59175.6242926,18.062,,W2
QSO_4.9562288-24.3914327,59175.7553206,18.355,0.475,W2
QSO_4.9562288-24.3914327,59175.88638520003,17.884999999999998,,W2
QSO_4.9562288-24.3914327,59175.95182600001,17.894,,W2
QSO_4.9562288-24.3914327,59178.50687200001,17.483,,W2
QSO_4.9562288-24.3914327,59178.63793659996,17.751,,W2
QSO_4.9562288-24.3914327,59178.76896459996,18.038,0.512,W2
QSO_4.9562288-24.3914327,59178.90002919999,17.14,,W2
QSO_4.9562288-24.3914327,59380.18626149996,18.713,0.491,W2
QSO_4.9562288-24.3914327,59380.83942899999,17.689,0.254,W2
QSO_4.9562288-24.3914327,59380.9699895,18.587,0.454,W2
QSO_4.9562288-24.3914327,59381.03539750001,18.212,0.528,W2
QSO_4.9562288-24.3914327,59381.16595800001,18.552,0.435,W2
QSO_4.9562288-24.3914327,59381.29662800001,18.312,,W2
QSO_4.9562288-24.3914327,59542.56490650002,18.718,0.462,W2
QSO_4.9562288-24.3914327,59542.69557650002,18.255,0.388,W2
QSO_4.9562288-24.3914327,59543.08740399996,17.874,0.265,W2
QSO_4.9562288-24.3914327,59543.15266600003,18.235,0.317,W2
QSO_4.9562288-24.3914327,59543.21796449996,18.744,0.454,W2
QSO_4.9562288-24.3914327,59543.283226500025,17.602,0.253,W2
QSO_4.9562288-24.3914327,59543.41378700003,18.014,0.359,W2
QSO_4.9562288-24.3914327,59543.54434750003,18.39,0.345,W2
QSO_4.9562288-24.3914327,59744.44585900003,17.598,0.251,W2
QSO_4.9562288-24.3914327,59744.70672449999,18.087,,W2
QSO_4.9562288-24.3914327,59744.77187699997,18.56,0.461,W2
QSO_4.9562288-24.3914327,59744.90232799996,18.016,0.314,W2
QSO_4.9562288-24.3914327,59745.032742500014,18.187,0.539,W2
QSO_4.9562288-24.3914327,59745.16304749997,18.151,,W2
QSO_4.9562288-24.3914327,59745.1631935,18.199,0.318,W2
QSO_4.9562288-24.3914327,59906.92283499999,18.614,,W2
QSO_4.9562288-24.3914327,59906.98838900004,17.820999999999998,0.252,W2
QSO_4.9562288-24.3914327,59907.118694,17.961,,W2
QSO_4.9562288-24.3914327,59907.183700500034,18.199,0.374,W2
QSO_4.9562288-24.3914327,59907.3140055,17.75,,W2
QSO_4.9562288-24.3914327,60110.90100449996,18.588,,W2
QSO_4.9562288-24.3914327,60111.16033700003,18.113,0.383,W2
QSO_4.9562288-24.3914327,60111.28998499997,18.031,0.274,W2
QSO_4.9562288-24.3914327,60111.354882,18.371,0.38,W2
QSO_4.9562288-24.3914327,60111.419779000025,18.136,0.304,W2
QSO_4.9562288-24.3914327,60111.48456649997,18.31,0.355,W2
QSO_4.9562288-24.3914327,60111.54946349999,17.788,0.233,W2
QSO_4.9562288-24.3914327,60111.61425100001,18.249,0.346,W2
QSO_4.9562288-24.3914327,60111.67914799996,17.994,,W2
QSO_4.9562288-24.3914327,60111.74389900004,18.079,0.295,W2
QSO_4.9562288-24.3914327,60111.8735835,17.928,0.277,W2
QSO_4.9562288-24.3914327,60111.87369300001,18.258,0.36,W2
QSO_4.9562288-24.3914327,60273.251508000016,18.059,0.316,W2
QSO_4.9562288-24.3914327,60273.70352399998,18.366,0.426,W2
QSO_4.9562288-24.3914327,60273.70363349999,18.192,0.312,W2
QSO_4.9562288-24.3914327,60273.768165499976,18.505,0.437,W2
QSO_4.9562288-24.3914327,60273.89730250001,18.46,0.363,W2
QSO_4.9562288-24.3914327,60273.96183449999,17.744,0.307,W2
QSO_4.9562288-24.3914327,60274.09100799997,17.945,,W2
QSO_4.9562288-24.3914327,60274.220145,18.431,0.406,W2
QSO_4.9562288-24.3914327,60475.44250420001,18.393,0.524,W2
QSO_4.9562288-24.3914327,60475.57075059997,18.244,,W2
QSO_4.9562288-24.3914327,60475.698850599976,18.021,0.447,W2
QSO_4.9562288-24.3914327,60475.89114699999,17.695,,W2
QSO_4.9562288-24.3914327,60476.08333359999,18.055,,W2
QSO_4.9562288-24.3914327,60476.14749340004,17.332,,W2
QSO_4.9424448-24.3182927,55362.35759250002,17.792,0.112,W1
QSO_4.9424448-24.3182927,55362.48968599999,17.572,0.124,W1
QSO_4.9424448-24.3182927,55362.4897955,17.788,0.122,W1
QSO_4.9424448-24.3182927,55362.621888999965,17.653,0.101,W1
QSO_4.9424448-24.3182927,55362.62203499999,17.752000000000002,0.11,W1
QSO_4.9424448-24.3182927,55362.688063500005,17.674,0.111,W1
QSO_4.9424448-24.3182927,55362.75409200002,18.016,0.133,W1
QSO_4.9424448-24.3182927,55362.820266499984,17.774,0.112,W1
QSO_4.9424448-24.3182927,55362.88633150002,17.35,0.081,W1
QSO_4.9424448-24.3182927,55362.95250599999,17.622,0.1,W1
QSO_4.9424448-24.3182927,55363.34911499999,17.669,0.102,W1
QSO_4.9424448-24.3182927,55539.78004099999,17.973,0.144,W1
QSO_4.9424448-24.3182927,55539.780187000026,17.676000000000002,0.106,W1
QSO_4.9424448-24.3182927,55539.91224399996,17.657,0.107,W1
QSO_4.9424448-24.3182927,55540.044483499965,17.68,0.102,W1
QSO_4.9424448-24.3182927,55540.11051199998,17.945,0.126,W1
QSO_4.9424448-24.3182927,55540.176686500025,17.727,0.117,W1
QSO_4.9424448-24.3182927,55540.24271500003,17.509999999999998,0.087,W1
QSO_4.9424448-24.3182927,55540.30877999999,17.721,0.104,W1
QSO_4.9424448-24.3182927,55540.37495450003,17.732,0.108,W1
QSO_4.9424448-24.3182927,55540.77145400003,17.759999999999998,0.12,W1
QSO_4.9424448-24.3182927,55544.00973399999,17.783,0.126,W1
QSO_4.9424448-24.3182927,57005.33487599999,17.654,0.108,W1
QSO_4.9424448-24.3182927,57189.24436527154,18.062,0.138,W1
QSO_4.9424448-24.3182927,57553.738786441216,17.766,0.123,W1
QSO_4.9424448-24.3182927,57723.25601060183,17.171,0.116,W1
QSO_4.9424448-24.3182927,58446.96458149996,17.777,0.107,W1
QSO_4.9424448-24.3182927,58811.16990349996,17.439,0.084,W1
QSO_4.9424448-24.3182927,55362.35759250002,18.162,0.294,W2
QSO_4.9424448-24.3182927,55362.48968599999,18.614,0.449,W2
QSO_4.9424448-24.3182927,55362.4897955,18.306,0.321,W2
QSO_4.9424448-24.3182927,55362.621888999965,18.254,0.285,W2
QSO_4.9424448-24.3182927,55362.62203499999,18.211,0.266,W2
QSO_4.9424448-24.3182927,55362.688063500005,18.531,0.401,W2
QSO_4.9424448-24.3182927,55362.75409200002,18.525,0.364,W2
QSO_4.9424448-24.3182927,55362.820266499984,17.793,0.233,W2
QSO_4.9424448-24.3182927,55362.88633150002,18.403,0.357,W2
QSO_4.9424448-24.3182927,55362.95250599999,18.498,0.422,W2
QSO_4.9424448-24.3182927,55363.34911499999,18.501,0.402,W2
QSO_4.9424448-24.3182927,55539.78004099999,18.208,,W2
QSO_4.9424448-24.3182927,55539.780187000026,18.353,0.343,W2
QSO_4.9424448-24.3182927,55539.91224399996,18.738,0.458,W2
QSO_4.9424448-24.3182927,55540.044483499965,18.592,0.425,W2
QSO_4.9424448-24.3182927,55540.11051199998,18.02,0.267,W2
QSO_4.9424448-24.3182927,55540.176686500025,17.875,,W2
QSO_4.9424448-24.3182927,55540.24271500003,18.276,0.312,W2
QSO_4.9424448-24.3182927,55540.30877999999,18.347,0.338,W2
QSO_4.9424448-24.3182927,55540.37495450003,18.238,0.286,W2
QSO_4.9424448-24.3182927,55540.77145400003,18.286,0.319,W2
QSO_4.9424448-24.3182927,55544.00973399999,18.174,0.336,W2
QSO_4.9424448-24.3182927,57005.33487599999,18.405,0.357,W2
QSO_4.9424448-24.3182927,57189.24436527154,17.988,,W2
QSO_4.9424448-24.3182927,57553.738786441216,18.162,0.382,W2
QSO_4.9424448-24.3182927,57723.25601060183,18.325,0.432,W2
QSO_4.9424448-24.3182927,58446.96458149996,17.682,0.27,W2
QSO_4.9424448-24.3182927,58811.16990349996,18.061,0.288,W2
QSO_4.7609224-24.3980632,55362.35759250002,17.765,0.103,W1
QSO_4.7609224-24.3980632,55362.42362100003,18.152,0.143,W1
QSO_4.7609224-24.3980632,55362.48968599999,18.354,0.175,W1
QSO_4.7609224-24.3980632,55362.4897955,17.91,0.114,W1
QSO_4.7609224-24.3980632,55362.55586050003,17.988,0.115,W1
QSO_4.7609224-24.3980632,55362.621888999965,17.91,0.127,W1
QSO_4.7609224-24.3980632,55362.62203499999,17.886,0.13,W1
QSO_4.7609224-24.3980632,55362.688063500005,18.092,0.136,W1
QSO_4.7609224-24.3980632,55362.75409200002,17.930999999999997,0.111,W1
QSO_4.7609224-24.3980632,55362.820266499984,17.923000000000002,0.12,W1
QSO_4.7609224-24.3980632,55362.95250599999,17.68,0.094,W1
QSO_4.7609224-24.3980632,55539.78004099999,18.298,0.167,W1
QSO_4.7609224-24.3980632,55539.780187000026,18.315,0.163,W1
QSO_4.7609224-24.3980632,55539.91224399996,18.153,0.144,W1
QSO_4.7609224-24.3980632,55539.978309000006,17.858,0.128,W1
QSO_4.7609224-24.3980632,55539.97841850001,18.035,0.131,W1
QSO_4.7609224-24.3980632,55540.044483499965,18.162,0.141,W1
QSO_4.7609224-24.3980632,55540.11051199998,17.773,0.135,W1
QSO_4.7609224-24.3980632,55540.176686500025,17.990000000000002,0.134,W1
QSO_4.7609224-24.3980632,55540.24271500003,18.254,0.168,W1
QSO_4.7609224-24.3980632,55540.37495450003,18.206,0.152,W1
QSO_4.7609224-24.3980632,55543.94355950003,18.197,0.164,W1
QSO_4.7609224-24.3980632,55544.00973399999,17.744999999999997,0.141,W1
QSO_4.7609224-24.3980632,56824.379045,17.773,0.114,W1
QSO_4.7609224-24.3980632,56824.51062749997,17.722,0.101,W1
QSO_4.7609224-24.3980632,56824.77353699998,17.789,0.11,W1
QSO_4.7609224-24.3980632,56827.73222699998,18.082,0.16,W1
QSO_4.7609224-24.3980632,56827.86366350001,17.771,0.111,W1
QSO_4.7609224-24.3980632,56827.995245999984,17.594,0.215,W1
QSO_4.7609224-24.3980632,57004.08694100002,17.887999999999998,0.146,W1
QSO_4.7609224-24.3980632,57004.21837749997,17.947,0.137,W1
QSO_4.7609224-24.3980632,57004.94078549999,17.947,0.124,W1
QSO_4.7609224-24.3980632,57005.07211250001,17.802,0.108,W1
QSO_4.7609224-24.3980632,57005.20343950004,18.181,0.152,W1
QSO_4.7609224-24.3980632,57188.58864275076,17.866,0.111,W1
QSO_4.7609224-24.3980632,57188.719714254905,17.878,0.114,W1
QSO_4.7609224-24.3980632,57188.71986025494,18.089,0.184,W1
QSO_4.7609224-24.3980632,57189.24436527154,17.759999999999998,0.106,W1
QSO_4.7609224-24.3980632,57189.30991927366,18.248,0.17,W1
QSO_4.7609224-24.3980632,57189.57217178196,18.127,0.139,W1
QSO_4.7609224-24.3980632,57189.70324328611,17.982,0.15,W1
QSO_4.7609224-24.3980632,57363.10484571056,18.121,0.144,W1
QSO_4.7609224-24.3980632,57363.563577725086,17.894,0.129,W1
QSO_4.7609224-24.3980632,57363.62913172722,18.003999999999998,0.126,W1
QSO_4.7609224-24.3980632,57363.694649229314,17.79,0.1,W1
QSO_4.7609224-24.3980632,57552.95100801626,17.859,0.109,W1
QSO_4.7609224-24.3980632,57553.08229222045,18.069,0.139,W1
QSO_4.7609224-24.3980632,57553.34489722869,17.708,0.113,W1
QSO_4.7609224-24.3980632,57553.41048443079,18.188,0.142,W1
QSO_4.7609224-24.3980632,57553.541768634976,17.908,0.115,W1
QSO_4.7609224-24.3980632,57553.93569444744,18.496,0.198,W1
QSO_4.7609224-24.3980632,57554.06697865155,17.798000000000002,0.122,W1
QSO_4.7609224-24.3980632,57722.8622311894,17.891,0.143,W1
QSO_4.7609224-24.3980632,57723.25601060183,18.039,0.127,W1
QSO_4.7609224-24.3980632,57723.32159780392,18.03,0.138,W1
QSO_4.7609224-24.3980632,57723.38729480602,18.099,0.135,W1
QSO_4.7609224-24.3980632,57723.51846921012,17.866,0.12,W1
QSO_4.7609224-24.3980632,57723.51861561016,18.005,0.143,W1
QSO_4.7609224-24.3980632,57723.58420281225,17.954,0.118,W1
QSO_4.7609224-24.3980632,57723.84666142054,17.833,0.107,W1
QSO_4.7609224-24.3980632,57917.80615999998,18.192,0.15,W1
QSO_4.7609224-24.3980632,57917.806306000006,17.844,0.118,W1
QSO_4.7609224-24.3980632,57917.87171400002,17.752000000000002,0.117,W1
QSO_4.7609224-24.3980632,57917.93712199996,17.823,0.106,W1
QSO_4.7609224-24.3980632,57918.002529999976,18.16,0.143,W1
QSO_4.7609224-24.3980632,57918.06793799999,17.884,0.185,W1
QSO_4.7609224-24.3980632,57918.13334600001,17.96,0.157,W1
QSO_4.7609224-24.3980632,57918.19875400003,17.918,0.132,W1
QSO_4.7609224-24.3980632,57918.26427149997,18.048,0.135,W1
QSO_4.7609224-24.3980632,57918.3950875,17.726,0.18,W1
QSO_4.7609224-24.3980632,58083.47987899998,17.814,0.107,W1
QSO_4.7609224-24.3980632,58083.61069500001,17.749000000000002,0.116,W1
QSO_4.7609224-24.3980632,58083.74151099997,17.935000000000002,0.12,W1
QSO_4.7609224-24.3980632,58084.06855099997,18.087,0.162,W1
QSO_4.7609224-24.3980632,58084.199367,18.063,0.19,W1
QSO_4.7609224-24.3980632,58084.33029250004,17.799,0.117,W1
QSO_4.7609224-24.3980632,58084.46110849999,17.743000000000002,0.104,W1
QSO_4.7609224-24.3980632,58086.22734349997,18.103,0.141,W1
QSO_4.7609224-24.3980632,58086.35815950001,17.965,0.231,W1
QSO_4.7609224-24.3980632,58086.6197915,17.886,0.141,W1
QSO_4.7609224-24.3980632,58086.68519950001,17.808,0.168,W1
QSO_4.7609224-24.3980632,58086.75060750003,18.027,0.161,W1
QSO_4.7609224-24.3980632,58087.07775700004,18.021,0.133,W1
QSO_4.7609224-24.3980632,58284.50757099999,17.976,0.119,W1
QSO_4.7609224-24.3980632,58284.83446500004,17.963,0.12,W1
QSO_4.7609224-24.3980632,58284.89987299997,17.674,0.126,W1
QSO_4.7609224-24.3980632,58285.09609700003,17.858,0.14,W1
QSO_4.7609224-24.3980632,58446.83376550001,18.051,0.138,W1
QSO_4.7609224-24.3980632,58446.96458149996,17.872,0.112,W1
QSO_4.7609224-24.3980632,58447.02998949998,18.131,0.133,W1
QSO_4.7609224-24.3980632,58447.16065949998,17.883,0.118,W1
QSO_4.7609224-24.3980632,58447.16080550001,17.947,0.113,W1
QSO_4.7609224-24.3980632,58447.29147550002,18.151,0.173,W1
QSO_4.7609224-24.3980632,58447.42229149997,18.257,0.158,W1
QSO_4.7609224-24.3980632,58447.5531075,17.923000000000002,0.111,W1
QSO_4.7609224-24.3980632,58648.17824100002,17.829,0.122,W1
QSO_4.7609224-24.3980632,58648.439763500006,18.08,0.143,W1
QSO_4.7609224-24.3980632,58648.57043350001,17.881,0.126,W1
QSO_4.7609224-24.3980632,58648.63584150003,18.183,0.155,W1
QSO_4.7609224-24.3980632,58648.70110350001,18.02,0.13,W1
QSO_4.7609224-24.3980632,58648.70124949996,18.074,0.136,W1
QSO_4.7609224-24.3980632,58649.158704000016,18.427,0.198,W1
QSO_4.7609224-24.3980632,58649.28951999996,17.994,0.135,W1
QSO_4.7609224-24.3980632,58810.71244899999,17.848,0.111,W1
QSO_4.7609224-24.3980632,58810.84311899999,18.276,0.15,W1
QSO_4.7609224-24.3980632,58810.90852700001,17.923000000000002,0.108,W1
QSO_4.7609224-24.3980632,58810.97382550003,17.810000000000002,0.108,W1
QSO_4.7609224-24.3980632,58811.03923350004,17.997,0.117,W1
QSO_4.7609224-24.3980632,58811.16990349996,17.884,0.11,W1
QSO_4.7609224-24.3980632,58811.3007195,18.107,0.126,W1
QSO_4.7609224-24.3980632,59015.71369539998,18.097,0.148,W1
QSO_4.7609224-24.3980632,59015.97578800001,18.336,0.187,W1
QSO_4.7609224-24.3980632,59016.04137520003,17.878999999999998,0.111,W1
QSO_4.7609224-24.3980632,59016.106962399965,18.106,0.158,W1
QSO_4.7609224-24.3980632,59016.17240320004,17.613,0.114,W1
QSO_4.7609224-24.3980632,59016.43449579999,17.7,0.151,W1
QSO_4.7609224-24.3980632,59016.56556040001,18.362,0.185,W1
QSO_4.7609224-24.3980632,59016.69658840002,18.097,0.142,W1
QSO_4.7609224-24.3980632,59175.36219999997,17.935000000000002,0.115,W1
QSO_4.7609224-24.3980632,59175.49322799996,18.238,0.148,W1
QSO_4.7609224-24.3980632,59175.6242926,18.053,0.163,W1
QSO_4.7609224-24.3980632,59175.7553206,17.729,0.109,W1
QSO_4.7609224-24.3980632,59178.50687200001,17.793,0.121,W1
QSO_4.7609224-24.3980632,59178.63793659996,17.932000000000002,0.133,W1
QSO_4.7609224-24.3980632,59178.76896459996,17.869999999999997,0.151,W1
QSO_4.7609224-24.3980632,59178.90002919999,17.832,0.155,W1
QSO_4.7609224-24.3980632,59380.18626149996,17.804000000000002,0.111,W1
QSO_4.7609224-24.3980632,59380.31682199997,17.935000000000002,0.177,W1
QSO_4.7609224-24.3980632,59381.035251499976,17.963,0.163,W1
QSO_4.7609224-24.3980632,59381.16595800001,17.977,0.131,W1
QSO_4.7609224-24.3980632,59542.43434600002,17.991,0.137,W1
QSO_4.7609224-24.3980632,59542.56490650002,17.831,0.139,W1
QSO_4.7609224-24.3980632,59542.69557650002,17.708,0.112,W1
QSO_4.7609224-24.3980632,59543.15266600003,17.933,0.149,W1
QSO_4.7609224-24.3980632,59543.283226500025,18.025,0.124,W1
QSO_4.7609224-24.3980632,59543.41378700003,17.756999999999998,0.126,W1
QSO_4.7609224-24.3980632,59744.44585900003,17.930999999999997,0.18,W1
QSO_4.7609224-24.3980632,59744.6414625,18.516,0.334,W1
QSO_4.7609224-24.3980632,59744.77187699997,17.615000000000002,0.112,W1
QSO_4.7609224-24.3980632,59744.90232799996,17.891,0.154,W1
QSO_4.7609224-24.3980632,59745.032742500014,17.988999999999997,0.121,W1
QSO_4.7609224-24.3980632,59906.337229000026,18.018,0.165,W1
QSO_4.7609224-24.3980632,59906.92283499999,17.93,0.155,W1
QSO_4.7609224-24.3980632,59906.98838900004,17.826999999999998,0.107,W1
QSO_4.7609224-24.3980632,59907.05354150002,18.053,0.157,W1
QSO_4.7609224-24.3980632,59907.183700500034,18.045,0.128,W1
QSO_4.7609224-24.3980632,59907.3140055,18.178,0.148,W1
QSO_4.7609224-24.3980632,60110.77131999999,17.772,0.111,W1
QSO_4.7609224-24.3980632,60110.90100449996,17.961,0.129,W1
QSO_4.7609224-24.3980632,60111.16033700003,18.018,0.13,W1
QSO_4.7609224-24.3980632,60111.225233999976,18.072,0.144,W1
QSO_4.7609224-24.3980632,60111.28998499997,17.858,0.147,W1
QSO_4.7609224-24.3980632,60111.354882,18.111,0.145,W1
QSO_4.7609224-24.3980632,60111.41966950002,18.71,0.313,W1
QSO_4.7609224-24.3980632,60111.419779000025,18.324,0.173,W1
QSO_4.7609224-24.3980632,60111.48456649997,18.122,0.14,W1
QSO_4.7609224-24.3980632,60111.61425100001,17.784,0.111,W1
QSO_4.7609224-24.3980632,60111.74389900004,17.679000000000002,0.147,W1
QSO_4.7609224-24.3980632,60111.8735835,17.951999999999998,0.127,W1
QSO_4.7609224-24.3980632,60273.12237099998,17.808999999999997,0.164,W1
QSO_4.7609224-24.3980632,60273.251508000016,18.337,0.174,W1
QSO_4.7609224-24.3980632,60273.70363349999,17.991,0.125,W1
QSO_4.7609224-24.3980632,60273.83280699996,18.326,0.16,W1
QSO_4.7609224-24.3980632,60273.96183449999,17.805999999999997,0.109,W1
QSO_4.7609224-24.3980632,60273.961980500026,18.215,0.321,W1
QSO_4.7609224-24.3980632,60274.09100799997,17.978,0.126,W1
QSO_4.7609224-24.3980632,60475.44250420001,18.499,0.237,W1
QSO_4.7609224-24.3980632,60475.57075059997,17.898,0.132,W1
QSO_4.7609224-24.3980632,60475.63480060002,17.683999999999997,0.12,W1
QSO_4.7609224-24.3980632,60475.698850599976,17.971,0.154,W1
QSO_4.7609224-24.3980632,60475.89114699999,17.6,0.126,W1
QSO_4.7609224-24.3980632,55362.35759250002,17.695999999999998,0.192,W2
QSO_4.7609224-24.3980632,55362.42362100003,18.266,,W2
QSO_4.7609224-24.3980632,55362.48968599999,18.485,,W2
QSO_4.7609224-24.3980632,55362.4897955,18.813,0.513,W2
QSO_4.7609224-24.3980632,55362.55586050003,18.834,0.53,W2
QSO_4.7609224-24.3980632,55362.621888999965,18.599,,W2
QSO_4.7609224-24.3980632,55362.62203499999,18.369,0.297,W2
QSO_4.7609224-24.3980632,55362.688063500005,18.46,0.354,W2
QSO_4.7609224-24.3980632,55362.75409200002,18.572,0.37,W2
QSO_4.7609224-24.3980632,55362.820266499984,18.309,0.301,W2
QSO_4.7609224-24.3980632,55362.95250599999,19.076,0.526,W2
QSO_4.7609224-24.3980632,55539.78004099999,18.438,0.356,W2
QSO_4.7609224-24.3980632,55539.780187000026,18.273,,W2
QSO_4.7609224-24.3980632,55539.91224399996,18.441,0.347,W2
QSO_4.7609224-24.3980632,55539.978309000006,18.815,0.49,W2
QSO_4.7609224-24.3980632,55539.97841850001,18.42,0.334,W2
QSO_4.7609224-24.3980632,55540.044483499965,18.188,0.28,W2
QSO_4.7609224-24.3980632,55540.11051199998,18.456,,W2
QSO_4.7609224-24.3980632,55540.176686500025,18.309,0.298,W2
QSO_4.7609224-24.3980632,55540.24271500003,18.079,,W2
QSO_4.7609224-24.3980632,55540.37495450003,18.751,0.45,W2
QSO_4.7609224-24.3980632,55543.94355950003,18.43,0.402,W2
QSO_4.7609224-24.3980632,55544.00973399999,18.643,0.477,W2
QSO_4.7609224-24.3980632,56824.379045,17.187,,W2
QSO_4.7609224-24.3980632,56824.51062749997,18.639,0.522,W2
QSO_4.7609224-24.3980632,56824.77353699998,18.155,,W2
QSO_4.7609224-24.3980632,56827.73222699998,17.695,,W2
QSO_4.7609224-24.3980632,56827.86366350001,18.41,,W2
QSO_4.7609224-24.3980632,56827.995245999984,17.58,,W2
QSO_4.7609224-24.3980632,57004.08694100002,18.08,,W2
QSO_4.7609224-24.3980632,57004.21837749997,18.757,0.523,W2
QSO_4.7609224-24.3980632,57004.94078549999,17.988,,W2
QSO_4.7609224-24.3980632,57005.07211250001,18.505,0.454,W2
QSO_4.7609224-24.3980632,57005.20343950004,18.448,0.396,W2
QSO_4.7609224-24.3980632,57188.58864275076,18.313,,W2
QSO_4.7609224-24.3980632,57188.719714254905,18.645,0.453,W2
QSO_4.7609224-24.3980632,57188.71986025494,18.658,0.446,W2
QSO_4.7609224-24.3980632,57189.24436527154,18.053,,W2
QSO_4.7609224-24.3980632,57189.30991927366,17.815,,W2
QSO_4.7609224-24.3980632,57189.57217178196,17.783,0.247,W2
QSO_4.7609224-24.3980632,57189.70324328611,18.242,,W2
QSO_4.7609224-24.3980632,57363.10484571056,18.507,0.468,W2
QSO_4.7609224-24.3980632,57363.563577725086,18.843,0.508,W2
QSO_4.7609224-24.3980632,57363.62913172722,18.223,0.298,W2
QSO_4.7609224-24.3980632,57363.694649229314,18.868,,W2
QSO_4.7609224-24.3980632,57552.95100801626,17.884999999999998,0.291,W2
QSO_4.7609224-24.3980632,57553.08229222045,18.069,0.305,W2
QSO_4.7609224-24.3980632,57553.34489722869,18.347,,W2
QSO_4.7609224-24.3980632,57553.41048443079,17.779,,W2
QSO_4.7609224-24.3980632,57553.541768634976,18.641,0.541,W2
QSO_4.7609224-24.3980632,57553.93569444744,18.103,,W2
QSO_4.7609224-24.3980632,57554.06697865155,18.39,0.351,W2
QSO_4.7609224-24.3980632,57722.8622311894,18.132,0.286,W2
QSO_4.7609224-24.3980632,57723.25601060183,18.438,,W2
QSO_4.7609224-24.3980632,57723.32159780392,18.042,0.268,W2
QSO_4.7609224-24.3980632,57723.38729480602,18.6,0.533,W2
QSO_4.7609224-24.3980632,57723.51846921012,18.036,0.243,W2
QSO_4.7609224-24.3980632,57723.51861561016,18.27,,W2
QSO_4.7609224-24.3980632,57723.58420281225,18.227,,W2
QSO_4.7609224-24.3980632,57723.84666142054,18.166,0.356,W2
QSO_4.7609224-24.3980632,57917.80615999998,18.054,,W2
QSO_4.7609224-24.3980632,57917.806306000006,18.187,0.334,W2
QSO_4.7609224-24.3980632,57917.87171400002,18.454,0.46,W2
QSO_4.7609224-24.3980632,57917.93712199996,17.71,,W2
QSO_4.7609224-24.3980632,57918.002529999976,18.002,,W2
QSO_4.7609224-24.3980632,57918.06793799999,18.12,,W2
QSO_4.7609224-24.3980632,57918.13334600001,17.884999999999998,0.345,W2
QSO_4.7609224-24.3980632,57918.19875400003,18.124,,W2
QSO_4.7609224-24.3980632,57918.26427149997,18.827,0.511,W2
QSO_4.7609224-24.3980632,57918.3950875,17.93,,W2
QSO_4.7609224-24.3980632,58083.47987899998,18.804,0.512,W2
QSO_4.7609224-24.3980632,58083.61069500001,18.092,0.337,W2
QSO_4.7609224-24.3980632,58083.74151099997,17.564,,W2
QSO_4.7609224-24.3980632,58084.06855099997,18.226,,W2
QSO_4.7609224-24.3980632,58084.199367,18.229,0.351,W2
QSO_4.7609224-24.3980632,58084.33029250004,17.929,,W2
QSO_4.7609224-24.3980632,58084.46110849999,17.733,,W2
QSO_4.7609224-24.3980632,58086.22734349997,18.305,0.527,W2
QSO_4.7609224-24.3980632,58086.35815950001,18.098,0.419,W2
QSO_4.7609224-24.3980632,58086.6197915,18.022,,W2
QSO_4.7609224-24.3980632,58086.68519950001,17.24,,W2
QSO_4.7609224-24.3980632,58086.75060750003,18.3,,W2
QSO_4.7609224-24.3980632,58087.07775700004,18.131,0.425,W2
QSO_4.7609224-24.3980632,58284.50757099999,18.029,0.437,W2
QSO_4.7609224-24.3980632,58284.83446500004,17.849999999999998,,W2
QSO_4.7609224-24.3980632,58284.89987299997,17.837,,W2
QSO_4.7609224-24.3980632,58285.09609700003,17.52,,W2
QSO_4.7609224-24.3980632,58446.83376550001,18.273,,W2
QSO_4.7609224-24.3980632,58446.96458149996,17.362,,W2
QSO_4.7609224-24.3980632,58447.02998949998,18.521,0.514,W2
QSO_4.7609224-24.3980632,58447.16065949998,18.108,0.275,W2
QSO_4.7609224-24.3980632,58447.16080550001,18.512,,W2
QSO_4.7609224-24.3980632,58447.29147550002,18.761,0.519,W2
QSO_4.7609224-24.3980632,58447.42229149997,18.491,0.424,W2
QSO_4.7609224-24.3980632,58447.5531075,18.596,,W2
QSO_4.7609224-24.3980632,58648.17824100002,18.588,,W2
QSO_4.7609224-24.3980632,58648.439763500006,18.247,,W2
QSO_4.7609224-24.3980632,58648.57043350001,18.257,0.474,W2
QSO_4.7609224-24.3980632,58648.63584150003,18.635,,W2
QSO_4.7609224-24.3980632,58648.70110350001,18.159,0.394,W2
QSO_4.7609224-24.3980632,58648.70124949996,18.098,0.323,W2
QSO_4.7609224-24.3980632,58649.158704000016,18.679,0.491,W2
QSO_4.7609224-24.3980632,58649.28951999996,17.921,,W2
QSO_4.7609224-24.3980632,58810.71244899999,17.995,,W2
QSO_4.7609224-24.3980632,58810.84311899999,18.433,0.405,W2
QSO_4.7609224-24.3980632,58810.90852700001,18.091,0.279,W2
QSO_4.7609224-24.3980632,58810.97382550003,17.823,0.301,W2
QSO_4.7609224-24.3980632,58811.03923350004,18.272,,W2
QSO_4.7609224-24.3980632,58811.16990349996,18.452,,W2
QSO_4.7609224-24.3980632,58811.3007195,18.299,,W2
QSO_4.7609224-24.3980632,59015.71369539998,18.694,0.501,W2
QSO_4.7609224-24.3980632,59015.97578800001,18.588,0.487,W2
QSO_4.7609224-24.3980632,59016.04137520003,18.675,0.534,W2
QSO_4.7609224-24.3980632,59016.106962399965,18.642,0.484,W2
QSO_4.7609224-24.3980632,59016.17240320004,18.382,0.508,W2
QSO_4.7609224-24.3980632,59016.43449579999,17.782,,W2
QSO_4.7609224-24.3980632,59016.56556040001,18.002,,W2
QSO_4.7609224-24.3980632,59016.69658840002,18.366,,W2
QSO_4.7609224-24.3980632,59175.36219999997,18.214,,W2
QSO_4.7609224-24.3980632,59175.49322799996,17.913999999999998,,W2
QSO_4.7609224-24.3980632,59175.6242926,18.042,,W2
QSO_4.7609224-24.3980632,59175.7553206,17.866,,W2
QSO_4.7609224-24.3980632,59178.50687200001,18.006999999999998,,W2
QSO_4.7609224-24.3980632,59178.63793659996,17.739,,W2
QSO_4.7609224-24.3980632,59178.76896459996,17.89,,W2
QSO_4.7609224-24.3980632,59178.90002919999,17.448,,W2
QSO_4.7609224-24.3980632,59380.18626149996,17.807,0.471,W2
QSO_4.7609224-24.3980632,59380.31682199997,17.521,0.201,W2
QSO_4.7609224-24.3980632,59381.035251499976,18.489,,W2
QSO_4.7609224-24.3980632,59381.16595800001,17.736,0.282,W2
QSO_4.7609224-24.3980632,59542.43434600002,18.517,0.381,W2
QSO_4.7609224-24.3980632,59542.56490650002,18.171,,W2
QSO_4.7609224-24.3980632,59542.69557650002,18.918,0.528,W2
QSO_4.7609224-24.3980632,59543.15266600003,18.602,0.392,W2
QSO_4.7609224-24.3980632,59543.283226500025,18.294,0.357,W2
QSO_4.7609224-24.3980632,59543.41378700003,18.136,0.276,W2
QSO_4.7609224-24.3980632,59744.44585900003,18.118,0.307,W2
QSO_4.7609224-24.3980632,59744.6414625,18.224,,W2
QSO_4.7609224-24.3980632,59744.77187699997,17.565,,W2
QSO_4.7609224-24.3980632,59744.90232799996,18.202,,W2
QSO_4.7609224-24.3980632,59745.032742500014,18.772,0.537,W2
QSO_4.7609224-24.3980632,59906.337229000026,18.38,0.351,W2
QSO_4.7609224-24.3980632,59906.92283499999,18.132,0.377,W2
QSO_4.7609224-24.3980632,59906.98838900004,18.511,0.399,W2
QSO_4.7609224-24.3980632,59907.05354150002,18.029,,W2
QSO_4.7609224-24.3980632,59907.183700500034,18.343,0.313,W2
QSO_4.7609224-24.3980632,59907.3140055,18.898,0.5,W2
QSO_4.7609224-24.3980632,60110.77131999999,18.336,,W2
QSO_4.7609224-24.3980632,60110.90100449996,18.23,0.368,W2
QSO_4.7609224-24.3980632,60111.16033700003,17.557,,W2
QSO_4.7609224-24.3980632,60111.225233999976,18.214,,W2
QSO_4.7609224-24.3980632,60111.28998499997,18.084,,W2
QSO_4.7609224-24.3980632,60111.354882,18.235,0.474,W2
QSO_4.7609224-24.3980632,60111.41966950002,18.44,0.439,W2
QSO_4.7609224-24.3980632,60111.419779000025,18.42,0.417,W2
QSO_4.7609224-24.3980632,60111.48456649997,17.910999999999998,,W2
QSO_4.7609224-24.3980632,60111.61425100001,18.303,0.369,W2
QSO_4.7609224-24.3980632,60111.74389900004,18.098,,W2
QSO_4.7609224-24.3980632,60111.8735835,18.302,0.387,W2
QSO_4.7609224-24.3980632,60273.12237099998,18.067,,W2
QSO_4.7609224-24.3980632,60273.251508000016,17.89,,W2
QSO_4.7609224-24.3980632,60273.70363349999,18.524,0.445,W2
QSO_4.7609224-24.3980632,60273.83280699996,18.612,,W2
QSO_4.7609224-24.3980632,60273.96183449999,18.067,,W2
QSO_4.7609224-24.3980632,60273.961980500026,18.094,,W2
QSO_4.7609224-24.3980632,60274.09100799997,18.422,,W2
QSO_4.7609224-24.3980632,60475.44250420001,17.845,,W2
QSO_4.7609224-24.3980632,60475.57075059997,17.410999999999998,,W2
QSO_4.7609224-24.3980632,60475.63480060002,18.023,,W2
QSO_4.7609224-24.3980632,60475.698850599976,17.548,0.244,W2
QSO_4.7609224-24.3980632,60475.89114699999,18.286,0.537,W2
QSO_4.9462721-24.3835689,55362.35759250002,18.659,0.228,W1
QSO_4.9462721-24.3835689,55362.4897955,18.11,0.129,W1
QSO_4.9462721-24.3835689,55362.62203499999,17.913,0.119,W1
QSO_4.9462721-24.3835689,55362.688063500005,17.921,0.12,W1
QSO_4.9462721-24.3835689,55362.75409200002,18.236,0.144,W1
QSO_4.9462721-24.3835689,55362.75423799997,18.047,0.121,W1
QSO_4.9462721-24.3835689,55362.820266499984,17.987000000000002,0.132,W1
QSO_4.9462721-24.3835689,55362.88633150002,18.328,0.176,W1
QSO_4.9462721-24.3835689,55362.95250599999,18.071,0.132,W1
QSO_4.9462721-24.3835689,55363.34911499999,18.348,0.17,W1
QSO_4.9462721-24.3835689,55539.78004099999,18.509,0.224,W1
QSO_4.9462721-24.3835689,55539.91224399996,17.93,0.122,W1
QSO_4.9462721-24.3835689,55540.044483499965,17.811999999999998,0.106,W1
QSO_4.9462721-24.3835689,55540.11051199998,18.48,0.29,W1
QSO_4.9462721-24.3835689,55540.17654049999,18.135,0.154,W1
QSO_4.9462721-24.3835689,55540.176686500025,17.994999999999997,0.13,W1
QSO_4.9462721-24.3835689,55540.24271500003,18.265,0.151,W1
QSO_4.9462721-24.3835689,55540.30877999999,18.383,0.178,W1
QSO_4.9462721-24.3835689,55540.37495450003,18.239,0.149,W1
QSO_4.9462721-24.3835689,55540.77145400003,17.97,0.123,W1
QSO_4.9462721-24.3835689,55544.00973399999,18.415,0.189,W1
QSO_4.9462721-24.3835689,56640.030319999976,18.07,0.138,W1
QSO_4.9462721-24.3835689,56640.096238999984,17.985,0.16,W1
QSO_4.9462721-24.3835689,56824.379045,17.9,0.113,W1
QSO_4.9462721-24.3835689,56824.51062749997,18.064,0.135,W1
QSO_4.9462721-24.3835689,56824.77353699998,17.838,0.148,W1
QSO_4.9462721-24.3835689,56825.3653845,18.285,0.172,W1
QSO_4.9462721-24.3835689,56827.73222699998,18.219,0.156,W1
QSO_4.9462721-24.3835689,56827.86366350001,18.015,0.121,W1
QSO_4.9462721-24.3835689,56827.86380950004,17.997,0.154,W1
QSO_4.9462721-24.3835689,56827.995245999984,18.014,0.181,W1
QSO_4.9462721-24.3835689,57004.80934900004,18.448,0.203,W1
QSO_4.9462721-24.3835689,57004.87512200002,18.337,0.185,W1
QSO_4.9462721-24.3835689,57004.94078549999,17.922,0.175,W1
QSO_4.9462721-24.3835689,57005.07211250001,17.953,0.134,W1
QSO_4.9462721-24.3835689,57005.20343950004,18.272,0.203,W1
QSO_4.9462721-24.3835689,57005.33476649998,17.637999999999998,0.128,W1
QSO_4.9462721-24.3835689,57005.33487599999,18.253,0.191,W1
QSO_4.9462721-24.3835689,57188.71986025494,17.855,0.235,W1
QSO_4.9462721-24.3835689,57189.24436527154,17.743000000000002,0.115,W1
QSO_4.9462721-24.3835689,57189.30991927366,18.338,0.18,W1
QSO_4.9462721-24.3835689,57189.375436775765,18.038,0.164,W1
QSO_4.9462721-24.3835689,57189.44110027781,18.218,0.142,W1
QSO_4.9462721-24.3835689,57189.57217178196,18.312,0.17,W1
QSO_4.9462721-24.3835689,57189.70324328611,17.897,0.13,W1
QSO_4.9462721-24.3835689,57189.703389286144,18.142,0.163,W1
QSO_4.9462721-24.3835689,57189.83446079029,18.579,0.206,W1
QSO_4.9462721-24.3835689,57363.563577725086,18.067,0.156,W1
QSO_4.9462721-24.3835689,57363.62913172722,18.14,0.133,W1
QSO_4.9462721-24.3835689,57363.69453972931,17.843,0.227,W1
QSO_4.9462721-24.3835689,57363.694649229314,18.225,0.157,W1
QSO_4.9462721-24.3835689,57363.76005723133,18.283,0.164,W1
QSO_4.9462721-24.3835689,57364.21878924594,18.161,0.138,W1
QSO_4.9462721-24.3835689,57553.08229222045,18.134,0.162,W1
QSO_4.9462721-24.3835689,57553.34489722869,18.139,0.144,W1
QSO_4.9462721-24.3835689,57553.541768634976,17.927,0.143,W1
QSO_4.9462721-24.3835689,57553.738786441216,18.321,0.156,W1
QSO_4.9462721-24.3835689,57553.93569444744,18.499,0.294,W1
QSO_4.9462721-24.3835689,57554.06697865155,17.874000000000002,0.16,W1
QSO_4.9462721-24.3835689,57723.25601060183,18.248,0.175,W1
QSO_4.9462721-24.3835689,57723.38729480602,17.829,0.119,W1
QSO_4.9462721-24.3835689,57723.51846921012,17.91,0.111,W1
QSO_4.9462721-24.3835689,57723.58420281225,18.304,0.159,W1
QSO_4.9462721-24.3835689,57723.64979001434,18.219,0.147,W1
QSO_4.9462721-24.3835689,57723.84666142054,18.126,0.144,W1
QSO_4.9462721-24.3835689,57917.806306000006,18.248,0.189,W1
QSO_4.9462721-24.3835689,57917.93712199996,18.189,0.193,W1
QSO_4.9462721-24.3835689,57918.002529999976,18.111,0.139,W1
QSO_4.9462721-24.3835689,57918.06793799999,18.056,0.157,W1
QSO_4.9462721-24.3835689,57918.13334600001,18.065,0.13,W1
QSO_4.9462721-24.3835689,57918.19875400003,17.823,0.183,W1
QSO_4.9462721-24.3835689,57918.26427149997,18.272,0.181,W1
QSO_4.9462721-24.3835689,57918.329679499984,18.215,0.142,W1
QSO_4.9462721-24.3835689,57918.3950875,18.228,0.152,W1
QSO_4.9462721-24.3835689,57918.65671949999,18.635,0.224,W1
QSO_4.9462721-24.3835689,58083.61069500001,18.009999999999998,0.147,W1
QSO_4.9462721-24.3835689,58083.74151099997,18.34,0.184,W1
QSO_4.9462721-24.3835689,58084.06855099997,17.872999999999998,0.143,W1
QSO_4.9462721-24.3835689,58084.133958999984,18.127,0.226,W1
QSO_4.9462721-24.3835689,58084.199367,18.099,0.199,W1
QSO_4.9462721-24.3835689,58084.26477500002,18.193,0.174,W1
QSO_4.9462721-24.3835689,58084.26488450002,18.165,0.246,W1
QSO_4.9462721-24.3835689,58084.33029250004,18.298,0.181,W1
QSO_4.9462721-24.3835689,58084.46110849999,18.289,0.159,W1
QSO_4.9462721-24.3835689,58084.591924500026,17.86,0.114,W1
QSO_4.9462721-24.3835689,58086.35815950001,18.000999999999998,0.145,W1
QSO_4.9462721-24.3835689,58086.6197915,17.986,0.19,W1
QSO_4.9462721-24.3835689,58086.75060750003,18.234,0.194,W1
QSO_4.9462721-24.3835689,58087.07775700004,18.159,0.158,W1
QSO_4.9462721-24.3835689,58087.470204999976,18.065,0.145,W1
QSO_4.9462721-24.3835689,58284.50757099999,17.997999999999998,0.154,W1
QSO_4.9462721-24.3835689,58284.83446500004,18.405,0.176,W1
QSO_4.9462721-24.3835689,58284.89987299997,18.223,0.17,W1
QSO_4.9462721-24.3835689,58285.09609700003,18.05,0.136,W1
QSO_4.9462721-24.3835689,58285.16150499996,18.122,0.139,W1
QSO_4.9462721-24.3835689,58285.488399000016,18.09,0.138,W1
QSO_4.9462721-24.3835689,58446.83376550001,18.222,0.147,W1
QSO_4.9462721-24.3835689,58446.96458149996,17.996000000000002,0.183,W1
QSO_4.9462721-24.3835689,58447.16065949998,18.576,0.203,W1
QSO_4.9462721-24.3835689,58447.29147550002,17.817,0.129,W1
QSO_4.9462721-24.3835689,58447.35688350003,18.222,0.154,W1
QSO_4.9462721-24.3835689,58447.42229149997,18.164,0.203,W1
QSO_4.9462721-24.3835689,58447.5531075,18.146,0.17,W1
QSO_4.9462721-24.3835689,58648.439763500006,18.32,0.192,W1
QSO_4.9462721-24.3835689,58648.57043350001,18.114,0.134,W1
QSO_4.9462721-24.3835689,58648.70124949996,18.203,0.196,W1
QSO_4.9462721-24.3835689,58648.89732749998,18.443,0.206,W1
QSO_4.9462721-24.3835689,58649.158704000016,18.109,0.156,W1
QSO_4.9462721-24.3835689,58649.15884999996,18.28,0.188,W1
QSO_4.9462721-24.3835689,58649.28951999996,17.988999999999997,0.118,W1
QSO_4.9462721-24.3835689,58649.4202265,18.421,0.214,W1
QSO_4.9462721-24.3835689,58810.84311899999,18.413,0.173,W1
QSO_4.9462721-24.3835689,58810.97382550003,17.891,0.113,W1
QSO_4.9462721-24.3835689,58811.16990349996,17.953,0.151,W1
QSO_4.9462721-24.3835689,58811.3007195,18.048,0.153,W1
QSO_4.9462721-24.3835689,58811.69240099999,18.005,0.118,W1
QSO_4.9462721-24.3835689,59015.71369539998,18.349,0.17,W1
QSO_4.9462721-24.3835689,59015.97578800001,18.173,0.141,W1
QSO_4.9462721-24.3835689,59015.97593439996,18.203,0.17,W1
QSO_4.9462721-24.3835689,59016.106962399965,17.994,0.139,W1
QSO_4.9462721-24.3835689,59016.17240320004,18.24,0.15,W1
QSO_4.9462721-24.3835689,59016.43449579999,18.535,0.226,W1
QSO_4.9462721-24.3835689,59016.56556040001,18.104,0.212,W1
QSO_4.9462721-24.3835689,59016.69658840002,17.956,0.17,W1
QSO_4.9462721-24.3835689,59016.82776279997,17.975,0.124,W1
QSO_4.9462721-24.3835689,59175.49322799996,17.778,0.115,W1
QSO_4.9462721-24.3835689,59175.6242926,18.115,0.206,W1
QSO_4.9462721-24.3835689,59175.7553206,18.26,0.195,W1
QSO_4.9462721-24.3835689,59175.88638520003,18.039,0.164,W1
QSO_4.9462721-24.3835689,59175.95182600001,18.196,0.188,W1
QSO_4.9462721-24.3835689,59178.50687200001,18.014,0.157,W1
QSO_4.9462721-24.3835689,59178.63793659996,17.911,0.181,W1
QSO_4.9462721-24.3835689,59178.76896459996,18.062,0.159,W1
QSO_4.9462721-24.3835689,59380.18626149996,18.127,0.144,W1
QSO_4.9462721-24.3835689,59380.31682199997,18.373,0.189,W1
QSO_4.9462721-24.3835689,59380.83942899999,18.134,0.146,W1
QSO_4.9462721-24.3835689,59380.9699895,18.473,0.199,W1
QSO_4.9462721-24.3835689,59381.035251499976,17.847,0.172,W1
QSO_4.9462721-24.3835689,59381.03539750001,18.429,0.198,W1
QSO_4.9462721-24.3835689,59381.16595800001,17.833,0.181,W1
QSO_4.9462721-24.3835689,59381.29662800001,18.054,0.147,W1
QSO_4.9462721-24.3835689,59542.56490650002,18.351,0.265,W1
QSO_4.9462721-24.3835689,59542.69557650002,18.106,0.137,W1
QSO_4.9462721-24.3835689,59543.15266600003,18.015,0.124,W1
QSO_4.9462721-24.3835689,59543.21796449996,18.05,0.121,W1
QSO_4.9462721-24.3835689,59543.283226500025,18.056,0.126,W1
QSO_4.9462721-24.3835689,59543.41378700003,18.065,0.132,W1
QSO_4.9462721-24.3835689,59543.54434750003,18.153,0.141,W1
QSO_4.9462721-24.3835689,59543.544493499976,18.232,0.148,W1
QSO_4.9462721-24.3835689,59744.44585900003,18.234,0.177,W1
QSO_4.9462721-24.3835689,59744.6414625,18.219,0.152,W1
QSO_4.9462721-24.3835689,59744.70672449999,18.315,0.161,W1
QSO_4.9462721-24.3835689,59744.77187699997,17.792,0.151,W1
QSO_4.9462721-24.3835689,59744.90232799996,18.329,0.201,W1
QSO_4.9462721-24.3835689,59745.032742500014,17.986,0.177,W1
QSO_4.9462721-24.3835689,59745.16304749997,17.917,0.176,W1
QSO_4.9462721-24.3835689,59745.1631935,18.261,0.161,W1
QSO_4.9462721-24.3835689,59906.92283499999,18.042,0.121,W1
QSO_4.9462721-24.3835689,59906.98838900004,18.313,0.157,W1
QSO_4.9462721-24.3835689,59907.05354150002,19.0,0.323,W1
QSO_4.9462721-24.3835689,59907.118694,18.301,0.195,W1
QSO_4.9462721-24.3835689,59907.183700500034,18.541,0.228,W1
QSO_4.9462721-24.3835689,59907.3140055,18.027,0.126,W1
QSO_4.9462721-24.3835689,60110.90100449996,18.041,0.135,W1
QSO_4.9462721-24.3835689,60111.16033700003,18.194,0.187,W1
QSO_4.9462721-24.3835689,60111.28998499997,17.933,0.137,W1
QSO_4.9462721-24.3835689,60111.354882,18.082,0.14,W1
QSO_4.9462721-24.3835689,60111.419779000025,18.417,0.184,W1
QSO_4.9462721-24.3835689,60111.48456649997,17.984,0.133,W1
QSO_4.9462721-24.3835689,60111.54946349999,18.24,0.158,W1
QSO_4.9462721-24.3835689,60111.61425100001,18.497,0.247,W1
QSO_4.9462721-24.3835689,60111.74389900004,18.178,0.278,W1
QSO_4.9462721-24.3835689,60111.8735835,17.733,0.212,W1
QSO_4.9462721-24.3835689,60111.87369300001,18.293,0.158,W1
QSO_4.9462721-24.3835689,60273.251508000016,17.799,0.115,W1
QSO_4.9462721-24.3835689,60273.70352399998,17.924,0.133,W1
QSO_4.9462721-24.3835689,60273.70363349999,18.057,0.132,W1
QSO_4.9462721-24.3835689,60273.768165499976,18.181,0.15,W1
QSO_4.9462721-24.3835689,60273.96183449999,18.198,0.239,W1
QSO_4.9462721-24.3835689,60274.09100799997,18.443,0.216,W1
QSO_4.9462721-24.3835689,60274.220145,18.207,0.162,W1
QSO_4.9462721-24.3835689,60475.44250420001,17.96,0.145,W1
QSO_4.9462721-24.3835689,60475.57075059997,17.958,0.154,W1
QSO_4.9462721-24.3835689,60475.698850599976,18.193,0.177,W1
QSO_4.9462721-24.3835689,55362.35759250002,17.767,0.187,W2
QSO_4.9462721-24.3835689,55362.4897955,18.13,0.265,W2
QSO_4.9462721-24.3835689,55362.62203499999,17.915,0.223,W2
QSO_4.9462721-24.3835689,55362.688063500005,17.934,0.253,W2
QSO_4.9462721-24.3835689,55362.75409200002,18.399,0.318,W2
QSO_4.9462721-24.3835689,55362.75423799997,18.259,0.264,W2
QSO_4.9462721-24.3835689,55362.820266499984,18.26,0.33,W2
QSO_4.9462721-24.3835689,55362.88633150002,18.006999999999998,0.218,W2
QSO_4.9462721-24.3835689,55362.95250599999,18.02,0.253,W2
QSO_4.9462721-24.3835689,55363.34911499999,17.89,0.19,W2
QSO_4.9462721-24.3835689,55539.78004099999,18.334,0.342,W2
QSO_4.9462721-24.3835689,55539.91224399996,18.504,0.379,W2
QSO_4.9462721-24.3835689,55540.044483499965,18.578,0.387,W2
QSO_4.9462721-24.3835689,55540.11051199998,18.314,0.3,W2
QSO_4.9462721-24.3835689,55540.17654049999,18.576,0.384,W2
QSO_4.9462721-24.3835689,55540.176686500025,18.325,0.333,W2
QSO_4.9462721-24.3835689,55540.24271500003,18.829,0.505,W2
QSO_4.9462721-24.3835689,55540.30877999999,18.095,0.322,W2
QSO_4.9462721-24.3835689,55540.37495450003,18.289,0.302,W2
QSO_4.9462721-24.3835689,55540.77145400003,17.995,0.229,W2
QSO_4.9462721-24.3835689,55544.00973399999,18.697,0.501,W2
QSO_4.9462721-24.3835689,56640.030319999976,18.69,0.507,W2
QSO_4.9462721-24.3835689,56640.096238999984,18.417,0.401,W2
QSO_4.9462721-24.3835689,56824.379045,18.725,0.521,W2
QSO_4.9462721-24.3835689,56824.51062749997,18.054,0.451,W2
QSO_4.9462721-24.3835689,56824.77353699998,18.658,0.493,W2
QSO_4.9462721-24.3835689,56825.3653845,17.927,,W2
QSO_4.9462721-24.3835689,56827.73222699998,18.189,0.332,W2
QSO_4.9462721-24.3835689,56827.86366350001,17.989,,W2
QSO_4.9462721-24.3835689,56827.86380950004,18.026,0.273,W2
QSO_4.9462721-24.3835689,56827.995245999984,18.228,0.462,W2
QSO_4.9462721-24.3835689,57004.80934900004,18.509,0.417,W2
QSO_4.9462721-24.3835689,57004.87512200002,17.895,0.227,W2
QSO_4.9462721-24.3835689,57004.94078549999,17.805,0.301,W2
QSO_4.9462721-24.3835689,57005.07211250001,18.067,0.416,W2
QSO_4.9462721-24.3835689,57005.20343950004,17.657,0.193,W2
QSO_4.9462721-24.3835689,57005.33476649998,18.235,0.279,W2
QSO_4.9462721-24.3835689,57005.33487599999,18.052,0.361,W2
QSO_4.9462721-24.3835689,57188.71986025494,18.025,0.309,W2
QSO_4.9462721-24.3835689,57189.24436527154,18.023,0.483,W2
QSO_4.9462721-24.3835689,57189.30991927366,18.122,0.284,W2
QSO_4.9462721-24.3835689,57189.375436775765,18.208,,W2
QSO_4.9462721-24.3835689,57189.44110027781,17.94,0.217,W2
QSO_4.9462721-24.3835689,57189.57217178196,18.61,0.459,W2
QSO_4.9462721-24.3835689,57189.70324328611,18.369,0.366,W2
QSO_4.9462721-24.3835689,57189.703389286144,18.187,0.458,W2
QSO_4.9462721-24.3835689,57189.83446079029,18.267,0.319,W2
QSO_4.9462721-24.3835689,57363.563577725086,18.656,0.471,W2
QSO_4.9462721-24.3835689,57363.62913172722,18.107,0.26,W2
QSO_4.9462721-24.3835689,57363.69453972931,18.285,0.304,W2
QSO_4.9462721-24.3835689,57363.694649229314,18.274,0.29,W2
QSO_4.9462721-24.3835689,57363.76005723133,17.982,0.289,W2
QSO_4.9462721-24.3835689,57364.21878924594,18.079,,W2
QSO_4.9462721-24.3835689,57553.08229222045,18.384,0.378,W2
QSO_4.9462721-24.3835689,57553.34489722869,18.24,0.31,W2
QSO_4.9462721-24.3835689,57553.541768634976,18.557,0.399,W2
QSO_4.9462721-24.3835689,57553.738786441216,18.229,,W2
QSO_4.9462721-24.3835689,57553.93569444744,18.131,0.274,W2
QSO_4.9462721-24.3835689,57554.06697865155,17.997,0.29,W2
QSO_4.9462721-24.3835689,57723.25601060183,18.452,0.499,W2
QSO_4.9462721-24.3835689,57723.38729480602,18.178,0.303,W2
QSO_4.9462721-24.3835689,57723.51846921012,18.186,0.289,W2
QSO_4.9462721-24.3835689,57723.58420281225,17.552,0.373,W2
QSO_4.9462721-24.3835689,57723.64979001434,17.966,0.271,W2
QSO_4.9462721-24.3835689,57723.84666142054,17.756,,W2
QSO_4.9462721-24.3835689,57917.806306000006,18.006,0.281,W2
QSO_4.9462721-24.3835689,57917.93712199996,18.148,0.531,W2
QSO_4.9462721-24.3835689,57918.002529999976,18.536,0.416,W2
QSO_4.9462721-24.3835689,57918.06793799999,18.252,0.38,W2
QSO_4.9462721-24.3835689,57918.13334600001,18.21,,W2
QSO_4.9462721-24.3835689,57918.19875400003,17.491,0.284,W2
QSO_4.9462721-24.3835689,57918.26427149997,18.348,0.403,W2
QSO_4.9462721-24.3835689,57918.329679499984,18.059,0.322,W2
QSO_4.9462721-24.3835689,57918.3950875,17.656,,W2
QSO_4.9462721-24.3835689,57918.65671949999,17.988,0.261,W2
QSO_4.9462721-24.3835689,58083.61069500001,17.804,0.322,W2
QSO_4.9462721-24.3835689,58083.74151099997,17.886,,W2
QSO_4.9462721-24.3835689,58084.06855099997,17.994,,W2
QSO_4.9462721-24.3835689,58084.133958999984,18.715,0.539,W2
QSO_4.9462721-24.3835689,58084.199367,17.779,,W2
QSO_4.9462721-24.3835689,58084.26477500002,18.444,0.453,W2
QSO_4.9462721-24.3835689,58084.26488450002,17.855999999999998,0.259,W2
QSO_4.9462721-24.3835689,58084.33029250004,18.555,0.537,W2
QSO_4.9462721-24.3835689,58084.46110849999,17.793,,W2
QSO_4.9462721-24.3835689,58084.591924500026,17.896,,W2
QSO_4.9462721-24.3835689,58086.35815950001,17.677,,W2
QSO_4.9462721-24.3835689,58086.6197915,17.938,0.492,W2
QSO_4.9462721-24.3835689,58086.75060750003,17.959,0.409,W2
QSO_4.9462721-24.3835689,58087.07775700004,17.701999999999998,,W2
QSO_4.9462721-24.3835689,58087.470204999976,17.598,,W2
QSO_4.9462721-24.3835689,58284.50757099999,17.980999999999998,,W2
QSO_4.9462721-24.3835689,58284.83446500004,18.135,0.413,W2
QSO_4.9462721-24.3835689,58284.89987299997,17.964,0.276,W2
QSO_4.9462721-24.3835689,58285.09609700003,18.609,0.428,W2
QSO_4.9462721-24.3835689,58285.16150499996,18.341,0.421,W2
QSO_4.9462721-24.3835689,58285.488399000016,18.271,0.442,W2
QSO_4.9462721-24.3835689,58446.83376550001,18.361,0.386,W2
QSO_4.9462721-24.3835689,58446.96458149996,17.929,0.281,W2
QSO_4.9462721-24.3835689,58447.16065949998,18.4,0.375,W2
QSO_4.9462721-24.3835689,58447.29147550002,18.134,0.339,W2
QSO_4.9462721-24.3835689,58447.35688350003,18.205,0.306,W2
QSO_4.9462721-24.3835689,58447.42229149997,18.438,0.507,W2
QSO_4.9462721-24.3835689,58447.5531075,18.12,,W2
QSO_4.9462721-24.3835689,58648.439763500006,18.194,0.301,W2
QSO_4.9462721-24.3835689,58648.57043350001,18.339,0.374,W2
QSO_4.9462721-24.3835689,58648.70124949996,17.81,,W2
QSO_4.9462721-24.3835689,58648.89732749998,17.727999999999998,0.288,W2
QSO_4.9462721-24.3835689,58649.158704000016,18.541,0.442,W2
QSO_4.9462721-24.3835689,58649.15884999996,17.945999999999998,0.238,W2
QSO_4.9462721-24.3835689,58649.28951999996,18.003999999999998,,W2
QSO_4.9462721-24.3835689,58649.4202265,18.37,0.469,W2
QSO_4.9462721-24.3835689,58810.84311899999,17.705,,W2
QSO_4.9462721-24.3835689,58810.97382550003,18.607,0.51,W2
QSO_4.9462721-24.3835689,58811.16990349996,18.148,0.341,W2
QSO_4.9462721-24.3835689,58811.3007195,17.637,0.212,W2
QSO_4.9462721-24.3835689,58811.69240099999,18.187,0.316,W2
QSO_4.9462721-24.3835689,59015.71369539998,18.052,0.424,W2
QSO_4.9462721-24.3835689,59015.97578800001,18.182,0.406,W2
QSO_4.9462721-24.3835689,59015.97593439996,18.292,0.478,W2
QSO_4.9462721-24.3835689,59016.106962399965,17.964,0.319,W2
QSO_4.9462721-24.3835689,59016.17240320004,18.245,0.442,W2
QSO_4.9462721-24.3835689,59016.43449579999,18.121,0.278,W2
QSO_4.9462721-24.3835689,59016.56556040001,18.187,0.306,W2
QSO_4.9462721-24.3835689,59016.69658840002,17.878,,W2
QSO_4.9462721-24.3835689,59016.82776279997,18.477,0.365,W2
QSO_4.9462721-24.3835689,59175.49322799996,17.775,,W2
QSO_4.9462721-24.3835689,59175.6242926,18.39,0.457,W2
QSO_4.9462721-24.3835689,59175.7553206,18.422,0.46,W2
QSO_4.9462721-24.3835689,59175.88638520003,17.265,,W2
QSO_4.9462721-24.3835689,59175.95182600001,18.108,0.362,W2
QSO_4.9462721-24.3835689,59178.50687200001,17.675,,W2
QSO_4.9462721-24.3835689,59178.63793659996,18.296,0.529,W2
QSO_4.9462721-24.3835689,59178.76896459996,17.915,0.537,W2
QSO_4.9462721-24.3835689,59380.18626149996,17.692,0.205,W2
QSO_4.9462721-24.3835689,59380.31682199997,18.099,,W2
QSO_4.9462721-24.3835689,59380.83942899999,18.571,0.481,W2
QSO_4.9462721-24.3835689,59380.9699895,18.204,0.341,W2
QSO_4.9462721-24.3835689,59381.035251499976,17.61,0.211,W2
QSO_4.9462721-24.3835689,59381.03539750001,17.922,,W2
QSO_4.9462721-24.3835689,59381.16595800001,17.936,,W2
QSO_4.9462721-24.3835689,59381.29662800001,17.837,0.254,W2
QSO_4.9462721-24.3835689,59542.56490650002,18.135,0.279,W2
QSO_4.9462721-24.3835689,59542.69557650002,18.174,0.445,W2
QSO_4.9462721-24.3835689,59543.15266600003,18.116,,W2
QSO_4.9462721-24.3835689,59543.21796449996,18.277,0.331,W2
QSO_4.9462721-24.3835689,59543.283226500025,18.059,0.316,W2
QSO_4.9462721-24.3835689,59543.41378700003,17.916999999999998,,W2
QSO_4.9462721-24.3835689,59543.54434750003,18.329,0.432,W2
QSO_4.9462721-24.3835689,59543.544493499976,17.962,0.244,W2
QSO_4.9462721-24.3835689,59744.44585900003,17.778,0.224,W2
QSO_4.9462721-24.3835689,59744.6414625,17.933,0.263,W2
QSO_4.9462721-24.3835689,59744.70672449999,18.068,0.382,W2
QSO_4.9462721-24.3835689,59744.77187699997,18.319,0.471,W2
QSO_4.9462721-24.3835689,59744.90232799996,18.596,0.528,W2
QSO_4.9462721-24.3835689,59745.032742500014,18.165,,W2
QSO_4.9462721-24.3835689,59745.16304749997,18.268,0.353,W2
QSO_4.9462721-24.3835689,59745.1631935,17.934,0.237,W2
QSO_4.9462721-24.3835689,59906.92283499999,18.182,,W2
QSO_4.9462721-24.3835689,59906.98838900004,17.695999999999998,0.244,W2
QSO_4.9462721-24.3835689,59907.05354150002,17.866,0.28,W2
QSO_4.9462721-24.3835689,59907.118694,18.512,0.405,W2
QSO_4.9462721-24.3835689,59907.183700500034,18.54,0.427,W2
QSO_4.9462721-24.3835689,59907.3140055,17.965,0.292,W2
QSO_4.9462721-24.3835689,60110.90100449996,18.134,0.332,W2
QSO_4.9462721-24.3835689,60111.16033700003,17.708,,W2
QSO_4.9462721-24.3835689,60111.28998499997,17.831,0.295,W2
QSO_4.9462721-24.3835689,60111.354882,18.511,0.425,W2
QSO_4.9462721-24.3835689,60111.419779000025,17.889,0.308,W2
QSO_4.9462721-24.3835689,60111.48456649997,18.312,0.429,W2
QSO_4.9462721-24.3835689,60111.54946349999,18.588,0.432,W2
QSO_4.9462721-24.3835689,60111.61425100001,18.128,0.33,W2
QSO_4.9462721-24.3835689,60111.74389900004,18.032,,W2
QSO_4.9462721-24.3835689,60111.8735835,17.945,,W2
QSO_4.9462721-24.3835689,60111.87369300001,17.589,,W2
QSO_4.9462721-24.3835689,60273.251508000016,18.396,0.394,W2
QSO_4.9462721-24.3835689,60273.70352399998,18.269,0.348,W2
QSO_4.9462721-24.3835689,60273.70363349999,18.501,0.479,W2
QSO_4.9462721-24.3835689,60273.768165499976,18.357,0.364,W2
QSO_4.9462721-24.3835689,60273.96183449999,18.192,0.314,W2
QSO_4.9462721-24.3835689,60274.09100799997,17.798,,W2
QSO_4.9462721-24.3835689,60274.220145,18.383,0.389,W2
QSO_4.9462721-24.3835689,60475.44250420001,17.820999999999998,0.313,W2
QSO_4.9462721-24.3835689,60475.57075059997,17.729,,W2
QSO_4.9462721-24.3835689,60475.698850599976,18.18,0.542,W2
QSO_4.8645244-24.492201,55362.35759250002,17.851,0.11,W1
QSO_4.8645244-24.492201,55362.4897955,18.142,0.128,W1
QSO_4.8645244-24.492201,55362.55586050003,17.839,0.113,W1
QSO_4.8645244-24.492201,55362.62203499999,17.939999999999998,0.113,W1
QSO_4.8645244-24.492201,55362.688063500005,17.958,0.119,W1
QSO_4.8645244-24.492201,55362.75423799997,18.003999999999998,0.131,W1
QSO_4.8645244-24.492201,55362.820266499984,17.766,0.101,W1
QSO_4.8645244-24.492201,55362.95250599999,18.417,0.173,W1
QSO_4.8645244-24.492201,55539.78004099999,18.009,0.131,W1
QSO_4.8645244-24.492201,55539.91224399996,18.078,0.131,W1
QSO_4.8645244-24.492201,55539.978309000006,18.278,0.163,W1
QSO_4.8645244-24.492201,55540.044483499965,18.126,0.137,W1
QSO_4.8645244-24.492201,55540.11051199998,18.31,0.173,W1
QSO_4.8645244-24.492201,55540.17654049999,18.289,0.162,W1
QSO_4.8645244-24.492201,55540.24271500003,17.942,0.121,W1
QSO_4.8645244-24.492201,55540.3748085,18.034,0.137,W1
QSO_4.8645244-24.492201,55544.00973399999,17.936999999999998,0.14,W1
QSO_4.8645244-24.492201,56824.379045,17.923000000000002,0.221,W1
QSO_4.8645244-24.492201,56824.51062749997,17.837,0.106,W1
QSO_4.8645244-24.492201,56824.77353699998,18.142,0.164,W1
QSO_4.8645244-24.492201,56824.970892500016,18.331,0.16,W1
QSO_4.8645244-24.492201,56827.73222699998,17.939999999999998,0.124,W1
QSO_4.8645244-24.492201,56827.86380950004,17.979,0.171,W1
QSO_4.8645244-24.492201,56827.995245999984,17.84,0.138,W1
QSO_4.8645244-24.492201,57004.21826799997,18.153,0.15,W1
QSO_4.8645244-24.492201,57004.80934900004,18.086,0.165,W1
QSO_4.8645244-24.492201,57004.875012500015,17.829,0.121,W1
QSO_4.8645244-24.492201,57004.94078549999,17.945999999999998,0.117,W1
QSO_4.8645244-24.492201,57005.07211250001,17.976,0.122,W1
QSO_4.8645244-24.492201,57005.20343950004,18.326,0.17,W1
QSO_4.8645244-24.492201,57188.58864275076,17.846,0.106,W1
QSO_4.8645244-24.492201,57188.71986025494,17.906,0.11,W1
QSO_4.8645244-24.492201,57189.17884776952,17.816000000000003,0.178,W1
QSO_4.8645244-24.492201,57189.24436527154,17.96,0.172,W1
QSO_4.8645244-24.492201,57189.30991927366,17.893,0.112,W1
QSO_4.8645244-24.492201,57189.44110027781,18.057,0.126,W1
QSO_4.8645244-24.492201,57189.57217178196,17.97,0.172,W1
QSO_4.8645244-24.492201,57189.703389286144,17.89,0.106,W1
QSO_4.8645244-24.492201,57363.10484571056,18.059,0.121,W1
QSO_4.8645244-24.492201,57363.56346822508,17.616,0.135,W1
QSO_4.8645244-24.492201,57363.563577725086,18.076,0.126,W1
QSO_4.8645244-24.492201,57363.62913172722,18.051,0.133,W1
QSO_4.8645244-24.492201,57363.69453972931,18.268,0.178,W1
QSO_4.8645244-24.492201,57363.76005723133,17.729,0.158,W1
QSO_4.8645244-24.492201,57552.95100801626,18.144,0.142,W1
QSO_4.8645244-24.492201,57553.08229222045,18.279,0.158,W1
QSO_4.8645244-24.492201,57553.34489722869,18.2,0.154,W1
QSO_4.8645244-24.492201,57553.41048443079,18.088,0.137,W1
QSO_4.8645244-24.492201,57553.4105942308,18.036,0.13,W1
QSO_4.8645244-24.492201,57553.541768634976,18.346,0.164,W1
QSO_4.8645244-24.492201,57553.54191503493,17.956,0.12,W1
QSO_4.8645244-24.492201,57553.67319923912,18.158,0.132,W1
QSO_4.8645244-24.492201,57553.80452004326,18.034,0.122,W1
QSO_4.8645244-24.492201,57553.93569444744,17.77,0.15,W1
QSO_4.8645244-24.492201,57554.06697865155,18.073,0.15,W1
QSO_4.8645244-24.492201,57554.06712505159,18.037,0.13,W1
QSO_4.8645244-24.492201,57723.25601060183,17.832,0.121,W1
QSO_4.8645244-24.492201,57723.32159780392,17.985,0.131,W1
QSO_4.8645244-24.492201,57723.38729480602,18.116,0.129,W1
QSO_4.8645244-24.492201,57723.51846921012,17.908,0.115,W1
QSO_4.8645244-24.492201,57723.58420281225,17.904,0.109,W1
QSO_4.8645244-24.492201,57723.84666142054,17.962,0.118,W1
QSO_4.8645244-24.492201,57917.806306000006,18.144,0.155,W1
QSO_4.8645244-24.492201,57917.93712199996,18.173,0.167,W1
QSO_4.8645244-24.492201,57918.002529999976,18.012999999999998,0.137,W1
QSO_4.8645244-24.492201,57918.06793799999,18.172,0.15,W1
QSO_4.8645244-24.492201,57918.13334600001,18.084,0.158,W1
QSO_4.8645244-24.492201,57918.19875400003,18.268,0.167,W1
QSO_4.8645244-24.492201,57918.19886350003,17.797,0.108,W1
QSO_4.8645244-24.492201,57918.26427149997,17.965,0.14,W1
QSO_4.8645244-24.492201,57918.3950875,18.263,0.197,W1
QSO_4.8645244-24.492201,57918.65671949999,18.221,0.262,W1
QSO_4.8645244-24.492201,57918.65686550002,17.98,0.137,W1
QSO_4.8645244-24.492201,58083.47976949997,18.106,0.145,W1
QSO_4.8645244-24.492201,58083.47987899998,18.098,0.129,W1
QSO_4.8645244-24.492201,58083.61069500001,17.936999999999998,0.134,W1
QSO_4.8645244-24.492201,58083.74151099997,17.984,0.126,W1
QSO_4.8645244-24.492201,58084.06855099997,18.0,0.163,W1
QSO_4.8645244-24.492201,58084.133958999984,17.953,0.122,W1
QSO_4.8645244-24.492201,58084.199367,18.124,0.167,W1
QSO_4.8645244-24.492201,58084.33018300004,17.997999999999998,0.133,W1
QSO_4.8645244-24.492201,58084.33029250004,17.987000000000002,0.145,W1
QSO_4.8645244-24.492201,58084.46110849999,18.122,0.145,W1
QSO_4.8645244-24.492201,58086.35815950001,17.758,0.112,W1
QSO_4.8645244-24.492201,58086.6197915,18.343,0.23,W1
QSO_4.8645244-24.492201,58086.68519950001,17.930999999999997,0.218,W1
QSO_4.8645244-24.492201,58086.75060750003,17.988999999999997,0.173,W1
QSO_4.8645244-24.492201,58284.50757099999,18.047,0.13,W1
QSO_4.8645244-24.492201,58284.76920299997,18.04,0.146,W1
QSO_4.8645244-24.492201,58284.83446500004,18.076,0.129,W1
QSO_4.8645244-24.492201,58284.83461099999,18.061,0.128,W1
QSO_4.8645244-24.492201,58284.89987299997,18.003999999999998,0.128,W1
QSO_4.8645244-24.492201,58285.09609700003,17.936,0.121,W1
QSO_4.8645244-24.492201,58446.83376550001,18.146,0.156,W1
QSO_4.8645244-24.492201,58446.96458149996,17.926000000000002,0.108,W1
QSO_4.8645244-24.492201,58447.02998949998,17.976,0.112,W1
QSO_4.8645244-24.492201,58447.095251499966,18.294,0.221,W1
QSO_4.8645244-24.492201,58447.16065949998,18.497,0.206,W1
QSO_4.8645244-24.492201,58447.29147550002,18.074,0.183,W1
QSO_4.8645244-24.492201,58447.35688350003,18.083,0.13,W1
QSO_4.8645244-24.492201,58447.42229149997,17.725,0.116,W1
QSO_4.8645244-24.492201,58447.5531075,17.904,0.108,W1
QSO_4.8645244-24.492201,58648.17824100002,18.124,0.14,W1
QSO_4.8645244-24.492201,58648.30905699998,18.014,0.134,W1
QSO_4.8645244-24.492201,58648.439763500006,18.027,0.129,W1
QSO_4.8645244-24.492201,58648.63584150003,17.933999999999997,0.13,W1
QSO_4.8645244-24.492201,58648.70124949996,18.205,0.165,W1
QSO_4.8645244-24.492201,58648.89732749998,18.136,0.151,W1
QSO_4.8645244-24.492201,58649.15884999996,18.098,0.146,W1
QSO_4.8645244-24.492201,58649.28951999996,17.964,0.137,W1
QSO_4.8645244-24.492201,58810.97382550003,17.909,0.117,W1
QSO_4.8645244-24.492201,58811.03923350004,18.015,0.119,W1
QSO_4.8645244-24.492201,58811.16990349996,17.976,0.148,W1
QSO_4.8645244-24.492201,58811.3007195,18.262,0.147,W1
QSO_4.8645244-24.492201,59015.71369539998,17.966,0.116,W1
QSO_4.8645244-24.492201,59015.71384180001,18.349,0.232,W1
QSO_4.8645244-24.492201,59015.844869800014,18.059,0.151,W1
QSO_4.8645244-24.492201,59015.97593439996,18.39,0.292,W1
QSO_4.8645244-24.492201,59016.04137520003,18.209,0.161,W1
QSO_4.8645244-24.492201,59016.106962399965,18.225,0.205,W1
QSO_4.8645244-24.492201,59016.17240320004,17.972,0.119,W1
QSO_4.8645244-24.492201,59016.43449579999,17.884999999999998,0.147,W1
QSO_4.8645244-24.492201,59016.56556040001,18.225,0.175,W1
QSO_4.8645244-24.492201,59016.56567020002,18.08,0.162,W1
QSO_4.8645244-24.492201,59016.69658840002,18.164,0.165,W1
QSO_4.8645244-24.492201,59016.69673479997,17.637,0.111,W1
QSO_4.8645244-24.492201,59175.36219999997,17.988,0.125,W1
QSO_4.8645244-24.492201,59175.49322799996,17.841,0.107,W1
QSO_4.8645244-24.492201,59175.6242926,18.341,0.178,W1
QSO_4.8645244-24.492201,59175.7553206,18.03,0.151,W1
QSO_4.8645244-24.492201,59175.820798000015,18.301,0.18,W1
QSO_4.8645244-24.492201,59175.95182600001,18.055,0.164,W1
QSO_4.8645244-24.492201,59178.50687200001,18.006,0.147,W1
QSO_4.8645244-24.492201,59178.63793659996,18.144,0.153,W1
QSO_4.8645244-24.492201,59178.70337740003,17.909,0.135,W1
QSO_4.8645244-24.492201,59178.76896459996,17.909,0.145,W1
QSO_4.8645244-24.492201,59178.90002919999,17.762999999999998,0.143,W1
QSO_4.8645244-24.492201,59178.96546999998,17.981,0.199,W1
QSO_4.8645244-24.492201,59380.05570099997,18.142,0.183,W1
QSO_4.8645244-24.492201,59380.18626149996,18.281,0.155,W1
QSO_4.8645244-24.492201,59380.83942899999,18.102,0.135,W1
QSO_4.8645244-24.492201,59381.03539750001,17.915,0.115,W1
QSO_4.8645244-24.492201,59381.16595800001,18.151,0.173,W1
QSO_4.8645244-24.492201,59542.56490650002,18.256,0.179,W1
QSO_4.8645244-24.492201,59542.69557650002,18.253,0.226,W1
QSO_4.8645244-24.492201,59543.15266600003,17.974,0.113,W1
QSO_4.8645244-24.492201,59543.283226500025,17.781,0.102,W1
QSO_4.8645244-24.492201,59543.41378700003,18.224,0.157,W1
QSO_4.8645244-24.492201,59744.44585900003,18.059,0.147,W1
QSO_4.8645244-24.492201,59744.446004999976,18.009,0.133,W1
QSO_4.8645244-24.492201,59744.70672449999,18.13,0.135,W1
QSO_4.8645244-24.492201,59744.77187699997,18.039,0.165,W1
QSO_4.8645244-24.492201,59744.90232799996,18.14,0.154,W1
QSO_4.8645244-24.492201,59745.032742500014,17.88,0.11,W1
QSO_4.8645244-24.492201,59906.337229000026,17.936999999999998,0.118,W1
QSO_4.8645244-24.492201,59906.467424499984,18.049,0.18,W1
QSO_4.8645244-24.492201,59906.92283499999,18.173,0.13,W1
QSO_4.8645244-24.492201,59906.98838900004,18.244,0.158,W1
QSO_4.8645244-24.492201,59907.05354150002,17.861,0.11,W1
QSO_4.8645244-24.492201,59907.183700500034,18.035,0.121,W1
QSO_4.8645244-24.492201,59907.3140055,17.839,0.111,W1
QSO_4.8645244-24.492201,60110.90100449996,18.195,0.152,W1
QSO_4.8645244-24.492201,60111.16033700003,18.131,0.218,W1
QSO_4.8645244-24.492201,60111.225233999976,18.038,0.138,W1
QSO_4.8645244-24.492201,60111.354882,18.243,0.165,W1
QSO_4.8645244-24.492201,60111.419779000025,17.655,0.109,W1
QSO_4.8645244-24.492201,60111.48456649997,18.289,0.266,W1
QSO_4.8645244-24.492201,60111.61425100001,18.259,0.202,W1
QSO_4.8645244-24.492201,60111.74389900004,18.005,0.312,W1
QSO_4.8645244-24.492201,60111.74404499999,17.959,0.119,W1
QSO_4.8645244-24.492201,60111.87369300001,17.725,0.124,W1
QSO_4.8645244-24.492201,60273.12237099998,18.437,0.208,W1
QSO_4.8645244-24.492201,60273.251508000016,18.0,0.281,W1
QSO_4.8645244-24.492201,60273.70352399998,18.171,0.23,W1
QSO_4.8645244-24.492201,60273.768165499976,18.225,0.155,W1
QSO_4.8645244-24.492201,60273.96183449999,18.016,0.129,W1
QSO_4.8645244-24.492201,60274.09100799997,18.116,0.158,W1
QSO_4.8645244-24.492201,60475.44250420001,18.147,0.166,W1
QSO_4.8645244-24.492201,60475.63480060002,18.089,0.165,W1
QSO_4.8645244-24.492201,60475.698850599976,17.728,0.125,W1
QSO_4.8645244-24.492201,60475.82709700002,17.903,0.136,W1
QSO_4.8645244-24.492201,60475.89114699999,18.242,0.182,W1
QSO_4.8645244-24.492201,60476.14749340004,18.104,0.46,W1
QSO_4.8645244-24.492201,55362.35759250002,18.88,0.484,W2
QSO_4.8645244-24.492201,55362.4897955,17.61,0.192,W2
QSO_4.8645244-24.492201,55362.55586050003,18.268,0.312,W2
QSO_4.8645244-24.492201,55362.62203499999,17.808,0.207,W2
QSO_4.8645244-24.492201,55362.688063500005,18.607,0.387,W2
QSO_4.8645244-24.492201,55362.75423799997,18.092,0.246,W2
QSO_4.8645244-24.492201,55362.820266499984,18.621,0.444,W2
QSO_4.8645244-24.492201,55362.95250599999,18.384,0.351,W2
QSO_4.8645244-24.492201,55539.78004099999,18.463,,W2
QSO_4.8645244-24.492201,55539.91224399996,18.213,,W2
QSO_4.8645244-24.492201,55539.978309000006,18.132,,W2
QSO_4.8645244-24.492201,55540.044483499965,18.236,0.332,W2
QSO_4.8645244-24.492201,55540.11051199998,17.851,0.201,W2
QSO_4.8645244-24.492201,55540.17654049999,18.814,0.491,W2
QSO_4.8645244-24.492201,55540.24271500003,18.367,0.332,W2
QSO_4.8645244-24.492201,55540.3748085,18.66,0.42,W2
QSO_4.8645244-24.492201,55544.00973399999,18.343,0.369,W2
QSO_4.8645244-24.492201,56824.379045,18.3,,W2
QSO_4.8645244-24.492201,56824.51062749997,17.525,0.304,W2
QSO_4.8645244-24.492201,56824.77353699998,18.274,0.42,W2
QSO_4.8645244-24.492201,56824.970892500016,18.251,,W2
QSO_4.8645244-24.492201,56827.73222699998,18.147,0.356,W2
QSO_4.8645244-24.492201,56827.86380950004,17.829,,W2
QSO_4.8645244-24.492201,56827.995245999984,17.576999999999998,,W2
QSO_4.8645244-24.492201,57004.21826799997,18.074,,W2
QSO_4.8645244-24.492201,57004.80934900004,18.24,0.317,W2
QSO_4.8645244-24.492201,57004.875012500015,18.037,0.265,W2
QSO_4.8645244-24.492201,57004.94078549999,18.455,0.356,W2
QSO_4.8645244-24.492201,57005.07211250001,17.994,0.32,W2
QSO_4.8645244-24.492201,57005.20343950004,18.211,,W2
QSO_4.8645244-24.492201,57188.58864275076,18.454,0.351,W2
QSO_4.8645244-24.492201,57188.71986025494,17.996,,W2
QSO_4.8645244-24.492201,57189.17884776952,18.509,0.373,W2
QSO_4.8645244-24.492201,57189.24436527154,18.306,0.355,W2
QSO_4.8645244-24.492201,57189.30991927366,18.462,0.419,W2
QSO_4.8645244-24.492201,57189.44110027781,18.386,0.338,W2
QSO_4.8645244-24.492201,57189.57217178196,18.148,,W2
QSO_4.8645244-24.492201,57189.703389286144,17.96,,W2
QSO_4.8645244-24.492201,57363.10484571056,18.087,0.279,W2
QSO_4.8645244-24.492201,57363.56346822508,18.888,,W2
QSO_4.8645244-24.492201,57363.563577725086,18.399,0.434,W2
QSO_4.8645244-24.492201,57363.62913172722,18.591,0.409,W2
QSO_4.8645244-24.492201,57363.69453972931,18.395,0.383,W2
QSO_4.8645244-24.492201,57363.76005723133,18.422,,W2
QSO_4.8645244-24.492201,57552.95100801626,18.33,0.333,W2
QSO_4.8645244-24.492201,57553.08229222045,18.026,0.287,W2
QSO_4.8645244-24.492201,57553.34489722869,18.009999999999998,,W2
QSO_4.8645244-24.492201,57553.41048443079,18.529,0.4,W2
QSO_4.8645244-24.492201,57553.4105942308,18.436,0.376,W2
QSO_4.8645244-24.492201,57553.541768634976,18.907,0.538,W2
QSO_4.8645244-24.492201,57553.54191503493,18.36,0.336,W2
QSO_4.8645244-24.492201,57553.67319923912,18.028,,W2
QSO_4.8645244-24.492201,57553.80452004326,18.311,,W2
QSO_4.8645244-24.492201,57553.93569444744,18.209,,W2
QSO_4.8645244-24.492201,57554.06697865155,18.35,,W2
QSO_4.8645244-24.492201,57554.06712505159,18.432,0.442,W2
QSO_4.8645244-24.492201,57723.25601060183,18.433,,W2
QSO_4.8645244-24.492201,57723.32159780392,18.049,0.352,W2
QSO_4.8645244-24.492201,57723.38729480602,18.215,,W2
QSO_4.8645244-24.492201,57723.51846921012,18.478,0.364,W2
QSO_4.8645244-24.492201,57723.58420281225,18.297,0.368,W2
QSO_4.8645244-24.492201,57723.84666142054,18.344,0.375,W2
QSO_4.8645244-24.492201,57917.806306000006,18.346,,W2
QSO_4.8645244-24.492201,57917.93712199996,18.185,0.388,W2
QSO_4.8645244-24.492201,57918.002529999976,18.169,0.299,W2
QSO_4.8645244-24.492201,57918.06793799999,18.147,0.393,W2
QSO_4.8645244-24.492201,57918.13334600001,18.134,0.349,W2
QSO_4.8645244-24.492201,57918.19875400003,18.021,0.273,W2
QSO_4.8645244-24.492201,57918.19886350003,18.105,,W2
QSO_4.8645244-24.492201,57918.26427149997,18.116,,W2
QSO_4.8645244-24.492201,57918.3950875,18.387,0.383,W2
QSO_4.8645244-24.492201,57918.65671949999,18.07,0.283,W2
QSO_4.8645244-24.492201,57918.65686550002,18.694,0.47,W2
QSO_4.8645244-24.492201,58083.47976949997,18.243,0.357,W2
QSO_4.8645244-24.492201,58083.47987899998,17.692,,W2
QSO_4.8645244-24.492201,58083.61069500001,17.956,0.312,W2
QSO_4.8645244-24.492201,58083.74151099997,18.492,,W2
QSO_4.8645244-24.492201,58084.06855099997,17.896,0.395,W2
QSO_4.8645244-24.492201,58084.133958999984,18.187,0.331,W2
QSO_4.8645244-24.492201,58084.199367,18.062,,W2
QSO_4.8645244-24.492201,58084.33018300004,18.448,0.433,W2
QSO_4.8645244-24.492201,58084.33029250004,17.625,,W2
QSO_4.8645244-24.492201,58084.46110849999,18.127,0.363,W2
QSO_4.8645244-24.492201,58086.35815950001,16.889,,W2
QSO_4.8645244-24.492201,58086.6197915,17.72,,W2
QSO_4.8645244-24.492201,58086.68519950001,17.746,,W2
QSO_4.8645244-24.492201,58086.75060750003,18.091,,W2
QSO_4.8645244-24.492201,58284.50757099999,18.624,,W2
QSO_4.8645244-24.492201,58284.76920299997,17.312,,W2
QSO_4.8645244-24.492201,58284.83446500004,18.246,,W2
QSO_4.8645244-24.492201,58284.83461099999,18.447,,W2
QSO_4.8645244-24.492201,58284.89987299997,18.387,0.517,W2
QSO_4.8645244-24.492201,58285.09609700003,17.826999999999998,,W2
QSO_4.8645244-24.492201,58446.83376550001,17.854,,W2
QSO_4.8645244-24.492201,58446.96458149996,18.345,0.342,W2
QSO_4.8645244-24.492201,58447.02998949998,18.169,,W2
QSO_4.8645244-24.492201,58447.095251499966,18.488,,W2
QSO_4.8645244-24.492201,58447.16065949998,17.941,,W2
QSO_4.8645244-24.492201,58447.29147550002,18.243,0.374,W2
QSO_4.8645244-24.492201,58447.35688350003,17.793,0.359,W2
QSO_4.8645244-24.492201,58447.42229149997,18.621,0.541,W2
QSO_4.8645244-24.492201,58447.5531075,18.172,0.275,W2
QSO_4.8645244-24.492201,58648.17824100002,18.259,,W2
QSO_4.8645244-24.492201,58648.30905699998,18.123,,W2
QSO_4.8645244-24.492201,58648.439763500006,18.563,0.482,W2
QSO_4.8645244-24.492201,58648.63584150003,18.373,0.418,W2
QSO_4.8645244-24.492201,58648.70124949996,17.848,,W2
QSO_4.8645244-24.492201,58648.89732749998,17.483999999999998,,W2
QSO_4.8645244-24.492201,58649.15884999996,18.041,0.272,W2
QSO_4.8645244-24.492201,58649.28951999996,17.149,,W2
QSO_4.8645244-24.492201,58810.97382550003,17.823999999999998,,W2
QSO_4.8645244-24.492201,58811.03923350004,17.924,,W2
QSO_4.8645244-24.492201,58811.16990349996,18.333,0.444,W2
QSO_4.8645244-24.492201,58811.3007195,17.968,,W2
QSO_4.8645244-24.492201,59015.71369539998,18.626,0.515,W2
QSO_4.8645244-24.492201,59015.71384180001,18.574,,W2
QSO_4.8645244-24.492201,59015.844869800014,17.942,,W2
QSO_4.8645244-24.492201,59015.97593439996,17.898,,W2
QSO_4.8645244-24.492201,59016.04137520003,18.112,0.424,W2
QSO_4.8645244-24.492201,59016.106962399965,17.797,,W2
QSO_4.8645244-24.492201,59016.17240320004,17.942,0.263,W2
QSO_4.8645244-24.492201,59016.43449579999,18.009,,W2
QSO_4.8645244-24.492201,59016.56556040001,18.095,0.371,W2
QSO_4.8645244-24.492201,59016.56567020002,18.317,,W2
QSO_4.8645244-24.492201,59016.69658840002,18.375,,W2
QSO_4.8645244-24.492201,59016.69673479997,17.855999999999998,,W2
QSO_4.8645244-24.492201,59175.36219999997,18.745,,W2
QSO_4.8645244-24.492201,59175.49322799996,18.149,0.35,W2
QSO_4.8645244-24.492201,59175.6242926,17.982,,W2
QSO_4.8645244-24.492201,59175.7553206,17.887,,W2
QSO_4.8645244-24.492201,59175.820798000015,17.794,,W2
QSO_4.8645244-24.492201,59175.95182600001,17.912,0.363,W2
QSO_4.8645244-24.492201,59178.50687200001,17.71,,W2
QSO_4.8645244-24.492201,59178.63793659996,17.95,0.409,W2
QSO_4.8645244-24.492201,59178.70337740003,17.673,,W2
QSO_4.8645244-24.492201,59178.76896459996,17.651,,W2
QSO_4.8645244-24.492201,59178.90002919999,18.014,,W2
QSO_4.8645244-24.492201,59178.96546999998,17.678,,W2
QSO_4.8645244-24.492201,59380.05570099997,18.262,,W2
QSO_4.8645244-24.492201,59380.18626149996,18.694,0.521,W2
QSO_4.8645244-24.492201,59380.83942899999,17.945,,W2
QSO_4.8645244-24.492201,59381.03539750001,17.951,,W2
QSO_4.8645244-24.492201,59381.16595800001,17.865,,W2
QSO_4.8645244-24.492201,59542.56490650002,18.083,0.353,W2
QSO_4.8645244-24.492201,59542.69557650002,18.459,,W2
QSO_4.8645244-24.492201,59543.15266600003,18.549,0.526,W2
QSO_4.8645244-24.492201,59543.283226500025,18.516,0.446,W2
QSO_4.8645244-24.492201,59543.41378700003,17.97,,W2
QSO_4.8645244-24.492201,59744.44585900003,18.584,0.482,W2
QSO_4.8645244-24.492201,59744.446004999976,18.518,0.417,W2
QSO_4.8645244-24.492201,59744.70672449999,17.774,,W2
QSO_4.8645244-24.492201,59744.77187699997,17.958,0.276,W2
QSO_4.8645244-24.492201,59744.90232799996,17.793,,W2
QSO_4.8645244-24.492201,59745.032742500014,17.915,0.376,W2
QSO_4.8645244-24.492201,59906.337229000026,18.309,0.341,W2
QSO_4.8645244-24.492201,59906.467424499984,18.376,0.369,W2
QSO_4.8645244-24.492201,59906.92283499999,18.055,0.333,W2
QSO_4.8645244-24.492201,59906.98838900004,17.838,0.211,W2
QSO_4.8645244-24.492201,59907.05354150002,17.966,,W2
QSO_4.8645244-24.492201,59907.183700500034,18.245,0.448,W2
QSO_4.8645244-24.492201,59907.3140055,18.306,,W2
QSO_4.8645244-24.492201,60110.90100449996,17.941,,W2
QSO_4.8645244-24.492201,60111.16033700003,18.164,0.362,W2
QSO_4.8645244-24.492201,60111.225233999976,17.822,,W2
QSO_4.8645244-24.492201,60111.354882,18.149,,W2
QSO_4.8645244-24.492201,60111.419779000025,18.631,0.539,W2
QSO_4.8645244-24.492201,60111.48456649997,17.828,,W2
QSO_4.8645244-24.492201,60111.61425100001,18.208,0.323,W2
QSO_4.8645244-24.492201,60111.74389900004,17.959,,W2
QSO_4.8645244-24.492201,60111.74404499999,18.528,,W2
QSO_4.8645244-24.492201,60111.87369300001,17.517,,W2
QSO_4.8645244-24.492201,60273.12237099998,18.638,0.442,W2
QSO_4.8645244-24.492201,60273.251508000016,17.498,,W2
QSO_4.8645244-24.492201,60273.70352399998,18.376,0.516,W2
QSO_4.8645244-24.492201,60273.768165499976,17.871,,W2
QSO_4.8645244-24.492201,60273.96183449999,18.11,0.359,W2
QSO_4.8645244-24.492201,60274.09100799997,18.188,,W2
QSO_4.8645244-24.492201,60475.44250420001,17.723,,W2
QSO_4.8645244-24.492201,60475.63480060002,17.512,0.297,W2
QSO_4.8645244-24.492201,60475.698850599976,18.094,,W2
QSO_4.8645244-24.492201,60475.82709700002,17.652,,W2
QSO_4.8645244-24.492201,60475.89114699999,17.354,,W2
QSO_4.8645244-24.492201,60476.14749340004,17.858999999999998,,W2
QSO_4.8692941-24.2504808,55362.357483000014,17.883,0.117,W1
QSO_4.8692941-24.2504808,55362.48968599999,17.723,0.098,W1
QSO_4.8692941-24.2504808,55362.621888999965,17.902,0.131,W1
QSO_4.8692941-24.2504808,55362.688063500005,18.215,0.154,W1
QSO_4.8692941-24.2504808,55362.75409200002,17.968,0.135,W1
QSO_4.8692941-24.2504808,55362.820266499984,17.971,0.118,W1
QSO_4.8692941-24.2504808,55362.88633150002,18.11,0.137,W1
QSO_4.8692941-24.2504808,55362.95250599999,17.837,0.106,W1
QSO_4.8692941-24.2504808,55363.34900549999,18.012,0.129,W1
QSO_4.8692941-24.2504808,55363.34911499999,17.839,0.109,W1
QSO_4.8692941-24.2504808,55539.780187000026,17.966,0.162,W1
QSO_4.8692941-24.2504808,55539.91224399996,17.779,0.13,W1
QSO_4.8692941-24.2504808,55540.044483499965,18.093,0.137,W1
QSO_4.8692941-24.2504808,55540.11051199998,17.902,0.12,W1
QSO_4.8692941-24.2504808,55540.176686500025,17.841,0.111,W1
QSO_4.8692941-24.2504808,55540.24271500003,17.983,0.122,W1
QSO_4.8692941-24.2504808,55540.30877999999,17.863,0.122,W1
QSO_4.8692941-24.2504808,55540.37495450003,17.625999999999998,0.104,W1
QSO_4.8692941-24.2504808,55540.77145400003,17.921,0.117,W1
QSO_4.8692941-24.2504808,55544.00973399999,17.961,0.127,W1
QSO_4.8692941-24.2504808,56640.030319999976,17.658,0.099,W1
QSO_4.8692941-24.2504808,56640.096238999984,18.269,0.212,W1
QSO_4.8692941-24.2504808,56824.379045,17.753999999999998,0.129,W1
QSO_4.8692941-24.2504808,56824.51048150002,17.817,0.121,W1
QSO_4.8692941-24.2504808,56824.77353699998,17.613999999999997,0.128,W1
QSO_4.8692941-24.2504808,56827.73222699998,17.981,0.14,W1
QSO_4.8692941-24.2504808,56827.86366350001,17.825,0.114,W1
QSO_4.8692941-24.2504808,56827.995245999984,17.869999999999997,0.112,W1
QSO_4.8692941-24.2504808,57004.87512200002,18.019,0.127,W1
QSO_4.8692941-24.2504808,57004.94078549999,17.872,0.116,W1
QSO_4.8692941-24.2504808,57005.07211250001,18.374,0.18,W1
QSO_4.8692941-24.2504808,57005.20343950004,17.982,0.126,W1
QSO_4.8692941-24.2504808,57005.33487599999,17.811,0.121,W1
QSO_4.8692941-24.2504808,57188.719714254905,17.994,0.122,W1
QSO_4.8692941-24.2504808,57189.24425577161,17.984,0.14,W1
QSO_4.8692941-24.2504808,57189.24436527154,17.755,0.096,W1
QSO_4.8692941-24.2504808,57189.30991927366,18.014,0.132,W1
QSO_4.8692941-24.2504808,57189.375436775765,17.832,0.103,W1
QSO_4.8692941-24.2504808,57189.57217178196,17.997999999999998,0.139,W1
QSO_4.8692941-24.2504808,57189.70324328611,17.961,0.133,W1
QSO_4.8692941-24.2504808,57189.83446079029,18.038,0.137,W1
QSO_4.8692941-24.2504808,57363.563577725086,17.944,0.115,W1
QSO_4.8692941-24.2504808,57363.62913172722,17.839,0.146,W1
QSO_4.8692941-24.2504808,57363.694649229314,18.024,0.119,W1
QSO_4.8692941-24.2504808,57363.89123823548,17.837,0.164,W1
QSO_4.8692941-24.2504808,57363.95679223761,17.758,0.098,W1
QSO_4.8692941-24.2504808,57364.21878924594,18.094,0.133,W1
QSO_4.8692941-24.2504808,57553.08229222045,17.798000000000002,0.152,W1
QSO_4.8692941-24.2504808,57553.34489722869,18.339,0.232,W1
QSO_4.8692941-24.2504808,57553.541768634976,18.029,0.138,W1
QSO_4.8692941-24.2504808,57553.738786441216,18.094,0.136,W1
QSO_4.8692941-24.2504808,57553.93569444744,17.799,0.12,W1
QSO_4.8692941-24.2504808,57554.06697865155,17.967,0.133,W1
QSO_4.8692941-24.2504808,57723.25601060183,17.829,0.113,W1
QSO_4.8692941-24.2504808,57723.38729480602,18.003999999999998,0.127,W1
QSO_4.8692941-24.2504808,57723.51861561016,18.031,0.128,W1
QSO_4.8692941-24.2504808,57723.58420281225,17.963,0.153,W1
QSO_4.8692941-24.2504808,57723.64979001434,17.756999999999998,0.104,W1
QSO_4.8692941-24.2504808,57723.84666142054,17.961,0.125,W1
QSO_4.8692941-24.2504808,57723.8468078205,17.802999999999997,0.113,W1
QSO_4.8692941-24.2504808,57917.80615999998,18.005,0.125,W1
QSO_4.8692941-24.2504808,57917.93712199996,17.823999999999998,0.104,W1
QSO_4.8692941-24.2504808,57918.002529999976,18.019,0.126,W1
QSO_4.8692941-24.2504808,57918.06793799999,17.96,0.129,W1
QSO_4.8692941-24.2504808,57918.13334600001,17.993000000000002,0.123,W1
QSO_4.8692941-24.2504808,57918.19875400003,17.674,0.107,W1
QSO_4.8692941-24.2504808,57918.32956999998,17.909,0.139,W1
QSO_4.8692941-24.2504808,57918.329679499984,17.866,0.11,W1
QSO_4.8692941-24.2504808,57918.3950875,17.953,0.126,W1
QSO_4.8692941-24.2504808,57918.65671949999,18.468,0.198,W1
QSO_4.8692941-24.2504808,58083.61069500001,18.215,0.156,W1
QSO_4.8692941-24.2504808,58083.74151099997,17.866999999999997,0.137,W1
QSO_4.8692941-24.2504808,58084.06855099997,18.429,0.185,W1
QSO_4.8692941-24.2504808,58084.06866049997,17.593,0.093,W1
QSO_4.8692941-24.2504808,58084.13406849999,17.784,0.103,W1
QSO_4.8692941-24.2504808,58084.33029250004,18.104,0.186,W1
QSO_4.8692941-24.2504808,58084.46110849999,17.85,0.12,W1
QSO_4.8692941-24.2504808,58084.591924500026,18.005,0.132,W1
QSO_4.8692941-24.2504808,58086.35815950001,17.968,0.132,W1
QSO_4.8692941-24.2504808,58086.6197915,17.918,0.173,W1
QSO_4.8692941-24.2504808,58087.07775700004,17.935000000000002,0.121,W1
QSO_4.8692941-24.2504808,58087.470204999976,18.569,0.257,W1
QSO_4.8692941-24.2504808,58087.47035100001,17.902,0.141,W1
QSO_4.8692941-24.2504808,58284.50757099999,18.083,0.139,W1
QSO_4.8692941-24.2504808,58284.83446500004,18.145,0.156,W1
QSO_4.8692941-24.2504808,58284.89987299997,18.136,0.209,W1
QSO_4.8692941-24.2504808,58285.09609700003,18.315,0.283,W1
QSO_4.8692941-24.2504808,58285.16139549996,17.977,0.19,W1
QSO_4.8692941-24.2504808,58285.488399000016,17.965,0.136,W1
QSO_4.8692941-24.2504808,58446.83376550001,17.991,0.14,W1
QSO_4.8692941-24.2504808,58446.96458149996,18.006,0.128,W1
QSO_4.8692941-24.2504808,58447.16080550001,17.964,0.11,W1
QSO_4.8692941-24.2504808,58447.29147550002,17.613999999999997,0.095,W1
QSO_4.8692941-24.2504808,58447.35688350003,17.669,0.099,W1
QSO_4.8692941-24.2504808,58447.42229149997,18.134,0.229,W1
QSO_4.8692941-24.2504808,58447.5531075,17.930999999999997,0.114,W1
QSO_4.8692941-24.2504808,58648.439763500006,17.954,0.127,W1
QSO_4.8692941-24.2504808,58648.57043350001,17.979,0.124,W1
QSO_4.8692941-24.2504808,58648.70110350001,17.761,0.159,W1
QSO_4.8692941-24.2504808,58648.89721799998,17.797,0.117,W1
QSO_4.8692941-24.2504808,58648.89732749998,18.09,0.221,W1
QSO_4.8692941-24.2504808,58649.158704000016,18.131,0.182,W1
QSO_4.8692941-24.2504808,58649.4202265,18.11,0.162,W1
QSO_4.8692941-24.2504808,58810.71244899999,17.831,0.102,W1
QSO_4.8692941-24.2504808,58810.84311899999,17.802,0.122,W1
QSO_4.8692941-24.2504808,58810.97382550003,18.245,0.201,W1
QSO_4.8692941-24.2504808,58811.03923350004,17.816000000000003,0.099,W1
QSO_4.8692941-24.2504808,58811.3007195,17.817,0.11,W1
QSO_4.8692941-24.2504808,58811.69240099999,17.915,0.13,W1
QSO_4.8692941-24.2504808,59015.71369539998,18.18,0.144,W1
QSO_4.8692941-24.2504808,59015.97578800001,18.038,0.126,W1
QSO_4.8692941-24.2504808,59016.17240320004,18.042,0.132,W1
QSO_4.8692941-24.2504808,59016.368908599965,18.186,0.185,W1
QSO_4.8692941-24.2504808,59016.43449579999,17.75,0.16,W1
QSO_4.8692941-24.2504808,59016.56556040001,18.024,0.129,W1
QSO_4.8692941-24.2504808,59016.69658840002,18.065,0.141,W1
QSO_4.8692941-24.2504808,59175.49322799996,18.012,0.12,W1
QSO_4.8692941-24.2504808,59175.6242926,18.097,0.187,W1
QSO_4.8692941-24.2504808,59175.7553206,,,W1
QSO_4.8692941-24.2504808,59175.88638520003,17.835,0.127,W1
QSO_4.8692941-24.2504808,59178.50687200001,17.84,0.171,W1
QSO_4.8692941-24.2504808,59178.63793659996,18.04,0.15,W1
QSO_4.8692941-24.2504808,59178.76896459996,17.662,0.116,W1
QSO_4.8692941-24.2504808,59178.90002919999,17.808,0.145,W1
QSO_4.8692941-24.2504808,59380.18626149996,17.936,0.119,W1
QSO_4.8692941-24.2504808,59380.31682199997,17.977,0.131,W1
QSO_4.8692941-24.2504808,59380.839282999965,18.003999999999998,0.133,W1
QSO_4.8692941-24.2504808,59381.035251499976,18.69,0.531,W1
QSO_4.8692941-24.2504808,59381.16595800001,17.958,0.121,W1
QSO_4.8692941-24.2504808,59381.29651850001,18.142,0.148,W1
QSO_4.8692941-24.2504808,59542.69557650002,18.011,0.132,W1
QSO_4.8692941-24.2504808,59543.08740399996,17.993000000000002,0.122,W1
QSO_4.8692941-24.2504808,59543.15266600003,18.05,0.137,W1
QSO_4.8692941-24.2504808,59543.283226500025,17.738999999999997,0.145,W1
QSO_4.8692941-24.2504808,59543.41378700003,17.986,0.121,W1
QSO_4.8692941-24.2504808,59543.544493499976,17.965,0.132,W1
QSO_4.8692941-24.2504808,59744.6414625,17.769,0.114,W1
QSO_4.8692941-24.2504808,59744.70672449999,18.285,0.192,W1
QSO_4.8692941-24.2504808,59744.77187699997,18.015,0.125,W1
QSO_4.8692941-24.2504808,59744.90232799996,17.63,0.148,W1
QSO_4.8692941-24.2504808,59745.032742500014,17.911,0.12,W1
QSO_4.8692941-24.2504808,59745.16304749997,18.019,0.131,W1
QSO_4.8692941-24.2504808,59906.92283499999,17.921,0.11,W1
QSO_4.8692941-24.2504808,59906.98838900004,17.72,0.098,W1
QSO_4.8692941-24.2504808,59907.05354150002,17.808,0.108,W1
QSO_4.8692941-24.2504808,59907.183700500034,17.796,0.111,W1
QSO_4.8692941-24.2504808,59907.18384649998,17.906,0.114,W1
QSO_4.8692941-24.2504808,59907.3140055,17.86,0.112,W1
QSO_4.8692941-24.2504808,59907.44431050004,17.874000000000002,0.113,W1
QSO_4.8692941-24.2504808,60110.90100449996,18.064,0.14,W1
QSO_4.8692941-24.2504808,60111.16033700003,18.123,0.16,W1
QSO_4.8692941-24.2504808,60111.28998499997,18.287,0.27,W1
QSO_4.8692941-24.2504808,60111.354882,17.954,0.125,W1
QSO_4.8692941-24.2504808,60111.41966950002,18.333,0.211,W1
QSO_4.8692941-24.2504808,60111.48456649997,18.151,0.152,W1
QSO_4.8692941-24.2504808,60111.54935399999,17.832,0.18,W1
QSO_4.8692941-24.2504808,60111.61425100001,17.677999999999997,0.169,W1
QSO_4.8692941-24.2504808,60111.74389900004,17.884999999999998,0.124,W1
QSO_4.8692941-24.2504808,60111.8735835,18.056,0.151,W1
QSO_4.8692941-24.2504808,60273.251508000016,17.98,0.14,W1
QSO_4.8692941-24.2504808,60273.70363349999,17.801000000000002,0.194,W1
QSO_4.8692941-24.2504808,60273.768165499976,17.982,0.13,W1
QSO_4.8692941-24.2504808,60273.83280699996,17.968,0.135,W1
QSO_4.8692941-24.2504808,60273.961980500026,17.903,0.118,W1
QSO_4.8692941-24.2504808,60274.09111749997,18.047,0.134,W1
QSO_4.8692941-24.2504808,60274.220145,17.819,0.154,W1
QSO_4.8692941-24.2504808,60274.220291000034,18.063,0.232,W1
QSO_4.8692941-24.2504808,60475.44250420001,17.933,0.147,W1
QSO_4.8692941-24.2504808,60475.698850599976,18.238,0.212,W1
QSO_4.8692941-24.2504808,60475.89103719998,18.018,0.172,W1
QSO_4.8692941-24.2504808,60475.89114699999,18.383,0.413,W1
QSO_4.8692941-24.2504808,55362.357483000014,18.445,0.333,W2
QSO_4.8692941-24.2504808,55362.48968599999,18.044,0.259,W2
QSO_4.8692941-24.2504808,55362.621888999965,18.039,0.229,W2
QSO_4.8692941-24.2504808,55362.688063500005,18.225,,W2
QSO_4.8692941-24.2504808,55362.75409200002,18.897,0.496,W2
QSO_4.8692941-24.2504808,55362.820266499984,18.347,0.324,W2
QSO_4.8692941-24.2504808,55362.88633150002,18.321,0.287,W2
QSO_4.8692941-24.2504808,55362.95250599999,18.427,0.331,W2
QSO_4.8692941-24.2504808,55363.34900549999,18.269,,W2
QSO_4.8692941-24.2504808,55363.34911499999,18.352,0.308,W2
QSO_4.8692941-24.2504808,55539.780187000026,18.67,0.418,W2
QSO_4.8692941-24.2504808,55539.91224399996,17.897,0.216,W2
QSO_4.8692941-24.2504808,55540.044483499965,18.313,,W2
QSO_4.8692941-24.2504808,55540.11051199998,18.426,0.343,W2
QSO_4.8692941-24.2504808,55540.176686500025,18.691,0.448,W2
QSO_4.8692941-24.2504808,55540.24271500003,18.253,0.28,W2
QSO_4.8692941-24.2504808,55540.30877999999,17.86,0.213,W2
QSO_4.8692941-24.2504808,55540.37495450003,18.778,0.464,W2
QSO_4.8692941-24.2504808,55540.77145400003,18.662,,W2
QSO_4.8692941-24.2504808,55544.00973399999,18.458,0.42,W2
QSO_4.8692941-24.2504808,56640.030319999976,17.675,0.252,W2
QSO_4.8692941-24.2504808,56640.096238999984,17.977,0.432,W2
QSO_4.8692941-24.2504808,56824.379045,18.07,,W2
QSO_4.8692941-24.2504808,56824.51048150002,18.4,,W2
QSO_4.8692941-24.2504808,56824.77353699998,18.092,0.37,W2
QSO_4.8692941-24.2504808,56827.73222699998,18.213,0.368,W2
QSO_4.8692941-24.2504808,56827.86366350001,18.248,,W2
QSO_4.8692941-24.2504808,56827.995245999984,18.362,,W2
QSO_4.8692941-24.2504808,57004.87512200002,18.371,,W2
QSO_4.8692941-24.2504808,57004.94078549999,18.314,0.297,W2
QSO_4.8692941-24.2504808,57005.07211250001,18.136,,W2
QSO_4.8692941-24.2504808,57005.20343950004,18.285,,W2
QSO_4.8692941-24.2504808,57005.33487599999,18.562,0.387,W2
QSO_4.8692941-24.2504808,57188.719714254905,18.184,0.291,W2
QSO_4.8692941-24.2504808,57189.24425577161,18.318,,W2
QSO_4.8692941-24.2504808,57189.24436527154,18.218,,W2
QSO_4.8692941-24.2504808,57189.30991927366,18.261,0.361,W2
QSO_4.8692941-24.2504808,57189.375436775765,17.641,0.274,W2
QSO_4.8692941-24.2504808,57189.57217178196,18.413,0.354,W2
QSO_4.8692941-24.2504808,57189.70324328611,17.448999999999998,,W2
QSO_4.8692941-24.2504808,57189.83446079029,18.024,0.273,W2
QSO_4.8692941-24.2504808,57363.563577725086,18.429,0.385,W2
QSO_4.8692941-24.2504808,57363.62913172722,17.954,0.277,W2
QSO_4.8692941-24.2504808,57363.694649229314,18.326,0.286,W2
QSO_4.8692941-24.2504808,57363.89123823548,18.227,,W2
QSO_4.8692941-24.2504808,57363.95679223761,18.391,0.355,W2
QSO_4.8692941-24.2504808,57364.21878924594,18.087,,W2
QSO_4.8692941-24.2504808,57553.08229222045,18.864,0.518,W2
QSO_4.8692941-24.2504808,57553.34489722869,18.299,0.386,W2
QSO_4.8692941-24.2504808,57553.541768634976,18.563,,W2
QSO_4.8692941-24.2504808,57553.738786441216,18.302,0.354,W2
QSO_4.8692941-24.2504808,57553.93569444744,18.06,0.295,W2
QSO_4.8692941-24.2504808,57554.06697865155,18.208,,W2
QSO_4.8692941-24.2504808,57723.25601060183,18.065,,W2
QSO_4.8692941-24.2504808,57723.38729480602,18.53,0.5,W2
QSO_4.8692941-24.2504808,57723.51861561016,18.129,0.399,W2
QSO_4.8692941-24.2504808,57723.58420281225,18.106,,W2
QSO_4.8692941-24.2504808,57723.64979001434,18.083,0.283,W2
QSO_4.8692941-24.2504808,57723.84666142054,18.296,0.318,W2
QSO_4.8692941-24.2504808,57723.8468078205,18.081,0.274,W2
QSO_4.8692941-24.2504808,57917.80615999998,18.634,0.531,W2
QSO_4.8692941-24.2504808,57917.93712199996,17.901,0.316,W2
QSO_4.8692941-24.2504808,57918.002529999976,18.639,0.47,W2
QSO_4.8692941-24.2504808,57918.06793799999,18.578,0.482,W2
QSO_4.8692941-24.2504808,57918.13334600001,18.496,0.514,W2
QSO_4.8692941-24.2504808,57918.19875400003,17.908,,W2
QSO_4.8692941-24.2504808,57918.32956999998,18.282,0.428,W2
QSO_4.8692941-24.2504808,57918.329679499984,18.35,,W2
QSO_4.8692941-24.2504808,57918.3950875,17.729,0.236,W2
QSO_4.8692941-24.2504808,57918.65671949999,18.187,,W2
QSO_4.8692941-24.2504808,58083.61069500001,18.362,0.426,W2
QSO_4.8692941-24.2504808,58083.74151099997,17.581,,W2
QSO_4.8692941-24.2504808,58084.06855099997,17.974999999999998,,W2
QSO_4.8692941-24.2504808,58084.06866049997,18.088,,W2
QSO_4.8692941-24.2504808,58084.13406849999,17.994,,W2
QSO_4.8692941-24.2504808,58084.33029250004,18.014,0.336,W2
QSO_4.8692941-24.2504808,58084.46110849999,17.656,,W2
QSO_4.8692941-24.2504808,58084.591924500026,18.186,0.432,W2
QSO_4.8692941-24.2504808,58086.35815950001,18.168,0.531,W2
QSO_4.8692941-24.2504808,58086.6197915,17.451,,W2
QSO_4.8692941-24.2504808,58087.07775700004,17.686,,W2
QSO_4.8692941-24.2504808,58087.470204999976,17.887,,W2
QSO_4.8692941-24.2504808,58087.47035100001,18.249,,W2
QSO_4.8692941-24.2504808,58284.50757099999,18.262,,W2
QSO_4.8692941-24.2504808,58284.83446500004,18.261,0.42,W2
QSO_4.8692941-24.2504808,58284.89987299997,18.367,0.42,W2
QSO_4.8692941-24.2504808,58285.09609700003,17.797,,W2
QSO_4.8692941-24.2504808,58285.16139549996,17.448,0.27,W2
QSO_4.8692941-24.2504808,58285.488399000016,17.919,0.34,W2
QSO_4.8692941-24.2504808,58446.83376550001,18.602,,W2
QSO_4.8692941-24.2504808,58446.96458149996,18.374,0.427,W2
QSO_4.8692941-24.2504808,58447.16080550001,17.662,0.241,W2
QSO_4.8692941-24.2504808,58447.29147550002,18.123,,W2
QSO_4.8692941-24.2504808,58447.35688350003,18.16,0.3,W2
QSO_4.8692941-24.2504808,58447.42229149997,18.548,0.462,W2
QSO_4.8692941-24.2504808,58447.5531075,18.055,,W2
QSO_4.8692941-24.2504808,58648.439763500006,18.26,0.376,W2
QSO_4.8692941-24.2504808,58648.57043350001,18.478,0.506,W2
QSO_4.8692941-24.2504808,58648.70110350001,18.199,,W2
QSO_4.8692941-24.2504808,58648.89721799998,17.926,,W2
QSO_4.8692941-24.2504808,58648.89732749998,18.278,0.334,W2
QSO_4.8692941-24.2504808,58649.158704000016,18.301,0.356,W2
QSO_4.8692941-24.2504808,58649.4202265,17.769,0.299,W2
QSO_4.8692941-24.2504808,58810.71244899999,18.288,0.303,W2
QSO_4.8692941-24.2504808,58810.84311899999,17.915,0.26,W2
QSO_4.8692941-24.2504808,58810.97382550003,18.295,,W2
QSO_4.8692941-24.2504808,58811.03923350004,18.034,,W2
QSO_4.8692941-24.2504808,58811.3007195,18.165,0.439,W2
QSO_4.8692941-24.2504808,58811.69240099999,18.188,0.319,W2
QSO_4.8692941-24.2504808,59015.71369539998,18.34,0.339,W2
QSO_4.8692941-24.2504808,59015.97578800001,17.642,,W2
QSO_4.8692941-24.2504808,59016.17240320004,18.14,0.384,W2
QSO_4.8692941-24.2504808,59016.368908599965,17.743,,W2
QSO_4.8692941-24.2504808,59016.43449579999,17.996,,W2
QSO_4.8692941-24.2504808,59016.56556040001,18.016,0.342,W2
QSO_4.8692941-24.2504808,59016.69658840002,17.445,,W2
QSO_4.8692941-24.2504808,59175.49322799996,17.926,,W2
QSO_4.8692941-24.2504808,59175.6242926,18.274,0.421,W2
QSO_4.8692941-24.2504808,59175.7553206,18.162,0.4,W2
QSO_4.8692941-24.2504808,59175.88638520003,17.229,,W2
QSO_4.8692941-24.2504808,59178.50687200001,17.883,0.537,W2
QSO_4.8692941-24.2504808,59178.63793659996,17.741,0.499,W2
QSO_4.8692941-24.2504808,59178.76896459996,17.622,,W2
QSO_4.8692941-24.2504808,59178.90002919999,17.592,,W2
QSO_4.8692941-24.2504808,59380.18626149996,18.807,0.524,W2
QSO_4.8692941-24.2504808,59380.31682199997,17.376,,W2
QSO_4.8692941-24.2504808,59380.839282999965,18.252,0.343,W2
QSO_4.8692941-24.2504808,59381.035251499976,18.193,0.536,W2
QSO_4.8692941-24.2504808,59381.16595800001,18.1,,W2
QSO_4.8692941-24.2504808,59381.29651850001,18.305,,W2
QSO_4.8692941-24.2504808,59542.69557650002,17.575,,W2
QSO_4.8692941-24.2504808,59543.08740399996,18.563,0.476,W2
QSO_4.8692941-24.2504808,59543.15266600003,18.358,,W2
QSO_4.8692941-24.2504808,59543.283226500025,18.195,0.363,W2
QSO_4.8692941-24.2504808,59543.41378700003,18.065,0.281,W2
QSO_4.8692941-24.2504808,59543.544493499976,18.269,0.312,W2
QSO_4.8692941-24.2504808,59744.6414625,18.26,,W2
QSO_4.8692941-24.2504808,59744.70672449999,18.804,0.533,W2
QSO_4.8692941-24.2504808,59744.77187699997,17.625,,W2
QSO_4.8692941-24.2504808,59744.90232799996,17.925,0.291,W2
QSO_4.8692941-24.2504808,59745.032742500014,18.219,,W2
QSO_4.8692941-24.2504808,59745.16304749997,18.326,0.463,W2
QSO_4.8692941-24.2504808,59906.92283499999,17.965,0.382,W2
QSO_4.8692941-24.2504808,59906.98838900004,18.618,,W2
QSO_4.8692941-24.2504808,59907.05354150002,17.749,,W2
QSO_4.8692941-24.2504808,59907.183700500034,18.036,0.319,W2
QSO_4.8692941-24.2504808,59907.18384649998,17.724,0.321,W2
QSO_4.8692941-24.2504808,59907.3140055,18.575,,W2
QSO_4.8692941-24.2504808,59907.44431050004,18.078,,W2
QSO_4.8692941-24.2504808,60110.90100449996,18.254,,W2
QSO_4.8692941-24.2504808,60111.16033700003,17.858999999999998,0.405,W2
QSO_4.8692941-24.2504808,60111.28998499997,18.529,0.506,W2
QSO_4.8692941-24.2504808,60111.354882,18.373,,W2
QSO_4.8692941-24.2504808,60111.41966950002,18.101,0.371,W2
QSO_4.8692941-24.2504808,60111.48456649997,17.83,,W2
QSO_4.8692941-24.2504808,60111.54935399999,18.6,,W2
QSO_4.8692941-24.2504808,60111.61425100001,18.422,0.468,W2
QSO_4.8692941-24.2504808,60111.74389900004,17.897,0.271,W2
QSO_4.8692941-24.2504808,60111.8735835,18.261,0.359,W2
QSO_4.8692941-24.2504808,60273.251508000016,18.262,0.424,W2
QSO_4.8692941-24.2504808,60273.70363349999,18.162,,W2
QSO_4.8692941-24.2504808,60273.768165499976,18.044,,W2
QSO_4.8692941-24.2504808,60273.83280699996,17.887,,W2
QSO_4.8692941-24.2504808,60273.961980500026,18.375,0.437,W2
QSO_4.8692941-24.2504808,60274.09111749997,18.208,,W2
QSO_4.8692941-24.2504808,60274.220145,18.404,0.337,W2
QSO_4.8692941-24.2504808,60274.220291000034,18.581,0.497,W2
QSO_4.8692941-24.2504808,60475.44250420001,17.689,,W2
QSO_4.8692941-24.2504808,60475.698850599976,17.467,0.389,W2
QSO_4.8692941-24.2504808,60475.89103719998,18.073,0.416,W2
QSO_4.8692941-24.2504808,60475.89114699999,17.98,,W2
QSO_4.8350765-24.3587699,55362.35759250002,18.648,0.215,W1
QSO_4.8350765-24.3587699,55362.48968599999,18.402,0.171,W1
QSO_4.8350765-24.3587699,55362.4897955,18.188,0.168,W1
QSO_4.8350765-24.3587699,55362.55586050003,18.173,0.156,W1
QSO_4.8350765-24.3587699,55362.621888999965,18.648,0.208,W1
QSO_4.8350765-24.3587699,55362.62203499999,18.265,0.158,W1
QSO_4.8350765-24.3587699,55362.688063500005,18.472,0.226,W1
QSO_4.8350765-24.3587699,55362.75409200002,18.666,0.22,W1
QSO_4.8350765-24.3587699,55362.820266499984,18.456,0.195,W1
QSO_4.8350765-24.3587699,55362.95250599999,18.142,0.131,W1
QSO_4.8350765-24.3587699,55539.78004099999,18.364,0.171,W1
QSO_4.8350765-24.3587699,55539.780187000026,18.770000000000003,0.246,W1
QSO_4.8350765-24.3587699,55539.91224399996,18.183,0.14,W1
QSO_4.8350765-24.3587699,55539.978309000006,18.342,0.163,W1
QSO_4.8350765-24.3587699,55539.97841850001,18.47,0.188,W1
QSO_4.8350765-24.3587699,55540.044483499965,17.965,0.119,W1
QSO_4.8350765-24.3587699,55540.11051199998,18.266,0.153,W1
QSO_4.8350765-24.3587699,55540.176686500025,18.173,0.139,W1
QSO_4.8350765-24.3587699,55540.24271500003,18.393,0.187,W1
QSO_4.8350765-24.3587699,55540.30877999999,18.152,0.138,W1
QSO_4.8350765-24.3587699,55540.37495450003,18.219,0.142,W1
QSO_4.8350765-24.3587699,55544.00973399999,18.46,0.212,W1
QSO_4.8350765-24.3587699,56640.030319999976,18.038,0.137,W1
QSO_4.8350765-24.3587699,56824.379045,18.209,0.188,W1
QSO_4.8350765-24.3587699,56824.51062749997,18.006,0.127,W1
QSO_4.8350765-24.3587699,56827.73222699998,18.305,0.165,W1
QSO_4.8350765-24.3587699,56827.995245999984,18.062,0.154,W1
QSO_4.8350765-24.3587699,57004.21826799997,18.289,0.195,W1
QSO_4.8350765-24.3587699,57004.21837749997,17.91,0.109,W1
QSO_4.8350765-24.3587699,57005.07211250001,18.016,0.123,W1
QSO_4.8350765-24.3587699,57188.719714254905,18.21,0.147,W1
QSO_4.8350765-24.3587699,57188.71986025494,18.036,0.151,W1
QSO_4.8350765-24.3587699,57189.24436527154,18.513,0.258,W1
QSO_4.8350765-24.3587699,57189.375436775765,18.212,0.133,W1
QSO_4.8350765-24.3587699,57189.57217178196,18.055,0.174,W1
QSO_4.8350765-24.3587699,57189.70324328611,18.498,0.2,W1
QSO_4.8350765-24.3587699,57363.10484571056,18.239,0.136,W1
QSO_4.8350765-24.3587699,57363.563577725086,18.409,0.161,W1
QSO_4.8350765-24.3587699,57363.62913172722,18.279,0.149,W1
QSO_4.8350765-24.3587699,57363.694649229314,18.14,0.125,W1
QSO_4.8350765-24.3587699,57364.21878924594,18.409,0.163,W1
QSO_4.8350765-24.3587699,57553.08229222045,18.376,0.17,W1
QSO_4.8350765-24.3587699,57553.34489722869,17.979,0.163,W1
QSO_4.8350765-24.3587699,57553.41048443079,18.005,0.127,W1
QSO_4.8350765-24.3587699,57553.738786441216,18.497,0.181,W1
QSO_4.8350765-24.3587699,57553.93569444744,18.237,0.206,W1
QSO_4.8350765-24.3587699,57723.25601060183,18.269,0.155,W1
QSO_4.8350765-24.3587699,57723.32159780392,18.594,0.212,W1
QSO_4.8350765-24.3587699,57723.38729480602,18.692,0.238,W1
QSO_4.8350765-24.3587699,57723.51846921012,18.408,0.175,W1
QSO_4.8350765-24.3587699,57917.80615999998,18.284,0.165,W1
QSO_4.8350765-24.3587699,57917.93712199996,18.326,0.172,W1
QSO_4.8350765-24.3587699,57918.002529999976,18.061,0.134,W1
QSO_4.8350765-24.3587699,57918.26427149997,18.597,0.186,W1
QSO_4.8350765-24.3587699,57918.65671949999,18.785,0.26,W1
QSO_4.8350765-24.3587699,58083.61069500001,18.514,0.2,W1
QSO_4.8350765-24.3587699,58084.133958999984,18.5,0.209,W1
QSO_4.8350765-24.3587699,58084.13406849999,18.729,0.268,W1
QSO_4.8350765-24.3587699,58084.199367,18.236,0.262,W1
QSO_4.8350765-24.3587699,58084.46110849999,18.124,0.149,W1
QSO_4.8350765-24.3587699,58086.68519950001,17.935000000000002,0.187,W1
QSO_4.8350765-24.3587699,58086.75060750003,18.002000000000002,0.155,W1
QSO_4.8350765-24.3587699,58284.50757099999,18.25,0.153,W1
QSO_4.8350765-24.3587699,58284.83446500004,18.154,0.159,W1
QSO_4.8350765-24.3587699,58284.89987299997,18.238,0.18,W1
QSO_4.8350765-24.3587699,58285.09609700003,18.217,0.154,W1
QSO_4.8350765-24.3587699,58446.83376550001,18.18,0.141,W1
QSO_4.8350765-24.3587699,58447.16080550001,18.018,0.168,W1
QSO_4.8350765-24.3587699,58447.29147550002,18.341,0.183,W1
QSO_4.8350765-24.3587699,58447.35688350003,17.964,0.152,W1
QSO_4.8350765-24.3587699,58447.42229149997,18.158,0.163,W1
QSO_4.8350765-24.3587699,58447.5531075,18.205,0.139,W1
QSO_4.8350765-24.3587699,58648.439763500006,18.058,0.208,W1
QSO_4.8350765-24.3587699,58648.70110350001,18.217,0.181,W1
QSO_4.8350765-24.3587699,58648.70124949996,18.454,0.166,W1
QSO_4.8350765-24.3587699,58649.158704000016,18.287,0.179,W1
QSO_4.8350765-24.3587699,58649.28951999996,18.329,0.158,W1
QSO_4.8350765-24.3587699,58810.71244899999,18.363,0.167,W1
QSO_4.8350765-24.3587699,58811.03923350004,18.285,0.15,W1
QSO_4.8350765-24.3587699,58811.16990349996,18.138,0.194,W1
QSO_4.8350765-24.3587699,59015.71369539998,18.239,0.184,W1
QSO_4.8350765-24.3587699,59015.97578800001,18.024,0.155,W1
QSO_4.8350765-24.3587699,59016.106962399965,18.306,0.158,W1
QSO_4.8350765-24.3587699,59175.49322799996,18.063,0.125,W1
QSO_4.8350765-24.3587699,59175.7553206,18.308,0.185,W1
QSO_4.8350765-24.3587699,59178.50687200001,17.401,0.165,W1
QSO_4.8350765-24.3587699,59178.90002919999,18.161,0.194,W1
QSO_4.8350765-24.3587699,59380.18626149996,18.000999999999998,0.126,W1
QSO_4.8350765-24.3587699,59380.31682199997,18.115,0.133,W1
QSO_4.8350765-24.3587699,59380.83942899999,18.229,0.172,W1
QSO_4.8350765-24.3587699,59381.035251499976,18.205,0.283,W1
QSO_4.8350765-24.3587699,59381.29662800001,18.055,0.126,W1
QSO_4.8350765-24.3587699,59543.15266600003,18.338,0.154,W1
QSO_4.8350765-24.3587699,59543.283226500025,17.971,0.124,W1
QSO_4.8350765-24.3587699,59543.41378700003,17.936,0.118,W1
QSO_4.8350765-24.3587699,59744.70672449999,18.402,0.192,W1
QSO_4.8350765-24.3587699,59744.77187699997,18.151,0.215,W1
QSO_4.8350765-24.3587699,59744.90232799996,17.852,0.122,W1
QSO_4.8350765-24.3587699,59745.032742500014,18.141,0.133,W1
QSO_4.8350765-24.3587699,59906.92283499999,18.121,0.157,W1
QSO_4.8350765-24.3587699,59907.05354150002,18.271,0.151,W1
QSO_4.8350765-24.3587699,59907.183700500034,18.133,0.172,W1
QSO_4.8350765-24.3587699,59907.3140055,17.959,0.114,W1
QSO_4.8350765-24.3587699,60110.90100449996,18.09,0.142,W1
QSO_4.8350765-24.3587699,60111.28998499997,17.816000000000003,0.163,W1
QSO_4.8350765-24.3587699,60111.354882,18.219,0.157,W1
QSO_4.8350765-24.3587699,60111.41966950002,18.121,0.248,W1
QSO_4.8350765-24.3587699,60111.54946349999,18.076,0.189,W1
QSO_4.8350765-24.3587699,60111.74389900004,17.89,0.249,W1
QSO_4.8350765-24.3587699,60111.8735835,18.294,0.182,W1
QSO_4.8350765-24.3587699,60273.251508000016,17.82,0.143,W1
QSO_4.8350765-24.3587699,60273.768165499976,18.199,0.154,W1
QSO_4.8350765-24.3587699,60273.83280699996,17.481,0.144,W1
QSO_4.8350765-24.3587699,60273.96183449999,18.332,0.158,W1
QSO_4.8350765-24.3587699,60274.09100799997,18.247,0.157,W1
QSO_4.8350765-24.3587699,60475.57075059997,18.316000000000003,0.287,W1
QSO_4.8350765-24.3587699,60475.63480060002,17.785,0.144,W1
QSO_4.8350765-24.3587699,60475.698850599976,17.991999999999997,0.247,W1
QSO_4.8350765-24.3587699,55362.35759250002,18.463,0.433,W2
QSO_4.8350765-24.3587699,55362.48968599999,18.635,0.477,W2
QSO_4.8350765-24.3587699,55362.4897955,18.289,,W2
QSO_4.8350765-24.3587699,55362.55586050003,18.483,0.388,W2
QSO_4.8350765-24.3587699,55362.621888999965,18.177,0.248,W2
QSO_4.8350765-24.3587699,55362.62203499999,18.399,0.331,W2
QSO_4.8350765-24.3587699,55362.688063500005,18.789,0.494,W2
QSO_4.8350765-24.3587699,55362.75409200002,18.576,0.369,W2
QSO_4.8350765-24.3587699,55362.820266499984,18.628,0.448,W2
QSO_4.8350765-24.3587699,55362.95250599999,18.44,0.319,W2
QSO_4.8350765-24.3587699,55539.78004099999,18.238,,W2
QSO_4.8350765-24.3587699,55539.780187000026,18.501,0.396,W2
QSO_4.8350765-24.3587699,55539.91224399996,18.292,,W2
QSO_4.8350765-24.3587699,55539.978309000006,18.358,0.332,W2
QSO_4.8350765-24.3587699,55539.97841850001,18.821,0.511,W2
QSO_4.8350765-24.3587699,55540.044483499965,18.515,0.37,W2
QSO_4.8350765-24.3587699,55540.11051199998,18.244,0.276,W2
QSO_4.8350765-24.3587699,55540.176686500025,18.518,0.36,W2
QSO_4.8350765-24.3587699,55540.24271500003,18.706,0.422,W2
QSO_4.8350765-24.3587699,55540.30877999999,18.401,0.331,W2
QSO_4.8350765-24.3587699,55540.37495450003,18.681,0.46,W2
QSO_4.8350765-24.3587699,55544.00973399999,18.516,0.424,W2
QSO_4.8350765-24.3587699,56640.030319999976,18.137,0.359,W2
QSO_4.8350765-24.3587699,56824.379045,18.125,0.345,W2
QSO_4.8350765-24.3587699,56824.51062749997,18.836,0.486,W2
QSO_4.8350765-24.3587699,56827.73222699998,17.86,,W2
QSO_4.8350765-24.3587699,56827.995245999984,18.225,0.405,W2
QSO_4.8350765-24.3587699,57004.21826799997,18.061,,W2
QSO_4.8350765-24.3587699,57004.21837749997,18.425,,W2
QSO_4.8350765-24.3587699,57005.07211250001,18.296,0.32,W2
QSO_4.8350765-24.3587699,57188.719714254905,18.511,0.404,W2
QSO_4.8350765-24.3587699,57188.71986025494,18.062,,W2
QSO_4.8350765-24.3587699,57189.24436527154,17.919,,W2
QSO_4.8350765-24.3587699,57189.375436775765,18.138,,W2
QSO_4.8350765-24.3587699,57189.57217178196,18.408,,W2
QSO_4.8350765-24.3587699,57189.70324328611,18.158,,W2
QSO_4.8350765-24.3587699,57363.10484571056,18.319,,W2
QSO_4.8350765-24.3587699,57363.563577725086,18.166,,W2
QSO_4.8350765-24.3587699,57363.62913172722,18.225,0.307,W2
QSO_4.8350765-24.3587699,57363.694649229314,18.335,,W2
QSO_4.8350765-24.3587699,57364.21878924594,18.172,0.277,W2
QSO_4.8350765-24.3587699,57553.08229222045,18.644,0.482,W2
QSO_4.8350765-24.3587699,57553.34489722869,18.26,0.327,W2
QSO_4.8350765-24.3587699,57553.41048443079,18.17,0.353,W2
QSO_4.8350765-24.3587699,57553.738786441216,17.965,0.236,W2
QSO_4.8350765-24.3587699,57553.93569444744,18.223,,W2
QSO_4.8350765-24.3587699,57723.25601060183,17.926,,W2
QSO_4.8350765-24.3587699,57723.32159780392,18.548,,W2
QSO_4.8350765-24.3587699,57723.38729480602,18.307,,W2
QSO_4.8350765-24.3587699,57723.51846921012,18.523,0.364,W2
QSO_4.8350765-24.3587699,57917.80615999998,18.343,0.389,W2
QSO_4.8350765-24.3587699,57917.93712199996,17.320999999999998,,W2
QSO_4.8350765-24.3587699,57918.002529999976,18.122,,W2
QSO_4.8350765-24.3587699,57918.26427149997,18.033,,W2
QSO_4.8350765-24.3587699,57918.65671949999,18.071,0.265,W2
QSO_4.8350765-24.3587699,58083.61069500001,17.912,,W2
QSO_4.8350765-24.3587699,58084.133958999984,17.87,0.322,W2
QSO_4.8350765-24.3587699,58084.13406849999,18.074,,W2
QSO_4.8350765-24.3587699,58084.199367,,,W2
QSO_4.8350765-24.3587699,58084.46110849999,18.398,0.496,W2
QSO_4.8350765-24.3587699,58086.68519950001,17.247,,W2
QSO_4.8350765-24.3587699,58086.75060750003,17.959,,W2
QSO_4.8350765-24.3587699,58284.50757099999,18.42,0.456,W2
QSO_4.8350765-24.3587699,58284.83446500004,18.313,,W2
QSO_4.8350765-24.3587699,58284.89987299997,18.239,0.333,W2
QSO_4.8350765-24.3587699,58285.09609700003,18.084,0.366,W2
QSO_4.8350765-24.3587699,58446.83376550001,17.788,,W2
QSO_4.8350765-24.3587699,58447.16080550001,18.592,,W2
QSO_4.8350765-24.3587699,58447.29147550002,18.503,0.531,W2
QSO_4.8350765-24.3587699,58447.35688350003,18.611,0.374,W2
QSO_4.8350765-24.3587699,58447.42229149997,17.644,0.223,W2
QSO_4.8350765-24.3587699,58447.5531075,18.733,0.451,W2
QSO_4.8350765-24.3587699,58648.439763500006,18.479,0.443,W2
QSO_4.8350765-24.3587699,58648.70110350001,18.098,,W2
QSO_4.8350765-24.3587699,58648.70124949996,17.767,,W2
QSO_4.8350765-24.3587699,58649.158704000016,18.326,,W2
QSO_4.8350765-24.3587699,58649.28951999996,18.017,0.331,W2
QSO_4.8350765-24.3587699,58810.71244899999,18.535,0.46,W2
QSO_4.8350765-24.3587699,58811.03923350004,18.736,0.463,W2
QSO_4.8350765-24.3587699,58811.16990349996,18.656,0.437,W2
QSO_4.8350765-24.3587699,59015.71369539998,18.271,0.38,W2
QSO_4.8350765-24.3587699,59015.97578800001,18.458,0.414,W2
QSO_4.8350765-24.3587699,59016.106962399965,17.865,,W2
QSO_4.8350765-24.3587699,59175.49322799996,18.196,,W2
QSO_4.8350765-24.3587699,59175.7553206,18.174,0.352,W2
QSO_4.8350765-24.3587699,59178.50687200001,17.852999999999998,0.379,W2
QSO_4.8350765-24.3587699,59178.90002919999,17.983,,W2
QSO_4.8350765-24.3587699,59380.18626149996,17.93,,W2
QSO_4.8350765-24.3587699,59380.31682199997,18.705,0.479,W2
QSO_4.8350765-24.3587699,59380.83942899999,18.296,0.378,W2
QSO_4.8350765-24.3587699,59381.035251499976,17.974999999999998,0.298,W2
QSO_4.8350765-24.3587699,59381.29662800001,18.082,,W2
QSO_4.8350765-24.3587699,59543.15266600003,17.901,,W2
QSO_4.8350765-24.3587699,59543.283226500025,17.993,0.338,W2
QSO_4.8350765-24.3587699,59543.41378700003,18.332,0.449,W2
QSO_4.8350765-24.3587699,59744.70672449999,17.97,,W2
QSO_4.8350765-24.3587699,59744.77187699997,18.088,0.425,W2
QSO_4.8350765-24.3587699,59744.90232799996,18.484,0.502,W2
QSO_4.8350765-24.3587699,59745.032742500014,18.3,0.394,W2
QSO_4.8350765-24.3587699,59906.92283499999,17.784,,W2
QSO_4.8350765-24.3587699,59907.05354150002,18.107,,W2
QSO_4.8350765-24.3587699,59907.183700500034,18.047,0.285,W2
QSO_4.8350765-24.3587699,59907.3140055,17.77,0.213,W2
QSO_4.8350765-24.3587699,60110.90100449996,18.706,0.515,W2
QSO_4.8350765-24.3587699,60111.28998499997,18.588,0.527,W2
QSO_4.8350765-24.3587699,60111.354882,17.944,0.271,W2
QSO_4.8350765-24.3587699,60111.41966950002,18.592,0.479,W2
QSO_4.8350765-24.3587699,60111.54946349999,18.376,0.366,W2
QSO_4.8350765-24.3587699,60111.74389900004,17.785999999999998,,W2
QSO_4.8350765-24.3587699,60111.8735835,17.929,0.3,W2
QSO_4.8350765-24.3587699,60273.251508000016,18.413,0.439,W2
QSO_4.8350765-24.3587699,60273.768165499976,18.373,,W2
QSO_4.8350765-24.3587699,60273.83280699996,18.25,0.392,W2
QSO_4.8350765-24.3587699,60273.96183449999,18.021,,W2
QSO_4.8350765-24.3587699,60274.09100799997,18.54,0.39,W2
QSO_4.8350765-24.3587699,60475.57075059997,18.083,,W2
QSO_4.8350765-24.3587699,60475.63480060002,17.933,0.311,W2
QSO_4.8350765-24.3587699,60475.698850599976,18.197,,W2
QSO_4.7398895-24.4729111,55361.96094699999,18.266,0.225,W1
QSO_4.7398895-24.4729111,55362.35759250002,17.990000000000002,0.119,W1
QSO_4.7398895-24.4729111,55362.42362100003,17.689999999999998,0.101,W1
QSO_4.7398895-24.4729111,55362.4897955,17.528,0.091,W1
QSO_4.7398895-24.4729111,55362.55586050003,17.778,0.104,W1
QSO_4.7398895-24.4729111,55362.62203499999,17.987000000000002,0.131,W1
QSO_4.7398895-24.4729111,55362.688063500005,17.607,0.098,W1
QSO_4.7398895-24.4729111,55362.820266499984,17.889,0.108,W1
QSO_4.7398895-24.4729111,55362.95250599999,17.705,0.094,W1
QSO_4.7398895-24.4729111,55539.78004099999,17.753,0.112,W1
QSO_4.7398895-24.4729111,55539.84621550003,18.083,0.136,W1
QSO_4.7398895-24.4729111,55539.91224399996,17.731,0.113,W1
QSO_4.7398895-24.4729111,55539.978309000006,17.737000000000002,0.105,W1
QSO_4.7398895-24.4729111,55540.044483499965,17.929000000000002,0.118,W1
QSO_4.7398895-24.4729111,55540.11051199998,17.848,0.117,W1
QSO_4.7398895-24.4729111,55540.17654049999,17.932000000000002,0.138,W1
QSO_4.7398895-24.4729111,55540.176686500025,18.39,0.253,W1
QSO_4.7398895-24.4729111,55540.24271500003,17.708,0.099,W1
QSO_4.7398895-24.4729111,55540.37495450003,18.033,0.137,W1
QSO_4.7398895-24.4729111,55543.94355950003,17.884,0.123,W1
QSO_4.7398895-24.4729111,56824.379045,17.651,0.111,W1
QSO_4.7398895-24.4729111,56824.51062749997,17.657,0.09,W1
QSO_4.7398895-24.4729111,56827.73222699998,17.823,0.134,W1
QSO_4.7398895-24.4729111,56827.86366350001,18.059,0.142,W1
QSO_4.7398895-24.4729111,56827.86380950004,17.841,0.119,W1
QSO_4.7398895-24.4729111,56827.995245999984,17.889,0.118,W1
QSO_4.7398895-24.4729111,57004.08694100002,17.868000000000002,0.129,W1
QSO_4.7398895-24.4729111,57004.21826799997,17.611,0.096,W1
QSO_4.7398895-24.4729111,57004.80934900004,17.798000000000002,0.117,W1
QSO_4.7398895-24.4729111,57004.94078549999,17.935000000000002,0.117,W1
QSO_4.7398895-24.4729111,57005.07211250001,17.866999999999997,0.118,W1
QSO_4.7398895-24.4729111,57188.58864275076,17.886,0.116,W1
QSO_4.7398895-24.4729111,57188.71986025494,17.747,0.103,W1
QSO_4.7398895-24.4729111,57189.24436527154,17.894,0.109,W1
QSO_4.7398895-24.4729111,57189.30991927366,17.706,0.128,W1
QSO_4.7398895-24.4729111,57189.44110027781,17.698999999999998,0.11,W1
QSO_4.7398895-24.4729111,57189.57217178196,17.936,0.116,W1
QSO_4.7398895-24.4729111,57362.97377420641,17.863,0.109,W1
QSO_4.7398895-24.4729111,57363.563577725086,17.981,0.117,W1
QSO_4.7398895-24.4729111,57363.62913172722,17.715,0.142,W1
QSO_4.7398895-24.4729111,57363.69453972931,18.155,0.139,W1
QSO_4.7398895-24.4729111,57363.694649229314,17.951999999999998,0.138,W1
QSO_4.7398895-24.4729111,57552.95100801626,17.831,0.115,W1
QSO_4.7398895-24.4729111,57553.08229222045,17.922,0.132,W1
QSO_4.7398895-24.4729111,57553.34489722869,17.729,0.167,W1
QSO_4.7398895-24.4729111,57553.41048443079,17.884,0.116,W1
QSO_4.7398895-24.4729111,57553.541768634976,17.912,0.117,W1
QSO_4.7398895-24.4729111,57553.93569444744,17.968,0.13,W1
QSO_4.7398895-24.4729111,57722.86212138939,18.009,0.222,W1
QSO_4.7398895-24.4729111,57722.8622311894,17.724,0.112,W1
QSO_4.7398895-24.4729111,57723.25601060183,17.872999999999998,0.11,W1
QSO_4.7398895-24.4729111,57723.32159780392,17.677,0.156,W1
QSO_4.7398895-24.4729111,57723.38729480602,17.671,0.098,W1
QSO_4.7398895-24.4729111,57723.51846921012,17.733,0.112,W1
QSO_4.7398895-24.4729111,57723.58420281225,17.105,0.1,W1
QSO_4.7398895-24.4729111,57723.84666142054,17.767,0.1,W1
QSO_4.7398895-24.4729111,57917.41374849998,17.875,0.127,W1
QSO_4.7398895-24.4729111,57917.806306000006,17.715,0.094,W1
QSO_4.7398895-24.4729111,57917.87171400002,17.661,0.108,W1
QSO_4.7398895-24.4729111,57917.93712199996,17.712,0.173,W1
QSO_4.7398895-24.4729111,57918.002529999976,17.675,0.093,W1
QSO_4.7398895-24.4729111,57918.06793799999,17.689999999999998,0.116,W1
QSO_4.7398895-24.4729111,57918.13334600001,17.964,0.121,W1
QSO_4.7398895-24.4729111,57918.26427149997,17.738,0.098,W1
QSO_4.7398895-24.4729111,57918.3950875,17.966,0.125,W1
QSO_4.7398895-24.4729111,58083.34895350002,17.941000000000003,0.124,W1
QSO_4.7398895-24.4729111,58083.47987899998,17.75,0.178,W1
QSO_4.7398895-24.4729111,58083.61069500001,18.046,0.158,W1
QSO_4.7398895-24.4729111,58083.74151099997,17.814,0.109,W1
QSO_4.7398895-24.4729111,58084.06855099997,17.75,0.161,W1
QSO_4.7398895-24.4729111,58084.199367,17.862000000000002,0.131,W1
QSO_4.7398895-24.4729111,58084.33029250004,17.705,0.104,W1
QSO_4.7398895-24.4729111,58086.22734349997,17.762,0.111,W1
QSO_4.7398895-24.4729111,58086.35815950001,17.766,0.165,W1
QSO_4.7398895-24.4729111,58086.55438349998,17.692999999999998,0.108,W1
QSO_4.7398895-24.4729111,58086.6197915,17.652,0.124,W1
QSO_4.7398895-24.4729111,58087.07775700004,17.741,0.103,W1
QSO_4.7398895-24.4729111,58284.50757099999,17.958,0.122,W1
QSO_4.7398895-24.4729111,58284.83446500004,17.98,0.123,W1
QSO_4.7398895-24.4729111,58284.89987299997,18.108,0.141,W1
QSO_4.7398895-24.4729111,58285.09609700003,17.958,0.153,W1
QSO_4.7398895-24.4729111,58446.83376550001,17.778,0.132,W1
QSO_4.7398895-24.4729111,58446.96458149996,17.82,0.104,W1
QSO_4.7398895-24.4729111,58447.02998949998,17.831,0.113,W1
QSO_4.7398895-24.4729111,58447.16065949998,18.258,0.186,W1
QSO_4.7398895-24.4729111,58447.29147550002,17.767,0.103,W1
QSO_4.7398895-24.4729111,58447.42229149997,17.762999999999998,0.1,W1
QSO_4.7398895-24.4729111,58447.5531075,17.483,0.086,W1
QSO_4.7398895-24.4729111,58648.17824100002,17.945999999999998,0.12,W1
QSO_4.7398895-24.4729111,58648.439763500006,17.766,0.158,W1
QSO_4.7398895-24.4729111,58648.50502549999,17.98,0.138,W1
QSO_4.7398895-24.4729111,58648.50513499999,17.704,0.131,W1
QSO_4.7398895-24.4729111,58648.57043350001,18.026,0.174,W1
QSO_4.7398895-24.4729111,58648.63584150003,17.903,0.123,W1
QSO_4.7398895-24.4729111,58648.70124949996,17.744999999999997,0.123,W1
QSO_4.7398895-24.4729111,58648.89732749998,17.889,0.113,W1
QSO_4.7398895-24.4729111,58649.158704000016,17.819,0.148,W1
QSO_4.7398895-24.4729111,58649.15884999996,17.707,0.1,W1
QSO_4.7398895-24.4729111,58810.84311899999,17.814,0.114,W1
QSO_4.7398895-24.4729111,58810.90852700001,17.828,0.115,W1
QSO_4.7398895-24.4729111,58810.97382550003,17.846,0.107,W1
QSO_4.7398895-24.4729111,58811.03923350004,17.756,0.118,W1
QSO_4.7398895-24.4729111,58811.16990349996,18.052,0.123,W1
QSO_4.7398895-24.4729111,58811.3007195,17.794,0.104,W1
QSO_4.7398895-24.4729111,59015.71369539998,17.807000000000002,0.179,W1
QSO_4.7398895-24.4729111,59015.91034720003,18.302,0.164,W1
QSO_4.7398895-24.4729111,59015.97578800001,17.898,0.219,W1
QSO_4.7398895-24.4729111,59015.97593439996,17.85,0.141,W1
QSO_4.7398895-24.4729111,59016.04137520003,17.84,0.109,W1
QSO_4.7398895-24.4729111,59016.106962399965,18.056,0.132,W1
QSO_4.7398895-24.4729111,59016.17240320004,17.811999999999998,0.108,W1
QSO_4.7398895-24.4729111,59016.43449579999,17.689,0.138,W1
QSO_4.7398895-24.4729111,59016.56556040001,17.887,0.15,W1
QSO_4.7398895-24.4729111,59175.36219999997,17.982,0.124,W1
QSO_4.7398895-24.4729111,59175.49322799996,17.542,0.126,W1
QSO_4.7398895-24.4729111,59175.6242926,17.951,0.116,W1
QSO_4.7398895-24.4729111,59175.68973339998,17.878999999999998,0.124,W1
QSO_4.7398895-24.4729111,59175.7553206,17.947,0.136,W1
QSO_4.7398895-24.4729111,59175.820798000015,17.758,0.115,W1
QSO_4.7398895-24.4729111,59175.95182600001,17.688000000000002,0.122,W1
QSO_4.7398895-24.4729111,59178.50687200001,17.85,0.128,W1
QSO_4.7398895-24.4729111,59178.57234940003,17.924,0.158,W1
QSO_4.7398895-24.4729111,59178.57245920003,18.025,0.145,W1
QSO_4.7398895-24.4729111,59178.63793659996,17.665,0.115,W1
QSO_4.7398895-24.4729111,59178.70337740003,18.029,0.195,W1
QSO_4.7398895-24.4729111,59178.76896459996,17.64,0.117,W1
QSO_4.7398895-24.4729111,59380.05570099997,17.91,0.121,W1
QSO_4.7398895-24.4729111,59380.18626149996,17.903,0.117,W1
QSO_4.7398895-24.4729111,59380.31682199997,17.909,0.131,W1
QSO_4.7398895-24.4729111,59380.38222999998,17.737000000000002,0.102,W1
QSO_4.7398895-24.4729111,59381.03539750001,17.662,0.116,W1
QSO_4.7398895-24.4729111,59381.16595800001,18.016,0.145,W1
QSO_4.7398895-24.4729111,59542.30378550002,17.884,0.146,W1
QSO_4.7398895-24.4729111,59542.43434600002,17.822,0.111,W1
QSO_4.7398895-24.4729111,59542.56490650002,17.861,0.125,W1
QSO_4.7398895-24.4729111,59542.69557650002,17.627000000000002,0.152,W1
QSO_4.7398895-24.4729111,59543.15266600003,17.741999999999997,0.107,W1
QSO_4.7398895-24.4729111,59543.283226500025,17.738,0.099,W1
QSO_4.7398895-24.4729111,59744.44585900003,18.205,0.216,W1
QSO_4.7398895-24.4729111,59744.6414625,17.986,0.16,W1
QSO_4.7398895-24.4729111,59744.90232799996,17.722,0.104,W1
QSO_4.7398895-24.4729111,59906.337229000026,17.921,0.111,W1
QSO_4.7398895-24.4729111,59906.92283499999,17.872999999999998,0.184,W1
QSO_4.7398895-24.4729111,59907.05354150002,18.077,0.138,W1
QSO_4.7398895-24.4729111,59907.183700500034,17.672,0.107,W1
QSO_4.7398895-24.4729111,59907.3140055,17.863999999999997,0.109,W1
QSO_4.7398895-24.4729111,60110.77131999999,17.776,0.128,W1
QSO_4.7398895-24.4729111,60110.90100449996,18.064,0.15,W1
QSO_4.7398895-24.4729111,60111.16033700003,17.63,0.169,W1
QSO_4.7398895-24.4729111,60111.225233999976,17.938000000000002,0.137,W1
QSO_4.7398895-24.4729111,60111.354882,17.914,0.133,W1
QSO_4.7398895-24.4729111,60111.419779000025,17.817999999999998,0.115,W1
QSO_4.7398895-24.4729111,60111.48456649997,17.801000000000002,0.109,W1
QSO_4.7398895-24.4729111,60111.61425100001,17.491,0.125,W1
QSO_4.7398895-24.4729111,60111.74389900004,17.820999999999998,0.125,W1
QSO_4.7398895-24.4729111,60272.99319750001,17.968,0.126,W1
QSO_4.7398895-24.4729111,60273.12237099998,17.73,0.12,W1
QSO_4.7398895-24.4729111,60273.251508000016,17.591,0.124,W1
QSO_4.7398895-24.4729111,60273.70352399998,18.077,0.184,W1
QSO_4.7398895-24.4729111,60273.70363349999,17.97,0.128,W1
QSO_4.7398895-24.4729111,60273.96183449999,17.707,0.1,W1
QSO_4.7398895-24.4729111,60475.44250420001,17.597,0.142,W1
QSO_4.7398895-24.4729111,60475.5065908,17.762,0.124,W1
QSO_4.7398895-24.4729111,60475.5067006,18.023,0.185,W1
QSO_4.7398895-24.4729111,60475.57075059997,17.776,0.125,W1
QSO_4.7398895-24.4729111,60475.63480060002,17.856,0.138,W1
QSO_4.7398895-24.4729111,60475.698850599976,17.791,0.141,W1
QSO_4.7398895-24.4729111,60475.89114699999,17.829,0.133,W1
QSO_4.7398895-24.4729111,55361.96094699999,18.145,0.258,W2
QSO_4.7398895-24.4729111,55362.35759250002,17.695999999999998,0.169,W2
QSO_4.7398895-24.4729111,55362.42362100003,18.221,0.294,W2
QSO_4.7398895-24.4729111,55362.4897955,17.942999999999998,0.214,W2
QSO_4.7398895-24.4729111,55362.55586050003,18.344,0.307,W2
QSO_4.7398895-24.4729111,55362.62203499999,17.897,0.22,W2
QSO_4.7398895-24.4729111,55362.688063500005,18.623,0.502,W2
QSO_4.7398895-24.4729111,55362.820266499984,17.884,0.231,W2
QSO_4.7398895-24.4729111,55362.95250599999,18.697,0.47,W2
QSO_4.7398895-24.4729111,55539.78004099999,18.769,0.465,W2
QSO_4.7398895-24.4729111,55539.84621550003,17.748,0.188,W2
QSO_4.7398895-24.4729111,55539.91224399996,18.052,0.268,W2
QSO_4.7398895-24.4729111,55539.978309000006,18.13,0.272,W2
QSO_4.7398895-24.4729111,55540.044483499965,18.166,,W2
QSO_4.7398895-24.4729111,55540.11051199998,18.095,0.255,W2
QSO_4.7398895-24.4729111,55540.17654049999,17.956,0.223,W2
QSO_4.7398895-24.4729111,55540.176686500025,18.171,0.274,W2
QSO_4.7398895-24.4729111,55540.24271500003,18.076,0.263,W2
QSO_4.7398895-24.4729111,55540.37495450003,18.566,0.374,W2
QSO_4.7398895-24.4729111,55543.94355950003,18.713,0.501,W2
QSO_4.7398895-24.4729111,56824.379045,17.976,0.312,W2
QSO_4.7398895-24.4729111,56824.51062749997,18.009,0.392,W2
QSO_4.7398895-24.4729111,56827.73222699998,17.648,0.209,W2
QSO_4.7398895-24.4729111,56827.86366350001,18.006,0.348,W2
QSO_4.7398895-24.4729111,56827.86380950004,18.03,,W2
QSO_4.7398895-24.4729111,56827.995245999984,18.481,0.445,W2
QSO_4.7398895-24.4729111,57004.08694100002,18.471,0.36,W2
QSO_4.7398895-24.4729111,57004.21826799997,17.9,0.235,W2
QSO_4.7398895-24.4729111,57004.80934900004,18.553,0.433,W2
QSO_4.7398895-24.4729111,57004.94078549999,17.962,0.219,W2
QSO_4.7398895-24.4729111,57005.07211250001,18.549,,W2
QSO_4.7398895-24.4729111,57188.58864275076,18.238,0.306,W2
QSO_4.7398895-24.4729111,57188.71986025494,18.161,0.367,W2
QSO_4.7398895-24.4729111,57189.24436527154,18.192,,W2
QSO_4.7398895-24.4729111,57189.30991927366,18.504,0.363,W2
QSO_4.7398895-24.4729111,57189.44110027781,18.584,0.507,W2
QSO_4.7398895-24.4729111,57189.57217178196,17.995,,W2
QSO_4.7398895-24.4729111,57362.97377420641,18.491,0.358,W2
QSO_4.7398895-24.4729111,57363.563577725086,18.657,,W2
QSO_4.7398895-24.4729111,57363.62913172722,18.764,0.463,W2
QSO_4.7398895-24.4729111,57363.69453972931,17.991,0.244,W2
QSO_4.7398895-24.4729111,57363.694649229314,18.189,0.388,W2
QSO_4.7398895-24.4729111,57552.95100801626,18.011,0.264,W2
QSO_4.7398895-24.4729111,57553.08229222045,18.038,0.337,W2
QSO_4.7398895-24.4729111,57553.34489722869,17.982,0.277,W2
QSO_4.7398895-24.4729111,57553.41048443079,18.684,0.46,W2
QSO_4.7398895-24.4729111,57553.541768634976,18.168,,W2
QSO_4.7398895-24.4729111,57553.93569444744,18.298,0.457,W2
QSO_4.7398895-24.4729111,57722.86212138939,18.475,0.378,W2
QSO_4.7398895-24.4729111,57722.8622311894,18.208,0.304,W2
QSO_4.7398895-24.4729111,57723.25601060183,17.781,0.203,W2
QSO_4.7398895-24.4729111,57723.32159780392,18.348,0.341,W2
QSO_4.7398895-24.4729111,57723.38729480602,18.265,0.387,W2
QSO_4.7398895-24.4729111,57723.51846921012,18.299,0.33,W2
QSO_4.7398895-24.4729111,57723.58420281225,18.491,0.413,W2
QSO_4.7398895-24.4729111,57723.84666142054,18.495,0.385,W2
QSO_4.7398895-24.4729111,57917.41374849998,18.17,0.304,W2
QSO_4.7398895-24.4729111,57917.806306000006,17.88,,W2
QSO_4.7398895-24.4729111,57917.87171400002,18.025,0.294,W2
QSO_4.7398895-24.4729111,57917.93712199996,18.142,0.394,W2
QSO_4.7398895-24.4729111,57918.002529999976,18.506,0.437,W2
QSO_4.7398895-24.4729111,57918.06793799999,17.833,0.223,W2
QSO_4.7398895-24.4729111,57918.13334600001,18.374,0.379,W2
QSO_4.7398895-24.4729111,57918.26427149997,18.289,0.327,W2
QSO_4.7398895-24.4729111,57918.3950875,17.637999999999998,0.241,W2
QSO_4.7398895-24.4729111,58083.34895350002,18.429,0.399,W2
QSO_4.7398895-24.4729111,58083.47987899998,17.993,,W2
QSO_4.7398895-24.4729111,58083.61069500001,17.573999999999998,,W2
QSO_4.7398895-24.4729111,58083.74151099997,18.051,0.369,W2
QSO_4.7398895-24.4729111,58084.06855099997,17.923,0.328,W2
QSO_4.7398895-24.4729111,58084.199367,18.666,0.541,W2
QSO_4.7398895-24.4729111,58084.33029250004,17.934,0.322,W2
QSO_4.7398895-24.4729111,58086.22734349997,17.432,,W2
QSO_4.7398895-24.4729111,58086.35815950001,17.509999999999998,,W2
QSO_4.7398895-24.4729111,58086.55438349998,17.881,,W2
QSO_4.7398895-24.4729111,58086.6197915,17.681,,W2
QSO_4.7398895-24.4729111,58087.07775700004,18.254,0.451,W2
QSO_4.7398895-24.4729111,58284.50757099999,18.349,0.371,W2
QSO_4.7398895-24.4729111,58284.83446500004,18.317,0.472,W2
QSO_4.7398895-24.4729111,58284.89987299997,18.421,0.372,W2
QSO_4.7398895-24.4729111,58285.09609700003,17.971,,W2
QSO_4.7398895-24.4729111,58446.83376550001,17.623,,W2
QSO_4.7398895-24.4729111,58446.96458149996,18.22,,W2
QSO_4.7398895-24.4729111,58447.02998949998,18.081,,W2
QSO_4.7398895-24.4729111,58447.16065949998,18.494,0.424,W2
QSO_4.7398895-24.4729111,58447.29147550002,18.534,0.401,W2
QSO_4.7398895-24.4729111,58447.42229149997,18.262,0.353,W2
QSO_4.7398895-24.4729111,58447.5531075,18.162,0.302,W2
QSO_4.7398895-24.4729111,58648.17824100002,17.929,,W2
QSO_4.7398895-24.4729111,58648.439763500006,18.051,0.298,W2
QSO_4.7398895-24.4729111,58648.50502549999,18.165,,W2
QSO_4.7398895-24.4729111,58648.50513499999,18.298,0.373,W2
QSO_4.7398895-24.4729111,58648.57043350001,18.055,0.332,W2
QSO_4.7398895-24.4729111,58648.63584150003,18.064,,W2
QSO_4.7398895-24.4729111,58648.70124949996,17.97,0.26,W2
QSO_4.7398895-24.4729111,58648.89732749998,18.242,0.399,W2
QSO_4.7398895-24.4729111,58649.158704000016,18.175,0.335,W2
QSO_4.7398895-24.4729111,58649.15884999996,18.186,,W2
QSO_4.7398895-24.4729111,58810.84311899999,18.205,0.366,W2
QSO_4.7398895-24.4729111,58810.90852700001,17.758,0.2,W2
QSO_4.7398895-24.4729111,58810.97382550003,17.785999999999998,,W2
QSO_4.7398895-24.4729111,58811.03923350004,18.449,0.501,W2
QSO_4.7398895-24.4729111,58811.16990349996,18.419,0.336,W2
QSO_4.7398895-24.4729111,58811.3007195,17.838,0.261,W2
QSO_4.7398895-24.4729111,59015.71369539998,17.805,0.243,W2
QSO_4.7398895-24.4729111,59015.91034720003,17.922,0.245,W2
QSO_4.7398895-24.4729111,59015.97578800001,18.318,0.362,W2
QSO_4.7398895-24.4729111,59015.97593439996,17.82,0.331,W2
QSO_4.7398895-24.4729111,59016.04137520003,17.783,0.245,W2
QSO_4.7398895-24.4729111,59016.106962399965,18.477,0.423,W2
QSO_4.7398895-24.4729111,59016.17240320004,18.225,,W2
QSO_4.7398895-24.4729111,59016.43449579999,17.871,,W2
QSO_4.7398895-24.4729111,59016.56556040001,18.57,0.483,W2
QSO_4.7398895-24.4729111,59175.36219999997,17.654,,W2
QSO_4.7398895-24.4729111,59175.49322799996,17.938,,W2
QSO_4.7398895-24.4729111,59175.6242926,17.736,,W2
QSO_4.7398895-24.4729111,59175.68973339998,17.713,0.233,W2
QSO_4.7398895-24.4729111,59175.7553206,18.125,0.351,W2
QSO_4.7398895-24.4729111,59175.820798000015,18.157,0.368,W2
QSO_4.7398895-24.4729111,59175.95182600001,18.111,0.373,W2
QSO_4.7398895-24.4729111,59178.50687200001,17.682,0.384,W2
QSO_4.7398895-24.4729111,59178.57234940003,17.669,,W2
QSO_4.7398895-24.4729111,59178.57245920003,17.86,0.37,W2
QSO_4.7398895-24.4729111,59178.63793659996,17.386,,W2
QSO_4.7398895-24.4729111,59178.70337740003,18.312,,W2
QSO_4.7398895-24.4729111,59178.76896459996,17.831,,W2
QSO_4.7398895-24.4729111,59380.05570099997,18.62,,W2
QSO_4.7398895-24.4729111,59380.18626149996,17.969,0.274,W2
QSO_4.7398895-24.4729111,59380.31682199997,18.273,0.366,W2
QSO_4.7398895-24.4729111,59380.38222999998,17.88,0.24,W2
QSO_4.7398895-24.4729111,59381.03539750001,17.881999999999998,0.332,W2
QSO_4.7398895-24.4729111,59381.16595800001,17.947,,W2
QSO_4.7398895-24.4729111,59542.30378550002,18.222,0.432,W2
QSO_4.7398895-24.4729111,59542.43434600002,18.473,0.475,W2
QSO_4.7398895-24.4729111,59542.56490650002,18.141,0.295,W2
QSO_4.7398895-24.4729111,59542.69557650002,18.427,0.366,W2
QSO_4.7398895-24.4729111,59543.15266600003,18.43,,W2
QSO_4.7398895-24.4729111,59543.283226500025,18.316,,W2
QSO_4.7398895-24.4729111,59744.44585900003,18.006999999999998,,W2
QSO_4.7398895-24.4729111,59744.6414625,17.794,0.247,W2
QSO_4.7398895-24.4729111,59744.90232799996,18.571,0.475,W2
QSO_4.7398895-24.4729111,59906.337229000026,18.364,0.484,W2
QSO_4.7398895-24.4729111,59906.92283499999,17.782,0.236,W2
QSO_4.7398895-24.4729111,59907.05354150002,18.476,0.355,W2
QSO_4.7398895-24.4729111,59907.183700500034,17.865,0.259,W2
QSO_4.7398895-24.4729111,59907.3140055,18.172,,W2
QSO_4.7398895-24.4729111,60110.77131999999,17.855,0.273,W2
QSO_4.7398895-24.4729111,60110.90100449996,17.884999999999998,0.285,W2
QSO_4.7398895-24.4729111,60111.16033700003,18.66,0.512,W2
QSO_4.7398895-24.4729111,60111.225233999976,18.26,,W2
QSO_4.7398895-24.4729111,60111.354882,17.782,0.338,W2
QSO_4.7398895-24.4729111,60111.419779000025,17.64,0.203,W2
QSO_4.7398895-24.4729111,60111.48456649997,18.832,0.524,W2
QSO_4.7398895-24.4729111,60111.61425100001,18.15,0.33,W2
QSO_4.7398895-24.4729111,60111.74389900004,17.79,0.273,W2
QSO_4.7398895-24.4729111,60272.99319750001,18.026,0.353,W2
QSO_4.7398895-24.4729111,60273.12237099998,18.545,0.442,W2
QSO_4.7398895-24.4729111,60273.251508000016,18.053,0.435,W2
QSO_4.7398895-24.4729111,60273.70352399998,18.118,,W2
QSO_4.7398895-24.4729111,60273.70363349999,17.909,,W2
QSO_4.7398895-24.4729111,60273.96183449999,17.802,0.226,W2
QSO_4.7398895-24.4729111,60475.44250420001,17.910999999999998,0.378,W2
QSO_4.7398895-24.4729111,60475.5065908,17.701,,W2
QSO_4.7398895-24.4729111,60475.5067006,17.768,0.243,W2
QSO_4.7398895-24.4729111,60475.57075059997,17.564,0.329,W2
QSO_4.7398895-24.4729111,60475.63480060002,17.776,0.398,W2
QSO_4.7398895-24.4729111,60475.698850599976,17.605,,W2
QSO_4.7398895-24.4729111,60475.89114699999,18.272,,W2
QSO_4.7241109-24.1656706,55362.357483000014,17.891,0.11,W1
QSO_4.7241109-24.1656706,55362.48968599999,17.903,0.12,W1
QSO_4.7241109-24.1656706,55362.55586050003,18.19,0.147,W1
QSO_4.7241109-24.1656706,55362.621888999965,17.829,0.121,W1
QSO_4.7241109-24.1656706,55362.688063500005,17.925,0.115,W1
QSO_4.7241109-24.1656706,55362.75409200002,17.86,0.114,W1
QSO_4.7241109-24.1656706,55362.820266499984,17.88,0.106,W1
QSO_4.7241109-24.1656706,55362.95236000003,18.305,0.221,W1
QSO_4.7241109-24.1656706,55362.95250599999,17.929000000000002,0.117,W1
QSO_4.7241109-24.1656706,55539.780187000026,17.792,0.102,W1
QSO_4.7241109-24.1656706,55539.91224399996,17.788,0.106,W1
QSO_4.7241109-24.1656706,55539.91239,17.955,0.121,W1
QSO_4.7241109-24.1656706,55539.97841850001,17.987000000000002,0.124,W1
QSO_4.7241109-24.1656706,55540.044483499965,17.968,0.12,W1
QSO_4.7241109-24.1656706,55540.11051199998,17.979,0.136,W1
QSO_4.7241109-24.1656706,55540.11065800001,17.857,0.113,W1
QSO_4.7241109-24.1656706,55540.176686500025,18.142,0.142,W1
QSO_4.7241109-24.1656706,55540.24271500003,17.822,0.105,W1
QSO_4.7241109-24.1656706,55540.3088895,17.95,0.123,W1
QSO_4.7241109-24.1656706,55540.37495450003,18.014,0.129,W1
QSO_4.7241109-24.1656706,55544.00973399999,18.019,0.13,W1
QSO_4.7241109-24.1656706,56640.030319999976,17.975,0.13,W1
QSO_4.7241109-24.1656706,56640.03042949997,17.619,0.114,W1
QSO_4.7241109-24.1656706,56824.379045,17.972,0.137,W1
QSO_4.7241109-24.1656706,56824.51048150002,17.899,0.219,W1
QSO_4.7241109-24.1656706,56824.77353699998,17.842,0.168,W1
QSO_4.7241109-24.1656706,56827.73222699998,18.049,0.13,W1
QSO_4.7241109-24.1656706,56827.79789050004,17.756,0.137,W1
QSO_4.7241109-24.1656706,56827.86366350001,17.813000000000002,0.146,W1
QSO_4.7241109-24.1656706,56827.99513649998,18.197,0.167,W1
QSO_4.7241109-24.1656706,56827.995245999984,17.762999999999998,0.13,W1
QSO_4.7241109-24.1656706,57004.21837749997,17.786,0.149,W1
QSO_4.7241109-24.1656706,57004.87512200002,17.668,0.132,W1
QSO_4.7241109-24.1656706,57004.94078549999,17.966,0.164,W1
QSO_4.7241109-24.1656706,57005.07211250001,17.965,0.114,W1
QSO_4.7241109-24.1656706,57005.20354899996,17.816000000000003,0.118,W1
QSO_4.7241109-24.1656706,57188.719714254905,17.886,0.121,W1
QSO_4.7241109-24.1656706,57189.24425577161,18.056,0.138,W1
QSO_4.7241109-24.1656706,57189.30991927366,17.899,0.128,W1
QSO_4.7241109-24.1656706,57189.375436775765,18.205,0.139,W1
QSO_4.7241109-24.1656706,57189.57217178196,17.948,0.115,W1
QSO_4.7241109-24.1656706,57189.70324328611,18.102,0.133,W1
QSO_4.7241109-24.1656706,57363.10484571056,18.04,0.128,W1
QSO_4.7241109-24.1656706,57363.563577725086,18.012999999999998,0.121,W1
QSO_4.7241109-24.1656706,57363.62913172722,18.079,0.14,W1
QSO_4.7241109-24.1656706,57363.694649229314,18.074,0.15,W1
QSO_4.7241109-24.1656706,57363.95679223761,18.019,0.122,W1
QSO_4.7241109-24.1656706,57553.34478742869,18.08,0.14,W1
QSO_4.7241109-24.1656706,57553.34489722869,18.204,0.149,W1
QSO_4.7241109-24.1656706,57553.41048443079,17.894,0.119,W1
QSO_4.7241109-24.1656706,57553.541768634976,17.912,0.13,W1
QSO_4.7241109-24.1656706,57553.60735583699,17.958,0.126,W1
QSO_4.7241109-24.1656706,57553.738786441216,18.025,0.124,W1
QSO_4.7241109-24.1656706,57553.93569444744,17.844,0.148,W1
QSO_4.7241109-24.1656706,57554.06697865155,17.71,0.098,W1
QSO_4.7241109-24.1656706,57723.25601060183,17.967,0.123,W1
QSO_4.7241109-24.1656706,57723.32170760393,17.927,0.114,W1
QSO_4.7241109-24.1656706,57723.38729480602,17.898,0.119,W1
QSO_4.7241109-24.1656706,57723.51861561016,17.938000000000002,0.129,W1
QSO_4.7241109-24.1656706,57723.58420281225,18.257,0.182,W1
QSO_4.7241109-24.1656706,57723.8468078205,18.039,0.138,W1
QSO_4.7241109-24.1656706,57917.80615999998,17.804000000000002,0.103,W1
QSO_4.7241109-24.1656706,57918.002529999976,17.819,0.128,W1
QSO_4.7241109-24.1656706,57918.06793799999,18.097,0.159,W1
QSO_4.7241109-24.1656706,57918.13334600001,17.983,0.13,W1
QSO_4.7241109-24.1656706,57918.19875400003,18.19,0.143,W1
QSO_4.7241109-24.1656706,57918.65671949999,18.011,0.122,W1
QSO_4.7241109-24.1656706,58083.47987899998,17.976,0.117,W1
QSO_4.7241109-24.1656706,58083.74151099997,18.173,0.155,W1
QSO_4.7241109-24.1656706,58084.06866049997,17.881,0.2,W1
QSO_4.7241109-24.1656706,58084.13406849999,18.256,0.158,W1
QSO_4.7241109-24.1656706,58084.33029250004,18.306,0.165,W1
QSO_4.7241109-24.1656706,58084.46110849999,17.709,0.104,W1
QSO_4.7241109-24.1656706,58086.35815950001,17.811999999999998,0.118,W1
QSO_4.7241109-24.1656706,58086.48912149999,18.016,0.136,W1
QSO_4.7241109-24.1656706,58087.07775700004,18.188,0.207,W1
QSO_4.7241109-24.1656706,58284.83446500004,18.048,0.179,W1
QSO_4.7241109-24.1656706,58284.89987299997,17.999000000000002,0.136,W1
QSO_4.7241109-24.1656706,58285.03057950001,17.994999999999997,0.139,W1
QSO_4.7241109-24.1656706,58285.09609700003,18.309,0.152,W1
QSO_4.7241109-24.1656706,58285.488399000016,17.963,0.13,W1
QSO_4.7241109-24.1656706,58446.83376550001,18.339,0.195,W1
QSO_4.7241109-24.1656706,58446.83387500001,17.899,0.145,W1
QSO_4.7241109-24.1656706,58446.96458149996,18.129,0.181,W1
QSO_4.7241109-24.1656706,58447.16080550001,18.251,0.143,W1
QSO_4.7241109-24.1656706,58447.35688350003,18.174,0.197,W1
QSO_4.7241109-24.1656706,58447.35702949998,18.248,0.206,W1
QSO_4.7241109-24.1656706,58447.5531075,17.95,0.125,W1
QSO_4.7241109-24.1656706,58648.43961749997,18.031,0.126,W1
QSO_4.7241109-24.1656706,58648.6356955,18.079,0.144,W1
QSO_4.7241109-24.1656706,58648.63584150003,18.108,0.202,W1
QSO_4.7241109-24.1656706,58648.70110350001,18.182,0.202,W1
QSO_4.7241109-24.1656706,58649.158704000016,18.145,0.188,W1
QSO_4.7241109-24.1656706,58649.28951999996,18.005,0.16,W1
QSO_4.7241109-24.1656706,58810.71244899999,18.069,0.132,W1
QSO_4.7241109-24.1656706,58810.84311899999,17.95,0.147,W1
QSO_4.7241109-24.1656706,58810.97393500002,18.025,0.128,W1
QSO_4.7241109-24.1656706,58811.03923350004,18.009999999999998,0.139,W1
QSO_4.7241109-24.1656706,58811.235457500006,17.839,0.112,W1
QSO_4.7241109-24.1656706,58811.3007195,17.823999999999998,0.104,W1
QSO_4.7241109-24.1656706,58811.69254700002,18.47,0.349,W1
QSO_4.7241109-24.1656706,59015.71369539998,17.779,0.107,W1
QSO_4.7241109-24.1656706,59015.97578800001,17.802,0.109,W1
QSO_4.7241109-24.1656706,59016.04137520003,17.878,0.117,W1
QSO_4.7241109-24.1656706,59016.17240320004,17.941000000000003,0.127,W1
QSO_4.7241109-24.1656706,59016.368908599965,18.194,0.151,W1
QSO_4.7241109-24.1656706,59016.43449579999,18.428,0.177,W1
QSO_4.7241109-24.1656706,59016.56556040001,18.135,0.161,W1
QSO_4.7241109-24.1656706,59016.69658840002,18.448,0.256,W1
QSO_4.7241109-24.1656706,59175.49322799996,18.242,0.176,W1
QSO_4.7241109-24.1656706,59175.6242926,18.336,0.168,W1
QSO_4.7241109-24.1656706,59175.7553206,18.003999999999998,0.134,W1
QSO_4.7241109-24.1656706,59175.88638520003,18.061,0.157,W1
QSO_4.7241109-24.1656706,59178.50687200001,17.851,0.124,W1
QSO_4.7241109-24.1656706,59178.63793659996,17.775,0.114,W1
QSO_4.7241109-24.1656706,59178.76896459996,18.121,0.175,W1
QSO_4.7241109-24.1656706,59178.90002919999,18.111,0.177,W1
QSO_4.7241109-24.1656706,59380.18626149996,18.14,0.148,W1
QSO_4.7241109-24.1656706,59380.31682199997,18.136,0.151,W1
QSO_4.7241109-24.1656706,59380.839282999965,17.963,0.12,W1
QSO_4.7241109-24.1656706,59381.035251499976,17.979,0.196,W1
QSO_4.7241109-24.1656706,59381.16595800001,18.074,0.135,W1
QSO_4.7241109-24.1656706,59381.29651850001,18.096,0.129,W1
QSO_4.7241109-24.1656706,59542.43434600002,18.005,0.147,W1
QSO_4.7241109-24.1656706,59542.69557650002,18.147,0.142,W1
QSO_4.7241109-24.1656706,59543.08740399996,17.942,0.116,W1
QSO_4.7241109-24.1656706,59543.15266600003,18.132,0.128,W1
QSO_4.7241109-24.1656706,59543.283226500025,18.122,0.135,W1
QSO_4.7241109-24.1656706,59543.41393299997,18.042,0.123,W1
QSO_4.7241109-24.1656706,59744.44585900003,18.019,0.124,W1
QSO_4.7241109-24.1656706,59744.6414625,17.948,0.123,W1
QSO_4.7241109-24.1656706,59744.70661499998,18.219,0.191,W1
QSO_4.7241109-24.1656706,59744.70672449999,18.143,0.139,W1
QSO_4.7241109-24.1656706,59744.77187699997,18.248,0.166,W1
QSO_4.7241109-24.1656706,59744.90232799996,18.078,0.142,W1
QSO_4.7241109-24.1656706,59745.03263300001,17.807000000000002,0.132,W1
QSO_4.7241109-24.1656706,59906.92283499999,18.197,0.162,W1
QSO_4.7241109-24.1656706,59906.98849849996,17.848,0.132,W1
QSO_4.7241109-24.1656706,59907.05354150002,17.993000000000002,0.145,W1
QSO_4.7241109-24.1656706,59907.18384649998,17.65,0.094,W1
QSO_4.7241109-24.1656706,59907.3140055,17.983,0.147,W1
QSO_4.7241109-24.1656706,59907.44431050004,17.820999999999998,0.102,W1
QSO_4.7241109-24.1656706,60110.90100449996,17.912,0.122,W1
QSO_4.7241109-24.1656706,60111.16033700003,17.858,0.124,W1
QSO_4.7241109-24.1656706,60111.225233999976,17.814,0.153,W1
QSO_4.7241109-24.1656706,60111.28998499997,17.917,0.137,W1
QSO_4.7241109-24.1656706,60111.354882,18.019,0.15,W1
QSO_4.7241109-24.1656706,60111.41966950002,17.823,0.139,W1
QSO_4.7241109-24.1656706,60111.48456649997,18.133,0.155,W1
QSO_4.7241109-24.1656706,60111.54935399999,17.956,0.119,W1
QSO_4.7241109-24.1656706,60111.61425100001,17.755,0.107,W1
QSO_4.7241109-24.1656706,60111.74389900004,17.819,0.217,W1
QSO_4.7241109-24.1656706,60111.8735835,17.688000000000002,0.147,W1
QSO_4.7241109-24.1656706,60273.12248049999,17.976,0.126,W1
QSO_4.7241109-24.1656706,60273.70363349999,18.474,0.238,W1
QSO_4.7241109-24.1656706,60273.768165499976,18.264,0.17,W1
QSO_4.7241109-24.1656706,60273.83280699996,18.077,0.146,W1
QSO_4.7241109-24.1656706,60273.961980500026,17.832,0.117,W1
QSO_4.7241109-24.1656706,60274.09111749997,17.95,0.129,W1
QSO_4.7241109-24.1656706,60475.44250420001,17.672,0.117,W1
QSO_4.7241109-24.1656706,60475.63480060002,18.083,0.187,W1
QSO_4.7241109-24.1656706,60475.698850599976,17.667,0.108,W1
QSO_4.7241109-24.1656706,60475.89103719998,17.764,0.142,W1
QSO_4.7241109-24.1656706,60475.955087200025,18.135,0.198,W1
QSO_4.7241109-24.1656706,55362.357483000014,17.777,0.181,W2
QSO_4.7241109-24.1656706,55362.48968599999,18.011,0.217,W2
QSO_4.7241109-24.1656706,55362.55586050003,18.0,0.231,W2
QSO_4.7241109-24.1656706,55362.621888999965,18.832,0.525,W2
QSO_4.7241109-24.1656706,55362.688063500005,18.018,0.231,W2
QSO_4.7241109-24.1656706,55362.75409200002,17.776,0.194,W2
QSO_4.7241109-24.1656706,55362.820266499984,18.21,0.34,W2
QSO_4.7241109-24.1656706,55362.95236000003,18.774,0.425,W2
QSO_4.7241109-24.1656706,55362.95250599999,18.157,0.244,W2
QSO_4.7241109-24.1656706,55539.780187000026,17.992,,W2
QSO_4.7241109-24.1656706,55539.91224399996,17.916,0.216,W2
QSO_4.7241109-24.1656706,55539.91239,18.569,0.381,W2
QSO_4.7241109-24.1656706,55539.97841850001,18.251,0.293,W2
QSO_4.7241109-24.1656706,55540.044483499965,18.081,0.287,W2
QSO_4.7241109-24.1656706,55540.11051199998,17.939,0.225,W2
QSO_4.7241109-24.1656706,55540.11065800001,18.348,0.374,W2
QSO_4.7241109-24.1656706,55540.176686500025,18.412,0.336,W2
QSO_4.7241109-24.1656706,55540.24271500003,18.576,0.435,W2
QSO_4.7241109-24.1656706,55540.3088895,18.203,0.27,W2
QSO_4.7241109-24.1656706,55540.37495450003,17.815,0.201,W2
QSO_4.7241109-24.1656706,55544.00973399999,17.656,0.203,W2
QSO_4.7241109-24.1656706,56640.030319999976,18.044,0.401,W2
QSO_4.7241109-24.1656706,56640.03042949997,17.934,0.271,W2
QSO_4.7241109-24.1656706,56824.379045,17.894,0.312,W2
QSO_4.7241109-24.1656706,56824.51048150002,18.024,,W2
QSO_4.7241109-24.1656706,56824.77353699998,17.773,0.227,W2
QSO_4.7241109-24.1656706,56827.73222699998,17.919,0.256,W2
QSO_4.7241109-24.1656706,56827.79789050004,17.785,0.253,W2
QSO_4.7241109-24.1656706,56827.86366350001,17.771,0.236,W2
QSO_4.7241109-24.1656706,56827.99513649998,17.751,0.302,W2
QSO_4.7241109-24.1656706,56827.995245999984,18.216,0.371,W2
QSO_4.7241109-24.1656706,57004.21837749997,18.227,0.515,W2
QSO_4.7241109-24.1656706,57004.87512200002,17.717,0.196,W2
QSO_4.7241109-24.1656706,57004.94078549999,18.056,0.271,W2
QSO_4.7241109-24.1656706,57005.07211250001,17.81,0.268,W2
QSO_4.7241109-24.1656706,57005.20354899996,17.977999999999998,0.225,W2
QSO_4.7241109-24.1656706,57188.719714254905,18.165,0.359,W2
QSO_4.7241109-24.1656706,57189.24425577161,18.405,0.358,W2
QSO_4.7241109-24.1656706,57189.30991927366,18.577,0.369,W2
QSO_4.7241109-24.1656706,57189.375436775765,17.730999999999998,,W2
QSO_4.7241109-24.1656706,57189.57217178196,17.909,0.303,W2
QSO_4.7241109-24.1656706,57189.70324328611,17.815,0.24,W2
QSO_4.7241109-24.1656706,57363.10484571056,18.128,,W2
QSO_4.7241109-24.1656706,57363.563577725086,17.95,0.236,W2
QSO_4.7241109-24.1656706,57363.62913172722,17.902,0.238,W2
QSO_4.7241109-24.1656706,57363.694649229314,18.34,0.414,W2
QSO_4.7241109-24.1656706,57363.95679223761,17.765,0.273,W2
QSO_4.7241109-24.1656706,57553.34478742869,17.762999999999998,0.257,W2
QSO_4.7241109-24.1656706,57553.34489722869,18.604,0.465,W2
QSO_4.7241109-24.1656706,57553.41048443079,18.067,0.257,W2
QSO_4.7241109-24.1656706,57553.541768634976,18.227,,W2
QSO_4.7241109-24.1656706,57553.60735583699,18.14,0.322,W2
QSO_4.7241109-24.1656706,57553.738786441216,18.754,0.507,W2
QSO_4.7241109-24.1656706,57553.93569444744,18.145,0.313,W2
QSO_4.7241109-24.1656706,57554.06697865155,17.737,0.226,W2
QSO_4.7241109-24.1656706,57723.25601060183,17.7,0.231,W2
QSO_4.7241109-24.1656706,57723.32170760393,18.015,0.342,W2
QSO_4.7241109-24.1656706,57723.38729480602,17.594,0.194,W2
QSO_4.7241109-24.1656706,57723.51861561016,18.215,0.277,W2
QSO_4.7241109-24.1656706,57723.58420281225,18.123,,W2
QSO_4.7241109-24.1656706,57723.8468078205,18.019,0.239,W2
QSO_4.7241109-24.1656706,57917.80615999998,17.817,0.268,W2
QSO_4.7241109-24.1656706,57918.002529999976,18.042,0.32,W2
QSO_4.7241109-24.1656706,57918.06793799999,18.225,0.449,W2
QSO_4.7241109-24.1656706,57918.13334600001,18.014,0.303,W2
QSO_4.7241109-24.1656706,57918.19875400003,18.383,0.442,W2
QSO_4.7241109-24.1656706,57918.65671949999,17.608,0.189,W2
QSO_4.7241109-24.1656706,58083.47987899998,18.466,0.462,W2
QSO_4.7241109-24.1656706,58083.74151099997,18.003999999999998,0.323,W2
QSO_4.7241109-24.1656706,58084.06866049997,17.572,0.22,W2
QSO_4.7241109-24.1656706,58084.13406849999,17.772,0.253,W2
QSO_4.7241109-24.1656706,58084.33029250004,17.686,,W2
QSO_4.7241109-24.1656706,58084.46110849999,18.026,0.313,W2
QSO_4.7241109-24.1656706,58086.35815950001,17.933,0.395,W2
QSO_4.7241109-24.1656706,58086.48912149999,18.11,0.467,W2
QSO_4.7241109-24.1656706,58087.07775700004,17.759999999999998,0.332,W2
QSO_4.7241109-24.1656706,58284.83446500004,17.692,0.212,W2
QSO_4.7241109-24.1656706,58284.89987299997,18.187,0.311,W2
QSO_4.7241109-24.1656706,58285.03057950001,18.215,0.321,W2
QSO_4.7241109-24.1656706,58285.09609700003,18.417,0.376,W2
QSO_4.7241109-24.1656706,58285.488399000016,17.766,0.247,W2
QSO_4.7241109-24.1656706,58446.83376550001,17.634999999999998,0.185,W2
QSO_4.7241109-24.1656706,58446.83387500001,18.406,0.319,W2
QSO_4.7241109-24.1656706,58446.96458149996,18.383,0.344,W2
QSO_4.7241109-24.1656706,58447.16080550001,18.089,0.274,W2
QSO_4.7241109-24.1656706,58447.35688350003,18.449,0.349,W2
QSO_4.7241109-24.1656706,58447.35702949998,17.977,0.276,W2
QSO_4.7241109-24.1656706,58447.5531075,18.028,0.244,W2
QSO_4.7241109-24.1656706,58648.43961749997,17.562,0.262,W2
QSO_4.7241109-24.1656706,58648.6356955,17.908,0.244,W2
QSO_4.7241109-24.1656706,58648.63584150003,17.878,0.244,W2
QSO_4.7241109-24.1656706,58648.70110350001,17.54,0.231,W2
QSO_4.7241109-24.1656706,58649.158704000016,17.579,0.272,W2
QSO_4.7241109-24.1656706,58649.28951999996,17.748,0.203,W2
QSO_4.7241109-24.1656706,58810.71244899999,18.153,0.333,W2
QSO_4.7241109-24.1656706,58810.84311899999,17.843,,W2
QSO_4.7241109-24.1656706,58810.97393500002,18.175,0.254,W2
QSO_4.7241109-24.1656706,58811.03923350004,18.139,,W2
QSO_4.7241109-24.1656706,58811.235457500006,18.431,0.361,W2
QSO_4.7241109-24.1656706,58811.3007195,18.133,0.389,W2
QSO_4.7241109-24.1656706,58811.69254700002,18.236,0.333,W2
QSO_4.7241109-24.1656706,59015.71369539998,18.4,0.397,W2
QSO_4.7241109-24.1656706,59015.97578800001,17.855999999999998,,W2
QSO_4.7241109-24.1656706,59016.04137520003,18.03,0.369,W2
QSO_4.7241109-24.1656706,59016.17240320004,17.986,0.344,W2
QSO_4.7241109-24.1656706,59016.368908599965,17.886,0.245,W2
QSO_4.7241109-24.1656706,59016.43449579999,17.660999999999998,0.302,W2
QSO_4.7241109-24.1656706,59016.56556040001,17.983,0.518,W2
QSO_4.7241109-24.1656706,59016.69658840002,18.084,0.42,W2
QSO_4.7241109-24.1656706,59175.49322799996,17.948,,W2
QSO_4.7241109-24.1656706,59175.6242926,17.811,,W2
QSO_4.7241109-24.1656706,59175.7553206,18.216,,W2
QSO_4.7241109-24.1656706,59175.88638520003,17.732,,W2
QSO_4.7241109-24.1656706,59178.50687200001,18.1,0.456,W2
QSO_4.7241109-24.1656706,59178.63793659996,18.197,0.501,W2
QSO_4.7241109-24.1656706,59178.76896459996,18.156,0.51,W2
QSO_4.7241109-24.1656706,59178.90002919999,18.142,,W2
QSO_4.7241109-24.1656706,59380.18626149996,17.689,0.303,W2
QSO_4.7241109-24.1656706,59380.31682199997,18.216,0.359,W2
QSO_4.7241109-24.1656706,59380.839282999965,18.024,0.37,W2
QSO_4.7241109-24.1656706,59381.035251499976,17.88,0.395,W2
QSO_4.7241109-24.1656706,59381.16595800001,18.45,0.513,W2
QSO_4.7241109-24.1656706,59381.29651850001,17.906,0.225,W2
QSO_4.7241109-24.1656706,59542.43434600002,17.985,0.277,W2
QSO_4.7241109-24.1656706,59542.69557650002,18.337,0.509,W2
QSO_4.7241109-24.1656706,59543.08740399996,18.142,0.345,W2
QSO_4.7241109-24.1656706,59543.15266600003,18.009999999999998,0.387,W2
QSO_4.7241109-24.1656706,59543.283226500025,18.691,0.507,W2
QSO_4.7241109-24.1656706,59543.41393299997,17.873,0.335,W2
QSO_4.7241109-24.1656706,59744.44585900003,17.983999999999998,,W2
QSO_4.7241109-24.1656706,59744.6414625,18.595,0.536,W2
QSO_4.7241109-24.1656706,59744.70661499998,17.823999999999998,0.242,W2
QSO_4.7241109-24.1656706,59744.70672449999,18.137,0.33,W2
QSO_4.7241109-24.1656706,59744.77187699997,18.09,0.463,W2
QSO_4.7241109-24.1656706,59744.90232799996,17.829,0.222,W2
QSO_4.7241109-24.1656706,59745.03263300001,18.532,0.522,W2
QSO_4.7241109-24.1656706,59906.92283499999,18.339,0.342,W2
QSO_4.7241109-24.1656706,59906.98849849996,18.227,0.302,W2
QSO_4.7241109-24.1656706,59907.05354150002,17.427,,W2
QSO_4.7241109-24.1656706,59907.18384649998,17.851,0.298,W2
QSO_4.7241109-24.1656706,59907.3140055,18.564,0.474,W2
QSO_4.7241109-24.1656706,59907.44431050004,17.591,0.205,W2
QSO_4.7241109-24.1656706,60110.90100449996,17.996,0.406,W2
QSO_4.7241109-24.1656706,60111.16033700003,18.221,0.43,W2
QSO_4.7241109-24.1656706,60111.225233999976,18.178,0.323,W2
QSO_4.7241109-24.1656706,60111.28998499997,17.573999999999998,,W2
QSO_4.7241109-24.1656706,60111.354882,17.785999999999998,,W2
QSO_4.7241109-24.1656706,60111.41966950002,18.017,0.406,W2
QSO_4.7241109-24.1656706,60111.48456649997,18.015,0.331,W2
QSO_4.7241109-24.1656706,60111.54935399999,17.644,,W2
QSO_4.7241109-24.1656706,60111.61425100001,18.022,,W2
QSO_4.7241109-24.1656706,60111.74389900004,17.363,,W2
QSO_4.7241109-24.1656706,60111.8735835,18.302,0.499,W2
QSO_4.7241109-24.1656706,60273.12248049999,17.471,0.256,W2
QSO_4.7241109-24.1656706,60273.70363349999,18.189,,W2
QSO_4.7241109-24.1656706,60273.768165499976,18.359,,W2
QSO_4.7241109-24.1656706,60273.83280699996,18.146,0.389,W2
QSO_4.7241109-24.1656706,60273.961980500026,18.093,0.512,W2
QSO_4.7241109-24.1656706,60274.09111749997,17.639,0.195,W2
QSO_4.7241109-24.1656706,60475.44250420001,18.035,0.365,W2
QSO_4.7241109-24.1656706,60475.63480060002,17.931,0.319,W2
QSO_4.7241109-24.1656706,60475.698850599976,17.939,0.326,W2
QSO_4.7241109-24.1656706,60475.89103719998,18.291,,W2
QSO_4.7241109-24.1656706,60475.955087200025,18.315,0.507,W2
QSO_4.8705782-24.1781539,55362.357483000014,18.241,0.154,W1
QSO_4.8705782-24.1781539,55362.48968599999,18.215,0.166,W1
QSO_4.8705782-24.1781539,55362.621888999965,18.048,0.131,W1
QSO_4.8705782-24.1781539,55362.688063500005,18.011,0.13,W1
QSO_4.8705782-24.1781539,55362.75409200002,18.178,0.134,W1
QSO_4.8705782-24.1781539,55362.820266499984,18.126,0.143,W1
QSO_4.8705782-24.1781539,55362.88633150002,18.067,0.14,W1
QSO_4.8705782-24.1781539,55362.95250599999,17.985,0.119,W1
QSO_4.8705782-24.1781539,55363.34900549999,17.853,0.109,W1
QSO_4.8705782-24.1781539,55539.780187000026,17.936999999999998,0.123,W1
QSO_4.8705782-24.1781539,55539.91224399996,17.73,0.104,W1
QSO_4.8705782-24.1781539,55540.044483499965,18.054,0.143,W1
QSO_4.8705782-24.1781539,55540.11051199998,18.339,0.176,W1
QSO_4.8705782-24.1781539,55540.176686500025,17.877000000000002,0.114,W1
QSO_4.8705782-24.1781539,55540.24271500003,18.003999999999998,0.124,W1
QSO_4.8705782-24.1781539,55540.30877999999,17.999000000000002,0.124,W1
QSO_4.8705782-24.1781539,55540.3088895,17.958,0.119,W1
QSO_4.8705782-24.1781539,55540.37495450003,18.164,0.14,W1
QSO_4.8705782-24.1781539,55540.77145400003,18.129,0.141,W1
QSO_4.8705782-24.1781539,55544.00973399999,17.894,0.123,W1
QSO_4.8705782-24.1781539,56640.030319999976,17.685000000000002,0.097,W1
QSO_4.8705782-24.1781539,56640.096238999984,17.884,0.118,W1
QSO_4.8705782-24.1781539,56640.16201200004,18.012,0.135,W1
QSO_4.8705782-24.1781539,56824.379045,17.973,0.119,W1
QSO_4.8705782-24.1781539,56824.51048150002,17.837,0.139,W1
QSO_4.8705782-24.1781539,56824.77353699998,18.258,0.191,W1
QSO_4.8705782-24.1781539,56827.73222699998,18.119,0.145,W1
QSO_4.8705782-24.1781539,56827.86366350001,18.047,0.131,W1
QSO_4.8705782-24.1781539,56827.995245999984,17.938000000000002,0.258,W1
QSO_4.8705782-24.1781539,57004.87512200002,18.165,0.156,W1
QSO_4.8705782-24.1781539,57004.94078549999,17.990000000000002,0.131,W1
QSO_4.8705782-24.1781539,57005.00644900005,17.622999999999998,0.096,W1
QSO_4.8705782-24.1781539,57005.07211250001,18.037,0.133,W1
QSO_4.8705782-24.1781539,57005.20343950004,17.805999999999997,0.122,W1
QSO_4.8705782-24.1781539,57005.20354899996,17.878,0.121,W1
QSO_4.8705782-24.1781539,57005.33487599999,18.028,0.16,W1
QSO_4.8705782-24.1781539,57189.24425577161,17.851,0.108,W1
QSO_4.8705782-24.1781539,57189.30991927366,18.097,0.131,W1
QSO_4.8705782-24.1781539,57189.375436775765,17.918,0.106,W1
QSO_4.8705782-24.1781539,57189.50650827991,18.291,0.171,W1
QSO_4.8705782-24.1781539,57189.57217178196,18.154,0.162,W1
QSO_4.8705782-24.1781539,57189.70324328611,17.914,0.262,W1
QSO_4.8705782-24.1781539,57189.83446079029,17.975,0.117,W1
QSO_4.8705782-24.1781539,57363.62913172722,17.969,0.125,W1
QSO_4.8705782-24.1781539,57363.694649229314,17.868000000000002,0.111,W1
QSO_4.8705782-24.1781539,57363.89123823548,18.152,0.179,W1
QSO_4.8705782-24.1781539,57363.95679223761,18.006,0.131,W1
QSO_4.8705782-24.1781539,57364.21878924594,18.223,0.139,W1
QSO_4.8705782-24.1781539,57553.34489722869,17.82,0.109,W1
QSO_4.8705782-24.1781539,57553.541768634976,17.990000000000002,0.121,W1
QSO_4.8705782-24.1781539,57553.738786441216,17.966,0.117,W1
QSO_4.8705782-24.1781539,57553.87010724536,18.142,0.144,W1
QSO_4.8705782-24.1781539,57553.93569444744,17.762999999999998,0.151,W1
QSO_4.8705782-24.1781539,57554.06697865155,18.071,0.197,W1
QSO_4.8705782-24.1781539,57723.25601060183,17.959,0.227,W1
QSO_4.8705782-24.1781539,57723.38729480602,18.034,0.134,W1
QSO_4.8705782-24.1781539,57723.51861561016,18.018,0.121,W1
QSO_4.8705782-24.1781539,57723.58420281225,17.753999999999998,0.156,W1
QSO_4.8705782-24.1781539,57723.64979001434,17.993000000000002,0.134,W1
QSO_4.8705782-24.1781539,57723.64989981435,17.899,0.122,W1
QSO_4.8705782-24.1781539,57723.8468078205,18.238,0.142,W1
QSO_4.8705782-24.1781539,57917.80615999998,17.979,0.15,W1
QSO_4.8705782-24.1781539,57917.93712199996,17.869,0.206,W1
QSO_4.8705782-24.1781539,57918.06793799999,18.122,0.175,W1
QSO_4.8705782-24.1781539,57918.13334600001,17.994999999999997,0.127,W1
QSO_4.8705782-24.1781539,57918.19875400003,18.35,0.187,W1
QSO_4.8705782-24.1781539,57918.32956999998,17.909,0.124,W1
QSO_4.8705782-24.1781539,57918.3950875,18.035,0.126,W1
QSO_4.8705782-24.1781539,57918.65671949999,17.941000000000003,0.133,W1
QSO_4.8705782-24.1781539,58083.61069500001,17.774,0.123,W1
QSO_4.8705782-24.1781539,58083.74151099997,18.238,0.156,W1
QSO_4.8705782-24.1781539,58084.06866049997,18.365,0.223,W1
QSO_4.8705782-24.1781539,58084.13406849999,17.741999999999997,0.104,W1
QSO_4.8705782-24.1781539,58084.26488450002,17.826,0.109,W1
QSO_4.8705782-24.1781539,58084.33029250004,17.972,0.122,W1
QSO_4.8705782-24.1781539,58084.46110849999,17.947,0.12,W1
QSO_4.8705782-24.1781539,58084.591924500026,18.035,0.137,W1
QSO_4.8705782-24.1781539,58087.07775700004,18.195,0.191,W1
QSO_4.8705782-24.1781539,58087.47035100001,17.728,0.201,W1
QSO_4.8705782-24.1781539,58284.89987299997,18.217,0.185,W1
QSO_4.8705782-24.1781539,58285.09609700003,17.948999999999998,0.135,W1
QSO_4.8705782-24.1781539,58285.16139549996,17.872,0.195,W1
QSO_4.8705782-24.1781539,58285.488399000016,18.12,0.134,W1
QSO_4.8705782-24.1781539,58285.61921499997,17.907,0.116,W1
QSO_4.8705782-24.1781539,58446.83376550001,18.008,0.155,W1
QSO_4.8705782-24.1781539,58446.96458149996,17.963,0.158,W1
QSO_4.8705782-24.1781539,58447.16080550001,17.869999999999997,0.103,W1
QSO_4.8705782-24.1781539,58447.29147550002,18.24,0.224,W1
QSO_4.8705782-24.1781539,58447.35688350003,18.133,0.138,W1
QSO_4.8705782-24.1781539,58447.42229149997,17.999000000000002,0.127,W1
QSO_4.8705782-24.1781539,58447.48769949999,17.83,0.131,W1
QSO_4.8705782-24.1781539,58447.5531075,18.22,0.139,W1
QSO_4.8705782-24.1781539,58648.43961749997,18.006,0.147,W1
QSO_4.8705782-24.1781539,58648.57043350001,18.08,0.135,W1
QSO_4.8705782-24.1781539,58648.70110350001,17.814,0.139,W1
QSO_4.8705782-24.1781539,58648.89721799998,17.783,0.108,W1
QSO_4.8705782-24.1781539,58649.158704000016,17.902,0.114,W1
QSO_4.8705782-24.1781539,58649.28951999996,18.008,0.13,W1
QSO_4.8705782-24.1781539,58649.4202265,17.976,0.139,W1
QSO_4.8705782-24.1781539,58810.71244899999,18.185,0.138,W1
QSO_4.8705782-24.1781539,58810.84311899999,17.933,0.117,W1
QSO_4.8705782-24.1781539,58810.97382550003,18.074,0.174,W1
QSO_4.8705782-24.1781539,58810.97393500002,18.049,0.125,W1
QSO_4.8705782-24.1781539,58811.3007195,18.534,0.264,W1
QSO_4.8705782-24.1781539,58811.69240099999,18.006,0.124,W1
QSO_4.8705782-24.1781539,58811.69254700002,18.025,0.12,W1
QSO_4.8705782-24.1781539,59015.97578800001,18.139,0.182,W1
QSO_4.8705782-24.1781539,59016.17240320004,18.048,0.131,W1
QSO_4.8705782-24.1781539,59016.368908599965,18.046,0.143,W1
QSO_4.8705782-24.1781539,59016.43449579999,17.953,0.123,W1
QSO_4.8705782-24.1781539,59016.4999732,18.006999999999998,0.158,W1
QSO_4.8705782-24.1781539,59016.56556040001,17.842,0.135,W1
QSO_4.8705782-24.1781539,59016.69658840002,18.075,0.191,W1
QSO_4.8705782-24.1781539,59175.49322799996,18.184,0.136,W1
QSO_4.8705782-24.1781539,59175.6242926,18.229,0.202,W1
QSO_4.8705782-24.1781539,59175.7553206,18.196,0.159,W1
QSO_4.8705782-24.1781539,59175.88638520003,18.309,0.24,W1
QSO_4.8705782-24.1781539,59178.50687200001,17.918,0.158,W1
QSO_4.8705782-24.1781539,59178.63793659996,17.911,0.202,W1
QSO_4.8705782-24.1781539,59178.76896459996,17.823,0.132,W1
QSO_4.8705782-24.1781539,59178.90002919999,17.801000000000002,0.14,W1
QSO_4.8705782-24.1781539,59380.31682199997,17.942999999999998,0.117,W1
QSO_4.8705782-24.1781539,59380.839282999965,18.478,0.41,W1
QSO_4.8705782-24.1781539,59380.9699895,17.939999999999998,0.116,W1
QSO_4.8705782-24.1781539,59381.035251499976,18.03,0.169,W1
QSO_4.8705782-24.1781539,59381.16595800001,17.914,0.137,W1
QSO_4.8705782-24.1781539,59381.29651850001,17.919,0.133,W1
QSO_4.8705782-24.1781539,59542.69557650002,17.97,0.131,W1
QSO_4.8705782-24.1781539,59543.08740399996,17.986,0.131,W1
QSO_4.8705782-24.1781539,59543.15266600003,17.677,0.154,W1
QSO_4.8705782-24.1781539,59543.21796449996,17.795,0.101,W1
QSO_4.8705782-24.1781539,59543.283226500025,18.61,0.253,W1
QSO_4.8705782-24.1781539,59543.41378700003,17.842,0.122,W1
QSO_4.8705782-24.1781539,59543.41393299997,18.162,0.19,W1
QSO_4.8705782-24.1781539,59543.544493499976,17.782,0.109,W1
QSO_4.8705782-24.1781539,59744.44585900003,17.996000000000002,0.134,W1
QSO_4.8705782-24.1781539,59744.6414625,17.839,0.113,W1
QSO_4.8705782-24.1781539,59744.70672449999,17.828,0.13,W1
QSO_4.8705782-24.1781539,59744.77187699997,17.721,0.102,W1
QSO_4.8705782-24.1781539,59744.83702950004,17.889,0.115,W1
QSO_4.8705782-24.1781539,59744.90232799996,17.875,0.115,W1
QSO_4.8705782-24.1781539,59745.03263300001,18.476,0.25,W1
QSO_4.8705782-24.1781539,59745.032742500014,18.177,0.145,W1
QSO_4.8705782-24.1781539,59745.16304749997,17.863,0.141,W1
QSO_4.8705782-24.1781539,59906.92283499999,18.069,0.157,W1
QSO_4.8705782-24.1781539,59906.98838900004,18.343,0.155,W1
QSO_4.8705782-24.1781539,59906.98849849996,17.945999999999998,0.156,W1
QSO_4.8705782-24.1781539,59907.05354150002,18.359,0.2,W1
QSO_4.8705782-24.1781539,59907.118694,17.704,0.092,W1
QSO_4.8705782-24.1781539,59907.18384649998,18.176,0.133,W1
QSO_4.8705782-24.1781539,59907.3140055,18.181,0.139,W1
QSO_4.8705782-24.1781539,59907.44431050004,18.396,0.173,W1
QSO_4.8705782-24.1781539,60111.16033700003,17.75,0.106,W1
QSO_4.8705782-24.1781539,60111.28998499997,18.136,0.147,W1
QSO_4.8705782-24.1781539,60111.354882,17.944,0.127,W1
QSO_4.8705782-24.1781539,60111.41966950002,17.778,0.134,W1
QSO_4.8705782-24.1781539,60111.48456649997,17.814,0.119,W1
QSO_4.8705782-24.1781539,60111.54935399999,18.291,0.188,W1
QSO_4.8705782-24.1781539,60111.61425100001,18.445,0.19,W1
QSO_4.8705782-24.1781539,60111.67914799996,17.674,0.099,W1
QSO_4.8705782-24.1781539,60111.74389900004,18.058,0.163,W1
QSO_4.8705782-24.1781539,60111.8735835,17.704,0.12,W1
QSO_4.8705782-24.1781539,60273.70363349999,17.994999999999997,0.176,W1
QSO_4.8705782-24.1781539,60273.768165499976,17.810000000000002,0.113,W1
QSO_4.8705782-24.1781539,60273.83280699996,17.887,0.156,W1
QSO_4.8705782-24.1781539,60273.89730250001,17.814,0.107,W1
QSO_4.8705782-24.1781539,60273.961980500026,18.362,0.219,W1
QSO_4.8705782-24.1781539,60274.09111749997,17.68,0.099,W1
QSO_4.8705782-24.1781539,60274.220291000034,17.941000000000003,0.123,W1
QSO_4.8705782-24.1781539,60475.44250420001,18.081,0.172,W1
QSO_4.8705782-24.1781539,60475.698850599976,17.969,0.195,W1
QSO_4.8705782-24.1781539,60475.89103719998,18.038,0.167,W1
QSO_4.8705782-24.1781539,60475.955087200025,17.666,0.114,W1
QSO_4.8705782-24.1781539,60476.08333359999,18.066000000000003,0.15,W1
QSO_4.8705782-24.1781539,55362.357483000014,17.926,0.21,W2
QSO_4.8705782-24.1781539,55362.48968599999,18.181,0.255,W2
QSO_4.8705782-24.1781539,55362.621888999965,18.243,0.306,W2
QSO_4.8705782-24.1781539,55362.688063500005,18.537,0.385,W2
QSO_4.8705782-24.1781539,55362.75409200002,18.589,0.369,W2
QSO_4.8705782-24.1781539,55362.820266499984,18.006999999999998,0.239,W2
QSO_4.8705782-24.1781539,55362.88633150002,18.034,0.238,W2
QSO_4.8705782-24.1781539,55362.95250599999,18.109,0.255,W2
QSO_4.8705782-24.1781539,55363.34900549999,18.311,0.292,W2
QSO_4.8705782-24.1781539,55539.780187000026,18.141,0.258,W2
QSO_4.8705782-24.1781539,55539.91224399996,18.348,0.333,W2
QSO_4.8705782-24.1781539,55540.044483499965,17.91,0.21,W2
QSO_4.8705782-24.1781539,55540.11051199998,17.962,0.235,W2
QSO_4.8705782-24.1781539,55540.176686500025,18.622,0.442,W2
QSO_4.8705782-24.1781539,55540.24271500003,18.415,0.353,W2
QSO_4.8705782-24.1781539,55540.30877999999,18.224,0.282,W2
QSO_4.8705782-24.1781539,55540.3088895,17.913999999999998,0.211,W2
QSO_4.8705782-24.1781539,55540.37495450003,18.0,0.233,W2
QSO_4.8705782-24.1781539,55540.77145400003,18.684,,W2
QSO_4.8705782-24.1781539,55544.00973399999,18.244,0.344,W2
QSO_4.8705782-24.1781539,56640.030319999976,18.249,0.373,W2
QSO_4.8705782-24.1781539,56640.096238999984,17.689,,W2
QSO_4.8705782-24.1781539,56640.16201200004,17.852999999999998,0.25,W2
QSO_4.8705782-24.1781539,56824.379045,18.751,0.496,W2
QSO_4.8705782-24.1781539,56824.51048150002,18.516,0.497,W2
QSO_4.8705782-24.1781539,56824.77353699998,18.712,0.504,W2
QSO_4.8705782-24.1781539,56827.73222699998,18.264,,W2
QSO_4.8705782-24.1781539,56827.86366350001,18.067,0.394,W2
QSO_4.8705782-24.1781539,56827.995245999984,17.682,,W2
QSO_4.8705782-24.1781539,57004.87512200002,18.104,,W2
QSO_4.8705782-24.1781539,57004.94078549999,18.369,0.401,W2
QSO_4.8705782-24.1781539,57005.00644900005,18.243,0.309,W2
QSO_4.8705782-24.1781539,57005.07211250001,18.246,,W2
QSO_4.8705782-24.1781539,57005.20343950004,18.248,0.313,W2
QSO_4.8705782-24.1781539,57005.20354899996,18.772,0.528,W2
QSO_4.8705782-24.1781539,57005.33487599999,18.555,0.38,W2
QSO_4.8705782-24.1781539,57189.24425577161,18.752,,W2
QSO_4.8705782-24.1781539,57189.30991927366,18.355,0.352,W2
QSO_4.8705782-24.1781539,57189.375436775765,18.869,0.524,W2
QSO_4.8705782-24.1781539,57189.50650827991,18.178,,W2
QSO_4.8705782-24.1781539,57189.57217178196,18.506,0.539,W2
QSO_4.8705782-24.1781539,57189.70324328611,18.398,0.405,W2
QSO_4.8705782-24.1781539,57189.83446079029,18.076,0.273,W2
QSO_4.8705782-24.1781539,57363.62913172722,18.702,0.495,W2
QSO_4.8705782-24.1781539,57363.694649229314,18.227,0.341,W2
QSO_4.8705782-24.1781539,57363.89123823548,18.381,,W2
QSO_4.8705782-24.1781539,57363.95679223761,18.266,,W2
QSO_4.8705782-24.1781539,57364.21878924594,18.444,0.353,W2
QSO_4.8705782-24.1781539,57553.34489722869,18.238,0.31,W2
QSO_4.8705782-24.1781539,57553.541768634976,18.267,0.414,W2
QSO_4.8705782-24.1781539,57553.738786441216,18.232,0.336,W2
QSO_4.8705782-24.1781539,57553.87010724536,18.13,,W2
QSO_4.8705782-24.1781539,57553.93569444744,17.703,0.244,W2
QSO_4.8705782-24.1781539,57554.06697865155,18.287,0.44,W2
QSO_4.8705782-24.1781539,57723.25601060183,18.054,0.349,W2
QSO_4.8705782-24.1781539,57723.38729480602,18.322,,W2
QSO_4.8705782-24.1781539,57723.51861561016,18.444,0.364,W2
QSO_4.8705782-24.1781539,57723.58420281225,18.558,0.428,W2
QSO_4.8705782-24.1781539,57723.64979001434,18.491,0.351,W2
QSO_4.8705782-24.1781539,57723.64989981435,18.259,0.298,W2
QSO_4.8705782-24.1781539,57723.8468078205,18.49,0.484,W2
QSO_4.8705782-24.1781539,57917.80615999998,18.617,0.461,W2
QSO_4.8705782-24.1781539,57917.93712199996,18.549,0.474,W2
QSO_4.8705782-24.1781539,57918.06793799999,18.17,,W2
QSO_4.8705782-24.1781539,57918.13334600001,18.006,,W2
QSO_4.8705782-24.1781539,57918.19875400003,18.384,0.348,W2
QSO_4.8705782-24.1781539,57918.32956999998,18.006,0.263,W2
QSO_4.8705782-24.1781539,57918.3950875,18.674,0.485,W2
QSO_4.8705782-24.1781539,57918.65671949999,18.335,0.43,W2
QSO_4.8705782-24.1781539,58083.61069500001,17.701,0.283,W2
QSO_4.8705782-24.1781539,58083.74151099997,17.956,,W2
QSO_4.8705782-24.1781539,58084.06866049997,17.833,0.309,W2
QSO_4.8705782-24.1781539,58084.13406849999,18.001,,W2
QSO_4.8705782-24.1781539,58084.26488450002,17.866,,W2
QSO_4.8705782-24.1781539,58084.33029250004,18.146,0.408,W2
QSO_4.8705782-24.1781539,58084.46110849999,17.648,,W2
QSO_4.8705782-24.1781539,58084.591924500026,18.467,0.471,W2
QSO_4.8705782-24.1781539,58087.07775700004,17.695,,W2
QSO_4.8705782-24.1781539,58087.47035100001,17.921,0.454,W2
QSO_4.8705782-24.1781539,58284.89987299997,18.041,,W2
QSO_4.8705782-24.1781539,58285.09609700003,18.074,,W2
QSO_4.8705782-24.1781539,58285.16139549996,18.035,,W2
QSO_4.8705782-24.1781539,58285.488399000016,18.294,0.356,W2
QSO_4.8705782-24.1781539,58285.61921499997,18.55,0.406,W2
QSO_4.8705782-24.1781539,58446.83376550001,18.562,0.47,W2
QSO_4.8705782-24.1781539,58446.96458149996,18.283,0.352,W2
QSO_4.8705782-24.1781539,58447.16080550001,18.749,0.448,W2
QSO_4.8705782-24.1781539,58447.29147550002,17.919,,W2
QSO_4.8705782-24.1781539,58447.35688350003,18.142,,W2
QSO_4.8705782-24.1781539,58447.42229149997,18.147,0.303,W2
QSO_4.8705782-24.1781539,58447.48769949999,18.369,0.331,W2
QSO_4.8705782-24.1781539,58447.5531075,17.711,0.271,W2
QSO_4.8705782-24.1781539,58648.43961749997,18.276,,W2
QSO_4.8705782-24.1781539,58648.57043350001,18.694,,W2
QSO_4.8705782-24.1781539,58648.70110350001,18.17,,W2
QSO_4.8705782-24.1781539,58648.89721799998,18.188,0.306,W2
QSO_4.8705782-24.1781539,58649.158704000016,18.296,0.447,W2
QSO_4.8705782-24.1781539,58649.28951999996,18.251,,W2
QSO_4.8705782-24.1781539,58649.4202265,18.213,0.38,W2
QSO_4.8705782-24.1781539,58810.71244899999,18.522,0.356,W2
QSO_4.8705782-24.1781539,58810.84311899999,18.388,,W2
QSO_4.8705782-24.1781539,58810.97382550003,18.598,,W2
QSO_4.8705782-24.1781539,58810.97393500002,18.271,,W2
QSO_4.8705782-24.1781539,58811.3007195,18.003,,W2
QSO_4.8705782-24.1781539,58811.69240099999,18.195,0.299,W2
QSO_4.8705782-24.1781539,58811.69254700002,18.067,0.246,W2
QSO_4.8705782-24.1781539,59015.97578800001,18.441,0.532,W2
QSO_4.8705782-24.1781539,59016.17240320004,18.818,0.532,W2
QSO_4.8705782-24.1781539,59016.368908599965,18.05,,W2
QSO_4.8705782-24.1781539,59016.43449579999,17.928,0.346,W2
QSO_4.8705782-24.1781539,59016.4999732,18.444,0.438,W2
QSO_4.8705782-24.1781539,59016.56556040001,18.422,0.447,W2
QSO_4.8705782-24.1781539,59016.69658840002,18.223,,W2
QSO_4.8705782-24.1781539,59175.49322799996,18.219,,W2
QSO_4.8705782-24.1781539,59175.6242926,18.647,0.516,W2
QSO_4.8705782-24.1781539,59175.7553206,18.456,0.518,W2
QSO_4.8705782-24.1781539,59175.88638520003,17.624,,W2
QSO_4.8705782-24.1781539,59178.50687200001,17.532,,W2
QSO_4.8705782-24.1781539,59178.63793659996,18.094,0.478,W2
QSO_4.8705782-24.1781539,59178.76896459996,17.829,0.401,W2
QSO_4.8705782-24.1781539,59178.90002919999,17.421,0.287,W2
QSO_4.8705782-24.1781539,59380.31682199997,18.017,,W2
QSO_4.8705782-24.1781539,59380.839282999965,17.785999999999998,0.338,W2
QSO_4.8705782-24.1781539,59380.9699895,18.454,,W2
QSO_4.8705782-24.1781539,59381.035251499976,17.967,,W2
QSO_4.8705782-24.1781539,59381.16595800001,17.669999999999998,,W2
QSO_4.8705782-24.1781539,59381.29651850001,18.556,0.536,W2
QSO_4.8705782-24.1781539,59542.69557650002,18.039,,W2
QSO_4.8705782-24.1781539,59543.08740399996,18.232,0.294,W2
QSO_4.8705782-24.1781539,59543.15266600003,18.586,0.463,W2
QSO_4.8705782-24.1781539,59543.21796449996,17.841,0.203,W2
QSO_4.8705782-24.1781539,59543.283226500025,18.519,0.509,W2
QSO_4.8705782-24.1781539,59543.41378700003,18.373,0.346,W2
QSO_4.8705782-24.1781539,59543.41393299997,18.21,,W2
QSO_4.8705782-24.1781539,59543.544493499976,18.45,0.37,W2
QSO_4.8705782-24.1781539,59744.44585900003,17.743,,W2
QSO_4.8705782-24.1781539,59744.6414625,18.067,,W2
QSO_4.8705782-24.1781539,59744.70672449999,18.403,0.489,W2
QSO_4.8705782-24.1781539,59744.77187699997,18.058,0.294,W2
QSO_4.8705782-24.1781539,59744.83702950004,18.154,0.384,W2
QSO_4.8705782-24.1781539,59744.90232799996,17.387999999999998,,W2
QSO_4.8705782-24.1781539,59745.03263300001,18.691,0.532,W2
QSO_4.8705782-24.1781539,59745.032742500014,17.873,,W2
QSO_4.8705782-24.1781539,59745.16304749997,18.037,,W2
QSO_4.8705782-24.1781539,59906.92283499999,18.442,0.461,W2
QSO_4.8705782-24.1781539,59906.98838900004,18.047,0.251,W2
QSO_4.8705782-24.1781539,59906.98849849996,18.214,0.278,W2
QSO_4.8705782-24.1781539,59907.05354150002,18.227,,W2
QSO_4.8705782-24.1781539,59907.118694,18.1,0.25,W2
QSO_4.8705782-24.1781539,59907.18384649998,17.99,0.26,W2
QSO_4.8705782-24.1781539,59907.3140055,18.384,0.377,W2
QSO_4.8705782-24.1781539,59907.44431050004,18.429,0.37,W2
QSO_4.8705782-24.1781539,60111.16033700003,18.445,0.471,W2
QSO_4.8705782-24.1781539,60111.28998499997,18.053,,W2
QSO_4.8705782-24.1781539,60111.354882,18.122,,W2
QSO_4.8705782-24.1781539,60111.41966950002,17.878,0.439,W2
QSO_4.8705782-24.1781539,60111.48456649997,18.325,0.458,W2
QSO_4.8705782-24.1781539,60111.54935399999,18.082,,W2
QSO_4.8705782-24.1781539,60111.61425100001,18.224,0.32,W2
QSO_4.8705782-24.1781539,60111.67914799996,18.258,0.334,W2
QSO_4.8705782-24.1781539,60111.74389900004,17.565,,W2
QSO_4.8705782-24.1781539,60111.8735835,17.218,0.44,W2
QSO_4.8705782-24.1781539,60273.70363349999,18.646,0.487,W2
QSO_4.8705782-24.1781539,60273.768165499976,18.522,,W2
QSO_4.8705782-24.1781539,60273.83280699996,17.874,0.254,W2
QSO_4.8705782-24.1781539,60273.89730250001,18.151,,W2
QSO_4.8705782-24.1781539,60273.961980500026,17.986,,W2
QSO_4.8705782-24.1781539,60274.09111749997,17.909,0.233,W2
QSO_4.8705782-24.1781539,60274.220291000034,18.518,,W2
QSO_4.8705782-24.1781539,60475.44250420001,17.473,,W2
QSO_4.8705782-24.1781539,60475.698850599976,18.09,,W2
QSO_4.8705782-24.1781539,60475.89103719998,17.54,,W2
QSO_4.8705782-24.1781539,60475.955087200025,17.34,,W2
QSO_4.8705782-24.1781539,60476.08333359999,18.561,0.538,W2
QSO_4.7547915-24.238395,55362.357483000014,18.062,0.131,W1
QSO_4.7547915-24.238395,55362.48968599999,18.385,0.165,W1
QSO_4.7547915-24.238395,55362.55586050003,18.272,0.155,W1
QSO_4.7547915-24.238395,55362.621888999965,18.227,0.161,W1
QSO_4.7547915-24.238395,55362.688063500005,18.451,0.179,W1
QSO_4.7547915-24.238395,55362.75409200002,18.0,0.135,W1
QSO_4.7547915-24.238395,55362.820266499984,18.273,0.144,W1
QSO_4.7547915-24.238395,55362.95250599999,18.198,0.141,W1
QSO_4.7547915-24.238395,55539.780187000026,18.075,0.131,W1
QSO_4.7547915-24.238395,55539.91224399996,18.19,0.202,W1
QSO_4.7547915-24.238395,55539.97841850001,18.129,0.134,W1
QSO_4.7547915-24.238395,55540.044483499965,18.412,0.175,W1
QSO_4.7547915-24.238395,55540.11051199998,18.401,0.239,W1
QSO_4.7547915-24.238395,55540.176686500025,18.086,0.132,W1
QSO_4.7547915-24.238395,55540.24271500003,18.065,0.144,W1
QSO_4.7547915-24.238395,55540.30877999999,18.174,0.147,W1
QSO_4.7547915-24.238395,55540.3088895,18.585,0.256,W1
QSO_4.7547915-24.238395,55540.37495450003,18.264,0.194,W1
QSO_4.7547915-24.238395,55544.00973399999,17.972,0.123,W1
QSO_4.7547915-24.238395,56640.030319999976,18.223,0.154,W1
QSO_4.7547915-24.238395,56824.379045,18.062,0.149,W1
QSO_4.7547915-24.238395,56824.51048150002,18.106,0.186,W1
QSO_4.7547915-24.238395,56824.77353699998,18.249,0.177,W1
QSO_4.7547915-24.238395,56827.73222699998,18.148,0.151,W1
QSO_4.7547915-24.238395,56827.86366350001,18.094,0.178,W1
QSO_4.7547915-24.238395,56827.995245999984,18.102,0.155,W1
QSO_4.7547915-24.238395,57004.21837749997,18.361,0.167,W1
QSO_4.7547915-24.238395,57004.87512200002,17.951,0.123,W1
QSO_4.7547915-24.238395,57004.94078549999,18.098,0.158,W1
QSO_4.7547915-24.238395,57005.07211250001,18.179,0.146,W1
QSO_4.7547915-24.238395,57005.20343950004,18.189,0.164,W1
QSO_4.7547915-24.238395,57005.20354899996,18.56,0.236,W1
QSO_4.7547915-24.238395,57188.719714254905,18.154,0.133,W1
QSO_4.7547915-24.238395,57189.30991927366,18.275,0.255,W1
QSO_4.7547915-24.238395,57189.375436775765,18.382,0.154,W1
QSO_4.7547915-24.238395,57189.57217178196,18.149,0.187,W1
QSO_4.7547915-24.238395,57189.70324328611,18.51,0.198,W1
QSO_4.7547915-24.238395,57363.10484571056,18.456,0.173,W1
QSO_4.7547915-24.238395,57363.563577725086,18.164,0.131,W1
QSO_4.7547915-24.238395,57363.62913172722,18.006999999999998,0.142,W1
QSO_4.7547915-24.238395,57363.694649229314,18.092,0.128,W1
QSO_4.7547915-24.238395,57363.95679223761,17.778,0.138,W1
QSO_4.7547915-24.238395,57553.08229222045,18.126,0.172,W1
QSO_4.7547915-24.238395,57553.34489722869,18.466,0.183,W1
QSO_4.7547915-24.238395,57553.41048443079,18.301,0.157,W1
QSO_4.7547915-24.238395,57553.541768634976,18.365,0.173,W1
QSO_4.7547915-24.238395,57553.738786441216,18.023,0.122,W1
QSO_4.7547915-24.238395,57554.06697865155,18.155,0.139,W1
QSO_4.7547915-24.238395,57723.32159780392,18.161,0.157,W1
QSO_4.7547915-24.238395,57723.32170760393,18.233,0.164,W1
QSO_4.7547915-24.238395,57723.38729480602,17.887,0.108,W1
QSO_4.7547915-24.238395,57723.51861561016,18.022,0.133,W1
QSO_4.7547915-24.238395,57723.58420281225,18.186,0.147,W1
QSO_4.7547915-24.238395,57723.8468078205,18.146,0.173,W1
QSO_4.7547915-24.238395,57917.80615999998,18.156,0.151,W1
QSO_4.7547915-24.238395,57917.93712199996,18.3,0.165,W1
QSO_4.7547915-24.238395,57918.002529999976,18.221,0.151,W1
QSO_4.7547915-24.238395,57918.13334600001,18.276,0.169,W1
QSO_4.7547915-24.238395,57918.19875400003,18.594,0.203,W1
QSO_4.7547915-24.238395,57918.3950875,18.136,0.136,W1
QSO_4.7547915-24.238395,57918.65671949999,18.479,0.185,W1
QSO_4.7547915-24.238395,58083.47987899998,18.399,0.167,W1
QSO_4.7547915-24.238395,58083.61069500001,18.183,0.191,W1
QSO_4.7547915-24.238395,58083.74151099997,18.401,0.238,W1
QSO_4.7547915-24.238395,58084.06866049997,18.118,0.147,W1
QSO_4.7547915-24.238395,58084.13406849999,18.349,0.218,W1
QSO_4.7547915-24.238395,58084.33029250004,18.192,0.156,W1
QSO_4.7547915-24.238395,58084.46110849999,18.142,0.146,W1
QSO_4.7547915-24.238395,58086.35815950001,18.135,0.163,W1
QSO_4.7547915-24.238395,58087.07775700004,18.328,0.176,W1
QSO_4.7547915-24.238395,58284.50757099999,18.434,0.191,W1
QSO_4.7547915-24.238395,58284.83446500004,18.215,0.147,W1
QSO_4.7547915-24.238395,58284.89987299997,18.000999999999998,0.126,W1
QSO_4.7547915-24.238395,58285.09609700003,18.053,0.133,W1
QSO_4.7547915-24.238395,58285.488399000016,18.163,0.138,W1
QSO_4.7547915-24.238395,58446.83376550001,17.871000000000002,0.135,W1
QSO_4.7547915-24.238395,58446.96458149996,18.047,0.192,W1
QSO_4.7547915-24.238395,58447.16080550001,18.472,0.172,W1
QSO_4.7547915-24.238395,58447.29147550002,18.303,0.178,W1
QSO_4.7547915-24.238395,58447.35688350003,18.217,0.143,W1
QSO_4.7547915-24.238395,58447.42229149997,18.383,0.171,W1
QSO_4.7547915-24.238395,58447.5531075,18.225,0.145,W1
QSO_4.7547915-24.238395,58648.43961749997,18.368,0.189,W1
QSO_4.7547915-24.238395,58648.439763500006,18.122,0.14,W1
QSO_4.7547915-24.238395,58648.57043350001,18.327,0.158,W1
QSO_4.7547915-24.238395,58648.63584150003,18.237,0.286,W1
QSO_4.7547915-24.238395,58648.70110350001,18.32,0.201,W1
QSO_4.7547915-24.238395,58648.89721799998,18.519,0.217,W1
QSO_4.7547915-24.238395,58649.158704000016,18.129,0.246,W1
QSO_4.7547915-24.238395,58649.28951999996,18.111,0.15,W1
QSO_4.7547915-24.238395,58810.71244899999,18.389,0.157,W1
QSO_4.7547915-24.238395,58810.84311899999,18.408,0.171,W1
QSO_4.7547915-24.238395,58810.97382550003,18.162,0.165,W1
QSO_4.7547915-24.238395,58810.97393500002,18.428,0.153,W1
QSO_4.7547915-24.238395,58811.03923350004,18.413,0.197,W1
QSO_4.7547915-24.238395,58811.3007195,18.197,0.136,W1
QSO_4.7547915-24.238395,58811.69240099999,18.313,0.156,W1
QSO_4.7547915-24.238395,58811.69254700002,18.402,0.253,W1
QSO_4.7547915-24.238395,59015.71369539998,18.009999999999998,0.124,W1
QSO_4.7547915-24.238395,59015.97578800001,18.251,0.153,W1
QSO_4.7547915-24.238395,59016.04137520003,18.018,0.129,W1
QSO_4.7547915-24.238395,59016.17240320004,17.866,0.117,W1
QSO_4.7547915-24.238395,59016.368908599965,18.31,0.188,W1
QSO_4.7547915-24.238395,59016.56556040001,18.242,0.159,W1
QSO_4.7547915-24.238395,59016.69658840002,18.598,0.244,W1
QSO_4.7547915-24.238395,59175.49322799996,17.831,0.107,W1
QSO_4.7547915-24.238395,59175.6242926,18.591,0.223,W1
QSO_4.7547915-24.238395,59175.7553206,17.948999999999998,0.15,W1
QSO_4.7547915-24.238395,59178.50687200001,18.235,0.182,W1
QSO_4.7547915-24.238395,59178.63793659996,18.411,0.2,W1
QSO_4.7547915-24.238395,59178.90002919999,18.022,0.174,W1
QSO_4.7547915-24.238395,59380.18626149996,18.415,0.182,W1
QSO_4.7547915-24.238395,59380.31682199997,17.941000000000003,0.119,W1
QSO_4.7547915-24.238395,59380.839282999965,18.648,0.26,W1
QSO_4.7547915-24.238395,59381.035251499976,17.808999999999997,0.177,W1
QSO_4.7547915-24.238395,59381.16595800001,18.175,0.175,W1
QSO_4.7547915-24.238395,59542.43434600002,18.282,0.196,W1
QSO_4.7547915-24.238395,59542.69557650002,18.563,0.268,W1
QSO_4.7547915-24.238395,59543.08740399996,18.481,0.178,W1
QSO_4.7547915-24.238395,59543.15266600003,18.022,0.143,W1
QSO_4.7547915-24.238395,59543.283226500025,18.374,0.176,W1
QSO_4.7547915-24.238395,59543.41378700003,18.434,0.184,W1
QSO_4.7547915-24.238395,59543.41393299997,18.488,0.179,W1
QSO_4.7547915-24.238395,59744.44585900003,,,W1
QSO_4.7547915-24.238395,59744.6414625,18.063,0.132,W1
QSO_4.7547915-24.238395,59744.70672449999,18.085,0.134,W1
QSO_4.7547915-24.238395,59744.77187699997,18.227,0.171,W1
QSO_4.7547915-24.238395,59744.90232799996,18.327,0.215,W1
QSO_4.7547915-24.238395,59745.03263300001,18.109,0.203,W1
QSO_4.7547915-24.238395,59745.032742500014,18.12,0.135,W1
QSO_4.7547915-24.238395,59906.337229000026,17.889,0.152,W1
QSO_4.7547915-24.238395,59906.92283499999,18.029,0.171,W1
QSO_4.7547915-24.238395,59906.98849849996,18.031,0.135,W1
QSO_4.7547915-24.238395,59907.05354150002,18.169,0.138,W1
QSO_4.7547915-24.238395,59907.18384649998,18.000999999999998,0.116,W1
QSO_4.7547915-24.238395,59907.3140055,17.925,0.146,W1
QSO_4.7547915-24.238395,60110.90100449996,18.113,0.147,W1
QSO_4.7547915-24.238395,60111.225233999976,18.196,0.16,W1
QSO_4.7547915-24.238395,60111.28998499997,19.331000000000003,0.461,W1
QSO_4.7547915-24.238395,60111.354882,18.018,0.136,W1
QSO_4.7547915-24.238395,60111.41966950002,18.137,0.172,W1
QSO_4.7547915-24.238395,60111.48456649997,18.403,0.184,W1
QSO_4.7547915-24.238395,60111.54935399999,18.006,0.179,W1
QSO_4.7547915-24.238395,60111.61425100001,18.214,0.154,W1
QSO_4.7547915-24.238395,60111.74389900004,18.411,0.237,W1
QSO_4.7547915-24.238395,60111.8735835,18.011,0.151,W1
QSO_4.7547915-24.238395,60273.12237099998,18.045,0.211,W1
QSO_4.7547915-24.238395,60273.12248049999,17.903,0.122,W1
QSO_4.7547915-24.238395,60273.251508000016,18.361,0.188,W1
QSO_4.7547915-24.238395,60273.70363349999,18.194,0.159,W1
QSO_4.7547915-24.238395,60273.768165499976,18.157,0.145,W1
QSO_4.7547915-24.238395,60273.83280699996,18.337,0.166,W1
QSO_4.7547915-24.238395,60274.09111749997,18.13,0.169,W1
QSO_4.7547915-24.238395,60475.63480060002,17.451999999999998,0.155,W1
QSO_4.7547915-24.238395,60475.698850599976,18.164,0.287,W1
QSO_4.7547915-24.238395,60475.89103719998,17.768,0.163,W1
QSO_4.7547915-24.238395,55362.357483000014,18.411,0.314,W2
QSO_4.7547915-24.238395,55362.48968599999,18.572,0.389,W2
QSO_4.7547915-24.238395,55362.55586050003,18.477,0.336,W2
QSO_4.7547915-24.238395,55362.621888999965,18.276,,W2
QSO_4.7547915-24.238395,55362.688063500005,18.419,0.363,W2
QSO_4.7547915-24.238395,55362.75409200002,18.329,,W2
QSO_4.7547915-24.238395,55362.820266499984,18.119,0.235,W2
QSO_4.7547915-24.238395,55362.95250599999,18.073,0.222,W2
QSO_4.7547915-24.238395,55539.780187000026,18.309,0.295,W2
QSO_4.7547915-24.238395,55539.91224399996,18.142,0.284,W2
QSO_4.7547915-24.238395,55539.97841850001,18.116,0.25,W2
QSO_4.7547915-24.238395,55540.044483499965,18.14,0.273,W2
QSO_4.7547915-24.238395,55540.11051199998,18.863,0.506,W2
QSO_4.7547915-24.238395,55540.176686500025,18.184,0.286,W2
QSO_4.7547915-24.238395,55540.24271500003,18.532,0.429,W2
QSO_4.7547915-24.238395,55540.30877999999,18.544,0.435,W2
QSO_4.7547915-24.238395,55540.3088895,18.737,0.439,W2
QSO_4.7547915-24.238395,55540.37495450003,18.163,0.278,W2
QSO_4.7547915-24.238395,55544.00973399999,18.526,0.478,W2
QSO_4.7547915-24.238395,56640.030319999976,18.25,,W2
QSO_4.7547915-24.238395,56824.379045,18.181,0.35,W2
QSO_4.7547915-24.238395,56824.51048150002,18.043,0.26,W2
QSO_4.7547915-24.238395,56824.77353699998,18.406,0.54,W2
QSO_4.7547915-24.238395,56827.73222699998,18.343,0.351,W2
QSO_4.7547915-24.238395,56827.86366350001,17.732,0.318,W2
QSO_4.7547915-24.238395,56827.995245999984,17.615,0.185,W2
QSO_4.7547915-24.238395,57004.21837749997,18.228,0.331,W2
QSO_4.7547915-24.238395,57004.87512200002,18.662,0.428,W2
QSO_4.7547915-24.238395,57004.94078549999,18.491,0.502,W2
QSO_4.7547915-24.238395,57005.07211250001,18.162,0.291,W2
QSO_4.7547915-24.238395,57005.20343950004,18.14,0.284,W2
QSO_4.7547915-24.238395,57005.20354899996,18.271,0.299,W2
QSO_4.7547915-24.238395,57188.719714254905,18.239,0.301,W2
QSO_4.7547915-24.238395,57189.30991927366,17.918,0.212,W2
QSO_4.7547915-24.238395,57189.375436775765,18.189,0.428,W2
QSO_4.7547915-24.238395,57189.57217178196,18.071,,W2
QSO_4.7547915-24.238395,57189.70324328611,18.139,,W2
QSO_4.7547915-24.238395,57363.10484571056,18.405,0.447,W2
QSO_4.7547915-24.238395,57363.563577725086,18.62,0.432,W2
QSO_4.7547915-24.238395,57363.62913172722,18.225,0.332,W2
QSO_4.7547915-24.238395,57363.694649229314,18.291,0.338,W2
QSO_4.7547915-24.238395,57363.95679223761,18.521,,W2
QSO_4.7547915-24.238395,57553.08229222045,18.009999999999998,,W2
QSO_4.7547915-24.238395,57553.34489722869,18.16,0.364,W2
QSO_4.7547915-24.238395,57553.41048443079,18.257,,W2
QSO_4.7547915-24.238395,57553.541768634976,18.662,0.468,W2
QSO_4.7547915-24.238395,57553.738786441216,18.312,0.426,W2
QSO_4.7547915-24.238395,57554.06697865155,17.927,0.265,W2
QSO_4.7547915-24.238395,57723.32159780392,18.095,0.273,W2
QSO_4.7547915-24.238395,57723.32170760393,18.151,0.419,W2
QSO_4.7547915-24.238395,57723.38729480602,18.083,,W2
QSO_4.7547915-24.238395,57723.51861561016,18.578,0.412,W2
QSO_4.7547915-24.238395,57723.58420281225,17.99,,W2
QSO_4.7547915-24.238395,57723.8468078205,17.908,0.225,W2
QSO_4.7547915-24.238395,57917.80615999998,18.137,0.375,W2
QSO_4.7547915-24.238395,57917.93712199996,18.106,,W2
QSO_4.7547915-24.238395,57918.002529999976,18.061,,W2
QSO_4.7547915-24.238395,57918.13334600001,18.663,0.528,W2
QSO_4.7547915-24.238395,57918.19875400003,17.932,,W2
QSO_4.7547915-24.238395,57918.3950875,18.218,,W2
QSO_4.7547915-24.238395,57918.65671949999,18.111,,W2
QSO_4.7547915-24.238395,58083.47987899998,17.776,0.254,W2
QSO_4.7547915-24.238395,58083.61069500001,17.996,,W2
QSO_4.7547915-24.238395,58083.74151099997,18.151,,W2
QSO_4.7547915-24.238395,58084.06866049997,18.45,0.5,W2
QSO_4.7547915-24.238395,58084.13406849999,18.388,0.489,W2
QSO_4.7547915-24.238395,58084.33029250004,17.559,,W2
QSO_4.7547915-24.238395,58084.46110849999,17.77,,W2
QSO_4.7547915-24.238395,58086.35815950001,17.701,,W2
QSO_4.7547915-24.238395,58087.07775700004,17.832,,W2
QSO_4.7547915-24.238395,58284.50757099999,18.594,0.469,W2
QSO_4.7547915-24.238395,58284.83446500004,18.297,0.391,W2
QSO_4.7547915-24.238395,58284.89987299997,18.306,0.439,W2
QSO_4.7547915-24.238395,58285.09609700003,18.13,,W2
QSO_4.7547915-24.238395,58285.488399000016,18.248,0.31,W2
QSO_4.7547915-24.238395,58446.83376550001,18.755,0.536,W2
QSO_4.7547915-24.238395,58446.96458149996,18.304,,W2
QSO_4.7547915-24.238395,58447.16080550001,18.441,0.372,W2
QSO_4.7547915-24.238395,58447.29147550002,18.583,0.533,W2
QSO_4.7547915-24.238395,58447.35688350003,18.284,,W2
QSO_4.7547915-24.238395,58447.42229149997,18.177,0.311,W2
QSO_4.7547915-24.238395,58447.5531075,18.353,0.382,W2
QSO_4.7547915-24.238395,58648.43961749997,17.893,,W2
QSO_4.7547915-24.238395,58648.439763500006,18.305,0.352,W2
QSO_4.7547915-24.238395,58648.57043350001,17.835,,W2
QSO_4.7547915-24.238395,58648.63584150003,18.239,0.398,W2
QSO_4.7547915-24.238395,58648.70110350001,18.756,0.479,W2
QSO_4.7547915-24.238395,58648.89721799998,18.092,,W2
QSO_4.7547915-24.238395,58649.158704000016,18.485,,W2
QSO_4.7547915-24.238395,58649.28951999996,18.66,0.445,W2
QSO_4.7547915-24.238395,58810.71244899999,17.932,0.296,W2
QSO_4.7547915-24.238395,58810.84311899999,18.426,,W2
QSO_4.7547915-24.238395,58810.97382550003,18.484,,W2
QSO_4.7547915-24.238395,58810.97393500002,18.522,0.396,W2
QSO_4.7547915-24.238395,58811.03923350004,18.631,0.482,W2
QSO_4.7547915-24.238395,58811.3007195,18.019,,W2
QSO_4.7547915-24.238395,58811.69240099999,18.264,0.295,W2
QSO_4.7547915-24.238395,58811.69254700002,18.676,0.507,W2
QSO_4.7547915-24.238395,59015.71369539998,18.171,,W2
QSO_4.7547915-24.238395,59015.97578800001,17.471,0.238,W2
QSO_4.7547915-24.238395,59016.04137520003,18.319,0.475,W2
QSO_4.7547915-24.238395,59016.17240320004,18.125,,W2
QSO_4.7547915-24.238395,59016.368908599965,18.102,0.341,W2
QSO_4.7547915-24.238395,59016.56556040001,17.893,,W2
QSO_4.7547915-24.238395,59016.69658840002,18.0,,W2
QSO_4.7547915-24.238395,59175.49322799996,18.423,0.468,W2
QSO_4.7547915-24.238395,59175.6242926,18.005,,W2
QSO_4.7547915-24.238395,59175.7553206,18.327,0.446,W2
QSO_4.7547915-24.238395,59178.50687200001,17.785999999999998,,W2
QSO_4.7547915-24.238395,59178.63793659996,17.398,,W2
QSO_4.7547915-24.238395,59178.90002919999,17.901,,W2
QSO_4.7547915-24.238395,59380.18626149996,17.582,,W2
QSO_4.7547915-24.238395,59380.31682199997,18.674,0.482,W2
QSO_4.7547915-24.238395,59380.839282999965,18.058,0.331,W2
QSO_4.7547915-24.238395,59381.035251499976,18.026,,W2
QSO_4.7547915-24.238395,59381.16595800001,17.951999999999998,,W2
QSO_4.7547915-24.238395,59542.43434600002,18.342,0.424,W2
QSO_4.7547915-24.238395,59542.69557650002,18.201,0.368,W2
QSO_4.7547915-24.238395,59543.08740399996,18.343,0.376,W2
QSO_4.7547915-24.238395,59543.15266600003,18.38,0.331,W2
QSO_4.7547915-24.238395,59543.283226500025,18.525,0.537,W2
QSO_4.7547915-24.238395,59543.41378700003,18.305,0.464,W2
QSO_4.7547915-24.238395,59543.41393299997,18.918,0.52,W2
QSO_4.7547915-24.238395,59744.44585900003,18.264,0.388,W2
QSO_4.7547915-24.238395,59744.6414625,18.089,,W2
QSO_4.7547915-24.238395,59744.70672449999,17.798,0.213,W2
QSO_4.7547915-24.238395,59744.77187699997,18.056,,W2
QSO_4.7547915-24.238395,59744.90232799996,17.999,,W2
QSO_4.7547915-24.238395,59745.03263300001,18.403,0.385,W2
QSO_4.7547915-24.238395,59745.032742500014,17.733999999999998,,W2
QSO_4.7547915-24.238395,59906.337229000026,17.758,0.212,W2
QSO_4.7547915-24.238395,59906.92283499999,18.037,0.414,W2
QSO_4.7547915-24.238395,59906.98849849996,18.173,0.322,W2
QSO_4.7547915-24.238395,59907.05354150002,18.264,0.313,W2
QSO_4.7547915-24.238395,59907.18384649998,18.743,0.425,W2
QSO_4.7547915-24.238395,59907.3140055,18.511,0.389,W2
QSO_4.7547915-24.238395,60110.90100449996,18.34,0.438,W2
QSO_4.7547915-24.238395,60111.225233999976,18.147,0.3,W2
QSO_4.7547915-24.238395,60111.28998499997,18.253,0.391,W2
QSO_4.7547915-24.238395,60111.354882,18.193,0.378,W2
QSO_4.7547915-24.238395,60111.41966950002,18.349,0.368,W2
QSO_4.7547915-24.238395,60111.48456649997,18.436,0.433,W2
QSO_4.7547915-24.238395,60111.54935399999,18.197,0.366,W2
QSO_4.7547915-24.238395,60111.61425100001,17.906,,W2
QSO_4.7547915-24.238395,60111.74389900004,18.642,0.485,W2
QSO_4.7547915-24.238395,60111.8735835,18.119,0.306,W2
QSO_4.7547915-24.238395,60273.12237099998,18.535,0.506,W2
QSO_4.7547915-24.238395,60273.12248049999,18.219,,W2
QSO_4.7547915-24.238395,60273.251508000016,18.637,0.503,W2
QSO_4.7547915-24.238395,60273.70363349999,18.125,0.364,W2
QSO_4.7547915-24.238395,60273.768165499976,18.106,,W2
QSO_4.7547915-24.238395,60273.83280699996,17.62,,W2
QSO_4.7547915-24.238395,60274.09111749997,18.324,0.353,W2
QSO_4.7547915-24.238395,60475.63480060002,17.538999999999998,,W2
QSO_4.7547915-24.238395,60475.698850599976,17.96,0.514,W2
QSO_4.7547915-24.238395,60475.89103719998,18.403,0.451,W2
QSO_4.9044178-24.3481491,55362.35759250002,18.042,0.17,W1
QSO_4.9044178-24.3481491,55362.4897955,17.923000000000002,0.132,W1
QSO_4.9044178-24.3481491,55362.621888999965,17.664,0.1,W1
QSO_4.9044178-24.3481491,55362.62203499999,17.79,0.113,W1
QSO_4.9044178-24.3481491,55362.688063500005,17.892,0.111,W1
QSO_4.9044178-24.3481491,55362.75409200002,17.887,0.119,W1
QSO_4.9044178-24.3481491,55362.820266499984,17.927999999999997,0.118,W1
QSO_4.9044178-24.3481491,55362.88633150002,18.045,0.132,W1
QSO_4.9044178-24.3481491,55362.95250599999,17.901,0.115,W1
QSO_4.9044178-24.3481491,55363.34911499999,17.724,0.098,W1
QSO_4.9044178-24.3481491,55539.78004099999,18.016,0.133,W1
QSO_4.9044178-24.3481491,55539.780187000026,18.123,0.157,W1
QSO_4.9044178-24.3481491,55539.91224399996,17.798000000000002,0.114,W1
QSO_4.9044178-24.3481491,55540.044483499965,18.055,0.143,W1
QSO_4.9044178-24.3481491,55540.11051199998,17.985,0.127,W1
QSO_4.9044178-24.3481491,55540.176686500025,18.116,0.136,W1
QSO_4.9044178-24.3481491,55540.24271500003,17.649,0.098,W1
QSO_4.9044178-24.3481491,55540.30877999999,18.025,0.125,W1
QSO_4.9044178-24.3481491,55540.37495450003,17.936,0.116,W1
QSO_4.9044178-24.3481491,55540.77145400003,18.302,0.169,W1
QSO_4.9044178-24.3481491,55544.00973399999,17.927,0.129,W1
QSO_4.9044178-24.3481491,56640.030319999976,18.171,0.153,W1
QSO_4.9044178-24.3481491,56640.096238999984,17.835,0.146,W1
QSO_4.9044178-24.3481491,56824.379045,18.014,0.125,W1
QSO_4.9044178-24.3481491,56824.51062749997,17.951,0.142,W1
QSO_4.9044178-24.3481491,56824.77353699998,17.797,0.115,W1
QSO_4.9044178-24.3481491,56827.73222699998,17.648,0.093,W1
QSO_4.9044178-24.3481491,56827.86366350001,17.917,0.117,W1
QSO_4.9044178-24.3481491,56827.86380950004,18.152,0.141,W1
QSO_4.9044178-24.3481491,56827.995245999984,17.835,0.109,W1
QSO_4.9044178-24.3481491,57004.87512200002,17.915,0.12,W1
QSO_4.9044178-24.3481491,57004.94078549999,17.863999999999997,0.117,W1
QSO_4.9044178-24.3481491,57005.07211250001,17.708,0.107,W1
QSO_4.9044178-24.3481491,57005.20343950004,18.168,0.153,W1
QSO_4.9044178-24.3481491,57005.33476649998,17.863999999999997,0.2,W1
QSO_4.9044178-24.3481491,57005.33487599999,18.009999999999998,0.178,W1
QSO_4.9044178-24.3481491,57188.719714254905,17.913,0.2,W1
QSO_4.9044178-24.3481491,57188.71986025494,18.033,0.184,W1
QSO_4.9044178-24.3481491,57189.24436527154,17.831,0.109,W1
QSO_4.9044178-24.3481491,57189.30991927366,17.89,0.11,W1
QSO_4.9044178-24.3481491,57189.375436775765,17.905,0.141,W1
QSO_4.9044178-24.3481491,57189.57217178196,18.121,0.131,W1
QSO_4.9044178-24.3481491,57189.70324328611,17.694,0.128,W1
QSO_4.9044178-24.3481491,57189.83446079029,17.968,0.157,W1
QSO_4.9044178-24.3481491,57363.563577725086,17.942999999999998,0.122,W1
QSO_4.9044178-24.3481491,57363.62913172722,17.944,0.139,W1
QSO_4.9044178-24.3481491,57363.694649229314,17.986,0.119,W1
QSO_4.9044178-24.3481491,57363.76005723133,17.732,0.098,W1
QSO_4.9044178-24.3481491,57364.21878924594,18.309,0.159,W1
QSO_4.9044178-24.3481491,57553.08229222045,17.933,0.121,W1
QSO_4.9044178-24.3481491,57553.34489722869,17.852,0.106,W1
QSO_4.9044178-24.3481491,57553.541768634976,17.965,0.119,W1
QSO_4.9044178-24.3481491,57553.738786441216,17.857,0.128,W1
QSO_4.9044178-24.3481491,57553.93569444744,17.738999999999997,0.106,W1
QSO_4.9044178-24.3481491,57554.06697865155,17.628999999999998,0.101,W1
QSO_4.9044178-24.3481491,57723.25601060183,18.009999999999998,0.189,W1
QSO_4.9044178-24.3481491,57723.38729480602,17.805,0.113,W1
QSO_4.9044178-24.3481491,57723.51846921012,17.874000000000002,0.118,W1
QSO_4.9044178-24.3481491,57723.51861561016,17.759999999999998,0.111,W1
QSO_4.9044178-24.3481491,57723.58420281225,17.907,0.133,W1
QSO_4.9044178-24.3481491,57723.64979001434,18.282,0.153,W1
QSO_4.9044178-24.3481491,57723.84666142054,17.939,0.115,W1
QSO_4.9044178-24.3481491,57917.80615999998,17.923000000000002,0.128,W1
QSO_4.9044178-24.3481491,57917.806306000006,17.766,0.113,W1
QSO_4.9044178-24.3481491,57917.93712199996,17.797,0.122,W1
QSO_4.9044178-24.3481491,57918.002529999976,18.137,0.14,W1
QSO_4.9044178-24.3481491,57918.06793799999,17.917,0.114,W1
QSO_4.9044178-24.3481491,57918.13334600001,17.97,0.123,W1
QSO_4.9044178-24.3481491,57918.19875400003,17.843,0.12,W1
QSO_4.9044178-24.3481491,57918.26427149997,17.851,0.156,W1
QSO_4.9044178-24.3481491,57918.329679499984,18.219,0.148,W1
QSO_4.9044178-24.3481491,57918.3950875,18.081,0.158,W1
QSO_4.9044178-24.3481491,57918.65671949999,17.894,0.143,W1
QSO_4.9044178-24.3481491,58083.61069500001,17.844,0.114,W1
QSO_4.9044178-24.3481491,58083.74151099997,17.962,0.131,W1
QSO_4.9044178-24.3481491,58084.06855099997,17.963,0.121,W1
QSO_4.9044178-24.3481491,58084.133958999984,17.935000000000002,0.116,W1
QSO_4.9044178-24.3481491,58084.13406849999,18.241,0.151,W1
QSO_4.9044178-24.3481491,58084.199367,18.323,0.243,W1
QSO_4.9044178-24.3481491,58084.33029250004,17.889,0.11,W1
QSO_4.9044178-24.3481491,58084.46110849999,17.589,0.09,W1
QSO_4.9044178-24.3481491,58084.591924500026,17.988,0.127,W1
QSO_4.9044178-24.3481491,58086.35815950001,17.83,0.113,W1
QSO_4.9044178-24.3481491,58086.6197915,17.948999999999998,0.145,W1
QSO_4.9044178-24.3481491,58086.75060750003,17.743000000000002,0.158,W1
QSO_4.9044178-24.3481491,58087.07775700004,17.967,0.141,W1
QSO_4.9044178-24.3481491,58284.50757099999,18.000999999999998,0.144,W1
QSO_4.9044178-24.3481491,58284.83446500004,18.143,0.138,W1
QSO_4.9044178-24.3481491,58284.89987299997,17.756999999999998,0.111,W1
QSO_4.9044178-24.3481491,58285.09609700003,17.842,0.117,W1
QSO_4.9044178-24.3481491,58285.16150499996,17.813000000000002,0.107,W1
QSO_4.9044178-24.3481491,58285.488399000016,17.927,0.127,W1
QSO_4.9044178-24.3481491,58446.83376550001,18.181,0.159,W1
QSO_4.9044178-24.3481491,58446.96458149996,17.907,0.112,W1
QSO_4.9044178-24.3481491,58447.16065949998,17.844,0.122,W1
QSO_4.9044178-24.3481491,58447.16080550001,17.901,0.11,W1
QSO_4.9044178-24.3481491,58447.29147550002,17.917,0.119,W1
QSO_4.9044178-24.3481491,58447.35688350003,17.926000000000002,0.111,W1
QSO_4.9044178-24.3481491,58447.42229149997,18.274,0.182,W1
QSO_4.9044178-24.3481491,58447.5531075,17.938000000000002,0.112,W1
QSO_4.9044178-24.3481491,58648.439763500006,18.148,0.143,W1
QSO_4.9044178-24.3481491,58648.57043350001,17.922,0.118,W1
QSO_4.9044178-24.3481491,58648.70110350001,17.837,0.182,W1
QSO_4.9044178-24.3481491,58648.70124949996,18.006,0.118,W1
QSO_4.9044178-24.3481491,58648.89732749998,17.997999999999998,0.145,W1
QSO_4.9044178-24.3481491,58649.158704000016,17.621000000000002,0.112,W1
QSO_4.9044178-24.3481491,58649.28951999996,17.569,0.128,W1
QSO_4.9044178-24.3481491,58649.4202265,18.117,0.145,W1
QSO_4.9044178-24.3481491,58810.71244899999,18.031,0.14,W1
QSO_4.9044178-24.3481491,58810.84311899999,17.868000000000002,0.113,W1
QSO_4.9044178-24.3481491,58810.97382550003,17.895,0.179,W1
QSO_4.9044178-24.3481491,58811.03923350004,17.944,0.113,W1
QSO_4.9044178-24.3481491,58811.16990349996,17.869999999999997,0.145,W1
QSO_4.9044178-24.3481491,58811.3007195,17.962,0.127,W1
QSO_4.9044178-24.3481491,58811.69240099999,17.832,0.11,W1
QSO_4.9044178-24.3481491,59015.71369539998,18.116,0.137,W1
QSO_4.9044178-24.3481491,59015.97578800001,17.823999999999998,0.112,W1
QSO_4.9044178-24.3481491,59016.106962399965,17.911,0.15,W1
QSO_4.9044178-24.3481491,59016.17240320004,17.811999999999998,0.108,W1
QSO_4.9044178-24.3481491,59016.43449579999,18.068,0.127,W1
QSO_4.9044178-24.3481491,59016.56556040001,17.999000000000002,0.13,W1
QSO_4.9044178-24.3481491,59016.69658840002,17.838,0.116,W1
QSO_4.9044178-24.3481491,59175.49322799996,18.039,0.124,W1
QSO_4.9044178-24.3481491,59175.6242926,18.224,0.166,W1
QSO_4.9044178-24.3481491,59175.7553206,18.047,0.139,W1
QSO_4.9044178-24.3481491,59175.88638520003,17.884,0.142,W1
QSO_4.9044178-24.3481491,59178.50687200001,17.794,0.176,W1
QSO_4.9044178-24.3481491,59178.63793659996,17.936999999999998,0.15,W1
QSO_4.9044178-24.3481491,59178.76896459996,17.887,0.142,W1
QSO_4.9044178-24.3481491,59380.18626149996,18.027,0.132,W1
QSO_4.9044178-24.3481491,59380.31682199997,18.006,0.185,W1
QSO_4.9044178-24.3481491,59380.83942899999,17.778,0.101,W1
QSO_4.9044178-24.3481491,59381.035251499976,17.842,0.115,W1
QSO_4.9044178-24.3481491,59381.03539750001,17.897,0.109,W1
QSO_4.9044178-24.3481491,59381.16595800001,17.945999999999998,0.118,W1
QSO_4.9044178-24.3481491,59381.29651850001,17.805,0.112,W1
QSO_4.9044178-24.3481491,59381.29662800001,17.775,0.102,W1
QSO_4.9044178-24.3481491,59542.56490650002,18.051,0.136,W1
QSO_4.9044178-24.3481491,59542.69557650002,17.852,0.115,W1
QSO_4.9044178-24.3481491,59543.08740399996,17.846,0.108,W1
QSO_4.9044178-24.3481491,59543.15266600003,17.762,0.112,W1
QSO_4.9044178-24.3481491,59543.283226500025,17.759,0.118,W1
QSO_4.9044178-24.3481491,59543.41378700003,17.738999999999997,0.095,W1
QSO_4.9044178-24.3481491,59543.54434750003,18.053,0.165,W1
QSO_4.9044178-24.3481491,59543.544493499976,17.791,0.155,W1
QSO_4.9044178-24.3481491,59744.44585900003,18.338,0.185,W1
QSO_4.9044178-24.3481491,59744.6414625,17.731,0.105,W1
QSO_4.9044178-24.3481491,59744.70672449999,17.978,0.124,W1
QSO_4.9044178-24.3481491,59744.77187699997,17.941000000000003,0.12,W1
QSO_4.9044178-24.3481491,59744.90232799996,18.048,0.154,W1
QSO_4.9044178-24.3481491,59745.032742500014,17.927,0.12,W1
QSO_4.9044178-24.3481491,59745.16304749997,17.584,0.146,W1
QSO_4.9044178-24.3481491,59906.92283499999,17.826999999999998,0.1,W1
QSO_4.9044178-24.3481491,59906.98838900004,17.948999999999998,0.115,W1
QSO_4.9044178-24.3481491,59907.05354150002,17.987000000000002,0.125,W1
QSO_4.9044178-24.3481491,59907.118694,18.02,0.136,W1
QSO_4.9044178-24.3481491,59907.183700500034,17.86,0.16,W1
QSO_4.9044178-24.3481491,59907.3140055,17.773,0.106,W1
QSO_4.9044178-24.3481491,60110.90100449996,17.951999999999998,0.125,W1
QSO_4.9044178-24.3481491,60111.16033700003,17.925,0.122,W1
QSO_4.9044178-24.3481491,60111.28998499997,17.418,0.138,W1
QSO_4.9044178-24.3481491,60111.354882,17.743000000000002,0.112,W1
QSO_4.9044178-24.3481491,60111.41966950002,17.625999999999998,0.1,W1
QSO_4.9044178-24.3481491,60111.419779000025,17.841,0.109,W1
QSO_4.9044178-24.3481491,60111.48456649997,18.036,0.139,W1
QSO_4.9044178-24.3481491,60111.54946349999,17.808,0.138,W1
QSO_4.9044178-24.3481491,60111.61425100001,18.076,0.168,W1
QSO_4.9044178-24.3481491,60111.74389900004,18.254,0.174,W1
QSO_4.9044178-24.3481491,60111.8735835,17.625999999999998,0.14,W1
QSO_4.9044178-24.3481491,60273.251508000016,18.062,0.251,W1
QSO_4.9044178-24.3481491,60273.70363349999,17.765,0.14,W1
QSO_4.9044178-24.3481491,60273.768165499976,18.067,0.151,W1
QSO_4.9044178-24.3481491,60273.83280699996,17.762999999999998,0.101,W1
QSO_4.9044178-24.3481491,60273.96183449999,17.933,0.12,W1
QSO_4.9044178-24.3481491,60273.961980500026,18.097,0.141,W1
QSO_4.9044178-24.3481491,60274.09100799997,17.918,0.137,W1
QSO_4.9044178-24.3481491,60274.220145,17.847,0.114,W1
QSO_4.9044178-24.3481491,60475.44250420001,17.805999999999997,0.136,W1
QSO_4.9044178-24.3481491,60475.57075059997,18.041,0.258,W1
QSO_4.9044178-24.3481491,60475.698850599976,18.035,0.161,W1
QSO_4.9044178-24.3481491,60475.89114699999,17.895,0.132,W1
QSO_4.9044178-24.3481491,55362.35759250002,18.175,,W2
QSO_4.9044178-24.3481491,55362.4897955,18.817,0.494,W2
QSO_4.9044178-24.3481491,55362.621888999965,18.364,0.297,W2
QSO_4.9044178-24.3481491,55362.62203499999,18.364,,W2
QSO_4.9044178-24.3481491,55362.688063500005,18.222,0.292,W2
QSO_4.9044178-24.3481491,55362.75409200002,18.085,0.274,W2
QSO_4.9044178-24.3481491,55362.820266499984,18.779,0.521,W2
QSO_4.9044178-24.3481491,55362.88633150002,18.124,0.245,W2
QSO_4.9044178-24.3481491,55362.95250599999,17.889,0.202,W2
QSO_4.9044178-24.3481491,55363.34911499999,18.843,0.442,W2
QSO_4.9044178-24.3481491,55539.78004099999,18.444,0.338,W2
QSO_4.9044178-24.3481491,55539.780187000026,18.651,0.428,W2
QSO_4.9044178-24.3481491,55539.91224399996,18.034,0.237,W2
QSO_4.9044178-24.3481491,55540.044483499965,18.352,,W2
QSO_4.9044178-24.3481491,55540.11051199998,17.343,0.14,W2
QSO_4.9044178-24.3481491,55540.176686500025,18.462,0.389,W2
QSO_4.9044178-24.3481491,55540.24271500003,18.824,0.541,W2
QSO_4.9044178-24.3481491,55540.30877999999,18.514,0.367,W2
QSO_4.9044178-24.3481491,55540.37495450003,18.487,0.362,W2
QSO_4.9044178-24.3481491,55540.77145400003,18.204,0.269,W2
QSO_4.9044178-24.3481491,55544.00973399999,18.297,0.402,W2
QSO_4.9044178-24.3481491,56640.030319999976,18.217,0.439,W2
QSO_4.9044178-24.3481491,56640.096238999984,18.187,0.348,W2
QSO_4.9044178-24.3481491,56824.379045,18.316,0.373,W2
QSO_4.9044178-24.3481491,56824.51062749997,18.644,0.535,W2
QSO_4.9044178-24.3481491,56824.77353699998,18.15,0.329,W2
QSO_4.9044178-24.3481491,56827.73222699998,18.319,0.502,W2
QSO_4.9044178-24.3481491,56827.86366350001,18.425,0.384,W2
QSO_4.9044178-24.3481491,56827.86380950004,18.126,,W2
QSO_4.9044178-24.3481491,56827.995245999984,17.801,,W2
QSO_4.9044178-24.3481491,57004.87512200002,18.156,0.393,W2
QSO_4.9044178-24.3481491,57004.94078549999,18.518,0.498,W2
QSO_4.9044178-24.3481491,57005.07211250001,18.522,0.454,W2
QSO_4.9044178-24.3481491,57005.20343950004,17.826999999999998,0.271,W2
QSO_4.9044178-24.3481491,57005.33476649998,18.737,0.516,W2
QSO_4.9044178-24.3481491,57005.33487599999,18.87,0.533,W2
QSO_4.9044178-24.3481491,57188.719714254905,17.962,0.218,W2
QSO_4.9044178-24.3481491,57188.71986025494,18.275,0.292,W2
QSO_4.9044178-24.3481491,57189.24436527154,17.555,,W2
QSO_4.9044178-24.3481491,57189.30991927366,18.607,0.482,W2
QSO_4.9044178-24.3481491,57189.375436775765,17.961,0.24,W2
QSO_4.9044178-24.3481491,57189.57217178196,18.181,0.319,W2
QSO_4.9044178-24.3481491,57189.70324328611,17.823999999999998,0.241,W2
QSO_4.9044178-24.3481491,57189.83446079029,18.259,,W2
QSO_4.9044178-24.3481491,57363.563577725086,17.736,,W2
QSO_4.9044178-24.3481491,57363.62913172722,17.782,0.189,W2
QSO_4.9044178-24.3481491,57363.694649229314,18.679,0.423,W2
QSO_4.9044178-24.3481491,57363.76005723133,18.359,,W2
QSO_4.9044178-24.3481491,57364.21878924594,18.407,0.354,W2
QSO_4.9044178-24.3481491,57553.08229222045,18.34,0.327,W2
QSO_4.9044178-24.3481491,57553.34489722869,17.823999999999998,,W2
QSO_4.9044178-24.3481491,57553.541768634976,18.322,0.33,W2
QSO_4.9044178-24.3481491,57553.738786441216,17.868,0.251,W2
QSO_4.9044178-24.3481491,57553.93569444744,18.747,0.512,W2
QSO_4.9044178-24.3481491,57554.06697865155,18.516,0.38,W2
QSO_4.9044178-24.3481491,57723.25601060183,18.646,0.41,W2
QSO_4.9044178-24.3481491,57723.38729480602,18.572,0.405,W2
QSO_4.9044178-24.3481491,57723.51846921012,18.109,,W2
QSO_4.9044178-24.3481491,57723.51861561016,17.751,0.227,W2
QSO_4.9044178-24.3481491,57723.58420281225,17.951,0.241,W2
QSO_4.9044178-24.3481491,57723.64979001434,18.449,0.37,W2
QSO_4.9044178-24.3481491,57723.84666142054,18.036,0.264,W2
QSO_4.9044178-24.3481491,57917.80615999998,18.439,0.43,W2
QSO_4.9044178-24.3481491,57917.806306000006,17.913,,W2
QSO_4.9044178-24.3481491,57917.93712199996,18.215,,W2
QSO_4.9044178-24.3481491,57918.002529999976,18.341,,W2
QSO_4.9044178-24.3481491,57918.06793799999,18.228,,W2
QSO_4.9044178-24.3481491,57918.13334600001,18.112,,W2
QSO_4.9044178-24.3481491,57918.19875400003,17.869,0.291,W2
QSO_4.9044178-24.3481491,57918.26427149997,18.579,0.401,W2
QSO_4.9044178-24.3481491,57918.329679499984,18.157,0.334,W2
QSO_4.9044178-24.3481491,57918.3950875,18.3,0.328,W2
QSO_4.9044178-24.3481491,57918.65671949999,17.977999999999998,0.27,W2
QSO_4.9044178-24.3481491,58083.61069500001,18.371,0.48,W2
QSO_4.9044178-24.3481491,58083.74151099997,17.733999999999998,0.364,W2
QSO_4.9044178-24.3481491,58084.06855099997,18.418,0.416,W2
QSO_4.9044178-24.3481491,58084.133958999984,17.979,0.319,W2
QSO_4.9044178-24.3481491,58084.13406849999,18.307,,W2
QSO_4.9044178-24.3481491,58084.199367,18.186,0.35,W2
QSO_4.9044178-24.3481491,58084.33029250004,17.48,0.278,W2
QSO_4.9044178-24.3481491,58084.46110849999,18.116,,W2
QSO_4.9044178-24.3481491,58084.591924500026,17.813,,W2
QSO_4.9044178-24.3481491,58086.35815950001,17.772,,W2
QSO_4.9044178-24.3481491,58086.6197915,17.194,0.259,W2
QSO_4.9044178-24.3481491,58086.75060750003,17.486,,W2
QSO_4.9044178-24.3481491,58087.07775700004,17.884999999999998,,W2
QSO_4.9044178-24.3481491,58284.50757099999,18.593,0.443,W2
QSO_4.9044178-24.3481491,58284.83446500004,18.561,0.484,W2
QSO_4.9044178-24.3481491,58284.89987299997,18.333,,W2
QSO_4.9044178-24.3481491,58285.09609700003,18.268,0.465,W2
QSO_4.9044178-24.3481491,58285.16150499996,18.219,0.306,W2
QSO_4.9044178-24.3481491,58285.488399000016,18.893,0.536,W2
QSO_4.9044178-24.3481491,58446.83376550001,18.009,0.322,W2
QSO_4.9044178-24.3481491,58446.96458149996,17.695999999999998,,W2
QSO_4.9044178-24.3481491,58447.16065949998,18.072,,W2
QSO_4.9044178-24.3481491,58447.16080550001,18.337,0.374,W2
QSO_4.9044178-24.3481491,58447.29147550002,17.982,0.322,W2
QSO_4.9044178-24.3481491,58447.35688350003,18.517,0.493,W2
QSO_4.9044178-24.3481491,58447.42229149997,18.392,0.414,W2
QSO_4.9044178-24.3481491,58447.5531075,18.189,0.534,W2
QSO_4.9044178-24.3481491,58648.439763500006,17.883,,W2
QSO_4.9044178-24.3481491,58648.57043350001,18.266,0.431,W2
QSO_4.9044178-24.3481491,58648.70110350001,,,W2
QSO_4.9044178-24.3481491,58648.70124949996,17.931,0.446,W2
QSO_4.9044178-24.3481491,58648.89732749998,17.813,,W2
QSO_4.9044178-24.3481491,58649.158704000016,18.054,0.283,W2
QSO_4.9044178-24.3481491,58649.28951999996,18.67,0.471,W2
QSO_4.9044178-24.3481491,58649.4202265,18.564,,W2
QSO_4.9044178-24.3481491,58810.71244899999,18.449,0.353,W2
QSO_4.9044178-24.3481491,58810.84311899999,17.672,0.251,W2
QSO_4.9044178-24.3481491,58810.97382550003,18.63,0.488,W2
QSO_4.9044178-24.3481491,58811.03923350004,18.606,0.496,W2
QSO_4.9044178-24.3481491,58811.16990349996,18.113,,W2
QSO_4.9044178-24.3481491,58811.3007195,18.071,,W2
QSO_4.9044178-24.3481491,58811.69240099999,18.437,0.415,W2
QSO_4.9044178-24.3481491,59015.71369539998,18.523,0.438,W2
QSO_4.9044178-24.3481491,59015.97578800001,18.473,0.489,W2
QSO_4.9044178-24.3481491,59016.106962399965,18.061,0.314,W2
QSO_4.9044178-24.3481491,59016.17240320004,17.779,,W2
QSO_4.9044178-24.3481491,59016.43449579999,18.548,0.512,W2
QSO_4.9044178-24.3481491,59016.56556040001,18.012,,W2
QSO_4.9044178-24.3481491,59016.69658840002,18.075,,W2
QSO_4.9044178-24.3481491,59175.49322799996,18.191,0.329,W2
QSO_4.9044178-24.3481491,59175.6242926,18.1,0.329,W2
QSO_4.9044178-24.3481491,59175.7553206,17.999,,W2
QSO_4.9044178-24.3481491,59175.88638520003,17.716,,W2
QSO_4.9044178-24.3481491,59178.50687200001,17.598,,W2
QSO_4.9044178-24.3481491,59178.63793659996,18.052,0.531,W2
QSO_4.9044178-24.3481491,59178.76896459996,17.809,,W2
QSO_4.9044178-24.3481491,59380.18626149996,18.17,0.336,W2
QSO_4.9044178-24.3481491,59380.31682199997,18.493,0.441,W2
QSO_4.9044178-24.3481491,59380.83942899999,18.202,0.319,W2
QSO_4.9044178-24.3481491,59381.035251499976,17.81,0.258,W2
QSO_4.9044178-24.3481491,59381.03539750001,18.006,0.268,W2
QSO_4.9044178-24.3481491,59381.16595800001,17.804,,W2
QSO_4.9044178-24.3481491,59381.29651850001,17.947,0.38,W2
QSO_4.9044178-24.3481491,59381.29662800001,17.864,0.236,W2
QSO_4.9044178-24.3481491,59542.56490650002,18.57,0.498,W2
QSO_4.9044178-24.3481491,59542.69557650002,18.474,0.35,W2
QSO_4.9044178-24.3481491,59543.08740399996,17.863,0.249,W2
QSO_4.9044178-24.3481491,59543.15266600003,17.887999999999998,0.23,W2
QSO_4.9044178-24.3481491,59543.283226500025,18.145,0.486,W2
QSO_4.9044178-24.3481491,59543.41378700003,18.696,0.502,W2
QSO_4.9044178-24.3481491,59543.54434750003,18.473,0.369,W2
QSO_4.9044178-24.3481491,59543.544493499976,17.983,0.215,W2
QSO_4.9044178-24.3481491,59744.44585900003,18.367,0.347,W2
QSO_4.9044178-24.3481491,59744.6414625,18.078,0.293,W2
QSO_4.9044178-24.3481491,59744.70672449999,18.032,0.395,W2
QSO_4.9044178-24.3481491,59744.77187699997,17.852999999999998,0.287,W2
QSO_4.9044178-24.3481491,59744.90232799996,18.579,0.466,W2
QSO_4.9044178-24.3481491,59745.032742500014,18.483,0.466,W2
QSO_4.9044178-24.3481491,59745.16304749997,18.285,0.368,W2
QSO_4.9044178-24.3481491,59906.92283499999,18.257,0.426,W2
QSO_4.9044178-24.3481491,59906.98838900004,18.159,0.352,W2
QSO_4.9044178-24.3481491,59907.05354150002,17.775,0.209,W2
QSO_4.9044178-24.3481491,59907.118694,17.903,0.218,W2
QSO_4.9044178-24.3481491,59907.183700500034,17.955,0.213,W2
QSO_4.9044178-24.3481491,59907.3140055,18.142,0.32,W2
QSO_4.9044178-24.3481491,60110.90100449996,18.142,0.382,W2
QSO_4.9044178-24.3481491,60111.16033700003,18.593,0.479,W2
QSO_4.9044178-24.3481491,60111.28998499997,17.987,,W2
QSO_4.9044178-24.3481491,60111.354882,18.038,,W2
QSO_4.9044178-24.3481491,60111.41966950002,18.286,0.37,W2
QSO_4.9044178-24.3481491,60111.419779000025,18.407,0.496,W2
QSO_4.9044178-24.3481491,60111.48456649997,18.033,0.267,W2
QSO_4.9044178-24.3481491,60111.54946349999,18.312,,W2
QSO_4.9044178-24.3481491,60111.61425100001,18.123,0.373,W2
QSO_4.9044178-24.3481491,60111.74389900004,17.703,0.25,W2
QSO_4.9044178-24.3481491,60111.8735835,18.144,0.39,W2
QSO_4.9044178-24.3481491,60273.251508000016,18.26,0.433,W2
QSO_4.9044178-24.3481491,60273.70363349999,17.932,0.261,W2
QSO_4.9044178-24.3481491,60273.768165499976,18.381,0.447,W2
QSO_4.9044178-24.3481491,60273.83280699996,17.922,0.246,W2
QSO_4.9044178-24.3481491,60273.96183449999,18.77,,W2
QSO_4.9044178-24.3481491,60273.961980500026,18.253,0.359,W2
QSO_4.9044178-24.3481491,60274.09100799997,17.887,,W2
QSO_4.9044178-24.3481491,60274.220145,17.74,,W2
QSO_4.9044178-24.3481491,60475.44250420001,18.137,0.38,W2
QSO_4.9044178-24.3481491,60475.57075059997,17.788999999999998,0.34,W2
QSO_4.9044178-24.3481491,60475.698850599976,18.317,,W2
QSO_4.9044178-24.3481491,60475.89114699999,16.844,,W2
QSO_4.7197021-24.1603933,55362.357483000014,18.006999999999998,0.124,W1
QSO_4.7197021-24.1603933,55362.48968599999,17.814999999999998,0.103,W1
QSO_4.7197021-24.1603933,55362.55586050003,18.66,0.232,W1
QSO_4.7197021-24.1603933,55362.621888999965,17.964,0.119,W1
QSO_4.7197021-24.1603933,55362.688063500005,18.068,0.132,W1
QSO_4.7197021-24.1603933,55362.75409200002,18.071,0.132,W1
QSO_4.7197021-24.1603933,55362.82015699998,17.778,0.099,W1
QSO_4.7197021-24.1603933,55362.820266499984,18.25,0.146,W1
QSO_4.7197021-24.1603933,55362.95236000003,18.193,0.143,W1
QSO_4.7197021-24.1603933,55362.95250599999,18.006,0.121,W1
QSO_4.7197021-24.1603933,55539.780187000026,18.237,0.155,W1
QSO_4.7197021-24.1603933,55539.91224399996,18.245,0.156,W1
QSO_4.7197021-24.1603933,55539.91239,17.988,0.12,W1
QSO_4.7197021-24.1603933,55539.97841850001,17.972,0.117,W1
QSO_4.7197021-24.1603933,55540.044483499965,18.006999999999998,0.144,W1
QSO_4.7197021-24.1603933,55540.11065800001,17.936999999999998,0.124,W1
QSO_4.7197021-24.1603933,55540.176686500025,18.099,0.163,W1
QSO_4.7197021-24.1603933,55540.24271500003,18.199,0.178,W1
QSO_4.7197021-24.1603933,55540.3088895,17.849,0.135,W1
QSO_4.7197021-24.1603933,55540.37495450003,18.138,0.136,W1
QSO_4.7197021-24.1603933,55544.00973399999,17.984,0.142,W1
QSO_4.7197021-24.1603933,56640.030319999976,17.947,0.122,W1
QSO_4.7197021-24.1603933,56640.03042949997,18.03,0.147,W1
QSO_4.7197021-24.1603933,56824.379045,17.653,0.103,W1
QSO_4.7197021-24.1603933,56824.51048150002,18.256,0.197,W1
QSO_4.7197021-24.1603933,56824.77353699998,17.777,0.113,W1
QSO_4.7197021-24.1603933,56827.73222699998,17.735,0.121,W1
QSO_4.7197021-24.1603933,56827.79789050004,18.243,0.265,W1
QSO_4.7197021-24.1603933,56827.86366350001,18.089,0.132,W1
QSO_4.7197021-24.1603933,56827.99513649998,18.092,0.216,W1
QSO_4.7197021-24.1603933,56827.995245999984,18.331,0.178,W1
QSO_4.7197021-24.1603933,57004.21837749997,17.991,0.149,W1
QSO_4.7197021-24.1603933,57004.87512200002,18.039,0.126,W1
QSO_4.7197021-24.1603933,57004.94078549999,17.895,0.117,W1
QSO_4.7197021-24.1603933,57005.07211250001,18.261,0.188,W1
QSO_4.7197021-24.1603933,57005.20354899996,17.886,0.11,W1
QSO_4.7197021-24.1603933,57188.719714254905,17.835,0.107,W1
QSO_4.7197021-24.1603933,57189.24425577161,18.295,0.163,W1
QSO_4.7197021-24.1603933,57189.30977327363,18.271,0.231,W1
QSO_4.7197021-24.1603933,57189.30991927366,18.128,0.133,W1
QSO_4.7197021-24.1603933,57189.375436775765,17.953,0.111,W1
QSO_4.7197021-24.1603933,57189.57217178196,17.706,0.11,W1
QSO_4.7197021-24.1603933,57189.70324328611,17.884,0.104,W1
QSO_4.7197021-24.1603933,57363.10484571056,18.188,0.16,W1
QSO_4.7197021-24.1603933,57363.563577725086,18.213,0.137,W1
QSO_4.7197021-24.1603933,57363.62913172722,17.991999999999997,0.125,W1
QSO_4.7197021-24.1603933,57363.694649229314,18.1,0.191,W1
QSO_4.7197021-24.1603933,57363.95679223761,18.103,0.142,W1
QSO_4.7197021-24.1603933,57553.34478742869,17.93,0.121,W1
QSO_4.7197021-24.1603933,57553.34489722869,17.947,0.112,W1
QSO_4.7197021-24.1603933,57553.41048443079,18.504,0.198,W1
QSO_4.7197021-24.1603933,57553.541768634976,17.726,0.102,W1
QSO_4.7197021-24.1603933,57553.60735583699,17.891,0.13,W1
QSO_4.7197021-24.1603933,57553.738786441216,17.728,0.104,W1
QSO_4.7197021-24.1603933,57553.93569444744,18.185,0.252,W1
QSO_4.7197021-24.1603933,57554.06697865155,18.12,0.135,W1
QSO_4.7197021-24.1603933,57723.25601060183,17.903,0.129,W1
QSO_4.7197021-24.1603933,57723.32170760393,18.005,0.125,W1
QSO_4.7197021-24.1603933,57723.38729480602,18.202,0.142,W1
QSO_4.7197021-24.1603933,57723.51861561016,18.05,0.132,W1
QSO_4.7197021-24.1603933,57723.58420281225,17.808999999999997,0.103,W1
QSO_4.7197021-24.1603933,57723.8468078205,18.018,0.125,W1
QSO_4.7197021-24.1603933,57917.80615999998,18.035,0.128,W1
QSO_4.7197021-24.1603933,57918.002529999976,17.853,0.138,W1
QSO_4.7197021-24.1603933,57918.06793799999,18.149,0.139,W1
QSO_4.7197021-24.1603933,57918.13334600001,17.911,0.115,W1
QSO_4.7197021-24.1603933,57918.19875400003,18.254,0.228,W1
QSO_4.7197021-24.1603933,57918.65671949999,17.988,0.159,W1
QSO_4.7197021-24.1603933,58083.47987899998,18.017,0.132,W1
QSO_4.7197021-24.1603933,58083.61069500001,18.157,0.193,W1
QSO_4.7197021-24.1603933,58083.74151099997,18.03,0.197,W1
QSO_4.7197021-24.1603933,58084.06866049997,18.245,0.15,W1
QSO_4.7197021-24.1603933,58084.13406849999,18.368,0.165,W1
QSO_4.7197021-24.1603933,58084.33029250004,17.962,0.123,W1
QSO_4.7197021-24.1603933,58084.46110849999,17.726,0.106,W1
QSO_4.7197021-24.1603933,58086.35815950001,18.066000000000003,0.161,W1
QSO_4.7197021-24.1603933,58086.48912149999,18.061,0.137,W1
QSO_4.7197021-24.1603933,58087.07775700004,17.968,0.152,W1
QSO_4.7197021-24.1603933,58284.83446500004,17.887,0.123,W1
QSO_4.7197021-24.1603933,58284.89987299997,18.133,0.163,W1
QSO_4.7197021-24.1603933,58285.03057950001,17.921,0.124,W1
QSO_4.7197021-24.1603933,58285.09609700003,18.273,0.144,W1
QSO_4.7197021-24.1603933,58285.488399000016,17.884,0.129,W1
QSO_4.7197021-24.1603933,58446.83376550001,17.967,0.119,W1
QSO_4.7197021-24.1603933,58446.83387500001,18.294,0.147,W1
QSO_4.7197021-24.1603933,58446.96458149996,17.92,0.114,W1
QSO_4.7197021-24.1603933,58447.16080550001,18.192,0.173,W1
QSO_4.7197021-24.1603933,58447.35688350003,17.984,0.117,W1
QSO_4.7197021-24.1603933,58447.35702949998,17.669,0.176,W1
QSO_4.7197021-24.1603933,58447.42229149997,17.859,0.129,W1
QSO_4.7197021-24.1603933,58447.5531075,17.845,0.106,W1
QSO_4.7197021-24.1603933,58648.43961749997,18.4,0.175,W1
QSO_4.7197021-24.1603933,58648.57043350001,17.851,0.115,W1
QSO_4.7197021-24.1603933,58648.6356955,17.85,0.115,W1
QSO_4.7197021-24.1603933,58648.63584150003,18.011,0.204,W1
QSO_4.7197021-24.1603933,58648.70110350001,17.837,0.123,W1
QSO_4.7197021-24.1603933,58648.89721799998,18.159,0.147,W1
QSO_4.7197021-24.1603933,58649.158704000016,18.034,0.209,W1
QSO_4.7197021-24.1603933,58649.28951999996,17.781,0.11,W1
QSO_4.7197021-24.1603933,58810.71244899999,17.895,0.115,W1
QSO_4.7197021-24.1603933,58810.84311899999,17.874000000000002,0.128,W1
QSO_4.7197021-24.1603933,58810.97393500002,17.884999999999998,0.106,W1
QSO_4.7197021-24.1603933,58811.03923350004,17.842,0.116,W1
QSO_4.7197021-24.1603933,58811.235457500006,17.947,0.162,W1
QSO_4.7197021-24.1603933,58811.3007195,18.056,0.122,W1
QSO_4.7197021-24.1603933,58811.69254700002,17.996000000000002,0.162,W1
QSO_4.7197021-24.1603933,59015.71369539998,18.143,0.149,W1
QSO_4.7197021-24.1603933,59015.97578800001,18.403,0.194,W1
QSO_4.7197021-24.1603933,59016.04137520003,17.862000000000002,0.117,W1
QSO_4.7197021-24.1603933,59016.17240320004,18.018,0.129,W1
QSO_4.7197021-24.1603933,59016.368908599965,18.28,0.163,W1
QSO_4.7197021-24.1603933,59016.43449579999,17.711,0.138,W1
QSO_4.7197021-24.1603933,59016.56556040001,18.289,0.203,W1
QSO_4.7197021-24.1603933,59016.69658840002,17.881,0.114,W1
QSO_4.7197021-24.1603933,59175.49322799996,18.06,0.164,W1
QSO_4.7197021-24.1603933,59175.6242926,17.852,0.123,W1
QSO_4.7197021-24.1603933,59175.7553206,18.569,0.21,W1
QSO_4.7197021-24.1603933,59175.88638520003,18.087,0.159,W1
QSO_4.7197021-24.1603933,59178.50687200001,18.057,0.199,W1
QSO_4.7197021-24.1603933,59178.63793659996,18.07,0.147,W1
QSO_4.7197021-24.1603933,59178.76896459996,17.861,0.191,W1
QSO_4.7197021-24.1603933,59178.769111,17.691000000000003,0.125,W1
QSO_4.7197021-24.1603933,59178.90002919999,18.171,0.184,W1
QSO_4.7197021-24.1603933,59380.18626149996,18.065,0.226,W1
QSO_4.7197021-24.1603933,59380.31682199997,18.023,0.127,W1
QSO_4.7197021-24.1603933,59380.839282999965,18.19,0.146,W1
QSO_4.7197021-24.1603933,59381.035251499976,18.649,0.288,W1
QSO_4.7197021-24.1603933,59381.16595800001,17.898,0.115,W1
QSO_4.7197021-24.1603933,59542.43434600002,17.914,0.147,W1
QSO_4.7197021-24.1603933,59542.69557650002,17.924,0.138,W1
QSO_4.7197021-24.1603933,59543.08740399996,18.157,0.135,W1
QSO_4.7197021-24.1603933,59543.15266600003,17.852,0.121,W1
QSO_4.7197021-24.1603933,59543.283226500025,18.134,0.131,W1
QSO_4.7197021-24.1603933,59543.41393299997,17.925,0.111,W1
QSO_4.7197021-24.1603933,59744.44585900003,18.018,0.172,W1
QSO_4.7197021-24.1603933,59744.6414625,17.746000000000002,0.099,W1
QSO_4.7197021-24.1603933,59744.70661499998,17.772,0.131,W1
QSO_4.7197021-24.1603933,59744.70672449999,17.811,0.119,W1
QSO_4.7197021-24.1603933,59744.77187699997,17.956,0.125,W1
QSO_4.7197021-24.1603933,59744.90232799996,18.008,0.129,W1
QSO_4.7197021-24.1603933,59745.03263300001,18.167,0.149,W1
QSO_4.7197021-24.1603933,59906.92283499999,18.151,0.165,W1
QSO_4.7197021-24.1603933,59906.98849849996,17.904,0.156,W1
QSO_4.7197021-24.1603933,59907.05354150002,18.086,0.127,W1
QSO_4.7197021-24.1603933,59907.18384649998,17.919,0.11,W1
QSO_4.7197021-24.1603933,59907.3140055,18.091,0.132,W1
QSO_4.7197021-24.1603933,59907.44431050004,18.153,0.153,W1
QSO_4.7197021-24.1603933,60110.90100449996,17.804000000000002,0.115,W1
QSO_4.7197021-24.1603933,60111.16033700003,18.254,0.165,W1
QSO_4.7197021-24.1603933,60111.225233999976,17.872999999999998,0.126,W1
QSO_4.7197021-24.1603933,60111.28998499997,17.972,0.195,W1
QSO_4.7197021-24.1603933,60111.354882,18.128,0.16,W1
QSO_4.7197021-24.1603933,60111.41966950002,18.109,0.177,W1
QSO_4.7197021-24.1603933,60111.48456649997,18.201,0.15,W1
QSO_4.7197021-24.1603933,60111.54935399999,17.708,0.106,W1
QSO_4.7197021-24.1603933,60111.61425100001,18.13,0.207,W1
QSO_4.7197021-24.1603933,60111.74389900004,18.083,0.174,W1
QSO_4.7197021-24.1603933,60111.8735835,17.869999999999997,0.148,W1
QSO_4.7197021-24.1603933,60273.12248049999,18.072,0.138,W1
QSO_4.7197021-24.1603933,60273.63913800003,18.599,0.473,W1
QSO_4.7197021-24.1603933,60273.70363349999,18.676,0.261,W1
QSO_4.7197021-24.1603933,60273.768165499976,18.014,0.129,W1
QSO_4.7197021-24.1603933,60273.83280699996,18.073,0.141,W1
QSO_4.7197021-24.1603933,60273.961980500026,17.997999999999998,0.127,W1
QSO_4.7197021-24.1603933,60274.09111749997,17.692,0.1,W1
QSO_4.7197021-24.1603933,60475.44250420001,18.175,0.171,W1
QSO_4.7197021-24.1603933,60475.698850599976,18.399,0.195,W1
QSO_4.7197021-24.1603933,60475.89103719998,18.193,0.192,W1
QSO_4.7197021-24.1603933,60475.955087200025,18.12,0.216,W1
QSO_4.7197021-24.1603933,55362.357483000014,18.741,0.412,W2
QSO_4.7197021-24.1603933,55362.48968599999,18.537,0.343,W2
QSO_4.7197021-24.1603933,55362.55586050003,18.309,,W2
QSO_4.7197021-24.1603933,55362.621888999965,18.314,0.298,W2
QSO_4.7197021-24.1603933,55362.688063500005,18.655,0.395,W2
QSO_4.7197021-24.1603933,55362.75409200002,17.993,0.211,W2
QSO_4.7197021-24.1603933,55362.82015699998,18.39,,W2
QSO_4.7197021-24.1603933,55362.820266499984,18.155,0.262,W2
QSO_4.7197021-24.1603933,55362.95236000003,18.047,0.207,W2
QSO_4.7197021-24.1603933,55362.95250599999,18.326,0.286,W2
QSO_4.7197021-24.1603933,55539.780187000026,18.186,,W2
QSO_4.7197021-24.1603933,55539.91224399996,18.038,0.239,W2
QSO_4.7197021-24.1603933,55539.91239,18.395,0.477,W2
QSO_4.7197021-24.1603933,55539.97841850001,18.379,0.325,W2
QSO_4.7197021-24.1603933,55540.044483499965,18.146,0.313,W2
QSO_4.7197021-24.1603933,55540.11065800001,18.587,,W2
QSO_4.7197021-24.1603933,55540.176686500025,18.501,0.36,W2
QSO_4.7197021-24.1603933,55540.24271500003,18.253,0.289,W2
QSO_4.7197021-24.1603933,55540.3088895,18.254,0.291,W2
QSO_4.7197021-24.1603933,55540.37495450003,18.203,0.31,W2
QSO_4.7197021-24.1603933,55544.00973399999,18.165,,W2
QSO_4.7197021-24.1603933,56640.030319999976,18.495,0.432,W2
QSO_4.7197021-24.1603933,56640.03042949997,18.156,0.297,W2
QSO_4.7197021-24.1603933,56824.379045,18.029,0.325,W2
QSO_4.7197021-24.1603933,56824.51048150002,18.084,,W2
QSO_4.7197021-24.1603933,56824.77353699998,17.926,,W2
QSO_4.7197021-24.1603933,56827.73222699998,17.987,0.297,W2
QSO_4.7197021-24.1603933,56827.79789050004,18.635,0.521,W2
QSO_4.7197021-24.1603933,56827.86366350001,18.129,0.32,W2
QSO_4.7197021-24.1603933,56827.99513649998,18.103,0.327,W2
QSO_4.7197021-24.1603933,56827.995245999984,18.18,0.327,W2
QSO_4.7197021-24.1603933,57004.21837749997,17.915,0.431,W2
QSO_4.7197021-24.1603933,57004.87512200002,18.317,,W2
QSO_4.7197021-24.1603933,57004.94078549999,18.232,0.329,W2
QSO_4.7197021-24.1603933,57005.07211250001,18.009,0.313,W2
QSO_4.7197021-24.1603933,57005.20354899996,18.409,0.341,W2
QSO_4.7197021-24.1603933,57188.719714254905,18.302,0.404,W2
QSO_4.7197021-24.1603933,57189.24425577161,17.662,0.247,W2
QSO_4.7197021-24.1603933,57189.30977327363,18.372,0.332,W2
QSO_4.7197021-24.1603933,57189.30991927366,18.225,0.386,W2
QSO_4.7197021-24.1603933,57189.375436775765,18.104,0.393,W2
QSO_4.7197021-24.1603933,57189.57217178196,18.124,,W2
QSO_4.7197021-24.1603933,57189.70324328611,18.3,,W2
QSO_4.7197021-24.1603933,57363.10484571056,18.306,0.316,W2
QSO_4.7197021-24.1603933,57363.563577725086,18.228,0.295,W2
QSO_4.7197021-24.1603933,57363.62913172722,18.301,0.494,W2
QSO_4.7197021-24.1603933,57363.694649229314,17.973,,W2
QSO_4.7197021-24.1603933,57363.95679223761,18.471,0.372,W2
QSO_4.7197021-24.1603933,57553.34478742869,18.066,,W2
QSO_4.7197021-24.1603933,57553.34489722869,18.136,,W2
QSO_4.7197021-24.1603933,57553.41048443079,18.232,,W2
QSO_4.7197021-24.1603933,57553.541768634976,18.028,,W2
QSO_4.7197021-24.1603933,57553.60735583699,18.322,0.348,W2
QSO_4.7197021-24.1603933,57553.738786441216,18.548,0.482,W2
QSO_4.7197021-24.1603933,57553.93569444744,18.301,0.342,W2
QSO_4.7197021-24.1603933,57554.06697865155,18.031,,W2
QSO_4.7197021-24.1603933,57723.25601060183,17.873,0.221,W2
QSO_4.7197021-24.1603933,57723.32170760393,18.911,0.512,W2
QSO_4.7197021-24.1603933,57723.38729480602,18.267,0.307,W2
QSO_4.7197021-24.1603933,57723.51861561016,18.745,0.479,W2
QSO_4.7197021-24.1603933,57723.58420281225,18.408,,W2
QSO_4.7197021-24.1603933,57723.8468078205,18.146,,W2
QSO_4.7197021-24.1603933,57917.80615999998,17.983999999999998,,W2
QSO_4.7197021-24.1603933,57918.002529999976,18.678,0.487,W2
QSO_4.7197021-24.1603933,57918.06793799999,17.953,0.242,W2
QSO_4.7197021-24.1603933,57918.13334600001,18.536,0.458,W2
QSO_4.7197021-24.1603933,57918.19875400003,17.896,,W2
QSO_4.7197021-24.1603933,57918.65671949999,17.983,0.305,W2
QSO_4.7197021-24.1603933,58083.47987899998,18.375,0.382,W2
QSO_4.7197021-24.1603933,58083.61069500001,17.81,,W2
QSO_4.7197021-24.1603933,58083.74151099997,18.587,0.496,W2
QSO_4.7197021-24.1603933,58084.06866049997,18.109,0.378,W2
QSO_4.7197021-24.1603933,58084.13406849999,18.298,0.414,W2
QSO_4.7197021-24.1603933,58084.33029250004,17.732,0.297,W2
QSO_4.7197021-24.1603933,58084.46110849999,18.006,,W2
QSO_4.7197021-24.1603933,58086.35815950001,17.567,,W2
QSO_4.7197021-24.1603933,58086.48912149999,18.001,0.406,W2
QSO_4.7197021-24.1603933,58087.07775700004,17.805,0.35,W2
QSO_4.7197021-24.1603933,58284.83446500004,18.429,0.388,W2
QSO_4.7197021-24.1603933,58284.89987299997,17.637999999999998,,W2
QSO_4.7197021-24.1603933,58285.03057950001,17.876,,W2
QSO_4.7197021-24.1603933,58285.09609700003,18.511,0.506,W2
QSO_4.7197021-24.1603933,58285.488399000016,18.396,0.346,W2
QSO_4.7197021-24.1603933,58446.83376550001,18.362,0.351,W2
QSO_4.7197021-24.1603933,58446.83387500001,18.194,,W2
QSO_4.7197021-24.1603933,58446.96458149996,18.44,0.383,W2
QSO_4.7197021-24.1603933,58447.16080550001,18.162,,W2
QSO_4.7197021-24.1603933,58447.35688350003,18.26,0.312,W2
QSO_4.7197021-24.1603933,58447.35702949998,18.509,0.428,W2
QSO_4.7197021-24.1603933,58447.42229149997,18.785,0.486,W2
QSO_4.7197021-24.1603933,58447.5531075,18.75,0.518,W2
QSO_4.7197021-24.1603933,58648.43961749997,18.071,0.328,W2
QSO_4.7197021-24.1603933,58648.57043350001,17.788,,W2
QSO_4.7197021-24.1603933,58648.6356955,18.374,0.447,W2
QSO_4.7197021-24.1603933,58648.63584150003,18.288,,W2
QSO_4.7197021-24.1603933,58648.70110350001,17.872,0.248,W2
QSO_4.7197021-24.1603933,58648.89721799998,18.676,0.531,W2
QSO_4.7197021-24.1603933,58649.158704000016,18.52,,W2
QSO_4.7197021-24.1603933,58649.28951999996,18.022,,W2
QSO_4.7197021-24.1603933,58810.71244899999,18.069,0.31,W2
QSO_4.7197021-24.1603933,58810.84311899999,18.542,0.373,W2
QSO_4.7197021-24.1603933,58810.97393500002,18.182,0.266,W2
QSO_4.7197021-24.1603933,58811.03923350004,17.980999999999998,0.521,W2
QSO_4.7197021-24.1603933,58811.235457500006,18.316,,W2
QSO_4.7197021-24.1603933,58811.3007195,18.553,0.446,W2
QSO_4.7197021-24.1603933,58811.69254700002,18.293,0.295,W2
QSO_4.7197021-24.1603933,59015.71369539998,17.916999999999998,,W2
QSO_4.7197021-24.1603933,59015.97578800001,17.705,0.316,W2
QSO_4.7197021-24.1603933,59016.04137520003,18.776,0.505,W2
QSO_4.7197021-24.1603933,59016.17240320004,18.248,0.44,W2
QSO_4.7197021-24.1603933,59016.368908599965,18.371,0.382,W2
QSO_4.7197021-24.1603933,59016.43449579999,18.224,,W2
QSO_4.7197021-24.1603933,59016.56556040001,18.06,,W2
QSO_4.7197021-24.1603933,59016.69658840002,18.009999999999998,0.311,W2
QSO_4.7197021-24.1603933,59175.49322799996,18.077,,W2
QSO_4.7197021-24.1603933,59175.6242926,17.474999999999998,,W2
QSO_4.7197021-24.1603933,59175.7553206,18.162,0.343,W2
QSO_4.7197021-24.1603933,59175.88638520003,17.823999999999998,0.352,W2
QSO_4.7197021-24.1603933,59178.50687200001,18.159,,W2
QSO_4.7197021-24.1603933,59178.63793659996,17.692999999999998,0.416,W2
QSO_4.7197021-24.1603933,59178.76896459996,17.556,,W2
QSO_4.7197021-24.1603933,59178.769111,17.631,0.383,W2
QSO_4.7197021-24.1603933,59178.90002919999,17.344,0.262,W2
QSO_4.7197021-24.1603933,59380.18626149996,18.446,,W2
QSO_4.7197021-24.1603933,59380.31682199997,17.96,0.347,W2
QSO_4.7197021-24.1603933,59380.839282999965,18.116,,W2
QSO_4.7197021-24.1603933,59381.035251499976,17.723,0.255,W2
QSO_4.7197021-24.1603933,59381.16595800001,18.639,0.498,W2
QSO_4.7197021-24.1603933,59542.43434600002,18.364,0.354,W2
QSO_4.7197021-24.1603933,59542.69557650002,18.12,0.346,W2
QSO_4.7197021-24.1603933,59543.08740399996,18.064,0.266,W2
QSO_4.7197021-24.1603933,59543.15266600003,17.846999999999998,0.286,W2
QSO_4.7197021-24.1603933,59543.283226500025,18.267,0.338,W2
QSO_4.7197021-24.1603933,59543.41393299997,18.481,0.404,W2
QSO_4.7197021-24.1603933,59744.44585900003,18.366,0.537,W2
QSO_4.7197021-24.1603933,59744.6414625,18.806,,W2
QSO_4.7197021-24.1603933,59744.70661499998,18.679,,W2
QSO_4.7197021-24.1603933,59744.70672449999,18.089,0.351,W2
QSO_4.7197021-24.1603933,59744.77187699997,18.58,0.491,W2
QSO_4.7197021-24.1603933,59744.90232799996,18.723,0.488,W2
QSO_4.7197021-24.1603933,59745.03263300001,18.232,,W2
QSO_4.7197021-24.1603933,59906.92283499999,18.063,0.382,W2
QSO_4.7197021-24.1603933,59906.98849849996,18.478,0.427,W2
QSO_4.7197021-24.1603933,59907.05354150002,18.446,0.401,W2
QSO_4.7197021-24.1603933,59907.18384649998,18.168,0.4,W2
QSO_4.7197021-24.1603933,59907.3140055,18.08,0.249,W2
QSO_4.7197021-24.1603933,59907.44431050004,17.820999999999998,0.267,W2
QSO_4.7197021-24.1603933,60110.90100449996,18.34,0.39,W2
QSO_4.7197021-24.1603933,60111.16033700003,17.877,0.332,W2
QSO_4.7197021-24.1603933,60111.225233999976,18.07,0.331,W2
QSO_4.7197021-24.1603933,60111.28998499997,18.523,0.426,W2
QSO_4.7197021-24.1603933,60111.354882,17.803,0.245,W2
QSO_4.7197021-24.1603933,60111.41966950002,18.268,0.456,W2
QSO_4.7197021-24.1603933,60111.48456649997,17.968,0.311,W2
QSO_4.7197021-24.1603933,60111.54935399999,18.7,0.486,W2
QSO_4.7197021-24.1603933,60111.61425100001,17.418,0.48,W2
QSO_4.7197021-24.1603933,60111.74389900004,18.051,,W2
QSO_4.7197021-24.1603933,60111.8735835,17.828,0.339,W2
QSO_4.7197021-24.1603933,60273.12248049999,18.377,0.352,W2
QSO_4.7197021-24.1603933,60273.63913800003,18.596,0.435,W2
QSO_4.7197021-24.1603933,60273.70363349999,18.222,0.468,W2
QSO_4.7197021-24.1603933,60273.768165499976,17.791999999999998,0.214,W2
QSO_4.7197021-24.1603933,60273.83280699996,18.141,0.358,W2
QSO_4.7197021-24.1603933,60273.961980500026,18.46,0.492,W2
QSO_4.7197021-24.1603933,60274.09111749997,18.339,0.389,W2
QSO_4.7197021-24.1603933,60475.44250420001,17.82,0.422,W2
QSO_4.7197021-24.1603933,60475.698850599976,17.492,0.393,W2
QSO_4.7197021-24.1603933,60475.89103719998,18.26,,W2
QSO_4.7197021-24.1603933,60475.955087200025,17.906,,W2
QSO_4.7863898-24.1075859,55362.357483000014,17.583,0.093,W1
QSO_4.7863898-24.1075859,55362.48968599999,17.465,0.082,W1
QSO_4.7863898-24.1075859,55362.621888999965,17.479,0.087,W1
QSO_4.7863898-24.1075859,55362.688063500005,17.395,0.083,W1
QSO_4.7863898-24.1075859,55362.75409200002,17.284,0.079,W1
QSO_4.7863898-24.1075859,55362.82015699998,17.362000000000002,0.086,W1
QSO_4.7863898-24.1075859,55362.820266499984,17.472,0.089,W1
QSO_4.7863898-24.1075859,55362.88633150002,17.523,0.085,W1
QSO_4.7863898-24.1075859,55362.95236000003,17.402,0.084,W1
QSO_4.7863898-24.1075859,55363.34900549999,17.293,0.075,W1
QSO_4.7863898-24.1075859,55539.780187000026,17.570999999999998,0.097,W1
QSO_4.7863898-24.1075859,55539.91224399996,17.451,0.089,W1
QSO_4.7863898-24.1075859,55539.91239,17.558999999999997,0.102,W1
QSO_4.7863898-24.1075859,55540.044483499965,17.384999999999998,0.08,W1
QSO_4.7863898-24.1075859,55540.11065800001,17.39,0.081,W1
QSO_4.7863898-24.1075859,55540.176686500025,17.233,0.069,W1
QSO_4.7863898-24.1075859,55540.24271500003,17.575,0.096,W1
QSO_4.7863898-24.1075859,55540.3088895,17.677999999999997,0.108,W1
QSO_4.7863898-24.1075859,55540.37495450003,17.435000000000002,0.088,W1
QSO_4.7863898-24.1075859,55540.77145400003,17.477,0.087,W1
QSO_4.7863898-24.1075859,55544.00973399999,17.402,0.087,W1
QSO_4.7863898-24.1075859,56640.030319999976,17.442999999999998,0.092,W1
QSO_4.7863898-24.1075859,56640.03042949997,17.503,0.145,W1
QSO_4.7863898-24.1075859,56640.096238999984,17.302999999999997,0.08,W1
QSO_4.7863898-24.1075859,56824.379045,17.469,0.087,W1
QSO_4.7863898-24.1075859,56824.51048150002,17.481,0.084,W1
QSO_4.7863898-24.1075859,56824.77353699998,17.395,0.083,W1
QSO_4.7863898-24.1075859,56827.73222699998,17.644,0.099,W1
QSO_4.7863898-24.1075859,56827.79789050004,17.491999999999997,0.092,W1
QSO_4.7863898-24.1075859,56827.86366350001,17.387,0.092,W1
QSO_4.7863898-24.1075859,56827.99513649998,17.75,0.138,W1
QSO_4.7863898-24.1075859,57004.87512200002,17.332,0.075,W1
QSO_4.7863898-24.1075859,57004.94078549999,17.383,0.108,W1
QSO_4.7863898-24.1075859,57005.07211250001,17.036,0.08,W1
QSO_4.7863898-24.1075859,57005.20354899996,17.514,0.103,W1
QSO_4.7863898-24.1075859,57005.33487599999,17.552999999999997,0.087,W1
QSO_4.7863898-24.1075859,57188.719714254905,17.369999999999997,0.079,W1
QSO_4.7863898-24.1075859,57189.24425577161,17.329,0.075,W1
QSO_4.7863898-24.1075859,57189.30977327363,17.456,0.084,W1
QSO_4.7863898-24.1075859,57189.30991927366,17.427999999999997,0.095,W1
QSO_4.7863898-24.1075859,57189.375436775765,17.561,0.087,W1
QSO_4.7863898-24.1075859,57189.57217178196,17.521,0.092,W1
QSO_4.7863898-24.1075859,57189.70324328611,17.497,0.102,W1
QSO_4.7863898-24.1075859,57189.83446079029,17.237000000000002,0.068,W1
QSO_4.7863898-24.1075859,57363.563577725086,17.375,0.076,W1
QSO_4.7863898-24.1075859,57363.62913172722,17.555,0.096,W1
QSO_4.7863898-24.1075859,57363.694649229314,17.344,0.084,W1
QSO_4.7863898-24.1075859,57363.95679223761,17.497999999999998,0.088,W1
QSO_4.7863898-24.1075859,57553.34478742869,17.548000000000002,0.095,W1
QSO_4.7863898-24.1075859,57553.541768634976,17.436999999999998,0.085,W1
QSO_4.7863898-24.1075859,57553.60735583699,17.333,0.1,W1
QSO_4.7863898-24.1075859,57553.73867664121,17.64,0.108,W1
QSO_4.7863898-24.1075859,57553.738786441216,17.41,0.086,W1
QSO_4.7863898-24.1075859,57553.93569444744,17.61,0.12,W1
QSO_4.7863898-24.1075859,57554.06697865155,17.348,0.13,W1
QSO_4.7863898-24.1075859,57723.25601060183,17.826,0.151,W1
QSO_4.7863898-24.1075859,57723.38729480602,17.409,0.081,W1
QSO_4.7863898-24.1075859,57723.51861561016,17.409,0.081,W1
QSO_4.7863898-24.1075859,57723.58420281225,17.354,0.09,W1
QSO_4.7863898-24.1075859,57723.64989981435,17.365000000000002,0.093,W1
QSO_4.7863898-24.1075859,57723.8468078205,17.473,0.086,W1
QSO_4.7863898-24.1075859,57917.80615999998,17.47,0.084,W1
QSO_4.7863898-24.1075859,57918.00238400003,17.310000000000002,0.078,W1
QSO_4.7863898-24.1075859,57918.002529999976,17.308999999999997,0.117,W1
QSO_4.7863898-24.1075859,57918.06793799999,17.737000000000002,0.135,W1
QSO_4.7863898-24.1075859,57918.13334600001,17.395,0.08,W1
QSO_4.7863898-24.1075859,57918.19875400003,17.353,0.08,W1
QSO_4.7863898-24.1075859,57918.32956999998,17.195,0.088,W1
QSO_4.7863898-24.1075859,57918.65671949999,17.323,0.077,W1
QSO_4.7863898-24.1075859,58083.61069500001,17.502000000000002,0.094,W1
QSO_4.7863898-24.1075859,58083.74151099997,17.43,0.107,W1
QSO_4.7863898-24.1075859,58084.06866049997,17.391,0.093,W1
QSO_4.7863898-24.1075859,58084.13406849999,17.597,0.098,W1
QSO_4.7863898-24.1075859,58084.33029250004,17.436,0.086,W1
QSO_4.7863898-24.1075859,58084.46110849999,17.541,0.09,W1
QSO_4.7863898-24.1075859,58084.591924500026,17.349,0.078,W1
QSO_4.7863898-24.1075859,58086.35815950001,17.514,0.1,W1
QSO_4.7863898-24.1075859,58086.48912149999,17.472,0.116,W1
QSO_4.7863898-24.1075859,58087.07775700004,17.386,0.08,W1
QSO_4.7863898-24.1075859,58087.47035100001,17.603,0.162,W1
QSO_4.7863898-24.1075859,58284.83446500004,17.38,0.075,W1
QSO_4.7863898-24.1075859,58284.89987299997,17.4,0.142,W1
QSO_4.7863898-24.1075859,58285.03057950001,17.533,0.11,W1
QSO_4.7863898-24.1075859,58285.16139549996,17.499000000000002,0.085,W1
QSO_4.7863898-24.1075859,58285.488399000016,17.286,0.08,W1
QSO_4.7863898-24.1075859,58446.83387500001,17.442,0.087,W1
QSO_4.7863898-24.1075859,58446.96458149996,17.467,0.089,W1
QSO_4.7863898-24.1075859,58447.16080550001,17.313000000000002,0.072,W1
QSO_4.7863898-24.1075859,58447.35688350003,17.392,0.078,W1
QSO_4.7863898-24.1075859,58447.35702949998,17.445,0.093,W1
QSO_4.7863898-24.1075859,58447.42229149997,17.375,0.097,W1
QSO_4.7863898-24.1075859,58447.5531075,17.23,0.074,W1
QSO_4.7863898-24.1075859,58648.43961749997,17.545,0.09,W1
QSO_4.7863898-24.1075859,58648.57043350001,17.605,0.095,W1
QSO_4.7863898-24.1075859,58648.70110350001,17.359,0.093,W1
QSO_4.7863898-24.1075859,58648.89721799998,17.416,0.086,W1
QSO_4.7863898-24.1075859,58649.158704000016,17.445999999999998,0.084,W1
QSO_4.7863898-24.1075859,58649.4202265,17.453,0.097,W1
QSO_4.7863898-24.1075859,58810.71244899999,17.407,0.08,W1
QSO_4.7863898-24.1075859,58810.84311899999,17.399,0.084,W1
QSO_4.7863898-24.1075859,58810.97393500002,17.344,0.078,W1
QSO_4.7863898-24.1075859,58811.03923350004,17.445999999999998,0.095,W1
QSO_4.7863898-24.1075859,58811.235457500006,17.582,0.105,W1
QSO_4.7863898-24.1075859,58811.3007195,17.413,0.082,W1
QSO_4.7863898-24.1075859,58811.69254700002,17.433999999999997,0.078,W1
QSO_4.7863898-24.1075859,59015.71369539998,17.429000000000002,0.084,W1
QSO_4.7863898-24.1075859,59015.97578800001,17.325,0.082,W1
QSO_4.7863898-24.1075859,59016.17240320004,17.558,0.091,W1
QSO_4.7863898-24.1075859,59016.368908599965,17.378,0.086,W1
QSO_4.7863898-24.1075859,59016.43449579999,17.581,0.092,W1
QSO_4.7863898-24.1075859,59016.56556040001,17.63,0.101,W1
QSO_4.7863898-24.1075859,59016.69658840002,17.212,0.087,W1
QSO_4.7863898-24.1075859,59175.49322799996,17.435000000000002,0.092,W1
QSO_4.7863898-24.1075859,59175.6242926,17.323,0.088,W1
QSO_4.7863898-24.1075859,59175.7553206,17.48,0.097,W1
QSO_4.7863898-24.1075859,59175.88638520003,17.326999999999998,0.088,W1
QSO_4.7863898-24.1075859,59178.50687200001,17.494999999999997,0.11,W1
QSO_4.7863898-24.1075859,59178.63793659996,17.311999999999998,0.14,W1
QSO_4.7863898-24.1075859,59178.76896459996,17.36,0.098,W1
QSO_4.7863898-24.1075859,59178.769111,17.473,0.098,W1
QSO_4.7863898-24.1075859,59380.31682199997,17.512,0.095,W1
QSO_4.7863898-24.1075859,59380.839282999965,17.29,0.075,W1
QSO_4.7863898-24.1075859,59381.035251499976,17.63,0.098,W1
QSO_4.7863898-24.1075859,59381.16595800001,17.402,0.077,W1
QSO_4.7863898-24.1075859,59381.29651850001,17.656,0.106,W1
QSO_4.7863898-24.1075859,59542.69557650002,17.841,0.17,W1
QSO_4.7863898-24.1075859,59543.08740399996,17.488,0.082,W1
QSO_4.7863898-24.1075859,59543.15266600003,17.471,0.177,W1
QSO_4.7863898-24.1075859,59543.283226500025,17.447,0.083,W1
QSO_4.7863898-24.1075859,59543.41393299997,17.512,0.09,W1
QSO_4.7863898-24.1075859,59543.544493499976,17.34,0.072,W1
QSO_4.7863898-24.1075859,59744.18499349999,17.381,0.082,W1
QSO_4.7863898-24.1075859,59744.44585900003,17.326999999999998,0.08,W1
QSO_4.7863898-24.1075859,59744.6414625,17.582,0.092,W1
QSO_4.7863898-24.1075859,59744.70661499998,17.596,0.13,W1
QSO_4.7863898-24.1075859,59744.70672449999,17.274,0.082,W1
QSO_4.7863898-24.1075859,59744.77187699997,17.387999999999998,0.091,W1
QSO_4.7863898-24.1075859,59744.90232799996,17.445999999999998,0.114,W1
QSO_4.7863898-24.1075859,59745.03263300001,17.546,0.089,W1
QSO_4.7863898-24.1075859,59745.16304749997,17.561,0.116,W1
QSO_4.7863898-24.1075859,59906.92283499999,17.412,0.079,W1
QSO_4.7863898-24.1075859,59906.98849849996,17.628,0.11,W1
QSO_4.7863898-24.1075859,59907.05354150002,17.317,0.09,W1
QSO_4.7863898-24.1075859,59907.118694,17.500999999999998,0.096,W1
QSO_4.7863898-24.1075859,59907.18384649998,17.384,0.081,W1
QSO_4.7863898-24.1075859,59907.3140055,17.491,0.083,W1
QSO_4.7863898-24.1075859,59907.44431050004,17.174,0.1,W1
QSO_4.7863898-24.1075859,60110.90100449996,17.545,0.109,W1
QSO_4.7863898-24.1075859,60111.16033700003,18.514,0.223,W1
QSO_4.7863898-24.1075859,60111.28998499997,17.461,0.105,W1
QSO_4.7863898-24.1075859,60111.354882,17.371000000000002,0.1,W1
QSO_4.7863898-24.1075859,60111.41966950002,17.582,0.122,W1
QSO_4.7863898-24.1075859,60111.48456649997,17.465,0.086,W1
QSO_4.7863898-24.1075859,60111.54935399999,17.53,0.109,W1
QSO_4.7863898-24.1075859,60111.61425100001,17.384999999999998,0.083,W1
QSO_4.7863898-24.1075859,60111.74389900004,17.429000000000002,0.087,W1
QSO_4.7863898-24.1075859,60111.8735835,17.429000000000002,0.101,W1
QSO_4.7863898-24.1075859,60273.63913800003,17.438000000000002,0.085,W1
QSO_4.7863898-24.1075859,60273.70363349999,17.453,0.101,W1
QSO_4.7863898-24.1075859,60273.768165499976,17.375999999999998,0.097,W1
QSO_4.7863898-24.1075859,60273.83280699996,17.564999999999998,0.095,W1
QSO_4.7863898-24.1075859,60273.961980500026,17.511,0.086,W1
QSO_4.7863898-24.1075859,60274.09111749997,17.307000000000002,0.096,W1
QSO_4.7863898-24.1075859,60274.220291000034,17.448999999999998,0.084,W1
QSO_4.7863898-24.1075859,60475.44250420001,17.500999999999998,0.102,W1
QSO_4.7863898-24.1075859,60475.698850599976,17.326,0.1,W1
QSO_4.7863898-24.1075859,60475.89103719998,17.471,0.113,W1
QSO_4.7863898-24.1075859,60475.955087200025,17.396,0.127,W1
QSO_4.7863898-24.1075859,55362.357483000014,18.225,0.281,W2
QSO_4.7863898-24.1075859,55362.48968599999,17.876,0.213,W2
QSO_4.7863898-24.1075859,55362.621888999965,18.115,0.27,W2
QSO_4.7863898-24.1075859,55362.688063500005,18.602,0.434,W2
QSO_4.7863898-24.1075859,55362.75409200002,18.136,0.263,W2
QSO_4.7863898-24.1075859,55362.82015699998,18.1,0.235,W2
QSO_4.7863898-24.1075859,55362.820266499984,17.905,0.205,W2
QSO_4.7863898-24.1075859,55362.88633150002,18.008,0.302,W2
QSO_4.7863898-24.1075859,55362.95236000003,17.8,0.177,W2
QSO_4.7863898-24.1075859,55363.34900549999,18.243,0.265,W2
QSO_4.7863898-24.1075859,55539.780187000026,18.19,0.266,W2
QSO_4.7863898-24.1075859,55539.91224399996,18.268,0.319,W2
QSO_4.7863898-24.1075859,55539.91239,18.152,0.261,W2
QSO_4.7863898-24.1075859,55540.044483499965,18.662,0.411,W2
QSO_4.7863898-24.1075859,55540.11065800001,18.168,0.274,W2
QSO_4.7863898-24.1075859,55540.176686500025,18.116,0.26,W2
QSO_4.7863898-24.1075859,55540.24271500003,17.94,0.242,W2
QSO_4.7863898-24.1075859,55540.3088895,18.128,0.254,W2
QSO_4.7863898-24.1075859,55540.37495450003,18.076,0.247,W2
QSO_4.7863898-24.1075859,55540.77145400003,18.936,0.54,W2
QSO_4.7863898-24.1075859,55544.00973399999,18.244,0.341,W2
QSO_4.7863898-24.1075859,56640.030319999976,18.221,0.45,W2
QSO_4.7863898-24.1075859,56640.03042949997,17.625,0.197,W2
QSO_4.7863898-24.1075859,56640.096238999984,17.996,0.333,W2
QSO_4.7863898-24.1075859,56824.379045,18.679,0.498,W2
QSO_4.7863898-24.1075859,56824.51048150002,18.12,0.278,W2
QSO_4.7863898-24.1075859,56824.77353699998,18.121,0.347,W2
QSO_4.7863898-24.1075859,56827.73222699998,18.571,0.515,W2
QSO_4.7863898-24.1075859,56827.79789050004,18.573,0.485,W2
QSO_4.7863898-24.1075859,56827.86366350001,18.411,0.529,W2
QSO_4.7863898-24.1075859,56827.99513649998,17.74,0.227,W2
QSO_4.7863898-24.1075859,57004.87512200002,18.107,0.255,W2
QSO_4.7863898-24.1075859,57004.94078549999,17.912,0.398,W2
QSO_4.7863898-24.1075859,57005.07211250001,17.73,0.225,W2
QSO_4.7863898-24.1075859,57005.20354899996,18.59,0.479,W2
QSO_4.7863898-24.1075859,57005.33487599999,17.921,0.232,W2
QSO_4.7863898-24.1075859,57188.719714254905,18.036,0.266,W2
QSO_4.7863898-24.1075859,57189.24425577161,18.373,0.469,W2
QSO_4.7863898-24.1075859,57189.30977327363,17.864,0.248,W2
QSO_4.7863898-24.1075859,57189.30991927366,17.966,0.257,W2
QSO_4.7863898-24.1075859,57189.375436775765,17.939,0.244,W2
QSO_4.7863898-24.1075859,57189.57217178196,18.484,0.379,W2
QSO_4.7863898-24.1075859,57189.70324328611,18.372,0.324,W2
QSO_4.7863898-24.1075859,57189.83446079029,18.389,0.33,W2
QSO_4.7863898-24.1075859,57363.563577725086,17.871,0.221,W2
QSO_4.7863898-24.1075859,57363.62913172722,18.105,0.314,W2
QSO_4.7863898-24.1075859,57363.694649229314,18.497,,W2
QSO_4.7863898-24.1075859,57363.95679223761,17.628999999999998,0.258,W2
QSO_4.7863898-24.1075859,57553.34478742869,18.51,0.466,W2
QSO_4.7863898-24.1075859,57553.541768634976,18.238,0.309,W2
QSO_4.7863898-24.1075859,57553.60735583699,18.0,,W2
QSO_4.7863898-24.1075859,57553.73867664121,18.526,0.446,W2
QSO_4.7863898-24.1075859,57553.738786441216,18.339,0.37,W2
QSO_4.7863898-24.1075859,57553.93569444744,17.826,0.327,W2
QSO_4.7863898-24.1075859,57554.06697865155,17.925,0.276,W2
QSO_4.7863898-24.1075859,57723.25601060183,18.043,0.316,W2
QSO_4.7863898-24.1075859,57723.38729480602,17.745,0.224,W2
QSO_4.7863898-24.1075859,57723.51861561016,17.837,0.244,W2
QSO_4.7863898-24.1075859,57723.58420281225,17.521,,W2
QSO_4.7863898-24.1075859,57723.64989981435,17.9,0.227,W2
QSO_4.7863898-24.1075859,57723.8468078205,18.174,0.284,W2
QSO_4.7863898-24.1075859,57917.80615999998,18.184,0.5,W2
QSO_4.7863898-24.1075859,57918.00238400003,17.711,,W2
QSO_4.7863898-24.1075859,57918.002529999976,18.022,0.259,W2
QSO_4.7863898-24.1075859,57918.06793799999,17.758,,W2
QSO_4.7863898-24.1075859,57918.13334600001,18.758,0.539,W2
QSO_4.7863898-24.1075859,57918.19875400003,18.082,,W2
QSO_4.7863898-24.1075859,57918.32956999998,17.966,,W2
QSO_4.7863898-24.1075859,57918.65671949999,18.67,0.506,W2
QSO_4.7863898-24.1075859,58083.61069500001,17.862,,W2
QSO_4.7863898-24.1075859,58083.74151099997,17.881999999999998,0.289,W2
QSO_4.7863898-24.1075859,58084.06866049997,18.145,0.431,W2
QSO_4.7863898-24.1075859,58084.13406849999,17.811,0.273,W2
QSO_4.7863898-24.1075859,58084.33029250004,18.011,,W2
QSO_4.7863898-24.1075859,58084.46110849999,18.282,0.503,W2
QSO_4.7863898-24.1075859,58084.591924500026,17.864,,W2
QSO_4.7863898-24.1075859,58086.35815950001,17.486,,W2
QSO_4.7863898-24.1075859,58086.48912149999,17.794,0.331,W2
QSO_4.7863898-24.1075859,58087.07775700004,17.499,,W2
QSO_4.7863898-24.1075859,58087.47035100001,17.404,,W2
QSO_4.7863898-24.1075859,58284.83446500004,18.25,0.304,W2
QSO_4.7863898-24.1075859,58284.89987299997,17.618,0.314,W2
QSO_4.7863898-24.1075859,58285.03057950001,18.096,,W2
QSO_4.7863898-24.1075859,58285.16139549996,18.427,0.366,W2
QSO_4.7863898-24.1075859,58285.488399000016,18.26,0.319,W2
QSO_4.7863898-24.1075859,58446.83387500001,17.913999999999998,0.259,W2
QSO_4.7863898-24.1075859,58446.96458149996,18.196,0.401,W2
QSO_4.7863898-24.1075859,58447.16080550001,18.009,0.268,W2
QSO_4.7863898-24.1075859,58447.35688350003,18.027,0.249,W2
QSO_4.7863898-24.1075859,58447.35702949998,18.172,0.294,W2
QSO_4.7863898-24.1075859,58447.42229149997,18.42,0.428,W2
QSO_4.7863898-24.1075859,58447.5531075,18.255,0.462,W2
QSO_4.7863898-24.1075859,58648.43961749997,17.864,0.407,W2
QSO_4.7863898-24.1075859,58648.57043350001,18.696,0.489,W2
QSO_4.7863898-24.1075859,58648.70110350001,17.777,0.261,W2
QSO_4.7863898-24.1075859,58648.89721799998,18.607,0.512,W2
QSO_4.7863898-24.1075859,58649.158704000016,17.873,,W2
QSO_4.7863898-24.1075859,58649.4202265,18.024,,W2
QSO_4.7863898-24.1075859,58810.71244899999,17.99,0.362,W2
QSO_4.7863898-24.1075859,58810.84311899999,18.259,0.372,W2
QSO_4.7863898-24.1075859,58810.97393500002,17.777,0.262,W2
QSO_4.7863898-24.1075859,58811.03923350004,17.955,0.242,W2
QSO_4.7863898-24.1075859,58811.235457500006,18.664,0.432,W2
QSO_4.7863898-24.1075859,58811.3007195,17.788,0.315,W2
QSO_4.7863898-24.1075859,58811.69254700002,18.243,0.424,W2
QSO_4.7863898-24.1075859,59015.71369539998,17.93,0.28,W2
QSO_4.7863898-24.1075859,59015.97578800001,18.59,0.432,W2
QSO_4.7863898-24.1075859,59016.17240320004,18.003999999999998,0.31,W2
QSO_4.7863898-24.1075859,59016.368908599965,14.666,0.043,W2
QSO_4.7863898-24.1075859,59016.43449579999,18.292,0.508,W2
QSO_4.7863898-24.1075859,59016.56556040001,18.035,,W2
QSO_4.7863898-24.1075859,59016.69658840002,18.084,0.382,W2
QSO_4.7863898-24.1075859,59175.49322799996,18.491,0.414,W2
QSO_4.7863898-24.1075859,59175.6242926,17.767,0.25,W2
QSO_4.7863898-24.1075859,59175.7553206,17.829,,W2
QSO_4.7863898-24.1075859,59175.88638520003,18.131,0.44,W2
QSO_4.7863898-24.1075859,59178.50687200001,17.858999999999998,,W2
QSO_4.7863898-24.1075859,59178.63793659996,17.588,,W2
QSO_4.7863898-24.1075859,59178.76896459996,17.459,,W2
QSO_4.7863898-24.1075859,59178.769111,18.019,,W2
QSO_4.7863898-24.1075859,59380.31682199997,17.983999999999998,0.294,W2
QSO_4.7863898-24.1075859,59380.839282999965,17.756999999999998,0.307,W2
QSO_4.7863898-24.1075859,59381.035251499976,18.003,,W2
QSO_4.7863898-24.1075859,59381.16595800001,17.891,,W2
QSO_4.7863898-24.1075859,59381.29651850001,17.745,0.371,W2
QSO_4.7863898-24.1075859,59542.69557650002,18.097,0.315,W2
QSO_4.7863898-24.1075859,59543.08740399996,18.233,,W2
QSO_4.7863898-24.1075859,59543.15266600003,18.325,0.342,W2
QSO_4.7863898-24.1075859,59543.283226500025,18.043,0.34,W2
QSO_4.7863898-24.1075859,59543.41393299997,18.174,0.312,W2
QSO_4.7863898-24.1075859,59543.544493499976,18.146,,W2
QSO_4.7863898-24.1075859,59744.18499349999,18.067,0.3,W2
QSO_4.7863898-24.1075859,59744.44585900003,18.003,,W2
QSO_4.7863898-24.1075859,59744.6414625,18.131,0.361,W2
QSO_4.7863898-24.1075859,59744.70661499998,17.54,0.226,W2
QSO_4.7863898-24.1075859,59744.70672449999,18.09,0.331,W2
QSO_4.7863898-24.1075859,59744.77187699997,18.227,0.363,W2
QSO_4.7863898-24.1075859,59744.90232799996,18.166,,W2
QSO_4.7863898-24.1075859,59745.03263300001,17.819,0.314,W2
QSO_4.7863898-24.1075859,59745.16304749997,17.781,0.214,W2
QSO_4.7863898-24.1075859,59906.92283499999,18.212,0.404,W2
QSO_4.7863898-24.1075859,59906.98849849996,18.067,0.246,W2
QSO_4.7863898-24.1075859,59907.05354150002,17.997,0.242,W2
QSO_4.7863898-24.1075859,59907.118694,18.129,0.282,W2
QSO_4.7863898-24.1075859,59907.18384649998,18.203,0.372,W2
QSO_4.7863898-24.1075859,59907.3140055,18.332,0.373,W2
QSO_4.7863898-24.1075859,59907.44431050004,18.392,0.463,W2
QSO_4.7863898-24.1075859,60110.90100449996,17.926,0.261,W2
QSO_4.7863898-24.1075859,60111.16033700003,17.838,0.337,W2
QSO_4.7863898-24.1075859,60111.28998499997,17.758,,W2
QSO_4.7863898-24.1075859,60111.354882,17.892,,W2
QSO_4.7863898-24.1075859,60111.41966950002,18.205,0.353,W2
QSO_4.7863898-24.1075859,60111.48456649997,17.855999999999998,,W2
QSO_4.7863898-24.1075859,60111.54935399999,18.467,0.514,W2
QSO_4.7863898-24.1075859,60111.61425100001,18.075,0.326,W2
QSO_4.7863898-24.1075859,60111.74389900004,18.32,0.377,W2
QSO_4.7863898-24.1075859,60111.8735835,18.117,0.312,W2
QSO_4.7863898-24.1075859,60273.63913800003,18.732,0.504,W2
QSO_4.7863898-24.1075859,60273.70363349999,18.065,0.281,W2
QSO_4.7863898-24.1075859,60273.768165499976,18.62,0.446,W2
QSO_4.7863898-24.1075859,60273.83280699996,17.418,,W2
QSO_4.7863898-24.1075859,60273.961980500026,17.839,0.286,W2
QSO_4.7863898-24.1075859,60274.09111749997,18.11,0.289,W2
QSO_4.7863898-24.1075859,60274.220291000034,17.928,0.268,W2
QSO_4.7863898-24.1075859,60475.44250420001,17.724999999999998,,W2
QSO_4.7863898-24.1075859,60475.698850599976,18.019,,W2
QSO_4.7863898-24.1075859,60475.89103719998,17.77,,W2
QSO_4.7863898-24.1075859,60475.955087200025,17.691,,W2
QSO_4.9095062-24.3798791,55362.35759250002,17.554000000000002,0.09,W1
QSO_4.9095062-24.3798791,55362.4897955,17.567,0.085,W1
QSO_4.9095062-24.3798791,55362.621888999965,17.682000000000002,0.104,W1
QSO_4.9095062-24.3798791,55362.62203499999,17.775,0.105,W1
QSO_4.9095062-24.3798791,55362.688063500005,17.862000000000002,0.113,W1
QSO_4.9095062-24.3798791,55362.75409200002,17.609,0.098,W1
QSO_4.9095062-24.3798791,55362.75423799997,17.591,0.09,W1
QSO_4.9095062-24.3798791,55362.820266499984,17.654,0.092,W1
QSO_4.9095062-24.3798791,55362.88633150002,17.609,0.095,W1
QSO_4.9095062-24.3798791,55362.95250599999,17.884,0.128,W1
QSO_4.9095062-24.3798791,55363.34911499999,17.85,0.113,W1
QSO_4.9095062-24.3798791,55539.78004099999,17.61,0.104,W1
QSO_4.9095062-24.3798791,55539.91224399996,17.725,0.108,W1
QSO_4.9095062-24.3798791,55540.044483499965,17.791,0.122,W1
QSO_4.9095062-24.3798791,55540.11051199998,17.826,0.114,W1
QSO_4.9095062-24.3798791,55540.17654049999,17.578,0.093,W1
QSO_4.9095062-24.3798791,55540.176686500025,17.502000000000002,0.086,W1
QSO_4.9095062-24.3798791,55540.24271500003,17.814999999999998,0.117,W1
QSO_4.9095062-24.3798791,55540.30877999999,17.773,0.111,W1
QSO_4.9095062-24.3798791,55540.37495450003,17.746000000000002,0.108,W1
QSO_4.9095062-24.3798791,55540.77145400003,17.96,0.183,W1
QSO_4.9095062-24.3798791,55544.00973399999,17.732,0.111,W1
QSO_4.9095062-24.3798791,56640.030319999976,17.766,0.111,W1
QSO_4.9095062-24.3798791,56640.096238999984,17.967,0.235,W1
QSO_4.9095062-24.3798791,56824.379045,17.613,0.096,W1
QSO_4.9095062-24.3798791,56824.51062749997,17.663,0.113,W1
QSO_4.9095062-24.3798791,56824.77353699998,17.479,0.102,W1
QSO_4.9095062-24.3798791,56827.73222699998,17.581,0.092,W1
QSO_4.9095062-24.3798791,56827.86366350001,17.947,0.121,W1
QSO_4.9095062-24.3798791,56827.86380950004,17.548000000000002,0.084,W1
QSO_4.9095062-24.3798791,56827.995245999984,17.529,0.108,W1
QSO_4.9095062-24.3798791,57004.21826799997,17.583,0.108,W1
QSO_4.9095062-24.3798791,57004.80934900004,17.453,0.116,W1
QSO_4.9095062-24.3798791,57004.87512200002,17.680999999999997,0.107,W1
QSO_4.9095062-24.3798791,57004.94078549999,17.618000000000002,0.087,W1
QSO_4.9095062-24.3798791,57005.07211250001,17.477,0.086,W1
QSO_4.9095062-24.3798791,57005.20343950004,17.82,0.116,W1
QSO_4.9095062-24.3798791,57005.33476649998,17.527,0.089,W1
QSO_4.9095062-24.3798791,57005.33487599999,17.407,0.118,W1
QSO_4.9095062-24.3798791,57188.71986025494,17.753999999999998,0.133,W1
QSO_4.9095062-24.3798791,57189.24436527154,17.603,0.094,W1
QSO_4.9095062-24.3798791,57189.30991927366,17.624000000000002,0.094,W1
QSO_4.9095062-24.3798791,57189.375436775765,17.472,0.098,W1
QSO_4.9095062-24.3798791,57189.44110027781,17.542,0.103,W1
QSO_4.9095062-24.3798791,57189.57217178196,17.403,0.107,W1
QSO_4.9095062-24.3798791,57189.70324328611,17.958,0.174,W1
QSO_4.9095062-24.3798791,57189.703389286144,17.82,0.147,W1
QSO_4.9095062-24.3798791,57189.83446079029,17.665,0.091,W1
QSO_4.9095062-24.3798791,57363.563577725086,17.868000000000002,0.114,W1
QSO_4.9095062-24.3798791,57363.62913172722,17.71,0.101,W1
QSO_4.9095062-24.3798791,57363.69453972931,17.801000000000002,0.11,W1
QSO_4.9095062-24.3798791,57363.694649229314,17.652,0.105,W1
QSO_4.9095062-24.3798791,57363.76005723133,17.704,0.095,W1
QSO_4.9095062-24.3798791,57364.21878924594,17.631,0.088,W1
QSO_4.9095062-24.3798791,57553.08229222045,17.490000000000002,0.106,W1
QSO_4.9095062-24.3798791,57553.34489722869,17.674,0.113,W1
QSO_4.9095062-24.3798791,57553.541768634976,17.682000000000002,0.109,W1
QSO_4.9095062-24.3798791,57553.738786441216,17.707,0.097,W1
QSO_4.9095062-24.3798791,57553.93569444744,18.083,0.14,W1
QSO_4.9095062-24.3798791,57554.06697865155,17.762999999999998,0.163,W1
QSO_4.9095062-24.3798791,57723.25601060183,17.615000000000002,0.128,W1
QSO_4.9095062-24.3798791,57723.38729480602,17.756999999999998,0.112,W1
QSO_4.9095062-24.3798791,57723.51846921012,17.493000000000002,0.084,W1
QSO_4.9095062-24.3798791,57723.58420281225,17.578,0.091,W1
QSO_4.9095062-24.3798791,57723.64979001434,17.612000000000002,0.098,W1
QSO_4.9095062-24.3798791,57723.84666142054,17.71,0.098,W1
QSO_4.9095062-24.3798791,57917.80615999998,17.643,0.12,W1
QSO_4.9095062-24.3798791,57917.806306000006,17.759,0.102,W1
QSO_4.9095062-24.3798791,57917.93712199996,17.662,0.116,W1
QSO_4.9095062-24.3798791,57918.002529999976,17.829,0.11,W1
QSO_4.9095062-24.3798791,57918.06793799999,17.715,0.108,W1
QSO_4.9095062-24.3798791,57918.13334600001,17.582,0.112,W1
QSO_4.9095062-24.3798791,57918.19875400003,17.598,0.099,W1
QSO_4.9095062-24.3798791,57918.26427149997,17.686,0.12,W1
QSO_4.9095062-24.3798791,57918.329679499984,17.634,0.088,W1
QSO_4.9095062-24.3798791,57918.3950875,17.711,0.101,W1
QSO_4.9095062-24.3798791,57918.65671949999,17.697,0.122,W1
QSO_4.9095062-24.3798791,58083.47987899998,17.735,0.097,W1
QSO_4.9095062-24.3798791,58083.61069500001,17.564,0.099,W1
QSO_4.9095062-24.3798791,58083.74151099997,17.781,0.168,W1
QSO_4.9095062-24.3798791,58084.133958999984,17.641,0.094,W1
QSO_4.9095062-24.3798791,58084.199367,17.369,0.098,W1
QSO_4.9095062-24.3798791,58084.33029250004,17.641,0.118,W1
QSO_4.9095062-24.3798791,58084.46110849999,17.597,0.093,W1
QSO_4.9095062-24.3798791,58084.591924500026,17.516,0.093,W1
QSO_4.9095062-24.3798791,58086.35815950001,17.842,0.132,W1
QSO_4.9095062-24.3798791,58086.6197915,17.561999999999998,0.12,W1
QSO_4.9095062-24.3798791,58086.75060750003,17.573,0.161,W1
QSO_4.9095062-24.3798791,58087.07775700004,17.717,0.156,W1
QSO_4.9095062-24.3798791,58284.50757099999,17.729,0.104,W1
QSO_4.9095062-24.3798791,58284.83446500004,17.451,0.081,W1
QSO_4.9095062-24.3798791,58284.89987299997,17.967,0.181,W1
QSO_4.9095062-24.3798791,58285.09609700003,17.728,0.101,W1
QSO_4.9095062-24.3798791,58285.488399000016,17.975,0.137,W1
QSO_4.9095062-24.3798791,58446.83376550001,17.57,0.129,W1
QSO_4.9095062-24.3798791,58446.96458149996,17.802999999999997,0.106,W1
QSO_4.9095062-24.3798791,58447.16065949998,17.692,0.098,W1
QSO_4.9095062-24.3798791,58447.16080550001,17.613,0.092,W1
QSO_4.9095062-24.3798791,58447.29147550002,17.563000000000002,0.097,W1
QSO_4.9095062-24.3798791,58447.35688350003,17.718,0.102,W1
QSO_4.9095062-24.3798791,58447.42229149997,17.618000000000002,0.089,W1
QSO_4.9095062-24.3798791,58447.5531075,17.676000000000002,0.098,W1
QSO_4.9095062-24.3798791,58648.439763500006,17.82,0.115,W1
QSO_4.9095062-24.3798791,58648.57043350001,17.718,0.1,W1
QSO_4.9095062-24.3798791,58648.70124949996,17.503999999999998,0.109,W1
QSO_4.9095062-24.3798791,58648.89732749998,17.589,0.089,W1
QSO_4.9095062-24.3798791,58649.15884999996,17.674,0.1,W1
QSO_4.9095062-24.3798791,58649.28951999996,17.671,0.099,W1
QSO_4.9095062-24.3798791,58649.4202265,17.843,0.11,W1
QSO_4.9095062-24.3798791,58810.84311899999,17.791,0.104,W1
QSO_4.9095062-24.3798791,58810.97382550003,17.658,0.103,W1
QSO_4.9095062-24.3798791,58811.03923350004,17.496000000000002,0.079,W1
QSO_4.9095062-24.3798791,58811.16990349996,17.499000000000002,0.129,W1
QSO_4.9095062-24.3798791,58811.3007195,17.79,0.14,W1
QSO_4.9095062-24.3798791,58811.69240099999,17.764,0.102,W1
QSO_4.9095062-24.3798791,59015.71369539998,17.688000000000002,0.135,W1
QSO_4.9095062-24.3798791,59015.97578800001,18.162,0.149,W1
QSO_4.9095062-24.3798791,59015.97593439996,17.857,0.112,W1
QSO_4.9095062-24.3798791,59016.106962399965,17.625,0.106,W1
QSO_4.9095062-24.3798791,59016.17240320004,17.644,0.093,W1
QSO_4.9095062-24.3798791,59016.43449579999,17.701999999999998,0.133,W1
QSO_4.9095062-24.3798791,59016.56556040001,17.505,0.089,W1
QSO_4.9095062-24.3798791,59016.69658840002,17.557000000000002,0.11,W1
QSO_4.9095062-24.3798791,59016.82776279997,17.716,0.1,W1
QSO_4.9095062-24.3798791,59175.49322799996,17.704,0.094,W1
QSO_4.9095062-24.3798791,59175.6242926,17.615000000000002,0.103,W1
QSO_4.9095062-24.3798791,59175.7553206,17.633,0.091,W1
QSO_4.9095062-24.3798791,59175.88638520003,17.549,0.109,W1
QSO_4.9095062-24.3798791,59178.50687200001,17.714,0.11,W1
QSO_4.9095062-24.3798791,59178.63793659996,17.71,0.108,W1
QSO_4.9095062-24.3798791,59178.76896459996,17.637,0.112,W1
QSO_4.9095062-24.3798791,59178.90002919999,17.578,0.123,W1
QSO_4.9095062-24.3798791,59380.18626149996,17.802,0.12,W1
QSO_4.9095062-24.3798791,59380.31682199997,17.607,0.118,W1
QSO_4.9095062-24.3798791,59380.83942899999,17.733,0.106,W1
QSO_4.9095062-24.3798791,59381.035251499976,17.765,0.142,W1
QSO_4.9095062-24.3798791,59381.03539750001,17.797,0.171,W1
QSO_4.9095062-24.3798791,59381.16595800001,17.784,0.116,W1
QSO_4.9095062-24.3798791,59381.29662800001,17.683999999999997,0.099,W1
QSO_4.9095062-24.3798791,59542.56490650002,17.837,0.157,W1
QSO_4.9095062-24.3798791,59542.69557650002,17.902,0.124,W1
QSO_4.9095062-24.3798791,59543.08740399996,17.878999999999998,0.129,W1
QSO_4.9095062-24.3798791,59543.15266600003,17.654,0.098,W1
QSO_4.9095062-24.3798791,59543.283226500025,17.685000000000002,0.11,W1
QSO_4.9095062-24.3798791,59543.41378700003,17.77,0.1,W1
QSO_4.9095062-24.3798791,59543.54434750003,17.642,0.095,W1
QSO_4.9095062-24.3798791,59543.544493499976,17.683999999999997,0.199,W1
QSO_4.9095062-24.3798791,59744.44585900003,17.983,0.171,W1
QSO_4.9095062-24.3798791,59744.6414625,17.488999999999997,0.098,W1
QSO_4.9095062-24.3798791,59744.70672449999,17.723,0.114,W1
QSO_4.9095062-24.3798791,59744.77187699997,17.713,0.105,W1
QSO_4.9095062-24.3798791,59744.90232799996,17.802,0.113,W1
QSO_4.9095062-24.3798791,59745.032742500014,17.435000000000002,0.093,W1
QSO_4.9095062-24.3798791,59745.16304749997,17.776,0.122,W1
QSO_4.9095062-24.3798791,59745.1631935,17.506999999999998,0.083,W1
QSO_4.9095062-24.3798791,59906.92283499999,17.53,0.099,W1
QSO_4.9095062-24.3798791,59906.98838900004,17.633,0.093,W1
QSO_4.9095062-24.3798791,59907.05354150002,17.45,0.101,W1
QSO_4.9095062-24.3798791,59907.118694,17.872999999999998,0.156,W1
QSO_4.9095062-24.3798791,59907.183700500034,17.592,0.106,W1
QSO_4.9095062-24.3798791,59907.3140055,17.615000000000002,0.092,W1
QSO_4.9095062-24.3798791,60110.90100449996,17.771,0.109,W1
QSO_4.9095062-24.3798791,60111.16033700003,17.616999999999997,0.122,W1
QSO_4.9095062-24.3798791,60111.28998499997,17.903,0.144,W1
QSO_4.9095062-24.3798791,60111.354882,17.456,0.096,W1
QSO_4.9095062-24.3798791,60111.41966950002,17.604,0.099,W1
QSO_4.9095062-24.3798791,60111.419779000025,17.581,0.114,W1
QSO_4.9095062-24.3798791,60111.48456649997,17.519,0.152,W1
QSO_4.9095062-24.3798791,60111.54946349999,17.698999999999998,0.099,W1
QSO_4.9095062-24.3798791,60111.61425100001,17.561999999999998,0.114,W1
QSO_4.9095062-24.3798791,60111.74389900004,18.214,0.186,W1
QSO_4.9095062-24.3798791,60111.8735835,17.642,0.161,W1
QSO_4.9095062-24.3798791,60111.87369300001,17.727,0.105,W1
QSO_4.9095062-24.3798791,60273.251508000016,17.627000000000002,0.109,W1
QSO_4.9095062-24.3798791,60273.70352399998,17.622999999999998,0.164,W1
QSO_4.9095062-24.3798791,60273.70363349999,17.787,0.107,W1
QSO_4.9095062-24.3798791,60273.768165499976,17.887,0.138,W1
QSO_4.9095062-24.3798791,60273.83280699996,17.747,0.101,W1
QSO_4.9095062-24.3798791,60273.96183449999,17.85,0.131,W1
QSO_4.9095062-24.3798791,60274.09100799997,17.654,0.292,W1
QSO_4.9095062-24.3798791,60274.220145,17.612000000000002,0.096,W1
QSO_4.9095062-24.3798791,60475.44250420001,17.747999999999998,0.122,W1
QSO_4.9095062-24.3798791,60475.57075059997,17.779,0.121,W1
QSO_4.9095062-24.3798791,60475.698850599976,17.781,0.12,W1
QSO_4.9095062-24.3798791,60475.89114699999,18.016,0.15,W1
QSO_4.9095062-24.3798791,55362.35759250002,18.605,0.372,W2
QSO_4.9095062-24.3798791,55362.4897955,17.951999999999998,0.212,W2
QSO_4.9095062-24.3798791,55362.621888999965,17.772,0.182,W2
QSO_4.9095062-24.3798791,55362.62203499999,18.04,0.237,W2
QSO_4.9095062-24.3798791,55362.688063500005,17.89,0.204,W2
QSO_4.9095062-24.3798791,55362.75409200002,18.038,0.245,W2
QSO_4.9095062-24.3798791,55362.75423799997,17.726,0.176,W2
QSO_4.9095062-24.3798791,55362.820266499984,18.178,0.271,W2
QSO_4.9095062-24.3798791,55362.88633150002,18.363,,W2
QSO_4.9095062-24.3798791,55362.95250599999,18.491,0.387,W2
QSO_4.9095062-24.3798791,55363.34911499999,17.724999999999998,0.185,W2
QSO_4.9095062-24.3798791,55539.78004099999,18.255,,W2
QSO_4.9095062-24.3798791,55539.91224399996,18.599,0.383,W2
QSO_4.9095062-24.3798791,55540.044483499965,17.825,0.249,W2
QSO_4.9095062-24.3798791,55540.11051199998,18.605,0.392,W2
QSO_4.9095062-24.3798791,55540.17654049999,18.148,0.263,W2
QSO_4.9095062-24.3798791,55540.176686500025,18.052,0.236,W2
QSO_4.9095062-24.3798791,55540.24271500003,18.34,0.31,W2
QSO_4.9095062-24.3798791,55540.30877999999,17.929,0.22,W2
QSO_4.9095062-24.3798791,55540.37495450003,18.448,0.339,W2
QSO_4.9095062-24.3798791,55540.77145400003,18.378,0.313,W2
QSO_4.9095062-24.3798791,55544.00973399999,18.463,0.412,W2
QSO_4.9095062-24.3798791,56640.030319999976,17.855,0.285,W2
QSO_4.9095062-24.3798791,56640.096238999984,18.111,0.297,W2
QSO_4.9095062-24.3798791,56824.379045,18.244,0.33,W2
QSO_4.9095062-24.3798791,56824.51062749997,18.122,0.334,W2
QSO_4.9095062-24.3798791,56824.77353699998,18.363,0.413,W2
QSO_4.9095062-24.3798791,56827.73222699998,18.155,0.32,W2
QSO_4.9095062-24.3798791,56827.86366350001,18.081,0.377,W2
QSO_4.9095062-24.3798791,56827.86380950004,17.401,,W2
QSO_4.9095062-24.3798791,56827.995245999984,17.614,,W2
QSO_4.9095062-24.3798791,57004.21826799997,17.857,0.224,W2
QSO_4.9095062-24.3798791,57004.80934900004,,,W2
QSO_4.9095062-24.3798791,57004.87512200002,17.974,0.227,W2
QSO_4.9095062-24.3798791,57004.94078549999,17.813,,W2
QSO_4.9095062-24.3798791,57005.07211250001,18.17,0.325,W2
QSO_4.9095062-24.3798791,57005.20343950004,18.122,0.279,W2
QSO_4.9095062-24.3798791,57005.33476649998,18.429,0.426,W2
QSO_4.9095062-24.3798791,57005.33487599999,18.621,0.453,W2
QSO_4.9095062-24.3798791,57188.71986025494,18.311,0.321,W2
QSO_4.9095062-24.3798791,57189.24436527154,18.097,0.267,W2
QSO_4.9095062-24.3798791,57189.30991927366,18.159,0.336,W2
QSO_4.9095062-24.3798791,57189.375436775765,18.351,0.33,W2
QSO_4.9095062-24.3798791,57189.44110027781,17.717,0.18,W2
QSO_4.9095062-24.3798791,57189.57217178196,17.994,,W2
QSO_4.9095062-24.3798791,57189.70324328611,17.819,,W2
QSO_4.9095062-24.3798791,57189.703389286144,17.998,0.23,W2
QSO_4.9095062-24.3798791,57189.83446079029,18.2,0.287,W2
QSO_4.9095062-24.3798791,57363.563577725086,18.278,0.405,W2
QSO_4.9095062-24.3798791,57363.62913172722,17.817999999999998,0.297,W2
QSO_4.9095062-24.3798791,57363.69453972931,17.844,0.205,W2
QSO_4.9095062-24.3798791,57363.694649229314,17.957,0.346,W2
QSO_4.9095062-24.3798791,57363.76005723133,18.058,0.27,W2
QSO_4.9095062-24.3798791,57364.21878924594,17.928,0.257,W2
QSO_4.9095062-24.3798791,57553.08229222045,17.987,0.274,W2
QSO_4.9095062-24.3798791,57553.34489722869,17.966,0.278,W2
QSO_4.9095062-24.3798791,57553.541768634976,17.918,0.252,W2
QSO_4.9095062-24.3798791,57553.738786441216,18.131,0.364,W2
QSO_4.9095062-24.3798791,57553.93569444744,18.371,0.356,W2
QSO_4.9095062-24.3798791,57554.06697865155,17.976,0.346,W2
QSO_4.9095062-24.3798791,57723.25601060183,17.913,0.34,W2
QSO_4.9095062-24.3798791,57723.38729480602,17.942,0.284,W2
QSO_4.9095062-24.3798791,57723.51846921012,17.623,0.182,W2
QSO_4.9095062-24.3798791,57723.58420281225,18.741,0.47,W2
QSO_4.9095062-24.3798791,57723.64979001434,17.843,0.318,W2
QSO_4.9095062-24.3798791,57723.84666142054,17.772,0.247,W2
QSO_4.9095062-24.3798791,57917.80615999998,18.097,0.281,W2
QSO_4.9095062-24.3798791,57917.806306000006,18.36,0.414,W2
QSO_4.9095062-24.3798791,57917.93712199996,17.947,0.285,W2
QSO_4.9095062-24.3798791,57918.002529999976,17.928,,W2
QSO_4.9095062-24.3798791,57918.06793799999,17.802,0.406,W2
QSO_4.9095062-24.3798791,57918.13334600001,17.961,0.266,W2
QSO_4.9095062-24.3798791,57918.19875400003,17.784,0.216,W2
QSO_4.9095062-24.3798791,57918.26427149997,18.476,,W2
QSO_4.9095062-24.3798791,57918.329679499984,18.17,0.33,W2
QSO_4.9095062-24.3798791,57918.3950875,17.852,,W2
QSO_4.9095062-24.3798791,57918.65671949999,17.682,0.211,W2
QSO_4.9095062-24.3798791,58083.47987899998,18.014,0.247,W2
QSO_4.9095062-24.3798791,58083.61069500001,18.063,0.356,W2
QSO_4.9095062-24.3798791,58083.74151099997,18.474,0.493,W2
QSO_4.9095062-24.3798791,58084.133958999984,17.921,0.286,W2
QSO_4.9095062-24.3798791,58084.199367,18.297,0.359,W2
QSO_4.9095062-24.3798791,58084.33029250004,17.913999999999998,0.297,W2
QSO_4.9095062-24.3798791,58084.46110849999,17.986,0.31,W2
QSO_4.9095062-24.3798791,58084.591924500026,17.759999999999998,,W2
QSO_4.9095062-24.3798791,58086.35815950001,18.227,,W2
QSO_4.9095062-24.3798791,58086.6197915,17.465,,W2
QSO_4.9095062-24.3798791,58086.75060750003,17.858999999999998,,W2
QSO_4.9095062-24.3798791,58087.07775700004,17.919,0.39,W2
QSO_4.9095062-24.3798791,58284.50757099999,18.544,0.464,W2
QSO_4.9095062-24.3798791,58284.83446500004,18.038,,W2
QSO_4.9095062-24.3798791,58284.89987299997,18.243,0.446,W2
QSO_4.9095062-24.3798791,58285.09609700003,18.026,0.284,W2
QSO_4.9095062-24.3798791,58285.488399000016,18.043,0.277,W2
QSO_4.9095062-24.3798791,58446.83376550001,18.297,0.322,W2
QSO_4.9095062-24.3798791,58446.96458149996,17.567999999999998,0.35,W2
QSO_4.9095062-24.3798791,58447.16065949998,17.316,0.208,W2
QSO_4.9095062-24.3798791,58447.16080550001,18.138,0.305,W2
QSO_4.9095062-24.3798791,58447.29147550002,18.219,0.312,W2
QSO_4.9095062-24.3798791,58447.35688350003,18.448,0.352,W2
QSO_4.9095062-24.3798791,58447.42229149997,18.22,0.529,W2
QSO_4.9095062-24.3798791,58447.5531075,17.625,0.246,W2
QSO_4.9095062-24.3798791,58648.439763500006,17.826,0.241,W2
QSO_4.9095062-24.3798791,58648.57043350001,18.079,0.324,W2
QSO_4.9095062-24.3798791,58648.70124949996,18.033,0.296,W2
QSO_4.9095062-24.3798791,58648.89732749998,18.135,0.305,W2
QSO_4.9095062-24.3798791,58649.15884999996,17.534,,W2
QSO_4.9095062-24.3798791,58649.28951999996,17.226,0.239,W2
QSO_4.9095062-24.3798791,58649.4202265,18.293,0.351,W2
QSO_4.9095062-24.3798791,58810.84311899999,18.155,0.377,W2
QSO_4.9095062-24.3798791,58810.97382550003,18.312,0.359,W2
QSO_4.9095062-24.3798791,58811.03923350004,18.497,0.5,W2
QSO_4.9095062-24.3798791,58811.16990349996,18.298,0.318,W2
QSO_4.9095062-24.3798791,58811.3007195,17.937,,W2
QSO_4.9095062-24.3798791,58811.69240099999,18.614,0.418,W2
QSO_4.9095062-24.3798791,59015.71369539998,18.802,0.521,W2
QSO_4.9095062-24.3798791,59015.97578800001,17.951,0.265,W2
QSO_4.9095062-24.3798791,59015.97593439996,18.498,0.437,W2
QSO_4.9095062-24.3798791,59016.106962399965,17.865,0.3,W2
QSO_4.9095062-24.3798791,59016.17240320004,18.153,0.305,W2
QSO_4.9095062-24.3798791,59016.43449579999,17.941,0.278,W2
QSO_4.9095062-24.3798791,59016.56556040001,17.658,0.28,W2
QSO_4.9095062-24.3798791,59016.69658840002,18.367,,W2
QSO_4.9095062-24.3798791,59016.82776279997,17.863,,W2
QSO_4.9095062-24.3798791,59175.49322799996,18.047,0.421,W2
QSO_4.9095062-24.3798791,59175.6242926,18.32,0.378,W2
QSO_4.9095062-24.3798791,59175.7553206,17.456,0.282,W2
QSO_4.9095062-24.3798791,59175.88638520003,18.161,,W2
QSO_4.9095062-24.3798791,59178.50687200001,18.087,0.47,W2
QSO_4.9095062-24.3798791,59178.63793659996,17.551,0.352,W2
QSO_4.9095062-24.3798791,59178.76896459996,17.608,,W2
QSO_4.9095062-24.3798791,59178.90002919999,17.556,,W2
QSO_4.9095062-24.3798791,59380.18626149996,17.692,0.228,W2
QSO_4.9095062-24.3798791,59380.31682199997,18.221,0.384,W2
QSO_4.9095062-24.3798791,59380.83942899999,18.099,,W2
QSO_4.9095062-24.3798791,59381.035251499976,18.74,0.534,W2
QSO_4.9095062-24.3798791,59381.03539750001,18.18,0.394,W2
QSO_4.9095062-24.3798791,59381.16595800001,17.855999999999998,0.308,W2
QSO_4.9095062-24.3798791,59381.29662800001,18.164,0.293,W2
QSO_4.9095062-24.3798791,59542.56490650002,18.135,0.396,W2
QSO_4.9095062-24.3798791,59542.69557650002,17.797,,W2
QSO_4.9095062-24.3798791,59543.08740399996,18.084,0.238,W2
QSO_4.9095062-24.3798791,59543.15266600003,18.179,0.36,W2
QSO_4.9095062-24.3798791,59543.283226500025,18.003,0.251,W2
QSO_4.9095062-24.3798791,59543.41378700003,17.99,0.236,W2
QSO_4.9095062-24.3798791,59543.54434750003,18.128,0.258,W2
QSO_4.9095062-24.3798791,59543.544493499976,18.563,0.476,W2
QSO_4.9095062-24.3798791,59744.44585900003,17.919999999999998,0.273,W2
QSO_4.9095062-24.3798791,59744.6414625,18.405,0.378,W2
QSO_4.9095062-24.3798791,59744.70672449999,18.44,0.478,W2
QSO_4.9095062-24.3798791,59744.77187699997,18.121,0.378,W2
QSO_4.9095062-24.3798791,59744.90232799996,17.980999999999998,0.334,W2
QSO_4.9095062-24.3798791,59745.032742500014,17.869,,W2
QSO_4.9095062-24.3798791,59745.16304749997,17.976,0.288,W2
QSO_4.9095062-24.3798791,59745.1631935,18.421,0.478,W2
QSO_4.9095062-24.3798791,59906.92283499999,17.724,0.322,W2
QSO_4.9095062-24.3798791,59906.98838900004,18.102,,W2
QSO_4.9095062-24.3798791,59907.05354150002,17.642,0.26,W2
QSO_4.9095062-24.3798791,59907.118694,17.925,0.214,W2
QSO_4.9095062-24.3798791,59907.183700500034,18.763,0.504,W2
QSO_4.9095062-24.3798791,59907.3140055,17.99,0.249,W2
QSO_4.9095062-24.3798791,60110.90100449996,18.247,,W2
QSO_4.9095062-24.3798791,60111.16033700003,17.78,0.276,W2
QSO_4.9095062-24.3798791,60111.28998499997,17.424,,W2
QSO_4.9095062-24.3798791,60111.354882,17.909,,W2
QSO_4.9095062-24.3798791,60111.41966950002,18.251,0.355,W2
QSO_4.9095062-24.3798791,60111.419779000025,17.980999999999998,0.28,W2
QSO_4.9095062-24.3798791,60111.48456649997,18.13,0.347,W2
QSO_4.9095062-24.3798791,60111.54946349999,17.86,0.222,W2
QSO_4.9095062-24.3798791,60111.61425100001,18.259,0.347,W2
QSO_4.9095062-24.3798791,60111.74389900004,18.326,0.39,W2
QSO_4.9095062-24.3798791,60111.8735835,17.941,0.363,W2
QSO_4.9095062-24.3798791,60111.87369300001,17.863,0.41,W2
QSO_4.9095062-24.3798791,60273.251508000016,17.805,0.306,W2
QSO_4.9095062-24.3798791,60273.70352399998,17.84,0.263,W2
QSO_4.9095062-24.3798791,60273.70363349999,18.038,,W2
QSO_4.9095062-24.3798791,60273.768165499976,18.145,0.327,W2
QSO_4.9095062-24.3798791,60273.83280699996,18.355,0.481,W2
QSO_4.9095062-24.3798791,60273.96183449999,18.379,0.352,W2
QSO_4.9095062-24.3798791,60274.09100799997,18.532,0.44,W2
QSO_4.9095062-24.3798791,60274.220145,18.229,0.435,W2
QSO_4.9095062-24.3798791,60475.44250420001,17.985,0.372,W2
QSO_4.9095062-24.3798791,60475.57075059997,17.796,,W2
QSO_4.9095062-24.3798791,60475.698850599976,18.062,,W2
QSO_4.9095062-24.3798791,60475.89114699999,17.767,,W2
QSO_4.8288771-24.460762,55362.35759250002,17.752000000000002,0.099,W1
QSO_4.8288771-24.460762,55362.4897955,17.808999999999997,0.111,W1
QSO_4.8288771-24.460762,55362.55586050003,17.951999999999998,0.122,W1
QSO_4.8288771-24.460762,55362.62203499999,17.861,0.134,W1
QSO_4.8288771-24.460762,55362.688063500005,17.906,0.114,W1
QSO_4.8288771-24.460762,55362.75409200002,17.673000000000002,0.099,W1
QSO_4.8288771-24.460762,55362.75423799997,17.848,0.111,W1
QSO_4.8288771-24.460762,55362.820266499984,17.95,0.112,W1
QSO_4.8288771-24.460762,55362.95250599999,17.77,0.114,W1
QSO_4.8288771-24.460762,55539.78004099999,17.740000000000002,0.101,W1
QSO_4.8288771-24.460762,55539.91224399996,18.185,0.154,W1
QSO_4.8288771-24.460762,55539.978309000006,17.985,0.143,W1
QSO_4.8288771-24.460762,55540.044483499965,17.967,0.12,W1
QSO_4.8288771-24.460762,55540.11051199998,18.222,0.154,W1
QSO_4.8288771-24.460762,55540.17654049999,17.83,0.127,W1
QSO_4.8288771-24.460762,55540.24271500003,17.904,0.115,W1
QSO_4.8288771-24.460762,55540.3748085,18.189,0.176,W1
QSO_4.8288771-24.460762,55540.37495450003,18.237,0.157,W1
QSO_4.8288771-24.460762,55543.94355950003,17.89,0.113,W1
QSO_4.8288771-24.460762,55544.00973399999,18.003,0.129,W1
QSO_4.8288771-24.460762,56824.379045,17.648,0.099,W1
QSO_4.8288771-24.460762,56824.77353699998,17.721,0.105,W1
QSO_4.8288771-24.460762,56824.970892500016,17.715,0.11,W1
QSO_4.8288771-24.460762,56827.73222699998,17.975,0.199,W1
QSO_4.8288771-24.460762,56827.86380950004,17.761,0.096,W1
QSO_4.8288771-24.460762,56827.995245999984,17.848,0.135,W1
QSO_4.8288771-24.460762,57004.21826799997,17.701,0.106,W1
QSO_4.8288771-24.460762,57004.80934900004,17.59,0.148,W1
QSO_4.8288771-24.460762,57004.94078549999,17.786,0.107,W1
QSO_4.8288771-24.460762,57005.07211250001,17.73,0.101,W1
QSO_4.8288771-24.460762,57005.20343950004,17.861,0.114,W1
QSO_4.8288771-24.460762,57188.58864275076,17.608,0.087,W1
QSO_4.8288771-24.460762,57188.71986025494,17.664,0.093,W1
QSO_4.8288771-24.460762,57189.17884776952,17.58,0.145,W1
QSO_4.8288771-24.460762,57189.24436527154,17.676000000000002,0.146,W1
QSO_4.8288771-24.460762,57189.30991927366,17.917,0.125,W1
QSO_4.8288771-24.460762,57189.44110027781,18.152,0.143,W1
QSO_4.8288771-24.460762,57189.57217178196,17.740000000000002,0.118,W1
QSO_4.8288771-24.460762,57189.703389286144,17.971,0.125,W1
QSO_4.8288771-24.460762,57363.10484571056,17.532,0.088,W1
QSO_4.8288771-24.460762,57363.563577725086,18.086,0.126,W1
QSO_4.8288771-24.460762,57363.62913172722,17.793,0.123,W1
QSO_4.8288771-24.460762,57363.69453972931,17.834,0.107,W1
QSO_4.8288771-24.460762,57363.694649229314,17.753999999999998,0.101,W1
QSO_4.8288771-24.460762,57363.76005723133,17.955,0.116,W1
QSO_4.8288771-24.460762,57552.95100801626,17.977,0.121,W1
QSO_4.8288771-24.460762,57553.08229222045,17.878,0.114,W1
QSO_4.8288771-24.460762,57553.34489722869,17.658,0.142,W1
QSO_4.8288771-24.460762,57553.41048443079,17.718,0.109,W1
QSO_4.8288771-24.460762,57553.541768634976,17.849,0.114,W1
QSO_4.8288771-24.460762,57553.80452004326,17.972,0.119,W1
QSO_4.8288771-24.460762,57553.93569444744,17.575,0.092,W1
QSO_4.8288771-24.460762,57554.06697865155,17.957,0.177,W1
QSO_4.8288771-24.460762,57554.06712505159,18.085,0.142,W1
QSO_4.8288771-24.460762,57722.86212138939,18.088,0.202,W1
QSO_4.8288771-24.460762,57722.8622311894,17.709,0.098,W1
QSO_4.8288771-24.460762,57723.25601060183,17.661,0.097,W1
QSO_4.8288771-24.460762,57723.32159780392,17.743000000000002,0.1,W1
QSO_4.8288771-24.460762,57723.38729480602,17.628999999999998,0.134,W1
QSO_4.8288771-24.460762,57723.51846921012,17.766,0.106,W1
QSO_4.8288771-24.460762,57723.58420281225,17.67,0.11,W1
QSO_4.8288771-24.460762,57723.84666142054,17.785,0.102,W1
QSO_4.8288771-24.460762,57917.806306000006,17.731,0.109,W1
QSO_4.8288771-24.460762,57917.87171400002,17.729,0.117,W1
QSO_4.8288771-24.460762,57917.93712199996,17.766,0.119,W1
QSO_4.8288771-24.460762,57918.002529999976,17.563000000000002,0.089,W1
QSO_4.8288771-24.460762,57918.06793799999,17.737000000000002,0.106,W1
QSO_4.8288771-24.460762,57918.13334600001,17.802999999999997,0.118,W1
QSO_4.8288771-24.460762,57918.19875400003,17.895,0.122,W1
QSO_4.8288771-24.460762,57918.26427149997,17.672,0.103,W1
QSO_4.8288771-24.460762,57918.3950875,17.680999999999997,0.099,W1
QSO_4.8288771-24.460762,58083.47987899998,17.740000000000002,0.119,W1
QSO_4.8288771-24.460762,58083.61069500001,17.777,0.127,W1
QSO_4.8288771-24.460762,58083.74151099997,17.796,0.112,W1
QSO_4.8288771-24.460762,58084.06855099997,18.075,0.144,W1
QSO_4.8288771-24.460762,58084.33029250004,17.884999999999998,0.114,W1
QSO_4.8288771-24.460762,58084.46110849999,17.964,0.13,W1
QSO_4.8288771-24.460762,58086.35815950001,17.979,0.142,W1
QSO_4.8288771-24.460762,58086.6197915,17.463,0.139,W1
QSO_4.8288771-24.460762,58086.68519950001,17.536,0.143,W1
QSO_4.8288771-24.460762,58086.75060750003,18.283,0.213,W1
QSO_4.8288771-24.460762,58087.07775700004,17.964,0.134,W1
QSO_4.8288771-24.460762,58284.83446500004,17.661,0.117,W1
QSO_4.8288771-24.460762,58284.89987299997,17.923000000000002,0.184,W1
QSO_4.8288771-24.460762,58446.83376550001,17.839,0.115,W1
QSO_4.8288771-24.460762,58446.96458149996,17.896,0.113,W1
QSO_4.8288771-24.460762,58447.02998949998,18.096,0.125,W1
QSO_4.8288771-24.460762,58447.095251499966,17.838,0.15,W1
QSO_4.8288771-24.460762,58447.16065949998,17.746000000000002,0.124,W1
QSO_4.8288771-24.460762,58447.29147550002,17.713,0.101,W1
QSO_4.8288771-24.460762,58447.42229149997,17.506,0.095,W1
QSO_4.8288771-24.460762,58447.5531075,17.872999999999998,0.107,W1
QSO_4.8288771-24.460762,58648.17824100002,17.917,0.119,W1
QSO_4.8288771-24.460762,58648.30905699998,17.271,0.099,W1
QSO_4.8288771-24.460762,58648.439763500006,17.463,0.09,W1
QSO_4.8288771-24.460762,58648.57043350001,17.67,0.137,W1
QSO_4.8288771-24.460762,58648.63584150003,18.064,0.135,W1
QSO_4.8288771-24.460762,58648.70124949996,17.67,0.096,W1
QSO_4.8288771-24.460762,58648.89732749998,17.853,0.115,W1
QSO_4.8288771-24.460762,58649.158704000016,17.844,0.115,W1
QSO_4.8288771-24.460762,58649.15884999996,17.485,0.098,W1
QSO_4.8288771-24.460762,58649.28951999996,17.863,0.104,W1
QSO_4.8288771-24.460762,58810.84311899999,17.793,0.179,W1
QSO_4.8288771-24.460762,58810.97382550003,17.753999999999998,0.098,W1
QSO_4.8288771-24.460762,58811.03923350004,17.847,0.12,W1
QSO_4.8288771-24.460762,58811.16990349996,17.738999999999997,0.154,W1
QSO_4.8288771-24.460762,58811.3007195,17.911,0.111,W1
QSO_4.8288771-24.460762,59015.71369539998,18.043,0.129,W1
QSO_4.8288771-24.460762,59015.97578800001,18.071,0.172,W1
QSO_4.8288771-24.460762,59015.97593439996,17.737000000000002,0.102,W1
QSO_4.8288771-24.460762,59016.04137520003,17.838,0.109,W1
QSO_4.8288771-24.460762,59016.106962399965,17.731,0.14,W1
QSO_4.8288771-24.460762,59016.17240320004,17.802,0.105,W1
QSO_4.8288771-24.460762,59016.43449579999,17.561,0.119,W1
QSO_4.8288771-24.460762,59016.56556040001,17.991999999999997,0.138,W1
QSO_4.8288771-24.460762,59016.69658840002,17.721,0.111,W1
QSO_4.8288771-24.460762,59016.69673479997,18.058,0.136,W1
QSO_4.8288771-24.460762,59175.36219999997,17.9,0.107,W1
QSO_4.8288771-24.460762,59175.49322799996,17.93,0.117,W1
QSO_4.8288771-24.460762,59175.6242926,17.527,0.117,W1
QSO_4.8288771-24.460762,59175.820798000015,17.924,0.136,W1
QSO_4.8288771-24.460762,59175.95182600001,17.969,0.135,W1
QSO_4.8288771-24.460762,59178.50687200001,18.303,0.186,W1
QSO_4.8288771-24.460762,59178.63793659996,17.683,0.153,W1
QSO_4.8288771-24.460762,59178.70337740003,17.48,0.114,W1
QSO_4.8288771-24.460762,59178.76896459996,17.656,0.113,W1
QSO_4.8288771-24.460762,59178.90002919999,17.894,0.154,W1
QSO_4.8288771-24.460762,59380.05570099997,18.084,0.194,W1
QSO_4.8288771-24.460762,59380.18626149996,18.032,0.128,W1
QSO_4.8288771-24.460762,59380.83942899999,17.976,0.133,W1
QSO_4.8288771-24.460762,59381.03539750001,17.925,0.117,W1
QSO_4.8288771-24.460762,59381.16595800001,18.127,0.195,W1
QSO_4.8288771-24.460762,59542.43434600002,17.765,0.099,W1
QSO_4.8288771-24.460762,59542.56490650002,17.856,0.118,W1
QSO_4.8288771-24.460762,59542.69557650002,17.874000000000002,0.115,W1
QSO_4.8288771-24.460762,59543.15266600003,17.807000000000002,0.119,W1
QSO_4.8288771-24.460762,59543.41378700003,17.738999999999997,0.099,W1
QSO_4.8288771-24.460762,59744.77187699997,17.835,0.167,W1
QSO_4.8288771-24.460762,59744.90232799996,17.843,0.136,W1
QSO_4.8288771-24.460762,59745.032742500014,17.686999999999998,0.093,W1
QSO_4.8288771-24.460762,59906.337229000026,17.877000000000002,0.111,W1
QSO_4.8288771-24.460762,59906.92283499999,17.733,0.096,W1
QSO_4.8288771-24.460762,59906.98838900004,17.986,0.121,W1
QSO_4.8288771-24.460762,59907.05354150002,17.749000000000002,0.12,W1
QSO_4.8288771-24.460762,59907.183700500034,17.587,0.108,W1
QSO_4.8288771-24.460762,59907.3140055,17.641,0.091,W1
QSO_4.8288771-24.460762,60110.77131999999,17.603,0.095,W1
QSO_4.8288771-24.460762,60110.90100449996,17.797,0.111,W1
QSO_4.8288771-24.460762,60111.225233999976,17.823,0.112,W1
QSO_4.8288771-24.460762,60111.28998499997,17.668,0.113,W1
QSO_4.8288771-24.460762,60111.354882,17.65,0.1,W1
QSO_4.8288771-24.460762,60111.419779000025,17.814999999999998,0.116,W1
QSO_4.8288771-24.460762,60111.48456649997,17.561999999999998,0.101,W1
QSO_4.8288771-24.460762,60111.61425100001,18.047,0.14,W1
QSO_4.8288771-24.460762,60111.74389900004,17.83,0.145,W1
QSO_4.8288771-24.460762,60111.74404499999,17.97,0.146,W1
QSO_4.8288771-24.460762,60111.87369300001,17.861,0.124,W1
QSO_4.8288771-24.460762,60273.12237099998,17.802999999999997,0.12,W1
QSO_4.8288771-24.460762,60273.251508000016,17.977,0.187,W1
QSO_4.8288771-24.460762,60273.70352399998,17.859,0.153,W1
QSO_4.8288771-24.460762,60273.70363349999,17.838,0.125,W1
QSO_4.8288771-24.460762,60273.768165499976,17.744,0.106,W1
QSO_4.8288771-24.460762,60273.96183449999,17.848,0.111,W1
QSO_4.8288771-24.460762,60274.09100799997,17.986,0.128,W1
QSO_4.8288771-24.460762,60475.44250420001,17.88,0.133,W1
QSO_4.8288771-24.460762,60475.57075059997,17.585,0.103,W1
QSO_4.8288771-24.460762,60475.63480060002,17.721,0.133,W1
QSO_4.8288771-24.460762,60475.698850599976,18.278,0.21,W1
QSO_4.8288771-24.460762,60475.89114699999,17.924,0.165,W1
QSO_4.8288771-24.460762,60476.14749340004,18.344,0.211,W1
QSO_4.8288771-24.460762,55362.35759250002,18.182,0.261,W2
QSO_4.8288771-24.460762,55362.4897955,17.948999999999998,0.243,W2
QSO_4.8288771-24.460762,55362.55586050003,18.188,,W2
QSO_4.8288771-24.460762,55362.62203499999,18.742,0.438,W2
QSO_4.8288771-24.460762,55362.688063500005,18.531,0.395,W2
QSO_4.8288771-24.460762,55362.75409200002,18.91,0.542,W2
QSO_4.8288771-24.460762,55362.75423799997,18.777,0.472,W2
QSO_4.8288771-24.460762,55362.820266499984,17.811,0.192,W2
QSO_4.8288771-24.460762,55362.95250599999,17.73,0.176,W2
QSO_4.8288771-24.460762,55539.78004099999,18.341,,W2
QSO_4.8288771-24.460762,55539.91224399996,18.22,0.307,W2
QSO_4.8288771-24.460762,55539.978309000006,18.425,0.343,W2
QSO_4.8288771-24.460762,55540.044483499965,18.18,0.283,W2
QSO_4.8288771-24.460762,55540.11051199998,18.459,0.345,W2
QSO_4.8288771-24.460762,55540.17654049999,18.434,0.338,W2
QSO_4.8288771-24.460762,55540.24271500003,18.309,0.345,W2
QSO_4.8288771-24.460762,55540.3748085,18.035,0.243,W2
QSO_4.8288771-24.460762,55540.37495450003,18.358,0.314,W2
QSO_4.8288771-24.460762,55543.94355950003,18.224,0.323,W2
QSO_4.8288771-24.460762,55544.00973399999,17.895,0.24,W2
QSO_4.8288771-24.460762,56824.379045,18.297,0.365,W2
QSO_4.8288771-24.460762,56824.77353699998,18.353,0.399,W2
QSO_4.8288771-24.460762,56824.970892500016,18.273,0.331,W2
QSO_4.8288771-24.460762,56827.73222699998,17.945999999999998,0.328,W2
QSO_4.8288771-24.460762,56827.86380950004,17.706,,W2
QSO_4.8288771-24.460762,56827.995245999984,18.068,,W2
QSO_4.8288771-24.460762,57004.21826799997,18.394,0.369,W2
QSO_4.8288771-24.460762,57004.80934900004,17.999,0.267,W2
QSO_4.8288771-24.460762,57004.94078549999,18.233,0.32,W2
QSO_4.8288771-24.460762,57005.07211250001,18.607,0.469,W2
QSO_4.8288771-24.460762,57005.20343950004,18.04,0.333,W2
QSO_4.8288771-24.460762,57188.58864275076,18.412,0.345,W2
QSO_4.8288771-24.460762,57188.71986025494,18.035,0.258,W2
QSO_4.8288771-24.460762,57189.17884776952,18.188,0.265,W2
QSO_4.8288771-24.460762,57189.24436527154,17.881,0.218,W2
QSO_4.8288771-24.460762,57189.30991927366,17.916999999999998,0.282,W2
QSO_4.8288771-24.460762,57189.44110027781,18.213,0.306,W2
QSO_4.8288771-24.460762,57189.57217178196,18.374,0.523,W2
QSO_4.8288771-24.460762,57189.703389286144,18.285,,W2
QSO_4.8288771-24.460762,57363.10484571056,17.93,,W2
QSO_4.8288771-24.460762,57363.563577725086,17.938,,W2
QSO_4.8288771-24.460762,57363.62913172722,18.179,0.316,W2
QSO_4.8288771-24.460762,57363.69453972931,18.201,0.278,W2
QSO_4.8288771-24.460762,57363.694649229314,18.324,0.367,W2
QSO_4.8288771-24.460762,57363.76005723133,18.428,0.362,W2
QSO_4.8288771-24.460762,57552.95100801626,17.944,0.249,W2
QSO_4.8288771-24.460762,57553.08229222045,17.833,0.34,W2
QSO_4.8288771-24.460762,57553.34489722869,18.049,,W2
QSO_4.8288771-24.460762,57553.41048443079,18.12,0.284,W2
QSO_4.8288771-24.460762,57553.541768634976,17.788,0.272,W2
QSO_4.8288771-24.460762,57553.80452004326,18.15,0.292,W2
QSO_4.8288771-24.460762,57553.93569444744,18.249,,W2
QSO_4.8288771-24.460762,57554.06697865155,18.192,0.315,W2
QSO_4.8288771-24.460762,57554.06712505159,18.256,0.338,W2
QSO_4.8288771-24.460762,57722.86212138939,17.82,0.23,W2
QSO_4.8288771-24.460762,57722.8622311894,18.336,,W2
QSO_4.8288771-24.460762,57723.25601060183,18.287,0.324,W2
QSO_4.8288771-24.460762,57723.32159780392,18.276,0.385,W2
QSO_4.8288771-24.460762,57723.38729480602,18.451,0.47,W2
QSO_4.8288771-24.460762,57723.51846921012,18.581,0.467,W2
QSO_4.8288771-24.460762,57723.58420281225,17.479,0.278,W2
QSO_4.8288771-24.460762,57723.84666142054,18.49,0.43,W2
QSO_4.8288771-24.460762,57917.806306000006,18.067,0.432,W2
QSO_4.8288771-24.460762,57917.87171400002,17.776,0.214,W2
QSO_4.8288771-24.460762,57917.93712199996,18.35,0.343,W2
QSO_4.8288771-24.460762,57918.002529999976,17.788999999999998,0.24,W2
QSO_4.8288771-24.460762,57918.06793799999,18.567,0.469,W2
QSO_4.8288771-24.460762,57918.13334600001,18.707,0.51,W2
QSO_4.8288771-24.460762,57918.19875400003,17.88,0.311,W2
QSO_4.8288771-24.460762,57918.26427149997,17.9,,W2
QSO_4.8288771-24.460762,57918.3950875,17.477999999999998,0.413,W2
QSO_4.8288771-24.460762,58083.47987899998,18.059,0.305,W2
QSO_4.8288771-24.460762,58083.61069500001,18.115,0.371,W2
QSO_4.8288771-24.460762,58083.74151099997,18.106,,W2
QSO_4.8288771-24.460762,58084.06855099997,17.936,0.341,W2
QSO_4.8288771-24.460762,58084.33029250004,18.035,0.38,W2
QSO_4.8288771-24.460762,58084.46110849999,18.015,,W2
QSO_4.8288771-24.460762,58086.35815950001,18.234,0.476,W2
QSO_4.8288771-24.460762,58086.6197915,18.09,0.519,W2
QSO_4.8288771-24.460762,58086.68519950001,17.822,0.542,W2
QSO_4.8288771-24.460762,58086.75060750003,17.294,,W2
QSO_4.8288771-24.460762,58087.07775700004,17.8,,W2
QSO_4.8288771-24.460762,58284.83446500004,18.743,0.501,W2
QSO_4.8288771-24.460762,58284.89987299997,18.698,,W2
QSO_4.8288771-24.460762,58446.83376550001,18.319,0.532,W2
QSO_4.8288771-24.460762,58446.96458149996,18.432,0.352,W2
QSO_4.8288771-24.460762,58447.02998949998,17.816,0.21,W2
QSO_4.8288771-24.460762,58447.095251499966,18.578,0.375,W2
QSO_4.8288771-24.460762,58447.16065949998,17.954,,W2
QSO_4.8288771-24.460762,58447.29147550002,18.467,,W2
QSO_4.8288771-24.460762,58447.42229149997,17.999,,W2
QSO_4.8288771-24.460762,58447.5531075,18.33,0.334,W2
QSO_4.8288771-24.460762,58648.17824100002,18.079,0.293,W2
QSO_4.8288771-24.460762,58648.30905699998,18.377,0.408,W2
QSO_4.8288771-24.460762,58648.439763500006,18.175,,W2
QSO_4.8288771-24.460762,58648.57043350001,18.002,,W2
QSO_4.8288771-24.460762,58648.63584150003,17.717,0.26,W2
QSO_4.8288771-24.460762,58648.70124949996,18.356,0.396,W2
QSO_4.8288771-24.460762,58648.89732749998,18.271,0.462,W2
QSO_4.8288771-24.460762,58649.158704000016,18.082,,W2
QSO_4.8288771-24.460762,58649.15884999996,17.483999999999998,,W2
QSO_4.8288771-24.460762,58649.28951999996,18.122,,W2
QSO_4.8288771-24.460762,58810.84311899999,18.391,0.493,W2
QSO_4.8288771-24.460762,58810.97382550003,18.567,0.465,W2
QSO_4.8288771-24.460762,58811.03923350004,17.724999999999998,,W2
QSO_4.8288771-24.460762,58811.16990349996,18.145,0.35,W2
QSO_4.8288771-24.460762,58811.3007195,18.216,,W2
QSO_4.8288771-24.460762,59015.71369539998,18.38,0.376,W2
QSO_4.8288771-24.460762,59015.97578800001,17.937,0.266,W2
QSO_4.8288771-24.460762,59015.97593439996,18.009,0.267,W2
QSO_4.8288771-24.460762,59016.04137520003,18.121,0.351,W2
QSO_4.8288771-24.460762,59016.106962399965,17.828,0.335,W2
QSO_4.8288771-24.460762,59016.17240320004,18.108,0.342,W2
QSO_4.8288771-24.460762,59016.43449579999,17.762999999999998,0.269,W2
QSO_4.8288771-24.460762,59016.56556040001,18.335,0.379,W2
QSO_4.8288771-24.460762,59016.69658840002,18.195,,W2
QSO_4.8288771-24.460762,59016.69673479997,18.039,0.316,W2
QSO_4.8288771-24.460762,59175.36219999997,17.894,0.35,W2
QSO_4.8288771-24.460762,59175.49322799996,18.335,,W2
QSO_4.8288771-24.460762,59175.6242926,18.218,0.464,W2
QSO_4.8288771-24.460762,59175.820798000015,18.384,0.514,W2
QSO_4.8288771-24.460762,59175.95182600001,17.729,,W2
QSO_4.8288771-24.460762,59178.50687200001,17.423,,W2
QSO_4.8288771-24.460762,59178.63793659996,17.483,0.269,W2
QSO_4.8288771-24.460762,59178.70337740003,17.916,,W2
QSO_4.8288771-24.460762,59178.76896459996,17.878,,W2
QSO_4.8288771-24.460762,59178.90002919999,17.604,,W2
QSO_4.8288771-24.460762,59380.05570099997,18.046,0.383,W2
QSO_4.8288771-24.460762,59380.18626149996,18.263,0.5,W2
QSO_4.8288771-24.460762,59380.83942899999,17.683,,W2
QSO_4.8288771-24.460762,59381.03539750001,17.779,,W2
QSO_4.8288771-24.460762,59381.16595800001,18.006,0.318,W2
QSO_4.8288771-24.460762,59542.43434600002,18.668,0.526,W2
QSO_4.8288771-24.460762,59542.56490650002,17.806,0.282,W2
QSO_4.8288771-24.460762,59542.69557650002,18.312,0.418,W2
QSO_4.8288771-24.460762,59543.15266600003,18.051,0.377,W2
QSO_4.8288771-24.460762,59543.41378700003,18.299,0.3,W2
QSO_4.8288771-24.460762,59744.77187699997,18.174,0.414,W2
QSO_4.8288771-24.460762,59744.90232799996,18.052,0.363,W2
QSO_4.8288771-24.460762,59745.032742500014,17.921,,W2
QSO_4.8288771-24.460762,59906.337229000026,18.242,0.344,W2
QSO_4.8288771-24.460762,59906.92283499999,17.93,,W2
QSO_4.8288771-24.460762,59906.98838900004,17.945,0.26,W2
QSO_4.8288771-24.460762,59907.05354150002,18.396,0.455,W2
QSO_4.8288771-24.460762,59907.183700500034,18.189,0.355,W2
QSO_4.8288771-24.460762,59907.3140055,17.845,0.232,W2
QSO_4.8288771-24.460762,60110.77131999999,18.517,0.414,W2
QSO_4.8288771-24.460762,60110.90100449996,18.192,,W2
QSO_4.8288771-24.460762,60111.225233999976,18.181,0.38,W2
QSO_4.8288771-24.460762,60111.28998499997,17.817,,W2
QSO_4.8288771-24.460762,60111.354882,18.065,,W2
QSO_4.8288771-24.460762,60111.419779000025,17.426,,W2
QSO_4.8288771-24.460762,60111.48456649997,18.468,0.41,W2
QSO_4.8288771-24.460762,60111.61425100001,18.202,0.315,W2
QSO_4.8288771-24.460762,60111.74389900004,18.339,0.404,W2
QSO_4.8288771-24.460762,60111.74404499999,18.159,0.322,W2
QSO_4.8288771-24.460762,60111.87369300001,18.526,0.434,W2
QSO_4.8288771-24.460762,60273.12237099998,18.229,0.369,W2
QSO_4.8288771-24.460762,60273.251508000016,18.502,0.505,W2
QSO_4.8288771-24.460762,60273.70352399998,17.988,0.272,W2
QSO_4.8288771-24.460762,60273.70363349999,18.197,0.326,W2
QSO_4.8288771-24.460762,60273.768165499976,17.785,0.228,W2
QSO_4.8288771-24.460762,60273.96183449999,18.176,,W2
QSO_4.8288771-24.460762,60274.09100799997,18.059,0.276,W2
QSO_4.8288771-24.460762,60475.44250420001,17.401,,W2
QSO_4.8288771-24.460762,60475.57075059997,17.602999999999998,0.29,W2
QSO_4.8288771-24.460762,60475.63480060002,17.802,0.311,W2
QSO_4.8288771-24.460762,60475.698850599976,17.99,,W2
QSO_4.8288771-24.460762,60475.89114699999,17.25,,W2
QSO_4.8288771-24.460762,60476.14749340004,17.913999999999998,0.387,W2
QSO_4.8782073-24.3732657,55362.35759250002,17.563000000000002,0.09,W1
QSO_4.8782073-24.3732657,55362.4897955,17.593,0.094,W1
QSO_4.8782073-24.3732657,55362.55586050003,17.727,0.1,W1
QSO_4.8782073-24.3732657,55362.621888999965,17.752000000000002,0.103,W1
QSO_4.8782073-24.3732657,55362.62203499999,17.662,0.098,W1
QSO_4.8782073-24.3732657,55362.688063500005,17.731,0.1,W1
QSO_4.8782073-24.3732657,55362.75409200002,17.899,0.117,W1
QSO_4.8782073-24.3732657,55362.820266499984,17.601,0.09,W1
QSO_4.8782073-24.3732657,55362.88633150002,17.808,0.129,W1
QSO_4.8782073-24.3732657,55362.95250599999,17.783,0.103,W1
QSO_4.8782073-24.3732657,55539.78004099999,18.223,0.174,W1
QSO_4.8782073-24.3732657,55539.91224399996,17.576999999999998,0.089,W1
QSO_4.8782073-24.3732657,55540.044483499965,17.625,0.103,W1
QSO_4.8782073-24.3732657,55540.11051199998,17.942999999999998,0.168,W1
QSO_4.8782073-24.3732657,55540.17654049999,17.628999999999998,0.104,W1
QSO_4.8782073-24.3732657,55540.176686500025,17.895,0.142,W1
QSO_4.8782073-24.3732657,55540.24271500003,18.107,0.155,W1
QSO_4.8782073-24.3732657,55540.30877999999,17.805,0.11,W1
QSO_4.8782073-24.3732657,55540.37495450003,17.896,0.12,W1
QSO_4.8782073-24.3732657,55544.00973399999,17.786,0.109,W1
QSO_4.8782073-24.3732657,56640.030319999976,17.967,0.134,W1
QSO_4.8782073-24.3732657,56824.379045,17.594,0.091,W1
QSO_4.8782073-24.3732657,56824.51062749997,17.619999999999997,0.089,W1
QSO_4.8782073-24.3732657,56824.77353699998,18.089,0.157,W1
QSO_4.8782073-24.3732657,56827.73222699998,17.645,0.105,W1
QSO_4.8782073-24.3732657,56827.86366350001,17.7,0.101,W1
QSO_4.8782073-24.3732657,56827.86380950004,17.808999999999997,0.111,W1
QSO_4.8782073-24.3732657,56827.995245999984,17.631,0.101,W1
QSO_4.8782073-24.3732657,57004.21826799997,17.689999999999998,0.107,W1
QSO_4.8782073-24.3732657,57004.21837749997,17.538,0.086,W1
QSO_4.8782073-24.3732657,57004.87512200002,17.647,0.111,W1
QSO_4.8782073-24.3732657,57004.94078549999,17.833,0.119,W1
QSO_4.8782073-24.3732657,57005.07211250001,17.953,0.142,W1
QSO_4.8782073-24.3732657,57005.20343950004,17.677999999999997,0.11,W1
QSO_4.8782073-24.3732657,57005.33476649998,17.686,0.102,W1
QSO_4.8782073-24.3732657,57188.719714254905,17.603,0.105,W1
QSO_4.8782073-24.3732657,57188.71986025494,17.689,0.202,W1
QSO_4.8782073-24.3732657,57189.24436527154,17.689,0.095,W1
QSO_4.8782073-24.3732657,57189.30991927366,17.505,0.085,W1
QSO_4.8782073-24.3732657,57189.375436775765,17.671,0.097,W1
QSO_4.8782073-24.3732657,57189.57217178196,17.692,0.173,W1
QSO_4.8782073-24.3732657,57189.70324328611,17.744,0.116,W1
QSO_4.8782073-24.3732657,57189.703389286144,17.692,0.102,W1
QSO_4.8782073-24.3732657,57189.83446079029,17.817999999999998,0.129,W1
QSO_4.8782073-24.3732657,57363.10484571056,17.759,0.097,W1
QSO_4.8782073-24.3732657,57363.563577725086,17.708,0.093,W1
QSO_4.8782073-24.3732657,57363.62913172722,17.564,0.217,W1
QSO_4.8782073-24.3732657,57363.694649229314,17.641,0.095,W1
QSO_4.8782073-24.3732657,57363.76005723133,17.924,0.139,W1
QSO_4.8782073-24.3732657,57364.21878924594,17.689,0.171,W1
QSO_4.8782073-24.3732657,57553.08229222045,17.759999999999998,0.115,W1
QSO_4.8782073-24.3732657,57553.34489722869,17.673000000000002,0.097,W1
QSO_4.8782073-24.3732657,57553.541768634976,17.9,0.133,W1
QSO_4.8782073-24.3732657,57553.738786441216,17.833,0.123,W1
QSO_4.8782073-24.3732657,57553.93569444744,17.744,0.152,W1
QSO_4.8782073-24.3732657,57554.06697865155,18.175,0.218,W1
QSO_4.8782073-24.3732657,57723.25601060183,17.551000000000002,0.084,W1
QSO_4.8782073-24.3732657,57723.38729480602,17.839,0.12,W1
QSO_4.8782073-24.3732657,57723.51846921012,17.651,0.096,W1
QSO_4.8782073-24.3732657,57723.51861561016,17.634,0.152,W1
QSO_4.8782073-24.3732657,57723.58420281225,17.771,0.124,W1
QSO_4.8782073-24.3732657,57723.64979001434,17.715,0.096,W1
QSO_4.8782073-24.3732657,57723.84666142054,18.136,0.159,W1
QSO_4.8782073-24.3732657,57917.80615999998,17.689,0.101,W1
QSO_4.8782073-24.3732657,57917.806306000006,17.901,0.132,W1
QSO_4.8782073-24.3732657,57917.93712199996,17.66,0.164,W1
QSO_4.8782073-24.3732657,57918.002529999976,17.999000000000002,0.125,W1
QSO_4.8782073-24.3732657,57918.06793799999,17.64,0.133,W1
QSO_4.8782073-24.3732657,57918.13334600001,17.558,0.088,W1
QSO_4.8782073-24.3732657,57918.19875400003,17.825,0.123,W1
QSO_4.8782073-24.3732657,57918.26427149997,17.689,0.102,W1
QSO_4.8782073-24.3732657,57918.3950875,17.718,0.094,W1
QSO_4.8782073-24.3732657,57918.65671949999,17.764,0.106,W1
QSO_4.8782073-24.3732657,58083.47987899998,17.573999999999998,0.086,W1
QSO_4.8782073-24.3732657,58083.61069500001,17.588,0.107,W1
QSO_4.8782073-24.3732657,58083.74151099997,17.647,0.128,W1
QSO_4.8782073-24.3732657,58084.06855099997,17.588,0.153,W1
QSO_4.8782073-24.3732657,58084.133958999984,17.834,0.121,W1
QSO_4.8782073-24.3732657,58084.199367,17.672,0.098,W1
QSO_4.8782073-24.3732657,58084.33029250004,17.697,0.151,W1
QSO_4.8782073-24.3732657,58084.46110849999,17.65,0.1,W1
QSO_4.8782073-24.3732657,58084.591924500026,17.729,0.105,W1
QSO_4.8782073-24.3732657,58086.35815950001,17.646,0.101,W1
QSO_4.8782073-24.3732657,58086.6197915,17.661,0.15,W1
QSO_4.8782073-24.3732657,58086.75060750003,17.768,0.129,W1
QSO_4.8782073-24.3732657,58087.07775700004,17.791,0.113,W1
QSO_4.8782073-24.3732657,58284.50757099999,17.795,0.108,W1
QSO_4.8782073-24.3732657,58284.83446500004,17.596,0.099,W1
QSO_4.8782073-24.3732657,58284.89987299997,17.514,0.097,W1
QSO_4.8782073-24.3732657,58285.09609700003,17.589,0.093,W1
QSO_4.8782073-24.3732657,58285.488399000016,17.68,0.104,W1
QSO_4.8782073-24.3732657,58446.83376550001,17.817999999999998,0.109,W1
QSO_4.8782073-24.3732657,58446.96458149996,17.658,0.157,W1
QSO_4.8782073-24.3732657,58447.16065949998,17.680999999999997,0.103,W1
QSO_4.8782073-24.3732657,58447.16080550001,17.692999999999998,0.096,W1
QSO_4.8782073-24.3732657,58447.29147550002,18.006999999999998,0.128,W1
QSO_4.8782073-24.3732657,58447.35688350003,17.605,0.09,W1
QSO_4.8782073-24.3732657,58447.42229149997,17.771,0.103,W1
QSO_4.8782073-24.3732657,58447.5531075,17.835,0.108,W1
QSO_4.8782073-24.3732657,58648.439763500006,17.607,0.094,W1
QSO_4.8782073-24.3732657,58648.57043350001,17.77,0.111,W1
QSO_4.8782073-24.3732657,58648.70124949996,17.708,0.097,W1
QSO_4.8782073-24.3732657,58648.89732749998,17.712,0.12,W1
QSO_4.8782073-24.3732657,58649.158704000016,18.306,0.248,W1
QSO_4.8782073-24.3732657,58649.28951999996,18.045,0.155,W1
QSO_4.8782073-24.3732657,58649.4202265,17.732,0.113,W1
QSO_4.8782073-24.3732657,58810.71244899999,17.661,0.091,W1
QSO_4.8782073-24.3732657,58810.84311899999,17.8,0.132,W1
QSO_4.8782073-24.3732657,58810.97382550003,17.805,0.187,W1
QSO_4.8782073-24.3732657,58811.03923350004,17.762999999999998,0.119,W1
QSO_4.8782073-24.3732657,58811.16990349996,17.898,0.141,W1
QSO_4.8782073-24.3732657,58811.69240099999,17.814999999999998,0.105,W1
QSO_4.8782073-24.3732657,59015.71369539998,17.765,0.103,W1
QSO_4.8782073-24.3732657,59015.97578800001,17.894,0.154,W1
QSO_4.8782073-24.3732657,59016.106962399965,17.64,0.104,W1
QSO_4.8782073-24.3732657,59016.17240320004,17.57,0.087,W1
QSO_4.8782073-24.3732657,59016.43449579999,17.624000000000002,0.096,W1
QSO_4.8782073-24.3732657,59016.56556040001,17.695999999999998,0.102,W1
QSO_4.8782073-24.3732657,59016.69658840002,17.637999999999998,0.105,W1
QSO_4.8782073-24.3732657,59016.82776279997,17.381,0.082,W1
QSO_4.8782073-24.3732657,59175.49322799996,17.634,0.104,W1
QSO_4.8782073-24.3732657,59175.6242926,17.523,0.135,W1
QSO_4.8782073-24.3732657,59175.7553206,17.689999999999998,0.154,W1
QSO_4.8782073-24.3732657,59175.820798000015,17.646,0.121,W1
QSO_4.8782073-24.3732657,59175.88638520003,17.606,0.113,W1
QSO_4.8782073-24.3732657,59178.50687200001,17.563000000000002,0.127,W1
QSO_4.8782073-24.3732657,59178.63793659996,17.819,0.121,W1
QSO_4.8782073-24.3732657,59178.76896459996,17.585,0.108,W1
QSO_4.8782073-24.3732657,59178.90002919999,17.819,0.154,W1
QSO_4.8782073-24.3732657,59380.18626149996,17.709,0.102,W1
QSO_4.8782073-24.3732657,59380.31682199997,17.725,0.105,W1
QSO_4.8782073-24.3732657,59380.83942899999,17.823,0.111,W1
QSO_4.8782073-24.3732657,59381.035251499976,17.762999999999998,0.118,W1
QSO_4.8782073-24.3732657,59381.03539750001,17.875999999999998,0.132,W1
QSO_4.8782073-24.3732657,59381.16595800001,17.738,0.11,W1
QSO_4.8782073-24.3732657,59381.29651850001,17.695,0.142,W1
QSO_4.8782073-24.3732657,59381.29662800001,17.79,0.107,W1
QSO_4.8782073-24.3732657,59542.43434600002,18.124,0.137,W1
QSO_4.8782073-24.3732657,59542.56490650002,17.749000000000002,0.124,W1
QSO_4.8782073-24.3732657,59542.69557650002,17.724,0.1,W1
QSO_4.8782073-24.3732657,59543.08740399996,17.755,0.187,W1
QSO_4.8782073-24.3732657,59543.15266600003,17.664,0.112,W1
QSO_4.8782073-24.3732657,59543.283226500025,17.841,0.106,W1
QSO_4.8782073-24.3732657,59543.41378700003,17.682000000000002,0.094,W1
QSO_4.8782073-24.3732657,59543.54434750003,17.619999999999997,0.127,W1
QSO_4.8782073-24.3732657,59543.544493499976,17.808,0.201,W1
QSO_4.8782073-24.3732657,59744.44585900003,17.769,0.108,W1
QSO_4.8782073-24.3732657,59744.6414625,17.752000000000002,0.111,W1
QSO_4.8782073-24.3732657,59744.70672449999,17.596,0.09,W1
QSO_4.8782073-24.3732657,59744.77187699997,17.805,0.108,W1
QSO_4.8782073-24.3732657,59744.90232799996,17.712,0.138,W1
QSO_4.8782073-24.3732657,59745.032742500014,17.667,0.103,W1
QSO_4.8782073-24.3732657,59745.16304749997,17.676000000000002,0.115,W1
QSO_4.8782073-24.3732657,59745.1631935,17.66,0.106,W1
QSO_4.8782073-24.3732657,59906.92283499999,17.588,0.09,W1
QSO_4.8782073-24.3732657,59906.98838900004,17.698999999999998,0.097,W1
QSO_4.8782073-24.3732657,59907.05354150002,17.750999999999998,0.112,W1
QSO_4.8782073-24.3732657,59907.183700500034,17.916,0.124,W1
QSO_4.8782073-24.3732657,59907.3140055,17.758,0.107,W1
QSO_4.8782073-24.3732657,60110.90100449996,17.611,0.097,W1
QSO_4.8782073-24.3732657,60111.16033700003,17.622999999999998,0.096,W1
QSO_4.8782073-24.3732657,60111.28998499997,17.625999999999998,0.145,W1
QSO_4.8782073-24.3732657,60111.354882,17.58,0.106,W1
QSO_4.8782073-24.3732657,60111.41966950002,17.688000000000002,0.145,W1
QSO_4.8782073-24.3732657,60111.419779000025,18.097,0.149,W1
QSO_4.8782073-24.3732657,60111.48456649997,17.698999999999998,0.104,W1
QSO_4.8782073-24.3732657,60111.54946349999,17.656,0.1,W1
QSO_4.8782073-24.3732657,60111.61425100001,17.625999999999998,0.118,W1
QSO_4.8782073-24.3732657,60111.74389900004,17.679000000000002,0.117,W1
QSO_4.8782073-24.3732657,60111.8735835,17.707,0.191,W1
QSO_4.8782073-24.3732657,60111.87369300001,17.666,0.11,W1
QSO_4.8782073-24.3732657,60273.12237099998,17.817,0.128,W1
QSO_4.8782073-24.3732657,60273.251508000016,17.966,0.147,W1
QSO_4.8782073-24.3732657,60273.70363349999,17.66,0.108,W1
QSO_4.8782073-24.3732657,60273.768165499976,17.685000000000002,0.106,W1
QSO_4.8782073-24.3732657,60273.83280699996,17.616,0.095,W1
QSO_4.8782073-24.3732657,60274.09100799997,17.714,0.106,W1
QSO_4.8782073-24.3732657,60274.220145,17.973,0.139,W1
QSO_4.8782073-24.3732657,60475.44250420001,17.464,0.114,W1
QSO_4.8782073-24.3732657,60475.57075059997,17.86,0.142,W1
QSO_4.8782073-24.3732657,60475.698850599976,17.569,0.153,W1
QSO_4.8782073-24.3732657,60475.89114699999,17.539,0.111,W1
QSO_4.8782073-24.3732657,55362.35759250002,18.492,0.372,W2
QSO_4.8782073-24.3732657,55362.4897955,18.278,0.293,W2
QSO_4.8782073-24.3732657,55362.55586050003,18.655,0.41,W2
QSO_4.8782073-24.3732657,55362.621888999965,18.215,0.261,W2
QSO_4.8782073-24.3732657,55362.62203499999,18.571,0.343,W2
QSO_4.8782073-24.3732657,55362.688063500005,18.725,0.427,W2
QSO_4.8782073-24.3732657,55362.75409200002,17.817999999999998,0.192,W2
QSO_4.8782073-24.3732657,55362.820266499984,18.542,0.369,W2
QSO_4.8782073-24.3732657,55362.88633150002,18.693,0.452,W2
QSO_4.8782073-24.3732657,55362.95250599999,18.431,0.34,W2
QSO_4.8782073-24.3732657,55539.78004099999,18.559,0.384,W2
QSO_4.8782073-24.3732657,55539.91224399996,18.483,0.36,W2
QSO_4.8782073-24.3732657,55540.044483499965,18.266,,W2
QSO_4.8782073-24.3732657,55540.11051199998,18.258,0.285,W2
QSO_4.8782073-24.3732657,55540.17654049999,18.274,0.286,W2
QSO_4.8782073-24.3732657,55540.176686500025,18.552,0.362,W2
QSO_4.8782073-24.3732657,55540.24271500003,18.507,0.363,W2
QSO_4.8782073-24.3732657,55540.30877999999,18.927,0.534,W2
QSO_4.8782073-24.3732657,55540.37495450003,18.655,,W2
QSO_4.8782073-24.3732657,55544.00973399999,18.707,0.519,W2
QSO_4.8782073-24.3732657,56640.030319999976,17.753,0.215,W2
QSO_4.8782073-24.3732657,56824.379045,18.022,0.415,W2
QSO_4.8782073-24.3732657,56824.51062749997,18.052,0.367,W2
QSO_4.8782073-24.3732657,56824.77353699998,18.197,,W2
QSO_4.8782073-24.3732657,56827.73222699998,18.101,,W2
QSO_4.8782073-24.3732657,56827.86366350001,18.617,0.445,W2
QSO_4.8782073-24.3732657,56827.86380950004,18.554,0.435,W2
QSO_4.8782073-24.3732657,56827.995245999984,18.24,0.418,W2
QSO_4.8782073-24.3732657,57004.21826799997,18.652,0.468,W2
QSO_4.8782073-24.3732657,57004.21837749997,18.15,0.282,W2
QSO_4.8782073-24.3732657,57004.87512200002,18.65,0.457,W2
QSO_4.8782073-24.3732657,57004.94078549999,18.006999999999998,,W2
QSO_4.8782073-24.3732657,57005.07211250001,18.375,,W2
QSO_4.8782073-24.3732657,57005.20343950004,18.067,0.264,W2
QSO_4.8782073-24.3732657,57005.33476649998,18.073,,W2
QSO_4.8782073-24.3732657,57188.719714254905,18.552,0.43,W2
QSO_4.8782073-24.3732657,57188.71986025494,17.863,,W2
QSO_4.8782073-24.3732657,57189.24436527154,18.312,,W2
QSO_4.8782073-24.3732657,57189.30991927366,17.764,0.251,W2
QSO_4.8782073-24.3732657,57189.375436775765,18.358,0.474,W2
QSO_4.8782073-24.3732657,57189.57217178196,18.227,0.381,W2
QSO_4.8782073-24.3732657,57189.70324328611,18.166,,W2
QSO_4.8782073-24.3732657,57189.703389286144,18.492,0.355,W2
QSO_4.8782073-24.3732657,57189.83446079029,18.157,0.278,W2
QSO_4.8782073-24.3732657,57363.10484571056,18.131,0.268,W2
QSO_4.8782073-24.3732657,57363.563577725086,18.35,0.331,W2
QSO_4.8782073-24.3732657,57363.62913172722,18.17,0.333,W2
QSO_4.8782073-24.3732657,57363.694649229314,18.43,0.496,W2
QSO_4.8782073-24.3732657,57363.76005723133,18.702,0.452,W2
QSO_4.8782073-24.3732657,57364.21878924594,18.445,0.392,W2
QSO_4.8782073-24.3732657,57553.08229222045,17.924,0.349,W2
QSO_4.8782073-24.3732657,57553.34489722869,18.569,0.434,W2
QSO_4.8782073-24.3732657,57553.541768634976,18.485,,W2
QSO_4.8782073-24.3732657,57553.738786441216,17.992,,W2
QSO_4.8782073-24.3732657,57553.93569444744,18.512,0.423,W2
QSO_4.8782073-24.3732657,57554.06697865155,17.898,,W2
QSO_4.8782073-24.3732657,57723.25601060183,17.657,,W2
QSO_4.8782073-24.3732657,57723.38729480602,18.158,,W2
QSO_4.8782073-24.3732657,57723.51846921012,18.509,0.49,W2
QSO_4.8782073-24.3732657,57723.51861561016,,,W2
QSO_4.8782073-24.3732657,57723.58420281225,18.385,,W2
QSO_4.8782073-24.3732657,57723.64979001434,18.422,,W2
QSO_4.8782073-24.3732657,57723.84666142054,17.951999999999998,0.284,W2
QSO_4.8782073-24.3732657,57917.80615999998,18.524,0.455,W2
QSO_4.8782073-24.3732657,57917.806306000006,18.402,0.346,W2
QSO_4.8782073-24.3732657,57917.93712199996,18.306,0.421,W2
QSO_4.8782073-24.3732657,57918.002529999976,18.194,,W2
QSO_4.8782073-24.3732657,57918.06793799999,17.971,,W2
QSO_4.8782073-24.3732657,57918.13334600001,18.085,0.322,W2
QSO_4.8782073-24.3732657,57918.19875400003,17.991,0.288,W2
QSO_4.8782073-24.3732657,57918.26427149997,18.442,0.354,W2
QSO_4.8782073-24.3732657,57918.3950875,18.553,0.462,W2
QSO_4.8782073-24.3732657,57918.65671949999,18.488,0.482,W2
QSO_4.8782073-24.3732657,58083.47987899998,17.968,,W2
QSO_4.8782073-24.3732657,58083.61069500001,17.229,,W2
QSO_4.8782073-24.3732657,58083.74151099997,18.388,0.439,W2
QSO_4.8782073-24.3732657,58084.06855099997,17.815,,W2
QSO_4.8782073-24.3732657,58084.133958999984,18.464,,W2
QSO_4.8782073-24.3732657,58084.199367,18.726,,W2
QSO_4.8782073-24.3732657,58084.33029250004,18.618,,W2
QSO_4.8782073-24.3732657,58084.46110849999,17.884,,W2
QSO_4.8782073-24.3732657,58084.591924500026,18.371,0.461,W2
QSO_4.8782073-24.3732657,58086.35815950001,17.677,,W2
QSO_4.8782073-24.3732657,58086.6197915,17.614,,W2
QSO_4.8782073-24.3732657,58086.75060750003,17.788,,W2
QSO_4.8782073-24.3732657,58087.07775700004,17.811,,W2
QSO_4.8782073-24.3732657,58284.50757099999,18.307,0.36,W2
QSO_4.8782073-24.3732657,58284.83446500004,18.11,0.284,W2
QSO_4.8782073-24.3732657,58284.89987299997,17.643,,W2
QSO_4.8782073-24.3732657,58285.09609700003,18.057,0.332,W2
QSO_4.8782073-24.3732657,58285.488399000016,17.999,0.42,W2
QSO_4.8782073-24.3732657,58446.83376550001,18.5,0.495,W2
QSO_4.8782073-24.3732657,58446.96458149996,18.514,,W2
QSO_4.8782073-24.3732657,58447.16065949998,18.02,,W2
QSO_4.8782073-24.3732657,58447.16080550001,18.528,0.418,W2
QSO_4.8782073-24.3732657,58447.29147550002,17.931,0.351,W2
QSO_4.8782073-24.3732657,58447.35688350003,18.197,0.299,W2
QSO_4.8782073-24.3732657,58447.42229149997,17.991,,W2
QSO_4.8782073-24.3732657,58447.5531075,18.341,,W2
QSO_4.8782073-24.3732657,58648.439763500006,18.058,,W2
QSO_4.8782073-24.3732657,58648.57043350001,17.89,,W2
QSO_4.8782073-24.3732657,58648.70124949996,18.016,0.299,W2
QSO_4.8782073-24.3732657,58648.89732749998,18.263,0.337,W2
QSO_4.8782073-24.3732657,58649.158704000016,18.665,0.475,W2
QSO_4.8782073-24.3732657,58649.28951999996,17.627,0.275,W2
QSO_4.8782073-24.3732657,58649.4202265,18.308,0.517,W2
QSO_4.8782073-24.3732657,58810.71244899999,18.314,0.287,W2
QSO_4.8782073-24.3732657,58810.84311899999,18.212,0.326,W2
QSO_4.8782073-24.3732657,58810.97382550003,18.242,0.294,W2
QSO_4.8782073-24.3732657,58811.03923350004,18.64,0.403,W2
QSO_4.8782073-24.3732657,58811.16990349996,17.951999999999998,,W2
QSO_4.8782073-24.3732657,58811.69240099999,18.165,,W2
QSO_4.8782073-24.3732657,59015.71369539998,18.147,,W2
QSO_4.8782073-24.3732657,59015.97578800001,18.487,0.519,W2
QSO_4.8782073-24.3732657,59016.106962399965,18.407,,W2
QSO_4.8782073-24.3732657,59016.17240320004,17.907,0.283,W2
QSO_4.8782073-24.3732657,59016.43449579999,17.69,,W2
QSO_4.8782073-24.3732657,59016.56556040001,17.887999999999998,,W2
QSO_4.8782073-24.3732657,59016.69658840002,17.866,,W2
QSO_4.8782073-24.3732657,59016.82776279997,18.578,0.453,W2
QSO_4.8782073-24.3732657,59175.49322799996,18.012,,W2
QSO_4.8782073-24.3732657,59175.6242926,18.073,,W2
QSO_4.8782073-24.3732657,59175.7553206,17.779,0.311,W2
QSO_4.8782073-24.3732657,59175.820798000015,,,W2
QSO_4.8782073-24.3732657,59175.88638520003,17.413999999999998,,W2
QSO_4.8782073-24.3732657,59178.50687200001,17.427,,W2
QSO_4.8782073-24.3732657,59178.63793659996,17.605,,W2
QSO_4.8782073-24.3732657,59178.76896459996,18.09,,W2
QSO_4.8782073-24.3732657,59178.90002919999,18.039,,W2
QSO_4.8782073-24.3732657,59380.18626149996,17.845,,W2
QSO_4.8782073-24.3732657,59380.31682199997,18.171,,W2
QSO_4.8782073-24.3732657,59380.83942899999,17.951999999999998,,W2
QSO_4.8782073-24.3732657,59381.035251499976,18.752,0.497,W2
QSO_4.8782073-24.3732657,59381.03539750001,18.021,0.332,W2
QSO_4.8782073-24.3732657,59381.16595800001,17.881,,W2
QSO_4.8782073-24.3732657,59381.29651850001,17.738,,W2
QSO_4.8782073-24.3732657,59381.29662800001,18.153,,W2
QSO_4.8782073-24.3732657,59542.43434600002,18.022,0.232,W2
QSO_4.8782073-24.3732657,59542.56490650002,18.5,0.415,W2
QSO_4.8782073-24.3732657,59542.69557650002,17.935,0.243,W2
QSO_4.8782073-24.3732657,59543.08740399996,18.541,0.422,W2
QSO_4.8782073-24.3732657,59543.15266600003,17.979,,W2
QSO_4.8782073-24.3732657,59543.283226500025,18.802,0.537,W2
QSO_4.8782073-24.3732657,59543.41378700003,18.323,,W2
QSO_4.8782073-24.3732657,59543.54434750003,18.205,0.32,W2
QSO_4.8782073-24.3732657,59543.544493499976,18.417,,W2
QSO_4.8782073-24.3732657,59744.44585900003,18.159,,W2
QSO_4.8782073-24.3732657,59744.6414625,18.581,0.524,W2
QSO_4.8782073-24.3732657,59744.70672449999,17.785,,W2
QSO_4.8782073-24.3732657,59744.77187699997,18.028,,W2
QSO_4.8782073-24.3732657,59744.90232799996,18.326,0.417,W2
QSO_4.8782073-24.3732657,59745.032742500014,17.883,,W2
QSO_4.8782073-24.3732657,59745.16304749997,17.966,0.268,W2
QSO_4.8782073-24.3732657,59745.1631935,18.56,0.426,W2
QSO_4.8782073-24.3732657,59906.92283499999,17.49,,W2
QSO_4.8782073-24.3732657,59906.98838900004,18.583,0.401,W2
QSO_4.8782073-24.3732657,59907.05354150002,17.913999999999998,,W2
QSO_4.8782073-24.3732657,59907.183700500034,18.11,0.261,W2
QSO_4.8782073-24.3732657,59907.3140055,18.326,0.34,W2
QSO_4.8782073-24.3732657,60110.90100449996,17.901,,W2
QSO_4.8782073-24.3732657,60111.16033700003,18.393,0.412,W2
QSO_4.8782073-24.3732657,60111.28998499997,18.277,,W2
QSO_4.8782073-24.3732657,60111.354882,18.236,0.473,W2
QSO_4.8782073-24.3732657,60111.41966950002,18.126,0.361,W2
QSO_4.8782073-24.3732657,60111.419779000025,18.282,,W2
QSO_4.8782073-24.3732657,60111.48456649997,18.687,,W2
QSO_4.8782073-24.3732657,60111.54946349999,18.191,0.387,W2
QSO_4.8782073-24.3732657,60111.61425100001,18.246,,W2
QSO_4.8782073-24.3732657,60111.74389900004,18.468,0.477,W2
QSO_4.8782073-24.3732657,60111.8735835,17.705,,W2
QSO_4.8782073-24.3732657,60111.87369300001,17.912,0.381,W2
QSO_4.8782073-24.3732657,60273.12237099998,17.715,,W2
QSO_4.8782073-24.3732657,60273.251508000016,18.498,0.542,W2
QSO_4.8782073-24.3732657,60273.70363349999,17.926,0.325,W2
QSO_4.8782073-24.3732657,60273.768165499976,18.411,0.374,W2
QSO_4.8782073-24.3732657,60273.83280699996,18.147,,W2
QSO_4.8782073-24.3732657,60274.09100799997,18.173,0.307,W2
QSO_4.8782073-24.3732657,60274.220145,18.262,0.376,W2
QSO_4.8782073-24.3732657,60475.44250420001,18.447,0.509,W2
QSO_4.8782073-24.3732657,60475.57075059997,18.444,,W2
QSO_4.8782073-24.3732657,60475.698850599976,17.751,0.416,W2
QSO_4.8782073-24.3732657,60475.89114699999,17.791999999999998,,W2
QSO_4.9463167-24.2301625,55362.357483000014,17.646,0.095,W1
QSO_4.9463167-24.2301625,55362.35759250002,17.625999999999998,0.094,W1
QSO_4.9463167-24.2301625,55362.48968599999,17.542,0.084,W1
QSO_4.9463167-24.2301625,55362.621888999965,17.843,0.12,W1
QSO_4.9463167-24.2301625,55362.688063500005,18.006999999999998,0.137,W1
QSO_4.9463167-24.2301625,55362.75409200002,17.500999999999998,0.083,W1
QSO_4.9463167-24.2301625,55362.820266499984,17.509999999999998,0.083,W1
QSO_4.9463167-24.2301625,55362.88633150002,17.467,0.082,W1
QSO_4.9463167-24.2301625,55362.95250599999,17.68,0.1,W1
QSO_4.9463167-24.2301625,55363.0185345,17.726,0.1,W1
QSO_4.9463167-24.2301625,55363.34900549999,17.787,0.116,W1
QSO_4.9463167-24.2301625,55363.34911499999,17.686,0.107,W1
QSO_4.9463167-24.2301625,55539.780187000026,17.746000000000002,0.108,W1
QSO_4.9463167-24.2301625,55539.91224399996,17.695,0.118,W1
QSO_4.9463167-24.2301625,55540.044483499965,17.913,0.122,W1
QSO_4.9463167-24.2301625,55540.176686500025,17.593,0.093,W1
QSO_4.9463167-24.2301625,55540.24271500003,17.788,0.111,W1
QSO_4.9463167-24.2301625,55540.30877999999,17.919,0.123,W1
QSO_4.9463167-24.2301625,55540.37495450003,17.811999999999998,0.111,W1
QSO_4.9463167-24.2301625,55540.44098299997,17.717,0.103,W1
QSO_4.9463167-24.2301625,55540.77145400003,17.484,0.088,W1
QSO_4.9463167-24.2301625,55544.00973399999,17.725,0.106,W1
QSO_4.9463167-24.2301625,56640.030319999976,17.649,0.102,W1
QSO_4.9463167-24.2301625,56640.096238999984,17.634,0.096,W1
QSO_4.9463167-24.2301625,56640.16201200004,17.698999999999998,0.102,W1
QSO_4.9463167-24.2301625,56824.379045,17.652,0.097,W1
QSO_4.9463167-24.2301625,56824.51048150002,17.912,0.117,W1
QSO_4.9463167-24.2301625,56824.77353699998,17.677999999999997,0.15,W1
QSO_4.9463167-24.2301625,56827.73222699998,17.643,0.1,W1
QSO_4.9463167-24.2301625,56827.86366350001,17.747999999999998,0.125,W1
QSO_4.9463167-24.2301625,56827.995245999984,17.783,0.146,W1
QSO_4.9463167-24.2301625,56828.38973799997,17.680999999999997,0.095,W1
QSO_4.9463167-24.2301625,57004.87512200002,17.829,0.117,W1
QSO_4.9463167-24.2301625,57004.94078549999,17.53,0.098,W1
QSO_4.9463167-24.2301625,57005.00644900005,17.692999999999998,0.105,W1
QSO_4.9463167-24.2301625,57005.07211250001,17.598,0.089,W1
QSO_4.9463167-24.2301625,57005.20343950004,17.933,0.117,W1
QSO_4.9463167-24.2301625,57005.33487599999,17.759,0.209,W1
QSO_4.9463167-24.2301625,57189.24425577161,17.793,0.114,W1
QSO_4.9463167-24.2301625,57189.24436527154,17.692999999999998,0.099,W1
QSO_4.9463167-24.2301625,57189.30991927366,17.784,0.101,W1
QSO_4.9463167-24.2301625,57189.375436775765,17.654,0.104,W1
QSO_4.9463167-24.2301625,57189.50650827991,17.974,0.124,W1
QSO_4.9463167-24.2301625,57189.50665427986,17.929000000000002,0.144,W1
QSO_4.9463167-24.2301625,57189.57217178196,17.775,0.13,W1
QSO_4.9463167-24.2301625,57189.70324328611,18.039,0.178,W1
QSO_4.9463167-24.2301625,57189.83446079029,17.467,0.088,W1
QSO_4.9463167-24.2301625,57363.62913172722,18.141,0.168,W1
QSO_4.9463167-24.2301625,57363.694649229314,17.648,0.089,W1
QSO_4.9463167-24.2301625,57363.89123823548,17.478,0.142,W1
QSO_4.9463167-24.2301625,57363.95679223761,17.592,0.086,W1
QSO_4.9463167-24.2301625,57553.34489722869,17.804000000000002,0.107,W1
QSO_4.9463167-24.2301625,57553.738786441216,17.680999999999997,0.157,W1
QSO_4.9463167-24.2301625,57553.87010724536,17.701,0.1,W1
QSO_4.9463167-24.2301625,57553.93569444744,17.872,0.111,W1
QSO_4.9463167-24.2301625,57554.06697865155,17.875999999999998,0.11,W1
QSO_4.9463167-24.2301625,57554.32958365988,17.682000000000002,0.102,W1
QSO_4.9463167-24.2301625,57723.25601060183,17.881999999999998,0.132,W1
QSO_4.9463167-24.2301625,57723.38729480602,17.963,0.143,W1
QSO_4.9463167-24.2301625,57723.51861561016,17.932000000000002,0.122,W1
QSO_4.9463167-24.2301625,57723.58420281225,17.61,0.152,W1
QSO_4.9463167-24.2301625,57723.64979001434,17.839,0.109,W1
QSO_4.9463167-24.2301625,57723.781074218445,17.802,0.106,W1
QSO_4.9463167-24.2301625,57723.84666142054,17.634999999999998,0.112,W1
QSO_4.9463167-24.2301625,57723.8468078205,18.085,0.262,W1
QSO_4.9463167-24.2301625,57917.80615999998,17.697,0.106,W1
QSO_4.9463167-24.2301625,57917.93712199996,17.707,0.109,W1
QSO_4.9463167-24.2301625,57918.06793799999,17.738,0.127,W1
QSO_4.9463167-24.2301625,57918.13334600001,17.669,0.108,W1
QSO_4.9463167-24.2301625,57918.19875400003,17.775,0.181,W1
QSO_4.9463167-24.2301625,57918.32956999998,17.922,0.138,W1
QSO_4.9463167-24.2301625,57918.329679499984,17.668,0.12,W1
QSO_4.9463167-24.2301625,57918.3950875,17.58,0.094,W1
QSO_4.9463167-24.2301625,57918.65671949999,17.759,0.153,W1
QSO_4.9463167-24.2301625,58083.61069500001,17.709,0.1,W1
QSO_4.9463167-24.2301625,58083.74151099997,17.983,0.133,W1
QSO_4.9463167-24.2301625,58084.06855099997,17.575,0.095,W1
QSO_4.9463167-24.2301625,58084.06866049997,17.707,0.094,W1
QSO_4.9463167-24.2301625,58084.13406849999,18.005,0.144,W1
QSO_4.9463167-24.2301625,58084.26488450002,17.786,0.111,W1
QSO_4.9463167-24.2301625,58084.33029250004,17.564999999999998,0.221,W1
QSO_4.9463167-24.2301625,58084.46110849999,17.747999999999998,0.112,W1
QSO_4.9463167-24.2301625,58084.591924500026,17.717,0.103,W1
QSO_4.9463167-24.2301625,58086.6197915,17.959,0.203,W1
QSO_4.9463167-24.2301625,58087.07775700004,17.576999999999998,0.133,W1
QSO_4.9463167-24.2301625,58087.470204999976,17.727,0.106,W1
QSO_4.9463167-24.2301625,58087.47035100001,17.494999999999997,0.105,W1
QSO_4.9463167-24.2301625,58284.50757099999,18.168,0.178,W1
QSO_4.9463167-24.2301625,58284.89987299997,17.439,0.122,W1
QSO_4.9463167-24.2301625,58285.09609700003,17.756,0.106,W1
QSO_4.9463167-24.2301625,58285.16139549996,17.778,0.136,W1
QSO_4.9463167-24.2301625,58285.16150499996,17.721,0.111,W1
QSO_4.9463167-24.2301625,58285.61921499997,17.467,0.094,W1
QSO_4.9463167-24.2301625,58446.83376550001,17.868000000000002,0.11,W1
QSO_4.9463167-24.2301625,58446.96458149996,17.811,0.104,W1
QSO_4.9463167-24.2301625,58447.29147550002,17.689,0.097,W1
QSO_4.9463167-24.2301625,58447.35688350003,17.895,0.117,W1
QSO_4.9463167-24.2301625,58447.42229149997,17.941000000000003,0.221,W1
QSO_4.9463167-24.2301625,58447.48769949999,17.533,0.089,W1
QSO_4.9463167-24.2301625,58447.5531075,17.779,0.111,W1
QSO_4.9463167-24.2301625,58648.439763500006,17.659,0.102,W1
QSO_4.9463167-24.2301625,58648.57043350001,17.750999999999998,0.107,W1
QSO_4.9463167-24.2301625,58648.70110350001,17.584,0.195,W1
QSO_4.9463167-24.2301625,58648.89721799998,17.572,0.102,W1
QSO_4.9463167-24.2301625,58648.89732749998,17.802999999999997,0.115,W1
QSO_4.9463167-24.2301625,58649.158704000016,17.717,0.112,W1
QSO_4.9463167-24.2301625,58649.28951999996,17.566000000000003,0.094,W1
QSO_4.9463167-24.2301625,58649.4202265,17.829,0.11,W1
QSO_4.9463167-24.2301625,58649.5508965,17.602,0.095,W1
QSO_4.9463167-24.2301625,58649.55104250003,17.698,0.096,W1
QSO_4.9463167-24.2301625,58810.84311899999,17.509,0.102,W1
QSO_4.9463167-24.2301625,58810.97382550003,17.703,0.102,W1
QSO_4.9463167-24.2301625,58811.3007195,17.604,0.097,W1
QSO_4.9463167-24.2301625,58811.69240099999,17.871000000000002,0.29,W1
QSO_4.9463167-24.2301625,59015.97578800001,17.6,0.09,W1
QSO_4.9463167-24.2301625,59016.368908599965,17.358,0.129,W1
QSO_4.9463167-24.2301625,59016.43449579999,17.717,0.1,W1
QSO_4.9463167-24.2301625,59016.4999732,17.93,0.151,W1
QSO_4.9463167-24.2301625,59016.500083,17.799,0.143,W1
QSO_4.9463167-24.2301625,59016.56556040001,17.851,0.117,W1
QSO_4.9463167-24.2301625,59016.69658840002,17.555,0.11,W1
QSO_4.9463167-24.2301625,59016.95868099997,17.851,0.122,W1
QSO_4.9463167-24.2301625,59175.6242926,18.305,0.201,W1
QSO_4.9463167-24.2301625,59175.7553206,17.841,0.165,W1
QSO_4.9463167-24.2301625,59175.88638520003,17.911,0.165,W1
QSO_4.9463167-24.2301625,59178.50687200001,17.786,0.113,W1
QSO_4.9463167-24.2301625,59178.63793659996,17.689999999999998,0.119,W1
QSO_4.9463167-24.2301625,59178.76896459996,17.514,0.1,W1
QSO_4.9463167-24.2301625,59178.90002919999,17.820999999999998,0.148,W1
QSO_4.9463167-24.2301625,59380.31682199997,17.692999999999998,0.112,W1
QSO_4.9463167-24.2301625,59380.839282999965,18.631,0.344,W1
QSO_4.9463167-24.2301625,59380.9699895,17.768,0.11,W1
QSO_4.9463167-24.2301625,59381.035251499976,17.797,0.18,W1
QSO_4.9463167-24.2301625,59381.16595800001,17.624000000000002,0.096,W1
QSO_4.9463167-24.2301625,59381.29651850001,17.948,0.146,W1
QSO_4.9463167-24.2301625,59381.42718850001,17.527,0.1,W1
QSO_4.9463167-24.2301625,59542.69557650002,17.584,0.09,W1
QSO_4.9463167-24.2301625,59543.08740399996,17.799,0.101,W1
QSO_4.9463167-24.2301625,59543.15266600003,17.653,0.1,W1
QSO_4.9463167-24.2301625,59543.21796449996,17.686,0.097,W1
QSO_4.9463167-24.2301625,59543.283226500025,17.692,0.095,W1
QSO_4.9463167-24.2301625,59543.41378700003,17.582,0.088,W1
QSO_4.9463167-24.2301625,59543.544493499976,17.517,0.099,W1
QSO_4.9463167-24.2301625,59543.67505399997,17.622999999999998,0.093,W1
QSO_4.9463167-24.2301625,59744.44585900003,17.936,0.132,W1
QSO_4.9463167-24.2301625,59744.6414625,17.901,0.125,W1
QSO_4.9463167-24.2301625,59744.70672449999,17.743000000000002,0.109,W1
QSO_4.9463167-24.2301625,59744.77187699997,17.956,0.128,W1
QSO_4.9463167-24.2301625,59744.83702950004,17.904,0.16,W1
QSO_4.9463167-24.2301625,59744.90232799996,17.735,0.111,W1
QSO_4.9463167-24.2301625,59745.032742500014,17.805999999999997,0.108,W1
QSO_4.9463167-24.2301625,59745.16304749997,17.613,0.129,W1
QSO_4.9463167-24.2301625,59906.92283499999,17.802,0.123,W1
QSO_4.9463167-24.2301625,59906.98838900004,17.558999999999997,0.086,W1
QSO_4.9463167-24.2301625,59907.05354150002,17.697,0.134,W1
QSO_4.9463167-24.2301625,59907.118694,17.797,0.1,W1
QSO_4.9463167-24.2301625,59907.183700500034,17.603,0.094,W1
QSO_4.9463167-24.2301625,59907.18384649998,17.814,0.102,W1
QSO_4.9463167-24.2301625,59907.3140055,17.839,0.107,W1
QSO_4.9463167-24.2301625,59907.44431050004,17.974,0.209,W1
QSO_4.9463167-24.2301625,60111.16033700003,17.661,0.111,W1
QSO_4.9463167-24.2301625,60111.28998499997,17.752000000000002,0.126,W1
QSO_4.9463167-24.2301625,60111.41966950002,17.736,0.125,W1
QSO_4.9463167-24.2301625,60111.48456649997,17.797,0.11,W1
QSO_4.9463167-24.2301625,60111.54935399999,17.927999999999997,0.138,W1
QSO_4.9463167-24.2301625,60111.54946349999,17.535,0.109,W1
QSO_4.9463167-24.2301625,60111.61425100001,17.506,0.093,W1
QSO_4.9463167-24.2301625,60111.67914799996,17.731,0.152,W1
QSO_4.9463167-24.2301625,60111.74389900004,17.619999999999997,0.151,W1
QSO_4.9463167-24.2301625,60111.8735835,17.61,0.106,W1
QSO_4.9463167-24.2301625,60273.251508000016,17.707,0.116,W1
QSO_4.9463167-24.2301625,60273.70363349999,17.657,0.101,W1
QSO_4.9463167-24.2301625,60273.768165499976,17.834,0.114,W1
QSO_4.9463167-24.2301625,60273.83280699996,17.765,0.114,W1
QSO_4.9463167-24.2301625,60273.89730250001,17.73,0.104,W1
QSO_4.9463167-24.2301625,60273.961980500026,17.868000000000002,0.171,W1
QSO_4.9463167-24.2301625,60274.09111749997,17.52,0.092,W1
QSO_4.9463167-24.2301625,60274.220145,17.851,0.12,W1
QSO_4.9463167-24.2301625,60274.220291000034,17.851,0.146,W1
QSO_4.9463167-24.2301625,60475.44250420001,17.715,0.121,W1
QSO_4.9463167-24.2301625,60475.698850599976,17.918,0.145,W1
QSO_4.9463167-24.2301625,60475.89103719998,17.743000000000002,0.133,W1
QSO_4.9463167-24.2301625,60475.89114699999,17.695,0.124,W1
QSO_4.9463167-24.2301625,60476.08333359999,17.8,0.123,W1
QSO_4.9463167-24.2301625,60476.53183000001,17.764,0.132,W1
QSO_4.9463167-24.2301625,55362.357483000014,18.315,0.291,W2
QSO_4.9463167-24.2301625,55362.35759250002,18.183,0.261,W2
QSO_4.9463167-24.2301625,55362.48968599999,17.902,0.225,W2
QSO_4.9463167-24.2301625,55362.621888999965,18.07,0.261,W2
QSO_4.9463167-24.2301625,55362.688063500005,18.214,0.282,W2
QSO_4.9463167-24.2301625,55362.75409200002,18.84,0.482,W2
QSO_4.9463167-24.2301625,55362.820266499984,18.326,0.305,W2
QSO_4.9463167-24.2301625,55362.88633150002,18.085,0.27,W2
QSO_4.9463167-24.2301625,55362.95250599999,18.601,0.387,W2
QSO_4.9463167-24.2301625,55363.0185345,18.285,0.264,W2
QSO_4.9463167-24.2301625,55363.34900549999,18.816,0.448,W2
QSO_4.9463167-24.2301625,55363.34911499999,17.891,0.225,W2
QSO_4.9463167-24.2301625,55539.780187000026,18.05,0.246,W2
QSO_4.9463167-24.2301625,55539.91224399996,18.037,0.234,W2
QSO_4.9463167-24.2301625,55540.044483499965,17.929,0.215,W2
QSO_4.9463167-24.2301625,55540.176686500025,18.418,0.339,W2
QSO_4.9463167-24.2301625,55540.24271500003,18.592,0.384,W2
QSO_4.9463167-24.2301625,55540.30877999999,18.068,0.254,W2
QSO_4.9463167-24.2301625,55540.37495450003,17.968,0.241,W2
QSO_4.9463167-24.2301625,55540.44098299997,18.268,0.317,W2
QSO_4.9463167-24.2301625,55540.77145400003,18.133,0.264,W2
QSO_4.9463167-24.2301625,55544.00973399999,18.159,0.318,W2
QSO_4.9463167-24.2301625,56640.030319999976,17.994,0.298,W2
QSO_4.9463167-24.2301625,56640.096238999984,18.165,0.327,W2
QSO_4.9463167-24.2301625,56640.16201200004,17.727999999999998,0.31,W2
QSO_4.9463167-24.2301625,56824.379045,17.971,0.243,W2
QSO_4.9463167-24.2301625,56824.51048150002,18.152,0.28,W2
QSO_4.9463167-24.2301625,56824.77353699998,18.338,0.403,W2
QSO_4.9463167-24.2301625,56827.73222699998,18.795,0.538,W2
QSO_4.9463167-24.2301625,56827.86366350001,18.648,0.504,W2
QSO_4.9463167-24.2301625,56827.995245999984,18.145,0.363,W2
QSO_4.9463167-24.2301625,56828.38973799997,18.044,,W2
QSO_4.9463167-24.2301625,57004.87512200002,18.562,0.439,W2
QSO_4.9463167-24.2301625,57004.94078549999,18.194,0.328,W2
QSO_4.9463167-24.2301625,57005.00644900005,18.387,0.35,W2
QSO_4.9463167-24.2301625,57005.07211250001,17.724999999999998,0.194,W2
QSO_4.9463167-24.2301625,57005.20343950004,18.425,0.381,W2
QSO_4.9463167-24.2301625,57005.33487599999,18.212,0.319,W2
QSO_4.9463167-24.2301625,57189.24425577161,18.444,0.371,W2
QSO_4.9463167-24.2301625,57189.24436527154,18.52,0.373,W2
QSO_4.9463167-24.2301625,57189.30991927366,17.717,,W2
QSO_4.9463167-24.2301625,57189.375436775765,18.398,0.425,W2
QSO_4.9463167-24.2301625,57189.50650827991,18.334,,W2
QSO_4.9463167-24.2301625,57189.50665427986,18.233,0.288,W2
QSO_4.9463167-24.2301625,57189.57217178196,18.1,0.284,W2
QSO_4.9463167-24.2301625,57189.70324328611,18.363,0.37,W2
QSO_4.9463167-24.2301625,57189.83446079029,17.753,,W2
QSO_4.9463167-24.2301625,57363.62913172722,18.429,0.442,W2
QSO_4.9463167-24.2301625,57363.694649229314,18.182,,W2
QSO_4.9463167-24.2301625,57363.89123823548,17.998,0.291,W2
QSO_4.9463167-24.2301625,57363.95679223761,18.152,0.248,W2
QSO_4.9463167-24.2301625,57553.34489722869,18.3,0.349,W2
QSO_4.9463167-24.2301625,57553.738786441216,17.805,,W2
QSO_4.9463167-24.2301625,57553.87010724536,17.876,,W2
QSO_4.9463167-24.2301625,57553.93569444744,18.111,0.32,W2
QSO_4.9463167-24.2301625,57554.06697865155,18.552,0.475,W2
QSO_4.9463167-24.2301625,57554.32958365988,18.324,0.4,W2
QSO_4.9463167-24.2301625,57723.25601060183,18.313,0.349,W2
QSO_4.9463167-24.2301625,57723.38729480602,18.258,0.348,W2
QSO_4.9463167-24.2301625,57723.51861561016,18.432,0.372,W2
QSO_4.9463167-24.2301625,57723.58420281225,17.862,0.229,W2
QSO_4.9463167-24.2301625,57723.64979001434,17.928,0.22,W2
QSO_4.9463167-24.2301625,57723.781074218445,17.813,0.233,W2
QSO_4.9463167-24.2301625,57723.84666142054,18.94,0.521,W2
QSO_4.9463167-24.2301625,57723.8468078205,17.894,0.235,W2
QSO_4.9463167-24.2301625,57917.80615999998,18.671,0.456,W2
QSO_4.9463167-24.2301625,57917.93712199996,17.996,0.342,W2
QSO_4.9463167-24.2301625,57918.06793799999,18.593,0.54,W2
QSO_4.9463167-24.2301625,57918.13334600001,17.951,0.258,W2
QSO_4.9463167-24.2301625,57918.19875400003,18.503,,W2
QSO_4.9463167-24.2301625,57918.32956999998,17.993,0.273,W2
QSO_4.9463167-24.2301625,57918.329679499984,18.091,0.313,W2
QSO_4.9463167-24.2301625,57918.3950875,17.837,0.242,W2
QSO_4.9463167-24.2301625,57918.65671949999,18.105,,W2
QSO_4.9463167-24.2301625,58083.61069500001,18.065,0.337,W2
QSO_4.9463167-24.2301625,58083.74151099997,18.346,0.401,W2
QSO_4.9463167-24.2301625,58084.06855099997,18.051,,W2
QSO_4.9463167-24.2301625,58084.06866049997,18.026,,W2
QSO_4.9463167-24.2301625,58084.13406849999,18.388,0.424,W2
QSO_4.9463167-24.2301625,58084.26488450002,17.980999999999998,0.329,W2
QSO_4.9463167-24.2301625,58084.33029250004,17.994,0.358,W2
QSO_4.9463167-24.2301625,58084.46110849999,17.977,,W2
QSO_4.9463167-24.2301625,58084.591924500026,17.878,,W2
QSO_4.9463167-24.2301625,58086.6197915,17.868,,W2
QSO_4.9463167-24.2301625,58087.07775700004,17.579,,W2
QSO_4.9463167-24.2301625,58087.470204999976,17.706,,W2
QSO_4.9463167-24.2301625,58087.47035100001,,,W2
QSO_4.9463167-24.2301625,58284.50757099999,18.156,0.313,W2
QSO_4.9463167-24.2301625,58284.89987299997,17.678,,W2
QSO_4.9463167-24.2301625,58285.09609700003,18.387,0.381,W2
QSO_4.9463167-24.2301625,58285.16139549996,18.431,0.41,W2
QSO_4.9463167-24.2301625,58285.16150499996,18.023,0.365,W2
QSO_4.9463167-24.2301625,58285.61921499997,18.868,0.496,W2
QSO_4.9463167-24.2301625,58446.83376550001,17.871,0.224,W2
QSO_4.9463167-24.2301625,58446.96458149996,18.652,0.439,W2
QSO_4.9463167-24.2301625,58447.29147550002,17.873,0.355,W2
QSO_4.9463167-24.2301625,58447.35688350003,17.741,0.311,W2
QSO_4.9463167-24.2301625,58447.42229149997,18.324,0.471,W2
QSO_4.9463167-24.2301625,58447.48769949999,18.23,0.288,W2
QSO_4.9463167-24.2301625,58447.5531075,18.13,0.331,W2
QSO_4.9463167-24.2301625,58648.439763500006,18.026,0.271,W2
QSO_4.9463167-24.2301625,58648.57043350001,18.64,0.496,W2
QSO_4.9463167-24.2301625,58648.70110350001,17.744,0.235,W2
QSO_4.9463167-24.2301625,58648.89721799998,18.313,0.37,W2
QSO_4.9463167-24.2301625,58648.89732749998,18.751,0.519,W2
QSO_4.9463167-24.2301625,58649.158704000016,17.655,,W2
QSO_4.9463167-24.2301625,58649.28951999996,18.039,0.474,W2
QSO_4.9463167-24.2301625,58649.4202265,18.483,0.424,W2
QSO_4.9463167-24.2301625,58649.5508965,17.791,0.232,W2
QSO_4.9463167-24.2301625,58649.55104250003,18.839,0.521,W2
QSO_4.9463167-24.2301625,58810.84311899999,17.846,,W2
QSO_4.9463167-24.2301625,58810.97382550003,18.451,0.4,W2
QSO_4.9463167-24.2301625,58811.3007195,17.499,0.169,W2
QSO_4.9463167-24.2301625,58811.69240099999,17.907,0.212,W2
QSO_4.9463167-24.2301625,59015.97578800001,17.815,0.238,W2
QSO_4.9463167-24.2301625,59016.368908599965,18.309,,W2
QSO_4.9463167-24.2301625,59016.43449579999,18.534,0.463,W2
QSO_4.9463167-24.2301625,59016.4999732,17.788,,W2
QSO_4.9463167-24.2301625,59016.500083,18.056,,W2
QSO_4.9463167-24.2301625,59016.56556040001,18.123,,W2
QSO_4.9463167-24.2301625,59016.69658840002,18.193,0.316,W2
QSO_4.9463167-24.2301625,59016.95868099997,17.808,0.319,W2
QSO_4.9463167-24.2301625,59175.6242926,17.858,0.252,W2
QSO_4.9463167-24.2301625,59175.7553206,18.402,0.467,W2
QSO_4.9463167-24.2301625,59175.88638520003,17.532,,W2
QSO_4.9463167-24.2301625,59178.50687200001,17.634,,W2
QSO_4.9463167-24.2301625,59178.63793659996,18.039,,W2
QSO_4.9463167-24.2301625,59178.76896459996,17.774,,W2
QSO_4.9463167-24.2301625,59178.90002919999,18.035,,W2
QSO_4.9463167-24.2301625,59380.31682199997,18.442,0.417,W2
QSO_4.9463167-24.2301625,59380.839282999965,18.103,0.342,W2
QSO_4.9463167-24.2301625,59380.9699895,17.817999999999998,,W2
QSO_4.9463167-24.2301625,59381.035251499976,17.846999999999998,,W2
QSO_4.9463167-24.2301625,59381.16595800001,17.855,,W2
QSO_4.9463167-24.2301625,59381.29651850001,17.703,,W2
QSO_4.9463167-24.2301625,59381.42718850001,18.006999999999998,0.431,W2
QSO_4.9463167-24.2301625,59542.69557650002,18.003999999999998,0.285,W2
QSO_4.9463167-24.2301625,59543.08740399996,17.874,0.337,W2
QSO_4.9463167-24.2301625,59543.15266600003,18.309,0.35,W2
QSO_4.9463167-24.2301625,59543.21796449996,18.364,0.38,W2
QSO_4.9463167-24.2301625,59543.283226500025,17.867,0.248,W2
QSO_4.9463167-24.2301625,59543.41378700003,18.085,0.331,W2
QSO_4.9463167-24.2301625,59543.544493499976,18.578,0.503,W2
QSO_4.9463167-24.2301625,59543.67505399997,18.135,0.26,W2
QSO_4.9463167-24.2301625,59744.44585900003,18.031,0.369,W2
QSO_4.9463167-24.2301625,59744.6414625,18.064,0.303,W2
QSO_4.9463167-24.2301625,59744.70672449999,18.172,,W2
QSO_4.9463167-24.2301625,59744.77187699997,17.807,,W2
QSO_4.9463167-24.2301625,59744.83702950004,18.257,0.385,W2
QSO_4.9463167-24.2301625,59744.90232799996,17.881999999999998,0.323,W2
QSO_4.9463167-24.2301625,59745.032742500014,18.832,0.51,W2
QSO_4.9463167-24.2301625,59745.16304749997,17.442,,W2
QSO_4.9463167-24.2301625,59906.92283499999,17.927,0.307,W2
QSO_4.9463167-24.2301625,59906.98838900004,17.648,0.189,W2
QSO_4.9463167-24.2301625,59907.05354150002,18.023,,W2
QSO_4.9463167-24.2301625,59907.118694,18.41,0.338,W2
QSO_4.9463167-24.2301625,59907.183700500034,18.156,0.253,W2
QSO_4.9463167-24.2301625,59907.18384649998,18.479,0.371,W2
QSO_4.9463167-24.2301625,59907.3140055,17.613,0.238,W2
QSO_4.9463167-24.2301625,59907.44431050004,17.97,0.265,W2
QSO_4.9463167-24.2301625,60111.16033700003,17.944,0.296,W2
QSO_4.9463167-24.2301625,60111.28998499997,17.992,,W2
QSO_4.9463167-24.2301625,60111.41966950002,18.186,,W2
QSO_4.9463167-24.2301625,60111.48456649997,17.823999999999998,,W2
QSO_4.9463167-24.2301625,60111.54935399999,18.42,0.445,W2
QSO_4.9463167-24.2301625,60111.54946349999,18.05,0.292,W2
QSO_4.9463167-24.2301625,60111.61425100001,18.314,0.516,W2
QSO_4.9463167-24.2301625,60111.67914799996,17.832,0.317,W2
QSO_4.9463167-24.2301625,60111.74389900004,17.948999999999998,0.292,W2
QSO_4.9463167-24.2301625,60111.8735835,18.027,0.35,W2
QSO_4.9463167-24.2301625,60273.251508000016,18.149,,W2
QSO_4.9463167-24.2301625,60273.70363349999,17.99,0.268,W2
QSO_4.9463167-24.2301625,60273.768165499976,17.956,,W2
QSO_4.9463167-24.2301625,60273.83280699996,17.901,,W2
QSO_4.9463167-24.2301625,60273.89730250001,18.236,0.332,W2
QSO_4.9463167-24.2301625,60273.961980500026,18.272,0.393,W2
QSO_4.9463167-24.2301625,60274.09111749997,18.025,0.273,W2
QSO_4.9463167-24.2301625,60274.220145,17.781,0.231,W2
QSO_4.9463167-24.2301625,60274.220291000034,18.462,0.404,W2
QSO_4.9463167-24.2301625,60475.44250420001,17.714,0.316,W2
QSO_4.9463167-24.2301625,60475.698850599976,18.103,0.418,W2
QSO_4.9463167-24.2301625,60475.89103719998,17.983999999999998,,W2
QSO_4.9463167-24.2301625,60475.89114699999,18.067,0.42,W2
QSO_4.9463167-24.2301625,60476.08333359999,18.254,0.464,W2
QSO_4.9463167-24.2301625,60476.53183000001,17.891,,W2
QSO_4.7423833-24.2608729,55362.357483000014,17.451999999999998,0.081,W1
QSO_4.7423833-24.2608729,55362.48968599999,17.743000000000002,0.103,W1
QSO_4.7423833-24.2608729,55362.55586050003,17.709,0.11,W1
QSO_4.7423833-24.2608729,55362.621888999965,17.736,0.109,W1
QSO_4.7423833-24.2608729,55362.688063500005,17.624000000000002,0.101,W1
QSO_4.7423833-24.2608729,55362.75409200002,17.683,0.112,W1
QSO_4.7423833-24.2608729,55362.820266499984,17.512,0.084,W1
QSO_4.7423833-24.2608729,55362.95250599999,17.683,0.1,W1
QSO_4.7423833-24.2608729,55539.780187000026,17.695,0.103,W1
QSO_4.7423833-24.2608729,55539.91224399996,17.683999999999997,0.13,W1
QSO_4.7423833-24.2608729,55539.97841850001,17.383,0.08,W1
QSO_4.7423833-24.2608729,55540.044483499965,17.665,0.098,W1
QSO_4.7423833-24.2608729,55540.11051199998,17.731,0.107,W1
QSO_4.7423833-24.2608729,55540.176686500025,17.673000000000002,0.101,W1
QSO_4.7423833-24.2608729,55540.24271500003,17.938000000000002,0.125,W1
QSO_4.7423833-24.2608729,55540.37495450003,17.538,0.089,W1
QSO_4.7423833-24.2608729,55544.00973399999,17.828,0.119,W1
QSO_4.7423833-24.2608729,56824.379045,17.731,0.104,W1
QSO_4.7423833-24.2608729,56824.51048150002,17.671,0.171,W1
QSO_4.7423833-24.2608729,56824.77353699998,17.762,0.115,W1
QSO_4.7423833-24.2608729,56827.73222699998,17.731,0.104,W1
QSO_4.7423833-24.2608729,56827.86366350001,17.560000000000002,0.099,W1
QSO_4.7423833-24.2608729,56827.995245999984,17.831,0.144,W1
QSO_4.7423833-24.2608729,57004.21837749997,17.488999999999997,0.113,W1
QSO_4.7423833-24.2608729,57004.94078549999,17.852,0.111,W1
QSO_4.7423833-24.2608729,57005.07211250001,17.701999999999998,0.117,W1
QSO_4.7423833-24.2608729,57005.20343950004,17.606,0.093,W1
QSO_4.7423833-24.2608729,57005.20354899996,17.676000000000002,0.109,W1
QSO_4.7423833-24.2608729,57188.719714254905,17.797,0.1,W1
QSO_4.7423833-24.2608729,57189.24425577161,17.778,0.116,W1
QSO_4.7423833-24.2608729,57189.30991927366,17.451,0.085,W1
QSO_4.7423833-24.2608729,57189.57217178196,17.583,0.086,W1
QSO_4.7423833-24.2608729,57189.70324328611,17.631,0.096,W1
QSO_4.7423833-24.2608729,57363.10484571056,17.436,0.108,W1
QSO_4.7423833-24.2608729,57363.563577725086,17.653,0.103,W1
QSO_4.7423833-24.2608729,57363.62913172722,17.548000000000002,0.086,W1
QSO_4.7423833-24.2608729,57363.694649229314,17.849,0.149,W1
QSO_4.7423833-24.2608729,57363.95679223761,17.782,0.125,W1
QSO_4.7423833-24.2608729,57552.95100801626,17.997,0.287,W1
QSO_4.7423833-24.2608729,57553.08229222045,17.688000000000002,0.12,W1
QSO_4.7423833-24.2608729,57553.34489722869,17.621000000000002,0.098,W1
QSO_4.7423833-24.2608729,57553.41048443079,17.714,0.102,W1
QSO_4.7423833-24.2608729,57553.541768634976,17.689999999999998,0.099,W1
QSO_4.7423833-24.2608729,57553.93569444744,17.942,0.134,W1
QSO_4.7423833-24.2608729,57554.06697865155,17.759,0.11,W1
QSO_4.7423833-24.2608729,57723.25601060183,17.706,0.1,W1
QSO_4.7423833-24.2608729,57723.32159780392,17.444,0.084,W1
QSO_4.7423833-24.2608729,57723.32170760393,17.488999999999997,0.107,W1
QSO_4.7423833-24.2608729,57723.38729480602,17.616,0.093,W1
QSO_4.7423833-24.2608729,57723.51861561016,17.713,0.112,W1
QSO_4.7423833-24.2608729,57723.58420281225,17.637,0.091,W1
QSO_4.7423833-24.2608729,57723.8468078205,17.436999999999998,0.081,W1
QSO_4.7423833-24.2608729,57917.80615999998,17.668,0.148,W1
QSO_4.7423833-24.2608729,57917.93712199996,17.542,0.09,W1
QSO_4.7423833-24.2608729,57918.002529999976,17.524,0.114,W1
QSO_4.7423833-24.2608729,57918.06793799999,17.393,0.082,W1
QSO_4.7423833-24.2608729,57918.13334600001,17.546,0.092,W1
QSO_4.7423833-24.2608729,57918.19875400003,17.599,0.101,W1
QSO_4.7423833-24.2608729,57918.3950875,17.561999999999998,0.098,W1
QSO_4.7423833-24.2608729,57918.65671949999,17.805,0.105,W1
QSO_4.7423833-24.2608729,58083.47987899998,17.732,0.12,W1
QSO_4.7423833-24.2608729,58083.61069500001,18.102,0.169,W1
QSO_4.7423833-24.2608729,58083.74151099997,17.534,0.088,W1
QSO_4.7423833-24.2608729,58084.06866049997,17.628999999999998,0.088,W1
QSO_4.7423833-24.2608729,58084.33029250004,17.656,0.119,W1
QSO_4.7423833-24.2608729,58084.46110849999,17.462,0.087,W1
QSO_4.7423833-24.2608729,58086.35815950001,17.923000000000002,0.142,W1
QSO_4.7423833-24.2608729,58087.07775700004,17.500999999999998,0.085,W1
QSO_4.7423833-24.2608729,58284.50757099999,18.033,0.131,W1
QSO_4.7423833-24.2608729,58284.83446500004,17.597,0.089,W1
QSO_4.7423833-24.2608729,58284.89987299997,17.576,0.098,W1
QSO_4.7423833-24.2608729,58285.09609700003,17.637,0.091,W1
QSO_4.7423833-24.2608729,58446.83376550001,17.442,0.114,W1
QSO_4.7423833-24.2608729,58446.96458149996,17.547,0.105,W1
QSO_4.7423833-24.2608729,58447.16080550001,17.528,0.094,W1
QSO_4.7423833-24.2608729,58447.29147550002,17.586,0.116,W1
QSO_4.7423833-24.2608729,58447.35688350003,17.570999999999998,0.099,W1
QSO_4.7423833-24.2608729,58447.42229149997,17.567999999999998,0.085,W1
QSO_4.7423833-24.2608729,58447.5531075,17.366999999999997,0.092,W1
QSO_4.7423833-24.2608729,58648.17824100002,17.634999999999998,0.15,W1
QSO_4.7423833-24.2608729,58648.43961749997,17.515,0.086,W1
QSO_4.7423833-24.2608729,58648.439763500006,17.647,0.1,W1
QSO_4.7423833-24.2608729,58648.57043350001,17.746000000000002,0.108,W1
QSO_4.7423833-24.2608729,58648.63584150003,17.723,0.106,W1
QSO_4.7423833-24.2608729,58648.70110350001,17.82,0.117,W1
QSO_4.7423833-24.2608729,58648.89721799998,17.935000000000002,0.139,W1
QSO_4.7423833-24.2608729,58649.158704000016,17.729,0.145,W1
QSO_4.7423833-24.2608729,58649.28951999996,17.584,0.118,W1
QSO_4.7423833-24.2608729,58810.71244899999,17.613999999999997,0.1,W1
QSO_4.7423833-24.2608729,58810.84311899999,17.932000000000002,0.121,W1
QSO_4.7423833-24.2608729,58810.97382550003,17.494999999999997,0.095,W1
QSO_4.7423833-24.2608729,58810.97393500002,17.773,0.096,W1
QSO_4.7423833-24.2608729,58811.03923350004,17.743000000000002,0.111,W1
QSO_4.7423833-24.2608729,58811.3007195,17.564,0.085,W1
QSO_4.7423833-24.2608729,59015.71369539998,17.593,0.093,W1
QSO_4.7423833-24.2608729,59015.97578800001,17.737000000000002,0.163,W1
QSO_4.7423833-24.2608729,59016.04137520003,17.756,0.106,W1
QSO_4.7423833-24.2608729,59016.17240320004,17.618000000000002,0.096,W1
QSO_4.7423833-24.2608729,59016.43449579999,17.48,0.097,W1
QSO_4.7423833-24.2608729,59016.56556040001,17.657,0.127,W1
QSO_4.7423833-24.2608729,59016.69658840002,17.774,0.108,W1
QSO_4.7423833-24.2608729,59175.36219999997,17.776,0.103,W1
QSO_4.7423833-24.2608729,59175.49322799996,17.826999999999998,0.113,W1
QSO_4.7423833-24.2608729,59175.6242926,17.465,0.103,W1
QSO_4.7423833-24.2608729,59175.7553206,17.548000000000002,0.094,W1
QSO_4.7423833-24.2608729,59175.88638520003,17.593,0.109,W1
QSO_4.7423833-24.2608729,59178.50687200001,17.912,0.157,W1
QSO_4.7423833-24.2608729,59178.63793659996,17.981,0.148,W1
QSO_4.7423833-24.2608729,59178.76896459996,17.591,0.11,W1
QSO_4.7423833-24.2608729,59178.90002919999,17.752000000000002,0.149,W1
QSO_4.7423833-24.2608729,59380.18626149996,17.616,0.095,W1
QSO_4.7423833-24.2608729,59380.31682199997,17.587,0.098,W1
QSO_4.7423833-24.2608729,59380.839282999965,17.861,0.123,W1
QSO_4.7423833-24.2608729,59381.035251499976,17.506,0.106,W1
QSO_4.7423833-24.2608729,59381.16595800001,17.544,0.105,W1
QSO_4.7423833-24.2608729,59542.43434600002,17.465,0.104,W1
QSO_4.7423833-24.2608729,59542.69557650002,17.481,0.116,W1
QSO_4.7423833-24.2608729,59543.08740399996,17.798000000000002,0.112,W1
QSO_4.7423833-24.2608729,59543.15266600003,17.761,0.113,W1
QSO_4.7423833-24.2608729,59543.283226500025,17.711,0.098,W1
QSO_4.7423833-24.2608729,59543.41378700003,17.874000000000002,0.121,W1
QSO_4.7423833-24.2608729,59543.41393299997,17.726,0.099,W1
QSO_4.7423833-24.2608729,59744.44585900003,17.557000000000002,0.113,W1
QSO_4.7423833-24.2608729,59744.6414625,17.611,0.157,W1
QSO_4.7423833-24.2608729,59744.70672449999,17.611,0.117,W1
QSO_4.7423833-24.2608729,59744.77187699997,17.532,0.101,W1
QSO_4.7423833-24.2608729,59744.90232799996,17.541,0.088,W1
QSO_4.7423833-24.2608729,59745.03263300001,17.698,0.13,W1
QSO_4.7423833-24.2608729,59745.032742500014,17.509999999999998,0.105,W1
QSO_4.7423833-24.2608729,59906.337229000026,17.564,0.1,W1
QSO_4.7423833-24.2608729,59906.92283499999,17.596,0.116,W1
QSO_4.7423833-24.2608729,59906.98838900004,17.655,0.102,W1
QSO_4.7423833-24.2608729,59906.98849849996,17.820999999999998,0.106,W1
QSO_4.7423833-24.2608729,59907.05354150002,17.374000000000002,0.122,W1
QSO_4.7423833-24.2608729,59907.18384649998,17.502000000000002,0.085,W1
QSO_4.7423833-24.2608729,59907.3140055,17.616999999999997,0.094,W1
QSO_4.7423833-24.2608729,60110.90100449996,17.517,0.091,W1
QSO_4.7423833-24.2608729,60111.16033700003,17.551000000000002,0.095,W1
QSO_4.7423833-24.2608729,60111.225233999976,17.698,0.1,W1
QSO_4.7423833-24.2608729,60111.28998499997,17.913,0.151,W1
QSO_4.7423833-24.2608729,60111.354882,17.631999999999998,0.102,W1
QSO_4.7423833-24.2608729,60111.41966950002,17.465,0.093,W1
QSO_4.7423833-24.2608729,60111.48456649997,17.535,0.091,W1
QSO_4.7423833-24.2608729,60111.61425100001,17.698999999999998,0.118,W1
QSO_4.7423833-24.2608729,60111.74389900004,17.895,0.155,W1
QSO_4.7423833-24.2608729,60111.8735835,17.596,0.104,W1
QSO_4.7423833-24.2608729,60273.12237099998,17.558999999999997,0.102,W1
QSO_4.7423833-24.2608729,60273.251508000016,17.878,0.128,W1
QSO_4.7423833-24.2608729,60273.70363349999,17.711,0.155,W1
QSO_4.7423833-24.2608729,60273.768165499976,17.698,0.103,W1
QSO_4.7423833-24.2608729,60273.83280699996,17.6,0.119,W1
QSO_4.7423833-24.2608729,60273.961980500026,17.777,0.119,W1
QSO_4.7423833-24.2608729,60274.09111749997,17.521,0.091,W1
QSO_4.7423833-24.2608729,60475.44250420001,17.828,0.145,W1
QSO_4.7423833-24.2608729,60475.63480060002,17.488,0.134,W1
QSO_4.7423833-24.2608729,60475.698850599976,17.758,0.148,W1
QSO_4.7423833-24.2608729,60475.89103719998,17.990000000000002,0.171,W1
QSO_4.7423833-24.2608729,60475.955087200025,17.984,0.228,W1
QSO_4.7423833-24.2608729,55362.357483000014,18.264,0.27,W2
QSO_4.7423833-24.2608729,55362.48968599999,18.806,0.449,W2
QSO_4.7423833-24.2608729,55362.55586050003,18.392,0.314,W2
QSO_4.7423833-24.2608729,55362.621888999965,18.002,0.275,W2
QSO_4.7423833-24.2608729,55362.688063500005,18.516,0.416,W2
QSO_4.7423833-24.2608729,55362.75409200002,17.904,0.212,W2
QSO_4.7423833-24.2608729,55362.820266499984,18.498,0.364,W2
QSO_4.7423833-24.2608729,55362.95250599999,18.206,0.296,W2
QSO_4.7423833-24.2608729,55539.780187000026,18.894,0.531,W2
QSO_4.7423833-24.2608729,55539.91224399996,18.527,0.368,W2
QSO_4.7423833-24.2608729,55539.97841850001,18.155,0.255,W2
QSO_4.7423833-24.2608729,55540.044483499965,18.306,0.309,W2
QSO_4.7423833-24.2608729,55540.11051199998,18.919,0.529,W2
QSO_4.7423833-24.2608729,55540.176686500025,17.804,0.21,W2
QSO_4.7423833-24.2608729,55540.24271500003,18.513,0.414,W2
QSO_4.7423833-24.2608729,55540.37495450003,18.168,0.272,W2
QSO_4.7423833-24.2608729,55544.00973399999,17.844,0.243,W2
QSO_4.7423833-24.2608729,56824.379045,18.362,0.379,W2
QSO_4.7423833-24.2608729,56824.51048150002,17.846999999999998,,W2
QSO_4.7423833-24.2608729,56824.77353699998,18.431,0.446,W2
QSO_4.7423833-24.2608729,56827.73222699998,18.247,,W2
QSO_4.7423833-24.2608729,56827.86366350001,17.993,,W2
QSO_4.7423833-24.2608729,56827.995245999984,18.042,0.284,W2
QSO_4.7423833-24.2608729,57004.21837749997,18.41,0.454,W2
QSO_4.7423833-24.2608729,57004.94078549999,18.409,0.384,W2
QSO_4.7423833-24.2608729,57005.07211250001,18.229,0.479,W2
QSO_4.7423833-24.2608729,57005.20343950004,18.251,0.296,W2
QSO_4.7423833-24.2608729,57005.20354899996,18.236,0.344,W2
QSO_4.7423833-24.2608729,57188.719714254905,18.212,0.264,W2
QSO_4.7423833-24.2608729,57189.24425577161,18.23,0.37,W2
QSO_4.7423833-24.2608729,57189.30991927366,18.037,0.307,W2
QSO_4.7423833-24.2608729,57189.57217178196,18.237,0.284,W2
QSO_4.7423833-24.2608729,57189.70324328611,18.37,0.326,W2
QSO_4.7423833-24.2608729,57363.10484571056,18.22,0.303,W2
QSO_4.7423833-24.2608729,57363.563577725086,18.442,0.401,W2
QSO_4.7423833-24.2608729,57363.62913172722,18.266,0.324,W2
QSO_4.7423833-24.2608729,57363.694649229314,17.934,,W2
QSO_4.7423833-24.2608729,57363.95679223761,18.082,0.328,W2
QSO_4.7423833-24.2608729,57552.95100801626,18.323,0.402,W2
QSO_4.7423833-24.2608729,57553.08229222045,17.976,,W2
QSO_4.7423833-24.2608729,57553.34489722869,18.338,0.336,W2
QSO_4.7423833-24.2608729,57553.41048443079,18.577,0.402,W2
QSO_4.7423833-24.2608729,57553.541768634976,18.034,0.271,W2
QSO_4.7423833-24.2608729,57553.93569444744,18.009999999999998,,W2
QSO_4.7423833-24.2608729,57554.06697865155,17.887,0.313,W2
QSO_4.7423833-24.2608729,57723.25601060183,18.02,,W2
QSO_4.7423833-24.2608729,57723.32159780392,17.945999999999998,,W2
QSO_4.7423833-24.2608729,57723.32170760393,18.077,0.354,W2
QSO_4.7423833-24.2608729,57723.38729480602,18.138,,W2
QSO_4.7423833-24.2608729,57723.51861561016,18.424,0.352,W2
QSO_4.7423833-24.2608729,57723.58420281225,18.039,0.264,W2
QSO_4.7423833-24.2608729,57723.8468078205,18.172,0.295,W2
QSO_4.7423833-24.2608729,57917.80615999998,17.584,,W2
QSO_4.7423833-24.2608729,57917.93712199996,17.785999999999998,,W2
QSO_4.7423833-24.2608729,57918.002529999976,17.945999999999998,0.349,W2
QSO_4.7423833-24.2608729,57918.06793799999,17.862,0.255,W2
QSO_4.7423833-24.2608729,57918.13334600001,18.419,0.469,W2
QSO_4.7423833-24.2608729,57918.19875400003,18.19,0.38,W2
QSO_4.7423833-24.2608729,57918.3950875,18.126,0.453,W2
QSO_4.7423833-24.2608729,57918.65671949999,17.743,0.26,W2
QSO_4.7423833-24.2608729,58083.47987899998,18.097,0.289,W2
QSO_4.7423833-24.2608729,58083.61069500001,17.362,0.187,W2
QSO_4.7423833-24.2608729,58083.74151099997,17.898,,W2
QSO_4.7423833-24.2608729,58084.06866049997,18.275,0.46,W2
QSO_4.7423833-24.2608729,58084.33029250004,17.857,0.318,W2
QSO_4.7423833-24.2608729,58084.46110849999,17.864,,W2
QSO_4.7423833-24.2608729,58086.35815950001,18.153,0.521,W2
QSO_4.7423833-24.2608729,58087.07775700004,17.937,0.44,W2
QSO_4.7423833-24.2608729,58284.50757099999,17.557,0.18,W2
QSO_4.7423833-24.2608729,58284.83446500004,18.049,,W2
QSO_4.7423833-24.2608729,58284.89987299997,18.179,0.411,W2
QSO_4.7423833-24.2608729,58285.09609700003,17.697,0.23,W2
QSO_4.7423833-24.2608729,58446.83376550001,18.377,0.359,W2
QSO_4.7423833-24.2608729,58446.96458149996,18.374,0.34,W2
QSO_4.7423833-24.2608729,58447.16080550001,18.315,0.361,W2
QSO_4.7423833-24.2608729,58447.29147550002,18.423,0.486,W2
QSO_4.7423833-24.2608729,58447.35688350003,17.985,0.234,W2
QSO_4.7423833-24.2608729,58447.42229149997,18.541,0.532,W2
QSO_4.7423833-24.2608729,58447.5531075,18.152,0.38,W2
QSO_4.7423833-24.2608729,58648.17824100002,18.025,,W2
QSO_4.7423833-24.2608729,58648.43961749997,18.526,0.477,W2
QSO_4.7423833-24.2608729,58648.439763500006,18.535,0.537,W2
QSO_4.7423833-24.2608729,58648.57043350001,17.919,,W2
QSO_4.7423833-24.2608729,58648.63584150003,18.416,0.377,W2
QSO_4.7423833-24.2608729,58648.70110350001,18.093,0.301,W2
QSO_4.7423833-24.2608729,58648.89721799998,18.2,,W2
QSO_4.7423833-24.2608729,58649.158704000016,18.385,0.424,W2
QSO_4.7423833-24.2608729,58649.28951999996,17.78,,W2
QSO_4.7423833-24.2608729,58810.71244899999,18.076,0.395,W2
QSO_4.7423833-24.2608729,58810.84311899999,18.341,0.404,W2
QSO_4.7423833-24.2608729,58810.97382550003,18.04,,W2
QSO_4.7423833-24.2608729,58810.97393500002,18.528,0.329,W2
QSO_4.7423833-24.2608729,58811.03923350004,18.395,0.375,W2
QSO_4.7423833-24.2608729,58811.3007195,17.829,0.286,W2
QSO_4.7423833-24.2608729,59015.71369539998,18.52,,W2
QSO_4.7423833-24.2608729,59015.97578800001,17.898,,W2
QSO_4.7423833-24.2608729,59016.04137520003,17.75,0.309,W2
QSO_4.7423833-24.2608729,59016.17240320004,17.971999999999998,0.276,W2
QSO_4.7423833-24.2608729,59016.43449579999,17.985,,W2
QSO_4.7423833-24.2608729,59016.56556040001,18.667,0.53,W2
QSO_4.7423833-24.2608729,59016.69658840002,18.058,0.432,W2
QSO_4.7423833-24.2608729,59175.36219999997,18.46,0.387,W2
QSO_4.7423833-24.2608729,59175.49322799996,18.506,0.435,W2
QSO_4.7423833-24.2608729,59175.6242926,18.193,0.359,W2
QSO_4.7423833-24.2608729,59175.7553206,17.596,,W2
QSO_4.7423833-24.2608729,59175.88638520003,18.002,0.483,W2
QSO_4.7423833-24.2608729,59178.50687200001,17.895,0.512,W2
QSO_4.7423833-24.2608729,59178.63793659996,17.857,,W2
QSO_4.7423833-24.2608729,59178.76896459996,17.584,0.357,W2
QSO_4.7423833-24.2608729,59178.90002919999,17.791,0.406,W2
QSO_4.7423833-24.2608729,59380.18626149996,18.266,0.322,W2
QSO_4.7423833-24.2608729,59380.31682199997,18.314,,W2
QSO_4.7423833-24.2608729,59380.839282999965,17.961,0.344,W2
QSO_4.7423833-24.2608729,59381.035251499976,18.198,,W2
QSO_4.7423833-24.2608729,59381.16595800001,17.988,,W2
QSO_4.7423833-24.2608729,59542.43434600002,18.107,,W2
QSO_4.7423833-24.2608729,59542.69557650002,17.753,,W2
QSO_4.7423833-24.2608729,59543.08740399996,18.37,0.355,W2
QSO_4.7423833-24.2608729,59543.15266600003,17.736,,W2
QSO_4.7423833-24.2608729,59543.283226500025,18.081,,W2
QSO_4.7423833-24.2608729,59543.41378700003,18.49,0.368,W2
QSO_4.7423833-24.2608729,59543.41393299997,18.357,0.347,W2
QSO_4.7423833-24.2608729,59744.44585900003,18.026,,W2
QSO_4.7423833-24.2608729,59744.6414625,18.048,0.458,W2
QSO_4.7423833-24.2608729,59744.70672449999,17.976,0.322,W2
QSO_4.7423833-24.2608729,59744.77187699997,18.092,0.345,W2
QSO_4.7423833-24.2608729,59744.90232799996,17.841,0.36,W2
QSO_4.7423833-24.2608729,59745.03263300001,18.203,0.339,W2
QSO_4.7423833-24.2608729,59745.032742500014,18.436,0.459,W2
QSO_4.7423833-24.2608729,59906.337229000026,18.229,,W2
QSO_4.7423833-24.2608729,59906.92283499999,18.361,0.317,W2
QSO_4.7423833-24.2608729,59906.98838900004,18.054,0.26,W2
QSO_4.7423833-24.2608729,59906.98849849996,18.367,0.37,W2
QSO_4.7423833-24.2608729,59907.05354150002,18.223,0.323,W2
QSO_4.7423833-24.2608729,59907.18384649998,18.037,0.264,W2
QSO_4.7423833-24.2608729,59907.3140055,18.663,0.46,W2
QSO_4.7423833-24.2608729,60110.90100449996,18.294,0.339,W2
QSO_4.7423833-24.2608729,60111.16033700003,18.196,0.394,W2
QSO_4.7423833-24.2608729,60111.225233999976,18.47,0.387,W2
QSO_4.7423833-24.2608729,60111.28998499997,17.445999999999998,0.225,W2
QSO_4.7423833-24.2608729,60111.354882,17.99,,W2
QSO_4.7423833-24.2608729,60111.41966950002,17.864,0.387,W2
QSO_4.7423833-24.2608729,60111.48456649997,18.434,0.534,W2
QSO_4.7423833-24.2608729,60111.61425100001,18.025,,W2
QSO_4.7423833-24.2608729,60111.74389900004,18.009999999999998,,W2
QSO_4.7423833-24.2608729,60111.8735835,18.12,,W2
QSO_4.7423833-24.2608729,60273.12237099998,18.035,,W2
QSO_4.7423833-24.2608729,60273.251508000016,17.873,0.326,W2
QSO_4.7423833-24.2608729,60273.70363349999,17.712,,W2
QSO_4.7423833-24.2608729,60273.768165499976,18.003,,W2
QSO_4.7423833-24.2608729,60273.83280699996,18.24,0.371,W2
QSO_4.7423833-24.2608729,60273.961980500026,18.246,,W2
QSO_4.7423833-24.2608729,60274.09111749997,18.135,,W2
QSO_4.7423833-24.2608729,60475.44250420001,17.557,0.422,W2
QSO_4.7423833-24.2608729,60475.63480060002,17.865,,W2
QSO_4.7423833-24.2608729,60475.698850599976,17.898,,W2
QSO_4.7423833-24.2608729,60475.89103719998,17.834,,W2
QSO_4.7423833-24.2608729,60475.955087200025,18.313,0.484,W2
QSO_4.6289451-24.2986633,55361.96083749999,18.083,0.134,W1
QSO_4.6289451-24.2986633,55361.96094699999,18.908,0.26,W1
QSO_4.6289451-24.2986633,55362.357483000014,18.25,0.141,W1
QSO_4.6289451-24.2986633,55362.42362100003,18.155,0.139,W1
QSO_4.6289451-24.2986633,55362.48968599999,18.25,0.155,W1
QSO_4.6289451-24.2986633,55362.55586050003,18.451,0.18,W1
QSO_4.6289451-24.2986633,55362.621888999965,18.079,0.133,W1
QSO_4.6289451-24.2986633,55362.688063500005,18.235,0.173,W1
QSO_4.6289451-24.2986633,55362.820266499984,18.197,0.146,W1
QSO_4.6289451-24.2986633,55362.95250599999,18.854,0.303,W1
QSO_4.6289451-24.2986633,55539.780187000026,18.468,0.189,W1
QSO_4.6289451-24.2986633,55539.84621550003,17.95,0.113,W1
QSO_4.6289451-24.2986633,55539.91224399996,18.632,0.211,W1
QSO_4.6289451-24.2986633,55539.97841850001,18.715,0.232,W1
QSO_4.6289451-24.2986633,55540.044483499965,18.057,0.129,W1
QSO_4.6289451-24.2986633,55540.11051199998,18.183,0.162,W1
QSO_4.6289451-24.2986633,55540.176686500025,18.253,0.152,W1
QSO_4.6289451-24.2986633,55540.24271500003,18.566000000000003,0.204,W1
QSO_4.6289451-24.2986633,55540.37495450003,18.719,0.231,W1
QSO_4.6289451-24.2986633,55543.94370549998,18.305,0.166,W1
QSO_4.6289451-24.2986633,56823.98455300001,18.362,0.183,W1
QSO_4.6289451-24.2986633,56824.379045,18.143,0.134,W1
QSO_4.6289451-24.2986633,56824.51048150002,18.228,0.181,W1
QSO_4.6289451-24.2986633,56827.73222699998,18.022,0.128,W1
QSO_4.6289451-24.2986633,56827.86366350001,18.305,0.177,W1
QSO_4.6289451-24.2986633,56827.995245999984,17.965,0.124,W1
QSO_4.6289451-24.2986633,57004.08694100002,17.953,0.122,W1
QSO_4.6289451-24.2986633,57004.21837749997,18.499,0.203,W1
QSO_4.6289451-24.2986633,57004.94078549999,18.17,0.145,W1
QSO_4.6289451-24.2986633,57005.07211250001,18.066000000000003,0.137,W1
QSO_4.6289451-24.2986633,57188.58864275076,18.267,0.147,W1
QSO_4.6289451-24.2986633,57189.24425577161,18.529,0.194,W1
QSO_4.6289451-24.2986633,57189.30991927366,18.391,0.217,W1
QSO_4.6289451-24.2986633,57189.57217178196,18.551,0.181,W1
QSO_4.6289451-24.2986633,57362.97377420641,18.119,0.186,W1
QSO_4.6289451-24.2986633,57363.10484571056,18.581,0.241,W1
QSO_4.6289451-24.2986633,57363.563577725086,18.089,0.143,W1
QSO_4.6289451-24.2986633,57363.62913172722,17.768,0.119,W1
QSO_4.6289451-24.2986633,57363.95679223761,18.459,0.176,W1
QSO_4.6289451-24.2986633,57552.95100801626,18.074,0.136,W1
QSO_4.6289451-24.2986633,57553.08229222045,18.211,0.234,W1
QSO_4.6289451-24.2986633,57553.34489722869,17.854,0.108,W1
QSO_4.6289451-24.2986633,57553.41048443079,18.059,0.125,W1
QSO_4.6289451-24.2986633,57553.541768634976,18.185,0.164,W1
QSO_4.6289451-24.2986633,57553.93569444744,18.858,0.303,W1
QSO_4.6289451-24.2986633,57722.8622311894,18.299,0.152,W1
QSO_4.6289451-24.2986633,57723.25601060183,18.177,0.151,W1
QSO_4.6289451-24.2986633,57723.32159780392,18.121,0.159,W1
QSO_4.6289451-24.2986633,57723.38729480602,18.465,0.197,W1
QSO_4.6289451-24.2986633,57723.58420281225,18.287,0.196,W1
QSO_4.6289451-24.2986633,57723.8468078205,18.084,0.189,W1
QSO_4.6289451-24.2986633,57917.80615999998,18.755000000000003,0.256,W1
QSO_4.6289451-24.2986633,57917.871568,18.439,0.182,W1
QSO_4.6289451-24.2986633,57917.93712199996,18.494,0.183,W1
QSO_4.6289451-24.2986633,57918.06793799999,18.613,0.204,W1
QSO_4.6289451-24.2986633,57918.13334600001,18.349,0.158,W1
QSO_4.6289451-24.2986633,57918.3950875,18.343,0.157,W1
QSO_4.6289451-24.2986633,58083.47987899998,18.227,0.194,W1
QSO_4.6289451-24.2986633,58083.61069500001,18.193,0.235,W1
QSO_4.6289451-24.2986633,58083.74151099997,18.042,0.133,W1
QSO_4.6289451-24.2986633,58084.06866049997,18.186,0.17,W1
QSO_4.6289451-24.2986633,58084.33029250004,18.123,0.144,W1
QSO_4.6289451-24.2986633,58086.22734349997,17.677999999999997,0.13,W1
QSO_4.6289451-24.2986633,58086.35815950001,17.954,0.148,W1
QSO_4.6289451-24.2986633,58086.55438349998,18.292,0.232,W1
QSO_4.6289451-24.2986633,58086.55452950001,18.595,0.233,W1
QSO_4.6289451-24.2986633,58087.07775700004,18.035,0.131,W1
QSO_4.6289451-24.2986633,58284.50757099999,18.483,0.178,W1
QSO_4.6289451-24.2986633,58284.83446500004,18.332,0.158,W1
QSO_4.6289451-24.2986633,58284.89987299997,18.504,0.359,W1
QSO_4.6289451-24.2986633,58285.09609700003,18.453,0.173,W1
QSO_4.6289451-24.2986633,58446.83376550001,18.202,0.146,W1
QSO_4.6289451-24.2986633,58446.96458149996,18.364,0.196,W1
QSO_4.6289451-24.2986633,58447.02998949998,18.014,0.218,W1
QSO_4.6289451-24.2986633,58447.16080550001,18.124,0.132,W1
QSO_4.6289451-24.2986633,58447.29147550002,18.858,0.304,W1
QSO_4.6289451-24.2986633,58447.42229149997,18.102,0.133,W1
QSO_4.6289451-24.2986633,58447.5531075,18.352,0.164,W1
QSO_4.6289451-24.2986633,58648.439763500006,17.898,0.126,W1
QSO_4.6289451-24.2986633,58648.50502549999,18.414,0.255,W1
QSO_4.6289451-24.2986633,58648.57043350001,18.364,0.209,W1
QSO_4.6289451-24.2986633,58648.63584150003,18.145,0.139,W1
QSO_4.6289451-24.2986633,58648.70110350001,18.008,0.173,W1
QSO_4.6289451-24.2986633,58648.89721799998,18.069,0.146,W1
QSO_4.6289451-24.2986633,58649.158704000016,18.528,0.205,W1
QSO_4.6289451-24.2986633,58810.84311899999,18.38,0.159,W1
QSO_4.6289451-24.2986633,58810.90852700001,18.289,0.144,W1
QSO_4.6289451-24.2986633,58810.97382550003,18.181,0.138,W1
QSO_4.6289451-24.2986633,58810.97393500002,18.776000000000003,0.235,W1
QSO_4.6289451-24.2986633,58811.03923350004,18.07,0.132,W1
QSO_4.6289451-24.2986633,58811.3007195,18.012999999999998,0.118,W1
QSO_4.6289451-24.2986633,59015.71369539998,18.096,0.136,W1
QSO_4.6289451-24.2986633,59015.91034720003,18.511,0.19,W1
QSO_4.6289451-24.2986633,59016.04137520003,18.042,0.128,W1
QSO_4.6289451-24.2986633,59016.17240320004,18.05,0.133,W1
QSO_4.6289451-24.2986633,59016.56556040001,18.281,0.188,W1
QSO_4.6289451-24.2986633,59175.36219999997,18.26,0.15,W1
QSO_4.6289451-24.2986633,59175.49322799996,18.436,0.215,W1
QSO_4.6289451-24.2986633,59175.6242926,18.133,0.142,W1
QSO_4.6289451-24.2986633,59175.7553206,18.402,0.199,W1
QSO_4.6289451-24.2986633,59175.88638520003,17.948999999999998,0.149,W1
QSO_4.6289451-24.2986633,59178.57245920003,18.391,0.253,W1
QSO_4.6289451-24.2986633,59178.63793659996,18.303,0.185,W1
QSO_4.6289451-24.2986633,59178.76896459996,18.188,0.234,W1
QSO_4.6289451-24.2986633,59380.18626149996,18.564,0.282,W1
QSO_4.6289451-24.2986633,59380.31682199997,18.255,0.148,W1
QSO_4.6289451-24.2986633,59381.035251499976,18.115,0.146,W1
QSO_4.6289451-24.2986633,59542.43434600002,18.341,0.172,W1
QSO_4.6289451-24.2986633,59542.69557650002,18.081,0.137,W1
QSO_4.6289451-24.2986633,59543.15266600003,18.265,0.144,W1
QSO_4.6289451-24.2986633,59543.283226500025,18.033,0.122,W1
QSO_4.6289451-24.2986633,59744.44585900003,18.15,0.176,W1
QSO_4.6289451-24.2986633,59744.6414625,18.043,0.166,W1
QSO_4.6289451-24.2986633,59744.77187699997,18.283,0.195,W1
QSO_4.6289451-24.2986633,59744.90232799996,17.988,0.153,W1
QSO_4.6289451-24.2986633,59906.337229000026,19.003,0.336,W1
QSO_4.6289451-24.2986633,59906.92283499999,17.924,0.114,W1
QSO_4.6289451-24.2986633,59907.05354150002,18.188,0.144,W1
QSO_4.6289451-24.2986633,59907.18384649998,18.398,0.165,W1
QSO_4.6289451-24.2986633,59907.3140055,18.695,0.226,W1
QSO_4.6289451-24.2986633,60110.77131999999,18.315,0.193,W1
QSO_4.6289451-24.2986633,60110.90100449996,18.595,0.216,W1
QSO_4.6289451-24.2986633,60111.16033700003,17.993000000000002,0.146,W1
QSO_4.6289451-24.2986633,60111.225233999976,18.297,0.222,W1
QSO_4.6289451-24.2986633,60111.28998499997,18.258,0.169,W1
QSO_4.6289451-24.2986633,60111.354882,17.907,0.117,W1
QSO_4.6289451-24.2986633,60111.61425100001,18.254,0.179,W1
QSO_4.6289451-24.2986633,60111.74389900004,18.387,0.178,W1
QSO_4.6289451-24.2986633,60272.99319750001,18.213,0.177,W1
QSO_4.6289451-24.2986633,60272.99334350004,18.219,0.165,W1
QSO_4.6289451-24.2986633,60273.12237099998,18.204,0.19,W1
QSO_4.6289451-24.2986633,60273.12248049999,18.029,0.134,W1
QSO_4.6289451-24.2986633,60273.251508000016,18.529,0.211,W1
QSO_4.6289451-24.2986633,60273.70363349999,18.338,0.188,W1
QSO_4.6289451-24.2986633,60273.83280699996,18.272,0.16,W1
QSO_4.6289451-24.2986633,60273.961980500026,18.426,0.188,W1
QSO_4.6289451-24.2986633,60475.44250420001,18.409,0.25,W1
QSO_4.6289451-24.2986633,60475.5065908,18.498,0.231,W1
QSO_4.6289451-24.2986633,60475.698850599976,17.941000000000003,0.166,W1
QSO_4.6289451-24.2986633,60475.89103719998,18.168,0.246,W1
QSO_4.6289451-24.2986633,55361.96083749999,18.289,0.296,W2
QSO_4.6289451-24.2986633,55361.96094699999,17.846999999999998,0.198,W2
QSO_4.6289451-24.2986633,55362.357483000014,18.719,0.504,W2
QSO_4.6289451-24.2986633,55362.42362100003,18.642,0.538,W2
QSO_4.6289451-24.2986633,55362.48968599999,18.6,0.383,W2
QSO_4.6289451-24.2986633,55362.55586050003,18.857,0.468,W2
QSO_4.6289451-24.2986633,55362.621888999965,18.309,0.293,W2
QSO_4.6289451-24.2986633,55362.688063500005,18.302,0.281,W2
QSO_4.6289451-24.2986633,55362.820266499984,18.232,0.262,W2
QSO_4.6289451-24.2986633,55362.95250599999,18.083,0.217,W2
QSO_4.6289451-24.2986633,55539.780187000026,18.127,0.274,W2
QSO_4.6289451-24.2986633,55539.84621550003,18.2,0.268,W2
QSO_4.6289451-24.2986633,55539.91224399996,18.225,0.289,W2
QSO_4.6289451-24.2986633,55539.97841850001,18.641,0.407,W2
QSO_4.6289451-24.2986633,55540.044483499965,18.49,0.384,W2
QSO_4.6289451-24.2986633,55540.11051199998,18.371,0.315,W2
QSO_4.6289451-24.2986633,55540.176686500025,18.772,0.456,W2
QSO_4.6289451-24.2986633,55540.24271500003,18.407,0.328,W2
QSO_4.6289451-24.2986633,55540.37495450003,18.136,0.269,W2
QSO_4.6289451-24.2986633,55543.94370549998,18.057,,W2
QSO_4.6289451-24.2986633,56823.98455300001,18.092,0.341,W2
QSO_4.6289451-24.2986633,56824.379045,17.721,,W2
QSO_4.6289451-24.2986633,56824.51048150002,17.88,,W2
QSO_4.6289451-24.2986633,56827.73222699998,17.708,,W2
QSO_4.6289451-24.2986633,56827.86366350001,17.965,0.473,W2
QSO_4.6289451-24.2986633,56827.995245999984,17.616,,W2
QSO_4.6289451-24.2986633,57004.08694100002,18.158,0.292,W2
QSO_4.6289451-24.2986633,57004.21837749997,18.085,0.382,W2
QSO_4.6289451-24.2986633,57004.94078549999,18.184,,W2
QSO_4.6289451-24.2986633,57005.07211250001,18.16,0.309,W2
QSO_4.6289451-24.2986633,57188.58864275076,18.379,,W2
QSO_4.6289451-24.2986633,57189.24425577161,18.343,0.342,W2
QSO_4.6289451-24.2986633,57189.30991927366,18.425,,W2
QSO_4.6289451-24.2986633,57189.57217178196,18.192,0.293,W2
QSO_4.6289451-24.2986633,57362.97377420641,18.242,0.437,W2
QSO_4.6289451-24.2986633,57363.10484571056,17.971999999999998,,W2
QSO_4.6289451-24.2986633,57363.563577725086,17.839,0.293,W2
QSO_4.6289451-24.2986633,57363.62913172722,18.291,0.34,W2
QSO_4.6289451-24.2986633,57363.95679223761,18.316,0.411,W2
QSO_4.6289451-24.2986633,57552.95100801626,18.471,0.432,W2
QSO_4.6289451-24.2986633,57553.08229222045,18.337,0.409,W2
QSO_4.6289451-24.2986633,57553.34489722869,18.722,0.515,W2
QSO_4.6289451-24.2986633,57553.41048443079,18.143,,W2
QSO_4.6289451-24.2986633,57553.541768634976,17.936,0.295,W2
QSO_4.6289451-24.2986633,57553.93569444744,17.589,0.238,W2
QSO_4.6289451-24.2986633,57722.8622311894,17.942999999999998,0.235,W2
QSO_4.6289451-24.2986633,57723.25601060183,17.743,,W2
QSO_4.6289451-24.2986633,57723.32159780392,18.36,0.354,W2
QSO_4.6289451-24.2986633,57723.38729480602,18.169,0.302,W2
QSO_4.6289451-24.2986633,57723.58420281225,18.723,0.516,W2
QSO_4.6289451-24.2986633,57723.8468078205,18.376,0.364,W2
QSO_4.6289451-24.2986633,57917.80615999998,18.186,0.467,W2
QSO_4.6289451-24.2986633,57917.871568,18.449,0.406,W2
QSO_4.6289451-24.2986633,57917.93712199996,18.168,0.433,W2
QSO_4.6289451-24.2986633,57918.06793799999,18.261,0.322,W2
QSO_4.6289451-24.2986633,57918.13334600001,18.337,,W2
QSO_4.6289451-24.2986633,57918.3950875,18.43,0.384,W2
QSO_4.6289451-24.2986633,58083.47987899998,18.094,0.326,W2
QSO_4.6289451-24.2986633,58083.61069500001,18.159,0.383,W2
QSO_4.6289451-24.2986633,58083.74151099997,18.011,0.324,W2
QSO_4.6289451-24.2986633,58084.06866049997,18.614,0.469,W2
QSO_4.6289451-24.2986633,58084.33029250004,17.692999999999998,,W2
QSO_4.6289451-24.2986633,58086.22734349997,17.323999999999998,,W2
QSO_4.6289451-24.2986633,58086.35815950001,17.742,,W2
QSO_4.6289451-24.2986633,58086.55438349998,17.646,,W2
QSO_4.6289451-24.2986633,58086.55452950001,17.874,,W2
QSO_4.6289451-24.2986633,58087.07775700004,18.29,,W2
QSO_4.6289451-24.2986633,58284.50757099999,18.006,0.388,W2
QSO_4.6289451-24.2986633,58284.83446500004,18.163,,W2
QSO_4.6289451-24.2986633,58284.89987299997,18.107,0.432,W2
QSO_4.6289451-24.2986633,58285.09609700003,18.19,0.393,W2
QSO_4.6289451-24.2986633,58446.83376550001,18.679,0.443,W2
QSO_4.6289451-24.2986633,58446.96458149996,18.003,0.263,W2
QSO_4.6289451-24.2986633,58447.02998949998,18.12,0.348,W2
QSO_4.6289451-24.2986633,58447.16080550001,17.942999999999998,,W2
QSO_4.6289451-24.2986633,58447.29147550002,18.245,0.441,W2
QSO_4.6289451-24.2986633,58447.42229149997,18.108,0.386,W2
QSO_4.6289451-24.2986633,58447.5531075,18.499,0.417,W2
QSO_4.6289451-24.2986633,58648.439763500006,18.003999999999998,0.315,W2
QSO_4.6289451-24.2986633,58648.50502549999,18.369,0.36,W2
QSO_4.6289451-24.2986633,58648.57043350001,18.425,,W2
QSO_4.6289451-24.2986633,58648.63584150003,18.133,,W2
QSO_4.6289451-24.2986633,58648.70110350001,17.884999999999998,0.31,W2
QSO_4.6289451-24.2986633,58648.89721799998,,,W2
QSO_4.6289451-24.2986633,58649.158704000016,18.238,0.409,W2
QSO_4.6289451-24.2986633,58810.84311899999,18.636,0.441,W2
QSO_4.6289451-24.2986633,58810.90852700001,18.042,,W2
QSO_4.6289451-24.2986633,58810.97382550003,18.095,0.275,W2
QSO_4.6289451-24.2986633,58810.97393500002,18.872,0.534,W2
QSO_4.6289451-24.2986633,58811.03923350004,18.341,0.458,W2
QSO_4.6289451-24.2986633,58811.3007195,18.218,0.384,W2
QSO_4.6289451-24.2986633,59015.71369539998,18.129,0.317,W2
QSO_4.6289451-24.2986633,59015.91034720003,18.437,0.423,W2
QSO_4.6289451-24.2986633,59016.04137520003,18.089,0.373,W2
QSO_4.6289451-24.2986633,59016.17240320004,17.996,0.294,W2
QSO_4.6289451-24.2986633,59016.56556040001,18.47,0.44,W2
QSO_4.6289451-24.2986633,59175.36219999997,17.71,0.198,W2
QSO_4.6289451-24.2986633,59175.49322799996,18.201,0.367,W2
QSO_4.6289451-24.2986633,59175.6242926,18.256,,W2
QSO_4.6289451-24.2986633,59175.7553206,17.9,0.384,W2
QSO_4.6289451-24.2986633,59175.88638520003,17.368,,W2
QSO_4.6289451-24.2986633,59178.57245920003,17.742,,W2
QSO_4.6289451-24.2986633,59178.63793659996,17.333,,W2
QSO_4.6289451-24.2986633,59178.76896459996,17.643,,W2
QSO_4.6289451-24.2986633,59380.18626149996,17.905,0.357,W2
QSO_4.6289451-24.2986633,59380.31682199997,18.344,0.379,W2
QSO_4.6289451-24.2986633,59381.035251499976,17.989,,W2
QSO_4.6289451-24.2986633,59542.43434600002,18.149,,W2
QSO_4.6289451-24.2986633,59542.69557650002,18.04,0.41,W2
QSO_4.6289451-24.2986633,59543.15266600003,18.117,0.304,W2
QSO_4.6289451-24.2986633,59543.283226500025,18.577,0.4,W2
QSO_4.6289451-24.2986633,59744.44585900003,18.16,0.44,W2
QSO_4.6289451-24.2986633,59744.6414625,18.15,0.351,W2
QSO_4.6289451-24.2986633,59744.77187699997,17.8,0.245,W2
QSO_4.6289451-24.2986633,59744.90232799996,18.274,0.336,W2
QSO_4.6289451-24.2986633,59906.337229000026,17.894,0.247,W2
QSO_4.6289451-24.2986633,59906.92283499999,18.226,0.459,W2
QSO_4.6289451-24.2986633,59907.05354150002,18.642,0.429,W2
QSO_4.6289451-24.2986633,59907.18384649998,18.103,,W2
QSO_4.6289451-24.2986633,59907.3140055,18.073,,W2
QSO_4.6289451-24.2986633,60110.77131999999,18.334,0.404,W2
QSO_4.6289451-24.2986633,60110.90100449996,17.866,,W2
QSO_4.6289451-24.2986633,60111.16033700003,17.628,,W2
QSO_4.6289451-24.2986633,60111.225233999976,18.403,0.413,W2
QSO_4.6289451-24.2986633,60111.28998499997,17.861,,W2
QSO_4.6289451-24.2986633,60111.354882,18.051,,W2
QSO_4.6289451-24.2986633,60111.61425100001,17.634999999999998,,W2
QSO_4.6289451-24.2986633,60111.74389900004,17.922,0.3,W2
QSO_4.6289451-24.2986633,60272.99319750001,17.99,,W2
QSO_4.6289451-24.2986633,60272.99334350004,18.066,0.282,W2
QSO_4.6289451-24.2986633,60273.12237099998,18.068,,W2
QSO_4.6289451-24.2986633,60273.12248049999,18.052,0.256,W2
QSO_4.6289451-24.2986633,60273.251508000016,17.894,0.289,W2
QSO_4.6289451-24.2986633,60273.70363349999,17.788,0.406,W2
QSO_4.6289451-24.2986633,60273.83280699996,18.155,,W2
QSO_4.6289451-24.2986633,60273.961980500026,18.426,0.485,W2
QSO_4.6289451-24.2986633,60475.44250420001,17.438,,W2
QSO_4.6289451-24.2986633,60475.5065908,17.675,0.257,W2
QSO_4.6289451-24.2986633,60475.698850599976,18.309,0.515,W2
QSO_4.6289451-24.2986633,60475.89103719998,18.365,0.455,W2
QSO_4.8146017-24.1830608,55362.357483000014,17.439,0.084,W1
QSO_4.8146017-24.1830608,55362.48968599999,17.512999999999998,0.088,W1
QSO_4.8146017-24.1830608,55362.621888999965,17.588,0.09,W1
QSO_4.8146017-24.1830608,55362.688063500005,17.499000000000002,0.089,W1
QSO_4.8146017-24.1830608,55362.75409200002,17.426000000000002,0.083,W1
QSO_4.8146017-24.1830608,55362.820266499984,17.413,0.084,W1
QSO_4.8146017-24.1830608,55362.88633150002,17.259999999999998,0.078,W1
QSO_4.8146017-24.1830608,55362.95250599999,17.506,0.088,W1
QSO_4.8146017-24.1830608,55363.34900549999,17.415,0.079,W1
QSO_4.8146017-24.1830608,55539.780187000026,17.481,0.123,W1
QSO_4.8146017-24.1830608,55539.91224399996,17.240000000000002,0.075,W1
QSO_4.8146017-24.1830608,55540.044483499965,17.356,0.089,W1
QSO_4.8146017-24.1830608,55540.11051199998,17.509999999999998,0.104,W1
QSO_4.8146017-24.1830608,55540.11065800001,17.532,0.093,W1
QSO_4.8146017-24.1830608,55540.176686500025,17.524,0.101,W1
QSO_4.8146017-24.1830608,55540.24271500003,17.503999999999998,0.101,W1
QSO_4.8146017-24.1830608,55540.30877999999,17.561,0.102,W1
QSO_4.8146017-24.1830608,55540.3088895,17.567999999999998,0.138,W1
QSO_4.8146017-24.1830608,55540.37495450003,17.579,0.097,W1
QSO_4.8146017-24.1830608,55540.77145400003,17.451,0.082,W1
QSO_4.8146017-24.1830608,55544.00973399999,17.381,0.081,W1
QSO_4.8146017-24.1830608,56640.030319999976,17.195999999999998,0.072,W1
QSO_4.8146017-24.1830608,56640.096238999984,17.411,0.083,W1
QSO_4.8146017-24.1830608,56824.379045,17.467,0.084,W1
QSO_4.8146017-24.1830608,56824.51048150002,17.527,0.096,W1
QSO_4.8146017-24.1830608,56824.77353699998,17.506999999999998,0.108,W1
QSO_4.8146017-24.1830608,56827.73222699998,17.477,0.084,W1
QSO_4.8146017-24.1830608,56827.79789050004,17.602,0.11,W1
QSO_4.8146017-24.1830608,56827.86366350001,17.426000000000002,0.099,W1
QSO_4.8146017-24.1830608,56827.995245999984,17.375999999999998,0.08,W1
QSO_4.8146017-24.1830608,57004.87512200002,17.408,0.085,W1
QSO_4.8146017-24.1830608,57004.94078549999,17.192999999999998,0.081,W1
QSO_4.8146017-24.1830608,57005.07211250001,17.387,0.082,W1
QSO_4.8146017-24.1830608,57005.20354899996,17.789,0.146,W1
QSO_4.8146017-24.1830608,57005.33487599999,17.418,0.08,W1
QSO_4.8146017-24.1830608,57188.719714254905,17.293,0.071,W1
QSO_4.8146017-24.1830608,57189.24425577161,17.631999999999998,0.113,W1
QSO_4.8146017-24.1830608,57189.30991927366,17.482,0.083,W1
QSO_4.8146017-24.1830608,57189.375436775765,17.354,0.076,W1
QSO_4.8146017-24.1830608,57189.57217178196,17.53,0.084,W1
QSO_4.8146017-24.1830608,57189.70324328611,17.427999999999997,0.091,W1
QSO_4.8146017-24.1830608,57189.83446079029,17.430999999999997,0.088,W1
QSO_4.8146017-24.1830608,57363.563577725086,17.411,0.077,W1
QSO_4.8146017-24.1830608,57363.62913172722,17.344,0.077,W1
QSO_4.8146017-24.1830608,57363.694649229314,17.555,0.1,W1
QSO_4.8146017-24.1830608,57363.95679223761,17.759999999999998,0.113,W1
QSO_4.8146017-24.1830608,57364.21878924594,17.392,0.1,W1
QSO_4.8146017-24.1830608,57553.08229222045,17.292,0.108,W1
QSO_4.8146017-24.1830608,57553.34478742869,17.686999999999998,0.101,W1
QSO_4.8146017-24.1830608,57553.34489722869,17.497,0.088,W1
QSO_4.8146017-24.1830608,57553.541768634976,17.435000000000002,0.086,W1
QSO_4.8146017-24.1830608,57553.738786441216,17.179000000000002,0.088,W1
QSO_4.8146017-24.1830608,57553.93569444744,17.483,0.087,W1
QSO_4.8146017-24.1830608,57554.06697865155,17.225,0.106,W1
QSO_4.8146017-24.1830608,57723.25601060183,17.396,0.089,W1
QSO_4.8146017-24.1830608,57723.38729480602,17.582,0.092,W1
QSO_4.8146017-24.1830608,57723.51861561016,17.392,0.079,W1
QSO_4.8146017-24.1830608,57723.58420281225,17.329,0.107,W1
QSO_4.8146017-24.1830608,57723.64979001434,17.487000000000002,0.088,W1
QSO_4.8146017-24.1830608,57723.64989981435,17.541,0.129,W1
QSO_4.8146017-24.1830608,57723.8468078205,17.458,0.087,W1
QSO_4.8146017-24.1830608,57917.80615999998,17.372,0.087,W1
QSO_4.8146017-24.1830608,57917.93712199996,17.561,0.089,W1
QSO_4.8146017-24.1830608,57918.002529999976,17.575,0.122,W1
QSO_4.8146017-24.1830608,57918.06793799999,17.633,0.101,W1
QSO_4.8146017-24.1830608,57918.13334600001,17.473,0.086,W1
QSO_4.8146017-24.1830608,57918.19875400003,17.308999999999997,0.077,W1
QSO_4.8146017-24.1830608,57918.32956999998,17.061,0.09,W1
QSO_4.8146017-24.1830608,57918.3950875,17.424,0.089,W1
QSO_4.8146017-24.1830608,57918.65671949999,17.445,0.082,W1
QSO_4.8146017-24.1830608,58083.61069500001,17.413,0.087,W1
QSO_4.8146017-24.1830608,58083.74151099997,17.477,0.097,W1
QSO_4.8146017-24.1830608,58084.06866049997,17.455,0.087,W1
QSO_4.8146017-24.1830608,58084.13406849999,17.415,0.108,W1
QSO_4.8146017-24.1830608,58084.33029250004,17.299,0.078,W1
QSO_4.8146017-24.1830608,58084.46110849999,17.448999999999998,0.083,W1
QSO_4.8146017-24.1830608,58084.591924500026,17.677,0.118,W1
QSO_4.8146017-24.1830608,58086.35815950001,17.409,0.094,W1
QSO_4.8146017-24.1830608,58086.48912149999,17.457,0.112,W1
QSO_4.8146017-24.1830608,58087.07775700004,17.462,0.085,W1
QSO_4.8146017-24.1830608,58284.50757099999,17.483,0.091,W1
QSO_4.8146017-24.1830608,58284.83446500004,17.351,0.086,W1
QSO_4.8146017-24.1830608,58284.89987299997,17.363999999999997,0.108,W1
QSO_4.8146017-24.1830608,58285.09609700003,17.516,0.085,W1
QSO_4.8146017-24.1830608,58285.16139549996,17.378999999999998,0.121,W1
QSO_4.8146017-24.1830608,58285.488399000016,17.218,0.087,W1
QSO_4.8146017-24.1830608,58446.83376550001,17.604,0.125,W1
QSO_4.8146017-24.1830608,58446.96458149996,17.346,0.104,W1
QSO_4.8146017-24.1830608,58447.16080550001,17.3,0.072,W1
QSO_4.8146017-24.1830608,58447.35688350003,17.714,0.115,W1
QSO_4.8146017-24.1830608,58447.42229149997,17.412,0.082,W1
QSO_4.8146017-24.1830608,58447.5531075,17.488999999999997,0.086,W1
QSO_4.8146017-24.1830608,58648.43961749997,17.381999999999998,0.083,W1
QSO_4.8146017-24.1830608,58648.439763500006,17.61,0.138,W1
QSO_4.8146017-24.1830608,58648.57043350001,17.404,0.079,W1
QSO_4.8146017-24.1830608,58648.70110350001,17.534,0.118,W1
QSO_4.8146017-24.1830608,58648.89721799998,17.6,0.09,W1
QSO_4.8146017-24.1830608,58649.158704000016,17.669,0.105,W1
QSO_4.8146017-24.1830608,58649.28951999996,17.405,0.105,W1
QSO_4.8146017-24.1830608,58649.4202265,17.455,0.085,W1
QSO_4.8146017-24.1830608,58810.71244899999,17.286,0.069,W1
QSO_4.8146017-24.1830608,58810.84311899999,17.445,0.113,W1
QSO_4.8146017-24.1830608,58810.97393500002,17.552999999999997,0.082,W1
QSO_4.8146017-24.1830608,58811.03923350004,17.491999999999997,0.092,W1
QSO_4.8146017-24.1830608,58811.3007195,17.512999999999998,0.11,W1
QSO_4.8146017-24.1830608,58811.69240099999,17.339,0.076,W1
QSO_4.8146017-24.1830608,58811.69254700002,17.427,0.103,W1
QSO_4.8146017-24.1830608,59015.71369539998,17.634,0.113,W1
QSO_4.8146017-24.1830608,59015.97578800001,17.469,0.084,W1
QSO_4.8146017-24.1830608,59016.368908599965,17.240000000000002,0.097,W1
QSO_4.8146017-24.1830608,59016.43449579999,17.363999999999997,0.1,W1
QSO_4.8146017-24.1830608,59016.56556040001,17.317999999999998,0.08,W1
QSO_4.8146017-24.1830608,59016.69658840002,17.573999999999998,0.11,W1
QSO_4.8146017-24.1830608,59175.49322799996,17.399,0.078,W1
QSO_4.8146017-24.1830608,59175.6242926,17.527,0.135,W1
QSO_4.8146017-24.1830608,59175.7553206,17.326,0.083,W1
QSO_4.8146017-24.1830608,59175.88638520003,17.435000000000002,0.101,W1
QSO_4.8146017-24.1830608,59178.50687200001,17.567999999999998,0.104,W1
QSO_4.8146017-24.1830608,59178.63793659996,17.422,0.125,W1
QSO_4.8146017-24.1830608,59178.76896459996,17.405,0.113,W1
QSO_4.8146017-24.1830608,59178.90002919999,17.377000000000002,0.109,W1
QSO_4.8146017-24.1830608,59380.18626149996,17.46,0.083,W1
QSO_4.8146017-24.1830608,59380.31682199997,17.43,0.079,W1
QSO_4.8146017-24.1830608,59380.839282999965,17.391,0.082,W1
QSO_4.8146017-24.1830608,59381.035251499976,17.454,0.097,W1
QSO_4.8146017-24.1830608,59381.16595800001,17.317,0.084,W1
QSO_4.8146017-24.1830608,59381.29651850001,17.372999999999998,0.078,W1
QSO_4.8146017-24.1830608,59542.69557650002,17.442999999999998,0.084,W1
QSO_4.8146017-24.1830608,59543.08740399996,17.656,0.098,W1
QSO_4.8146017-24.1830608,59543.15266600003,17.291,0.074,W1
QSO_4.8146017-24.1830608,59543.283226500025,17.657,0.095,W1
QSO_4.8146017-24.1830608,59543.41378700003,17.445,0.079,W1
QSO_4.8146017-24.1830608,59543.41393299997,17.424,0.114,W1
QSO_4.8146017-24.1830608,59543.544493499976,17.408,0.077,W1
QSO_4.8146017-24.1830608,59744.44585900003,17.445,0.085,W1
QSO_4.8146017-24.1830608,59744.6414625,17.525,0.09,W1
QSO_4.8146017-24.1830608,59744.70672449999,17.401,0.084,W1
QSO_4.8146017-24.1830608,59744.77187699997,17.508,0.098,W1
QSO_4.8146017-24.1830608,59744.90232799996,17.407,0.089,W1
QSO_4.8146017-24.1830608,59745.03263300001,17.46,0.112,W1
QSO_4.8146017-24.1830608,59745.16304749997,17.497999999999998,0.091,W1
QSO_4.8146017-24.1830608,59906.92283499999,17.523,0.106,W1
QSO_4.8146017-24.1830608,59906.98838900004,17.445999999999998,0.08,W1
QSO_4.8146017-24.1830608,59906.98849849996,17.500999999999998,0.153,W1
QSO_4.8146017-24.1830608,59907.05354150002,17.541,0.092,W1
QSO_4.8146017-24.1830608,59907.118694,17.527,0.084,W1
QSO_4.8146017-24.1830608,59907.18384649998,17.413,0.092,W1
QSO_4.8146017-24.1830608,59907.3140055,17.471,0.081,W1
QSO_4.8146017-24.1830608,59907.44431050004,17.341,0.095,W1
QSO_4.8146017-24.1830608,60110.90100449996,17.358,0.082,W1
QSO_4.8146017-24.1830608,60111.16033700003,17.435000000000002,0.083,W1
QSO_4.8146017-24.1830608,60111.28998499997,17.387,0.091,W1
QSO_4.8146017-24.1830608,60111.354882,17.656,0.14,W1
QSO_4.8146017-24.1830608,60111.41966950002,17.423000000000002,0.111,W1
QSO_4.8146017-24.1830608,60111.48456649997,17.468,0.11,W1
QSO_4.8146017-24.1830608,60111.54935399999,17.535,0.106,W1
QSO_4.8146017-24.1830608,60111.61425100001,17.384,0.083,W1
QSO_4.8146017-24.1830608,60111.74389900004,17.427999999999997,0.09,W1
QSO_4.8146017-24.1830608,60111.8735835,17.419,0.106,W1
QSO_4.8146017-24.1830608,60273.251508000016,17.414,0.115,W1
QSO_4.8146017-24.1830608,60273.70363349999,17.38,0.104,W1
QSO_4.8146017-24.1830608,60273.768165499976,17.664,0.099,W1
QSO_4.8146017-24.1830608,60273.83280699996,17.406,0.091,W1
QSO_4.8146017-24.1830608,60273.961980500026,17.418,0.105,W1
QSO_4.8146017-24.1830608,60274.09111749997,17.348,0.104,W1
QSO_4.8146017-24.1830608,60274.220291000034,17.462,0.093,W1
QSO_4.8146017-24.1830608,60475.44250420001,17.625,0.113,W1
QSO_4.8146017-24.1830608,60475.698850599976,17.552999999999997,0.103,W1
QSO_4.8146017-24.1830608,60475.89103719998,17.369,0.099,W1
QSO_4.8146017-24.1830608,60475.955087200025,17.605,0.128,W1
QSO_4.8146017-24.1830608,55362.357483000014,18.466,0.353,W2
QSO_4.8146017-24.1830608,55362.48968599999,18.029,0.232,W2
QSO_4.8146017-24.1830608,55362.621888999965,18.112,0.28,W2
QSO_4.8146017-24.1830608,55362.688063500005,18.392,0.304,W2
QSO_4.8146017-24.1830608,55362.75409200002,18.285,0.329,W2
QSO_4.8146017-24.1830608,55362.820266499984,18.334,0.295,W2
QSO_4.8146017-24.1830608,55362.88633150002,18.733,0.392,W2
QSO_4.8146017-24.1830608,55362.95250599999,18.337,0.328,W2
QSO_4.8146017-24.1830608,55363.34900549999,18.164,0.254,W2
QSO_4.8146017-24.1830608,55539.780187000026,17.945999999999998,0.337,W2
QSO_4.8146017-24.1830608,55539.91224399996,17.974,0.225,W2
QSO_4.8146017-24.1830608,55540.044483499965,18.346,0.313,W2
QSO_4.8146017-24.1830608,55540.11051199998,18.316,0.314,W2
QSO_4.8146017-24.1830608,55540.11065800001,18.145,0.266,W2
QSO_4.8146017-24.1830608,55540.176686500025,17.779,0.191,W2
QSO_4.8146017-24.1830608,55540.24271500003,18.501,0.352,W2
QSO_4.8146017-24.1830608,55540.30877999999,18.72,0.444,W2
QSO_4.8146017-24.1830608,55540.3088895,17.976,0.223,W2
QSO_4.8146017-24.1830608,55540.37495450003,18.133,0.326,W2
QSO_4.8146017-24.1830608,55540.77145400003,18.137,0.264,W2
QSO_4.8146017-24.1830608,55544.00973399999,18.342,0.367,W2
QSO_4.8146017-24.1830608,56640.030319999976,17.687,,W2
QSO_4.8146017-24.1830608,56640.096238999984,17.861,0.297,W2
QSO_4.8146017-24.1830608,56824.379045,17.968,0.367,W2
QSO_4.8146017-24.1830608,56824.51048150002,18.438,0.399,W2
QSO_4.8146017-24.1830608,56824.77353699998,18.284,0.418,W2
QSO_4.8146017-24.1830608,56827.73222699998,18.614,0.466,W2
QSO_4.8146017-24.1830608,56827.79789050004,18.576,0.497,W2
QSO_4.8146017-24.1830608,56827.86366350001,17.676,0.296,W2
QSO_4.8146017-24.1830608,56827.995245999984,17.674,0.19,W2
QSO_4.8146017-24.1830608,57004.87512200002,18.171,0.299,W2
QSO_4.8146017-24.1830608,57004.94078549999,17.894,0.228,W2
QSO_4.8146017-24.1830608,57005.07211250001,17.937,0.237,W2
QSO_4.8146017-24.1830608,57005.20354899996,17.841,0.214,W2
QSO_4.8146017-24.1830608,57005.33487599999,18.177,0.289,W2
QSO_4.8146017-24.1830608,57188.719714254905,18.389,0.36,W2
QSO_4.8146017-24.1830608,57189.24425577161,18.113,0.375,W2
QSO_4.8146017-24.1830608,57189.30991927366,17.601,0.228,W2
QSO_4.8146017-24.1830608,57189.375436775765,17.936,0.338,W2
QSO_4.8146017-24.1830608,57189.57217178196,18.095,0.413,W2
QSO_4.8146017-24.1830608,57189.70324328611,18.285,,W2
QSO_4.8146017-24.1830608,57189.83446079029,17.956,0.245,W2
QSO_4.8146017-24.1830608,57363.563577725086,18.056,0.277,W2
QSO_4.8146017-24.1830608,57363.62913172722,17.866,0.229,W2
QSO_4.8146017-24.1830608,57363.694649229314,18.265,,W2
QSO_4.8146017-24.1830608,57363.95679223761,17.887999999999998,0.229,W2
QSO_4.8146017-24.1830608,57364.21878924594,17.61,0.199,W2
QSO_4.8146017-24.1830608,57553.08229222045,18.11,0.287,W2
QSO_4.8146017-24.1830608,57553.34478742869,17.651,,W2
QSO_4.8146017-24.1830608,57553.34489722869,17.907,0.243,W2
QSO_4.8146017-24.1830608,57553.541768634976,18.383,,W2
QSO_4.8146017-24.1830608,57553.738786441216,18.579,,W2
QSO_4.8146017-24.1830608,57553.93569444744,18.22,,W2
QSO_4.8146017-24.1830608,57554.06697865155,18.119,0.362,W2
QSO_4.8146017-24.1830608,57723.25601060183,17.910999999999998,0.289,W2
QSO_4.8146017-24.1830608,57723.38729480602,18.203,0.346,W2
QSO_4.8146017-24.1830608,57723.51861561016,18.073,0.263,W2
QSO_4.8146017-24.1830608,57723.58420281225,17.849,0.238,W2
QSO_4.8146017-24.1830608,57723.64979001434,17.999,0.235,W2
QSO_4.8146017-24.1830608,57723.64989981435,18.439,0.423,W2
QSO_4.8146017-24.1830608,57723.8468078205,17.964,0.238,W2
QSO_4.8146017-24.1830608,57917.80615999998,17.654,,W2
QSO_4.8146017-24.1830608,57917.93712199996,17.739,,W2
QSO_4.8146017-24.1830608,57918.002529999976,18.195,0.366,W2
QSO_4.8146017-24.1830608,57918.06793799999,17.945999999999998,,W2
QSO_4.8146017-24.1830608,57918.13334600001,18.697,0.483,W2
QSO_4.8146017-24.1830608,57918.19875400003,18.277,0.536,W2
QSO_4.8146017-24.1830608,57918.32956999998,18.23,0.326,W2
QSO_4.8146017-24.1830608,57918.3950875,18.293,0.314,W2
QSO_4.8146017-24.1830608,57918.65671949999,18.455,0.431,W2
QSO_4.8146017-24.1830608,58083.61069500001,18.353,0.413,W2
QSO_4.8146017-24.1830608,58083.74151099997,18.332,,W2
QSO_4.8146017-24.1830608,58084.06866049997,18.395,0.47,W2
QSO_4.8146017-24.1830608,58084.13406849999,17.5,0.247,W2
QSO_4.8146017-24.1830608,58084.33029250004,17.927,0.36,W2
QSO_4.8146017-24.1830608,58084.46110849999,18.332,0.44,W2
QSO_4.8146017-24.1830608,58084.591924500026,17.881999999999998,,W2
QSO_4.8146017-24.1830608,58086.35815950001,17.748,0.376,W2
QSO_4.8146017-24.1830608,58086.48912149999,17.919999999999998,0.456,W2
QSO_4.8146017-24.1830608,58087.07775700004,17.524,,W2
QSO_4.8146017-24.1830608,58284.50757099999,17.72,0.247,W2
QSO_4.8146017-24.1830608,58284.83446500004,17.474999999999998,,W2
QSO_4.8146017-24.1830608,58284.89987299997,17.636,,W2
QSO_4.8146017-24.1830608,58285.09609700003,17.576999999999998,,W2
QSO_4.8146017-24.1830608,58285.16139549996,17.913,,W2
QSO_4.8146017-24.1830608,58285.488399000016,17.887999999999998,,W2
QSO_4.8146017-24.1830608,58446.83376550001,18.389,0.359,W2
QSO_4.8146017-24.1830608,58446.96458149996,18.093,0.3,W2
QSO_4.8146017-24.1830608,58447.16080550001,18.172,0.357,W2
QSO_4.8146017-24.1830608,58447.35688350003,18.697,0.488,W2
QSO_4.8146017-24.1830608,58447.42229149997,17.719,0.226,W2
QSO_4.8146017-24.1830608,58447.5531075,18.231,0.325,W2
QSO_4.8146017-24.1830608,58648.43961749997,18.228,0.34,W2
QSO_4.8146017-24.1830608,58648.439763500006,18.069,0.297,W2
QSO_4.8146017-24.1830608,58648.57043350001,17.961,0.267,W2
QSO_4.8146017-24.1830608,58648.70110350001,17.807,0.261,W2
QSO_4.8146017-24.1830608,58648.89721799998,18.243,0.316,W2
QSO_4.8146017-24.1830608,58649.158704000016,18.087,0.299,W2
QSO_4.8146017-24.1830608,58649.28951999996,18.21,0.473,W2
QSO_4.8146017-24.1830608,58649.4202265,17.476,0.317,W2
QSO_4.8146017-24.1830608,58810.71244899999,17.927,0.24,W2
QSO_4.8146017-24.1830608,58810.84311899999,17.971,0.262,W2
QSO_4.8146017-24.1830608,58810.97393500002,18.217,0.352,W2
QSO_4.8146017-24.1830608,58811.03923350004,17.976,0.304,W2
QSO_4.8146017-24.1830608,58811.3007195,18.237,0.435,W2
QSO_4.8146017-24.1830608,58811.69240099999,18.446,0.366,W2
QSO_4.8146017-24.1830608,58811.69254700002,18.664,0.448,W2
QSO_4.8146017-24.1830608,59015.71369539998,18.322,0.37,W2
QSO_4.8146017-24.1830608,59015.97578800001,18.171,0.384,W2
QSO_4.8146017-24.1830608,59016.368908599965,18.436,0.407,W2
QSO_4.8146017-24.1830608,59016.43449579999,17.892,,W2
QSO_4.8146017-24.1830608,59016.56556040001,17.937,0.429,W2
QSO_4.8146017-24.1830608,59016.69658840002,18.219,0.413,W2
QSO_4.8146017-24.1830608,59175.49322799996,18.194,0.332,W2
QSO_4.8146017-24.1830608,59175.6242926,17.605999999999998,0.219,W2
QSO_4.8146017-24.1830608,59175.7553206,18.412,0.51,W2
QSO_4.8146017-24.1830608,59175.88638520003,17.563,0.425,W2
QSO_4.8146017-24.1830608,59178.50687200001,17.785999999999998,0.397,W2
QSO_4.8146017-24.1830608,59178.63793659996,18.187,0.481,W2
QSO_4.8146017-24.1830608,59178.76896459996,17.672,0.327,W2
QSO_4.8146017-24.1830608,59178.90002919999,17.948,,W2
QSO_4.8146017-24.1830608,59380.18626149996,18.686,0.498,W2
QSO_4.8146017-24.1830608,59380.31682199997,17.605,0.215,W2
QSO_4.8146017-24.1830608,59380.839282999965,18.096,,W2
QSO_4.8146017-24.1830608,59381.035251499976,18.062,0.454,W2
QSO_4.8146017-24.1830608,59381.16595800001,17.437,,W2
QSO_4.8146017-24.1830608,59381.29651850001,17.788,0.237,W2
QSO_4.8146017-24.1830608,59542.69557650002,17.858999999999998,0.275,W2
QSO_4.8146017-24.1830608,59543.08740399996,17.959,0.281,W2
QSO_4.8146017-24.1830608,59543.15266600003,18.69,0.496,W2
QSO_4.8146017-24.1830608,59543.283226500025,18.353,0.474,W2
QSO_4.8146017-24.1830608,59543.41378700003,17.977,0.252,W2
QSO_4.8146017-24.1830608,59543.41393299997,18.568,0.481,W2
QSO_4.8146017-24.1830608,59543.544493499976,18.159,0.269,W2
QSO_4.8146017-24.1830608,59744.44585900003,18.363,0.365,W2
QSO_4.8146017-24.1830608,59744.6414625,17.913,0.305,W2
QSO_4.8146017-24.1830608,59744.70672449999,18.343,0.331,W2
QSO_4.8146017-24.1830608,59744.77187699997,17.807,0.305,W2
QSO_4.8146017-24.1830608,59744.90232799996,18.08,,W2
QSO_4.8146017-24.1830608,59745.03263300001,18.289,0.392,W2
QSO_4.8146017-24.1830608,59745.16304749997,18.278,0.424,W2
QSO_4.8146017-24.1830608,59906.92283499999,17.455,0.204,W2
QSO_4.8146017-24.1830608,59906.98838900004,17.605999999999998,0.246,W2
QSO_4.8146017-24.1830608,59906.98849849996,18.137,,W2
QSO_4.8146017-24.1830608,59907.05354150002,18.233,0.495,W2
QSO_4.8146017-24.1830608,59907.118694,18.154,0.312,W2
QSO_4.8146017-24.1830608,59907.18384649998,18.287,,W2
QSO_4.8146017-24.1830608,59907.3140055,17.905,,W2
QSO_4.8146017-24.1830608,59907.44431050004,18.202,0.282,W2
QSO_4.8146017-24.1830608,60110.90100449996,17.756,0.267,W2
QSO_4.8146017-24.1830608,60111.16033700003,17.834,0.273,W2
QSO_4.8146017-24.1830608,60111.28998499997,17.624,0.228,W2
QSO_4.8146017-24.1830608,60111.354882,17.964,0.358,W2
QSO_4.8146017-24.1830608,60111.41966950002,17.533,,W2
QSO_4.8146017-24.1830608,60111.48456649997,17.783,0.262,W2
QSO_4.8146017-24.1830608,60111.54935399999,18.064,,W2
QSO_4.8146017-24.1830608,60111.61425100001,17.887999999999998,0.332,W2
QSO_4.8146017-24.1830608,60111.74389900004,18.387,0.508,W2
QSO_4.8146017-24.1830608,60111.8735835,18.553,0.527,W2
QSO_4.8146017-24.1830608,60273.251508000016,17.756999999999998,0.236,W2
QSO_4.8146017-24.1830608,60273.70363349999,18.399,0.369,W2
QSO_4.8146017-24.1830608,60273.768165499976,18.374,0.384,W2
QSO_4.8146017-24.1830608,60273.83280699996,18.29,0.378,W2
QSO_4.8146017-24.1830608,60273.961980500026,18.406,0.442,W2
QSO_4.8146017-24.1830608,60274.09111749997,18.323,0.413,W2
QSO_4.8146017-24.1830608,60274.220291000034,17.874,0.25,W2
QSO_4.8146017-24.1830608,60475.44250420001,17.8,,W2
QSO_4.8146017-24.1830608,60475.698850599976,17.834,0.302,W2
QSO_4.8146017-24.1830608,60475.89103719998,17.948999999999998,,W2
QSO_4.8146017-24.1830608,60475.955087200025,17.84,,W2
QSO_4.9265373-24.2624622,55362.357483000014,17.401,0.087,W1
QSO_4.9265373-24.2624622,55362.35759250002,17.634999999999998,0.127,W1
QSO_4.9265373-24.2624622,55362.48968599999,17.564,0.089,W1
QSO_4.9265373-24.2624622,55362.621888999965,17.691000000000003,0.106,W1
QSO_4.9265373-24.2624622,55362.688063500005,17.676000000000002,0.107,W1
QSO_4.9265373-24.2624622,55362.75409200002,17.555999999999997,0.087,W1
QSO_4.9265373-24.2624622,55362.820266499984,17.579,0.092,W1
QSO_4.9265373-24.2624622,55362.88633150002,17.603,0.096,W1
QSO_4.9265373-24.2624622,55362.95250599999,17.560000000000002,0.087,W1
QSO_4.9265373-24.2624622,55363.34911499999,17.372,0.078,W1
QSO_4.9265373-24.2624622,55539.780187000026,17.525,0.091,W1
QSO_4.9265373-24.2624622,55539.91224399996,17.494999999999997,0.095,W1
QSO_4.9265373-24.2624622,55540.044483499965,17.676000000000002,0.118,W1
QSO_4.9265373-24.2624622,55540.11051199998,17.430999999999997,0.08,W1
QSO_4.9265373-24.2624622,55540.176686500025,17.61,0.096,W1
QSO_4.9265373-24.2624622,55540.24271500003,17.53,0.087,W1
QSO_4.9265373-24.2624622,55540.30877999999,17.627000000000002,0.095,W1
QSO_4.9265373-24.2624622,55540.37495450003,17.584,0.102,W1
QSO_4.9265373-24.2624622,55540.44098299997,17.697,0.114,W1
QSO_4.9265373-24.2624622,55540.77145400003,17.669,0.099,W1
QSO_4.9265373-24.2624622,55544.00973399999,17.563000000000002,0.094,W1
QSO_4.9265373-24.2624622,56640.030319999976,17.822,0.13,W1
QSO_4.9265373-24.2624622,56640.16201200004,17.488999999999997,0.087,W1
QSO_4.9265373-24.2624622,56824.379045,17.478,0.084,W1
QSO_4.9265373-24.2624622,56824.51048150002,17.555,0.088,W1
QSO_4.9265373-24.2624622,56824.51062749997,17.545,0.09,W1
QSO_4.9265373-24.2624622,56824.77353699998,17.451,0.101,W1
QSO_4.9265373-24.2624622,56827.73222699998,17.453,0.084,W1
QSO_4.9265373-24.2624622,56827.86366350001,17.529,0.086,W1
QSO_4.9265373-24.2624622,56827.995245999984,17.454,0.087,W1
QSO_4.9265373-24.2624622,56828.38973799997,17.417,0.082,W1
QSO_4.9265373-24.2624622,57004.87512200002,17.605,0.093,W1
QSO_4.9265373-24.2624622,57004.94078549999,17.611,0.104,W1
QSO_4.9265373-24.2624622,57005.00644900005,17.515,0.085,W1
QSO_4.9265373-24.2624622,57005.07211250001,17.474,0.081,W1
QSO_4.9265373-24.2624622,57005.20343950004,17.601,0.091,W1
QSO_4.9265373-24.2624622,57005.33487599999,17.516,0.096,W1
QSO_4.9265373-24.2624622,57189.24425577161,17.801000000000002,0.114,W1
QSO_4.9265373-24.2624622,57189.24436527154,17.608,0.092,W1
QSO_4.9265373-24.2624622,57189.30991927366,17.421,0.077,W1
QSO_4.9265373-24.2624622,57189.375436775765,17.413,0.095,W1
QSO_4.9265373-24.2624622,57189.50665427986,17.468,0.08,W1
QSO_4.9265373-24.2624622,57189.57217178196,17.636,0.116,W1
QSO_4.9265373-24.2624622,57189.70324328611,18.033,0.18,W1
QSO_4.9265373-24.2624622,57189.83446079029,17.331,0.075,W1
QSO_4.9265373-24.2624622,57363.62913172722,17.477,0.086,W1
QSO_4.9265373-24.2624622,57363.694649229314,17.622999999999998,0.097,W1
QSO_4.9265373-24.2624622,57363.89123823548,17.363,0.096,W1
QSO_4.9265373-24.2624622,57363.95679223761,17.467,0.085,W1
QSO_4.9265373-24.2624622,57364.21878924594,17.442999999999998,0.108,W1
QSO_4.9265373-24.2624622,57553.34489722869,17.547,0.086,W1
QSO_4.9265373-24.2624622,57553.541768634976,17.53,0.088,W1
QSO_4.9265373-24.2624622,57553.738786441216,17.616,0.099,W1
QSO_4.9265373-24.2624622,57553.87010724536,17.503,0.094,W1
QSO_4.9265373-24.2624622,57553.93569444744,17.766,0.124,W1
QSO_4.9265373-24.2624622,57554.06697865155,17.36,0.08,W1
QSO_4.9265373-24.2624622,57723.25601060183,17.344,0.086,W1
QSO_4.9265373-24.2624622,57723.38729480602,17.561,0.087,W1
QSO_4.9265373-24.2624622,57723.51861561016,17.808,0.131,W1
QSO_4.9265373-24.2624622,57723.58420281225,17.659,0.112,W1
QSO_4.9265373-24.2624622,57723.64979001434,17.469,0.085,W1
QSO_4.9265373-24.2624622,57723.84666142054,17.491999999999997,0.086,W1
QSO_4.9265373-24.2624622,57917.80615999998,17.308999999999997,0.098,W1
QSO_4.9265373-24.2624622,57917.93712199996,17.317999999999998,0.087,W1
QSO_4.9265373-24.2624622,57918.06793799999,17.387,0.095,W1
QSO_4.9265373-24.2624622,57918.13334600001,17.415,0.081,W1
QSO_4.9265373-24.2624622,57918.19875400003,17.483,0.107,W1
QSO_4.9265373-24.2624622,57918.32956999998,17.445999999999998,0.105,W1
QSO_4.9265373-24.2624622,57918.329679499984,17.493000000000002,0.092,W1
QSO_4.9265373-24.2624622,57918.3950875,17.602,0.101,W1
QSO_4.9265373-24.2624622,57918.65671949999,17.38,0.117,W1
QSO_4.9265373-24.2624622,58083.61069500001,17.414,0.083,W1
QSO_4.9265373-24.2624622,58083.74151099997,17.509999999999998,0.107,W1
QSO_4.9265373-24.2624622,58084.06855099997,17.357,0.085,W1
QSO_4.9265373-24.2624622,58084.06866049997,17.491999999999997,0.095,W1
QSO_4.9265373-24.2624622,58084.13406849999,17.558999999999997,0.152,W1
QSO_4.9265373-24.2624622,58084.26488450002,17.496000000000002,0.085,W1
QSO_4.9265373-24.2624622,58084.33029250004,17.488,0.13,W1
QSO_4.9265373-24.2624622,58084.46110849999,17.517,0.092,W1
QSO_4.9265373-24.2624622,58084.591924500026,17.363,0.079,W1
QSO_4.9265373-24.2624622,58086.6197915,17.584,0.12,W1
QSO_4.9265373-24.2624622,58087.07775700004,17.429000000000002,0.09,W1
QSO_4.9265373-24.2624622,58087.470204999976,17.731,0.121,W1
QSO_4.9265373-24.2624622,58284.50757099999,17.612000000000002,0.104,W1
QSO_4.9265373-24.2624622,58284.89987299997,17.484,0.087,W1
QSO_4.9265373-24.2624622,58285.09609700003,17.091,0.069,W1
QSO_4.9265373-24.2624622,58285.16139549996,17.664,0.109,W1
QSO_4.9265373-24.2624622,58285.16150499996,17.456,0.086,W1
QSO_4.9265373-24.2624622,58285.488399000016,17.512,0.088,W1
QSO_4.9265373-24.2624622,58285.61921499997,17.483,0.083,W1
QSO_4.9265373-24.2624622,58446.83376550001,17.64,0.09,W1
QSO_4.9265373-24.2624622,58446.96458149996,17.744,0.099,W1
QSO_4.9265373-24.2624622,58447.29147550002,17.634999999999998,0.117,W1
QSO_4.9265373-24.2624622,58447.35688350003,17.583,0.089,W1
QSO_4.9265373-24.2624622,58447.42229149997,17.655,0.151,W1
QSO_4.9265373-24.2624622,58447.48769949999,17.442,0.078,W1
QSO_4.9265373-24.2624622,58447.5531075,17.503999999999998,0.079,W1
QSO_4.9265373-24.2624622,58648.439763500006,17.631999999999998,0.102,W1
QSO_4.9265373-24.2624622,58648.57043350001,17.659,0.101,W1
QSO_4.9265373-24.2624622,58648.70110350001,17.829,0.125,W1
QSO_4.9265373-24.2624622,58648.89721799998,17.701999999999998,0.106,W1
QSO_4.9265373-24.2624622,58648.89732749998,17.599,0.102,W1
QSO_4.9265373-24.2624622,58649.158704000016,17.392,0.1,W1
QSO_4.9265373-24.2624622,58649.28951999996,17.634,0.096,W1
QSO_4.9265373-24.2624622,58649.4202265,17.567,0.152,W1
QSO_4.9265373-24.2624622,58810.71244899999,17.570999999999998,0.085,W1
QSO_4.9265373-24.2624622,58810.84311899999,17.418,0.094,W1
QSO_4.9265373-24.2624622,58810.97382550003,17.442,0.087,W1
QSO_4.9265373-24.2624622,58811.3007195,17.277,0.107,W1
QSO_4.9265373-24.2624622,58811.69240099999,17.542,0.084,W1
QSO_4.9265373-24.2624622,59015.97578800001,17.666,0.095,W1
QSO_4.9265373-24.2624622,59016.17240320004,17.436,0.08,W1
QSO_4.9265373-24.2624622,59016.368908599965,17.485,0.101,W1
QSO_4.9265373-24.2624622,59016.43449579999,17.436,0.081,W1
QSO_4.9265373-24.2624622,59016.500083,17.631999999999998,0.097,W1
QSO_4.9265373-24.2624622,59016.56556040001,17.606,0.097,W1
QSO_4.9265373-24.2624622,59016.69658840002,17.622,0.126,W1
QSO_4.9265373-24.2624622,59175.6242926,17.692999999999998,0.119,W1
QSO_4.9265373-24.2624622,59175.7553206,17.802999999999997,0.114,W1
QSO_4.9265373-24.2624622,59175.88638520003,17.455,0.1,W1
QSO_4.9265373-24.2624622,59178.50687200001,17.598,0.143,W1
QSO_4.9265373-24.2624622,59178.63793659996,17.71,0.113,W1
QSO_4.9265373-24.2624622,59178.76896459996,17.499000000000002,0.104,W1
QSO_4.9265373-24.2624622,59178.90002919999,17.344,0.101,W1
QSO_4.9265373-24.2624622,59380.31682199997,17.52,0.097,W1
QSO_4.9265373-24.2624622,59380.839282999965,17.384,0.097,W1
QSO_4.9265373-24.2624622,59380.83942899999,17.456,0.081,W1
QSO_4.9265373-24.2624622,59380.9699895,17.462,0.081,W1
QSO_4.9265373-24.2624622,59381.035251499976,17.438000000000002,0.083,W1
QSO_4.9265373-24.2624622,59381.16595800001,17.509999999999998,0.091,W1
QSO_4.9265373-24.2624622,59381.29651850001,17.645,0.105,W1
QSO_4.9265373-24.2624622,59542.56490650002,17.535,0.087,W1
QSO_4.9265373-24.2624622,59542.69557650002,17.361,0.077,W1
QSO_4.9265373-24.2624622,59543.08740399996,17.378999999999998,0.102,W1
QSO_4.9265373-24.2624622,59543.15266600003,17.451999999999998,0.117,W1
QSO_4.9265373-24.2624622,59543.21796449996,17.570999999999998,0.086,W1
QSO_4.9265373-24.2624622,59543.283226500025,17.549,0.087,W1
QSO_4.9265373-24.2624622,59543.41378700003,17.637,0.095,W1
QSO_4.9265373-24.2624622,59543.544493499976,17.398,0.075,W1
QSO_4.9265373-24.2624622,59744.44585900003,17.53,0.091,W1
QSO_4.9265373-24.2624622,59744.6414625,17.391,0.095,W1
QSO_4.9265373-24.2624622,59744.70672449999,17.588,0.094,W1
QSO_4.9265373-24.2624622,59744.77187699997,17.679000000000002,0.101,W1
QSO_4.9265373-24.2624622,59744.83702950004,17.557000000000002,0.098,W1
QSO_4.9265373-24.2624622,59744.90232799996,17.459,0.113,W1
QSO_4.9265373-24.2624622,59745.032742500014,17.758,0.113,W1
QSO_4.9265373-24.2624622,59745.16304749997,17.509999999999998,0.115,W1
QSO_4.9265373-24.2624622,59906.92283499999,17.425,0.086,W1
QSO_4.9265373-24.2624622,59906.98838900004,17.602,0.096,W1
QSO_4.9265373-24.2624622,59907.05354150002,17.281,0.202,W1
QSO_4.9265373-24.2624622,59907.118694,17.603,0.091,W1
QSO_4.9265373-24.2624622,59907.183700500034,17.387,0.086,W1
QSO_4.9265373-24.2624622,59907.18384649998,17.570999999999998,0.085,W1
QSO_4.9265373-24.2624622,59907.3140055,17.459,0.082,W1
QSO_4.9265373-24.2624622,60111.16033700003,17.542,0.091,W1
QSO_4.9265373-24.2624622,60111.28998499997,17.511,0.106,W1
QSO_4.9265373-24.2624622,60111.354882,17.605,0.102,W1
QSO_4.9265373-24.2624622,60111.41966950002,17.631,0.112,W1
QSO_4.9265373-24.2624622,60111.48456649997,17.418,0.084,W1
QSO_4.9265373-24.2624622,60111.54935399999,17.807000000000002,0.172,W1
QSO_4.9265373-24.2624622,60111.54946349999,17.363,0.081,W1
QSO_4.9265373-24.2624622,60111.61425100001,17.497,0.088,W1
QSO_4.9265373-24.2624622,60111.67914799996,17.521,0.095,W1
QSO_4.9265373-24.2624622,60111.74389900004,17.433999999999997,0.103,W1
QSO_4.9265373-24.2624622,60111.8735835,17.722,0.154,W1
QSO_4.9265373-24.2624622,60273.251508000016,17.704,0.137,W1
QSO_4.9265373-24.2624622,60273.70363349999,17.549,0.099,W1
QSO_4.9265373-24.2624622,60273.768165499976,17.628999999999998,0.101,W1
QSO_4.9265373-24.2624622,60273.83280699996,17.613999999999997,0.095,W1
QSO_4.9265373-24.2624622,60273.89730250001,17.471,0.095,W1
QSO_4.9265373-24.2624622,60273.961980500026,17.433999999999997,0.125,W1
QSO_4.9265373-24.2624622,60274.09100799997,17.685000000000002,0.122,W1
QSO_4.9265373-24.2624622,60274.09111749997,17.442,0.093,W1
QSO_4.9265373-24.2624622,60274.220145,17.595,0.093,W1
QSO_4.9265373-24.2624622,60274.220291000034,17.503999999999998,0.094,W1
QSO_4.9265373-24.2624622,60475.44250420001,17.834,0.138,W1
QSO_4.9265373-24.2624622,60475.698850599976,17.459,0.093,W1
QSO_4.9265373-24.2624622,60475.89103719998,17.721,0.132,W1
QSO_4.9265373-24.2624622,60475.89114699999,17.425,0.105,W1
QSO_4.9265373-24.2624622,60476.08333359999,17.639,0.127,W1
QSO_4.9265373-24.2624622,60476.53183000001,17.427,0.104,W1
QSO_4.9265373-24.2624622,55362.357483000014,18.176,0.259,W2
QSO_4.9265373-24.2624622,55362.35759250002,17.986,0.211,W2
QSO_4.9265373-24.2624622,55362.48968599999,18.496,0.349,W2
QSO_4.9265373-24.2624622,55362.621888999965,18.157,0.24,W2
QSO_4.9265373-24.2624622,55362.688063500005,18.156,0.261,W2
QSO_4.9265373-24.2624622,55362.75409200002,18.52,0.386,W2
QSO_4.9265373-24.2624622,55362.820266499984,17.89,0.207,W2
QSO_4.9265373-24.2624622,55362.88633150002,18.063,0.242,W2
QSO_4.9265373-24.2624622,55362.95250599999,18.023,0.22,W2
QSO_4.9265373-24.2624622,55363.34911499999,18.081,0.244,W2
QSO_4.9265373-24.2624622,55539.780187000026,17.781,0.22,W2
QSO_4.9265373-24.2624622,55539.91224399996,18.428,,W2
QSO_4.9265373-24.2624622,55540.044483499965,18.522,0.413,W2
QSO_4.9265373-24.2624622,55540.11051199998,18.009,0.237,W2
QSO_4.9265373-24.2624622,55540.176686500025,18.431,0.379,W2
QSO_4.9265373-24.2624622,55540.24271500003,17.998,0.287,W2
QSO_4.9265373-24.2624622,55540.30877999999,18.915,0.525,W2
QSO_4.9265373-24.2624622,55540.37495450003,18.43,0.379,W2
QSO_4.9265373-24.2624622,55540.44098299997,17.982,,W2
QSO_4.9265373-24.2624622,55540.77145400003,18.131,0.266,W2
QSO_4.9265373-24.2624622,55544.00973399999,18.483,0.433,W2
QSO_4.9265373-24.2624622,56640.030319999976,18.318,0.361,W2
QSO_4.9265373-24.2624622,56640.16201200004,18.1,0.351,W2
QSO_4.9265373-24.2624622,56824.379045,18.193,0.313,W2
QSO_4.9265373-24.2624622,56824.51048150002,18.39,0.392,W2
QSO_4.9265373-24.2624622,56824.51062749997,18.195,0.312,W2
QSO_4.9265373-24.2624622,56824.77353699998,17.891,,W2
QSO_4.9265373-24.2624622,56827.73222699998,18.041,,W2
QSO_4.9265373-24.2624622,56827.86366350001,18.494,0.501,W2
QSO_4.9265373-24.2624622,56827.995245999984,17.564,0.189,W2
QSO_4.9265373-24.2624622,56828.38973799997,17.785,0.28,W2
QSO_4.9265373-24.2624622,57004.87512200002,18.338,0.415,W2
QSO_4.9265373-24.2624622,57004.94078549999,17.851,0.299,W2
QSO_4.9265373-24.2624622,57005.00644900005,17.846999999999998,0.27,W2
QSO_4.9265373-24.2624622,57005.07211250001,17.848,0.287,W2
QSO_4.9265373-24.2624622,57005.20343950004,18.031,0.343,W2
QSO_4.9265373-24.2624622,57005.33487599999,18.474,0.461,W2
QSO_4.9265373-24.2624622,57189.24425577161,18.081,0.269,W2
QSO_4.9265373-24.2624622,57189.24436527154,17.861,0.193,W2
QSO_4.9265373-24.2624622,57189.30991927366,17.833,0.221,W2
QSO_4.9265373-24.2624622,57189.375436775765,18.555,,W2
QSO_4.9265373-24.2624622,57189.50665427986,18.622,0.438,W2
QSO_4.9265373-24.2624622,57189.57217178196,17.697,0.264,W2
QSO_4.9265373-24.2624622,57189.70324328611,18.442,0.343,W2
QSO_4.9265373-24.2624622,57189.83446079029,17.983999999999998,0.275,W2
QSO_4.9265373-24.2624622,57363.62913172722,18.142,,W2
QSO_4.9265373-24.2624622,57363.694649229314,18.233,0.292,W2
QSO_4.9265373-24.2624622,57363.89123823548,18.628,0.449,W2
QSO_4.9265373-24.2624622,57363.95679223761,18.599,0.384,W2
QSO_4.9265373-24.2624622,57364.21878924594,18.1,0.333,W2
QSO_4.9265373-24.2624622,57553.34489722869,18.097,0.282,W2
QSO_4.9265373-24.2624622,57553.541768634976,18.517,,W2
QSO_4.9265373-24.2624622,57553.738786441216,18.051,0.299,W2
QSO_4.9265373-24.2624622,57553.87010724536,18.144,0.296,W2
QSO_4.9265373-24.2624622,57553.93569444744,18.096,0.311,W2
QSO_4.9265373-24.2624622,57554.06697865155,18.078,0.326,W2
QSO_4.9265373-24.2624622,57723.25601060183,17.552,0.259,W2
QSO_4.9265373-24.2624622,57723.38729480602,18.043,0.306,W2
QSO_4.9265373-24.2624622,57723.51861561016,17.716,0.219,W2
QSO_4.9265373-24.2624622,57723.58420281225,18.08,0.385,W2
QSO_4.9265373-24.2624622,57723.64979001434,17.933,0.294,W2
QSO_4.9265373-24.2624622,57723.84666142054,18.162,0.286,W2
QSO_4.9265373-24.2624622,57917.80615999998,17.682,0.219,W2
QSO_4.9265373-24.2624622,57917.93712199996,17.991,0.268,W2
QSO_4.9265373-24.2624622,57918.06793799999,18.29,0.493,W2
QSO_4.9265373-24.2624622,57918.13334600001,18.264,,W2
QSO_4.9265373-24.2624622,57918.19875400003,18.26,0.392,W2
QSO_4.9265373-24.2624622,57918.32956999998,18.423,0.389,W2
QSO_4.9265373-24.2624622,57918.329679499984,17.925,0.225,W2
QSO_4.9265373-24.2624622,57918.3950875,18.086,0.274,W2
QSO_4.9265373-24.2624622,57918.65671949999,18.032,0.325,W2
QSO_4.9265373-24.2624622,58083.61069500001,17.922,,W2
QSO_4.9265373-24.2624622,58083.74151099997,17.852999999999998,,W2
QSO_4.9265373-24.2624622,58084.06855099997,18.406,0.516,W2
QSO_4.9265373-24.2624622,58084.06866049997,18.488,0.452,W2
QSO_4.9265373-24.2624622,58084.13406849999,18.355,0.435,W2
QSO_4.9265373-24.2624622,58084.26488450002,18.085,0.346,W2
QSO_4.9265373-24.2624622,58084.33029250004,17.61,,W2
QSO_4.9265373-24.2624622,58084.46110849999,17.663,0.277,W2
QSO_4.9265373-24.2624622,58084.591924500026,18.09,0.393,W2
QSO_4.9265373-24.2624622,58086.6197915,18.006999999999998,0.465,W2
QSO_4.9265373-24.2624622,58087.07775700004,17.595,,W2
QSO_4.9265373-24.2624622,58087.470204999976,17.933,,W2
QSO_4.9265373-24.2624622,58284.50757099999,18.584,0.394,W2
QSO_4.9265373-24.2624622,58284.89987299997,18.211,0.411,W2
QSO_4.9265373-24.2624622,58285.09609700003,18.419,0.376,W2
QSO_4.9265373-24.2624622,58285.16139549996,17.512999999999998,0.177,W2
QSO_4.9265373-24.2624622,58285.16150499996,17.656,,W2
QSO_4.9265373-24.2624622,58285.488399000016,18.531,0.535,W2
QSO_4.9265373-24.2624622,58285.61921499997,17.967,,W2
QSO_4.9265373-24.2624622,58446.83376550001,17.997,0.268,W2
QSO_4.9265373-24.2624622,58446.96458149996,18.001,0.242,W2
QSO_4.9265373-24.2624622,58447.29147550002,17.912,,W2
QSO_4.9265373-24.2624622,58447.35688350003,18.332,0.311,W2
QSO_4.9265373-24.2624622,58447.42229149997,17.96,0.34,W2
QSO_4.9265373-24.2624622,58447.48769949999,17.751,0.205,W2
QSO_4.9265373-24.2624622,58447.5531075,18.183,0.259,W2
QSO_4.9265373-24.2624622,58648.439763500006,18.336,,W2
QSO_4.9265373-24.2624622,58648.57043350001,18.197,,W2
QSO_4.9265373-24.2624622,58648.70110350001,17.801,,W2
QSO_4.9265373-24.2624622,58648.89721799998,18.157,0.304,W2
QSO_4.9265373-24.2624622,58648.89732749998,18.194,0.329,W2
QSO_4.9265373-24.2624622,58649.158704000016,17.529,0.218,W2
QSO_4.9265373-24.2624622,58649.28951999996,18.228,0.404,W2
QSO_4.9265373-24.2624622,58649.4202265,18.226,,W2
QSO_4.9265373-24.2624622,58810.71244899999,18.365,0.337,W2
QSO_4.9265373-24.2624622,58810.84311899999,18.274,0.327,W2
QSO_4.9265373-24.2624622,58810.97382550003,17.951,0.227,W2
QSO_4.9265373-24.2624622,58811.3007195,17.681,0.19,W2
QSO_4.9265373-24.2624622,58811.69240099999,18.445,0.348,W2
QSO_4.9265373-24.2624622,59015.97578800001,18.328,0.468,W2
QSO_4.9265373-24.2624622,59016.17240320004,17.787,0.23,W2
QSO_4.9265373-24.2624622,59016.368908599965,17.964,0.446,W2
QSO_4.9265373-24.2624622,59016.43449579999,17.419999999999998,,W2
QSO_4.9265373-24.2624622,59016.500083,18.225,0.515,W2
QSO_4.9265373-24.2624622,59016.56556040001,17.996,,W2
QSO_4.9265373-24.2624622,59016.69658840002,18.006,0.298,W2
QSO_4.9265373-24.2624622,59175.6242926,18.001,0.34,W2
QSO_4.9265373-24.2624622,59175.7553206,18.023,0.356,W2
QSO_4.9265373-24.2624622,59175.88638520003,17.59,,W2
QSO_4.9265373-24.2624622,59178.50687200001,17.815,0.41,W2
QSO_4.9265373-24.2624622,59178.63793659996,17.541999999999998,0.297,W2
QSO_4.9265373-24.2624622,59178.76896459996,18.163,0.537,W2
QSO_4.9265373-24.2624622,59178.90002919999,17.406,,W2
QSO_4.9265373-24.2624622,59380.31682199997,18.145,,W2
QSO_4.9265373-24.2624622,59380.839282999965,18.411,0.426,W2
QSO_4.9265373-24.2624622,59380.83942899999,18.289,0.305,W2
QSO_4.9265373-24.2624622,59380.9699895,17.925,0.381,W2
QSO_4.9265373-24.2624622,59381.035251499976,18.276,,W2
QSO_4.9265373-24.2624622,59381.16595800001,17.58,,W2
QSO_4.9265373-24.2624622,59381.29651850001,17.756999999999998,0.222,W2
QSO_4.9265373-24.2624622,59542.56490650002,18.039,0.254,W2
QSO_4.9265373-24.2624622,59542.69557650002,17.872,0.245,W2
QSO_4.9265373-24.2624622,59543.08740399996,17.953,0.268,W2
QSO_4.9265373-24.2624622,59543.15266600003,17.968,,W2
QSO_4.9265373-24.2624622,59543.21796449996,17.549,0.198,W2
QSO_4.9265373-24.2624622,59543.283226500025,18.028,0.351,W2
QSO_4.9265373-24.2624622,59543.41378700003,18.315,0.395,W2
QSO_4.9265373-24.2624622,59543.544493499976,17.768,0.226,W2
QSO_4.9265373-24.2624622,59744.44585900003,18.026,0.476,W2
QSO_4.9265373-24.2624622,59744.6414625,17.901,0.308,W2
QSO_4.9265373-24.2624622,59744.70672449999,18.577,0.452,W2
QSO_4.9265373-24.2624622,59744.77187699997,17.903,0.357,W2
QSO_4.9265373-24.2624622,59744.83702950004,17.907,0.28,W2
QSO_4.9265373-24.2624622,59744.90232799996,18.198,0.342,W2
QSO_4.9265373-24.2624622,59745.032742500014,17.535,0.36,W2
QSO_4.9265373-24.2624622,59745.16304749997,18.53,0.478,W2
QSO_4.9265373-24.2624622,59906.92283499999,18.433,0.356,W2
QSO_4.9265373-24.2624622,59906.98838900004,18.539,0.447,W2
QSO_4.9265373-24.2624622,59907.05354150002,18.154,0.321,W2
QSO_4.9265373-24.2624622,59907.118694,18.734,,W2
QSO_4.9265373-24.2624622,59907.183700500034,18.149,,W2
QSO_4.9265373-24.2624622,59907.18384649998,18.043,0.362,W2
QSO_4.9265373-24.2624622,59907.3140055,17.959,0.328,W2
QSO_4.9265373-24.2624622,60111.16033700003,17.893,0.316,W2
QSO_4.9265373-24.2624622,60111.28998499997,18.106,0.309,W2
QSO_4.9265373-24.2624622,60111.354882,18.226,0.317,W2
QSO_4.9265373-24.2624622,60111.41966950002,17.627,0.257,W2
QSO_4.9265373-24.2624622,60111.48456649997,18.376,0.4,W2
QSO_4.9265373-24.2624622,60111.54935399999,18.365,0.406,W2
QSO_4.9265373-24.2624622,60111.54946349999,18.003999999999998,0.289,W2
QSO_4.9265373-24.2624622,60111.61425100001,18.134,0.412,W2
QSO_4.9265373-24.2624622,60111.67914799996,18.309,0.422,W2
QSO_4.9265373-24.2624622,60111.74389900004,17.709,0.274,W2
QSO_4.9265373-24.2624622,60111.8735835,18.043,0.315,W2
QSO_4.9265373-24.2624622,60273.251508000016,18.168,0.332,W2
QSO_4.9265373-24.2624622,60273.70363349999,18.554,0.478,W2
QSO_4.9265373-24.2624622,60273.768165499976,18.154,,W2
QSO_4.9265373-24.2624622,60273.83280699996,18.457,,W2
QSO_4.9265373-24.2624622,60273.89730250001,18.186,,W2
QSO_4.9265373-24.2624622,60273.961980500026,18.174,,W2
QSO_4.9265373-24.2624622,60274.09100799997,18.306,0.343,W2
QSO_4.9265373-24.2624622,60274.09111749997,18.058,0.31,W2
QSO_4.9265373-24.2624622,60274.220145,17.961,0.307,W2
QSO_4.9265373-24.2624622,60274.220291000034,18.276,0.361,W2
QSO_4.9265373-24.2624622,60475.44250420001,17.896,,W2
QSO_4.9265373-24.2624622,60475.698850599976,18.471,,W2
QSO_4.9265373-24.2624622,60475.89103719998,17.887999999999998,,W2
QSO_4.9265373-24.2624622,60475.89114699999,17.823999999999998,,W2
QSO_4.9265373-24.2624622,60476.08333359999,17.46,0.254,W2
QSO_4.9265373-24.2624622,60476.53183000001,18.26,0.462,W2
QSO_4.8280797-24.3870152,55362.35759250002,18.123,0.139,W1
QSO_4.8280797-24.3870152,55362.4897955,18.446,0.166,W1
QSO_4.8280797-24.3870152,55362.55586050003,18.299,0.16,W1
QSO_4.8280797-24.3870152,55362.621888999965,18.682,0.201,W1
QSO_4.8280797-24.3870152,55362.62203499999,18.152,0.131,W1
QSO_4.8280797-24.3870152,55362.688063500005,18.126,0.146,W1
QSO_4.8280797-24.3870152,55362.75409200002,18.384,0.197,W1
QSO_4.8280797-24.3870152,55362.820266499984,18.201,0.141,W1
QSO_4.8280797-24.3870152,55362.95250599999,18.183,0.144,W1
QSO_4.8280797-24.3870152,55539.78004099999,18.302,0.162,W1
QSO_4.8280797-24.3870152,55539.780187000026,18.437,0.175,W1
QSO_4.8280797-24.3870152,55539.91224399996,18.265,0.179,W1
QSO_4.8280797-24.3870152,55539.978309000006,18.252,0.17,W1
QSO_4.8280797-24.3870152,55539.97841850001,17.933,0.114,W1
QSO_4.8280797-24.3870152,55540.044483499965,18.275,0.155,W1
QSO_4.8280797-24.3870152,55540.11051199998,18.172,0.146,W1
QSO_4.8280797-24.3870152,55540.17654049999,18.323,0.164,W1
QSO_4.8280797-24.3870152,55540.176686500025,17.936999999999998,0.112,W1
QSO_4.8280797-24.3870152,55540.24271500003,18.653,0.211,W1
QSO_4.8280797-24.3870152,55540.37495450003,18.361,0.161,W1
QSO_4.8280797-24.3870152,55544.00973399999,18.195,0.184,W1
QSO_4.8280797-24.3870152,56640.030319999976,18.294,0.165,W1
QSO_4.8280797-24.3870152,56824.379045,18.196,0.143,W1
QSO_4.8280797-24.3870152,56824.51062749997,18.15,0.132,W1
QSO_4.8280797-24.3870152,56824.77353699998,18.125,0.163,W1
QSO_4.8280797-24.3870152,56827.73222699998,18.059,0.129,W1
QSO_4.8280797-24.3870152,56827.86366350001,18.323,0.228,W1
QSO_4.8280797-24.3870152,56827.86380950004,18.217,0.136,W1
QSO_4.8280797-24.3870152,57004.21826799997,18.101,0.164,W1
QSO_4.8280797-24.3870152,57004.21837749997,18.464,0.173,W1
QSO_4.8280797-24.3870152,57004.87512200002,18.209,0.151,W1
QSO_4.8280797-24.3870152,57004.94078549999,18.157,0.142,W1
QSO_4.8280797-24.3870152,57005.07211250001,17.875999999999998,0.115,W1
QSO_4.8280797-24.3870152,57005.20343950004,17.930999999999997,0.139,W1
QSO_4.8280797-24.3870152,57188.719714254905,18.346,0.175,W1
QSO_4.8280797-24.3870152,57188.71986025494,18.005,0.17,W1
QSO_4.8280797-24.3870152,57189.24436527154,18.115,0.149,W1
QSO_4.8280797-24.3870152,57189.30991927366,18.084,0.131,W1
QSO_4.8280797-24.3870152,57189.375436775765,17.982,0.108,W1
QSO_4.8280797-24.3870152,57189.70324328611,18.367,0.201,W1
QSO_4.8280797-24.3870152,57363.10484571056,18.286,0.143,W1
QSO_4.8280797-24.3870152,57363.62913172722,18.328,0.15,W1
QSO_4.8280797-24.3870152,57363.694649229314,18.35,0.189,W1
QSO_4.8280797-24.3870152,57363.76005723133,18.093,0.155,W1
QSO_4.8280797-24.3870152,57553.08229222045,17.845,0.204,W1
QSO_4.8280797-24.3870152,57553.34489722869,18.054,0.155,W1
QSO_4.8280797-24.3870152,57553.41048443079,18.022,0.125,W1
QSO_4.8280797-24.3870152,57553.541768634976,18.272,0.15,W1
QSO_4.8280797-24.3870152,57553.738786441216,18.046,0.125,W1
QSO_4.8280797-24.3870152,57553.93569444744,17.991,0.233,W1
QSO_4.8280797-24.3870152,57554.06697865155,17.985,0.124,W1
QSO_4.8280797-24.3870152,57723.25601060183,18.095,0.171,W1
QSO_4.8280797-24.3870152,57723.32159780392,18.164,0.158,W1
QSO_4.8280797-24.3870152,57723.38729480602,17.979,0.135,W1
QSO_4.8280797-24.3870152,57723.51846921012,18.365,0.168,W1
QSO_4.8280797-24.3870152,57723.51861561016,18.193,0.136,W1
QSO_4.8280797-24.3870152,57723.58420281225,18.29,0.175,W1
QSO_4.8280797-24.3870152,57723.84666142054,17.948,0.175,W1
QSO_4.8280797-24.3870152,57917.80615999998,18.158,0.145,W1
QSO_4.8280797-24.3870152,57917.806306000006,18.066000000000003,0.197,W1
QSO_4.8280797-24.3870152,57917.93712199996,18.244,0.148,W1
QSO_4.8280797-24.3870152,57918.002529999976,18.213,0.145,W1
QSO_4.8280797-24.3870152,57918.06793799999,18.226,0.167,W1
QSO_4.8280797-24.3870152,57918.13334600001,18.5,0.184,W1
QSO_4.8280797-24.3870152,57918.19875400003,18.126,0.154,W1
QSO_4.8280797-24.3870152,57918.26427149997,18.164,0.139,W1
QSO_4.8280797-24.3870152,57918.3950875,18.211,0.255,W1
QSO_4.8280797-24.3870152,57918.65671949999,18.323,0.181,W1
QSO_4.8280797-24.3870152,58083.61069500001,18.05,0.161,W1
QSO_4.8280797-24.3870152,58083.74151099997,18.448,0.18,W1
QSO_4.8280797-24.3870152,58084.06855099997,17.863999999999997,0.146,W1
QSO_4.8280797-24.3870152,58084.133958999984,18.293,0.223,W1
QSO_4.8280797-24.3870152,58084.199367,18.735,0.226,W1
QSO_4.8280797-24.3870152,58084.33029250004,18.229,0.149,W1
QSO_4.8280797-24.3870152,58084.46110849999,17.939,0.132,W1
QSO_4.8280797-24.3870152,58086.35815950001,17.98,0.144,W1
QSO_4.8280797-24.3870152,58086.68519950001,17.923000000000002,0.186,W1
QSO_4.8280797-24.3870152,58087.07775700004,17.649,0.106,W1
QSO_4.8280797-24.3870152,58284.50757099999,18.492,0.247,W1
QSO_4.8280797-24.3870152,58284.83446500004,18.285,0.166,W1
QSO_4.8280797-24.3870152,58284.89987299997,18.346,0.167,W1
QSO_4.8280797-24.3870152,58285.09609700003,17.936,0.184,W1
QSO_4.8280797-24.3870152,58285.488399000016,18.012,0.12,W1
QSO_4.8280797-24.3870152,58446.83376550001,18.217,0.156,W1
QSO_4.8280797-24.3870152,58446.96458149996,18.171,0.142,W1
QSO_4.8280797-24.3870152,58447.16080550001,18.049,0.143,W1
QSO_4.8280797-24.3870152,58447.29147550002,18.626,0.214,W1
QSO_4.8280797-24.3870152,58447.35688350003,18.148,0.135,W1
QSO_4.8280797-24.3870152,58447.42229149997,18.153,0.178,W1
QSO_4.8280797-24.3870152,58447.5531075,18.157,0.134,W1
QSO_4.8280797-24.3870152,58648.439763500006,18.075,0.152,W1
QSO_4.8280797-24.3870152,58648.57043350001,18.357,0.172,W1
QSO_4.8280797-24.3870152,58648.63584150003,18.644,0.213,W1
QSO_4.8280797-24.3870152,58648.70124949996,17.887999999999998,0.112,W1
QSO_4.8280797-24.3870152,58648.89732749998,18.408,0.179,W1
QSO_4.8280797-24.3870152,58649.158704000016,18.312,0.188,W1
QSO_4.8280797-24.3870152,58649.28951999996,18.346,0.162,W1
QSO_4.8280797-24.3870152,58810.71244899999,18.138,0.177,W1
QSO_4.8280797-24.3870152,58810.84311899999,17.903,0.165,W1
QSO_4.8280797-24.3870152,58810.97382550003,18.386,0.23,W1
QSO_4.8280797-24.3870152,58811.03923350004,18.072,0.149,W1
QSO_4.8280797-24.3870152,58811.16990349996,18.365,0.163,W1
QSO_4.8280797-24.3870152,58811.3007195,18.138,0.142,W1
QSO_4.8280797-24.3870152,58811.69240099999,17.942999999999998,0.111,W1
QSO_4.8280797-24.3870152,59015.71369539998,17.962,0.142,W1
QSO_4.8280797-24.3870152,59015.97578800001,18.051,0.152,W1
QSO_4.8280797-24.3870152,59016.04137520003,18.098,0.13,W1
QSO_4.8280797-24.3870152,59016.106962399965,18.466,0.172,W1
QSO_4.8280797-24.3870152,59016.43449579999,18.255,0.239,W1
QSO_4.8280797-24.3870152,59016.56556040001,18.435,0.231,W1
QSO_4.8280797-24.3870152,59016.69658840002,18.159,0.162,W1
QSO_4.8280797-24.3870152,59175.36219999997,18.066000000000003,0.132,W1
QSO_4.8280797-24.3870152,59175.6242926,18.089,0.213,W1
QSO_4.8280797-24.3870152,59175.7553206,18.011,0.125,W1
QSO_4.8280797-24.3870152,59178.50687200001,18.134,0.187,W1
QSO_4.8280797-24.3870152,59178.63793659996,18.059,0.153,W1
QSO_4.8280797-24.3870152,59178.76896459996,18.151,0.169,W1
QSO_4.8280797-24.3870152,59178.90002919999,18.22,0.208,W1
QSO_4.8280797-24.3870152,59380.18626149996,18.04,0.13,W1
QSO_4.8280797-24.3870152,59380.31682199997,18.273,0.153,W1
QSO_4.8280797-24.3870152,59380.83942899999,18.179,0.137,W1
QSO_4.8280797-24.3870152,59381.16595800001,18.186,0.154,W1
QSO_4.8280797-24.3870152,59542.43434600002,18.388,0.171,W1
QSO_4.8280797-24.3870152,59542.69557650002,18.052,0.122,W1
QSO_4.8280797-24.3870152,59543.08740399996,17.749000000000002,0.239,W1
QSO_4.8280797-24.3870152,59543.15266600003,18.51,0.188,W1
QSO_4.8280797-24.3870152,59543.283226500025,17.973,0.118,W1
QSO_4.8280797-24.3870152,59543.41378700003,17.902,0.118,W1
QSO_4.8280797-24.3870152,59744.44585900003,17.762,0.168,W1
QSO_4.8280797-24.3870152,59744.6414625,18.2,0.164,W1
QSO_4.8280797-24.3870152,59744.70672449999,17.755,0.126,W1
QSO_4.8280797-24.3870152,59744.77187699997,17.973,0.127,W1
QSO_4.8280797-24.3870152,59744.90232799996,18.369,0.231,W1
QSO_4.8280797-24.3870152,59745.032742500014,18.194,0.143,W1
QSO_4.8280797-24.3870152,59906.337229000026,18.196,0.181,W1
QSO_4.8280797-24.3870152,59906.92283499999,18.328,0.159,W1
QSO_4.8280797-24.3870152,59906.98838900004,18.067,0.126,W1
QSO_4.8280797-24.3870152,59907.05354150002,18.078,0.173,W1
QSO_4.8280797-24.3870152,59907.183700500034,18.319,0.157,W1
QSO_4.8280797-24.3870152,59907.3140055,18.054,0.128,W1
QSO_4.8280797-24.3870152,60111.16033700003,18.209,0.15,W1
QSO_4.8280797-24.3870152,60111.225233999976,18.034,0.138,W1
QSO_4.8280797-24.3870152,60111.28998499997,18.205,0.324,W1
QSO_4.8280797-24.3870152,60111.41966950002,18.284,0.31,W1
QSO_4.8280797-24.3870152,60111.419779000025,18.409,0.194,W1
QSO_4.8280797-24.3870152,60111.48456649997,18.238,0.175,W1
QSO_4.8280797-24.3870152,60111.54946349999,18.203,0.158,W1
QSO_4.8280797-24.3870152,60111.61425100001,18.321,0.187,W1
QSO_4.8280797-24.3870152,60111.8735835,18.145,0.192,W1
QSO_4.8280797-24.3870152,60111.87369300001,18.235,0.146,W1
QSO_4.8280797-24.3870152,60273.12237099998,18.39,0.19,W1
QSO_4.8280797-24.3870152,60273.251508000016,18.393,0.267,W1
QSO_4.8280797-24.3870152,60273.70363349999,18.502,0.212,W1
QSO_4.8280797-24.3870152,60273.768165499976,17.866999999999997,0.115,W1
QSO_4.8280797-24.3870152,60273.83280699996,18.448,0.197,W1
QSO_4.8280797-24.3870152,60273.96183449999,18.041,0.147,W1
QSO_4.8280797-24.3870152,60274.09100799997,17.990000000000002,0.14,W1
QSO_4.8280797-24.3870152,60475.44250420001,18.054,0.158,W1
QSO_4.8280797-24.3870152,60475.57075059997,18.327,0.197,W1
QSO_4.8280797-24.3870152,60475.63480060002,18.125,0.164,W1
QSO_4.8280797-24.3870152,60475.698850599976,17.889,0.129,W1
QSO_4.8280797-24.3870152,60475.89114699999,18.002000000000002,0.222,W1
QSO_4.8280797-24.3870152,55362.35759250002,18.523,0.349,W2
QSO_4.8280797-24.3870152,55362.4897955,18.054,0.253,W2
QSO_4.8280797-24.3870152,55362.55586050003,18.121,0.259,W2
QSO_4.8280797-24.3870152,55362.621888999965,18.305,,W2
QSO_4.8280797-24.3870152,55362.62203499999,17.791,0.171,W2
QSO_4.8280797-24.3870152,55362.688063500005,18.495,0.423,W2
QSO_4.8280797-24.3870152,55362.75409200002,18.466,0.339,W2
QSO_4.8280797-24.3870152,55362.820266499984,18.752,0.494,W2
QSO_4.8280797-24.3870152,55362.95250599999,18.327,0.307,W2
QSO_4.8280797-24.3870152,55539.78004099999,18.336,0.337,W2
QSO_4.8280797-24.3870152,55539.780187000026,18.372,,W2
QSO_4.8280797-24.3870152,55539.91224399996,18.315,0.324,W2
QSO_4.8280797-24.3870152,55539.978309000006,18.665,0.445,W2
QSO_4.8280797-24.3870152,55539.97841850001,18.249,,W2
QSO_4.8280797-24.3870152,55540.044483499965,18.538,0.377,W2
QSO_4.8280797-24.3870152,55540.11051199998,18.576,0.467,W2
QSO_4.8280797-24.3870152,55540.17654049999,18.517,0.377,W2
QSO_4.8280797-24.3870152,55540.176686500025,18.294,,W2
QSO_4.8280797-24.3870152,55540.24271500003,18.54,0.368,W2
QSO_4.8280797-24.3870152,55540.37495450003,18.628,0.405,W2
QSO_4.8280797-24.3870152,55544.00973399999,18.215,0.363,W2
QSO_4.8280797-24.3870152,56640.030319999976,18.552,0.524,W2
QSO_4.8280797-24.3870152,56824.379045,17.951,0.331,W2
QSO_4.8280797-24.3870152,56824.51062749997,18.318,0.411,W2
QSO_4.8280797-24.3870152,56824.77353699998,18.564,0.477,W2
QSO_4.8280797-24.3870152,56827.73222699998,17.896,,W2
QSO_4.8280797-24.3870152,56827.86366350001,18.206,,W2
QSO_4.8280797-24.3870152,56827.86380950004,18.203,0.312,W2
QSO_4.8280797-24.3870152,57004.21826799997,18.233,,W2
QSO_4.8280797-24.3870152,57004.21837749997,18.244,0.408,W2
QSO_4.8280797-24.3870152,57004.87512200002,18.13,,W2
QSO_4.8280797-24.3870152,57004.94078549999,18.105,0.462,W2
QSO_4.8280797-24.3870152,57005.07211250001,17.765,,W2
QSO_4.8280797-24.3870152,57005.20343950004,18.043,0.327,W2
QSO_4.8280797-24.3870152,57188.719714254905,18.324,0.313,W2
QSO_4.8280797-24.3870152,57188.71986025494,18.372,0.312,W2
QSO_4.8280797-24.3870152,57189.24436527154,18.134,,W2
QSO_4.8280797-24.3870152,57189.30991927366,18.471,,W2
QSO_4.8280797-24.3870152,57189.375436775765,18.323,0.441,W2
QSO_4.8280797-24.3870152,57189.70324328611,18.134,,W2
QSO_4.8280797-24.3870152,57363.10484571056,17.980999999999998,,W2
QSO_4.8280797-24.3870152,57363.62913172722,18.382,,W2
QSO_4.8280797-24.3870152,57363.694649229314,18.569,0.446,W2
QSO_4.8280797-24.3870152,57363.76005723133,18.352,,W2
QSO_4.8280797-24.3870152,57553.08229222045,18.559,0.453,W2
QSO_4.8280797-24.3870152,57553.34489722869,18.664,0.458,W2
QSO_4.8280797-24.3870152,57553.41048443079,18.03,0.251,W2
QSO_4.8280797-24.3870152,57553.541768634976,18.299,,W2
QSO_4.8280797-24.3870152,57553.738786441216,17.762999999999998,0.196,W2
QSO_4.8280797-24.3870152,57553.93569444744,18.134,,W2
QSO_4.8280797-24.3870152,57554.06697865155,18.657,0.541,W2
QSO_4.8280797-24.3870152,57723.25601060183,17.767,0.24,W2
QSO_4.8280797-24.3870152,57723.32159780392,18.556,0.517,W2
QSO_4.8280797-24.3870152,57723.38729480602,18.22,0.311,W2
QSO_4.8280797-24.3870152,57723.51846921012,17.955,,W2
QSO_4.8280797-24.3870152,57723.51861561016,18.513,0.371,W2
QSO_4.8280797-24.3870152,57723.58420281225,17.977,,W2
QSO_4.8280797-24.3870152,57723.84666142054,18.536,0.388,W2
QSO_4.8280797-24.3870152,57917.80615999998,17.886,,W2
QSO_4.8280797-24.3870152,57917.806306000006,18.681,0.457,W2
QSO_4.8280797-24.3870152,57917.93712199996,18.251,0.397,W2
QSO_4.8280797-24.3870152,57918.002529999976,17.762999999999998,0.247,W2
QSO_4.8280797-24.3870152,57918.06793799999,17.599999999999998,,W2
QSO_4.8280797-24.3870152,57918.13334600001,18.186,,W2
QSO_4.8280797-24.3870152,57918.19875400003,18.512,0.467,W2
QSO_4.8280797-24.3870152,57918.26427149997,18.419,0.419,W2
QSO_4.8280797-24.3870152,57918.3950875,17.912,,W2
QSO_4.8280797-24.3870152,57918.65671949999,18.748,0.507,W2
QSO_4.8280797-24.3870152,58083.61069500001,18.36,,W2
QSO_4.8280797-24.3870152,58083.74151099997,17.958,0.319,W2
QSO_4.8280797-24.3870152,58084.06855099997,18.002,0.308,W2
QSO_4.8280797-24.3870152,58084.133958999984,17.716,,W2
QSO_4.8280797-24.3870152,58084.199367,18.416,0.416,W2
QSO_4.8280797-24.3870152,58084.33029250004,18.07,0.447,W2
QSO_4.8280797-24.3870152,58084.46110849999,17.831,,W2
QSO_4.8280797-24.3870152,58086.35815950001,18.005,0.443,W2
QSO_4.8280797-24.3870152,58086.68519950001,17.104,,W2
QSO_4.8280797-24.3870152,58087.07775700004,18.433,0.507,W2
QSO_4.8280797-24.3870152,58284.50757099999,18.123,,W2
QSO_4.8280797-24.3870152,58284.83446500004,18.172,0.357,W2
QSO_4.8280797-24.3870152,58284.89987299997,18.629,0.47,W2
QSO_4.8280797-24.3870152,58285.09609700003,18.459,0.446,W2
QSO_4.8280797-24.3870152,58285.488399000016,18.194,,W2
QSO_4.8280797-24.3870152,58446.83376550001,18.198,,W2
QSO_4.8280797-24.3870152,58446.96458149996,18.136,0.354,W2
QSO_4.8280797-24.3870152,58447.16080550001,18.053,0.371,W2
QSO_4.8280797-24.3870152,58447.29147550002,18.352,0.338,W2
QSO_4.8280797-24.3870152,58447.35688350003,18.47,0.371,W2
QSO_4.8280797-24.3870152,58447.42229149997,17.891,,W2
QSO_4.8280797-24.3870152,58447.5531075,18.237,,W2
QSO_4.8280797-24.3870152,58648.439763500006,18.551,0.452,W2
QSO_4.8280797-24.3870152,58648.57043350001,17.854,0.238,W2
QSO_4.8280797-24.3870152,58648.63584150003,17.7,0.261,W2
QSO_4.8280797-24.3870152,58648.70124949996,17.618,0.323,W2
QSO_4.8280797-24.3870152,58648.89732749998,18.244,0.339,W2
QSO_4.8280797-24.3870152,58649.158704000016,18.736,0.503,W2
QSO_4.8280797-24.3870152,58649.28951999996,18.383,0.408,W2
QSO_4.8280797-24.3870152,58810.71244899999,18.093,,W2
QSO_4.8280797-24.3870152,58810.84311899999,18.828,0.532,W2
QSO_4.8280797-24.3870152,58810.97382550003,18.307,0.329,W2
QSO_4.8280797-24.3870152,58811.03923350004,18.114,0.338,W2
QSO_4.8280797-24.3870152,58811.16990349996,18.284,0.339,W2
QSO_4.8280797-24.3870152,58811.3007195,17.877,0.351,W2
QSO_4.8280797-24.3870152,58811.69240099999,18.924,0.519,W2
QSO_4.8280797-24.3870152,59015.71369539998,18.329,,W2
QSO_4.8280797-24.3870152,59015.97578800001,18.726,,W2
QSO_4.8280797-24.3870152,59016.04137520003,18.081,,W2
QSO_4.8280797-24.3870152,59016.106962399965,18.51,0.371,W2
QSO_4.8280797-24.3870152,59016.43449579999,18.006,0.354,W2
QSO_4.8280797-24.3870152,59016.56556040001,18.494,0.439,W2
QSO_4.8280797-24.3870152,59016.69658840002,17.927,,W2
QSO_4.8280797-24.3870152,59175.36219999997,18.18,0.372,W2
QSO_4.8280797-24.3870152,59175.6242926,17.663999999999998,0.359,W2
QSO_4.8280797-24.3870152,59175.7553206,17.277,,W2
QSO_4.8280797-24.3870152,59178.50687200001,18.035,0.497,W2
QSO_4.8280797-24.3870152,59178.63793659996,17.214,,W2
QSO_4.8280797-24.3870152,59178.76896459996,17.524,,W2
QSO_4.8280797-24.3870152,59178.90002919999,17.716,,W2
QSO_4.8280797-24.3870152,59380.18626149996,18.117,,W2
QSO_4.8280797-24.3870152,59380.31682199997,18.13,0.322,W2
QSO_4.8280797-24.3870152,59380.83942899999,18.522,0.417,W2
QSO_4.8280797-24.3870152,59381.16595800001,17.889,0.344,W2
QSO_4.8280797-24.3870152,59542.43434600002,18.532,0.442,W2
QSO_4.8280797-24.3870152,59542.69557650002,18.21,0.38,W2
QSO_4.8280797-24.3870152,59543.08740399996,17.727,,W2
QSO_4.8280797-24.3870152,59543.15266600003,18.221,0.419,W2
QSO_4.8280797-24.3870152,59543.283226500025,17.823999999999998,,W2
QSO_4.8280797-24.3870152,59543.41378700003,18.122,,W2
QSO_4.8280797-24.3870152,59744.44585900003,18.106,,W2
QSO_4.8280797-24.3870152,59744.6414625,17.961,,W2
QSO_4.8280797-24.3870152,59744.70672449999,17.781,0.261,W2
QSO_4.8280797-24.3870152,59744.77187699997,18.109,,W2
QSO_4.8280797-24.3870152,59744.90232799996,18.662,0.508,W2
QSO_4.8280797-24.3870152,59745.032742500014,17.474999999999998,0.246,W2
QSO_4.8280797-24.3870152,59906.337229000026,17.817,0.221,W2
QSO_4.8280797-24.3870152,59906.92283499999,18.537,0.388,W2
QSO_4.8280797-24.3870152,59906.98838900004,18.059,0.264,W2
QSO_4.8280797-24.3870152,59907.05354150002,18.343,0.378,W2
QSO_4.8280797-24.3870152,59907.183700500034,18.231,0.371,W2
QSO_4.8280797-24.3870152,59907.3140055,17.753,0.233,W2
QSO_4.8280797-24.3870152,60111.16033700003,18.253,0.324,W2
QSO_4.8280797-24.3870152,60111.225233999976,17.769,0.25,W2
QSO_4.8280797-24.3870152,60111.28998499997,17.928,,W2
QSO_4.8280797-24.3870152,60111.41966950002,18.263,0.509,W2
QSO_4.8280797-24.3870152,60111.419779000025,18.027,,W2
QSO_4.8280797-24.3870152,60111.48456649997,17.927,,W2
QSO_4.8280797-24.3870152,60111.54946349999,18.136,0.281,W2
QSO_4.8280797-24.3870152,60111.61425100001,17.701,0.505,W2
QSO_4.8280797-24.3870152,60111.8735835,18.685,0.468,W2
QSO_4.8280797-24.3870152,60111.87369300001,18.644,0.501,W2
QSO_4.8280797-24.3870152,60273.12237099998,17.968,0.277,W2
QSO_4.8280797-24.3870152,60273.251508000016,18.289,,W2
QSO_4.8280797-24.3870152,60273.70363349999,18.278,,W2
QSO_4.8280797-24.3870152,60273.768165499976,18.039,0.313,W2
QSO_4.8280797-24.3870152,60273.83280699996,18.821,,W2
QSO_4.8280797-24.3870152,60273.96183449999,18.432,0.449,W2
QSO_4.8280797-24.3870152,60274.09100799997,18.161,,W2
QSO_4.8280797-24.3870152,60475.44250420001,17.602999999999998,0.501,W2
QSO_4.8280797-24.3870152,60475.57075059997,18.186,,W2
QSO_4.8280797-24.3870152,60475.63480060002,17.832,,W2
QSO_4.8280797-24.3870152,60475.698850599976,18.161,0.526,W2
QSO_4.8280797-24.3870152,60475.89114699999,18.0,,W2
QSO_4.9109996-24.3699518,55362.35759250002,17.96,0.133,W1
QSO_4.9109996-24.3699518,55362.4897955,17.936999999999998,0.111,W1
QSO_4.9109996-24.3699518,55362.621888999965,17.797,0.104,W1
QSO_4.9109996-24.3699518,55362.62203499999,17.974,0.133,W1
QSO_4.9109996-24.3699518,55362.688063500005,18.147,0.145,W1
QSO_4.9109996-24.3699518,55362.75409200002,17.712,0.103,W1
QSO_4.9109996-24.3699518,55362.820266499984,17.804000000000002,0.103,W1
QSO_4.9109996-24.3699518,55362.88633150002,17.807000000000002,0.105,W1
QSO_4.9109996-24.3699518,55362.95250599999,17.981,0.124,W1
QSO_4.9109996-24.3699518,55363.34911499999,17.775,0.103,W1
QSO_4.9109996-24.3699518,55539.78004099999,17.567999999999998,0.092,W1
QSO_4.9109996-24.3699518,55539.91224399996,17.848,0.12,W1
QSO_4.9109996-24.3699518,55540.044483499965,18.098,0.138,W1
QSO_4.9109996-24.3699518,55540.11051199998,17.79,0.105,W1
QSO_4.9109996-24.3699518,55540.17654049999,17.750999999999998,0.106,W1
QSO_4.9109996-24.3699518,55540.176686500025,17.886,0.12,W1
QSO_4.9109996-24.3699518,55540.24271500003,17.856,0.128,W1
QSO_4.9109996-24.3699518,55540.30877999999,18.0,0.128,W1
QSO_4.9109996-24.3699518,55540.37495450003,17.842,0.127,W1
QSO_4.9109996-24.3699518,55540.77145400003,17.978,0.142,W1
QSO_4.9109996-24.3699518,55544.00973399999,17.948,0.124,W1
QSO_4.9109996-24.3699518,56640.030319999976,17.554000000000002,0.09,W1
QSO_4.9109996-24.3699518,56640.096238999984,17.911,0.204,W1
QSO_4.9109996-24.3699518,56824.379045,17.899,0.128,W1
QSO_4.9109996-24.3699518,56824.51062749997,17.820999999999998,0.102,W1
QSO_4.9109996-24.3699518,56824.77353699998,17.902,0.133,W1
QSO_4.9109996-24.3699518,56827.73222699998,17.947,0.127,W1
QSO_4.9109996-24.3699518,56827.86366350001,17.97,0.123,W1
QSO_4.9109996-24.3699518,56827.86380950004,17.669,0.092,W1
QSO_4.9109996-24.3699518,56827.995245999984,18.029,0.132,W1
QSO_4.9109996-24.3699518,57004.21837749997,17.983,0.127,W1
QSO_4.9109996-24.3699518,57004.87512200002,17.947,0.124,W1
QSO_4.9109996-24.3699518,57004.94078549999,18.122,0.178,W1
QSO_4.9109996-24.3699518,57005.07211250001,17.822,0.121,W1
QSO_4.9109996-24.3699518,57005.20343950004,17.981,0.126,W1
QSO_4.9109996-24.3699518,57005.33476649998,17.805999999999997,0.104,W1
QSO_4.9109996-24.3699518,57005.33487599999,17.933,0.129,W1
QSO_4.9109996-24.3699518,57188.71986025494,17.828,0.163,W1
QSO_4.9109996-24.3699518,57189.24436527154,17.654,0.105,W1
QSO_4.9109996-24.3699518,57189.30991927366,17.863999999999997,0.108,W1
QSO_4.9109996-24.3699518,57189.375436775765,17.755,0.105,W1
QSO_4.9109996-24.3699518,57189.57217178196,17.886,0.171,W1
QSO_4.9109996-24.3699518,57189.70324328611,17.793,0.126,W1
QSO_4.9109996-24.3699518,57189.703389286144,17.933999999999997,0.114,W1
QSO_4.9109996-24.3699518,57189.83446079029,17.776,0.1,W1
QSO_4.9109996-24.3699518,57363.563577725086,17.758,0.095,W1
QSO_4.9109996-24.3699518,57363.62913172722,17.761,0.098,W1
QSO_4.9109996-24.3699518,57363.694649229314,17.930999999999997,0.131,W1
QSO_4.9109996-24.3699518,57363.76005723133,17.871000000000002,0.115,W1
QSO_4.9109996-24.3699518,57364.21878924594,17.875,0.111,W1
QSO_4.9109996-24.3699518,57553.08229222045,17.701999999999998,0.098,W1
QSO_4.9109996-24.3699518,57553.34489722869,18.091,0.142,W1
QSO_4.9109996-24.3699518,57553.541768634976,17.845,0.12,W1
QSO_4.9109996-24.3699518,57553.738786441216,17.740000000000002,0.1,W1
QSO_4.9109996-24.3699518,57553.93569444744,18.246,0.332,W1
QSO_4.9109996-24.3699518,57554.06697865155,17.951,0.14,W1
QSO_4.9109996-24.3699518,57723.25601060183,18.164,0.191,W1
QSO_4.9109996-24.3699518,57723.38729480602,17.851,0.122,W1
QSO_4.9109996-24.3699518,57723.51846921012,18.006,0.122,W1
QSO_4.9109996-24.3699518,57723.58420281225,17.786,0.114,W1
QSO_4.9109996-24.3699518,57723.64979001434,17.644,0.094,W1
QSO_4.9109996-24.3699518,57723.84666142054,17.744,0.099,W1
QSO_4.9109996-24.3699518,57917.80615999998,17.912,0.114,W1
QSO_4.9109996-24.3699518,57917.806306000006,18.133,0.154,W1
QSO_4.9109996-24.3699518,57917.93712199996,18.029,0.161,W1
QSO_4.9109996-24.3699518,57918.002529999976,17.972,0.122,W1
QSO_4.9109996-24.3699518,57918.06793799999,17.911,0.214,W1
QSO_4.9109996-24.3699518,57918.13334600001,18.059,0.129,W1
QSO_4.9109996-24.3699518,57918.19875400003,17.786,0.106,W1
QSO_4.9109996-24.3699518,57918.26427149997,17.983,0.117,W1
QSO_4.9109996-24.3699518,57918.329679499984,17.865000000000002,0.108,W1
QSO_4.9109996-24.3699518,57918.3950875,17.866,0.125,W1
QSO_4.9109996-24.3699518,57918.65671949999,18.113,0.138,W1
QSO_4.9109996-24.3699518,58083.61069500001,18.186,0.153,W1
QSO_4.9109996-24.3699518,58083.74151099997,17.893,0.134,W1
QSO_4.9109996-24.3699518,58084.06855099997,17.499000000000002,0.114,W1
QSO_4.9109996-24.3699518,58084.133958999984,17.819,0.168,W1
QSO_4.9109996-24.3699518,58084.199367,17.926000000000002,0.119,W1
QSO_4.9109996-24.3699518,58084.33029250004,17.834,0.11,W1
QSO_4.9109996-24.3699518,58084.46110849999,17.869,0.115,W1
QSO_4.9109996-24.3699518,58084.591924500026,17.747999999999998,0.106,W1
QSO_4.9109996-24.3699518,58086.35815950001,17.85,0.114,W1
QSO_4.9109996-24.3699518,58086.6197915,17.855,0.169,W1
QSO_4.9109996-24.3699518,58086.75060750003,18.148,0.178,W1
QSO_4.9109996-24.3699518,58087.07775700004,17.906,0.12,W1
QSO_4.9109996-24.3699518,58284.50757099999,17.898,0.123,W1
QSO_4.9109996-24.3699518,58284.83446500004,17.686999999999998,0.097,W1
QSO_4.9109996-24.3699518,58285.09609700003,17.778,0.106,W1
QSO_4.9109996-24.3699518,58285.16150499996,17.756,0.1,W1
QSO_4.9109996-24.3699518,58285.488399000016,18.022,0.133,W1
QSO_4.9109996-24.3699518,58446.83376550001,17.804000000000002,0.117,W1
QSO_4.9109996-24.3699518,58446.96458149996,17.667,0.117,W1
QSO_4.9109996-24.3699518,58447.16065949998,18.292,0.173,W1
QSO_4.9109996-24.3699518,58447.16080550001,17.863,0.109,W1
QSO_4.9109996-24.3699518,58447.29147550002,17.848,0.115,W1
QSO_4.9109996-24.3699518,58447.35688350003,17.990000000000002,0.117,W1
QSO_4.9109996-24.3699518,58447.42229149997,17.911,0.109,W1
QSO_4.9109996-24.3699518,58447.5531075,17.587,0.099,W1
QSO_4.9109996-24.3699518,58648.439763500006,17.774,0.1,W1
QSO_4.9109996-24.3699518,58648.57043350001,17.853,0.122,W1
QSO_4.9109996-24.3699518,58648.70124949996,17.843,0.126,W1
QSO_4.9109996-24.3699518,58648.89732749998,17.871000000000002,0.112,W1
QSO_4.9109996-24.3699518,58649.158704000016,17.750999999999998,0.131,W1
QSO_4.9109996-24.3699518,58649.28951999996,17.945999999999998,0.121,W1
QSO_4.9109996-24.3699518,58649.4202265,17.944,0.149,W1
QSO_4.9109996-24.3699518,58810.71244899999,17.908,0.116,W1
QSO_4.9109996-24.3699518,58810.84311899999,17.884,0.121,W1
QSO_4.9109996-24.3699518,58810.97382550003,17.92,0.205,W1
QSO_4.9109996-24.3699518,58811.03923350004,17.990000000000002,0.115,W1
QSO_4.9109996-24.3699518,58811.3007195,17.72,0.122,W1
QSO_4.9109996-24.3699518,58811.69240099999,17.968,0.117,W1
QSO_4.9109996-24.3699518,59015.71369539998,17.994,0.138,W1
QSO_4.9109996-24.3699518,59015.97578800001,18.35,0.17,W1
QSO_4.9109996-24.3699518,59016.106962399965,17.98,0.123,W1
QSO_4.9109996-24.3699518,59016.17240320004,17.953,0.124,W1
QSO_4.9109996-24.3699518,59016.43449579999,17.945999999999998,0.178,W1
QSO_4.9109996-24.3699518,59016.56556040001,17.849,0.112,W1
QSO_4.9109996-24.3699518,59016.69658840002,17.988,0.127,W1
QSO_4.9109996-24.3699518,59016.82776279997,18.042,0.124,W1
QSO_4.9109996-24.3699518,59175.49322799996,17.652,0.09,W1
QSO_4.9109996-24.3699518,59175.6242926,17.762999999999998,0.1,W1
QSO_4.9109996-24.3699518,59175.7553206,17.859,0.115,W1
QSO_4.9109996-24.3699518,59175.88638520003,17.746000000000002,0.126,W1
QSO_4.9109996-24.3699518,59178.50687200001,18.002000000000002,0.149,W1
QSO_4.9109996-24.3699518,59178.76896459996,17.733,0.121,W1
QSO_4.9109996-24.3699518,59178.90002919999,17.814999999999998,0.146,W1
QSO_4.9109996-24.3699518,59380.18626149996,17.987000000000002,0.13,W1
QSO_4.9109996-24.3699518,59380.31682199997,17.756999999999998,0.105,W1
QSO_4.9109996-24.3699518,59380.83942899999,17.833,0.111,W1
QSO_4.9109996-24.3699518,59381.035251499976,17.764,0.109,W1
QSO_4.9109996-24.3699518,59381.03539750001,18.008,0.137,W1
QSO_4.9109996-24.3699518,59381.16595800001,18.063,0.185,W1
QSO_4.9109996-24.3699518,59381.29662800001,17.862000000000002,0.119,W1
QSO_4.9109996-24.3699518,59542.56490650002,17.927999999999997,0.115,W1
QSO_4.9109996-24.3699518,59542.69557650002,17.836,0.101,W1
QSO_4.9109996-24.3699518,59543.08740399996,18.14,0.156,W1
QSO_4.9109996-24.3699518,59543.15266600003,18.068,0.133,W1
QSO_4.9109996-24.3699518,59543.283226500025,18.138,0.145,W1
QSO_4.9109996-24.3699518,59543.41378700003,17.799,0.102,W1
QSO_4.9109996-24.3699518,59543.54434750003,17.634,0.092,W1
QSO_4.9109996-24.3699518,59543.544493499976,17.871000000000002,0.11,W1
QSO_4.9109996-24.3699518,59744.44585900003,18.146,0.18,W1
QSO_4.9109996-24.3699518,59744.6414625,17.915,0.116,W1
QSO_4.9109996-24.3699518,59744.70672449999,17.813000000000002,0.107,W1
QSO_4.9109996-24.3699518,59744.77187699997,17.597,0.096,W1
QSO_4.9109996-24.3699518,59744.90232799996,17.816000000000003,0.128,W1
QSO_4.9109996-24.3699518,59745.032742500014,17.740000000000002,0.136,W1
QSO_4.9109996-24.3699518,59745.16304749997,17.941000000000003,0.134,W1
QSO_4.9109996-24.3699518,59745.1631935,17.656,0.1,W1
QSO_4.9109996-24.3699518,59906.92283499999,17.935000000000002,0.113,W1
QSO_4.9109996-24.3699518,59906.98838900004,17.709,0.102,W1
QSO_4.9109996-24.3699518,59907.05354150002,18.253,0.188,W1
QSO_4.9109996-24.3699518,59907.118694,18.083,0.185,W1
QSO_4.9109996-24.3699518,59907.183700500034,17.849,0.119,W1
QSO_4.9109996-24.3699518,59907.3140055,17.83,0.114,W1
QSO_4.9109996-24.3699518,60110.90100449996,17.883,0.136,W1
QSO_4.9109996-24.3699518,60111.16033700003,17.674,0.102,W1
QSO_4.9109996-24.3699518,60111.28998499997,18.006999999999998,0.156,W1
QSO_4.9109996-24.3699518,60111.354882,17.543,0.105,W1
QSO_4.9109996-24.3699518,60111.41966950002,17.784,0.154,W1
QSO_4.9109996-24.3699518,60111.419779000025,17.675,0.102,W1
QSO_4.9109996-24.3699518,60111.48456649997,18.269,0.162,W1
QSO_4.9109996-24.3699518,60111.54946349999,17.861,0.113,W1
QSO_4.9109996-24.3699518,60111.61425100001,18.188,0.227,W1
QSO_4.9109996-24.3699518,60111.74389900004,17.820999999999998,0.117,W1
QSO_4.9109996-24.3699518,60111.87369300001,17.726,0.138,W1
QSO_4.9109996-24.3699518,60273.251508000016,18.141,0.169,W1
QSO_4.9109996-24.3699518,60273.70352399998,17.791,0.156,W1
QSO_4.9109996-24.3699518,60273.70363349999,17.548000000000002,0.134,W1
QSO_4.9109996-24.3699518,60273.768165499976,18.083,0.144,W1
QSO_4.9109996-24.3699518,60273.83280699996,17.685000000000002,0.095,W1
QSO_4.9109996-24.3699518,60273.96183449999,17.984,0.126,W1
QSO_4.9109996-24.3699518,60274.09100799997,18.177,0.173,W1
QSO_4.9109996-24.3699518,60274.220145,17.717,0.101,W1
QSO_4.9109996-24.3699518,60475.44250420001,17.71,0.121,W1
QSO_4.9109996-24.3699518,60475.57075059997,17.997,0.145,W1
QSO_4.9109996-24.3699518,60475.698850599976,17.822,0.125,W1
QSO_4.9109996-24.3699518,60475.89114699999,17.97,0.149,W1
QSO_4.9109996-24.3699518,55362.35759250002,18.272,0.297,W2
QSO_4.9109996-24.3699518,55362.4897955,18.42,0.373,W2
QSO_4.9109996-24.3699518,55362.621888999965,18.599,0.371,W2
QSO_4.9109996-24.3699518,55362.62203499999,17.715,0.175,W2
QSO_4.9109996-24.3699518,55362.688063500005,17.951,0.214,W2
QSO_4.9109996-24.3699518,55362.75409200002,18.343,0.29,W2
QSO_4.9109996-24.3699518,55362.820266499984,18.566,0.384,W2
QSO_4.9109996-24.3699518,55362.88633150002,18.716,0.415,W2
QSO_4.9109996-24.3699518,55362.95250599999,18.656,0.433,W2
QSO_4.9109996-24.3699518,55363.34911499999,17.727999999999998,0.177,W2
QSO_4.9109996-24.3699518,55539.78004099999,18.593,0.409,W2
QSO_4.9109996-24.3699518,55539.91224399996,18.721,0.435,W2
QSO_4.9109996-24.3699518,55540.044483499965,18.033,0.249,W2
QSO_4.9109996-24.3699518,55540.11051199998,18.346,0.308,W2
QSO_4.9109996-24.3699518,55540.17654049999,17.971,0.224,W2
QSO_4.9109996-24.3699518,55540.176686500025,18.222,,W2
QSO_4.9109996-24.3699518,55540.24271500003,18.5,0.361,W2
QSO_4.9109996-24.3699518,55540.30877999999,18.884,0.51,W2
QSO_4.9109996-24.3699518,55540.37495450003,18.127,0.293,W2
QSO_4.9109996-24.3699518,55540.77145400003,18.607,0.413,W2
QSO_4.9109996-24.3699518,55544.00973399999,18.222,0.335,W2
QSO_4.9109996-24.3699518,56640.030319999976,17.822,0.235,W2
QSO_4.9109996-24.3699518,56640.096238999984,18.499,0.413,W2
QSO_4.9109996-24.3699518,56824.379045,18.093,0.276,W2
QSO_4.9109996-24.3699518,56824.51062749997,17.985,0.364,W2
QSO_4.9109996-24.3699518,56824.77353699998,18.49,0.457,W2
QSO_4.9109996-24.3699518,56827.73222699998,18.312,0.364,W2
QSO_4.9109996-24.3699518,56827.86366350001,18.121,0.319,W2
QSO_4.9109996-24.3699518,56827.86380950004,17.919,,W2
QSO_4.9109996-24.3699518,56827.995245999984,17.387,,W2
QSO_4.9109996-24.3699518,57004.21837749997,17.875,,W2
QSO_4.9109996-24.3699518,57004.87512200002,18.014,0.25,W2
QSO_4.9109996-24.3699518,57004.94078549999,18.309,0.499,W2
QSO_4.9109996-24.3699518,57005.07211250001,18.206,,W2
QSO_4.9109996-24.3699518,57005.20343950004,17.884999999999998,0.364,W2
QSO_4.9109996-24.3699518,57005.33476649998,18.385,0.331,W2
QSO_4.9109996-24.3699518,57005.33487599999,18.41,0.341,W2
QSO_4.9109996-24.3699518,57188.71986025494,18.205,0.297,W2
QSO_4.9109996-24.3699518,57189.24436527154,18.067,0.304,W2
QSO_4.9109996-24.3699518,57189.30991927366,18.429,0.368,W2
QSO_4.9109996-24.3699518,57189.375436775765,18.367,0.389,W2
QSO_4.9109996-24.3699518,57189.57217178196,17.866,,W2
QSO_4.9109996-24.3699518,57189.70324328611,18.68,0.523,W2
QSO_4.9109996-24.3699518,57189.703389286144,17.358,,W2
QSO_4.9109996-24.3699518,57189.83446079029,18.278,,W2
QSO_4.9109996-24.3699518,57363.563577725086,18.297,,W2
QSO_4.9109996-24.3699518,57363.62913172722,18.128,0.41,W2
QSO_4.9109996-24.3699518,57363.694649229314,18.169,0.317,W2
QSO_4.9109996-24.3699518,57363.76005723133,18.637,0.408,W2
QSO_4.9109996-24.3699518,57364.21878924594,18.204,0.319,W2
QSO_4.9109996-24.3699518,57553.08229222045,17.705,0.244,W2
QSO_4.9109996-24.3699518,57553.34489722869,17.961,,W2
QSO_4.9109996-24.3699518,57553.541768634976,18.089,,W2
QSO_4.9109996-24.3699518,57553.738786441216,18.263,0.313,W2
QSO_4.9109996-24.3699518,57553.93569444744,17.995,,W2
QSO_4.9109996-24.3699518,57554.06697865155,17.988,0.283,W2
QSO_4.9109996-24.3699518,57723.25601060183,18.038,,W2
QSO_4.9109996-24.3699518,57723.38729480602,18.063,0.316,W2
QSO_4.9109996-24.3699518,57723.51846921012,18.011,0.278,W2
QSO_4.9109996-24.3699518,57723.58420281225,17.832,0.296,W2
QSO_4.9109996-24.3699518,57723.64979001434,18.044,0.282,W2
QSO_4.9109996-24.3699518,57723.84666142054,18.485,0.398,W2
QSO_4.9109996-24.3699518,57917.80615999998,18.296,0.326,W2
QSO_4.9109996-24.3699518,57917.806306000006,18.24,0.331,W2
QSO_4.9109996-24.3699518,57917.93712199996,18.042,0.32,W2
QSO_4.9109996-24.3699518,57918.002529999976,17.945999999999998,0.31,W2
QSO_4.9109996-24.3699518,57918.06793799999,18.121,,W2
QSO_4.9109996-24.3699518,57918.13334600001,18.353,0.403,W2
QSO_4.9109996-24.3699518,57918.19875400003,18.477,0.522,W2
QSO_4.9109996-24.3699518,57918.26427149997,17.884,0.298,W2
QSO_4.9109996-24.3699518,57918.329679499984,18.344,,W2
QSO_4.9109996-24.3699518,57918.3950875,18.047,0.273,W2
QSO_4.9109996-24.3699518,57918.65671949999,18.38,,W2
QSO_4.9109996-24.3699518,58083.61069500001,18.498,0.45,W2
QSO_4.9109996-24.3699518,58083.74151099997,18.14,0.352,W2
QSO_4.9109996-24.3699518,58084.06855099997,18.055,,W2
QSO_4.9109996-24.3699518,58084.133958999984,17.567999999999998,0.231,W2
QSO_4.9109996-24.3699518,58084.199367,17.977,,W2
QSO_4.9109996-24.3699518,58084.33029250004,18.039,,W2
QSO_4.9109996-24.3699518,58084.46110849999,17.957,,W2
QSO_4.9109996-24.3699518,58084.591924500026,17.741,,W2
QSO_4.9109996-24.3699518,58086.35815950001,17.752,,W2
QSO_4.9109996-24.3699518,58086.6197915,17.253,,W2
QSO_4.9109996-24.3699518,58086.75060750003,17.745,,W2
QSO_4.9109996-24.3699518,58087.07775700004,18.14,,W2
QSO_4.9109996-24.3699518,58284.50757099999,18.402,0.414,W2
QSO_4.9109996-24.3699518,58284.83446500004,18.384,0.376,W2
QSO_4.9109996-24.3699518,58285.09609700003,18.279,0.448,W2
QSO_4.9109996-24.3699518,58285.16150499996,18.225,0.305,W2
QSO_4.9109996-24.3699518,58285.488399000016,18.406,0.393,W2
QSO_4.9109996-24.3699518,58446.83376550001,18.285,0.378,W2
QSO_4.9109996-24.3699518,58446.96458149996,17.921,,W2
QSO_4.9109996-24.3699518,58447.16065949998,18.41,0.388,W2
QSO_4.9109996-24.3699518,58447.16080550001,17.848,0.216,W2
QSO_4.9109996-24.3699518,58447.29147550002,17.845,,W2
QSO_4.9109996-24.3699518,58447.35688350003,18.356,0.467,W2
QSO_4.9109996-24.3699518,58447.42229149997,17.816,0.303,W2
QSO_4.9109996-24.3699518,58447.5531075,18.103,0.382,W2
QSO_4.9109996-24.3699518,58648.439763500006,18.36,0.398,W2
QSO_4.9109996-24.3699518,58648.57043350001,17.692,0.28,W2
QSO_4.9109996-24.3699518,58648.70124949996,17.999,,W2
QSO_4.9109996-24.3699518,58648.89732749998,18.134,,W2
QSO_4.9109996-24.3699518,58649.158704000016,18.304,,W2
QSO_4.9109996-24.3699518,58649.28951999996,18.001,,W2
QSO_4.9109996-24.3699518,58649.4202265,18.249,0.464,W2
QSO_4.9109996-24.3699518,58810.71244899999,18.388,0.405,W2
QSO_4.9109996-24.3699518,58810.84311899999,17.878999999999998,,W2
QSO_4.9109996-24.3699518,58810.97382550003,18.258,0.35,W2
QSO_4.9109996-24.3699518,58811.03923350004,18.074,0.25,W2
QSO_4.9109996-24.3699518,58811.3007195,18.21,0.352,W2
QSO_4.9109996-24.3699518,58811.69240099999,18.269,0.317,W2
QSO_4.9109996-24.3699518,59015.71369539998,18.298,0.36,W2
QSO_4.9109996-24.3699518,59015.97578800001,17.915,0.226,W2
QSO_4.9109996-24.3699518,59016.106962399965,18.46,0.532,W2
QSO_4.9109996-24.3699518,59016.17240320004,18.617,,W2
QSO_4.9109996-24.3699518,59016.43449579999,18.119,0.366,W2
QSO_4.9109996-24.3699518,59016.56556040001,17.985,,W2
QSO_4.9109996-24.3699518,59016.69658840002,17.721999999999998,,W2
QSO_4.9109996-24.3699518,59016.82776279997,18.324,,W2
QSO_4.9109996-24.3699518,59175.49322799996,17.995,0.339,W2
QSO_4.9109996-24.3699518,59175.6242926,17.982,0.41,W2
QSO_4.9109996-24.3699518,59175.7553206,18.285,0.41,W2
QSO_4.9109996-24.3699518,59175.88638520003,17.182,,W2
QSO_4.9109996-24.3699518,59178.50687200001,17.738,,W2
QSO_4.9109996-24.3699518,59178.76896459996,17.906,0.535,W2
QSO_4.9109996-24.3699518,59178.90002919999,18.039,,W2
QSO_4.9109996-24.3699518,59380.18626149996,18.011,,W2
QSO_4.9109996-24.3699518,59380.31682199997,18.179,0.332,W2
QSO_4.9109996-24.3699518,59380.83942899999,18.258,0.329,W2
QSO_4.9109996-24.3699518,59381.035251499976,17.941,,W2
QSO_4.9109996-24.3699518,59381.03539750001,17.811,,W2
QSO_4.9109996-24.3699518,59381.16595800001,17.393,,W2
QSO_4.9109996-24.3699518,59381.29662800001,18.413,0.408,W2
QSO_4.9109996-24.3699518,59542.56490650002,18.027,0.374,W2
QSO_4.9109996-24.3699518,59542.69557650002,18.201,0.362,W2
QSO_4.9109996-24.3699518,59543.08740399996,18.506,0.35,W2
QSO_4.9109996-24.3699518,59543.15266600003,18.612,0.437,W2
QSO_4.9109996-24.3699518,59543.283226500025,18.386,0.393,W2
QSO_4.9109996-24.3699518,59543.41378700003,18.256,,W2
QSO_4.9109996-24.3699518,59543.54434750003,18.225,0.278,W2
QSO_4.9109996-24.3699518,59543.544493499976,18.523,0.363,W2
QSO_4.9109996-24.3699518,59744.44585900003,17.962,,W2
QSO_4.9109996-24.3699518,59744.6414625,18.518,0.466,W2
QSO_4.9109996-24.3699518,59744.70672449999,18.188,0.33,W2
QSO_4.9109996-24.3699518,59744.77187699997,18.473,0.453,W2
QSO_4.9109996-24.3699518,59744.90232799996,18.313,0.504,W2
QSO_4.9109996-24.3699518,59745.032742500014,18.175,0.355,W2
QSO_4.9109996-24.3699518,59745.16304749997,17.887999999999998,,W2
QSO_4.9109996-24.3699518,59745.1631935,18.669,0.527,W2
QSO_4.9109996-24.3699518,59906.92283499999,17.71,,W2
QSO_4.9109996-24.3699518,59906.98838900004,18.106,0.269,W2
QSO_4.9109996-24.3699518,59907.05354150002,18.376,0.365,W2
QSO_4.9109996-24.3699518,59907.118694,18.428,0.415,W2
QSO_4.9109996-24.3699518,59907.183700500034,18.436,0.52,W2
QSO_4.9109996-24.3699518,59907.3140055,18.167,0.294,W2
QSO_4.9109996-24.3699518,60110.90100449996,18.34,0.368,W2
QSO_4.9109996-24.3699518,60111.16033700003,18.125,,W2
QSO_4.9109996-24.3699518,60111.28998499997,18.131,0.326,W2
QSO_4.9109996-24.3699518,60111.354882,18.139,0.393,W2
QSO_4.9109996-24.3699518,60111.41966950002,18.586,0.533,W2
QSO_4.9109996-24.3699518,60111.419779000025,18.012999999999998,,W2
QSO_4.9109996-24.3699518,60111.48456649997,18.523,,W2
QSO_4.9109996-24.3699518,60111.54946349999,17.931,,W2
QSO_4.9109996-24.3699518,60111.61425100001,18.452,0.511,W2
QSO_4.9109996-24.3699518,60111.74389900004,18.566,0.448,W2
QSO_4.9109996-24.3699518,60111.87369300001,18.081,0.393,W2
QSO_4.9109996-24.3699518,60273.251508000016,17.842,,W2
QSO_4.9109996-24.3699518,60273.70352399998,18.435,0.401,W2
QSO_4.9109996-24.3699518,60273.70363349999,18.081,0.453,W2
QSO_4.9109996-24.3699518,60273.768165499976,18.785,0.519,W2
QSO_4.9109996-24.3699518,60273.83280699996,18.159,0.304,W2
QSO_4.9109996-24.3699518,60273.96183449999,18.04,0.419,W2
QSO_4.9109996-24.3699518,60274.09100799997,18.135,0.447,W2
QSO_4.9109996-24.3699518,60274.220145,17.976,,W2
QSO_4.9109996-24.3699518,60475.44250420001,17.901,0.536,W2
QSO_4.9109996-24.3699518,60475.57075059997,18.118,0.463,W2
QSO_4.9109996-24.3699518,60475.698850599976,17.703,,W2
QSO_4.9109996-24.3699518,60475.89114699999,18.132,0.385,W2
QSO_4.9351102-24.2183846,55362.357483000014,17.695,0.094,W1
QSO_4.9351102-24.2183846,55362.48968599999,17.866999999999997,0.113,W1
QSO_4.9351102-24.2183846,55362.621888999965,17.719,0.099,W1
QSO_4.9351102-24.2183846,55362.688063500005,18.124,0.157,W1
QSO_4.9351102-24.2183846,55362.75409200002,17.893,0.111,W1
QSO_4.9351102-24.2183846,55362.820266499984,17.939999999999998,0.121,W1
QSO_4.9351102-24.2183846,55362.88633150002,17.961,0.119,W1
QSO_4.9351102-24.2183846,55362.95250599999,18.062,0.14,W1
QSO_4.9351102-24.2183846,55363.0185345,18.215,0.148,W1
QSO_4.9351102-24.2183846,55363.34900549999,18.203,0.169,W1
QSO_4.9351102-24.2183846,55363.34911499999,17.71,0.104,W1
QSO_4.9351102-24.2183846,55539.780187000026,17.951999999999998,0.123,W1
QSO_4.9351102-24.2183846,55539.91224399996,17.631,0.094,W1
QSO_4.9351102-24.2183846,55540.044483499965,17.775,0.106,W1
QSO_4.9351102-24.2183846,55540.11051199998,18.002000000000002,0.144,W1
QSO_4.9351102-24.2183846,55540.176686500025,17.912,0.119,W1
QSO_4.9351102-24.2183846,55540.24271500003,18.026,0.147,W1
QSO_4.9351102-24.2183846,55540.30877999999,18.033,0.159,W1
QSO_4.9351102-24.2183846,55540.37495450003,17.869999999999997,0.121,W1
QSO_4.9351102-24.2183846,55540.44098299997,18.049,0.136,W1
QSO_4.9351102-24.2183846,55540.77145400003,17.762,0.107,W1
QSO_4.9351102-24.2183846,55544.00973399999,17.808999999999997,0.114,W1
QSO_4.9351102-24.2183846,56640.030319999976,17.832,0.118,W1
QSO_4.9351102-24.2183846,56640.096238999984,17.765,0.116,W1
QSO_4.9351102-24.2183846,56640.16201200004,17.777,0.112,W1
QSO_4.9351102-24.2183846,56824.379045,17.625,0.092,W1
QSO_4.9351102-24.2183846,56824.51048150002,17.744999999999997,0.106,W1
QSO_4.9351102-24.2183846,56824.77353699998,17.795,0.114,W1
QSO_4.9351102-24.2183846,56827.73222699998,17.598,0.1,W1
QSO_4.9351102-24.2183846,56827.86366350001,17.823999999999998,0.11,W1
QSO_4.9351102-24.2183846,56827.995245999984,18.35,0.163,W1
QSO_4.9351102-24.2183846,56828.38973799997,17.621000000000002,0.089,W1
QSO_4.9351102-24.2183846,57004.87512200002,17.8,0.107,W1
QSO_4.9351102-24.2183846,57004.94078549999,17.669,0.102,W1
QSO_4.9351102-24.2183846,57005.00644900005,17.762,0.106,W1
QSO_4.9351102-24.2183846,57005.07211250001,17.602,0.089,W1
QSO_4.9351102-24.2183846,57005.20343950004,17.583,0.1,W1
QSO_4.9351102-24.2183846,57005.33487599999,18.048,0.132,W1
QSO_4.9351102-24.2183846,57189.24425577161,17.663,0.148,W1
QSO_4.9351102-24.2183846,57189.24436527154,17.602,0.103,W1
QSO_4.9351102-24.2183846,57189.30991927366,17.872,0.119,W1
QSO_4.9351102-24.2183846,57189.375436775765,17.88,0.112,W1
QSO_4.9351102-24.2183846,57189.50650827991,17.878999999999998,0.138,W1
QSO_4.9351102-24.2183846,57189.50665427986,17.698999999999998,0.096,W1
QSO_4.9351102-24.2183846,57189.57217178196,17.942999999999998,0.156,W1
QSO_4.9351102-24.2183846,57189.70324328611,18.131,0.133,W1
QSO_4.9351102-24.2183846,57189.83446079029,17.808999999999997,0.101,W1
QSO_4.9351102-24.2183846,57363.62913172722,17.61,0.09,W1
QSO_4.9351102-24.2183846,57363.694649229314,17.829,0.116,W1
QSO_4.9351102-24.2183846,57363.89123823548,17.922,0.248,W1
QSO_4.9351102-24.2183846,57363.95679223761,17.647,0.121,W1
QSO_4.9351102-24.2183846,57364.21878924594,18.0,0.116,W1
QSO_4.9351102-24.2183846,57553.34489722869,17.79,0.103,W1
QSO_4.9351102-24.2183846,57553.738786441216,17.747,0.114,W1
QSO_4.9351102-24.2183846,57553.87010724536,17.884,0.113,W1
QSO_4.9351102-24.2183846,57553.93569444744,18.132,0.142,W1
QSO_4.9351102-24.2183846,57554.06697865155,18.259,0.167,W1
QSO_4.9351102-24.2183846,57554.32958365988,17.512999999999998,0.089,W1
QSO_4.9351102-24.2183846,57723.25601060183,17.725,0.102,W1
QSO_4.9351102-24.2183846,57723.38729480602,17.637999999999998,0.097,W1
QSO_4.9351102-24.2183846,57723.51861561016,17.72,0.107,W1
QSO_4.9351102-24.2183846,57723.58420281225,17.497,0.166,W1
QSO_4.9351102-24.2183846,57723.64979001434,17.811,0.104,W1
QSO_4.9351102-24.2183846,57723.781074218445,17.732,0.098,W1
QSO_4.9351102-24.2183846,57723.84666142054,17.892,0.154,W1
QSO_4.9351102-24.2183846,57723.8468078205,17.878,0.153,W1
QSO_4.9351102-24.2183846,57917.80615999998,17.666,0.102,W1
QSO_4.9351102-24.2183846,57917.93712199996,18.046,0.158,W1
QSO_4.9351102-24.2183846,57918.06793799999,18.037,0.137,W1
QSO_4.9351102-24.2183846,57918.13334600001,17.878,0.114,W1
QSO_4.9351102-24.2183846,57918.19875400003,17.819,0.125,W1
QSO_4.9351102-24.2183846,57918.32956999998,17.73,0.113,W1
QSO_4.9351102-24.2183846,57918.329679499984,17.717,0.099,W1
QSO_4.9351102-24.2183846,57918.3950875,17.866,0.167,W1
QSO_4.9351102-24.2183846,57918.65671949999,17.781,0.121,W1
QSO_4.9351102-24.2183846,58083.61069500001,17.858,0.116,W1
QSO_4.9351102-24.2183846,58083.74151099997,17.740000000000002,0.111,W1
QSO_4.9351102-24.2183846,58084.06855099997,17.673000000000002,0.121,W1
QSO_4.9351102-24.2183846,58084.06866049997,17.789,0.104,W1
QSO_4.9351102-24.2183846,58084.13406849999,17.788,0.113,W1
QSO_4.9351102-24.2183846,58084.26488450002,17.761,0.105,W1
QSO_4.9351102-24.2183846,58084.33029250004,17.853,0.133,W1
QSO_4.9351102-24.2183846,58084.46110849999,18.042,0.141,W1
QSO_4.9351102-24.2183846,58084.591924500026,17.560000000000002,0.092,W1
QSO_4.9351102-24.2183846,58086.6197915,17.753,0.162,W1
QSO_4.9351102-24.2183846,58087.07775700004,17.727,0.109,W1
QSO_4.9351102-24.2183846,58087.470204999976,17.953,0.129,W1
QSO_4.9351102-24.2183846,58087.47035100001,17.728,0.143,W1
QSO_4.9351102-24.2183846,58284.50757099999,17.84,0.132,W1
QSO_4.9351102-24.2183846,58284.89987299997,17.853,0.12,W1
QSO_4.9351102-24.2183846,58285.09609700003,17.962,0.116,W1
QSO_4.9351102-24.2183846,58285.16139549996,17.822,0.139,W1
QSO_4.9351102-24.2183846,58285.488399000016,18.407,0.236,W1
QSO_4.9351102-24.2183846,58285.61921499997,17.776,0.102,W1
QSO_4.9351102-24.2183846,58446.83376550001,17.491999999999997,0.084,W1
QSO_4.9351102-24.2183846,58446.96458149996,17.799,0.113,W1
QSO_4.9351102-24.2183846,58447.29147550002,17.653,0.117,W1
QSO_4.9351102-24.2183846,58447.35688350003,18.037,0.143,W1
QSO_4.9351102-24.2183846,58447.42229149997,17.658,0.096,W1
QSO_4.9351102-24.2183846,58447.48769949999,17.841,0.114,W1
QSO_4.9351102-24.2183846,58447.5531075,17.762999999999998,0.11,W1
QSO_4.9351102-24.2183846,58648.439763500006,17.771,0.125,W1
QSO_4.9351102-24.2183846,58648.57043350001,17.9,0.119,W1
QSO_4.9351102-24.2183846,58648.70110350001,17.765,0.139,W1
QSO_4.9351102-24.2183846,58648.89721799998,17.962,0.122,W1
QSO_4.9351102-24.2183846,58648.89732749998,17.862000000000002,0.128,W1
QSO_4.9351102-24.2183846,58649.158704000016,17.811,0.151,W1
QSO_4.9351102-24.2183846,58649.28951999996,17.724,0.127,W1
QSO_4.9351102-24.2183846,58649.4202265,17.685000000000002,0.136,W1
QSO_4.9351102-24.2183846,58649.55104250003,17.721,0.102,W1
QSO_4.9351102-24.2183846,58810.84311899999,17.903,0.124,W1
QSO_4.9351102-24.2183846,58810.97382550003,17.951999999999998,0.145,W1
QSO_4.9351102-24.2183846,58811.3007195,17.743000000000002,0.135,W1
QSO_4.9351102-24.2183846,58811.69240099999,17.677999999999997,0.094,W1
QSO_4.9351102-24.2183846,59015.97578800001,17.971,0.125,W1
QSO_4.9351102-24.2183846,59016.368908599965,17.782,0.106,W1
QSO_4.9351102-24.2183846,59016.43449579999,17.895,0.116,W1
QSO_4.9351102-24.2183846,59016.4999732,18.299,0.283,W1
QSO_4.9351102-24.2183846,59016.500083,18.04,0.138,W1
QSO_4.9351102-24.2183846,59016.56556040001,17.822,0.128,W1
QSO_4.9351102-24.2183846,59016.69658840002,18.036,0.148,W1
QSO_4.9351102-24.2183846,59016.95868099997,17.893,0.113,W1
QSO_4.9351102-24.2183846,59175.6242926,17.474,0.098,W1
QSO_4.9351102-24.2183846,59175.7553206,17.814999999999998,0.15,W1
QSO_4.9351102-24.2183846,59175.88638520003,17.73,0.115,W1
QSO_4.9351102-24.2183846,59178.50687200001,17.875,0.134,W1
QSO_4.9351102-24.2183846,59178.63793659996,17.789,0.187,W1
QSO_4.9351102-24.2183846,59178.76896459996,17.855,0.166,W1
QSO_4.9351102-24.2183846,59178.90002919999,17.721,0.135,W1
QSO_4.9351102-24.2183846,59380.31682199997,17.933,0.177,W1
QSO_4.9351102-24.2183846,59380.839282999965,17.703,0.151,W1
QSO_4.9351102-24.2183846,59380.9699895,17.82,0.109,W1
QSO_4.9351102-24.2183846,59381.035251499976,18.224,0.202,W1
QSO_4.9351102-24.2183846,59381.16595800001,17.862000000000002,0.166,W1
QSO_4.9351102-24.2183846,59381.29651850001,17.706,0.107,W1
QSO_4.9351102-24.2183846,59381.42718850001,17.834,0.147,W1
QSO_4.9351102-24.2183846,59542.69557650002,17.997999999999998,0.159,W1
QSO_4.9351102-24.2183846,59543.08740399996,17.427999999999997,0.095,W1
QSO_4.9351102-24.2183846,59543.15266600003,17.997999999999998,0.177,W1
QSO_4.9351102-24.2183846,59543.21796449996,17.752000000000002,0.104,W1
QSO_4.9351102-24.2183846,59543.283226500025,17.991999999999997,0.121,W1
QSO_4.9351102-24.2183846,59543.544493499976,17.921,0.126,W1
QSO_4.9351102-24.2183846,59744.44585900003,17.948,0.118,W1
QSO_4.9351102-24.2183846,59744.6414625,17.794,0.113,W1
QSO_4.9351102-24.2183846,59744.70672449999,17.762,0.12,W1
QSO_4.9351102-24.2183846,59744.77187699997,17.919,0.118,W1
QSO_4.9351102-24.2183846,59744.83702950004,17.857,0.124,W1
QSO_4.9351102-24.2183846,59744.90232799996,17.753999999999998,0.104,W1
QSO_4.9351102-24.2183846,59745.032742500014,17.823,0.114,W1
QSO_4.9351102-24.2183846,59745.16304749997,17.933999999999997,0.134,W1
QSO_4.9351102-24.2183846,59906.92283499999,17.848,0.114,W1
QSO_4.9351102-24.2183846,59906.98838900004,17.847,0.107,W1
QSO_4.9351102-24.2183846,59907.05354150002,17.749000000000002,0.204,W1
QSO_4.9351102-24.2183846,59907.118694,17.636,0.104,W1
QSO_4.9351102-24.2183846,59907.183700500034,17.9,0.128,W1
QSO_4.9351102-24.2183846,59907.3140055,17.583,0.087,W1
QSO_4.9351102-24.2183846,59907.44431050004,17.837,0.204,W1
QSO_4.9351102-24.2183846,60111.16033700003,17.698999999999998,0.105,W1
QSO_4.9351102-24.2183846,60111.28998499997,17.744,0.108,W1
QSO_4.9351102-24.2183846,60111.41966950002,17.779,0.187,W1
QSO_4.9351102-24.2183846,60111.48456649997,17.89,0.13,W1
QSO_4.9351102-24.2183846,60111.54935399999,17.672,0.11,W1
QSO_4.9351102-24.2183846,60111.61425100001,17.866,0.119,W1
QSO_4.9351102-24.2183846,60111.67914799996,18.092,0.16,W1
QSO_4.9351102-24.2183846,60111.74389900004,17.795,0.106,W1
QSO_4.9351102-24.2183846,60111.8735835,17.994999999999997,0.149,W1
QSO_4.9351102-24.2183846,60273.251508000016,17.616999999999997,0.145,W1
QSO_4.9351102-24.2183846,60273.70363349999,18.054,0.144,W1
QSO_4.9351102-24.2183846,60273.768165499976,17.88,0.116,W1
QSO_4.9351102-24.2183846,60273.83280699996,17.664,0.115,W1
QSO_4.9351102-24.2183846,60273.89730250001,17.708,0.1,W1
QSO_4.9351102-24.2183846,60273.961980500026,18.039,0.123,W1
QSO_4.9351102-24.2183846,60274.09111749997,17.807000000000002,0.118,W1
QSO_4.9351102-24.2183846,60274.220145,17.896,0.135,W1
QSO_4.9351102-24.2183846,60274.220291000034,17.669,0.138,W1
QSO_4.9351102-24.2183846,60475.44250420001,17.740000000000002,0.141,W1
QSO_4.9351102-24.2183846,60475.698850599976,17.849,0.153,W1
QSO_4.9351102-24.2183846,60475.89103719998,17.835,0.156,W1
QSO_4.9351102-24.2183846,60475.89114699999,17.711,0.155,W1
QSO_4.9351102-24.2183846,60476.08333359999,17.9,0.189,W1
QSO_4.9351102-24.2183846,60476.53183000001,17.837,0.142,W1
QSO_4.9351102-24.2183846,55362.357483000014,18.469,0.333,W2
QSO_4.9351102-24.2183846,55362.48968599999,18.252,0.299,W2
QSO_4.9351102-24.2183846,55362.621888999965,18.236,,W2
QSO_4.9351102-24.2183846,55362.688063500005,18.809,0.532,W2
QSO_4.9351102-24.2183846,55362.75409200002,18.428,0.332,W2
QSO_4.9351102-24.2183846,55362.820266499984,17.989,0.22,W2
QSO_4.9351102-24.2183846,55362.88633150002,18.779,0.489,W2
QSO_4.9351102-24.2183846,55362.95250599999,18.066,0.254,W2
QSO_4.9351102-24.2183846,55363.0185345,18.906,0.517,W2
QSO_4.9351102-24.2183846,55363.34900549999,18.771,0.44,W2
QSO_4.9351102-24.2183846,55363.34911499999,18.292,0.287,W2
QSO_4.9351102-24.2183846,55539.780187000026,18.099,0.246,W2
QSO_4.9351102-24.2183846,55539.91224399996,18.378,0.321,W2
QSO_4.9351102-24.2183846,55540.044483499965,18.332,,W2
QSO_4.9351102-24.2183846,55540.11051199998,17.928,0.221,W2
QSO_4.9351102-24.2183846,55540.176686500025,18.292,0.309,W2
QSO_4.9351102-24.2183846,55540.24271500003,18.586,0.38,W2
QSO_4.9351102-24.2183846,55540.30877999999,18.658,0.498,W2
QSO_4.9351102-24.2183846,55540.37495450003,18.432,0.326,W2
QSO_4.9351102-24.2183846,55540.44098299997,18.236,0.303,W2
QSO_4.9351102-24.2183846,55540.77145400003,18.403,0.334,W2
QSO_4.9351102-24.2183846,55544.00973399999,17.986,,W2
QSO_4.9351102-24.2183846,56640.030319999976,18.405,0.503,W2
QSO_4.9351102-24.2183846,56640.096238999984,18.301,0.383,W2
QSO_4.9351102-24.2183846,56640.16201200004,18.361,0.457,W2
QSO_4.9351102-24.2183846,56824.379045,17.898,,W2
QSO_4.9351102-24.2183846,56824.51048150002,18.283,0.339,W2
QSO_4.9351102-24.2183846,56824.77353699998,17.886,,W2
QSO_4.9351102-24.2183846,56827.73222699998,18.355,,W2
QSO_4.9351102-24.2183846,56827.86366350001,17.925,0.269,W2
QSO_4.9351102-24.2183846,56827.995245999984,18.178,0.409,W2
QSO_4.9351102-24.2183846,56828.38973799997,17.877,0.253,W2
QSO_4.9351102-24.2183846,57004.87512200002,17.726,0.274,W2
QSO_4.9351102-24.2183846,57004.94078549999,17.791,,W2
QSO_4.9351102-24.2183846,57005.00644900005,18.143,0.312,W2
QSO_4.9351102-24.2183846,57005.07211250001,17.967,0.27,W2
QSO_4.9351102-24.2183846,57005.20343950004,18.202,0.329,W2
QSO_4.9351102-24.2183846,57005.33487599999,18.011,0.272,W2
QSO_4.9351102-24.2183846,57189.24425577161,18.715,0.505,W2
QSO_4.9351102-24.2183846,57189.24436527154,18.297,0.288,W2
QSO_4.9351102-24.2183846,57189.30991927366,18.054,0.313,W2
QSO_4.9351102-24.2183846,57189.375436775765,18.29,,W2
QSO_4.9351102-24.2183846,57189.50650827991,18.537,0.437,W2
QSO_4.9351102-24.2183846,57189.50665427986,18.222,,W2
QSO_4.9351102-24.2183846,57189.57217178196,17.945,,W2
QSO_4.9351102-24.2183846,57189.70324328611,18.457,0.475,W2
QSO_4.9351102-24.2183846,57189.83446079029,18.588,0.479,W2
QSO_4.9351102-24.2183846,57363.62913172722,18.697,0.468,W2
QSO_4.9351102-24.2183846,57363.694649229314,18.541,0.45,W2
QSO_4.9351102-24.2183846,57363.89123823548,17.997,0.222,W2
QSO_4.9351102-24.2183846,57363.95679223761,18.711,0.42,W2
QSO_4.9351102-24.2183846,57364.21878924594,18.697,0.408,W2
QSO_4.9351102-24.2183846,57553.34489722869,17.862,0.291,W2
QSO_4.9351102-24.2183846,57553.738786441216,18.273,0.489,W2
QSO_4.9351102-24.2183846,57553.87010724536,18.206,0.416,W2
QSO_4.9351102-24.2183846,57553.93569444744,18.149,0.335,W2
QSO_4.9351102-24.2183846,57554.06697865155,17.306,,W2
QSO_4.9351102-24.2183846,57554.32958365988,17.935,0.319,W2
QSO_4.9351102-24.2183846,57723.25601060183,18.55,0.415,W2
QSO_4.9351102-24.2183846,57723.38729480602,18.278,,W2
QSO_4.9351102-24.2183846,57723.51861561016,18.475,0.399,W2
QSO_4.9351102-24.2183846,57723.58420281225,17.878,0.265,W2
QSO_4.9351102-24.2183846,57723.64979001434,18.477,0.388,W2
QSO_4.9351102-24.2183846,57723.781074218445,17.887999999999998,0.278,W2
QSO_4.9351102-24.2183846,57723.84666142054,17.698,0.254,W2
QSO_4.9351102-24.2183846,57723.8468078205,18.097,0.285,W2
QSO_4.9351102-24.2183846,57917.80615999998,17.78,0.266,W2
QSO_4.9351102-24.2183846,57917.93712199996,18.13,0.404,W2
QSO_4.9351102-24.2183846,57918.06793799999,17.215,,W2
QSO_4.9351102-24.2183846,57918.13334600001,17.934,0.418,W2
QSO_4.9351102-24.2183846,57918.19875400003,18.244,0.386,W2
QSO_4.9351102-24.2183846,57918.32956999998,18.009999999999998,0.257,W2
QSO_4.9351102-24.2183846,57918.329679499984,18.236,0.335,W2
QSO_4.9351102-24.2183846,57918.3950875,18.063,0.353,W2
QSO_4.9351102-24.2183846,57918.65671949999,18.37,,W2
QSO_4.9351102-24.2183846,58083.61069500001,18.051,0.3,W2
QSO_4.9351102-24.2183846,58083.74151099997,18.404,0.535,W2
QSO_4.9351102-24.2183846,58084.06855099997,17.988,,W2
QSO_4.9351102-24.2183846,58084.06866049997,18.195,,W2
QSO_4.9351102-24.2183846,58084.13406849999,18.071,0.341,W2
QSO_4.9351102-24.2183846,58084.26488450002,18.514,0.506,W2
QSO_4.9351102-24.2183846,58084.33029250004,17.954,,W2
QSO_4.9351102-24.2183846,58084.46110849999,18.057,0.432,W2
QSO_4.9351102-24.2183846,58084.591924500026,18.523,,W2
QSO_4.9351102-24.2183846,58086.6197915,17.665,,W2
QSO_4.9351102-24.2183846,58087.07775700004,18.076,,W2
QSO_4.9351102-24.2183846,58087.470204999976,18.239,0.51,W2
QSO_4.9351102-24.2183846,58087.47035100001,17.931,,W2
QSO_4.9351102-24.2183846,58284.50757099999,18.113,,W2
QSO_4.9351102-24.2183846,58284.89987299997,18.107,,W2
QSO_4.9351102-24.2183846,58285.09609700003,18.547,0.462,W2
QSO_4.9351102-24.2183846,58285.16139549996,18.088,0.301,W2
QSO_4.9351102-24.2183846,58285.488399000016,17.959,,W2
QSO_4.9351102-24.2183846,58285.61921499997,18.343,0.531,W2
QSO_4.9351102-24.2183846,58446.83376550001,18.483,0.458,W2
QSO_4.9351102-24.2183846,58446.96458149996,18.011,0.252,W2
QSO_4.9351102-24.2183846,58447.29147550002,17.817,,W2
QSO_4.9351102-24.2183846,58447.35688350003,18.373,0.466,W2
QSO_4.9351102-24.2183846,58447.42229149997,18.059,0.347,W2
QSO_4.9351102-24.2183846,58447.48769949999,18.503,0.354,W2
QSO_4.9351102-24.2183846,58447.5531075,18.437,0.371,W2
QSO_4.9351102-24.2183846,58648.439763500006,17.66,,W2
QSO_4.9351102-24.2183846,58648.57043350001,18.466,,W2
QSO_4.9351102-24.2183846,58648.70110350001,18.364,0.372,W2
QSO_4.9351102-24.2183846,58648.89721799998,18.775,0.523,W2
QSO_4.9351102-24.2183846,58648.89732749998,17.983,0.267,W2
QSO_4.9351102-24.2183846,58649.158704000016,18.441,0.482,W2
QSO_4.9351102-24.2183846,58649.28951999996,18.344,0.424,W2
QSO_4.9351102-24.2183846,58649.4202265,18.264,0.467,W2
QSO_4.9351102-24.2183846,58649.55104250003,18.233,,W2
QSO_4.9351102-24.2183846,58810.84311899999,18.279,,W2
QSO_4.9351102-24.2183846,58810.97382550003,18.293,0.302,W2
QSO_4.9351102-24.2183846,58811.3007195,18.142,0.418,W2
QSO_4.9351102-24.2183846,58811.69240099999,18.145,0.259,W2
QSO_4.9351102-24.2183846,59015.97578800001,17.896,,W2
QSO_4.9351102-24.2183846,59016.368908599965,18.544,,W2
QSO_4.9351102-24.2183846,59016.43449579999,17.802,0.237,W2
QSO_4.9351102-24.2183846,59016.4999732,18.058,,W2
QSO_4.9351102-24.2183846,59016.500083,18.211,,W2
QSO_4.9351102-24.2183846,59016.56556040001,17.926,0.308,W2
QSO_4.9351102-24.2183846,59016.69658840002,17.996,0.354,W2
QSO_4.9351102-24.2183846,59016.95868099997,17.579,0.227,W2
QSO_4.9351102-24.2183846,59175.6242926,17.517,,W2
QSO_4.9351102-24.2183846,59175.7553206,17.857,,W2
QSO_4.9351102-24.2183846,59175.88638520003,17.942999999999998,0.413,W2
QSO_4.9351102-24.2183846,59178.50687200001,17.926,,W2
QSO_4.9351102-24.2183846,59178.63793659996,18.016,0.427,W2
QSO_4.9351102-24.2183846,59178.76896459996,17.837,,W2
QSO_4.9351102-24.2183846,59178.90002919999,17.127,,W2
QSO_4.9351102-24.2183846,59380.31682199997,17.895,0.244,W2
QSO_4.9351102-24.2183846,59380.839282999965,18.311,0.379,W2
QSO_4.9351102-24.2183846,59380.9699895,17.421,,W2
QSO_4.9351102-24.2183846,59381.035251499976,17.951999999999998,,W2
QSO_4.9351102-24.2183846,59381.16595800001,17.825,0.264,W2
QSO_4.9351102-24.2183846,59381.29651850001,18.56,0.521,W2
QSO_4.9351102-24.2183846,59381.42718850001,18.03,,W2
QSO_4.9351102-24.2183846,59542.69557650002,17.877,0.229,W2
QSO_4.9351102-24.2183846,59543.08740399996,18.764,0.44,W2
QSO_4.9351102-24.2183846,59543.15266600003,17.905,,W2
QSO_4.9351102-24.2183846,59543.21796449996,18.207,,W2
QSO_4.9351102-24.2183846,59543.283226500025,18.409,0.329,W2
QSO_4.9351102-24.2183846,59543.544493499976,17.926,0.276,W2
QSO_4.9351102-24.2183846,59744.44585900003,18.18,0.339,W2
QSO_4.9351102-24.2183846,59744.6414625,18.039,0.412,W2
QSO_4.9351102-24.2183846,59744.70672449999,18.037,,W2
QSO_4.9351102-24.2183846,59744.77187699997,18.407,0.486,W2
QSO_4.9351102-24.2183846,59744.83702950004,18.457,0.403,W2
QSO_4.9351102-24.2183846,59744.90232799996,18.518,0.453,W2
QSO_4.9351102-24.2183846,59745.032742500014,17.937,,W2
QSO_4.9351102-24.2183846,59745.16304749997,18.608,0.524,W2
QSO_4.9351102-24.2183846,59906.92283499999,17.945,0.287,W2
QSO_4.9351102-24.2183846,59906.98838900004,18.167,0.302,W2
QSO_4.9351102-24.2183846,59907.05354150002,18.117,,W2
QSO_4.9351102-24.2183846,59907.118694,18.041,,W2
QSO_4.9351102-24.2183846,59907.183700500034,18.078,,W2
QSO_4.9351102-24.2183846,59907.3140055,18.222,,W2
QSO_4.9351102-24.2183846,59907.44431050004,17.637999999999998,0.231,W2
QSO_4.9351102-24.2183846,60111.16033700003,18.504,0.455,W2
QSO_4.9351102-24.2183846,60111.28998499997,18.093,,W2
QSO_4.9351102-24.2183846,60111.41966950002,17.489,0.218,W2
QSO_4.9351102-24.2183846,60111.48456649997,18.641,0.5,W2
QSO_4.9351102-24.2183846,60111.54935399999,18.525,,W2
QSO_4.9351102-24.2183846,60111.61425100001,17.913999999999998,,W2
QSO_4.9351102-24.2183846,60111.67914799996,17.832,0.382,W2
QSO_4.9351102-24.2183846,60111.74389900004,18.583,0.495,W2
QSO_4.9351102-24.2183846,60111.8735835,17.171,,W2
QSO_4.9351102-24.2183846,60273.251508000016,18.204,0.353,W2
QSO_4.9351102-24.2183846,60273.70363349999,18.484,0.401,W2
QSO_4.9351102-24.2183846,60273.768165499976,18.132,,W2
QSO_4.9351102-24.2183846,60273.83280699996,18.093,,W2
QSO_4.9351102-24.2183846,60273.89730250001,18.378,0.393,W2
QSO_4.9351102-24.2183846,60273.961980500026,18.324,0.356,W2
QSO_4.9351102-24.2183846,60274.09111749997,18.206,,W2
QSO_4.9351102-24.2183846,60274.220145,18.722,0.475,W2
QSO_4.9351102-24.2183846,60274.220291000034,18.491,0.466,W2
QSO_4.9351102-24.2183846,60475.44250420001,17.766,,W2
QSO_4.9351102-24.2183846,60475.698850599976,18.32,0.502,W2
QSO_4.9351102-24.2183846,60475.89103719998,17.712,,W2
QSO_4.9351102-24.2183846,60475.89114699999,18.331,,W2
QSO_4.9351102-24.2183846,60476.08333359999,18.306,0.468,W2
QSO_4.9351102-24.2183846,60476.53183000001,17.624,,W2
