oid,time,magnitude,error,band
QSO_48.432662-18.110111,55219.57539599997,19.159,,W1
QSO_48.432662-18.110111,55222.08812899999,19.274,,W1
QSO_48.432662-18.110111,55222.41870949998,19.01,0.338,W1
QSO_48.432662-18.110111,55222.48488400003,19.222,,W1
QSO_48.432662-18.110111,55222.55105849999,19.022,0.291,W1
QSO_48.432662-18.110111,55222.68326149996,19.473,0.451,W1
QSO_48.432662-18.110111,55408.63094199997,19.415,0.377,W1
QSO_48.432662-18.110111,55408.76314500002,19.864,,W1
QSO_48.432662-18.110111,55408.895348,19.399,,W1
QSO_48.432662-18.110111,55409.02758749999,19.252,,W1
QSO_48.432662-18.110111,55409.35805849999,19.597,0.446,W1
QSO_48.432662-18.110111,55409.35816799999,19.153,,W1
QSO_48.432662-18.110111,55409.42423300003,19.353,0.345,W1
QSO_48.432662-18.110111,55409.49026150004,19.154,,W1
QSO_48.432662-18.110111,55409.62246450001,19.248,,W1
QSO_48.432662-18.110111,55409.75466749999,18.919,,W1
QSO_48.432662-18.110111,55409.88690699999,19.054,,W1
QSO_48.432662-18.110111,55411.40727799996,19.526000000000003,0.42,W1
QSO_48.432662-18.110111,55411.473343,19.072000000000003,,W1
QSO_48.432662-18.110111,55411.539517499965,19.063,0.266,W1
QSO_48.432662-18.110111,55411.60554599998,19.576,0.435,W1
QSO_48.432662-18.110111,55411.67172050002,19.29,,W1
QSO_48.432662-18.110111,55411.73774900003,19.448,,W1
QSO_48.432662-18.110111,55411.80392349999,19.375,,W1
QSO_48.432662-18.110111,55411.869952,19.798,0.518,W1
QSO_48.432662-18.110111,55412.0021915,19.22,,W1
QSO_48.432662-18.110111,55585.77416550001,19.586,,W1
QSO_48.432662-18.110111,55585.90625899999,19.039,0.368,W1
QSO_48.432662-18.110111,55586.03846199996,19.794,,W1
QSO_48.432662-18.110111,55586.17066500001,19.034,0.276,W1
QSO_48.432662-18.110111,55586.236729999975,19.656,,W1
QSO_48.432662-18.110111,55586.30275849999,19.808,,W1
QSO_48.432662-18.110111,55586.36893300003,19.075000000000003,,W1
QSO_48.432662-18.110111,55586.76532300002,19.458,,W1
QSO_48.432662-18.110111,55586.765432500026,18.928,,W1
QSO_48.432662-18.110111,55586.897526,18.883000000000003,0.249,W1
QSO_48.432662-18.110111,56684.405925000014,19.007,0.265,W1
QSO_48.432662-18.110111,56873.88545499999,18.679,0.425,W1
QSO_48.432662-18.110111,57235.20486315486,19.041,0.284,W1
QSO_48.432662-18.110111,57602.8459961941,18.631,0.217,W1
QSO_48.432662-18.110111,57769.7445305,19.29,0.395,W1
QSO_48.432662-18.110111,57769.810084499964,18.825000000000003,0.403,W1
QSO_48.432662-18.110111,58129.529556500005,19.04,,W1
QSO_48.432662-18.110111,58331.19848050004,18.835,0.37,W1
QSO_48.432662-18.110111,58697.46875349996,19.026000000000003,0.351,W1
QSO_48.432662-18.110111,59222.84125849997,18.939,0.518,W1
QSO_48.432662-18.110111,59222.971965,19.107,0.446,W1
QSO_48.432662-18.110111,59426.42844,19.019,0.392,W1
QSO_48.432662-18.110111,59429.17207200002,19.003,0.29,W1
QSO_48.432662-18.110111,59793.731298000006,18.701,0.262,W1
QSO_48.432662-18.110111,59953.33521300001,18.804,0.372,W1
QSO_48.432662-18.110111,60157.89161549999,19.088,0.444,W1
QSO_48.432662-18.110111,60158.15069250002,18.735,0.286,W1
QSO_48.432662-18.110111,60317.339324800014,18.816000000000003,0.294,W1
QSO_48.432662-18.110111,60317.856629200025,18.916,0.362,W1
QSO_48.432662-18.110111,55219.57539599997,18.371,,W2
QSO_48.432662-18.110111,55222.08812899999,18.961,,W2
QSO_48.432662-18.110111,55222.41870949998,18.705,,W2
QSO_48.432662-18.110111,55222.48488400003,18.547,,W2
QSO_48.432662-18.110111,55222.55105849999,18.732,,W2
QSO_48.432662-18.110111,55222.68326149996,18.395,,W2
QSO_48.432662-18.110111,55408.63094199997,18.983,,W2
QSO_48.432662-18.110111,55408.76314500002,18.871,,W2
QSO_48.432662-18.110111,55408.895348,18.521,,W2
QSO_48.432662-18.110111,55409.02758749999,18.702,,W2
QSO_48.432662-18.110111,55409.35805849999,18.886,,W2
QSO_48.432662-18.110111,55409.35816799999,18.36,,W2
QSO_48.432662-18.110111,55409.42423300003,18.788,,W2
QSO_48.432662-18.110111,55409.49026150004,18.867,0.477,W2
QSO_48.432662-18.110111,55409.62246450001,18.742,0.429,W2
QSO_48.432662-18.110111,55409.75466749999,19.027,,W2
QSO_48.432662-18.110111,55409.88690699999,18.368,,W2
QSO_48.432662-18.110111,55411.40727799996,19.058,,W2
QSO_48.432662-18.110111,55411.473343,18.705,,W2
QSO_48.432662-18.110111,55411.539517499965,18.699,,W2
QSO_48.432662-18.110111,55411.60554599998,18.737,0.431,W2
QSO_48.432662-18.110111,55411.67172050002,19.123,,W2
QSO_48.432662-18.110111,55411.73774900003,18.982,,W2
QSO_48.432662-18.110111,55411.80392349999,18.566,,W2
QSO_48.432662-18.110111,55411.869952,18.332,,W2
QSO_48.432662-18.110111,55412.0021915,18.312,,W2
QSO_48.432662-18.110111,55585.77416550001,18.727,,W2
QSO_48.432662-18.110111,55585.90625899999,19.022,,W2
QSO_48.432662-18.110111,55586.03846199996,18.221,,W2
QSO_48.432662-18.110111,55586.17066500001,19.04,,W2
QSO_48.432662-18.110111,55586.236729999975,18.945,,W2
QSO_48.432662-18.110111,55586.30275849999,18.679,0.485,W2
QSO_48.432662-18.110111,55586.36893300003,18.514,,W2
QSO_48.432662-18.110111,55586.76532300002,18.419,,W2
QSO_48.432662-18.110111,55586.765432500026,18.769,,W2
QSO_48.432662-18.110111,55586.897526,19.028,,W2
QSO_48.432662-18.110111,56684.405925000014,18.412,,W2
QSO_48.432662-18.110111,56873.88545499999,18.3,,W2
QSO_48.432662-18.110111,57235.20486315486,18.285,,W2
QSO_48.432662-18.110111,57602.8459961941,17.921,,W2
QSO_48.432662-18.110111,57769.7445305,18.404,0.473,W2
QSO_48.432662-18.110111,57769.810084499964,18.965,,W2
QSO_48.432662-18.110111,58129.529556500005,17.320999999999998,0.263,W2
QSO_48.432662-18.110111,58331.19848050004,17.77,,W2
QSO_48.432662-18.110111,58697.46875349996,18.509,0.453,W2
QSO_48.432662-18.110111,59222.84125849997,18.351,,W2
QSO_48.432662-18.110111,59222.971965,18.131,,W2
QSO_48.432662-18.110111,59426.42844,18.026,,W2
QSO_48.432662-18.110111,59429.17207200002,18.59,,W2
QSO_48.432662-18.110111,59793.731298000006,18.236,,W2
QSO_48.432662-18.110111,59953.33521300001,18.479,,W2
QSO_48.432662-18.110111,60157.89161549999,18.181,,W2
QSO_48.432662-18.110111,60158.15069250002,18.142,,W2
QSO_48.432662-18.110111,60317.339324800014,18.661,,W2
QSO_48.432662-18.110111,60317.856629200025,18.304,,W2
QSO_48.4943718-18.2899215,55219.57539599997,19.259,,W1
QSO_48.4943718-18.2899215,55222.08812899999,19.181,0.356,W1
QSO_48.4943718-18.2899215,55222.35253500002,19.188,0.332,W1
QSO_48.4943718-18.2899215,55222.41870949998,19.544,0.451,W1
QSO_48.4943718-18.2899215,55222.48488400003,19.175,,W1
QSO_48.4943718-18.2899215,55222.55091250004,18.942,0.282,W1
QSO_48.4943718-18.2899215,55222.68326149996,19.385,0.458,W1
QSO_48.4943718-18.2899215,55408.63105149997,19.213,,W1
QSO_48.4943718-18.2899215,55408.76329099997,18.877,0.258,W1
QSO_48.4943718-18.2899215,55408.895348,19.007,0.259,W1
QSO_48.4943718-18.2899215,55408.895494000026,19.658,0.43,W1
QSO_48.4943718-18.2899215,55409.02758749999,19.033,0.266,W1
QSO_48.4943718-18.2899215,55409.35816799999,18.859,0.256,W1
QSO_48.4943718-18.2899215,55409.42423300003,19.052,,W1
QSO_48.4943718-18.2899215,55409.49037099996,19.186,0.328,W1
QSO_48.4943718-18.2899215,55409.622610499966,19.583,,W1
QSO_48.4943718-18.2899215,55409.75466749999,19.199,,W1
QSO_48.4943718-18.2899215,55409.75481350002,19.311,0.486,W1
QSO_48.4943718-18.2899215,55409.88690699999,19.79,,W1
QSO_48.4943718-18.2899215,55411.40727799996,19.171,0.324,W1
QSO_48.4943718-18.2899215,55411.473343,19.601,0.47,W1
QSO_48.4943718-18.2899215,55411.4734525,19.417,0.414,W1
QSO_48.4943718-18.2899215,55411.539517499965,18.666,0.211,W1
QSO_48.4943718-18.2899215,55411.60554599998,19.074,0.273,W1
QSO_48.4943718-18.2899215,55411.67172050002,19.329,,W1
QSO_48.4943718-18.2899215,55411.73774900003,18.869,0.24,W1
QSO_48.4943718-18.2899215,55411.80392349999,19.469,0.471,W1
QSO_48.4943718-18.2899215,55411.869952,18.739,0.208,W1
QSO_48.4943718-18.2899215,55412.0021915,19.156,0.326,W1
QSO_48.4943718-18.2899215,55585.77401949999,19.26,0.336,W1
QSO_48.4943718-18.2899215,55585.90625899999,19.251,0.355,W1
QSO_48.4943718-18.2899215,55586.03846199996,19.119,0.299,W1
QSO_48.4943718-18.2899215,55586.17055550001,19.058,0.275,W1
QSO_48.4943718-18.2899215,55586.236729999975,18.742,0.216,W1
QSO_48.4943718-18.2899215,55586.30275849999,19.256,0.345,W1
QSO_48.4943718-18.2899215,55586.368787,18.653,0.256,W1
QSO_48.4943718-18.2899215,55586.76532300002,19.742,0.522,W1
QSO_48.4943718-18.2899215,55586.897526,19.851,,W1
QSO_48.4943718-18.2899215,56873.75401850004,18.969,0.278,W1
QSO_48.4943718-18.2899215,56873.81979150002,18.783,0.337,W1
QSO_48.4943718-18.2899215,56873.88560100002,18.972,0.265,W1
QSO_48.4943718-18.2899215,56874.41152950003,18.872,0.283,W1
QSO_48.4943718-18.2899215,56874.54296599998,18.817,0.224,W1
QSO_48.4943718-18.2899215,57044.92803269531,18.935,0.285,W1
QSO_48.4943718-18.2899215,57045.45319471195,19.129,0.312,W1
QSO_48.4943718-18.2899215,57045.45334071198,18.953000000000003,0.268,W1
QSO_48.4943718-18.2899215,57045.78151222238,18.962000000000003,0.305,W1
QSO_48.4943718-18.2899215,57234.87705664452,18.787,0.263,W1
QSO_48.4943718-18.2899215,57602.91172979615,19.206000000000003,0.344,W1
QSO_48.4943718-18.2899215,57602.97731699824,19.049,0.282,W1
QSO_48.4943718-18.2899215,57603.174188404526,18.807,0.276,W1
QSO_48.4943718-18.2899215,57769.80993850002,18.775,0.227,W1
QSO_48.4943718-18.2899215,57770.006308500015,19.057,,W1
QSO_48.4943718-18.2899215,58330.9369945,18.043,0.333,W1
QSO_48.4943718-18.2899215,58697.92646349996,19.122,0.347,W1
QSO_48.4943718-18.2899215,59061.97723,19.438,0.437,W1
QSO_48.4943718-18.2899215,59062.10825800001,18.973,0.313,W1
QSO_48.4943718-18.2899215,59430.15165899998,18.645,0.267,W1
QSO_48.4943718-18.2899215,59586.17886600004,18.282,0.166,W1
QSO_48.4943718-18.2899215,59586.57065700003,18.877,0.254,W1
QSO_48.4943718-18.2899215,59793.66614550003,19.001,0.278,W1
QSO_48.4943718-18.2899215,59794.18762099999,18.732,0.209,W1
QSO_48.4943718-18.2899215,60157.56775100002,19.16,0.354,W1
QSO_48.4943718-18.2899215,60317.14538140003,18.876,0.353,W1
QSO_48.4943718-18.2899215,55219.57539599997,18.638,0.41,W2
QSO_48.4943718-18.2899215,55222.08812899999,18.535,,W2
QSO_48.4943718-18.2899215,55222.35253500002,18.471,0.415,W2
QSO_48.4943718-18.2899215,55222.41870949998,18.723,,W2
QSO_48.4943718-18.2899215,55222.48488400003,18.88,,W2
QSO_48.4943718-18.2899215,55222.55091250004,18.956,,W2
QSO_48.4943718-18.2899215,55222.68326149996,18.712,0.467,W2
QSO_48.4943718-18.2899215,55408.63105149997,18.346,,W2
QSO_48.4943718-18.2899215,55408.76329099997,18.215,,W2
QSO_48.4943718-18.2899215,55408.895348,19.126,,W2
QSO_48.4943718-18.2899215,55408.895494000026,18.553,,W2
QSO_48.4943718-18.2899215,55409.02758749999,18.373,,W2
QSO_48.4943718-18.2899215,55409.35816799999,18.881,0.491,W2
QSO_48.4943718-18.2899215,55409.42423300003,19.068,,W2
QSO_48.4943718-18.2899215,55409.49037099996,18.438,,W2
QSO_48.4943718-18.2899215,55409.622610499966,18.893,0.499,W2
QSO_48.4943718-18.2899215,55409.75466749999,18.394,,W2
QSO_48.4943718-18.2899215,55409.75481350002,18.663,,W2
QSO_48.4943718-18.2899215,55409.88690699999,18.637,,W2
QSO_48.4943718-18.2899215,55411.40727799996,18.755,0.44,W2
QSO_48.4943718-18.2899215,55411.473343,18.981,,W2
QSO_48.4943718-18.2899215,55411.4734525,18.295,,W2
QSO_48.4943718-18.2899215,55411.539517499965,18.084,0.303,W2
QSO_48.4943718-18.2899215,55411.60554599998,18.756,,W2
QSO_48.4943718-18.2899215,55411.67172050002,18.764,,W2
QSO_48.4943718-18.2899215,55411.73774900003,19.105,,W2
QSO_48.4943718-18.2899215,55411.80392349999,18.428,,W2
QSO_48.4943718-18.2899215,55411.869952,18.417,,W2
QSO_48.4943718-18.2899215,55412.0021915,18.846,0.459,W2
QSO_48.4943718-18.2899215,55585.77401949999,18.397,,W2
QSO_48.4943718-18.2899215,55585.90625899999,18.496,,W2
QSO_48.4943718-18.2899215,55586.03846199996,18.306,,W2
QSO_48.4943718-18.2899215,55586.17055550001,18.615,,W2
QSO_48.4943718-18.2899215,55586.236729999975,18.358,,W2
QSO_48.4943718-18.2899215,55586.30275849999,18.491,0.363,W2
QSO_48.4943718-18.2899215,55586.368787,18.885,,W2
QSO_48.4943718-18.2899215,55586.76532300002,18.839,,W2
QSO_48.4943718-18.2899215,55586.897526,18.526,0.35,W2
QSO_48.4943718-18.2899215,56873.75401850004,18.721,,W2
QSO_48.4943718-18.2899215,56873.81979150002,17.752,,W2
QSO_48.4943718-18.2899215,56873.88560100002,18.065,0.257,W2
QSO_48.4943718-18.2899215,56874.41152950003,18.351,,W2
QSO_48.4943718-18.2899215,56874.54296599998,18.385,,W2
QSO_48.4943718-18.2899215,57044.92803269531,18.724,0.498,W2
QSO_48.4943718-18.2899215,57045.45319471195,18.37,0.42,W2
QSO_48.4943718-18.2899215,57045.45334071198,18.535,0.466,W2
QSO_48.4943718-18.2899215,57045.78151222238,18.093,0.272,W2
QSO_48.4943718-18.2899215,57234.87705664452,18.856,0.496,W2
QSO_48.4943718-18.2899215,57602.91172979615,18.714,,W2
QSO_48.4943718-18.2899215,57602.97731699824,18.625,,W2
QSO_48.4943718-18.2899215,57603.174188404526,18.107,,W2
QSO_48.4943718-18.2899215,57769.80993850002,18.366,,W2
QSO_48.4943718-18.2899215,57770.006308500015,18.294,,W2
QSO_48.4943718-18.2899215,58330.9369945,18.178,0.372,W2
QSO_48.4943718-18.2899215,58697.92646349996,18.154,,W2
QSO_48.4943718-18.2899215,59061.97723,18.384,0.375,W2
QSO_48.4943718-18.2899215,59062.10825800001,18.514,,W2
QSO_48.4943718-18.2899215,59430.15165899998,18.438,,W2
QSO_48.4943718-18.2899215,59586.17886600004,18.832,0.482,W2
QSO_48.4943718-18.2899215,59586.57065700003,18.496,,W2
QSO_48.4943718-18.2899215,59793.66614550003,17.764,,W2
QSO_48.4943718-18.2899215,59794.18762099999,18.078,,W2
QSO_48.4943718-18.2899215,60157.56775100002,17.569,,W2
QSO_48.4943718-18.2899215,60317.14538140003,18.695,,W2
QSO_48.5909911-18.2404306,55219.57539599997,18.614,0.213,W1
QSO_48.5909911-18.2404306,55222.08812899999,18.973,0.258,W1
QSO_48.5909911-18.2404306,55222.35253500002,18.777,0.286,W1
QSO_48.5909911-18.2404306,55222.41870949998,19.005000000000003,0.283,W1
QSO_48.5909911-18.2404306,55222.48488400003,18.716,0.231,W1
QSO_48.5909911-18.2404306,55222.55091250004,19.217,0.376,W1
QSO_48.5909911-18.2404306,55222.617087,19.074,0.302,W1
QSO_48.5909911-18.2404306,55222.68326149996,18.659,0.197,W1
QSO_48.5909911-18.2404306,55408.76314500002,19.108,0.303,W1
QSO_48.5909911-18.2404306,55408.76329099997,19.152,0.315,W1
QSO_48.5909911-18.2404306,55408.895348,19.303,0.41,W1
QSO_48.5909911-18.2404306,55409.02758749999,18.827,0.232,W1
QSO_48.5909911-18.2404306,55409.35816799999,19.169,0.313,W1
QSO_48.5909911-18.2404306,55409.42423300003,19.338,0.364,W1
QSO_48.5909911-18.2404306,55409.49037099996,19.327,0.457,W1
QSO_48.5909911-18.2404306,55409.556436,18.916,0.237,W1
QSO_48.5909911-18.2404306,55409.622610499966,18.928,0.253,W1
QSO_48.5909911-18.2404306,55409.75466749999,18.704,0.216,W1
QSO_48.5909911-18.2404306,55409.75481350002,19.332,0.337,W1
QSO_48.5909911-18.2404306,55409.88690699999,18.924,0.299,W1
QSO_48.5909911-18.2404306,55411.40727799996,19.041,0.292,W1
QSO_48.5909911-18.2404306,55411.539517499965,19.135,0.285,W1
QSO_48.5909911-18.2404306,55411.60554599998,18.885,0.263,W1
QSO_48.5909911-18.2404306,55411.67172050002,19.126,0.324,W1
QSO_48.5909911-18.2404306,55411.73774900003,19.203000000000003,0.367,W1
QSO_48.5909911-18.2404306,55411.80392349999,18.832,0.226,W1
QSO_48.5909911-18.2404306,55411.869952,19.544,0.443,W1
QSO_48.5909911-18.2404306,55411.93612649997,18.785,0.245,W1
QSO_48.5909911-18.2404306,55412.0021915,19.256,0.333,W1
QSO_48.5909911-18.2404306,55412.39883700004,19.121,,W1
QSO_48.5909911-18.2404306,55585.90625899999,19.053,0.343,W1
QSO_48.5909911-18.2404306,55586.03846199996,18.506,0.176,W1
QSO_48.5909911-18.2404306,55586.17055550001,19.14,0.356,W1
QSO_48.5909911-18.2404306,55586.236729999975,18.594,0.196,W1
QSO_48.5909911-18.2404306,55586.30275849999,18.950000000000003,0.273,W1
QSO_48.5909911-18.2404306,55586.368787,19.223,0.407,W1
QSO_48.5909911-18.2404306,55586.76532300002,19.762,0.514,W1
QSO_48.5909911-18.2404306,55586.897526,18.913,0.26,W1
QSO_48.5909911-18.2404306,55587.02961949997,19.625,0.457,W1
QSO_48.5909911-18.2404306,55587.02972899997,19.468,,W1
QSO_48.5909911-18.2404306,56684.010922000045,18.381,0.215,W1
QSO_48.5909911-18.2404306,56684.34011550001,18.985,0.342,W1
QSO_48.5909911-18.2404306,56684.603426500005,19.07,0.335,W1
QSO_48.5909911-18.2404306,56873.55691850004,19.01,0.276,W1
QSO_48.5909911-18.2404306,56874.017037499965,18.949,0.269,W1
QSO_48.5909911-18.2404306,56874.082810500026,19.581000000000003,0.499,W1
QSO_48.5909911-18.2404306,56874.67440250001,18.857,0.261,W1
QSO_48.5909911-18.2404306,57045.19068670369,18.974,0.262,W1
QSO_48.5909911-18.2404306,57045.45334071198,19.4,0.539,W1
QSO_48.5909911-18.2404306,57235.27038065696,18.957,0.262,W1
QSO_48.5909911-18.2404306,57408.30231344201,19.199,0.332,W1
QSO_48.5909911-18.2404306,57602.45210698167,19.416,0.405,W1
QSO_48.5909911-18.2404306,57602.71471198992,18.438,0.198,W1
QSO_48.5909911-18.2404306,57602.78040899202,18.567,0.462,W1
QSO_48.5909911-18.2404306,57602.9115833962,19.419,0.392,W1
QSO_48.5909911-18.2404306,57602.91172979615,18.641,0.262,W1
QSO_48.5909911-18.2404306,57603.04290420034,19.203000000000003,0.376,W1
QSO_48.5909911-18.2404306,57603.10860120243,19.167,0.302,W1
QSO_48.5909911-18.2404306,57769.41723500004,18.955,0.315,W1
QSO_48.5909911-18.2404306,57769.548197000026,19.578000000000003,,W1
QSO_48.5909911-18.2404306,57769.67912249998,19.571,0.5,W1
QSO_48.5909911-18.2404306,57770.52993750003,18.377,0.165,W1
QSO_48.5909911-18.2404306,57967.00750299997,18.863,0.314,W1
QSO_48.5909911-18.2404306,57967.07291099998,19.09,0.308,W1
QSO_48.5909911-18.2404306,57967.59628449996,18.027,0.239,W1
QSO_48.5909911-18.2404306,57967.857916500034,18.675,0.244,W1
QSO_48.5909911-18.2404306,58130.05282049997,19.630000000000003,0.475,W1
QSO_48.5909911-18.2404306,58130.37986049998,18.880000000000003,0.239,W1
QSO_48.5909911-18.2404306,58330.9369945,19.361,0.392,W1
QSO_48.5909911-18.2404306,58490.38144099998,18.891,,W1
QSO_48.5909911-18.2404306,58490.83915099999,18.81,0.236,W1
QSO_48.5909911-18.2404306,58490.904559,18.719,0.199,W1
QSO_48.5909911-18.2404306,58491.03526550003,19.11,0.283,W1
QSO_48.5909911-18.2404306,58697.7302395,19.031,0.319,W1
QSO_48.5909911-18.2404306,58697.92646349996,18.633,0.215,W1
QSO_48.5909911-18.2404306,58698.44936249998,18.546,0.227,W1
QSO_48.5909911-18.2404306,58857.7984204,18.52,0.191,W1
QSO_48.5909911-18.2404306,58857.864007600016,18.87,0.259,W1
QSO_48.5909911-18.2404306,59062.23932260004,18.73,0.258,W1
QSO_48.5909911-18.2404306,59062.76361760002,18.861,0.25,W1
QSO_48.5909911-18.2404306,59222.57991849996,18.913,0.267,W1
QSO_48.5909911-18.2404306,59586.04830550004,18.345,0.24,W1
QSO_48.5909911-18.2404306,59586.50539499997,19.081000000000003,0.296,W1
QSO_48.5909911-18.2404306,59793.66614550003,19.05,0.323,W1
QSO_48.5909911-18.2404306,59793.86160299997,18.94,0.26,W1
QSO_48.5909911-18.2404306,59794.18762099999,18.972,0.258,W1
QSO_48.5909911-18.2404306,60157.30852800003,18.316000000000003,0.202,W1
QSO_48.5909911-18.2404306,60157.63253850004,19.11,0.323,W1
QSO_48.5909911-18.2404306,60157.76207699997,19.226,0.356,W1
QSO_48.5909911-18.2404306,60317.27465259997,18.459,0.241,W1
QSO_48.5909911-18.2404306,60317.339324800014,18.551,0.188,W1
QSO_48.5909911-18.2404306,55219.57539599997,18.071,,W2
QSO_48.5909911-18.2404306,55222.08812899999,18.539,,W2
QSO_48.5909911-18.2404306,55222.35253500002,18.661,0.505,W2
QSO_48.5909911-18.2404306,55222.41870949998,18.044,,W2
QSO_48.5909911-18.2404306,55222.48488400003,17.977999999999998,,W2
QSO_48.5909911-18.2404306,55222.55091250004,18.382,0.336,W2
QSO_48.5909911-18.2404306,55222.617087,18.819,0.488,W2
QSO_48.5909911-18.2404306,55222.68326149996,18.119,0.246,W2
QSO_48.5909911-18.2404306,55408.76314500002,18.911,0.513,W2
QSO_48.5909911-18.2404306,55408.76329099997,18.518,0.383,W2
QSO_48.5909911-18.2404306,55408.895348,18.828,0.438,W2
QSO_48.5909911-18.2404306,55409.02758749999,18.845,0.489,W2
QSO_48.5909911-18.2404306,55409.35816799999,18.178,,W2
QSO_48.5909911-18.2404306,55409.42423300003,18.956,,W2
QSO_48.5909911-18.2404306,55409.49037099996,18.322,0.28,W2
QSO_48.5909911-18.2404306,55409.556436,18.56,,W2
QSO_48.5909911-18.2404306,55409.622610499966,18.309,,W2
QSO_48.5909911-18.2404306,55409.75466749999,18.444,,W2
QSO_48.5909911-18.2404306,55409.75481350002,18.846,0.441,W2
QSO_48.5909911-18.2404306,55409.88690699999,18.377,,W2
QSO_48.5909911-18.2404306,55411.40727799996,18.642,,W2
QSO_48.5909911-18.2404306,55411.539517499965,18.675,0.391,W2
QSO_48.5909911-18.2404306,55411.60554599998,18.451,,W2
QSO_48.5909911-18.2404306,55411.67172050002,18.586,,W2
QSO_48.5909911-18.2404306,55411.73774900003,18.896,,W2
QSO_48.5909911-18.2404306,55411.80392349999,18.301,,W2
QSO_48.5909911-18.2404306,55411.869952,18.336,0.309,W2
QSO_48.5909911-18.2404306,55411.93612649997,18.752,0.409,W2
QSO_48.5909911-18.2404306,55412.0021915,18.637,0.365,W2
QSO_48.5909911-18.2404306,55412.39883700004,18.498,,W2
QSO_48.5909911-18.2404306,55585.90625899999,18.451,0.326,W2
QSO_48.5909911-18.2404306,55586.03846199996,18.615,,W2
QSO_48.5909911-18.2404306,55586.17055550001,18.459,,W2
QSO_48.5909911-18.2404306,55586.236729999975,18.704,0.425,W2
QSO_48.5909911-18.2404306,55586.30275849999,18.259,,W2
QSO_48.5909911-18.2404306,55586.368787,18.381,,W2
QSO_48.5909911-18.2404306,55586.76532300002,18.444,,W2
QSO_48.5909911-18.2404306,55586.897526,18.905,0.503,W2
QSO_48.5909911-18.2404306,55587.02961949997,18.985,0.531,W2
QSO_48.5909911-18.2404306,55587.02972899997,18.182,0.251,W2
QSO_48.5909911-18.2404306,56684.010922000045,18.705,,W2
QSO_48.5909911-18.2404306,56684.34011550001,18.69,0.472,W2
QSO_48.5909911-18.2404306,56684.603426500005,18.051,,W2
QSO_48.5909911-18.2404306,56873.55691850004,18.379,,W2
QSO_48.5909911-18.2404306,56874.017037499965,18.332,0.355,W2
QSO_48.5909911-18.2404306,56874.082810500026,18.927,,W2
QSO_48.5909911-18.2404306,56874.67440250001,18.199,0.295,W2
QSO_48.5909911-18.2404306,57045.19068670369,18.101,,W2
QSO_48.5909911-18.2404306,57045.45334071198,18.611,0.39,W2
QSO_48.5909911-18.2404306,57235.27038065696,18.659,0.445,W2
QSO_48.5909911-18.2404306,57408.30231344201,18.51,0.405,W2
QSO_48.5909911-18.2404306,57602.45210698167,18.209,,W2
QSO_48.5909911-18.2404306,57602.71471198992,17.912,,W2
QSO_48.5909911-18.2404306,57602.78040899202,18.409,,W2
QSO_48.5909911-18.2404306,57602.9115833962,18.55,0.417,W2
QSO_48.5909911-18.2404306,57602.91172979615,18.755,,W2
QSO_48.5909911-18.2404306,57603.04290420034,18.232,,W2
QSO_48.5909911-18.2404306,57603.10860120243,17.61,,W2
QSO_48.5909911-18.2404306,57769.41723500004,18.009999999999998,,W2
QSO_48.5909911-18.2404306,57769.548197000026,18.093,0.273,W2
QSO_48.5909911-18.2404306,57769.67912249998,17.442,,W2
QSO_48.5909911-18.2404306,57770.52993750003,18.673,0.43,W2
QSO_48.5909911-18.2404306,57967.00750299997,18.054,,W2
QSO_48.5909911-18.2404306,57967.07291099998,18.635,0.477,W2
QSO_48.5909911-18.2404306,57967.59628449996,18.506,,W2
QSO_48.5909911-18.2404306,57967.857916500034,18.225,,W2
QSO_48.5909911-18.2404306,58130.05282049997,18.53,,W2
QSO_48.5909911-18.2404306,58130.37986049998,18.126,,W2
QSO_48.5909911-18.2404306,58330.9369945,18.162,,W2
QSO_48.5909911-18.2404306,58490.38144099998,18.359,0.356,W2
QSO_48.5909911-18.2404306,58490.83915099999,18.057,0.294,W2
QSO_48.5909911-18.2404306,58490.904559,18.355,0.368,W2
QSO_48.5909911-18.2404306,58491.03526550003,17.883,0.306,W2
QSO_48.5909911-18.2404306,58697.7302395,17.579,0.249,W2
QSO_48.5909911-18.2404306,58697.92646349996,18.266,,W2
QSO_48.5909911-18.2404306,58698.44936249998,18.53,0.541,W2
QSO_48.5909911-18.2404306,58857.7984204,18.298,0.311,W2
QSO_48.5909911-18.2404306,58857.864007600016,18.408,,W2
QSO_48.5909911-18.2404306,59062.23932260004,18.698,,W2
QSO_48.5909911-18.2404306,59062.76361760002,18.301,,W2
QSO_48.5909911-18.2404306,59222.57991849996,17.819,,W2
QSO_48.5909911-18.2404306,59586.04830550004,18.408,,W2
QSO_48.5909911-18.2404306,59586.50539499997,18.093,,W2
QSO_48.5909911-18.2404306,59793.66614550003,18.529,0.437,W2
QSO_48.5909911-18.2404306,59793.86160299997,18.123,,W2
QSO_48.5909911-18.2404306,59794.18762099999,18.099,,W2
QSO_48.5909911-18.2404306,60157.30852800003,18.281,,W2
QSO_48.5909911-18.2404306,60157.63253850004,18.455,0.493,W2
QSO_48.5909911-18.2404306,60157.76207699997,17.896,0.317,W2
QSO_48.5909911-18.2404306,60317.27465259997,18.199,,W2
QSO_48.5909911-18.2404306,60317.339324800014,18.854,0.484,W2
QSO_48.4735651-18.0883118,55219.57539599997,19.301,0.359,W1
QSO_48.4735651-18.0883118,55222.08812899999,19.073,0.288,W1
QSO_48.4735651-18.0883118,55222.41870949998,19.011000000000003,0.276,W1
QSO_48.4735651-18.0883118,55222.48488400003,18.81,0.231,W1
QSO_48.4735651-18.0883118,55222.55105849999,18.811,0.215,W1
QSO_48.4735651-18.0883118,55222.68326149996,18.93,0.266,W1
QSO_48.4735651-18.0883118,55408.76314500002,19.209000000000003,,W1
QSO_48.4735651-18.0883118,55408.895348,18.711,0.219,W1
QSO_48.4735651-18.0883118,55409.02758749999,18.938,0.252,W1
QSO_48.4735651-18.0883118,55409.35805849999,19.139000000000003,0.307,W1
QSO_48.4735651-18.0883118,55409.42423300003,18.892000000000003,0.262,W1
QSO_48.4735651-18.0883118,55409.49026150004,18.633,0.191,W1
QSO_48.4735651-18.0883118,55409.556436,19.487,0.414,W1
QSO_48.4735651-18.0883118,55409.62246450001,18.997,0.288,W1
QSO_48.4735651-18.0883118,55409.75466749999,19.103,,W1
QSO_48.4735651-18.0883118,55409.88690699999,19.1,0.29,W1
QSO_48.4735651-18.0883118,55411.40727799996,19.071,,W1
QSO_48.4735651-18.0883118,55411.539517499965,18.623,0.184,W1
QSO_48.4735651-18.0883118,55411.60554599998,18.943,0.279,W1
QSO_48.4735651-18.0883118,55411.67172050002,18.573,0.191,W1
QSO_48.4735651-18.0883118,55411.73774900003,19.31,0.374,W1
QSO_48.4735651-18.0883118,55411.80392349999,19.07,0.375,W1
QSO_48.4735651-18.0883118,55411.869952,19.183,0.312,W1
QSO_48.4735651-18.0883118,55411.93601699996,18.462,0.167,W1
QSO_48.4735651-18.0883118,55411.93612649997,19.108,0.3,W1
QSO_48.4735651-18.0883118,55412.0021915,19.368,0.396,W1
QSO_48.4735651-18.0883118,55412.39883700004,18.91,0.234,W1
QSO_48.4735651-18.0883118,55585.77416550001,19.302,,W1
QSO_48.4735651-18.0883118,55585.90625899999,19.193,,W1
QSO_48.4735651-18.0883118,55586.03846199996,19.077,0.345,W1
QSO_48.4735651-18.0883118,55586.17066500001,19.101,,W1
QSO_48.4735651-18.0883118,55586.236729999975,19.042,0.273,W1
QSO_48.4735651-18.0883118,55586.30275849999,19.762,0.534,W1
QSO_48.4735651-18.0883118,55586.36893300003,19.054,,W1
QSO_48.4735651-18.0883118,55586.76532300002,18.982,0.295,W1
QSO_48.4735651-18.0883118,55586.765432500026,19.079,0.292,W1
QSO_48.4735651-18.0883118,55586.897526,19.447000000000003,,W1
QSO_48.4735651-18.0883118,56684.34011550001,18.903,0.27,W1
QSO_48.4735651-18.0883118,56684.405925000014,19.148000000000003,0.301,W1
QSO_48.4735651-18.0883118,56684.40603450002,18.89,0.287,W1
QSO_48.4735651-18.0883118,56684.603426500005,18.929,0.323,W1
QSO_48.4735651-18.0883118,56873.88545499999,18.91,0.282,W1
QSO_48.4735651-18.0883118,56874.08270100002,18.804,0.322,W1
QSO_48.4735651-18.0883118,56874.4113835,18.153,0.216,W1
QSO_48.4735651-18.0883118,57045.45334071198,18.958,0.249,W1
QSO_48.4735651-18.0883118,57234.87705664452,19.018,0.27,W1
QSO_48.4735651-18.0883118,57235.33593465909,18.729,0.234,W1
QSO_48.4735651-18.0883118,57407.84247102752,18.972,0.267,W1
QSO_48.4735651-18.0883118,57602.8459961941,18.651,0.281,W1
QSO_48.4735651-18.0883118,57603.174188404526,18.998,0.292,W1
QSO_48.4735651-18.0883118,57769.7445305,19.151000000000003,0.34,W1
QSO_48.4735651-18.0883118,57770.00641800002,19.054,0.275,W1
QSO_48.4735651-18.0883118,57966.74576149997,18.537,0.184,W1
QSO_48.4735651-18.0883118,57967.00735700002,19.108,0.46,W1
QSO_48.4735651-18.0883118,57967.39995099999,18.56,0.233,W1
QSO_48.4735651-18.0883118,58129.79118849999,18.436,0.16,W1
QSO_48.4735651-18.0883118,58331.067664500006,18.559,0.289,W1
QSO_48.4735651-18.0883118,58334.86103650004,18.636,0.214,W1
QSO_48.4735651-18.0883118,58491.03537500004,18.992,0.38,W1
QSO_48.4735651-18.0883118,58697.5995695,19.033,0.278,W1
QSO_48.4735651-18.0883118,58697.79564750002,18.919,0.259,W1
QSO_48.4735651-18.0883118,58857.864007600016,19.844,0.538,W1
QSO_48.4735651-18.0883118,58858.1262466,19.05,0.273,W1
QSO_48.4735651-18.0883118,59061.97723,18.925,0.253,W1
QSO_48.4735651-18.0883118,59062.23932260004,18.507,0.206,W1
QSO_48.4735651-18.0883118,59222.57991849996,19.026000000000003,0.341,W1
QSO_48.4735651-18.0883118,59222.58002799997,18.864,0.268,W1
QSO_48.4735651-18.0883118,59222.971965,19.015,0.267,W1
QSO_48.4735651-18.0883118,59426.1672095,18.756,0.231,W1
QSO_48.4735651-18.0883118,59426.2978795,19.357,0.392,W1
QSO_48.4735651-18.0883118,59429.75986799998,18.973,0.28,W1
QSO_48.4735651-18.0883118,59586.50539499997,19.414,0.377,W1
QSO_48.4735651-18.0883118,59586.635955499965,18.963,0.238,W1
QSO_48.4735651-18.0883118,59793.86160299997,18.809,0.346,W1
QSO_48.4735651-18.0883118,59793.92675550003,18.698,0.283,W1
QSO_48.4735651-18.0883118,59953.46537200002,19.397,0.414,W1
QSO_48.4735651-18.0883118,59953.530415,18.927,0.328,W1
QSO_48.4735651-18.0883118,59953.79076949997,18.611,0.215,W1
QSO_48.4735651-18.0883118,60157.82682799997,19.064,0.299,W1
QSO_48.4735651-18.0883118,55219.57539599997,18.225,,W2
QSO_48.4735651-18.0883118,55222.08812899999,18.071,0.259,W2
QSO_48.4735651-18.0883118,55222.41870949998,18.227,,W2
QSO_48.4735651-18.0883118,55222.48488400003,18.59,,W2
QSO_48.4735651-18.0883118,55222.55105849999,19.048,,W2
QSO_48.4735651-18.0883118,55222.68326149996,18.673,0.438,W2
QSO_48.4735651-18.0883118,55408.76314500002,18.632,,W2
QSO_48.4735651-18.0883118,55408.895348,18.782,,W2
QSO_48.4735651-18.0883118,55409.02758749999,18.91,,W2
QSO_48.4735651-18.0883118,55409.35805849999,18.608,,W2
QSO_48.4735651-18.0883118,55409.42423300003,18.443,0.373,W2
QSO_48.4735651-18.0883118,55409.49026150004,18.389,,W2
QSO_48.4735651-18.0883118,55409.556436,18.92,,W2
QSO_48.4735651-18.0883118,55409.62246450001,18.716,0.444,W2
QSO_48.4735651-18.0883118,55409.75466749999,18.828,0.475,W2
QSO_48.4735651-18.0883118,55409.88690699999,19.054,,W2
QSO_48.4735651-18.0883118,55411.40727799996,18.825,,W2
QSO_48.4735651-18.0883118,55411.539517499965,18.669,0.427,W2
QSO_48.4735651-18.0883118,55411.60554599998,18.547,,W2
QSO_48.4735651-18.0883118,55411.67172050002,18.925,,W2
QSO_48.4735651-18.0883118,55411.73774900003,18.649,,W2
QSO_48.4735651-18.0883118,55411.80392349999,18.627,,W2
QSO_48.4735651-18.0883118,55411.869952,18.707,0.456,W2
QSO_48.4735651-18.0883118,55411.93601699996,18.208,,W2
QSO_48.4735651-18.0883118,55411.93612649997,18.809,,W2
QSO_48.4735651-18.0883118,55412.0021915,18.445,,W2
QSO_48.4735651-18.0883118,55412.39883700004,18.759,0.435,W2
QSO_48.4735651-18.0883118,55585.77416550001,18.718,,W2
QSO_48.4735651-18.0883118,55585.90625899999,18.604,,W2
QSO_48.4735651-18.0883118,55586.03846199996,18.491,,W2
QSO_48.4735651-18.0883118,55586.17066500001,18.771,0.445,W2
QSO_48.4735651-18.0883118,55586.236729999975,18.337,,W2
QSO_48.4735651-18.0883118,55586.30275849999,18.582,,W2
QSO_48.4735651-18.0883118,55586.36893300003,18.286,0.313,W2
QSO_48.4735651-18.0883118,55586.76532300002,18.918,,W2
QSO_48.4735651-18.0883118,55586.765432500026,18.491,,W2
QSO_48.4735651-18.0883118,55586.897526,18.77,,W2
QSO_48.4735651-18.0883118,56684.34011550001,18.295,,W2
QSO_48.4735651-18.0883118,56684.405925000014,17.99,,W2
QSO_48.4735651-18.0883118,56684.40603450002,18.785,,W2
QSO_48.4735651-18.0883118,56684.603426500005,18.209,0.321,W2
QSO_48.4735651-18.0883118,56873.88545499999,18.258,,W2
QSO_48.4735651-18.0883118,56874.08270100002,18.39,,W2
QSO_48.4735651-18.0883118,56874.4113835,18.601,,W2
QSO_48.4735651-18.0883118,57045.45334071198,18.18,,W2
QSO_48.4735651-18.0883118,57234.87705664452,18.742,0.445,W2
QSO_48.4735651-18.0883118,57235.33593465909,18.098,,W2
QSO_48.4735651-18.0883118,57407.84247102752,18.53,0.406,W2
QSO_48.4735651-18.0883118,57602.8459961941,18.407,,W2
QSO_48.4735651-18.0883118,57603.174188404526,18.625,,W2
QSO_48.4735651-18.0883118,57769.7445305,18.808,0.497,W2
QSO_48.4735651-18.0883118,57770.00641800002,18.681,,W2
QSO_48.4735651-18.0883118,57966.74576149997,18.542,0.502,W2
QSO_48.4735651-18.0883118,57967.00735700002,18.422,,W2
QSO_48.4735651-18.0883118,57967.39995099999,17.866,,W2
QSO_48.4735651-18.0883118,58129.79118849999,17.812,,W2
QSO_48.4735651-18.0883118,58331.067664500006,18.649,,W2
QSO_48.4735651-18.0883118,58334.86103650004,18.61,,W2
QSO_48.4735651-18.0883118,58491.03537500004,18.75,,W2
QSO_48.4735651-18.0883118,58697.5995695,18.6,0.4,W2
QSO_48.4735651-18.0883118,58697.79564750002,18.296,0.434,W2
QSO_48.4735651-18.0883118,58857.864007600016,17.341,,W2
QSO_48.4735651-18.0883118,58858.1262466,18.089,0.321,W2
QSO_48.4735651-18.0883118,59061.97723,18.364,,W2
QSO_48.4735651-18.0883118,59062.23932260004,18.103,,W2
QSO_48.4735651-18.0883118,59222.57991849996,18.719,0.47,W2
QSO_48.4735651-18.0883118,59222.58002799997,18.373,,W2
QSO_48.4735651-18.0883118,59222.971965,18.427,0.337,W2
QSO_48.4735651-18.0883118,59426.1672095,18.499,,W2
QSO_48.4735651-18.0883118,59426.2978795,18.385,0.411,W2
QSO_48.4735651-18.0883118,59429.75986799998,18.151,,W2
QSO_48.4735651-18.0883118,59586.50539499997,18.613,0.457,W2
QSO_48.4735651-18.0883118,59586.635955499965,17.9,,W2
QSO_48.4735651-18.0883118,59793.86160299997,17.785,,W2
QSO_48.4735651-18.0883118,59793.92675550003,18.061,,W2
QSO_48.4735651-18.0883118,59953.46537200002,18.258,,W2
QSO_48.4735651-18.0883118,59953.530415,17.983,,W2
QSO_48.4735651-18.0883118,59953.79076949997,18.378,,W2
QSO_48.4735651-18.0883118,60157.82682799997,17.881,0.315,W2
QSO_48.3138258-18.1980681,55219.57539599997,19.083,,W1
QSO_48.3138258-18.1980681,55222.08812899999,19.135,0.298,W1
QSO_48.3138258-18.1980681,55222.41870949998,19.23,,W1
QSO_48.3138258-18.1980681,55222.55091250004,18.937,0.256,W1
QSO_48.3138258-18.1980681,55222.55105849999,18.919,,W1
QSO_48.3138258-18.1980681,55222.68326149996,19.019,0.27,W1
QSO_48.3138258-18.1980681,55408.498739,18.905,0.252,W1
QSO_48.3138258-18.1980681,55408.49884849999,19.527,,W1
QSO_48.3138258-18.1980681,55408.63094199997,19.012,,W1
QSO_48.3138258-18.1980681,55408.76314500002,18.771,0.226,W1
QSO_48.3138258-18.1980681,55408.895348,18.738,0.219,W1
QSO_48.3138258-18.1980681,55408.96152250004,19.227,,W1
QSO_48.3138258-18.1980681,55409.02758749999,19.133000000000003,0.317,W1
QSO_48.3138258-18.1980681,55409.35805849999,18.946,0.234,W1
QSO_48.3138258-18.1980681,55409.35816799999,19.694000000000003,0.483,W1
QSO_48.3138258-18.1980681,55409.49026150004,19.173,0.342,W1
QSO_48.3138258-18.1980681,55409.49037099996,18.676,0.2,W1
QSO_48.3138258-18.1980681,55409.62246450001,18.866,0.256,W1
QSO_48.3138258-18.1980681,55409.75466749999,19.348,0.4,W1
QSO_48.3138258-18.1980681,55411.40727799996,19.291,0.456,W1
QSO_48.3138258-18.1980681,55411.473343,18.871,,W1
QSO_48.3138258-18.1980681,55411.539517499965,19.151000000000003,,W1
QSO_48.3138258-18.1980681,55411.60554599998,18.995,0.268,W1
QSO_48.3138258-18.1980681,55411.67172050002,19.602,0.54,W1
QSO_48.3138258-18.1980681,55411.73774900003,19.595,0.469,W1
QSO_48.3138258-18.1980681,55411.869952,18.950000000000003,,W1
QSO_48.3138258-18.1980681,55412.0021915,19.485,0.4,W1
QSO_48.3138258-18.1980681,55585.77416550001,19.157,0.31,W1
QSO_48.3138258-18.1980681,55585.90625899999,19.072000000000003,0.451,W1
QSO_48.3138258-18.1980681,55585.97243350003,19.062,0.293,W1
QSO_48.3138258-18.1980681,55586.03846199996,19.412,0.386,W1
QSO_48.3138258-18.1980681,55586.10449049997,19.137,0.356,W1
QSO_48.3138258-18.1980681,55586.17055550001,19.352,0.437,W1
QSO_48.3138258-18.1980681,55586.17066500001,19.018,,W1
QSO_48.3138258-18.1980681,55586.236729999975,19.436,0.388,W1
QSO_48.3138258-18.1980681,55586.30275849999,19.238,0.344,W1
QSO_48.3138258-18.1980681,55586.368787,18.945,,W1
QSO_48.3138258-18.1980681,55586.36893300003,19.266,,W1
QSO_48.3138258-18.1980681,55586.76532300002,19.218,0.325,W1
QSO_48.3138258-18.1980681,56873.88560100002,19.077,0.279,W1
QSO_48.3138258-18.1980681,56873.95126449999,18.950000000000003,0.336,W1
QSO_48.3138258-18.1980681,57045.19068670369,18.824,0.238,W1
QSO_48.3138258-18.1980681,57235.46711566324,19.437,0.377,W1
QSO_48.3138258-18.1980681,57602.6490149879,17.0,,W1
QSO_48.3138258-18.1980681,57603.04290420034,19.032,0.324,W1
QSO_48.3138258-18.1980681,57769.286419,18.746,0.234,W1
QSO_48.3138258-18.1980681,57769.41738099999,19.29,0.431,W1
QSO_48.3138258-18.1980681,57769.7445305,18.927,0.288,W1
QSO_48.3138258-18.1980681,57967.33454299997,18.132,0.182,W1
QSO_48.3138258-18.1980681,58129.529556500005,18.849,0.24,W1
QSO_48.3138258-18.1980681,58129.79118849999,18.791,0.263,W1
QSO_48.3138258-18.1980681,58331.39470450001,18.434,,W1
QSO_48.3138258-18.1980681,58331.52552049996,18.666,0.34,W1
QSO_48.3138258-18.1980681,58334.86103650004,19.444000000000003,0.383,W1
QSO_48.3138258-18.1980681,58490.57766500003,19.421,0.426,W1
QSO_48.3138258-18.1980681,58491.10067349997,19.069000000000003,0.283,W1
QSO_48.3138258-18.1980681,58697.66497750001,18.619,0.196,W1
QSO_48.3138258-18.1980681,58697.7302395,18.768,0.306,W1
QSO_48.3138258-18.1980681,58697.79564750002,18.73,0.237,W1
QSO_48.3138258-18.1980681,58697.861055500034,18.977,0.331,W1
QSO_48.3138258-18.1980681,58857.864007600016,19.404,0.405,W1
QSO_48.3138258-18.1980681,59062.10825800001,19.102,0.461,W1
QSO_48.3138258-18.1980681,59222.38395000003,18.695,0.215,W1
QSO_48.3138258-18.1980681,59222.71058849996,18.943,0.299,W1
QSO_48.3138258-18.1980681,59222.971965,18.879,0.234,W1
QSO_48.3138258-18.1980681,59426.2978795,19.368,0.393,W1
QSO_48.3138258-18.1980681,59429.04140200002,18.983,0.29,W1
QSO_48.3138258-18.1980681,59429.75986799998,19.691000000000003,0.519,W1
QSO_48.3138258-18.1980681,60157.30852800003,18.419,0.176,W1
QSO_48.3138258-18.1980681,60157.6323925,18.618,0.262,W1
QSO_48.3138258-18.1980681,60157.76207699997,19.11,0.296,W1
QSO_48.3138258-18.1980681,60317.7272482,19.368,0.5,W1
QSO_48.3138258-18.1980681,60317.727358,18.733,0.39,W1
QSO_48.3138258-18.1980681,55219.57539599997,18.502,0.407,W2
QSO_48.3138258-18.1980681,55222.08812899999,18.582,0.366,W2
QSO_48.3138258-18.1980681,55222.41870949998,18.721,,W2
QSO_48.3138258-18.1980681,55222.55091250004,18.941,,W2
QSO_48.3138258-18.1980681,55222.55105849999,18.699,0.435,W2
QSO_48.3138258-18.1980681,55222.68326149996,18.875,0.522,W2
QSO_48.3138258-18.1980681,55408.498739,18.66,,W2
QSO_48.3138258-18.1980681,55408.49884849999,18.3,,W2
QSO_48.3138258-18.1980681,55408.63094199997,18.464,0.357,W2
QSO_48.3138258-18.1980681,55408.76314500002,18.875,,W2
QSO_48.3138258-18.1980681,55408.895348,18.658,,W2
QSO_48.3138258-18.1980681,55408.96152250004,18.384,,W2
QSO_48.3138258-18.1980681,55409.02758749999,18.927,,W2
QSO_48.3138258-18.1980681,55409.35805849999,18.639,,W2
QSO_48.3138258-18.1980681,55409.35816799999,18.563,,W2
QSO_48.3138258-18.1980681,55409.49026150004,18.606,,W2
QSO_48.3138258-18.1980681,55409.49037099996,18.839,,W2
QSO_48.3138258-18.1980681,55409.62246450001,19.0,0.503,W2
QSO_48.3138258-18.1980681,55409.75466749999,18.924,0.489,W2
QSO_48.3138258-18.1980681,55411.40727799996,18.501,0.415,W2
QSO_48.3138258-18.1980681,55411.473343,18.71,,W2
QSO_48.3138258-18.1980681,55411.539517499965,18.504,,W2
QSO_48.3138258-18.1980681,55411.60554599998,18.273,,W2
QSO_48.3138258-18.1980681,55411.67172050002,18.347,,W2
QSO_48.3138258-18.1980681,55411.73774900003,18.659,0.398,W2
QSO_48.3138258-18.1980681,55411.869952,18.579,,W2
QSO_48.3138258-18.1980681,55412.0021915,18.402,,W2
QSO_48.3138258-18.1980681,55585.77416550001,18.561,0.371,W2
QSO_48.3138258-18.1980681,55585.90625899999,18.832,,W2
QSO_48.3138258-18.1980681,55585.97243350003,18.559,0.374,W2
QSO_48.3138258-18.1980681,55586.03846199996,18.821,,W2
QSO_48.3138258-18.1980681,55586.10449049997,19.052,,W2
QSO_48.3138258-18.1980681,55586.17055550001,18.263,,W2
QSO_48.3138258-18.1980681,55586.17066500001,18.467,0.339,W2
QSO_48.3138258-18.1980681,55586.236729999975,18.321,,W2
QSO_48.3138258-18.1980681,55586.30275849999,18.334,,W2
QSO_48.3138258-18.1980681,55586.368787,18.541,,W2
QSO_48.3138258-18.1980681,55586.36893300003,18.65,0.4,W2
QSO_48.3138258-18.1980681,55586.76532300002,18.79,,W2
QSO_48.3138258-18.1980681,56873.88560100002,18.347,0.372,W2
QSO_48.3138258-18.1980681,56873.95126449999,18.969,,W2
QSO_48.3138258-18.1980681,57045.19068670369,18.629,0.478,W2
QSO_48.3138258-18.1980681,57235.46711566324,18.503,0.484,W2
QSO_48.3138258-18.1980681,57602.6490149879,18.164,0.322,W2
QSO_48.3138258-18.1980681,57603.04290420034,18.079,,W2
QSO_48.3138258-18.1980681,57769.286419,17.663,,W2
QSO_48.3138258-18.1980681,57769.41738099999,18.218,0.351,W2
QSO_48.3138258-18.1980681,57769.7445305,18.725,0.449,W2
QSO_48.3138258-18.1980681,57967.33454299997,18.699,,W2
QSO_48.3138258-18.1980681,58129.529556500005,18.539,,W2
QSO_48.3138258-18.1980681,58129.79118849999,19.057,,W2
QSO_48.3138258-18.1980681,58331.39470450001,18.368,0.44,W2
QSO_48.3138258-18.1980681,58331.52552049996,18.57,,W2
QSO_48.3138258-18.1980681,58334.86103650004,18.258,0.341,W2
QSO_48.3138258-18.1980681,58490.57766500003,17.653,,W2
QSO_48.3138258-18.1980681,58491.10067349997,18.588,,W2
QSO_48.3138258-18.1980681,58697.66497750001,18.123,,W2
QSO_48.3138258-18.1980681,58697.7302395,18.287,,W2
QSO_48.3138258-18.1980681,58697.79564750002,18.444,,W2
QSO_48.3138258-18.1980681,58697.861055500034,18.583,0.474,W2
QSO_48.3138258-18.1980681,58857.864007600016,18.293,0.452,W2
QSO_48.3138258-18.1980681,59062.10825800001,17.826999999999998,,W2
QSO_48.3138258-18.1980681,59222.38395000003,18.509,0.413,W2
QSO_48.3138258-18.1980681,59222.71058849996,18.477,,W2
QSO_48.3138258-18.1980681,59222.971965,18.498,,W2
QSO_48.3138258-18.1980681,59426.2978795,17.99,0.401,W2
QSO_48.3138258-18.1980681,59429.04140200002,18.172,,W2
QSO_48.3138258-18.1980681,59429.75986799998,17.759,0.374,W2
QSO_48.3138258-18.1980681,60157.30852800003,17.866,0.373,W2
QSO_48.3138258-18.1980681,60157.6323925,18.851,,W2
QSO_48.3138258-18.1980681,60157.76207699997,18.589,,W2
QSO_48.3138258-18.1980681,60317.7272482,18.722,,W2
QSO_48.3138258-18.1980681,60317.727358,18.332,,W2
QSO_48.3628389-17.9751959,55219.57539599997,18.932,0.262,W1
QSO_48.3628389-17.9751959,55219.57539599997,18.937,0.263,W1
QSO_48.3628389-17.9751959,55219.575542,19.314,0.332,W1
QSO_48.3628389-17.9751959,55219.575542,19.328000000000003,0.336,W1
QSO_48.3628389-17.9751959,55222.08812899999,18.589,0.217,W1
QSO_48.3628389-17.9751959,55222.08812899999,19.148000000000003,0.359,W1
QSO_48.3628389-17.9751959,55222.220441499965,18.907,0.252,W1
QSO_48.3628389-17.9751959,55222.220441499965,18.908,0.252,W1
QSO_48.3628389-17.9751959,55222.41870949998,19.567,0.459,W1
QSO_48.3628389-17.9751959,55222.41870949998,19.566000000000003,0.459,W1
QSO_48.3628389-17.9751959,55222.418818999984,19.073,0.316,W1
QSO_48.3628389-17.9751959,55222.418818999984,19.065,0.31,W1
QSO_48.3628389-17.9751959,55222.48488400003,18.997,0.29,W1
QSO_48.3628389-17.9751959,55222.48488400003,18.988,0.287,W1
QSO_48.3628389-17.9751959,55222.55105849999,19.291,0.367,W1
QSO_48.3628389-17.9751959,55222.55105849999,19.296,0.369,W1
QSO_48.3628389-17.9751959,55222.68326149996,19.532,0.484,W1
QSO_48.3628389-17.9751959,55222.68326149996,18.915,0.274,W1
QSO_48.3628389-17.9751959,55408.63094199997,19.525,,W1
QSO_48.3628389-17.9751959,55408.63094199997,19.189,,W1
QSO_48.3628389-17.9751959,55408.76314500002,19.395000000000003,0.391,W1
QSO_48.3628389-17.9751959,55408.76314500002,18.922,0.252,W1
QSO_48.3628389-17.9751959,55408.895348,18.977,,W1
QSO_48.3628389-17.9751959,55408.895348,19.064,0.302,W1
QSO_48.3628389-17.9751959,55409.02758749999,19.257,,W1
QSO_48.3628389-17.9751959,55409.02758749999,19.744,,W1
QSO_48.3628389-17.9751959,55409.35805849999,19.509,0.422,W1
QSO_48.3628389-17.9751959,55409.35805849999,19.503,0.42,W1
QSO_48.3628389-17.9751959,55409.42423300003,19.515,,W1
QSO_48.3628389-17.9751959,55409.42423300003,19.694000000000003,,W1
QSO_48.3628389-17.9751959,55409.49026150004,18.998,0.267,W1
QSO_48.3628389-17.9751959,55409.49026150004,18.995,0.266,W1
QSO_48.3628389-17.9751959,55409.62246450001,19.276000000000003,0.339,W1
QSO_48.3628389-17.9751959,55409.62246450001,19.297,0.346,W1
QSO_48.3628389-17.9751959,55409.75466749999,18.785,0.219,W1
QSO_48.3628389-17.9751959,55409.75466749999,18.795,0.221,W1
QSO_48.3628389-17.9751959,55411.40727799996,18.836,0.232,W1
QSO_48.3628389-17.9751959,55411.40727799996,19.058,0.284,W1
QSO_48.3628389-17.9751959,55411.473343,18.868,0.237,W1
QSO_48.3628389-17.9751959,55411.473343,18.893,0.248,W1
QSO_48.3628389-17.9751959,55411.53937150001,19.138,0.363,W1
QSO_48.3628389-17.9751959,55411.53937150001,19.407,0.465,W1
QSO_48.3628389-17.9751959,55411.539517499965,18.867,0.231,W1
QSO_48.3628389-17.9751959,55411.539517499965,18.923,0.243,W1
QSO_48.3628389-17.9751959,55411.60554599998,18.838,0.225,W1
QSO_48.3628389-17.9751959,55411.60554599998,19.326,0.355,W1
QSO_48.3628389-17.9751959,55411.67157449999,19.406,0.402,W1
QSO_48.3628389-17.9751959,55411.67157449999,19.604,0.482,W1
QSO_48.3628389-17.9751959,55411.73774900003,19.282,0.357,W1
QSO_48.3628389-17.9751959,55411.73774900003,19.273000000000003,0.355,W1
QSO_48.3628389-17.9751959,55411.803813999984,19.354,,W1
QSO_48.3628389-17.9751959,55411.803813999984,19.028,,W1
QSO_48.3628389-17.9751959,55411.869952,18.852,0.241,W1
QSO_48.3628389-17.9751959,55411.869952,19.192,,W1
QSO_48.3628389-17.9751959,55412.0021915,19.027,,W1
QSO_48.3628389-17.9751959,55412.0021915,19.266,0.347,W1
QSO_48.3628389-17.9751959,55585.77416550001,18.946,,W1
QSO_48.3628389-17.9751959,55585.77416550001,18.934,,W1
QSO_48.3628389-17.9751959,55585.90625899999,19.082,,W1
QSO_48.3628389-17.9751959,55585.90625899999,19.079,,W1
QSO_48.3628389-17.9751959,55586.03846199996,19.583,,W1
QSO_48.3628389-17.9751959,55586.03846199996,19.069000000000003,0.294,W1
QSO_48.3628389-17.9751959,55586.10449049997,19.26,0.342,W1
QSO_48.3628389-17.9751959,55586.10449049997,19.383000000000003,0.384,W1
QSO_48.3628389-17.9751959,55586.17066500001,18.687,,W1
QSO_48.3628389-17.9751959,55586.17066500001,18.907,0.342,W1
QSO_48.3628389-17.9751959,55586.236729999975,19.501,0.433,W1
QSO_48.3628389-17.9751959,55586.236729999975,19.174,0.32,W1
QSO_48.3628389-17.9751959,55586.30275849999,19.132,0.298,W1
QSO_48.3628389-17.9751959,55586.30275849999,19.134,0.299,W1
QSO_48.3628389-17.9751959,55586.36893300003,19.036,,W1
QSO_48.3628389-17.9751959,55586.36893300003,19.776000000000003,0.54,W1
QSO_48.3628389-17.9751959,55586.765432500026,19.776000000000003,0.533,W1
QSO_48.3628389-17.9751959,55586.765432500026,19.744,0.517,W1
QSO_48.3628389-17.9751959,55586.897526,19.521,0.425,W1
QSO_48.3628389-17.9751959,55586.897526,19.25,,W1
QSO_48.3628389-17.9751959,56684.40603450002,18.899,0.25,W1
QSO_48.3628389-17.9751959,56873.42533599998,18.873,0.42,W1
QSO_48.3628389-17.9751959,56873.68820900004,19.008000000000003,0.348,W1
QSO_48.3628389-17.9751959,56873.75401850004,19.057,0.293,W1
QSO_48.3628389-17.9751959,56874.08270100002,18.937,0.299,W1
QSO_48.3628389-17.9751959,57044.92817869534,19.378,0.421,W1
QSO_48.3628389-17.9751959,57235.1391996528,18.449,0.338,W1
QSO_48.3628389-17.9751959,57235.4014521611,18.423,0.398,W1
QSO_48.3628389-17.9751959,57235.53252366525,18.911,0.254,W1
QSO_48.3628389-17.9751959,57408.105295635774,19.563,0.436,W1
QSO_48.3628389-17.9751959,57602.6490149879,18.959000000000003,0.276,W1
QSO_48.3628389-17.9751959,57967.138319000005,18.828000000000003,0.242,W1
QSO_48.3628389-17.9751959,57967.26913500004,19.546,0.456,W1
QSO_48.3628389-17.9751959,57967.7271005,18.898000000000003,0.253,W1
QSO_48.3628389-17.9751959,58129.79118849999,18.823,0.241,W1
QSO_48.3628389-17.9751959,58331.00229300001,18.991,0.326,W1
QSO_48.3628389-17.9751959,58331.19848050004,18.599,0.325,W1
QSO_48.3628389-17.9751959,58331.39470450001,19.161,0.286,W1
QSO_48.3628389-17.9751959,58490.57766500003,19.715,0.473,W1
QSO_48.3628389-17.9751959,58490.904559,18.803,0.232,W1
QSO_48.3628389-17.9751959,58697.5995695,19.098,0.337,W1
QSO_48.3628389-17.9751959,59061.97723,18.847,,W1
QSO_48.3628389-17.9751959,59062.10825800001,18.969,0.267,W1
QSO_48.3628389-17.9751959,59062.23932260004,18.896,0.369,W1
QSO_48.3628389-17.9751959,59062.63244319999,18.508,0.21,W1
QSO_48.3628389-17.9751959,59222.710697999966,18.8,0.217,W1
QSO_48.3628389-17.9751959,59222.84125849997,18.969,0.271,W1
QSO_48.3628389-17.9751959,59222.8414045,19.356,0.393,W1
QSO_48.3628389-17.9751959,59426.42844,19.507,0.435,W1
QSO_48.3628389-17.9751959,59430.15165899998,18.437,0.352,W1
QSO_48.3628389-17.9751959,59586.57065700003,19.068,0.292,W1
QSO_48.3628389-17.9751959,59793.92675550003,19.272,,W1
QSO_48.3628389-17.9751959,59952.944663,18.700000000000003,0.336,W1
QSO_48.3628389-17.9751959,59953.140011000025,19.069000000000003,0.297,W1
QSO_48.3628389-17.9751959,59953.33521300001,18.613,0.193,W1
QSO_48.3628389-17.9751959,59953.46537200002,19.1,0.301,W1
QSO_48.3628389-17.9751959,60317.14538140003,18.809,0.321,W1
QSO_48.3628389-17.9751959,55219.57539599997,18.905,0.48,W2
QSO_48.3628389-17.9751959,55219.57539599997,18.913,0.488,W2
QSO_48.3628389-17.9751959,55219.575542,18.441,,W2
QSO_48.3628389-17.9751959,55219.575542,18.422,,W2
QSO_48.3628389-17.9751959,55222.08812899999,18.898,0.498,W2
QSO_48.3628389-17.9751959,55222.08812899999,18.92,0.508,W2
QSO_48.3628389-17.9751959,55222.220441499965,18.267,,W2
QSO_48.3628389-17.9751959,55222.220441499965,18.266,,W2
QSO_48.3628389-17.9751959,55222.41870949998,18.661,,W2
QSO_48.3628389-17.9751959,55222.41870949998,18.735,,W2
QSO_48.3628389-17.9751959,55222.418818999984,18.475,0.38,W2
QSO_48.3628389-17.9751959,55222.418818999984,18.424,0.362,W2
QSO_48.3628389-17.9751959,55222.48488400003,18.922,,W2
QSO_48.3628389-17.9751959,55222.48488400003,18.919,,W2
QSO_48.3628389-17.9751959,55222.55105849999,18.658,,W2
QSO_48.3628389-17.9751959,55222.55105849999,18.663,,W2
QSO_48.3628389-17.9751959,55222.68326149996,18.736,,W2
QSO_48.3628389-17.9751959,55222.68326149996,18.567,,W2
QSO_48.3628389-17.9751959,55408.63094199997,18.922,0.541,W2
QSO_48.3628389-17.9751959,55408.63094199997,18.91,0.537,W2
QSO_48.3628389-17.9751959,55408.76314500002,18.731,,W2
QSO_48.3628389-17.9751959,55408.76314500002,18.688,,W2
QSO_48.3628389-17.9751959,55408.895348,18.858,,W2
QSO_48.3628389-17.9751959,55408.895348,18.725,,W2
QSO_48.3628389-17.9751959,55409.02758749999,18.99,,W2
QSO_48.3628389-17.9751959,55409.02758749999,18.991,,W2
QSO_48.3628389-17.9751959,55409.35805849999,18.964,,W2
QSO_48.3628389-17.9751959,55409.35805849999,18.646,,W2
QSO_48.3628389-17.9751959,55409.42423300003,19.067,,W2
QSO_48.3628389-17.9751959,55409.42423300003,19.067,,W2
QSO_48.3628389-17.9751959,55409.49026150004,18.777,,W2
QSO_48.3628389-17.9751959,55409.49026150004,18.746,,W2
QSO_48.3628389-17.9751959,55409.62246450001,18.929,,W2
QSO_48.3628389-17.9751959,55409.62246450001,18.928,,W2
QSO_48.3628389-17.9751959,55409.75466749999,18.707,,W2
QSO_48.3628389-17.9751959,55409.75466749999,18.708,,W2
QSO_48.3628389-17.9751959,55411.40727799996,18.481,,W2
QSO_48.3628389-17.9751959,55411.40727799996,18.432,,W2
QSO_48.3628389-17.9751959,55411.473343,18.34,,W2
QSO_48.3628389-17.9751959,55411.473343,18.421,,W2
QSO_48.3628389-17.9751959,55411.53937150001,19.059,,W2
QSO_48.3628389-17.9751959,55411.53937150001,19.057,,W2
QSO_48.3628389-17.9751959,55411.539517499965,18.89,0.5,W2
QSO_48.3628389-17.9751959,55411.539517499965,18.923,0.515,W2
QSO_48.3628389-17.9751959,55411.60554599998,19.026,,W2
QSO_48.3628389-17.9751959,55411.60554599998,19.013,,W2
QSO_48.3628389-17.9751959,55411.67157449999,18.34,,W2
QSO_48.3628389-17.9751959,55411.67157449999,18.361,,W2
QSO_48.3628389-17.9751959,55411.73774900003,18.679,,W2
QSO_48.3628389-17.9751959,55411.73774900003,18.708,,W2
QSO_48.3628389-17.9751959,55411.803813999984,18.414,,W2
QSO_48.3628389-17.9751959,55411.803813999984,18.461,,W2
QSO_48.3628389-17.9751959,55411.869952,18.866,,W2
QSO_48.3628389-17.9751959,55411.869952,18.925,,W2
QSO_48.3628389-17.9751959,55412.0021915,18.687,,W2
QSO_48.3628389-17.9751959,55412.0021915,18.65,,W2
QSO_48.3628389-17.9751959,55585.77416550001,18.319,,W2
QSO_48.3628389-17.9751959,55585.77416550001,18.288,,W2
QSO_48.3628389-17.9751959,55585.90625899999,18.945,,W2
QSO_48.3628389-17.9751959,55585.90625899999,18.947,,W2
QSO_48.3628389-17.9751959,55586.03846199996,18.928,,W2
QSO_48.3628389-17.9751959,55586.03846199996,18.931,,W2
QSO_48.3628389-17.9751959,55586.10449049997,18.695,,W2
QSO_48.3628389-17.9751959,55586.10449049997,18.712,,W2
QSO_48.3628389-17.9751959,55586.17066500001,18.331,,W2
QSO_48.3628389-17.9751959,55586.17066500001,18.401,,W2
QSO_48.3628389-17.9751959,55586.236729999975,18.598,,W2
QSO_48.3628389-17.9751959,55586.236729999975,18.607,,W2
QSO_48.3628389-17.9751959,55586.30275849999,18.382,,W2
QSO_48.3628389-17.9751959,55586.30275849999,18.43,,W2
QSO_48.3628389-17.9751959,55586.36893300003,18.577,,W2
QSO_48.3628389-17.9751959,55586.36893300003,18.579,,W2
QSO_48.3628389-17.9751959,55586.765432500026,18.631,,W2
QSO_48.3628389-17.9751959,55586.765432500026,18.669,,W2
QSO_48.3628389-17.9751959,55586.897526,18.908,,W2
QSO_48.3628389-17.9751959,55586.897526,18.83,,W2
QSO_48.3628389-17.9751959,56684.40603450002,19.025,,W2
QSO_48.3628389-17.9751959,56873.42533599998,18.35,,W2
QSO_48.3628389-17.9751959,56873.68820900004,18.587,,W2
QSO_48.3628389-17.9751959,56873.75401850004,18.15,,W2
QSO_48.3628389-17.9751959,56874.08270100002,18.384,,W2
QSO_48.3628389-17.9751959,57044.92817869534,18.772,,W2
QSO_48.3628389-17.9751959,57235.1391996528,18.95,,W2
QSO_48.3628389-17.9751959,57235.4014521611,18.531,,W2
QSO_48.3628389-17.9751959,57235.53252366525,17.84,,W2
QSO_48.3628389-17.9751959,57408.105295635774,18.478,0.377,W2
QSO_48.3628389-17.9751959,57602.6490149879,18.063,,W2
QSO_48.3628389-17.9751959,57967.138319000005,18.326,,W2
QSO_48.3628389-17.9751959,57967.26913500004,18.59,,W2
QSO_48.3628389-17.9751959,57967.7271005,18.755,,W2
QSO_48.3628389-17.9751959,58129.79118849999,18.64,,W2
QSO_48.3628389-17.9751959,58331.00229300001,18.786,,W2
QSO_48.3628389-17.9751959,58331.19848050004,18.365,,W2
QSO_48.3628389-17.9751959,58331.39470450001,17.89,0.304,W2
QSO_48.3628389-17.9751959,58490.57766500003,18.055,0.349,W2
QSO_48.3628389-17.9751959,58490.904559,18.98,,W2
QSO_48.3628389-17.9751959,58697.5995695,17.958,,W2
QSO_48.3628389-17.9751959,59061.97723,18.755,0.505,W2
QSO_48.3628389-17.9751959,59062.10825800001,18.201,0.311,W2
QSO_48.3628389-17.9751959,59062.23932260004,17.95,,W2
QSO_48.3628389-17.9751959,59062.63244319999,18.198,,W2
QSO_48.3628389-17.9751959,59222.710697999966,18.795,,W2
QSO_48.3628389-17.9751959,59222.84125849997,18.238,,W2
QSO_48.3628389-17.9751959,59222.8414045,18.782,,W2
QSO_48.3628389-17.9751959,59426.42844,17.323999999999998,,W2
QSO_48.3628389-17.9751959,59430.15165899998,17.876,,W2
QSO_48.3628389-17.9751959,59586.57065700003,18.718,0.538,W2
QSO_48.3628389-17.9751959,59793.92675550003,17.849,0.421,W2
QSO_48.3628389-17.9751959,59952.944663,18.342,,W2
QSO_48.3628389-17.9751959,59953.140011000025,18.463,,W2
QSO_48.3628389-17.9751959,59953.33521300001,18.536,,W2
QSO_48.3628389-17.9751959,59953.46537200002,18.245,,W2
QSO_48.3628389-17.9751959,60317.14538140003,18.454,,W2
QSO_48.2322884-18.0637205,55219.57539599997,19.309,0.383,W1
QSO_48.2322884-18.0637205,55221.69133750001,19.07,,W1
QSO_48.2322884-18.0637205,55222.08812899999,19.511000000000003,0.487,W1
QSO_48.2322884-18.0637205,55222.220441499965,19.006,0.327,W1
QSO_48.2322884-18.0637205,55222.41870949998,19.519,0.449,W1
QSO_48.2322884-18.0637205,55222.55105849999,18.998,0.284,W1
QSO_48.2322884-18.0637205,55222.68326149996,19.086,0.309,W1
QSO_48.2322884-18.0637205,55408.498739,18.99,,W1
QSO_48.2322884-18.0637205,55408.63094199997,18.753,0.221,W1
QSO_48.2322884-18.0637205,55408.76314500002,19.001,0.269,W1
QSO_48.2322884-18.0637205,55408.895348,19.373,0.361,W1
QSO_48.2322884-18.0637205,55408.961413000034,18.819000000000003,0.286,W1
QSO_48.2322884-18.0637205,55408.96152250004,18.531,0.236,W1
QSO_48.2322884-18.0637205,55409.02758749999,18.880000000000003,0.243,W1
QSO_48.2322884-18.0637205,55409.35805849999,18.797,0.289,W1
QSO_48.2322884-18.0637205,55409.49026150004,18.928,0.253,W1
QSO_48.2322884-18.0637205,55409.62246450001,18.981,,W1
QSO_48.2322884-18.0637205,55411.40727799996,18.734,0.235,W1
QSO_48.2322884-18.0637205,55411.473343,19.78,,W1
QSO_48.2322884-18.0637205,55411.539517499965,18.735,0.21,W1
QSO_48.2322884-18.0637205,55411.60554599998,19.092,0.315,W1
QSO_48.2322884-18.0637205,55411.67157449999,19.691000000000003,0.537,W1
QSO_48.2322884-18.0637205,55411.67172050002,19.475,0.414,W1
QSO_48.2322884-18.0637205,55411.73774900003,19.038,,W1
QSO_48.2322884-18.0637205,55411.869952,18.86,0.269,W1
QSO_48.2322884-18.0637205,55412.0021915,19.217,0.344,W1
QSO_48.2322884-18.0637205,55585.77416550001,19.044,0.365,W1
QSO_48.2322884-18.0637205,55585.90625899999,19.265,0.351,W1
QSO_48.2322884-18.0637205,55585.97243350003,19.375,,W1
QSO_48.2322884-18.0637205,55586.03846199996,19.035,0.285,W1
QSO_48.2322884-18.0637205,55586.10449049997,19.094,0.302,W1
QSO_48.2322884-18.0637205,55586.17066500001,18.864,0.244,W1
QSO_48.2322884-18.0637205,55586.236729999975,19.736,0.516,W1
QSO_48.2322884-18.0637205,55586.30275849999,19.157,0.309,W1
QSO_48.2322884-18.0637205,55586.36893300003,18.94,0.264,W1
QSO_48.2322884-18.0637205,55586.765432500026,19.544,0.436,W1
QSO_48.2322884-18.0637205,56683.61580949998,18.843,0.247,W1
QSO_48.2322884-18.0637205,56684.010922000045,18.687,0.232,W1
QSO_48.2322884-18.0637205,56684.01106799999,18.765,0.212,W1
QSO_48.2322884-18.0637205,56684.076840999965,19.325000000000003,0.382,W1
QSO_48.2322884-18.0637205,56684.208533000034,18.639,0.194,W1
QSO_48.2322884-18.0637205,56684.34011550001,18.957,0.259,W1
QSO_48.2322884-18.0637205,56873.42533599998,18.366,0.211,W1
QSO_48.2322884-18.0637205,56873.55677250001,18.704,0.212,W1
QSO_48.2322884-18.0637205,56873.68820900004,18.71,0.243,W1
QSO_48.2322884-18.0637205,56873.88545499999,18.82,0.23,W1
QSO_48.2322884-18.0637205,56874.01692799996,18.67,0.213,W1
QSO_48.2322884-18.0637205,57044.993696197445,18.418,0.299,W1
QSO_48.2322884-18.0637205,57234.745875640365,19.136000000000003,0.33,W1
QSO_48.2322884-18.0637205,57234.87705664452,19.075000000000003,0.284,W1
QSO_48.2322884-18.0637205,57235.1391996528,18.566000000000003,0.229,W1
QSO_48.2322884-18.0637205,57235.20486315486,18.783,0.27,W1
QSO_48.2322884-18.0637205,57235.27038065696,18.824,0.265,W1
QSO_48.2322884-18.0637205,57235.4014521611,18.913,0.241,W1
QSO_48.2322884-18.0637205,57235.72925867153,18.932,0.305,W1
QSO_48.2322884-18.0637205,57235.86033017568,18.759,0.313,W1
QSO_48.2322884-18.0637205,57407.711150223295,18.738,0.212,W1
QSO_48.2322884-18.0637205,57408.302459842045,19.302,0.371,W1
QSO_48.2322884-18.0637205,57602.058217769234,19.006,0.301,W1
QSO_48.2322884-18.0637205,57602.45210698167,18.947000000000003,0.278,W1
QSO_48.2322884-18.0637205,57602.51769418376,19.525,0.501,W1
QSO_48.2322884-18.0637205,57602.6490149879,19.11,,W1
QSO_48.2322884-18.0637205,57602.71471198992,19.175,0.363,W1
QSO_48.2322884-18.0637205,57602.8459961941,18.795,0.223,W1
QSO_48.2322884-18.0637205,57603.04290420034,19.031,0.405,W1
QSO_48.2322884-18.0637205,57603.174188404526,18.543,0.19,W1
QSO_48.2322884-18.0637205,57769.286419,19.183,0.395,W1
QSO_48.2322884-18.0637205,57769.54830650003,18.481,0.192,W1
QSO_48.2322884-18.0637205,57769.61371449996,18.987,,W1
QSO_48.2322884-18.0637205,57769.67912249998,19.336,0.372,W1
QSO_48.2322884-18.0637205,57966.353167500005,19.21,0.341,W1
QSO_48.2322884-18.0637205,57966.61479949999,18.928,0.293,W1
QSO_48.2322884-18.0637205,57966.74576149997,18.796,0.438,W1
QSO_48.2322884-18.0637205,57967.00735700002,18.651,0.293,W1
QSO_48.2322884-18.0637205,57967.07276500003,18.875,0.251,W1
QSO_48.2322884-18.0637205,57967.138319000005,19.045,0.321,W1
QSO_48.2322884-18.0637205,57967.33454299997,19.081000000000003,,W1
QSO_48.2322884-18.0637205,57967.59617500004,18.969,0.321,W1
QSO_48.2322884-18.0637205,57967.59628449996,18.82,0.24,W1
QSO_48.2322884-18.0637205,58129.66037250004,19.130000000000003,0.288,W1
QSO_48.2322884-18.0637205,58129.72578049997,18.69,0.36,W1
QSO_48.2322884-18.0637205,58129.79118849999,19.256,0.354,W1
QSO_48.2322884-18.0637205,58331.00229300001,18.526,0.186,W1
QSO_48.2322884-18.0637205,58331.39470450001,18.847,0.416,W1
QSO_48.2322884-18.0637205,58490.11995500002,18.903,0.284,W1
QSO_48.2322884-18.0637205,58490.51225700002,18.882,0.25,W1
QSO_48.2322884-18.0637205,58490.57766500003,18.944000000000003,0.298,W1
QSO_48.2322884-18.0637205,58490.83915099999,18.96,0.261,W1
QSO_48.2322884-18.0637205,58697.66483149998,18.791,0.244,W1
QSO_48.2322884-18.0637205,58697.66497750001,18.854,0.27,W1
QSO_48.2322884-18.0637205,58697.861055500034,19.23,0.343,W1
QSO_48.2322884-18.0637205,58697.92635399996,18.882,0.418,W1
QSO_48.2322884-18.0637205,58856.88085840002,18.851,0.23,W1
QSO_48.2322884-18.0637205,58857.33971260003,19.37,0.385,W1
QSO_48.2322884-18.0637205,58857.864007600016,19.359,0.381,W1
QSO_48.2322884-18.0637205,59062.10825800001,18.745,0.227,W1
QSO_48.2322884-18.0637205,59221.99186699997,19.109,0.286,W1
QSO_48.2322884-18.0637205,59222.710697999966,19.007,0.268,W1
QSO_48.2322884-18.0637205,59222.84125849997,18.972,,W1
QSO_48.2322884-18.0637205,59222.8414045,18.997,0.274,W1
QSO_48.2322884-18.0637205,59426.1672095,18.692,0.21,W1
QSO_48.2322884-18.0637205,59426.36314149998,19.201,0.34,W1
QSO_48.2322884-18.0637205,59429.36793100004,18.829,0.237,W1
QSO_48.2322884-18.0637205,59430.02109849999,18.954,0.257,W1
QSO_48.2322884-18.0637205,59430.15165899998,18.723,0.269,W1
QSO_48.2322884-18.0637205,59585.78733049999,18.825000000000003,0.213,W1
QSO_48.2322884-18.0637205,59586.30953600004,19.388,0.405,W1
QSO_48.2322884-18.0637205,59586.635955499965,19.037,0.332,W1
QSO_48.2322884-18.0637205,59792.94910300003,18.674,0.216,W1
QSO_48.2322884-18.0637205,59793.40542600002,18.822000000000003,0.236,W1
QSO_48.2322884-18.0637205,59793.7311885,18.869,0.436,W1
QSO_48.2322884-18.0637205,59793.92675550003,18.706000000000003,0.321,W1
QSO_48.2322884-18.0637205,59953.00981549998,19.152,0.325,W1
QSO_48.2322884-18.0637205,59953.07485850004,19.188,0.325,W1
QSO_48.2322884-18.0637205,59953.140011000025,18.639,0.199,W1
QSO_48.2322884-18.0637205,59953.33521300001,18.484,0.253,W1
QSO_48.2322884-18.0637205,59953.530415,18.94,0.395,W1
QSO_48.2322884-18.0637205,60156.79026450004,18.954,0.298,W1
QSO_48.2322884-18.0637205,60157.17888000001,19.005000000000003,0.49,W1
QSO_48.2322884-18.0637205,60157.76193100002,18.589,0.298,W1
QSO_48.2322884-18.0637205,60316.886875600016,18.865,0.284,W1
QSO_48.2322884-18.0637205,60317.339471199964,18.952,0.496,W1
QSO_48.2322884-18.0637205,60317.727358,19.063,0.303,W1
QSO_48.2322884-18.0637205,55219.57539599997,18.665,,W2
QSO_48.2322884-18.0637205,55221.69133750001,,,W2
QSO_48.2322884-18.0637205,55222.08812899999,18.343,,W2
QSO_48.2322884-18.0637205,55222.220441499965,18.18,,W2
QSO_48.2322884-18.0637205,55222.41870949998,18.817,,W2
QSO_48.2322884-18.0637205,55222.55105849999,18.401,,W2
QSO_48.2322884-18.0637205,55222.68326149996,18.97,,W2
QSO_48.2322884-18.0637205,55408.498739,18.855,,W2
QSO_48.2322884-18.0637205,55408.63094199997,18.915,,W2
QSO_48.2322884-18.0637205,55408.76314500002,18.905,,W2
QSO_48.2322884-18.0637205,55408.895348,18.958,,W2
QSO_48.2322884-18.0637205,55408.961413000034,18.288,,W2
QSO_48.2322884-18.0637205,55408.96152250004,18.972,,W2
QSO_48.2322884-18.0637205,55409.02758749999,18.959,,W2
QSO_48.2322884-18.0637205,55409.35805849999,18.779,,W2
QSO_48.2322884-18.0637205,55409.49026150004,19.002,,W2
QSO_48.2322884-18.0637205,55409.62246450001,18.979,,W2
QSO_48.2322884-18.0637205,55411.40727799996,18.311,,W2
QSO_48.2322884-18.0637205,55411.473343,18.931,,W2
QSO_48.2322884-18.0637205,55411.539517499965,18.77,,W2
QSO_48.2322884-18.0637205,55411.60554599998,18.352,,W2
QSO_48.2322884-18.0637205,55411.67157449999,19.1,,W2
QSO_48.2322884-18.0637205,55411.67172050002,18.854,0.461,W2
QSO_48.2322884-18.0637205,55411.73774900003,18.395,,W2
QSO_48.2322884-18.0637205,55411.869952,18.996,,W2
QSO_48.2322884-18.0637205,55412.0021915,19.029,,W2
QSO_48.2322884-18.0637205,55585.77416550001,18.233,,W2
QSO_48.2322884-18.0637205,55585.90625899999,18.921,,W2
QSO_48.2322884-18.0637205,55585.97243350003,18.593,,W2
QSO_48.2322884-18.0637205,55586.03846199996,18.814,,W2
QSO_48.2322884-18.0637205,55586.10449049997,18.521,,W2
QSO_48.2322884-18.0637205,55586.17066500001,18.642,,W2
QSO_48.2322884-18.0637205,55586.236729999975,18.833,0.499,W2
QSO_48.2322884-18.0637205,55586.30275849999,18.994,,W2
QSO_48.2322884-18.0637205,55586.36893300003,18.375,,W2
QSO_48.2322884-18.0637205,55586.765432500026,18.977,,W2
QSO_48.2322884-18.0637205,56683.61580949998,18.804,0.51,W2
QSO_48.2322884-18.0637205,56684.010922000045,18.122,,W2
QSO_48.2322884-18.0637205,56684.01106799999,18.61,0.379,W2
QSO_48.2322884-18.0637205,56684.076840999965,18.316,,W2
QSO_48.2322884-18.0637205,56684.208533000034,17.927,,W2
QSO_48.2322884-18.0637205,56684.34011550001,18.748,,W2
QSO_48.2322884-18.0637205,56873.42533599998,18.51,,W2
QSO_48.2322884-18.0637205,56873.55677250001,17.977999999999998,,W2
QSO_48.2322884-18.0637205,56873.68820900004,18.61,,W2
QSO_48.2322884-18.0637205,56873.88545499999,18.587,,W2
QSO_48.2322884-18.0637205,56874.01692799996,18.638,,W2
QSO_48.2322884-18.0637205,57044.993696197445,18.522,,W2
QSO_48.2322884-18.0637205,57234.745875640365,18.202,,W2
QSO_48.2322884-18.0637205,57234.87705664452,18.92,,W2
QSO_48.2322884-18.0637205,57235.1391996528,18.738,,W2
QSO_48.2322884-18.0637205,57235.20486315486,18.61,,W2
QSO_48.2322884-18.0637205,57235.27038065696,18.082,0.468,W2
QSO_48.2322884-18.0637205,57235.4014521611,18.742,,W2
QSO_48.2322884-18.0637205,57235.72925867153,18.762,,W2
QSO_48.2322884-18.0637205,57235.86033017568,18.637,0.453,W2
QSO_48.2322884-18.0637205,57407.711150223295,18.532,,W2
QSO_48.2322884-18.0637205,57408.302459842045,18.951,,W2
QSO_48.2322884-18.0637205,57602.058217769234,18.745,,W2
QSO_48.2322884-18.0637205,57602.45210698167,18.251,0.425,W2
QSO_48.2322884-18.0637205,57602.51769418376,18.596,,W2
QSO_48.2322884-18.0637205,57602.6490149879,18.592,,W2
QSO_48.2322884-18.0637205,57602.71471198992,18.034,,W2
QSO_48.2322884-18.0637205,57602.8459961941,18.244,,W2
QSO_48.2322884-18.0637205,57603.04290420034,18.288,0.343,W2
QSO_48.2322884-18.0637205,57603.174188404526,18.212,,W2
QSO_48.2322884-18.0637205,57769.286419,18.213,,W2
QSO_48.2322884-18.0637205,57769.54830650003,18.741,,W2
QSO_48.2322884-18.0637205,57769.61371449996,18.304,,W2
QSO_48.2322884-18.0637205,57769.67912249998,18.063,0.384,W2
QSO_48.2322884-18.0637205,57966.353167500005,18.812,,W2
QSO_48.2322884-18.0637205,57966.61479949999,18.052,,W2
QSO_48.2322884-18.0637205,57966.74576149997,18.535,0.506,W2
QSO_48.2322884-18.0637205,57967.00735700002,18.166,,W2
QSO_48.2322884-18.0637205,57967.07276500003,18.509,0.437,W2
QSO_48.2322884-18.0637205,57967.138319000005,18.444,,W2
QSO_48.2322884-18.0637205,57967.33454299997,17.733999999999998,,W2
QSO_48.2322884-18.0637205,57967.59617500004,18.698,,W2
QSO_48.2322884-18.0637205,57967.59628449996,18.69,,W2
QSO_48.2322884-18.0637205,58129.66037250004,18.823,,W2
QSO_48.2322884-18.0637205,58129.72578049997,18.486,,W2
QSO_48.2322884-18.0637205,58129.79118849999,18.781,,W2
QSO_48.2322884-18.0637205,58331.00229300001,18.566,,W2
QSO_48.2322884-18.0637205,58331.39470450001,18.145,0.481,W2
QSO_48.2322884-18.0637205,58490.11995500002,18.75,,W2
QSO_48.2322884-18.0637205,58490.51225700002,17.983999999999998,,W2
QSO_48.2322884-18.0637205,58490.57766500003,17.89,,W2
QSO_48.2322884-18.0637205,58490.83915099999,18.788,0.484,W2
QSO_48.2322884-18.0637205,58697.66483149998,18.484,,W2
QSO_48.2322884-18.0637205,58697.66497750001,18.653,,W2
QSO_48.2322884-18.0637205,58697.861055500034,17.968,,W2
QSO_48.2322884-18.0637205,58697.92635399996,18.086,,W2
QSO_48.2322884-18.0637205,58856.88085840002,18.758,,W2
QSO_48.2322884-18.0637205,58857.33971260003,18.154,,W2
QSO_48.2322884-18.0637205,58857.864007600016,18.265,,W2
QSO_48.2322884-18.0637205,59062.10825800001,18.449,,W2
QSO_48.2322884-18.0637205,59221.99186699997,18.887,,W2
QSO_48.2322884-18.0637205,59222.710697999966,18.828,0.493,W2
QSO_48.2322884-18.0637205,59222.84125849997,18.407,0.377,W2
QSO_48.2322884-18.0637205,59222.8414045,18.002,,W2
QSO_48.2322884-18.0637205,59426.1672095,18.033,,W2
QSO_48.2322884-18.0637205,59426.36314149998,18.212,,W2
QSO_48.2322884-18.0637205,59429.36793100004,18.877,,W2
QSO_48.2322884-18.0637205,59430.02109849999,18.496,,W2
QSO_48.2322884-18.0637205,59430.15165899998,18.955,,W2
QSO_48.2322884-18.0637205,59585.78733049999,18.649,,W2
QSO_48.2322884-18.0637205,59586.30953600004,18.616,,W2
QSO_48.2322884-18.0637205,59586.635955499965,18.868,,W2
QSO_48.2322884-18.0637205,59792.94910300003,18.597,,W2
QSO_48.2322884-18.0637205,59793.40542600002,18.51,,W2
QSO_48.2322884-18.0637205,59793.7311885,18.25,,W2
QSO_48.2322884-18.0637205,59793.92675550003,17.962,,W2
QSO_48.2322884-18.0637205,59953.00981549998,18.131,,W2
QSO_48.2322884-18.0637205,59953.07485850004,18.657,,W2
QSO_48.2322884-18.0637205,59953.140011000025,18.29,,W2
QSO_48.2322884-18.0637205,59953.33521300001,18.797,,W2
QSO_48.2322884-18.0637205,59953.530415,18.039,,W2
QSO_48.2322884-18.0637205,60156.79026450004,18.732,0.512,W2
QSO_48.2322884-18.0637205,60157.17888000001,18.444,,W2
QSO_48.2322884-18.0637205,60157.76193100002,18.314,,W2
QSO_48.2322884-18.0637205,60316.886875600016,18.44,0.436,W2
QSO_48.2322884-18.0637205,60317.339471199964,18.913,,W2
QSO_48.2322884-18.0637205,60317.727358,18.47,,W2
QSO_48.4880328-18.1562997,55219.57539599997,19.174,0.341,W1
QSO_48.4880328-18.1562997,55222.08812899999,18.893,0.231,W1
QSO_48.4880328-18.1562997,55222.41870949998,19.015,0.276,W1
QSO_48.4880328-18.1562997,55222.48488400003,18.939,0.264,W1
QSO_48.4880328-18.1562997,55222.55091250004,18.52,0.208,W1
QSO_48.4880328-18.1562997,55222.55105849999,19.028,0.309,W1
QSO_48.4880328-18.1562997,55222.68326149996,18.943,0.271,W1
QSO_48.4880328-18.1562997,55408.76314500002,19.079,,W1
QSO_48.4880328-18.1562997,55408.895348,18.954,0.267,W1
QSO_48.4880328-18.1562997,55409.02758749999,19.091,0.334,W1
QSO_48.4880328-18.1562997,55409.35816799999,19.615,0.46,W1
QSO_48.4880328-18.1562997,55409.42423300003,18.709000000000003,0.217,W1
QSO_48.4880328-18.1562997,55409.49026150004,18.896,0.245,W1
QSO_48.4880328-18.1562997,55409.49037099996,19.221,0.319,W1
QSO_48.4880328-18.1562997,55409.62246450001,18.817,0.264,W1
QSO_48.4880328-18.1562997,55409.75466749999,18.986,0.265,W1
QSO_48.4880328-18.1562997,55409.88690699999,19.109,0.326,W1
QSO_48.4880328-18.1562997,55411.40727799996,18.978,0.309,W1
QSO_48.4880328-18.1562997,55411.539517499965,19.483,0.421,W1
QSO_48.4880328-18.1562997,55411.60554599998,19.257,0.351,W1
QSO_48.4880328-18.1562997,55411.67172050002,19.616,0.513,W1
QSO_48.4880328-18.1562997,55411.73774900003,18.945,0.263,W1
QSO_48.4880328-18.1562997,55411.80392349999,19.020000000000003,0.264,W1
QSO_48.4880328-18.1562997,55411.869952,19.098,0.302,W1
QSO_48.4880328-18.1562997,55411.93612649997,19.405,0.405,W1
QSO_48.4880328-18.1562997,55412.0021915,18.963,0.281,W1
QSO_48.4880328-18.1562997,55585.77416550001,18.74,0.221,W1
QSO_48.4880328-18.1562997,55585.90625899999,19.494,0.459,W1
QSO_48.4880328-18.1562997,55586.03846199996,18.634,0.212,W1
QSO_48.4880328-18.1562997,55586.17055550001,18.873,0.23,W1
QSO_48.4880328-18.1562997,55586.17066500001,18.802,0.226,W1
QSO_48.4880328-18.1562997,55586.236729999975,18.693,0.207,W1
QSO_48.4880328-18.1562997,55586.30275849999,19.277,0.353,W1
QSO_48.4880328-18.1562997,55586.368787,18.999,0.263,W1
QSO_48.4880328-18.1562997,55586.36893300003,18.672,0.231,W1
QSO_48.4880328-18.1562997,55586.76532300002,18.913,0.265,W1
QSO_48.4880328-18.1562997,55586.897526,18.675,0.206,W1
QSO_48.4880328-18.1562997,56684.010922000045,18.805,0.291,W1
QSO_48.4880328-18.1562997,56684.20842350003,18.813,0.261,W1
QSO_48.4880328-18.1562997,56684.405925000014,18.838,0.242,W1
QSO_48.4880328-18.1562997,56873.42533599998,19.522,0.478,W1
QSO_48.4880328-18.1562997,56873.688354999984,18.861,0.22,W1
QSO_48.4880328-18.1562997,56873.88545499999,18.579,0.213,W1
QSO_48.4880328-18.1562997,56874.017037499965,18.917,0.263,W1
QSO_48.4880328-18.1562997,56874.4113835,18.965,0.269,W1
QSO_48.4880328-18.1562997,57045.19068670369,18.712000000000003,0.231,W1
QSO_48.4880328-18.1562997,57045.45334071198,18.496,0.213,W1
QSO_48.4880328-18.1562997,57235.46711566324,18.832,0.234,W1
QSO_48.4880328-18.1562997,57235.66374116943,18.326,0.228,W1
QSO_48.4880328-18.1562997,57235.72925867153,18.803,0.297,W1
QSO_48.4880328-18.1562997,57408.105295635774,18.502,0.175,W1
QSO_48.4880328-18.1562997,57408.17102923791,18.544,0.192,W1
QSO_48.4880328-18.1562997,57602.45210698167,19.074,0.335,W1
QSO_48.4880328-18.1562997,57602.6490149879,18.808,0.303,W1
QSO_48.4880328-18.1562997,57602.71471198992,18.735,0.268,W1
QSO_48.4880328-18.1562997,57602.97731699824,18.656,0.294,W1
QSO_48.4880328-18.1562997,57603.04290420034,18.831000000000003,0.291,W1
QSO_48.4880328-18.1562997,57603.174188404526,19.054,0.347,W1
QSO_48.4880328-18.1562997,57769.286419,18.938,0.259,W1
QSO_48.4880328-18.1562997,57769.41738099999,18.992,0.418,W1
QSO_48.4880328-18.1562997,57769.67912249998,18.874,0.308,W1
QSO_48.4880328-18.1562997,57769.7445305,18.661,0.196,W1
QSO_48.4880328-18.1562997,57769.810084499964,18.405,0.173,W1
QSO_48.4880328-18.1562997,57770.00641800002,18.846,0.278,W1
QSO_48.4880328-18.1562997,57967.00750299997,18.659,0.217,W1
QSO_48.4880328-18.1562997,57967.33454299997,18.593,0.194,W1
QSO_48.4880328-18.1562997,57967.39995099999,18.617,0.21,W1
QSO_48.4880328-18.1562997,57967.59628449996,18.531,0.222,W1
QSO_48.4880328-18.1562997,58129.529556500005,19.036,0.383,W1
QSO_48.4880328-18.1562997,58130.24904450003,18.822000000000003,0.337,W1
QSO_48.4880328-18.1562997,58330.9369945,18.586,0.195,W1
QSO_48.4880328-18.1562997,58331.00229300001,18.693,0.242,W1
QSO_48.4880328-18.1562997,58331.13307250002,18.444,0.172,W1
QSO_48.4880328-18.1562997,58331.19848050004,18.529,0.191,W1
QSO_48.4880328-18.1562997,58331.39470450001,18.417,0.204,W1
QSO_48.4880328-18.1562997,58331.52552049996,19.087000000000003,0.292,W1
QSO_48.4880328-18.1562997,58490.38144099998,19.076,0.3,W1
QSO_48.4880328-18.1562997,58490.51225700002,19.14,0.283,W1
QSO_48.4880328-18.1562997,58490.83915099999,18.306,0.236,W1
QSO_48.4880328-18.1562997,58490.904559,18.844,0.221,W1
QSO_48.4880328-18.1562997,58491.10067349997,18.903,0.232,W1
QSO_48.4880328-18.1562997,58697.46875349996,18.643,0.187,W1
QSO_48.4880328-18.1562997,58697.79564750002,18.787,0.245,W1
QSO_48.4880328-18.1562997,58697.861055500034,19.055,0.385,W1
QSO_48.4880328-18.1562997,58697.92635399996,19.09,0.294,W1
QSO_48.4880328-18.1562997,58857.60180519998,18.807,0.242,W1
QSO_48.4880328-18.1562997,59061.97723,19.133000000000003,0.318,W1
QSO_48.4880328-18.1562997,59062.23932260004,18.847,0.27,W1
QSO_48.4880328-18.1562997,59222.51462000003,19.03,0.276,W1
QSO_48.4880328-18.1562997,59222.64532649998,18.101,0.132,W1
QSO_48.4880328-18.1562997,59222.84125849997,18.83,0.221,W1
QSO_48.4880328-18.1562997,59222.971965,18.869,0.245,W1
QSO_48.4880328-18.1562997,59426.2978795,18.979,0.428,W1
QSO_48.4880328-18.1562997,59429.43333899997,18.892000000000003,0.265,W1
QSO_48.4880328-18.1562997,59429.69456949997,18.645,0.228,W1
QSO_48.4880328-18.1562997,59429.75986799998,18.934,0.26,W1
QSO_48.4880328-18.1562997,59429.82512999997,17.707,,W1
QSO_48.4880328-18.1562997,59429.95569049996,18.707,0.283,W1
QSO_48.4880328-18.1562997,59429.9558365,18.592,0.294,W1
QSO_48.4880328-18.1562997,59430.02109849999,18.244,0.172,W1
QSO_48.4880328-18.1562997,59586.50539499997,18.116,0.164,W1
QSO_48.4880328-18.1562997,59586.70121750004,18.825000000000003,0.223,W1
QSO_48.4880328-18.1562997,59793.731298000006,18.835,0.275,W1
QSO_48.4880328-18.1562997,59793.992017500015,18.443,0.177,W1
QSO_48.4880328-18.1562997,59794.05717,18.72,0.228,W1
QSO_48.4880328-18.1562997,59952.944663,18.98,0.306,W1
QSO_48.4880328-18.1562997,59953.07485850004,18.732,0.233,W1
QSO_48.4880328-18.1562997,59953.33521300001,19.751,0.533,W1
QSO_48.4880328-18.1562997,59953.465262500016,18.966,0.264,W1
QSO_48.4880328-18.1562997,59953.79062350002,18.614,0.19,W1
QSO_48.4880328-18.1562997,59953.79076949997,18.729,0.321,W1
QSO_48.4880328-18.1562997,59953.92081899998,18.75,0.234,W1
QSO_48.4880328-18.1562997,60157.6323925,18.373,0.241,W1
QSO_48.4880328-18.1562997,60157.69728950003,18.906,0.296,W1
QSO_48.4880328-18.1562997,60157.76207699997,18.802,0.272,W1
QSO_48.4880328-18.1562997,60157.82682799997,18.832,0.247,W1
QSO_48.4880328-18.1562997,60157.89161549999,19.027,0.314,W1
QSO_48.4880328-18.1562997,60317.14538140003,18.953000000000003,0.293,W1
QSO_48.4880328-18.1562997,60317.274762399975,18.726,0.215,W1
QSO_48.4880328-18.1562997,60317.339324800014,18.858,0.315,W1
QSO_48.4880328-18.1562997,60317.597976999976,18.697,0.255,W1
QSO_48.4880328-18.1562997,60317.7272482,18.629,0.22,W1
QSO_48.4880328-18.1562997,60317.727358,18.863,0.231,W1
QSO_48.4880328-18.1562997,60317.985900399966,18.792,0.232,W1
QSO_48.4880328-18.1562997,55219.57539599997,18.359,,W2
QSO_48.4880328-18.1562997,55222.08812899999,18.7,0.444,W2
QSO_48.4880328-18.1562997,55222.41870949998,18.791,,W2
QSO_48.4880328-18.1562997,55222.48488400003,18.258,,W2
QSO_48.4880328-18.1562997,55222.55091250004,18.906,,W2
QSO_48.4880328-18.1562997,55222.55105849999,18.475,0.343,W2
QSO_48.4880328-18.1562997,55222.68326149996,18.27,,W2
QSO_48.4880328-18.1562997,55408.76314500002,19.086,,W2
QSO_48.4880328-18.1562997,55408.895348,19.03,,W2
QSO_48.4880328-18.1562997,55409.02758749999,18.414,,W2
QSO_48.4880328-18.1562997,55409.35816799999,18.665,0.44,W2
QSO_48.4880328-18.1562997,55409.42423300003,18.596,,W2
QSO_48.4880328-18.1562997,55409.49026150004,19.147,,W2
QSO_48.4880328-18.1562997,55409.49037099996,18.432,,W2
QSO_48.4880328-18.1562997,55409.62246450001,18.804,,W2
QSO_48.4880328-18.1562997,55409.75466749999,18.72,0.478,W2
QSO_48.4880328-18.1562997,55409.88690699999,18.58,,W2
QSO_48.4880328-18.1562997,55411.40727799996,18.247,,W2
QSO_48.4880328-18.1562997,55411.539517499965,18.678,0.381,W2
QSO_48.4880328-18.1562997,55411.60554599998,18.518,0.361,W2
QSO_48.4880328-18.1562997,55411.67172050002,18.815,0.51,W2
QSO_48.4880328-18.1562997,55411.73774900003,18.704,,W2
QSO_48.4880328-18.1562997,55411.80392349999,18.376,,W2
QSO_48.4880328-18.1562997,55411.869952,18.409,0.354,W2
QSO_48.4880328-18.1562997,55411.93612649997,18.999,,W2
QSO_48.4880328-18.1562997,55412.0021915,18.636,,W2
QSO_48.4880328-18.1562997,55585.77416550001,18.638,,W2
QSO_48.4880328-18.1562997,55585.90625899999,18.519,,W2
QSO_48.4880328-18.1562997,55586.03846199996,18.948,0.513,W2
QSO_48.4880328-18.1562997,55586.17055550001,19.042,,W2
QSO_48.4880328-18.1562997,55586.17066500001,18.23,,W2
QSO_48.4880328-18.1562997,55586.236729999975,19.013,,W2
QSO_48.4880328-18.1562997,55586.30275849999,18.737,,W2
QSO_48.4880328-18.1562997,55586.368787,18.506,,W2
QSO_48.4880328-18.1562997,55586.36893300003,18.264,,W2
QSO_48.4880328-18.1562997,55586.76532300002,18.879,,W2
QSO_48.4880328-18.1562997,55586.897526,18.432,,W2
QSO_48.4880328-18.1562997,56684.010922000045,18.321,0.445,W2
QSO_48.4880328-18.1562997,56684.20842350003,18.72,,W2
QSO_48.4880328-18.1562997,56684.405925000014,18.212,,W2
QSO_48.4880328-18.1562997,56873.42533599998,17.916999999999998,,W2
QSO_48.4880328-18.1562997,56873.688354999984,18.179,,W2
QSO_48.4880328-18.1562997,56873.88545499999,18.643,0.513,W2
QSO_48.4880328-18.1562997,56874.017037499965,18.329,,W2
QSO_48.4880328-18.1562997,56874.4113835,18.535,0.516,W2
QSO_48.4880328-18.1562997,57045.19068670369,18.506,,W2
QSO_48.4880328-18.1562997,57045.45334071198,18.947,0.519,W2
QSO_48.4880328-18.1562997,57235.46711566324,18.314,,W2
QSO_48.4880328-18.1562997,57235.66374116943,17.921,,W2
QSO_48.4880328-18.1562997,57235.72925867153,18.537,0.476,W2
QSO_48.4880328-18.1562997,57408.105295635774,18.153,,W2
QSO_48.4880328-18.1562997,57408.17102923791,18.101,,W2
QSO_48.4880328-18.1562997,57602.45210698167,18.227,,W2
QSO_48.4880328-18.1562997,57602.6490149879,18.635,0.48,W2
QSO_48.4880328-18.1562997,57602.71471198992,18.327,,W2
QSO_48.4880328-18.1562997,57602.97731699824,18.51,,W2
QSO_48.4880328-18.1562997,57603.04290420034,18.543,,W2
QSO_48.4880328-18.1562997,57603.174188404526,18.445,,W2
QSO_48.4880328-18.1562997,57769.286419,18.641,0.396,W2
QSO_48.4880328-18.1562997,57769.41738099999,18.171,,W2
QSO_48.4880328-18.1562997,57769.67912249998,18.112,,W2
QSO_48.4880328-18.1562997,57769.7445305,18.793,0.507,W2
QSO_48.4880328-18.1562997,57769.810084499964,19.036,,W2
QSO_48.4880328-18.1562997,57770.00641800002,18.844,,W2
QSO_48.4880328-18.1562997,57967.00750299997,18.371,,W2
QSO_48.4880328-18.1562997,57967.33454299997,18.642,0.498,W2
QSO_48.4880328-18.1562997,57967.39995099999,18.887,,W2
QSO_48.4880328-18.1562997,57967.59628449996,17.963,,W2
QSO_48.4880328-18.1562997,58129.529556500005,18.483,,W2
QSO_48.4880328-18.1562997,58130.24904450003,18.128,,W2
QSO_48.4880328-18.1562997,58330.9369945,18.483,,W2
QSO_48.4880328-18.1562997,58331.00229300001,18.477,,W2
QSO_48.4880328-18.1562997,58331.13307250002,18.639,0.49,W2
QSO_48.4880328-18.1562997,58331.19848050004,18.776,0.497,W2
QSO_48.4880328-18.1562997,58331.39470450001,18.609,,W2
QSO_48.4880328-18.1562997,58331.52552049996,18.162,0.513,W2
QSO_48.4880328-18.1562997,58490.38144099998,18.448,0.518,W2
QSO_48.4880328-18.1562997,58490.51225700002,17.753,,W2
QSO_48.4880328-18.1562997,58490.83915099999,18.697,,W2
QSO_48.4880328-18.1562997,58490.904559,18.277,0.508,W2
QSO_48.4880328-18.1562997,58491.10067349997,18.806,,W2
QSO_48.4880328-18.1562997,58697.46875349996,18.371,,W2
QSO_48.4880328-18.1562997,58697.79564750002,18.821,,W2
QSO_48.4880328-18.1562997,58697.861055500034,18.331,,W2
QSO_48.4880328-18.1562997,58697.92635399996,18.889,,W2
QSO_48.4880328-18.1562997,58857.60180519998,18.606,0.51,W2
QSO_48.4880328-18.1562997,59061.97723,18.959,,W2
QSO_48.4880328-18.1562997,59062.23932260004,18.255,0.492,W2
QSO_48.4880328-18.1562997,59222.51462000003,18.346,0.36,W2
QSO_48.4880328-18.1562997,59222.64532649998,18.599,0.436,W2
QSO_48.4880328-18.1562997,59222.84125849997,18.782,,W2
QSO_48.4880328-18.1562997,59222.971965,17.893,,W2
QSO_48.4880328-18.1562997,59426.2978795,18.23,0.424,W2
QSO_48.4880328-18.1562997,59429.43333899997,18.358,,W2
QSO_48.4880328-18.1562997,59429.69456949997,18.527,,W2
QSO_48.4880328-18.1562997,59429.75986799998,18.581,,W2
QSO_48.4880328-18.1562997,59429.82512999997,18.085,,W2
QSO_48.4880328-18.1562997,59429.95569049996,18.339,,W2
QSO_48.4880328-18.1562997,59429.9558365,18.657,0.507,W2
QSO_48.4880328-18.1562997,59430.02109849999,18.222,,W2
QSO_48.4880328-18.1562997,59586.50539499997,18.065,,W2
QSO_48.4880328-18.1562997,59586.70121750004,18.413,,W2
QSO_48.4880328-18.1562997,59793.731298000006,18.342,,W2
QSO_48.4880328-18.1562997,59793.992017500015,18.225,,W2
QSO_48.4880328-18.1562997,59794.05717,18.705,0.501,W2
QSO_48.4880328-18.1562997,59952.944663,18.639,0.453,W2
QSO_48.4880328-18.1562997,59953.07485850004,18.273,,W2
QSO_48.4880328-18.1562997,59953.33521300001,18.298,,W2
QSO_48.4880328-18.1562997,59953.465262500016,18.334,,W2
QSO_48.4880328-18.1562997,59953.79062350002,18.819,,W2
QSO_48.4880328-18.1562997,59953.79076949997,18.569,,W2
QSO_48.4880328-18.1562997,59953.92081899998,18.521,,W2
QSO_48.4880328-18.1562997,60157.6323925,18.413,,W2
QSO_48.4880328-18.1562997,60157.69728950003,18.671,,W2
QSO_48.4880328-18.1562997,60157.76207699997,18.389,,W2
QSO_48.4880328-18.1562997,60157.82682799997,18.672,,W2
QSO_48.4880328-18.1562997,60157.89161549999,18.232,0.5,W2
QSO_48.4880328-18.1562997,60317.14538140003,18.195,,W2
QSO_48.4880328-18.1562997,60317.274762399975,18.434,,W2
QSO_48.4880328-18.1562997,60317.339324800014,17.945999999999998,,W2
QSO_48.4880328-18.1562997,60317.597976999976,18.21,,W2
QSO_48.4880328-18.1562997,60317.7272482,18.268,,W2
QSO_48.4880328-18.1562997,60317.727358,18.508,,W2
QSO_48.4880328-18.1562997,60317.985900399966,18.484,,W2
QSO_48.4013965-17.9501537,55219.57539599997,18.997,,W1
QSO_48.4013965-17.9501537,55219.575542,19.154,0.301,W1
QSO_48.4013965-17.9501537,55222.08812899999,19.066000000000003,0.306,W1
QSO_48.4013965-17.9501537,55222.220441499965,19.613,0.49,W1
QSO_48.4013965-17.9501537,55222.41870949998,18.941000000000003,0.252,W1
QSO_48.4013965-17.9501537,55222.418818999984,19.297,0.365,W1
QSO_48.4013965-17.9501537,55222.48488400003,18.999,0.289,W1
QSO_48.4013965-17.9501537,55222.55105849999,18.913,0.245,W1
QSO_48.4013965-17.9501537,55222.68326149996,18.884,,W1
QSO_48.4013965-17.9501537,55408.76314500002,19.374,0.392,W1
QSO_48.4013965-17.9501537,55408.895348,19.546,0.442,W1
QSO_48.4013965-17.9501537,55409.02758749999,18.9,0.244,W1
QSO_48.4013965-17.9501537,55409.35805849999,18.906,0.243,W1
QSO_48.4013965-17.9501537,55409.42423300003,19.085,0.305,W1
QSO_48.4013965-17.9501537,55409.49026150004,19.47,0.41,W1
QSO_48.4013965-17.9501537,55409.62246450001,19.007,,W1
QSO_48.4013965-17.9501537,55409.75466749999,19.509,0.447,W1
QSO_48.4013965-17.9501537,55409.88690699999,18.995,0.249,W1
QSO_48.4013965-17.9501537,55411.40727799996,19.288,0.359,W1
QSO_48.4013965-17.9501537,55411.53937150001,18.952,0.248,W1
QSO_48.4013965-17.9501537,55411.539517499965,18.628,0.188,W1
QSO_48.4013965-17.9501537,55411.60554599998,18.659,0.2,W1
QSO_48.4013965-17.9501537,55411.67157449999,19.609,0.461,W1
QSO_48.4013965-17.9501537,55411.73774900003,19.272,0.471,W1
QSO_48.4013965-17.9501537,55411.803813999984,19.351,0.42,W1
QSO_48.4013965-17.9501537,55411.869952,19.014000000000003,0.26,W1
QSO_48.4013965-17.9501537,55411.93601699996,18.864,0.239,W1
QSO_48.4013965-17.9501537,55412.0021915,18.664,0.202,W1
QSO_48.4013965-17.9501537,55585.77416550001,19.497,0.404,W1
QSO_48.4013965-17.9501537,55585.90625899999,18.997,,W1
QSO_48.4013965-17.9501537,55586.03846199996,19.149,0.373,W1
QSO_48.4013965-17.9501537,55586.17066500001,18.201,,W1
QSO_48.4013965-17.9501537,55586.236729999975,18.891,0.434,W1
QSO_48.4013965-17.9501537,55586.30275849999,18.825000000000003,0.276,W1
QSO_48.4013965-17.9501537,55586.36893300003,19.237,0.329,W1
QSO_48.4013965-17.9501537,55586.765432500026,18.363,0.181,W1
QSO_48.4013965-17.9501537,55586.897526,19.199,0.324,W1
QSO_48.4013965-17.9501537,56684.01106799999,19.274,0.325,W1
QSO_48.4013965-17.9501537,56874.01692799996,19.113,0.298,W1
QSO_48.4013965-17.9501537,57234.87705664452,18.744,0.217,W1
QSO_48.4013965-17.9501537,57235.1391996528,18.704,0.222,W1
QSO_48.4013965-17.9501537,57235.46700616323,18.972,0.274,W1
QSO_48.4013965-17.9501537,57235.53252366525,18.71,0.208,W1
QSO_48.4013965-17.9501537,57240.77702633157,18.91,0.254,W1
QSO_48.4013965-17.9501537,57602.9115833962,18.785,0.229,W1
QSO_48.4013965-17.9501537,57602.977170598286,18.915,0.277,W1
QSO_48.4013965-17.9501537,57602.97731699824,19.359,0.403,W1
QSO_48.4013965-17.9501537,57603.174188404526,18.56,0.265,W1
QSO_48.4013965-17.9501537,57603.43679341277,18.848,0.225,W1
QSO_48.4013965-17.9501537,57769.41738099999,19.151000000000003,0.357,W1
QSO_48.4013965-17.9501537,57769.54830650003,18.91,0.244,W1
QSO_48.4013965-17.9501537,57769.67912249998,19.002,0.437,W1
QSO_48.4013965-17.9501537,57966.74576149997,19.298,0.351,W1
QSO_48.4013965-17.9501537,57967.07276500003,19.498,0.436,W1
QSO_48.4013965-17.9501537,57967.33454299997,18.68,0.205,W1
QSO_48.4013965-17.9501537,57967.39995099999,18.811,0.232,W1
QSO_48.4013965-17.9501537,58129.529556500005,18.997,0.43,W1
QSO_48.4013965-17.9501537,58129.66037250004,18.677,0.223,W1
QSO_48.4013965-17.9501537,58129.72578049997,19.108,0.297,W1
QSO_48.4013965-17.9501537,58331.00229300001,18.387,0.211,W1
QSO_48.4013965-17.9501537,58331.19848050004,19.053,0.297,W1
QSO_48.4013965-17.9501537,58490.51225700002,19.063,0.271,W1
QSO_48.4013965-17.9501537,58490.904559,19.35,0.409,W1
QSO_48.4013965-17.9501537,58490.96996700002,18.977,0.349,W1
QSO_48.4013965-17.9501537,58491.36230550004,18.978,0.261,W1
QSO_48.4013965-17.9501537,58697.5995695,18.459,0.239,W1
QSO_48.4013965-17.9501537,58698.58003249999,18.801,0.244,W1
QSO_48.4013965-17.9501537,58857.60191499999,18.811,0.26,W1
QSO_48.4013965-17.9501537,58858.2572746,19.504,0.398,W1
QSO_48.4013965-17.9501537,59062.10825800001,19.125,0.286,W1
QSO_48.4013965-17.9501537,59062.23932260004,19.055,0.321,W1
QSO_48.4013965-17.9501537,59062.63244319999,19.023000000000003,0.272,W1
QSO_48.4013965-17.9501537,59222.38395000003,19.024,0.264,W1
QSO_48.4013965-17.9501537,59222.51462000003,19.358,0.347,W1
QSO_48.4013965-17.9501537,59222.64532649998,18.559,0.188,W1
QSO_48.4013965-17.9501537,59222.710697999966,19.0,0.263,W1
QSO_48.4013965-17.9501537,59222.8414045,19.074,0.269,W1
QSO_48.4013965-17.9501537,59426.42844,18.754,0.231,W1
QSO_48.4013965-17.9501537,59429.75986799998,19.351,0.415,W1
QSO_48.4013965-17.9501537,59429.82512999997,18.854,0.454,W1
QSO_48.4013965-17.9501537,59430.02109849999,19.511000000000003,0.402,W1
QSO_48.4013965-17.9501537,59430.28221949998,18.526,0.187,W1
QSO_48.4013965-17.9501537,59586.30953600004,18.843,0.238,W1
QSO_48.4013965-17.9501537,59586.50539499997,19.097,0.365,W1
QSO_48.4013965-17.9501537,59586.57065700003,18.485,0.17,W1
QSO_48.4013965-17.9501537,59586.70121750004,18.942,0.241,W1
QSO_48.4013965-17.9501537,59586.76662549997,18.591,0.238,W1
QSO_48.4013965-17.9501537,59793.86160299997,19.174,0.358,W1
QSO_48.4013965-17.9501537,59794.18747499996,18.713,0.237,W1
QSO_48.4013965-17.9501537,59953.140011000025,18.81,0.258,W1
QSO_48.4013965-17.9501537,59953.79076949997,18.887,0.237,W1
QSO_48.4013965-17.9501537,60157.6323925,19.32,0.399,W1
QSO_48.4013965-17.9501537,60157.82671849997,18.538,0.376,W1
QSO_48.4013965-17.9501537,60157.89161549999,19.008000000000003,0.297,W1
QSO_48.4013965-17.9501537,60158.15069250002,18.63,0.239,W1
QSO_48.4013965-17.9501537,60317.14552779998,18.802,0.261,W1
QSO_48.4013965-17.9501537,60317.339471199964,18.739,0.206,W1
QSO_48.4013965-17.9501537,60317.597976999976,18.291,0.139,W1
QSO_48.4013965-17.9501537,60317.598123400014,18.806,0.227,W1
QSO_48.4013965-17.9501537,55219.57539599997,19.159,,W2
QSO_48.4013965-17.9501537,55219.575542,18.913,,W2
QSO_48.4013965-17.9501537,55222.08812899999,18.983,,W2
QSO_48.4013965-17.9501537,55222.220441499965,18.37,,W2
QSO_48.4013965-17.9501537,55222.41870949998,18.148,,W2
QSO_48.4013965-17.9501537,55222.418818999984,18.896,,W2
QSO_48.4013965-17.9501537,55222.48488400003,18.344,,W2
QSO_48.4013965-17.9501537,55222.55105849999,18.424,,W2
QSO_48.4013965-17.9501537,55222.68326149996,18.287,,W2
QSO_48.4013965-17.9501537,55408.76314500002,18.88,0.503,W2
QSO_48.4013965-17.9501537,55408.895348,18.338,,W2
QSO_48.4013965-17.9501537,55409.02758749999,18.21,,W2
QSO_48.4013965-17.9501537,55409.35805849999,18.551,0.416,W2
QSO_48.4013965-17.9501537,55409.42423300003,18.836,,W2
QSO_48.4013965-17.9501537,55409.49026150004,18.736,,W2
QSO_48.4013965-17.9501537,55409.62246450001,18.635,,W2
QSO_48.4013965-17.9501537,55409.75466749999,18.642,,W2
QSO_48.4013965-17.9501537,55409.88690699999,19.008,,W2
QSO_48.4013965-17.9501537,55411.40727799996,18.17,,W2
QSO_48.4013965-17.9501537,55411.53937150001,18.43,,W2
QSO_48.4013965-17.9501537,55411.539517499965,18.708,,W2
QSO_48.4013965-17.9501537,55411.60554599998,18.657,0.391,W2
QSO_48.4013965-17.9501537,55411.67157449999,18.723,,W2
QSO_48.4013965-17.9501537,55411.73774900003,18.623,,W2
QSO_48.4013965-17.9501537,55411.803813999984,18.372,,W2
QSO_48.4013965-17.9501537,55411.869952,18.128,,W2
QSO_48.4013965-17.9501537,55411.93601699996,19.099,,W2
QSO_48.4013965-17.9501537,55412.0021915,18.394,,W2
QSO_48.4013965-17.9501537,55585.77416550001,18.811,0.456,W2
QSO_48.4013965-17.9501537,55585.90625899999,18.208,,W2
QSO_48.4013965-17.9501537,55586.03846199996,19.007,,W2
QSO_48.4013965-17.9501537,55586.17066500001,18.95,,W2
QSO_48.4013965-17.9501537,55586.236729999975,18.989,,W2
QSO_48.4013965-17.9501537,55586.30275849999,18.318,,W2
QSO_48.4013965-17.9501537,55586.36893300003,18.416,,W2
QSO_48.4013965-17.9501537,55586.765432500026,18.232,,W2
QSO_48.4013965-17.9501537,55586.897526,18.587,,W2
QSO_48.4013965-17.9501537,56684.01106799999,18.512,0.477,W2
QSO_48.4013965-17.9501537,56874.01692799996,18.337,,W2
QSO_48.4013965-17.9501537,57234.87705664452,18.431,,W2
QSO_48.4013965-17.9501537,57235.1391996528,18.404,0.499,W2
QSO_48.4013965-17.9501537,57235.46700616323,18.722,,W2
QSO_48.4013965-17.9501537,57235.53252366525,18.244,,W2
QSO_48.4013965-17.9501537,57240.77702633157,18.297,,W2
QSO_48.4013965-17.9501537,57602.9115833962,18.91,,W2
QSO_48.4013965-17.9501537,57602.977170598286,18.955,,W2
QSO_48.4013965-17.9501537,57602.97731699824,17.999,,W2
QSO_48.4013965-17.9501537,57603.174188404526,18.168,,W2
QSO_48.4013965-17.9501537,57603.43679341277,18.103,,W2
QSO_48.4013965-17.9501537,57769.41738099999,18.732,0.512,W2
QSO_48.4013965-17.9501537,57769.54830650003,17.83,,W2
QSO_48.4013965-17.9501537,57769.67912249998,18.52,,W2
QSO_48.4013965-17.9501537,57966.74576149997,18.159,,W2
QSO_48.4013965-17.9501537,57967.07276500003,18.497,0.438,W2
QSO_48.4013965-17.9501537,57967.33454299997,18.401,,W2
QSO_48.4013965-17.9501537,57967.39995099999,18.811,0.527,W2
QSO_48.4013965-17.9501537,58129.529556500005,18.746,,W2
QSO_48.4013965-17.9501537,58129.66037250004,18.059,,W2
QSO_48.4013965-17.9501537,58129.72578049997,18.747,0.48,W2
QSO_48.4013965-17.9501537,58331.00229300001,18.565,,W2
QSO_48.4013965-17.9501537,58331.19848050004,18.508,,W2
QSO_48.4013965-17.9501537,58490.51225700002,18.239,,W2
QSO_48.4013965-17.9501537,58490.904559,18.905,,W2
QSO_48.4013965-17.9501537,58490.96996700002,18.421,,W2
QSO_48.4013965-17.9501537,58491.36230550004,18.561,,W2
QSO_48.4013965-17.9501537,58697.5995695,17.909,,W2
QSO_48.4013965-17.9501537,58698.58003249999,18.775,,W2
QSO_48.4013965-17.9501537,58857.60191499999,18.518,,W2
QSO_48.4013965-17.9501537,58858.2572746,18.143,0.441,W2
QSO_48.4013965-17.9501537,59062.10825800001,18.587,0.412,W2
QSO_48.4013965-17.9501537,59062.23932260004,17.979,0.339,W2
QSO_48.4013965-17.9501537,59062.63244319999,17.918,,W2
QSO_48.4013965-17.9501537,59222.38395000003,18.921,0.534,W2
QSO_48.4013965-17.9501537,59222.51462000003,17.729,,W2
QSO_48.4013965-17.9501537,59222.64532649998,18.117,,W2
QSO_48.4013965-17.9501537,59222.710697999966,18.334,,W2
QSO_48.4013965-17.9501537,59222.8414045,18.501,,W2
QSO_48.4013965-17.9501537,59426.42844,18.316,0.411,W2
QSO_48.4013965-17.9501537,59429.75986799998,17.959,,W2
QSO_48.4013965-17.9501537,59429.82512999997,18.442,,W2
QSO_48.4013965-17.9501537,59430.02109849999,18.455,0.474,W2
QSO_48.4013965-17.9501537,59430.28221949998,18.288,,W2
QSO_48.4013965-17.9501537,59586.30953600004,18.838,,W2
QSO_48.4013965-17.9501537,59586.50539499997,18.56,,W2
QSO_48.4013965-17.9501537,59586.57065700003,18.992,,W2
QSO_48.4013965-17.9501537,59586.70121750004,18.951,,W2
QSO_48.4013965-17.9501537,59586.76662549997,18.425,,W2
QSO_48.4013965-17.9501537,59793.86160299997,18.491,,W2
QSO_48.4013965-17.9501537,59794.18747499996,18.319,,W2
QSO_48.4013965-17.9501537,59953.140011000025,17.980999999999998,,W2
QSO_48.4013965-17.9501537,59953.79076949997,18.689,0.461,W2
QSO_48.4013965-17.9501537,60157.6323925,18.098,,W2
QSO_48.4013965-17.9501537,60157.82671849997,18.524,0.432,W2
QSO_48.4013965-17.9501537,60157.89161549999,18.145,,W2
QSO_48.4013965-17.9501537,60158.15069250002,17.637,,W2
QSO_48.4013965-17.9501537,60317.14552779998,18.223,,W2
QSO_48.4013965-17.9501537,60317.339471199964,18.822,,W2
QSO_48.4013965-17.9501537,60317.597976999976,18.527,,W2
QSO_48.4013965-17.9501537,60317.598123400014,18.248,,W2
QSO_48.4337256-18.241476,55219.57539599997,18.855,0.237,W1
QSO_48.4337256-18.241476,55222.08812899999,18.764000000000003,0.225,W1
QSO_48.4337256-18.241476,55222.35253500002,18.936,0.281,W1
QSO_48.4337256-18.241476,55222.41870949998,18.981,0.287,W1
QSO_48.4337256-18.241476,55222.48488400003,19.399,0.505,W1
QSO_48.4337256-18.241476,55222.55091250004,18.874,0.244,W1
QSO_48.4337256-18.241476,55222.68326149996,19.471,0.408,W1
QSO_48.4337256-18.241476,55408.63094199997,18.723,0.22,W1
QSO_48.4337256-18.241476,55408.63105149997,19.477,0.415,W1
QSO_48.4337256-18.241476,55408.76314500002,19.107,0.325,W1
QSO_48.4337256-18.241476,55408.895348,19.41,0.516,W1
QSO_48.4337256-18.241476,55409.02758749999,19.096,,W1
QSO_48.4337256-18.241476,55409.35816799999,19.297,0.324,W1
QSO_48.4337256-18.241476,55409.42423300003,19.287,0.324,W1
QSO_48.4337256-18.241476,55409.49037099996,18.998,,W1
QSO_48.4337256-18.241476,55409.62246450001,19.296,0.322,W1
QSO_48.4337256-18.241476,55409.622610499966,19.447000000000003,,W1
QSO_48.4337256-18.241476,55409.75466749999,19.012,,W1
QSO_48.4337256-18.241476,55411.40727799996,19.114,0.302,W1
QSO_48.4337256-18.241476,55411.473343,19.233,,W1
QSO_48.4337256-18.241476,55411.539517499965,19.086,0.299,W1
QSO_48.4337256-18.241476,55411.60554599998,18.977,,W1
QSO_48.4337256-18.241476,55411.67172050002,19.22,0.333,W1
QSO_48.4337256-18.241476,55411.73774900003,19.116,0.302,W1
QSO_48.4337256-18.241476,55411.80392349999,19.412,,W1
QSO_48.4337256-18.241476,55411.869952,18.891,0.253,W1
QSO_48.4337256-18.241476,55412.0021915,19.008000000000003,,W1
QSO_48.4337256-18.241476,55585.77401949999,18.944000000000003,,W1
QSO_48.4337256-18.241476,55585.77416550001,18.673,0.207,W1
QSO_48.4337256-18.241476,55585.90625899999,19.592,0.466,W1
QSO_48.4337256-18.241476,55586.03846199996,19.629,0.475,W1
QSO_48.4337256-18.241476,55586.10449049997,19.057,,W1
QSO_48.4337256-18.241476,55586.17055550001,19.115,0.303,W1
QSO_48.4337256-18.241476,55586.236729999975,19.037,,W1
QSO_48.4337256-18.241476,55586.30275849999,19.499,0.426,W1
QSO_48.4337256-18.241476,55586.368787,19.007,0.287,W1
QSO_48.4337256-18.241476,55586.76532300002,19.48,0.409,W1
QSO_48.4337256-18.241476,55586.897526,19.063,0.287,W1
QSO_48.4337256-18.241476,56684.603426500005,18.869,0.241,W1
QSO_48.4337256-18.241476,56873.55691850004,18.975,0.256,W1
QSO_48.4337256-18.241476,56873.88560100002,18.946,0.336,W1
QSO_48.4337256-18.241476,57045.12502320155,19.034,0.266,W1
QSO_48.4337256-18.241476,57235.20486315486,19.003,0.278,W1
QSO_48.4337256-18.241476,57235.33593465909,19.632,0.47,W1
QSO_48.4337256-18.241476,57235.40159816114,18.932,0.242,W1
QSO_48.4337256-18.241476,57235.72936817154,19.0,0.256,W1
QSO_48.4337256-18.241476,57602.6490149879,18.87,0.268,W1
QSO_48.4337256-18.241476,57602.97731699824,19.214,0.314,W1
QSO_48.4337256-18.241476,57769.41738099999,18.921,0.298,W1
QSO_48.4337256-18.241476,57769.61371449996,19.132,0.302,W1
QSO_48.4337256-18.241476,57769.810084499964,18.914,0.264,W1
QSO_48.4337256-18.241476,57770.006308500015,19.124,0.307,W1
QSO_48.4337256-18.241476,57967.59628449996,18.973,0.316,W1
QSO_48.4337256-18.241476,58331.00240250002,18.873,0.249,W1
QSO_48.4337256-18.241476,58331.13307250002,18.874,0.26,W1
QSO_48.4337256-18.241476,58331.52552049996,18.792,0.234,W1
QSO_48.4337256-18.241476,58334.86103650004,18.561,0.187,W1
QSO_48.4337256-18.241476,58490.38144099998,18.81,0.313,W1
QSO_48.4337256-18.241476,58490.57766500003,18.943,0.352,W1
QSO_48.4337256-18.241476,58697.92646349996,18.998,0.288,W1
QSO_48.4337256-18.241476,58857.60180519998,19.295,0.349,W1
QSO_48.4337256-18.241476,59061.97723,18.905,0.286,W1
QSO_48.4337256-18.241476,59222.51462000003,19.377,0.371,W1
QSO_48.4337256-18.241476,59222.64532649998,19.215,0.355,W1
QSO_48.4337256-18.241476,59429.17207200002,18.893,0.462,W1
QSO_48.4337256-18.241476,59793.92686500004,18.792,0.213,W1
QSO_48.4337256-18.241476,59794.05717,18.67,0.255,W1
QSO_48.4337256-18.241476,59953.33521300001,18.766,0.281,W1
QSO_48.4337256-18.241476,59953.465262500016,19.208,0.353,W1
QSO_48.4337256-18.241476,59953.530415,18.931,0.313,W1
QSO_48.4337256-18.241476,60157.69728950003,19.074,0.304,W1
QSO_48.4337256-18.241476,60157.76207699997,19.097,0.308,W1
QSO_48.4337256-18.241476,60316.75749459999,19.062,0.287,W1
QSO_48.4337256-18.241476,60317.597976999976,19.148000000000003,0.375,W1
QSO_48.4337256-18.241476,55219.57539599997,18.489,,W2
QSO_48.4337256-18.241476,55222.08812899999,18.815,,W2
QSO_48.4337256-18.241476,55222.35253500002,18.107,,W2
QSO_48.4337256-18.241476,55222.41870949998,18.911,,W2
QSO_48.4337256-18.241476,55222.48488400003,18.216,,W2
QSO_48.4337256-18.241476,55222.55091250004,18.889,,W2
QSO_48.4337256-18.241476,55222.68326149996,18.29,,W2
QSO_48.4337256-18.241476,55408.63094199997,18.642,,W2
QSO_48.4337256-18.241476,55408.63105149997,19.029,,W2
QSO_48.4337256-18.241476,55408.76314500002,18.798,,W2
QSO_48.4337256-18.241476,55408.895348,19.01,,W2
QSO_48.4337256-18.241476,55409.02758749999,18.639,0.378,W2
QSO_48.4337256-18.241476,55409.35816799999,18.531,,W2
QSO_48.4337256-18.241476,55409.42423300003,18.869,,W2
QSO_48.4337256-18.241476,55409.49037099996,18.914,,W2
QSO_48.4337256-18.241476,55409.62246450001,19.124,,W2
QSO_48.4337256-18.241476,55409.622610499966,18.638,,W2
QSO_48.4337256-18.241476,55409.75466749999,18.218,,W2
QSO_48.4337256-18.241476,55411.40727799996,19.052,,W2
QSO_48.4337256-18.241476,55411.473343,19.006,0.501,W2
QSO_48.4337256-18.241476,55411.539517499965,18.912,,W2
QSO_48.4337256-18.241476,55411.60554599998,18.456,,W2
QSO_48.4337256-18.241476,55411.67172050002,19.117,,W2
QSO_48.4337256-18.241476,55411.73774900003,18.595,,W2
QSO_48.4337256-18.241476,55411.80392349999,18.907,,W2
QSO_48.4337256-18.241476,55411.869952,18.916,,W2
QSO_48.4337256-18.241476,55412.0021915,18.931,0.49,W2
QSO_48.4337256-18.241476,55585.77401949999,18.956,,W2
QSO_48.4337256-18.241476,55585.77416550001,18.319,,W2
QSO_48.4337256-18.241476,55585.90625899999,18.387,,W2
QSO_48.4337256-18.241476,55586.03846199996,18.469,,W2
QSO_48.4337256-18.241476,55586.10449049997,18.766,,W2
QSO_48.4337256-18.241476,55586.17055550001,18.391,,W2
QSO_48.4337256-18.241476,55586.236729999975,18.247,,W2
QSO_48.4337256-18.241476,55586.30275849999,19.003,,W2
QSO_48.4337256-18.241476,55586.368787,18.532,,W2
QSO_48.4337256-18.241476,55586.76532300002,18.352,,W2
QSO_48.4337256-18.241476,55586.897526,18.529,0.396,W2
QSO_48.4337256-18.241476,56684.603426500005,18.362,,W2
QSO_48.4337256-18.241476,56873.55691850004,18.615,0.471,W2
QSO_48.4337256-18.241476,56873.88560100002,18.424,,W2
QSO_48.4337256-18.241476,57045.12502320155,18.606,0.518,W2
QSO_48.4337256-18.241476,57235.20486315486,18.199,,W2
QSO_48.4337256-18.241476,57235.33593465909,18.02,,W2
QSO_48.4337256-18.241476,57235.40159816114,18.43,,W2
QSO_48.4337256-18.241476,57235.72936817154,18.23,,W2
QSO_48.4337256-18.241476,57602.6490149879,18.641,,W2
QSO_48.4337256-18.241476,57602.97731699824,18.301,,W2
QSO_48.4337256-18.241476,57769.41738099999,18.085,,W2
QSO_48.4337256-18.241476,57769.61371449996,18.153,,W2
QSO_48.4337256-18.241476,57769.810084499964,18.294,,W2
QSO_48.4337256-18.241476,57770.006308500015,18.771,0.448,W2
QSO_48.4337256-18.241476,57967.59628449996,18.105,0.459,W2
QSO_48.4337256-18.241476,58331.00240250002,18.643,,W2
QSO_48.4337256-18.241476,58331.13307250002,17.816,,W2
QSO_48.4337256-18.241476,58331.52552049996,18.474,,W2
QSO_48.4337256-18.241476,58334.86103650004,18.111,,W2
QSO_48.4337256-18.241476,58490.38144099998,18.939,,W2
QSO_48.4337256-18.241476,58490.57766500003,18.289,0.322,W2
QSO_48.4337256-18.241476,58697.92646349996,17.910999999999998,,W2
QSO_48.4337256-18.241476,58857.60180519998,18.443,,W2
QSO_48.4337256-18.241476,59061.97723,18.495,,W2
QSO_48.4337256-18.241476,59222.51462000003,18.604,0.535,W2
QSO_48.4337256-18.241476,59222.64532649998,18.368,,W2
QSO_48.4337256-18.241476,59429.17207200002,17.891,,W2
QSO_48.4337256-18.241476,59793.92686500004,18.694,,W2
QSO_48.4337256-18.241476,59794.05717,18.071,,W2
QSO_48.4337256-18.241476,59953.33521300001,18.575,,W2
QSO_48.4337256-18.241476,59953.465262500016,18.733,,W2
QSO_48.4337256-18.241476,59953.530415,17.922,,W2
QSO_48.4337256-18.241476,60157.69728950003,18.323,,W2
QSO_48.4337256-18.241476,60157.76207699997,18.582,,W2
QSO_48.4337256-18.241476,60316.75749459999,18.569,,W2
QSO_48.4337256-18.241476,60317.597976999976,18.6,,W2
QSO_48.5969504-18.0948122,55219.57539599997,19.248,0.333,W1
QSO_48.5969504-18.0948122,55222.08812899999,18.759,0.242,W1
QSO_48.5969504-18.0948122,55222.41870949998,19.169,0.393,W1
QSO_48.5969504-18.0948122,55222.48488400003,18.766,0.224,W1
QSO_48.5969504-18.0948122,55222.55091250004,19.33,0.365,W1
QSO_48.5969504-18.0948122,55222.55105849999,19.416,0.375,W1
QSO_48.5969504-18.0948122,55222.617087,19.004,0.287,W1
QSO_48.5969504-18.0948122,55222.68326149996,18.871,0.323,W1
QSO_48.5969504-18.0948122,55408.895348,19.092,0.343,W1
QSO_48.5969504-18.0948122,55409.02758749999,18.898000000000003,0.253,W1
QSO_48.5969504-18.0948122,55409.35805849999,19.199,0.325,W1
QSO_48.5969504-18.0948122,55409.35816799999,18.957,0.256,W1
QSO_48.5969504-18.0948122,55409.42423300003,19.299,0.332,W1
QSO_48.5969504-18.0948122,55409.49026150004,19.103,0.303,W1
QSO_48.5969504-18.0948122,55409.556436,18.782,0.251,W1
QSO_48.5969504-18.0948122,55409.62246450001,19.207,0.327,W1
QSO_48.5969504-18.0948122,55409.68863899998,19.564,0.433,W1
QSO_48.5969504-18.0948122,55409.75466749999,19.067,0.301,W1
QSO_48.5969504-18.0948122,55409.88690699999,18.754,0.22,W1
QSO_48.5969504-18.0948122,55410.019109999965,19.057,0.287,W1
QSO_48.5969504-18.0948122,55411.40727799996,18.473,0.181,W1
QSO_48.5969504-18.0948122,55411.539517499965,18.765,0.235,W1
QSO_48.5969504-18.0948122,55411.67172050002,19.305,0.352,W1
QSO_48.5969504-18.0948122,55411.73774900003,18.988,0.292,W1
QSO_48.5969504-18.0948122,55411.80392349999,18.918,0.251,W1
QSO_48.5969504-18.0948122,55411.869952,18.627,0.219,W1
QSO_48.5969504-18.0948122,55411.93612649997,18.745,0.213,W1
QSO_48.5969504-18.0948122,55412.0021915,18.915,0.247,W1
QSO_48.5969504-18.0948122,55412.068220000016,19.106,0.332,W1
QSO_48.5969504-18.0948122,55412.06836599997,18.772,0.215,W1
QSO_48.5969504-18.0948122,55412.39883700004,19.222,0.376,W1
QSO_48.5969504-18.0948122,55585.90625899999,19.281,,W1
QSO_48.5969504-18.0948122,55586.03846199996,18.536,0.194,W1
QSO_48.5969504-18.0948122,55586.17055550001,19.21,0.348,W1
QSO_48.5969504-18.0948122,55586.17066500001,19.325000000000003,0.362,W1
QSO_48.5969504-18.0948122,55586.30275849999,19.167,0.321,W1
QSO_48.5969504-18.0948122,55586.368787,19.025,0.27,W1
QSO_48.5969504-18.0948122,55586.36893300003,19.016,0.318,W1
QSO_48.5969504-18.0948122,55586.76532300002,18.528,0.223,W1
QSO_48.5969504-18.0948122,55586.897526,19.189,0.349,W1
QSO_48.5969504-18.0948122,55587.02972899997,19.405,0.381,W1
QSO_48.5969504-18.0948122,56684.405925000014,18.147,0.136,W1
QSO_48.5969504-18.0948122,56684.537617,18.754,0.223,W1
QSO_48.5969504-18.0948122,56684.603426500005,18.947000000000003,0.281,W1
QSO_48.5969504-18.0948122,56684.66930899998,18.264,0.149,W1
QSO_48.5969504-18.0948122,56873.688354999984,18.708,0.271,W1
QSO_48.5969504-18.0948122,56873.81979150002,18.781,0.256,W1
QSO_48.5969504-18.0948122,56873.88545499999,18.987,0.284,W1
QSO_48.5969504-18.0948122,56873.95126449999,19.303,0.381,W1
QSO_48.5969504-18.0948122,56874.017037499965,18.767000000000003,0.293,W1
QSO_48.5969504-18.0948122,56874.08270100002,18.581,0.238,W1
QSO_48.5969504-18.0948122,56874.4113835,18.414,0.176,W1
QSO_48.5969504-18.0948122,56874.542856499975,18.903,0.29,W1
QSO_48.5969504-18.0948122,57045.45334071198,18.731,0.22,W1
QSO_48.5969504-18.0948122,57045.78151222238,18.696,0.195,W1
QSO_48.5969504-18.0948122,57235.4014521611,18.941000000000003,0.379,W1
QSO_48.5969504-18.0948122,57235.66374116943,18.989,0.512,W1
QSO_48.5969504-18.0948122,57235.72925867153,18.482,0.192,W1
QSO_48.5969504-18.0948122,57235.79477617363,18.909,0.307,W1
QSO_48.5969504-18.0948122,57408.105295635774,19.096,0.299,W1
QSO_48.5969504-18.0948122,57408.23672623992,19.197000000000003,0.374,W1
QSO_48.5969504-18.0948122,57408.5651746503,19.104,0.312,W1
QSO_48.5969504-18.0948122,57602.45210698167,18.485,0.185,W1
QSO_48.5969504-18.0948122,57602.97731699824,18.323,0.236,W1
QSO_48.5969504-18.0948122,57603.10860120243,18.567,0.184,W1
QSO_48.5969504-18.0948122,57603.56807761696,18.709000000000003,0.214,W1
QSO_48.5969504-18.0948122,57769.810084499964,18.805,0.259,W1
QSO_48.5969504-18.0948122,57966.74576149997,18.61,0.206,W1
QSO_48.5969504-18.0948122,57967.00735700002,18.21,0.195,W1
QSO_48.5969504-18.0948122,57967.33454299997,18.825000000000003,0.242,W1
QSO_48.5969504-18.0948122,57967.59628449996,18.777,0.223,W1
QSO_48.5969504-18.0948122,57967.988841999984,18.846,0.24,W1
QSO_48.5969504-18.0948122,58129.529556500005,19.038,0.342,W1
QSO_48.5969504-18.0948122,58129.66037250004,18.864,0.234,W1
QSO_48.5969504-18.0948122,58129.79118849999,18.516,0.172,W1
QSO_48.5969504-18.0948122,58130.05282049997,18.337,0.152,W1
QSO_48.5969504-18.0948122,58130.24904450003,18.791,0.218,W1
QSO_48.5969504-18.0948122,58130.37986049998,18.19,0.142,W1
QSO_48.5969504-18.0948122,58331.52552049996,18.853,0.244,W1
QSO_48.5969504-18.0948122,58334.86103650004,19.098,0.451,W1
QSO_48.5969504-18.0948122,58334.92629850002,18.691000000000003,0.272,W1
QSO_48.5969504-18.0948122,58490.51225700002,18.661,0.227,W1
QSO_48.5969504-18.0948122,58697.5995695,19.207,,W1
QSO_48.5969504-18.0948122,58697.7302395,18.554,0.188,W1
QSO_48.5969504-18.0948122,58697.92635399996,17.915,0.261,W1
QSO_48.5969504-18.0948122,58857.60180519998,18.609,0.196,W1
QSO_48.5969504-18.0948122,58857.7984204,19.528,0.428,W1
QSO_48.5969504-18.0948122,58857.864007600016,18.811,0.25,W1
QSO_48.5969504-18.0948122,58858.1262466,18.788,0.275,W1
QSO_48.5969504-18.0948122,58858.2572746,18.764000000000003,0.235,W1
QSO_48.5969504-18.0948122,59061.97723,18.473,0.18,W1
QSO_48.5969504-18.0948122,59222.38395000003,19.248,0.352,W1
QSO_48.5969504-18.0948122,59222.57991849996,18.284,0.17,W1
QSO_48.5969504-18.0948122,59222.71058849996,18.089,0.162,W1
QSO_48.5969504-18.0948122,59222.77599649999,18.598,0.194,W1
QSO_48.5969504-18.0948122,59222.84125849997,18.729,0.285,W1
QSO_48.5969504-18.0948122,59426.2978795,19.669,0.539,W1
QSO_48.5969504-18.0948122,59426.42844,18.87,0.263,W1
QSO_48.5969504-18.0948122,59429.43319300002,18.382,0.166,W1
QSO_48.5969504-18.0948122,59429.69456949997,18.874,0.231,W1
QSO_48.5969504-18.0948122,59429.75986799998,18.942,0.266,W1
QSO_48.5969504-18.0948122,59429.82512999997,18.705,0.443,W1
QSO_48.5969504-18.0948122,59429.9558365,18.508,0.176,W1
QSO_48.5969504-18.0948122,59586.50539499997,18.882,0.255,W1
QSO_48.5969504-18.0948122,59586.57065700003,18.498,0.179,W1
QSO_48.5969504-18.0948122,59586.635955499965,18.314,0.141,W1
QSO_48.5969504-18.0948122,59586.70121750004,18.803,0.231,W1
QSO_48.5969504-18.0948122,59587.02763699996,18.616,0.213,W1
QSO_48.5969504-18.0948122,59793.86160299997,19.129,0.35,W1
QSO_48.5969504-18.0948122,59794.12232249998,18.514,0.309,W1
QSO_48.5969504-18.0948122,59952.944663,18.821,0.244,W1
QSO_48.5969504-18.0948122,59953.33521300001,18.641,0.198,W1
QSO_48.5969504-18.0948122,59953.465262500016,18.578,0.206,W1
QSO_48.5969504-18.0948122,59953.46537200002,18.852,0.264,W1
QSO_48.5969504-18.0948122,59953.530415,19.067,0.283,W1
QSO_48.5969504-18.0948122,59953.79076949997,18.861,0.259,W1
QSO_48.5969504-18.0948122,60157.17898950001,18.742,0.23,W1
QSO_48.5969504-18.0948122,60157.30852800003,18.889000000000003,0.277,W1
QSO_48.5969504-18.0948122,60157.43806649996,19.301,0.376,W1
QSO_48.5969504-18.0948122,60157.6323925,18.987,0.305,W1
QSO_48.5969504-18.0948122,60157.69728950003,18.485,0.176,W1
QSO_48.5969504-18.0948122,60157.89161549999,18.404,0.188,W1
QSO_48.5969504-18.0948122,60158.28023099996,18.922,0.303,W1
QSO_48.5969504-18.0948122,60317.856629200025,18.54,0.185,W1
QSO_48.5969504-18.0948122,60317.985900399966,18.615,0.205,W1
QSO_48.5969504-18.0948122,55219.57539599997,18.687,,W2
QSO_48.5969504-18.0948122,55222.08812899999,18.828,,W2
QSO_48.5969504-18.0948122,55222.41870949998,18.55,,W2
QSO_48.5969504-18.0948122,55222.48488400003,18.596,,W2
QSO_48.5969504-18.0948122,55222.55091250004,18.247,,W2
QSO_48.5969504-18.0948122,55222.55105849999,18.653,0.4,W2
QSO_48.5969504-18.0948122,55222.617087,18.364,,W2
QSO_48.5969504-18.0948122,55222.68326149996,18.87,,W2
QSO_48.5969504-18.0948122,55408.895348,18.112,,W2
QSO_48.5969504-18.0948122,55409.02758749999,18.958,,W2
QSO_48.5969504-18.0948122,55409.35805849999,18.436,0.429,W2
QSO_48.5969504-18.0948122,55409.35816799999,18.738,,W2
QSO_48.5969504-18.0948122,55409.42423300003,18.287,0.29,W2
QSO_48.5969504-18.0948122,55409.49026150004,18.427,0.311,W2
QSO_48.5969504-18.0948122,55409.556436,18.351,,W2
QSO_48.5969504-18.0948122,55409.62246450001,18.452,,W2
QSO_48.5969504-18.0948122,55409.68863899998,18.383,,W2
QSO_48.5969504-18.0948122,55409.75466749999,18.32,,W2
QSO_48.5969504-18.0948122,55409.88690699999,18.909,,W2
QSO_48.5969504-18.0948122,55410.019109999965,18.544,,W2
QSO_48.5969504-18.0948122,55411.40727799996,18.364,,W2
QSO_48.5969504-18.0948122,55411.539517499965,18.847,,W2
QSO_48.5969504-18.0948122,55411.67172050002,18.744,,W2
QSO_48.5969504-18.0948122,55411.73774900003,18.187,0.316,W2
QSO_48.5969504-18.0948122,55411.80392349999,18.602,,W2
QSO_48.5969504-18.0948122,55411.869952,18.841,0.506,W2
QSO_48.5969504-18.0948122,55411.93612649997,18.502,,W2
QSO_48.5969504-18.0948122,55412.0021915,18.861,,W2
QSO_48.5969504-18.0948122,55412.068220000016,18.915,,W2
QSO_48.5969504-18.0948122,55412.06836599997,19.052,,W2
QSO_48.5969504-18.0948122,55412.39883700004,18.529,0.36,W2
QSO_48.5969504-18.0948122,55585.90625899999,18.49,,W2
QSO_48.5969504-18.0948122,55586.03846199996,18.527,,W2
QSO_48.5969504-18.0948122,55586.17055550001,18.683,,W2
QSO_48.5969504-18.0948122,55586.17066500001,18.321,0.409,W2
QSO_48.5969504-18.0948122,55586.30275849999,18.931,,W2
QSO_48.5969504-18.0948122,55586.368787,18.973,,W2
QSO_48.5969504-18.0948122,55586.36893300003,18.254,,W2
QSO_48.5969504-18.0948122,55586.76532300002,18.471,,W2
QSO_48.5969504-18.0948122,55586.897526,18.498,,W2
QSO_48.5969504-18.0948122,55587.02972899997,18.849,,W2
QSO_48.5969504-18.0948122,56684.405925000014,18.532,,W2
QSO_48.5969504-18.0948122,56684.537617,18.875,,W2
QSO_48.5969504-18.0948122,56684.603426500005,18.193,,W2
QSO_48.5969504-18.0948122,56684.66930899998,18.497,,W2
QSO_48.5969504-18.0948122,56873.688354999984,18.949,,W2
QSO_48.5969504-18.0948122,56873.81979150002,18.517,,W2
QSO_48.5969504-18.0948122,56873.88545499999,18.541,,W2
QSO_48.5969504-18.0948122,56873.95126449999,18.235,,W2
QSO_48.5969504-18.0948122,56874.017037499965,18.419,,W2
QSO_48.5969504-18.0948122,56874.08270100002,18.533,,W2
QSO_48.5969504-18.0948122,56874.4113835,18.847,,W2
QSO_48.5969504-18.0948122,56874.542856499975,18.075,,W2
QSO_48.5969504-18.0948122,57045.45334071198,18.515,,W2
QSO_48.5969504-18.0948122,57045.78151222238,18.051,,W2
QSO_48.5969504-18.0948122,57235.4014521611,18.238,,W2
QSO_48.5969504-18.0948122,57235.66374116943,18.785,,W2
QSO_48.5969504-18.0948122,57235.72925867153,18.236,,W2
QSO_48.5969504-18.0948122,57235.79477617363,18.328,0.346,W2
QSO_48.5969504-18.0948122,57408.105295635774,18.782,,W2
QSO_48.5969504-18.0948122,57408.23672623992,18.542,,W2
QSO_48.5969504-18.0948122,57408.5651746503,18.463,,W2
QSO_48.5969504-18.0948122,57602.45210698167,18.571,,W2
QSO_48.5969504-18.0948122,57602.97731699824,18.364,,W2
QSO_48.5969504-18.0948122,57603.10860120243,18.159,,W2
QSO_48.5969504-18.0948122,57603.56807761696,18.191,,W2
QSO_48.5969504-18.0948122,57769.810084499964,18.047,,W2
QSO_48.5969504-18.0948122,57966.74576149997,18.345,,W2
QSO_48.5969504-18.0948122,57967.00735700002,18.246,,W2
QSO_48.5969504-18.0948122,57967.33454299997,18.701,0.457,W2
QSO_48.5969504-18.0948122,57967.59628449996,18.204,,W2
QSO_48.5969504-18.0948122,57967.988841999984,18.631,,W2
QSO_48.5969504-18.0948122,58129.529556500005,18.54,,W2
QSO_48.5969504-18.0948122,58129.66037250004,18.987,,W2
QSO_48.5969504-18.0948122,58129.79118849999,18.294,,W2
QSO_48.5969504-18.0948122,58130.05282049997,17.958,,W2
QSO_48.5969504-18.0948122,58130.24904450003,18.575,,W2
QSO_48.5969504-18.0948122,58130.37986049998,18.631,,W2
QSO_48.5969504-18.0948122,58331.52552049996,18.832,0.531,W2
QSO_48.5969504-18.0948122,58334.86103650004,17.826,,W2
QSO_48.5969504-18.0948122,58334.92629850002,18.197,,W2
QSO_48.5969504-18.0948122,58490.51225700002,18.176,,W2
QSO_48.5969504-18.0948122,58697.5995695,18.3,,W2
QSO_48.5969504-18.0948122,58697.7302395,18.82,,W2
QSO_48.5969504-18.0948122,58697.92635399996,17.858999999999998,,W2
QSO_48.5969504-18.0948122,58857.60180519998,18.434,0.344,W2
QSO_48.5969504-18.0948122,58857.7984204,18.023,,W2
QSO_48.5969504-18.0948122,58857.864007600016,18.573,,W2
QSO_48.5969504-18.0948122,58858.1262466,18.781,0.499,W2
QSO_48.5969504-18.0948122,58858.2572746,18.324,,W2
QSO_48.5969504-18.0948122,59061.97723,18.221,,W2
QSO_48.5969504-18.0948122,59222.38395000003,18.271,,W2
QSO_48.5969504-18.0948122,59222.57991849996,18.713,,W2
QSO_48.5969504-18.0948122,59222.71058849996,18.571,,W2
QSO_48.5969504-18.0948122,59222.77599649999,18.793,,W2
QSO_48.5969504-18.0948122,59222.84125849997,18.367,,W2
QSO_48.5969504-18.0948122,59426.2978795,18.126,,W2
QSO_48.5969504-18.0948122,59426.42844,18.194,,W2
QSO_48.5969504-18.0948122,59429.43319300002,18.427,,W2
QSO_48.5969504-18.0948122,59429.69456949997,18.298,,W2
QSO_48.5969504-18.0948122,59429.75986799998,18.257,,W2
QSO_48.5969504-18.0948122,59429.82512999997,18.654,0.51,W2
QSO_48.5969504-18.0948122,59429.9558365,18.372,,W2
QSO_48.5969504-18.0948122,59586.50539499997,18.319,,W2
QSO_48.5969504-18.0948122,59586.57065700003,18.483,,W2
QSO_48.5969504-18.0948122,59586.635955499965,18.759,,W2
QSO_48.5969504-18.0948122,59586.70121750004,18.109,,W2
QSO_48.5969504-18.0948122,59587.02763699996,18.734,,W2
QSO_48.5969504-18.0948122,59793.86160299997,18.176,,W2
QSO_48.5969504-18.0948122,59794.12232249998,18.432,,W2
QSO_48.5969504-18.0948122,59952.944663,18.383,,W2
QSO_48.5969504-18.0948122,59953.33521300001,18.828,,W2
QSO_48.5969504-18.0948122,59953.465262500016,18.386,,W2
QSO_48.5969504-18.0948122,59953.46537200002,18.957,,W2
QSO_48.5969504-18.0948122,59953.530415,18.132,,W2
QSO_48.5969504-18.0948122,59953.79076949997,18.7,,W2
QSO_48.5969504-18.0948122,60157.17898950001,18.464,,W2
QSO_48.5969504-18.0948122,60157.30852800003,18.689,,W2
QSO_48.5969504-18.0948122,60157.43806649996,18.168,,W2
QSO_48.5969504-18.0948122,60157.6323925,17.816,,W2
QSO_48.5969504-18.0948122,60157.69728950003,17.833,,W2
QSO_48.5969504-18.0948122,60157.89161549999,18.688,,W2
QSO_48.5969504-18.0948122,60158.28023099996,17.839,,W2
QSO_48.5969504-18.0948122,60317.856629200025,18.29,,W2
QSO_48.5969504-18.0948122,60317.985900399966,18.351,,W2
QSO_48.2398503-18.1420674,55219.57539599997,19.331000000000003,0.388,W1
QSO_48.2398503-18.1420674,55221.69133750001,19.175,0.322,W1
QSO_48.2398503-18.1420674,55222.02206400003,18.605,0.187,W1
QSO_48.2398503-18.1420674,55222.08812899999,19.111,,W1
QSO_48.2398503-18.1420674,55222.220441499965,18.542,0.185,W1
QSO_48.2398503-18.1420674,55222.41870949998,18.959000000000003,0.292,W1
QSO_48.2398503-18.1420674,55222.55105849999,19.388,0.433,W1
QSO_48.2398503-18.1420674,55222.68326149996,19.496,0.444,W1
QSO_48.2398503-18.1420674,55408.498739,19.249,0.367,W1
QSO_48.2398503-18.1420674,55408.63094199997,19.296,,W1
QSO_48.2398503-18.1420674,55408.76314500002,19.332,0.367,W1
QSO_48.2398503-18.1420674,55408.82931949999,18.975,0.33,W1
QSO_48.2398503-18.1420674,55408.895348,19.263,0.324,W1
QSO_48.2398503-18.1420674,55408.96152250004,18.987,0.274,W1
QSO_48.2398503-18.1420674,55409.02758749999,19.535,0.408,W1
QSO_48.2398503-18.1420674,55409.35805849999,18.956000000000003,0.282,W1
QSO_48.2398503-18.1420674,55409.49026150004,18.969,0.279,W1
QSO_48.2398503-18.1420674,55409.62246450001,18.721,0.255,W1
QSO_48.2398503-18.1420674,55411.40727799996,18.985,0.281,W1
QSO_48.2398503-18.1420674,55411.473343,19.270000000000003,,W1
QSO_48.2398503-18.1420674,55411.539517499965,18.896,0.242,W1
QSO_48.2398503-18.1420674,55411.60554599998,18.582,0.182,W1
QSO_48.2398503-18.1420674,55411.67172050002,19.155,0.297,W1
QSO_48.2398503-18.1420674,55411.73774900003,19.315,0.368,W1
QSO_48.2398503-18.1420674,55411.869952,18.485,0.183,W1
QSO_48.2398503-18.1420674,55412.0021915,18.844,0.27,W1
QSO_48.2398503-18.1420674,55585.77416550001,19.09,0.302,W1
QSO_48.2398503-18.1420674,55585.90625899999,18.773000000000003,0.22,W1
QSO_48.2398503-18.1420674,55585.97243350003,18.831000000000003,0.235,W1
QSO_48.2398503-18.1420674,55586.03846199996,18.813,0.253,W1
QSO_48.2398503-18.1420674,55586.10449049997,18.419,0.162,W1
QSO_48.2398503-18.1420674,55586.17066500001,18.96,0.29,W1
QSO_48.2398503-18.1420674,55586.236729999975,18.733,0.344,W1
QSO_48.2398503-18.1420674,55586.30275849999,19.341,0.374,W1
QSO_48.2398503-18.1420674,55586.36893300003,19.16,0.334,W1
QSO_48.2398503-18.1420674,56683.61580949998,18.978,0.292,W1
QSO_48.2398503-18.1420674,56684.076840999965,18.734,0.218,W1
QSO_48.2398503-18.1420674,56684.20842350003,19.014000000000003,0.355,W1
QSO_48.2398503-18.1420674,56873.42533599998,19.026000000000003,0.343,W1
QSO_48.2398503-18.1420674,56873.49110900004,19.126,0.345,W1
QSO_48.2398503-18.1420674,56873.81979150002,19.439,0.443,W1
QSO_48.2398503-18.1420674,56874.017037499965,18.697,0.193,W1
QSO_48.2398503-18.1420674,57044.92803269531,18.457,0.25,W1
QSO_48.2398503-18.1420674,57045.12502320155,18.532,0.21,W1
QSO_48.2398503-18.1420674,57045.19068670369,18.752,0.235,W1
QSO_48.2398503-18.1420674,57234.745875640365,18.923,0.312,W1
QSO_48.2398503-18.1420674,57235.27038065696,18.612,,W1
QSO_48.2398503-18.1420674,57235.33593465909,19.016,0.285,W1
QSO_48.2398503-18.1420674,57235.46700616323,19.091,0.343,W1
QSO_48.2398503-18.1420674,57407.84247102752,19.117,0.292,W1
QSO_48.2398503-18.1420674,57602.058217769234,19.078000000000003,0.31,W1
QSO_48.2398503-18.1420674,57602.18950197334,18.769,0.23,W1
QSO_48.2398503-18.1420674,57602.51769418376,19.020000000000003,0.298,W1
QSO_48.2398503-18.1420674,57602.71471198992,19.052,0.284,W1
QSO_48.2398503-18.1420674,57603.174188404526,19.077,0.311,W1
QSO_48.2398503-18.1420674,57769.286419,18.749,0.387,W1
QSO_48.2398503-18.1420674,57769.41738099999,19.628,0.534,W1
QSO_48.2398503-18.1420674,57769.48278900001,18.997,0.267,W1
QSO_48.2398503-18.1420674,57769.548197000026,18.868,0.25,W1
QSO_48.2398503-18.1420674,57966.8111695,18.433,0.183,W1
QSO_48.2398503-18.1420674,57967.07276500003,19.331000000000003,0.433,W1
QSO_48.2398503-18.1420674,57967.59628449996,18.622,0.193,W1
QSO_48.2398503-18.1420674,58129.66037250004,18.94,0.258,W1
QSO_48.2398503-18.1420674,58129.79118849999,19.020000000000003,0.271,W1
QSO_48.2398503-18.1420674,58330.413730500026,18.962000000000003,0.308,W1
QSO_48.2398503-18.1420674,58330.74077050003,19.133000000000003,0.316,W1
QSO_48.2398503-18.1420674,58330.9369945,19.095,0.33,W1
QSO_48.2398503-18.1420674,58331.00229300001,18.33,0.194,W1
QSO_48.2398503-18.1420674,58331.13307250002,18.996,0.346,W1
QSO_48.2398503-18.1420674,58331.39470450001,19.024,0.296,W1
QSO_48.2398503-18.1420674,58489.98913899999,18.73,0.197,W1
QSO_48.2398503-18.1420674,58490.11995500002,18.924,0.262,W1
QSO_48.2398503-18.1420674,58490.51225700002,18.79,0.212,W1
QSO_48.2398503-18.1420674,58490.57766500003,18.766,0.251,W1
QSO_48.2398503-18.1420674,58490.83915099999,19.679,0.47,W1
QSO_48.2398503-18.1420674,58490.96996700002,18.871,0.243,W1
QSO_48.2398503-18.1420674,58491.10067349997,19.134,,W1
QSO_48.2398503-18.1420674,58697.5995695,19.043,0.295,W1
QSO_48.2398503-18.1420674,58697.66497750001,18.972,0.386,W1
QSO_48.2398503-18.1420674,58856.88085840002,18.987,0.257,W1
QSO_48.2398503-18.1420674,58857.01192299998,19.155,0.309,W1
QSO_48.2398503-18.1420674,58857.60180519998,18.663,0.292,W1
QSO_48.2398503-18.1420674,58857.864007600016,18.859,0.238,W1
QSO_48.2398503-18.1420674,59061.97723,18.886000000000003,0.26,W1
QSO_48.2398503-18.1420674,59062.04267079999,18.947000000000003,,W1
QSO_48.2398503-18.1420674,59062.10825800001,18.133,0.212,W1
QSO_48.2398503-18.1420674,59222.38395000003,19.352,0.357,W1
QSO_48.2398503-18.1420674,59222.51462000003,18.779,0.27,W1
QSO_48.2398503-18.1420674,59222.57991849996,18.332,,W1
QSO_48.2398503-18.1420674,59222.58002799997,18.722,0.344,W1
QSO_48.2398503-18.1420674,59222.71058849996,18.314,0.238,W1
QSO_48.2398503-18.1420674,59426.036649,18.858,0.286,W1
QSO_48.2398503-18.1420674,59426.2978795,19.297,0.45,W1
QSO_48.2398503-18.1420674,59426.36314149998,18.415,0.164,W1
QSO_48.2398503-18.1420674,59429.04140200002,18.663,0.213,W1
QSO_48.2398503-18.1420674,59429.75986799998,19.502,0.465,W1
QSO_48.2398503-18.1420674,59430.15165899998,18.462,0.385,W1
QSO_48.2398503-18.1420674,59586.50539499997,18.804,0.419,W1
QSO_48.2398503-18.1420674,59586.635955499965,18.617,0.208,W1
QSO_48.2398503-18.1420674,59792.94910300003,18.703000000000003,,W1
QSO_48.2398503-18.1420674,59793.731298000006,18.47,0.221,W1
QSO_48.2398503-18.1420674,59793.92675550003,18.788,0.269,W1
QSO_48.2398503-18.1420674,59952.944663,18.984,0.409,W1
QSO_48.2398503-18.1420674,59953.07485850004,18.961,0.265,W1
QSO_48.2398503-18.1420674,59953.140011000025,18.573,0.168,W1
QSO_48.2398503-18.1420674,59953.530415,18.483,0.187,W1
QSO_48.2398503-18.1420674,60156.919802999975,19.581000000000003,0.494,W1
QSO_48.2398503-18.1420674,60157.50285399999,18.42,0.231,W1
QSO_48.2398503-18.1420674,60157.89161549999,18.801,0.348,W1
QSO_48.2398503-18.1420674,60316.75749459999,18.351,,W1
QSO_48.2398503-18.1420674,60317.339471199964,18.785,0.288,W1
QSO_48.2398503-18.1420674,55219.57539599997,18.602,,W2
QSO_48.2398503-18.1420674,55221.69133750001,18.975,,W2
QSO_48.2398503-18.1420674,55222.02206400003,18.864,0.446,W2
QSO_48.2398503-18.1420674,55222.08812899999,18.883,,W2
QSO_48.2398503-18.1420674,55222.220441499965,18.814,0.517,W2
QSO_48.2398503-18.1420674,55222.41870949998,18.31,,W2
QSO_48.2398503-18.1420674,55222.55105849999,18.286,,W2
QSO_48.2398503-18.1420674,55222.68326149996,18.886,,W2
QSO_48.2398503-18.1420674,55408.498739,18.058,,W2
QSO_48.2398503-18.1420674,55408.63094199997,18.717,0.439,W2
QSO_48.2398503-18.1420674,55408.76314500002,18.338,,W2
QSO_48.2398503-18.1420674,55408.82931949999,18.95,,W2
QSO_48.2398503-18.1420674,55408.895348,18.763,,W2
QSO_48.2398503-18.1420674,55408.96152250004,18.909,,W2
QSO_48.2398503-18.1420674,55409.02758749999,18.82,0.478,W2
QSO_48.2398503-18.1420674,55409.35805849999,18.621,,W2
QSO_48.2398503-18.1420674,55409.49026150004,18.3,,W2
QSO_48.2398503-18.1420674,55409.62246450001,18.963,,W2
QSO_48.2398503-18.1420674,55411.40727799996,18.503,,W2
QSO_48.2398503-18.1420674,55411.473343,18.983,,W2
QSO_48.2398503-18.1420674,55411.539517499965,18.585,,W2
QSO_48.2398503-18.1420674,55411.60554599998,18.778,,W2
QSO_48.2398503-18.1420674,55411.67172050002,18.409,,W2
QSO_48.2398503-18.1420674,55411.73774900003,18.716,,W2
QSO_48.2398503-18.1420674,55411.869952,18.976,0.514,W2
QSO_48.2398503-18.1420674,55412.0021915,18.679,,W2
QSO_48.2398503-18.1420674,55585.77416550001,18.81,,W2
QSO_48.2398503-18.1420674,55585.90625899999,18.481,,W2
QSO_48.2398503-18.1420674,55585.97243350003,18.898,0.501,W2
QSO_48.2398503-18.1420674,55586.03846199996,18.273,,W2
QSO_48.2398503-18.1420674,55586.10449049997,18.875,0.528,W2
QSO_48.2398503-18.1420674,55586.17066500001,18.715,,W2
QSO_48.2398503-18.1420674,55586.236729999975,18.684,,W2
QSO_48.2398503-18.1420674,55586.30275849999,18.526,,W2
QSO_48.2398503-18.1420674,55586.36893300003,18.645,,W2
QSO_48.2398503-18.1420674,56683.61580949998,18.568,,W2
QSO_48.2398503-18.1420674,56684.076840999965,18.38,,W2
QSO_48.2398503-18.1420674,56684.20842350003,18.381,,W2
QSO_48.2398503-18.1420674,56873.42533599998,18.408,0.48,W2
QSO_48.2398503-18.1420674,56873.49110900004,18.276,,W2
QSO_48.2398503-18.1420674,56873.81979150002,18.044,,W2
QSO_48.2398503-18.1420674,56874.017037499965,18.548,,W2
QSO_48.2398503-18.1420674,57044.92803269531,18.769,,W2
QSO_48.2398503-18.1420674,57045.12502320155,18.085,,W2
QSO_48.2398503-18.1420674,57045.19068670369,18.709,,W2
QSO_48.2398503-18.1420674,57234.745875640365,18.003999999999998,,W2
QSO_48.2398503-18.1420674,57235.27038065696,18.917,,W2
QSO_48.2398503-18.1420674,57235.33593465909,18.737,,W2
QSO_48.2398503-18.1420674,57235.46700616323,18.331,0.321,W2
QSO_48.2398503-18.1420674,57407.84247102752,18.58,,W2
QSO_48.2398503-18.1420674,57602.058217769234,18.204,,W2
QSO_48.2398503-18.1420674,57602.18950197334,18.226,,W2
QSO_48.2398503-18.1420674,57602.51769418376,18.848,,W2
QSO_48.2398503-18.1420674,57602.71471198992,18.713,,W2
QSO_48.2398503-18.1420674,57603.174188404526,18.427,,W2
QSO_48.2398503-18.1420674,57769.286419,18.573,0.527,W2
QSO_48.2398503-18.1420674,57769.41738099999,18.531,,W2
QSO_48.2398503-18.1420674,57769.48278900001,18.464,,W2
QSO_48.2398503-18.1420674,57769.548197000026,18.362,,W2
QSO_48.2398503-18.1420674,57966.8111695,17.945999999999998,,W2
QSO_48.2398503-18.1420674,57967.07276500003,18.608,,W2
QSO_48.2398503-18.1420674,57967.59628449996,18.158,,W2
QSO_48.2398503-18.1420674,58129.66037250004,18.926,,W2
QSO_48.2398503-18.1420674,58129.79118849999,18.841,0.458,W2
QSO_48.2398503-18.1420674,58330.413730500026,18.415,,W2
QSO_48.2398503-18.1420674,58330.74077050003,18.046,,W2
QSO_48.2398503-18.1420674,58330.9369945,18.265,,W2
QSO_48.2398503-18.1420674,58331.00229300001,18.915,0.526,W2
QSO_48.2398503-18.1420674,58331.13307250002,18.191,,W2
QSO_48.2398503-18.1420674,58331.39470450001,18.172,0.466,W2
QSO_48.2398503-18.1420674,58489.98913899999,18.882,,W2
QSO_48.2398503-18.1420674,58490.11995500002,18.561,0.504,W2
QSO_48.2398503-18.1420674,58490.51225700002,18.652,,W2
QSO_48.2398503-18.1420674,58490.57766500003,19.017,,W2
QSO_48.2398503-18.1420674,58490.83915099999,17.873,,W2
QSO_48.2398503-18.1420674,58490.96996700002,18.173,,W2
QSO_48.2398503-18.1420674,58491.10067349997,18.744,,W2
QSO_48.2398503-18.1420674,58697.5995695,18.293,,W2
QSO_48.2398503-18.1420674,58697.66497750001,18.243,,W2
QSO_48.2398503-18.1420674,58856.88085840002,17.567999999999998,,W2
QSO_48.2398503-18.1420674,58857.01192299998,18.026,0.284,W2
QSO_48.2398503-18.1420674,58857.60180519998,18.77,,W2
QSO_48.2398503-18.1420674,58857.864007600016,18.865,0.54,W2
QSO_48.2398503-18.1420674,59061.97723,18.039,,W2
QSO_48.2398503-18.1420674,59062.04267079999,18.196,0.392,W2
QSO_48.2398503-18.1420674,59062.10825800001,18.27,,W2
QSO_48.2398503-18.1420674,59222.38395000003,19.042,,W2
QSO_48.2398503-18.1420674,59222.51462000003,18.728,,W2
QSO_48.2398503-18.1420674,59222.57991849996,18.665,,W2
QSO_48.2398503-18.1420674,59222.58002799997,18.962,,W2
QSO_48.2398503-18.1420674,59222.71058849996,17.904,,W2
QSO_48.2398503-18.1420674,59426.036649,18.471,,W2
QSO_48.2398503-18.1420674,59426.2978795,17.755,,W2
QSO_48.2398503-18.1420674,59426.36314149998,18.741,,W2
QSO_48.2398503-18.1420674,59429.04140200002,18.349,,W2
QSO_48.2398503-18.1420674,59429.75986799998,18.858,,W2
QSO_48.2398503-18.1420674,59430.15165899998,17.956,,W2
QSO_48.2398503-18.1420674,59586.50539499997,18.954,,W2
QSO_48.2398503-18.1420674,59586.635955499965,18.412,,W2
QSO_48.2398503-18.1420674,59792.94910300003,18.177,,W2
QSO_48.2398503-18.1420674,59793.731298000006,18.445,,W2
QSO_48.2398503-18.1420674,59793.92675550003,18.45,,W2
QSO_48.2398503-18.1420674,59952.944663,18.988,,W2
QSO_48.2398503-18.1420674,59953.07485850004,18.691,,W2
QSO_48.2398503-18.1420674,59953.140011000025,17.627,,W2
QSO_48.2398503-18.1420674,59953.530415,18.602,,W2
QSO_48.2398503-18.1420674,60156.919802999975,18.543,,W2
QSO_48.2398503-18.1420674,60157.50285399999,18.315,,W2
QSO_48.2398503-18.1420674,60157.89161549999,18.502,0.467,W2
QSO_48.2398503-18.1420674,60316.75749459999,18.365,0.459,W2
QSO_48.2398503-18.1420674,60317.339471199964,18.164,,W2
QSO_48.552023-18.1426722,55219.57539599997,18.98,0.261,W1
QSO_48.552023-18.1426722,55222.08812899999,19.262,0.326,W1
QSO_48.552023-18.1426722,55222.41870949998,18.912,0.252,W1
QSO_48.552023-18.1426722,55222.48488400003,19.307,0.384,W1
QSO_48.552023-18.1426722,55222.55091250004,18.672,0.213,W1
QSO_48.552023-18.1426722,55222.55105849999,19.036,,W1
QSO_48.552023-18.1426722,55222.617087,19.67,0.512,W1
QSO_48.552023-18.1426722,55222.68326149996,19.172,0.314,W1
QSO_48.552023-18.1426722,55408.76314500002,19.37,0.386,W1
QSO_48.552023-18.1426722,55408.895348,19.357,,W1
QSO_48.552023-18.1426722,55409.02758749999,19.022,,W1
QSO_48.552023-18.1426722,55409.35816799999,18.764000000000003,0.226,W1
QSO_48.552023-18.1426722,55409.42423300003,19.152,0.304,W1
QSO_48.552023-18.1426722,55409.49026150004,18.934,0.259,W1
QSO_48.552023-18.1426722,55409.49037099996,19.426,,W1
QSO_48.552023-18.1426722,55409.556436,19.34,0.365,W1
QSO_48.552023-18.1426722,55409.62246450001,19.005000000000003,0.276,W1
QSO_48.552023-18.1426722,55409.75466749999,19.423,0.389,W1
QSO_48.552023-18.1426722,55409.88690699999,19.579,0.522,W1
QSO_48.552023-18.1426722,55411.40727799996,18.677,0.225,W1
QSO_48.552023-18.1426722,55411.539517499965,18.654,0.201,W1
QSO_48.552023-18.1426722,55411.60554599998,19.183,0.314,W1
QSO_48.552023-18.1426722,55411.67172050002,19.535,0.421,W1
QSO_48.552023-18.1426722,55411.73774900003,19.318,0.356,W1
QSO_48.552023-18.1426722,55411.80392349999,19.236,0.3,W1
QSO_48.552023-18.1426722,55411.869952,19.153,,W1
QSO_48.552023-18.1426722,55411.93612649997,19.084000000000003,,W1
QSO_48.552023-18.1426722,55412.0021915,19.093,0.335,W1
QSO_48.552023-18.1426722,55412.39883700004,19.104,0.29,W1
QSO_48.552023-18.1426722,55585.90625899999,18.832,0.236,W1
QSO_48.552023-18.1426722,55586.03846199996,19.238,,W1
QSO_48.552023-18.1426722,55586.17055550001,19.358,,W1
QSO_48.552023-18.1426722,55586.17066500001,19.327,0.49,W1
QSO_48.552023-18.1426722,55586.236729999975,19.547,0.447,W1
QSO_48.552023-18.1426722,55586.30275849999,18.552,0.197,W1
QSO_48.552023-18.1426722,55586.368787,18.794,0.243,W1
QSO_48.552023-18.1426722,55586.36893300003,19.362,0.368,W1
QSO_48.552023-18.1426722,55586.76532300002,19.077,0.288,W1
QSO_48.552023-18.1426722,55586.897526,19.47,0.421,W1
QSO_48.552023-18.1426722,55587.02972899997,19.005000000000003,,W1
QSO_48.552023-18.1426722,56684.34011550001,19.026000000000003,0.487,W1
QSO_48.552023-18.1426722,56684.405925000014,18.452,0.17,W1
QSO_48.552023-18.1426722,56684.537617,18.839,0.243,W1
QSO_48.552023-18.1426722,56873.55677250001,19.065,0.272,W1
QSO_48.552023-18.1426722,56874.54296599998,18.637,0.206,W1
QSO_48.552023-18.1426722,57044.92803269531,19.086,0.314,W1
QSO_48.552023-18.1426722,57045.19068670369,18.989,0.273,W1
QSO_48.552023-18.1426722,57235.27038065696,19.129,0.3,W1
QSO_48.552023-18.1426722,57235.66374116943,18.773000000000003,0.232,W1
QSO_48.552023-18.1426722,57236.12258268397,18.936,0.402,W1
QSO_48.552023-18.1426722,57408.17102923791,19.009,0.311,W1
QSO_48.552023-18.1426722,57408.302459842045,19.083,0.305,W1
QSO_48.552023-18.1426722,57602.9115833962,19.252,0.345,W1
QSO_48.552023-18.1426722,57603.10860120243,18.647,0.187,W1
QSO_48.552023-18.1426722,57603.43679341277,18.737,0.249,W1
QSO_48.552023-18.1426722,57966.74576149997,18.995,0.3,W1
QSO_48.552023-18.1426722,57967.138319000005,18.659,0.286,W1
QSO_48.552023-18.1426722,57967.39995099999,18.699,0.277,W1
QSO_48.552023-18.1426722,57967.59628449996,18.851,0.257,W1
QSO_48.552023-18.1426722,58129.529556500005,18.515,0.292,W1
QSO_48.552023-18.1426722,58129.72578049997,18.974,0.25,W1
QSO_48.552023-18.1426722,58129.79118849999,18.3,0.146,W1
QSO_48.552023-18.1426722,58130.24904450003,19.203000000000003,,W1
QSO_48.552023-18.1426722,58331.39470450001,19.409,0.456,W1
QSO_48.552023-18.1426722,58491.10067349997,19.011000000000003,0.258,W1
QSO_48.552023-18.1426722,58697.92646349996,17.957,0.355,W1
QSO_48.552023-18.1426722,58858.2572746,18.993,0.268,W1
QSO_48.552023-18.1426722,59222.51462000003,18.639,0.195,W1
QSO_48.552023-18.1426722,59429.43333899997,19.167,0.345,W1
QSO_48.552023-18.1426722,59429.82512999997,19.46,0.541,W1
QSO_48.552023-18.1426722,59793.992017500015,18.586,,W1
QSO_48.552023-18.1426722,59794.05717,18.923,0.288,W1
QSO_48.552023-18.1426722,59953.07485850004,18.948,0.482,W1
QSO_48.552023-18.1426722,59953.465262500016,18.99,0.303,W1
QSO_48.552023-18.1426722,59953.530415,18.932,,W1
QSO_48.552023-18.1426722,60157.6323925,18.73,0.228,W1
QSO_48.552023-18.1426722,60157.69728950003,18.537,0.189,W1
QSO_48.552023-18.1426722,60157.76207699997,18.588,0.252,W1
QSO_48.552023-18.1426722,60317.274762399975,18.869,0.3,W1
QSO_48.552023-18.1426722,60317.597976999976,18.74,0.233,W1
QSO_48.552023-18.1426722,55219.57539599997,18.805,,W2
QSO_48.552023-18.1426722,55222.08812899999,18.941,,W2
QSO_48.552023-18.1426722,55222.41870949998,18.941,,W2
QSO_48.552023-18.1426722,55222.48488400003,18.573,0.406,W2
QSO_48.552023-18.1426722,55222.55091250004,19.044,,W2
QSO_48.552023-18.1426722,55222.55105849999,19.029,,W2
QSO_48.552023-18.1426722,55222.617087,18.781,,W2
QSO_48.552023-18.1426722,55222.68326149996,18.9,,W2
QSO_48.552023-18.1426722,55408.76314500002,19.056,,W2
QSO_48.552023-18.1426722,55408.895348,18.557,,W2
QSO_48.552023-18.1426722,55409.02758749999,18.687,,W2
QSO_48.552023-18.1426722,55409.35816799999,18.793,,W2
QSO_48.552023-18.1426722,55409.42423300003,18.483,,W2
QSO_48.552023-18.1426722,55409.49026150004,18.286,,W2
QSO_48.552023-18.1426722,55409.49037099996,18.489,,W2
QSO_48.552023-18.1426722,55409.556436,18.549,,W2
QSO_48.552023-18.1426722,55409.62246450001,18.49,,W2
QSO_48.552023-18.1426722,55409.75466749999,18.9,,W2
QSO_48.552023-18.1426722,55409.88690699999,18.466,,W2
QSO_48.552023-18.1426722,55411.40727799996,18.797,,W2
QSO_48.552023-18.1426722,55411.539517499965,18.953,,W2
QSO_48.552023-18.1426722,55411.60554599998,18.47,0.376,W2
QSO_48.552023-18.1426722,55411.67172050002,18.617,,W2
QSO_48.552023-18.1426722,55411.73774900003,18.856,,W2
QSO_48.552023-18.1426722,55411.80392349999,18.511,,W2
QSO_48.552023-18.1426722,55411.869952,18.94,,W2
QSO_48.552023-18.1426722,55411.93612649997,18.56,,W2
QSO_48.552023-18.1426722,55412.0021915,18.863,,W2
QSO_48.552023-18.1426722,55412.39883700004,18.401,,W2
QSO_48.552023-18.1426722,55585.90625899999,18.346,,W2
QSO_48.552023-18.1426722,55586.03846199996,18.451,,W2
QSO_48.552023-18.1426722,55586.17055550001,19.014,,W2
QSO_48.552023-18.1426722,55586.17066500001,18.803,0.45,W2
QSO_48.552023-18.1426722,55586.236729999975,18.277,,W2
QSO_48.552023-18.1426722,55586.30275849999,18.614,,W2
QSO_48.552023-18.1426722,55586.368787,18.728,,W2
QSO_48.552023-18.1426722,55586.36893300003,19.03,,W2
QSO_48.552023-18.1426722,55586.76532300002,18.439,,W2
QSO_48.552023-18.1426722,55586.897526,18.787,,W2
QSO_48.552023-18.1426722,55587.02972899997,18.301,,W2
QSO_48.552023-18.1426722,56684.34011550001,18.93,,W2
QSO_48.552023-18.1426722,56684.405925000014,18.747,,W2
QSO_48.552023-18.1426722,56684.537617,18.208,,W2
QSO_48.552023-18.1426722,56873.55677250001,17.980999999999998,,W2
QSO_48.552023-18.1426722,56874.54296599998,18.917,,W2
QSO_48.552023-18.1426722,57044.92803269531,18.835,,W2
QSO_48.552023-18.1426722,57045.19068670369,18.476,0.489,W2
QSO_48.552023-18.1426722,57235.27038065696,18.456,,W2
QSO_48.552023-18.1426722,57235.66374116943,18.198,,W2
QSO_48.552023-18.1426722,57236.12258268397,18.439,0.42,W2
QSO_48.552023-18.1426722,57408.17102923791,17.872,,W2
QSO_48.552023-18.1426722,57408.302459842045,18.468,,W2
QSO_48.552023-18.1426722,57602.9115833962,18.039,,W2
QSO_48.552023-18.1426722,57603.10860120243,18.816,,W2
QSO_48.552023-18.1426722,57603.43679341277,17.997,0.401,W2
QSO_48.552023-18.1426722,57966.74576149997,18.32,,W2
QSO_48.552023-18.1426722,57967.138319000005,18.496,,W2
QSO_48.552023-18.1426722,57967.39995099999,18.345,0.442,W2
QSO_48.552023-18.1426722,57967.59628449996,18.201,,W2
QSO_48.552023-18.1426722,58129.529556500005,18.164,,W2
QSO_48.552023-18.1426722,58129.72578049997,18.566,,W2
QSO_48.552023-18.1426722,58129.79118849999,18.758,,W2
QSO_48.552023-18.1426722,58130.24904450003,18.052,,W2
QSO_48.552023-18.1426722,58331.39470450001,18.276,,W2
QSO_48.552023-18.1426722,58491.10067349997,18.488,0.415,W2
QSO_48.552023-18.1426722,58697.92646349996,18.252,,W2
QSO_48.552023-18.1426722,58858.2572746,18.659,,W2
QSO_48.552023-18.1426722,59222.51462000003,18.142,,W2
QSO_48.552023-18.1426722,59429.43333899997,17.57,,W2
QSO_48.552023-18.1426722,59429.82512999997,17.904,0.392,W2
QSO_48.552023-18.1426722,59793.992017500015,18.285,,W2
QSO_48.552023-18.1426722,59794.05717,18.269,0.443,W2
QSO_48.552023-18.1426722,59953.07485850004,18.159,,W2
QSO_48.552023-18.1426722,59953.465262500016,18.558,,W2
QSO_48.552023-18.1426722,59953.530415,18.635,,W2
QSO_48.552023-18.1426722,60157.6323925,18.636,,W2
QSO_48.552023-18.1426722,60157.69728950003,18.139,,W2
QSO_48.552023-18.1426722,60157.76207699997,18.69,,W2
QSO_48.552023-18.1426722,60317.274762399975,18.977,,W2
QSO_48.552023-18.1426722,60317.597976999976,18.267,,W2
QSO_48.2408507-18.1471365,55219.57539599997,18.419,0.368,W1
QSO_48.2408507-18.1471365,55221.69133750001,18.988,0.401,W1
QSO_48.2408507-18.1471365,55222.02206400003,18.617,0.225,W1
QSO_48.2408507-18.1471365,55222.08812899999,18.708,0.428,W1
QSO_48.2408507-18.1471365,55222.220441499965,19.216,0.393,W1
QSO_48.2408507-18.1471365,55222.41870949998,19.045,0.325,W1
QSO_48.2408507-18.1471365,55222.55105849999,18.735,0.254,W1
QSO_48.2408507-18.1471365,55222.68326149996,19.493,,W1
QSO_48.2408507-18.1471365,55408.498739,19.344,0.482,W1
QSO_48.2408507-18.1471365,55408.63094199997,18.591,,W1
QSO_48.2408507-18.1471365,55408.76314500002,18.64,,W1
QSO_48.2408507-18.1471365,55408.82931949999,18.63,0.25,W1
QSO_48.2408507-18.1471365,55408.895348,19.132,0.394,W1
QSO_48.2408507-18.1471365,55408.96152250004,19.312,0.379,W1
QSO_48.2408507-18.1471365,55409.02758749999,19.193,,W1
QSO_48.2408507-18.1471365,55409.35805849999,18.927,,W1
QSO_48.2408507-18.1471365,55409.49026150004,19.257,,W1
QSO_48.2408507-18.1471365,55409.62246450001,19.075000000000003,0.42,W1
QSO_48.2408507-18.1471365,55411.40727799996,19.426,0.454,W1
QSO_48.2408507-18.1471365,55411.473343,18.6,0.307,W1
QSO_48.2408507-18.1471365,55411.539517499965,19.304,,W1
QSO_48.2408507-18.1471365,55411.60554599998,18.531,,W1
QSO_48.2408507-18.1471365,55411.67172050002,18.971,,W1
QSO_48.2408507-18.1471365,55411.73774900003,18.985,0.342,W1
QSO_48.2408507-18.1471365,55411.869952,19.101,0.308,W1
QSO_48.2408507-18.1471365,55412.0021915,19.093,0.35,W1
QSO_48.2408507-18.1471365,55585.77416550001,18.564,0.204,W1
QSO_48.2408507-18.1471365,55585.90625899999,19.091,0.321,W1
QSO_48.2408507-18.1471365,55585.97243350003,19.533,0.473,W1
QSO_48.2408507-18.1471365,55586.03846199996,18.873,0.284,W1
QSO_48.2408507-18.1471365,55586.10449049997,18.474,,W1
QSO_48.2408507-18.1471365,55586.17066500001,18.86,,W1
QSO_48.2408507-18.1471365,55586.236729999975,18.957,0.281,W1
QSO_48.2408507-18.1471365,55586.30275849999,19.411,0.427,W1
QSO_48.2408507-18.1471365,55586.36893300003,19.405,0.445,W1
QSO_48.2408507-18.1471365,55219.57539599997,18.115,,W2
QSO_48.2408507-18.1471365,55221.69133750001,18.594,0.479,W2
QSO_48.2408507-18.1471365,55222.02206400003,17.68,,W2
QSO_48.2408507-18.1471365,55222.08812899999,18.349,,W2
QSO_48.2408507-18.1471365,55222.220441499965,18.087,,W2
QSO_48.2408507-18.1471365,55222.41870949998,18.215,,W2
QSO_48.2408507-18.1471365,55222.55105849999,18.675,0.487,W2
QSO_48.2408507-18.1471365,55222.68326149996,18.718,,W2
QSO_48.2408507-18.1471365,55408.498739,18.04,,W2
QSO_48.2408507-18.1471365,55408.63094199997,18.161,0.315,W2
QSO_48.2408507-18.1471365,55408.76314500002,18.043,,W2
QSO_48.2408507-18.1471365,55408.82931949999,18.235,,W2
QSO_48.2408507-18.1471365,55408.895348,18.689,0.488,W2
QSO_48.2408507-18.1471365,55408.96152250004,18.294,,W2
QSO_48.2408507-18.1471365,55409.02758749999,18.901,,W2
QSO_48.2408507-18.1471365,55409.35805849999,18.846,,W2
QSO_48.2408507-18.1471365,55409.49026150004,18.815,,W2
QSO_48.2408507-18.1471365,55409.62246450001,18.684,,W2
QSO_48.2408507-18.1471365,55411.40727799996,18.304,,W2
QSO_48.2408507-18.1471365,55411.473343,17.861,,W2
QSO_48.2408507-18.1471365,55411.539517499965,18.576,,W2
QSO_48.2408507-18.1471365,55411.60554599998,18.395,0.375,W2
QSO_48.2408507-18.1471365,55411.67172050002,18.773,,W2
QSO_48.2408507-18.1471365,55411.73774900003,18.623,,W2
QSO_48.2408507-18.1471365,55411.869952,18.006999999999998,,W2
QSO_48.2408507-18.1471365,55412.0021915,18.675,0.527,W2
QSO_48.2408507-18.1471365,55585.77416550001,18.334,,W2
QSO_48.2408507-18.1471365,55585.90625899999,18.903,,W2
QSO_48.2408507-18.1471365,55585.97243350003,18.015,,W2
QSO_48.2408507-18.1471365,55586.03846199996,18.84,,W2
QSO_48.2408507-18.1471365,55586.10449049997,18.502,,W2
QSO_48.2408507-18.1471365,55586.17066500001,18.285,,W2
QSO_48.2408507-18.1471365,55586.236729999975,17.976,,W2
QSO_48.2408507-18.1471365,55586.30275849999,18.581,,W2
QSO_48.2408507-18.1471365,55586.36893300003,18.238,,W2
QSO_48.587066-18.1383879,55219.57539599997,18.946,0.26,W1
QSO_48.587066-18.1383879,55222.08812899999,18.979,,W1
QSO_48.587066-18.1383879,55222.41870949998,19.46,0.459,W1
QSO_48.587066-18.1383879,55222.48488400003,18.939,0.268,W1
QSO_48.587066-18.1383879,55222.55091250004,19.588,0.479,W1
QSO_48.587066-18.1383879,55222.55105849999,19.403,,W1
QSO_48.587066-18.1383879,55222.617087,18.647,0.204,W1
QSO_48.587066-18.1383879,55222.68326149996,19.06,0.281,W1
QSO_48.587066-18.1383879,55408.895348,18.55,0.189,W1
QSO_48.587066-18.1383879,55409.02758749999,19.11,0.296,W1
QSO_48.587066-18.1383879,55409.35816799999,19.229,0.313,W1
QSO_48.587066-18.1383879,55409.42423300003,19.051,0.294,W1
QSO_48.587066-18.1383879,55409.49026150004,18.828000000000003,0.22,W1
QSO_48.587066-18.1383879,55409.49037099996,19.035,0.297,W1
QSO_48.587066-18.1383879,55409.556436,19.632,,W1
QSO_48.587066-18.1383879,55409.62246450001,19.283,0.334,W1
QSO_48.587066-18.1383879,55409.75466749999,19.077,0.301,W1
QSO_48.587066-18.1383879,55409.88690699999,19.116,,W1
QSO_48.587066-18.1383879,55410.019109999965,19.266,0.341,W1
QSO_48.587066-18.1383879,55411.40727799996,19.348,0.402,W1
QSO_48.587066-18.1383879,55411.539517499965,19.159,,W1
QSO_48.587066-18.1383879,55411.67172050002,18.864,0.254,W1
QSO_48.587066-18.1383879,55411.73774900003,19.228,0.332,W1
QSO_48.587066-18.1383879,55411.80392349999,19.329,0.351,W1
QSO_48.587066-18.1383879,55411.869952,19.11,,W1
QSO_48.587066-18.1383879,55411.93612649997,18.514,0.18,W1
QSO_48.587066-18.1383879,55412.0021915,18.861,,W1
QSO_48.587066-18.1383879,55412.068220000016,18.808,0.239,W1
QSO_48.587066-18.1383879,55412.06836599997,19.343,0.362,W1
QSO_48.587066-18.1383879,55412.39883700004,19.14,,W1
QSO_48.587066-18.1383879,55585.90625899999,19.568,0.437,W1
QSO_48.587066-18.1383879,55586.03846199996,19.303,,W1
QSO_48.587066-18.1383879,55586.17055550001,19.537,0.54,W1
QSO_48.587066-18.1383879,55586.17066500001,19.149,0.314,W1
QSO_48.587066-18.1383879,55586.30275849999,19.285,0.337,W1
QSO_48.587066-18.1383879,55586.368787,19.126,,W1
QSO_48.587066-18.1383879,55586.36893300003,19.016,0.296,W1
QSO_48.587066-18.1383879,55586.76532300002,19.232,0.344,W1
QSO_48.587066-18.1383879,55586.897526,18.821,0.236,W1
QSO_48.587066-18.1383879,55587.02972899997,19.506,0.408,W1
QSO_48.587066-18.1383879,56684.010922000045,18.76,0.384,W1
QSO_48.587066-18.1383879,56684.405925000014,18.74,0.22,W1
QSO_48.587066-18.1383879,56684.66930899998,19.417,0.387,W1
QSO_48.587066-18.1383879,56873.55677250001,19.096,0.308,W1
QSO_48.587066-18.1383879,56873.55691850004,19.062,0.365,W1
QSO_48.587066-18.1383879,56873.88545499999,18.553,0.244,W1
QSO_48.587066-18.1383879,56873.88560100002,19.104,0.347,W1
QSO_48.587066-18.1383879,56873.95126449999,18.941000000000003,0.262,W1
QSO_48.587066-18.1383879,56874.54296599998,19.219,0.333,W1
QSO_48.587066-18.1383879,56874.67440250001,19.276000000000003,0.334,W1
QSO_48.587066-18.1383879,57045.19068670369,18.974,0.3,W1
QSO_48.587066-18.1383879,57235.4014521611,18.141,,W1
QSO_48.587066-18.1383879,57235.46711566324,18.97,0.259,W1
QSO_48.587066-18.1383879,57235.66374116943,18.527,0.27,W1
QSO_48.587066-18.1383879,57235.79492217358,18.983,0.306,W1
QSO_48.587066-18.1383879,57236.12258268397,18.945,0.288,W1
QSO_48.587066-18.1383879,57408.23672623992,18.597,0.227,W1
QSO_48.587066-18.1383879,57408.30231344201,19.054,0.286,W1
QSO_48.587066-18.1383879,57408.302459842045,19.165,0.286,W1
QSO_48.587066-18.1383879,57408.5651746503,19.062,0.288,W1
QSO_48.587066-18.1383879,57602.45210698167,18.696,0.221,W1
QSO_48.587066-18.1383879,57602.8459961941,18.61,0.276,W1
QSO_48.587066-18.1383879,57602.97731699824,19.122,0.41,W1
QSO_48.587066-18.1383879,57603.10860120243,19.072000000000003,0.293,W1
QSO_48.587066-18.1383879,57603.174188404526,19.178,0.357,W1
QSO_48.587066-18.1383879,57603.43679341277,19.099,0.328,W1
QSO_48.587066-18.1383879,57770.00641800002,19.047,0.275,W1
QSO_48.587066-18.1383879,57770.52993750003,18.788,0.253,W1
QSO_48.587066-18.1383879,57967.00750299997,19.113,0.297,W1
QSO_48.587066-18.1383879,57967.33454299997,18.641,0.215,W1
QSO_48.587066-18.1383879,57967.39995099999,18.728,0.227,W1
QSO_48.587066-18.1383879,58129.72578049997,19.166,0.302,W1
QSO_48.587066-18.1383879,58130.24904450003,18.97,0.279,W1
QSO_48.587066-18.1383879,58331.13307250002,18.617,0.194,W1
QSO_48.587066-18.1383879,58331.52552049996,18.886000000000003,0.287,W1
QSO_48.587066-18.1383879,58334.86103650004,19.23,0.53,W1
QSO_48.587066-18.1383879,58334.92644449997,18.615,0.198,W1
QSO_48.587066-18.1383879,58490.51225700002,18.72,0.289,W1
QSO_48.587066-18.1383879,58491.10067349997,19.119,0.326,W1
QSO_48.587066-18.1383879,58491.36230550004,18.62,0.261,W1
QSO_48.587066-18.1383879,58491.49297550004,18.945,0.318,W1
QSO_48.587066-18.1383879,58697.92646349996,16.301000000000002,,W1
QSO_48.587066-18.1383879,58698.44936249998,19.092,0.324,W1
QSO_48.587066-18.1383879,58857.60180519998,18.905,0.256,W1
QSO_48.587066-18.1383879,58857.92948500003,18.646,0.19,W1
QSO_48.587066-18.1383879,58858.1262466,18.649,0.18,W1
QSO_48.587066-18.1383879,58858.2572746,19.059,0.276,W1
QSO_48.587066-18.1383879,59222.71058849996,19.197000000000003,0.428,W1
QSO_48.587066-18.1383879,59222.84125849997,19.257,0.363,W1
QSO_48.587066-18.1383879,59426.2978795,19.49,0.452,W1
QSO_48.587066-18.1383879,59426.42844,18.955,0.286,W1
QSO_48.587066-18.1383879,59429.9558365,18.85,0.265,W1
QSO_48.587066-18.1383879,59586.70121750004,18.639,0.189,W1
QSO_48.587066-18.1383879,59793.731298000006,18.700000000000003,0.227,W1
QSO_48.587066-18.1383879,59953.07485850004,19.174,0.327,W1
QSO_48.587066-18.1383879,59953.92081899998,18.504,0.19,W1
QSO_48.587066-18.1383879,60157.82682799997,18.423,0.258,W1
QSO_48.587066-18.1383879,60157.89161549999,19.32,0.392,W1
QSO_48.587066-18.1383879,60158.15069250002,18.866,0.272,W1
QSO_48.587066-18.1383879,60158.280340499965,18.834000000000003,0.254,W1
QSO_48.587066-18.1383879,60317.339324800014,18.861,0.28,W1
QSO_48.587066-18.1383879,60317.727358,19.198,0.299,W1
QSO_48.587066-18.1383879,60317.856629200025,18.841,0.243,W1
QSO_48.587066-18.1383879,55219.57539599997,18.714,,W2
QSO_48.587066-18.1383879,55222.08812899999,18.698,,W2
QSO_48.587066-18.1383879,55222.41870949998,18.74,,W2
QSO_48.587066-18.1383879,55222.48488400003,18.266,,W2
QSO_48.587066-18.1383879,55222.55091250004,18.962,,W2
QSO_48.587066-18.1383879,55222.55105849999,18.673,,W2
QSO_48.587066-18.1383879,55222.617087,18.272,,W2
QSO_48.587066-18.1383879,55222.68326149996,18.884,,W2
QSO_48.587066-18.1383879,55408.895348,18.693,,W2
QSO_48.587066-18.1383879,55409.02758749999,18.642,,W2
QSO_48.587066-18.1383879,55409.35816799999,18.35,,W2
QSO_48.587066-18.1383879,55409.42423300003,18.496,,W2
QSO_48.587066-18.1383879,55409.49026150004,18.729,,W2
QSO_48.587066-18.1383879,55409.49037099996,18.515,,W2
QSO_48.587066-18.1383879,55409.556436,19.012,0.518,W2
QSO_48.587066-18.1383879,55409.62246450001,18.545,,W2
QSO_48.587066-18.1383879,55409.75466749999,18.977,,W2
QSO_48.587066-18.1383879,55409.88690699999,18.658,,W2
QSO_48.587066-18.1383879,55410.019109999965,19.03,,W2
QSO_48.587066-18.1383879,55411.40727799996,18.34,,W2
QSO_48.587066-18.1383879,55411.539517499965,18.397,,W2
QSO_48.587066-18.1383879,55411.67172050002,18.967,,W2
QSO_48.587066-18.1383879,55411.73774900003,18.4,,W2
QSO_48.587066-18.1383879,55411.80392349999,18.962,,W2
QSO_48.587066-18.1383879,55411.869952,18.897,,W2
QSO_48.587066-18.1383879,55411.93612649997,18.676,,W2
QSO_48.587066-18.1383879,55412.0021915,18.469,,W2
QSO_48.587066-18.1383879,55412.068220000016,18.277,,W2
QSO_48.587066-18.1383879,55412.06836599997,19.003,,W2
QSO_48.587066-18.1383879,55412.39883700004,18.767,,W2
QSO_48.587066-18.1383879,55585.90625899999,19.036,,W2
QSO_48.587066-18.1383879,55586.03846199996,18.73,,W2
QSO_48.587066-18.1383879,55586.17055550001,19.008,,W2
QSO_48.587066-18.1383879,55586.17066500001,18.789,,W2
QSO_48.587066-18.1383879,55586.30275849999,18.6,,W2
QSO_48.587066-18.1383879,55586.368787,18.759,0.468,W2
QSO_48.587066-18.1383879,55586.36893300003,19.004,,W2
QSO_48.587066-18.1383879,55586.76532300002,18.904,,W2
QSO_48.587066-18.1383879,55586.897526,18.177,,W2
QSO_48.587066-18.1383879,55587.02972899997,18.677,,W2
QSO_48.587066-18.1383879,56684.010922000045,18.519,,W2
QSO_48.587066-18.1383879,56684.405925000014,18.669,,W2
QSO_48.587066-18.1383879,56684.66930899998,18.621,0.457,W2
QSO_48.587066-18.1383879,56873.55677250001,18.849,0.501,W2
QSO_48.587066-18.1383879,56873.55691850004,18.536,,W2
QSO_48.587066-18.1383879,56873.88545499999,18.679,0.514,W2
QSO_48.587066-18.1383879,56873.88560100002,18.38,,W2
QSO_48.587066-18.1383879,56873.95126449999,18.336,,W2
QSO_48.587066-18.1383879,56874.54296599998,18.471,,W2
QSO_48.587066-18.1383879,56874.67440250001,18.574,,W2
QSO_48.587066-18.1383879,57045.19068670369,18.577,,W2
QSO_48.587066-18.1383879,57235.4014521611,17.854,,W2
QSO_48.587066-18.1383879,57235.46711566324,18.764,,W2
QSO_48.587066-18.1383879,57235.66374116943,17.907,,W2
QSO_48.587066-18.1383879,57235.79492217358,18.755,,W2
QSO_48.587066-18.1383879,57236.12258268397,18.356,0.348,W2
QSO_48.587066-18.1383879,57408.23672623992,18.658,,W2
QSO_48.587066-18.1383879,57408.30231344201,18.179,,W2
QSO_48.587066-18.1383879,57408.302459842045,18.798,,W2
QSO_48.587066-18.1383879,57408.5651746503,18.767,,W2
QSO_48.587066-18.1383879,57602.45210698167,18.851,0.504,W2
QSO_48.587066-18.1383879,57602.8459961941,18.864,,W2
QSO_48.587066-18.1383879,57602.97731699824,18.322,0.491,W2
QSO_48.587066-18.1383879,57603.10860120243,18.468,,W2
QSO_48.587066-18.1383879,57603.174188404526,18.599,,W2
QSO_48.587066-18.1383879,57603.43679341277,17.812,0.427,W2
QSO_48.587066-18.1383879,57770.00641800002,18.762,0.503,W2
QSO_48.587066-18.1383879,57770.52993750003,18.45,,W2
QSO_48.587066-18.1383879,57967.00750299997,18.245,,W2
QSO_48.587066-18.1383879,57967.33454299997,18.371,,W2
QSO_48.587066-18.1383879,57967.39995099999,18.485,,W2
QSO_48.587066-18.1383879,58129.72578049997,18.407,,W2
QSO_48.587066-18.1383879,58130.24904450003,18.291,,W2
QSO_48.587066-18.1383879,58331.13307250002,18.764,,W2
QSO_48.587066-18.1383879,58331.52552049996,18.64,,W2
QSO_48.587066-18.1383879,58334.86103650004,17.811,,W2
QSO_48.587066-18.1383879,58334.92644449997,18.171,,W2
QSO_48.587066-18.1383879,58490.51225700002,17.921,,W2
QSO_48.587066-18.1383879,58491.10067349997,18.338,,W2
QSO_48.587066-18.1383879,58491.36230550004,18.36,,W2
QSO_48.587066-18.1383879,58491.49297550004,18.366,,W2
QSO_48.587066-18.1383879,58697.92646349996,17.867,,W2
QSO_48.587066-18.1383879,58698.44936249998,18.943,,W2
QSO_48.587066-18.1383879,58857.60180519998,18.82,,W2
QSO_48.587066-18.1383879,58857.92948500003,18.326,,W2
QSO_48.587066-18.1383879,58858.1262466,18.378,,W2
QSO_48.587066-18.1383879,58858.2572746,18.945,,W2
QSO_48.587066-18.1383879,59222.71058849996,18.443,,W2
QSO_48.587066-18.1383879,59222.84125849997,18.385,0.348,W2
QSO_48.587066-18.1383879,59426.2978795,18.25,,W2
QSO_48.587066-18.1383879,59426.42844,18.768,,W2
QSO_48.587066-18.1383879,59429.9558365,18.275,,W2
QSO_48.587066-18.1383879,59586.70121750004,18.567,,W2
QSO_48.587066-18.1383879,59793.731298000006,18.421,,W2
QSO_48.587066-18.1383879,59953.07485850004,18.869,,W2
QSO_48.587066-18.1383879,59953.92081899998,18.285,,W2
QSO_48.587066-18.1383879,60157.82682799997,18.299,,W2
QSO_48.587066-18.1383879,60157.89161549999,17.509,0.443,W2
QSO_48.587066-18.1383879,60158.15069250002,17.884,,W2
QSO_48.587066-18.1383879,60158.280340499965,18.095,,W2
QSO_48.587066-18.1383879,60317.339324800014,18.528,,W2
QSO_48.587066-18.1383879,60317.727358,18.961,,W2
QSO_48.587066-18.1383879,60317.856629200025,18.92,,W2
QSO_48.3891033-17.9221129,55219.57539599997,18.85,0.234,W1
QSO_48.3891033-17.9221129,55219.57539599997,18.853,0.234,W1
QSO_48.3891033-17.9221129,55219.575542,18.572,0.18,W1
QSO_48.3891033-17.9221129,55219.575542,18.403,0.154,W1
QSO_48.3891033-17.9221129,55222.08812899999,18.981,,W1
QSO_48.3891033-17.9221129,55222.08812899999,18.974,,W1
QSO_48.3891033-17.9221129,55222.220441499965,18.805,0.223,W1
QSO_48.3891033-17.9221129,55222.220441499965,19.644,0.483,W1
QSO_48.3891033-17.9221129,55222.418818999984,18.56,0.206,W1
QSO_48.3891033-17.9221129,55222.418818999984,18.844,0.244,W1
QSO_48.3891033-17.9221129,55222.48488400003,19.116,0.315,W1
QSO_48.3891033-17.9221129,55222.48488400003,19.241,0.354,W1
QSO_48.3891033-17.9221129,55222.55105849999,19.263,0.399,W1
QSO_48.3891033-17.9221129,55222.55105849999,19.263,0.333,W1
QSO_48.3891033-17.9221129,55222.68326149996,19.637,,W1
QSO_48.3891033-17.9221129,55222.68326149996,19.664,,W1
QSO_48.3891033-17.9221129,55408.76314500002,18.885,0.245,W1
QSO_48.3891033-17.9221129,55408.76314500002,19.062,0.289,W1
QSO_48.3891033-17.9221129,55408.895348,19.115,0.321,W1
QSO_48.3891033-17.9221129,55408.895348,19.15,0.331,W1
QSO_48.3891033-17.9221129,55409.02758749999,18.696,0.204,W1
QSO_48.3891033-17.9221129,55409.02758749999,18.704,0.205,W1
QSO_48.3891033-17.9221129,55409.35805849999,18.677,0.208,W1
QSO_48.3891033-17.9221129,55409.35805849999,18.687,0.209,W1
QSO_48.3891033-17.9221129,55409.42423300003,18.926,0.275,W1
QSO_48.3891033-17.9221129,55409.42423300003,18.926,0.275,W1
QSO_48.3891033-17.9221129,55409.49026150004,19.076,,W1
QSO_48.3891033-17.9221129,55409.49026150004,19.362,0.384,W1
QSO_48.3891033-17.9221129,55409.62246450001,19.264000000000003,,W1
QSO_48.3891033-17.9221129,55409.62246450001,19.338,0.377,W1
QSO_48.3891033-17.9221129,55409.75466749999,19.408,0.389,W1
QSO_48.3891033-17.9221129,55409.75466749999,19.416,0.392,W1
QSO_48.3891033-17.9221129,55409.88690699999,19.1,0.273,W1
QSO_48.3891033-17.9221129,55409.88690699999,19.093,0.272,W1
QSO_48.3891033-17.9221129,55411.40716850004,19.12,,W1
QSO_48.3891033-17.9221129,55411.40716850004,19.101,,W1
QSO_48.3891033-17.9221129,55411.40727799996,18.998,0.267,W1
QSO_48.3891033-17.9221129,55411.40727799996,18.807,0.224,W1
QSO_48.3891033-17.9221129,55411.53937150001,19.284,,W1
QSO_48.3891033-17.9221129,55411.53937150001,19.075000000000003,,W1
QSO_48.3891033-17.9221129,55411.60554599998,18.517,0.178,W1
QSO_48.3891033-17.9221129,55411.60554599998,18.541,0.182,W1
QSO_48.3891033-17.9221129,55411.67157449999,19.088,0.32,W1
QSO_48.3891033-17.9221129,55411.67157449999,19.421,0.434,W1
QSO_48.3891033-17.9221129,55411.73774900003,19.127,,W1
QSO_48.3891033-17.9221129,55411.73774900003,19.11,,W1
QSO_48.3891033-17.9221129,55411.803813999984,19.023000000000003,,W1
QSO_48.3891033-17.9221129,55411.803813999984,19.054,,W1
QSO_48.3891033-17.9221129,55411.869952,18.859,0.232,W1
QSO_48.3891033-17.9221129,55411.869952,18.868,0.235,W1
QSO_48.3891033-17.9221129,55411.93601699996,19.095,0.31,W1
QSO_48.3891033-17.9221129,55411.93601699996,18.829,0.244,W1
QSO_48.3891033-17.9221129,55412.0021915,19.272,0.386,W1
QSO_48.3891033-17.9221129,55412.0021915,19.552,0.499,W1
QSO_48.3891033-17.9221129,55585.77416550001,18.98,0.262,W1
QSO_48.3891033-17.9221129,55585.77416550001,18.926,0.247,W1
QSO_48.3891033-17.9221129,55586.03846199996,18.59,0.193,W1
QSO_48.3891033-17.9221129,55586.03846199996,18.72,0.218,W1
QSO_48.3891033-17.9221129,55586.17066500001,18.956000000000003,0.362,W1
QSO_48.3891033-17.9221129,55586.17066500001,19.178,0.445,W1
QSO_48.3891033-17.9221129,55586.236729999975,19.275,0.353,W1
QSO_48.3891033-17.9221129,55586.236729999975,19.277,0.354,W1
QSO_48.3891033-17.9221129,55586.30275849999,19.355,0.372,W1
QSO_48.3891033-17.9221129,55586.30275849999,19.569000000000003,0.453,W1
QSO_48.3891033-17.9221129,55586.36893300003,19.268,0.369,W1
QSO_48.3891033-17.9221129,55586.36893300003,19.235,0.357,W1
QSO_48.3891033-17.9221129,55586.765432500026,19.529,0.465,W1
QSO_48.3891033-17.9221129,55586.765432500026,19.536,0.457,W1
QSO_48.3891033-17.9221129,55586.897526,19.504,0.421,W1
QSO_48.3891033-17.9221129,55586.897526,19.48,0.423,W1
QSO_48.3891033-17.9221129,56684.01106799999,18.867,0.228,W1
QSO_48.3891033-17.9221129,56873.55677250001,18.711,0.223,W1
QSO_48.3891033-17.9221129,56873.68820900004,18.937,0.351,W1
QSO_48.3891033-17.9221129,56873.819682000016,18.686,0.446,W1
QSO_48.3891033-17.9221129,56873.81979150002,19.351,0.355,W1
QSO_48.3891033-17.9221129,56873.95126449999,19.067,0.375,W1
QSO_48.3891033-17.9221129,56874.08270100002,18.602,0.209,W1
QSO_48.3891033-17.9221129,56874.4113835,18.908,0.297,W1
QSO_48.3891033-17.9221129,57045.05946919951,19.312,0.398,W1
QSO_48.3891033-17.9221129,57234.87705664452,19.129,0.456,W1
QSO_48.3891033-17.9221129,57235.1391996528,18.814,0.335,W1
QSO_48.3891033-17.9221129,57235.27038065696,18.533,0.249,W1
QSO_48.3891033-17.9221129,57235.66374116943,19.332,,W1
QSO_48.3891033-17.9221129,57240.77702633157,18.865,0.246,W1
QSO_48.3891033-17.9221129,57408.105295635774,18.55,0.25,W1
QSO_48.3891033-17.9221129,57602.58342778581,19.101,0.293,W1
QSO_48.3891033-17.9221129,57602.9115833962,19.006,0.288,W1
QSO_48.3891033-17.9221129,57602.977170598286,18.421,0.214,W1
QSO_48.3891033-17.9221129,57603.04290420034,19.158,0.335,W1
QSO_48.3891033-17.9221129,57603.174188404526,18.616,0.243,W1
QSO_48.3891033-17.9221129,57603.43679341277,18.987,0.281,W1
QSO_48.3891033-17.9221129,57769.74467650003,18.716,0.208,W1
QSO_48.3891033-17.9221129,57769.810084499964,19.516,0.509,W1
QSO_48.3891033-17.9221129,57769.94101,18.766,0.208,W1
QSO_48.3891033-17.9221129,57770.00641800002,18.789,0.248,W1
QSO_48.3891033-17.9221129,57967.13817299997,19.05,0.344,W1
QSO_48.3891033-17.9221129,57967.26913500004,18.844,0.316,W1
QSO_48.3891033-17.9221129,58129.529556500005,18.734,0.242,W1
QSO_48.3891033-17.9221129,58129.66037250004,18.585,0.196,W1
QSO_48.3891033-17.9221129,58334.86089050001,19.106,0.312,W1
QSO_48.3891033-17.9221129,58490.904559,18.928,0.249,W1
QSO_48.3891033-17.9221129,58697.46875349996,18.589,0.263,W1
QSO_48.3891033-17.9221129,58698.44936249998,19.109,0.299,W1
QSO_48.3891033-17.9221129,58857.79856680003,19.42,0.393,W1
QSO_48.3891033-17.9221129,58857.864007600016,18.851,0.526,W1
QSO_48.3891033-17.9221129,58858.1262466,18.982,0.344,W1
QSO_48.3891033-17.9221129,59062.1081482,19.069000000000003,0.282,W1
QSO_48.3891033-17.9221129,59062.23932260004,18.786,0.241,W1
QSO_48.3891033-17.9221129,59222.38395000003,19.136000000000003,0.296,W1
QSO_48.3891033-17.9221129,59222.51462000003,19.315,0.35,W1
QSO_48.3891033-17.9221129,59222.64532649998,19.021,0.271,W1
QSO_48.3891033-17.9221129,59222.710697999966,19.328000000000003,0.374,W1
QSO_48.3891033-17.9221129,59222.8414045,19.087000000000003,0.278,W1
QSO_48.3891033-17.9221129,59222.971965,18.885,,W1
QSO_48.3891033-17.9221129,59426.1672095,18.71,0.215,W1
QSO_48.3891033-17.9221129,59426.2978795,18.442,0.192,W1
QSO_48.3891033-17.9221129,59429.75972200003,18.689,0.251,W1
QSO_48.3891033-17.9221129,59429.82512999997,18.959000000000003,0.26,W1
QSO_48.3891033-17.9221129,59430.02109849999,18.703000000000003,0.259,W1
QSO_48.3891033-17.9221129,59586.57065700003,18.9,0.27,W1
QSO_48.3891033-17.9221129,59586.635955499965,18.846,0.265,W1
QSO_48.3891033-17.9221129,59586.76662549997,18.559,0.174,W1
QSO_48.3891033-17.9221129,59793.86160299997,18.495,0.186,W1
QSO_48.3891033-17.9221129,59953.79076949997,19.115,0.341,W1
QSO_48.3891033-17.9221129,60157.30852800003,19.164,0.35,W1
QSO_48.3891033-17.9221129,60157.89161549999,18.485,0.282,W1
QSO_48.3891033-17.9221129,60158.15069250002,18.413,0.17,W1
QSO_48.3891033-17.9221129,60316.886875600016,18.658,0.229,W1
QSO_48.3891033-17.9221129,60317.597976999976,18.759,0.232,W1
QSO_48.3891033-17.9221129,60317.598123400014,18.793,0.24,W1
QSO_48.3891033-17.9221129,60317.856629200025,18.936,0.254,W1
QSO_48.3891033-17.9221129,55219.57539599997,18.591,,W2
QSO_48.3891033-17.9221129,55219.57539599997,18.594,,W2
QSO_48.3891033-17.9221129,55219.575542,18.614,,W2
QSO_48.3891033-17.9221129,55219.575542,18.593,,W2
QSO_48.3891033-17.9221129,55222.08812899999,18.279,,W2
QSO_48.3891033-17.9221129,55222.08812899999,18.285,,W2
QSO_48.3891033-17.9221129,55222.220441499965,18.794,,W2
QSO_48.3891033-17.9221129,55222.220441499965,18.788,,W2
QSO_48.3891033-17.9221129,55222.418818999984,18.739,0.497,W2
QSO_48.3891033-17.9221129,55222.418818999984,18.775,0.514,W2
QSO_48.3891033-17.9221129,55222.48488400003,18.761,0.495,W2
QSO_48.3891033-17.9221129,55222.48488400003,18.726,0.48,W2
QSO_48.3891033-17.9221129,55222.55105849999,18.838,,W2
QSO_48.3891033-17.9221129,55222.55105849999,18.839,,W2
QSO_48.3891033-17.9221129,55222.68326149996,18.407,,W2
QSO_48.3891033-17.9221129,55222.68326149996,18.372,,W2
QSO_48.3891033-17.9221129,55408.76314500002,17.956,0.268,W2
QSO_48.3891033-17.9221129,55408.76314500002,17.991,0.274,W2
QSO_48.3891033-17.9221129,55408.895348,18.879,,W2
QSO_48.3891033-17.9221129,55408.895348,18.876,,W2
QSO_48.3891033-17.9221129,55409.02758749999,18.375,,W2
QSO_48.3891033-17.9221129,55409.02758749999,18.443,,W2
QSO_48.3891033-17.9221129,55409.35805849999,18.331,,W2
QSO_48.3891033-17.9221129,55409.35805849999,18.334,,W2
QSO_48.3891033-17.9221129,55409.42423300003,18.348,,W2
QSO_48.3891033-17.9221129,55409.42423300003,18.355,,W2
QSO_48.3891033-17.9221129,55409.49026150004,18.994,,W2
QSO_48.3891033-17.9221129,55409.49026150004,18.998,,W2
QSO_48.3891033-17.9221129,55409.62246450001,18.46,,W2
QSO_48.3891033-17.9221129,55409.62246450001,18.469,,W2
QSO_48.3891033-17.9221129,55409.75466749999,18.291,,W2
QSO_48.3891033-17.9221129,55409.75466749999,18.314,,W2
QSO_48.3891033-17.9221129,55409.88690699999,18.616,,W2
QSO_48.3891033-17.9221129,55409.88690699999,18.576,,W2
QSO_48.3891033-17.9221129,55411.40716850004,18.657,0.406,W2
QSO_48.3891033-17.9221129,55411.40716850004,18.656,0.403,W2
QSO_48.3891033-17.9221129,55411.40727799996,18.183,,W2
QSO_48.3891033-17.9221129,55411.40727799996,18.918,0.536,W2
QSO_48.3891033-17.9221129,55411.53937150001,18.602,,W2
QSO_48.3891033-17.9221129,55411.53937150001,18.532,,W2
QSO_48.3891033-17.9221129,55411.60554599998,18.67,0.408,W2
QSO_48.3891033-17.9221129,55411.60554599998,18.631,0.394,W2
QSO_48.3891033-17.9221129,55411.67157449999,18.614,,W2
QSO_48.3891033-17.9221129,55411.67157449999,18.626,,W2
QSO_48.3891033-17.9221129,55411.73774900003,18.494,,W2
QSO_48.3891033-17.9221129,55411.73774900003,18.371,,W2
QSO_48.3891033-17.9221129,55411.803813999984,18.313,,W2
QSO_48.3891033-17.9221129,55411.803813999984,18.256,,W2
QSO_48.3891033-17.9221129,55411.869952,18.558,,W2
QSO_48.3891033-17.9221129,55411.869952,18.516,,W2
QSO_48.3891033-17.9221129,55411.93601699996,18.453,,W2
QSO_48.3891033-17.9221129,55411.93601699996,18.496,,W2
QSO_48.3891033-17.9221129,55412.0021915,18.604,,W2
QSO_48.3891033-17.9221129,55412.0021915,18.584,,W2
QSO_48.3891033-17.9221129,55585.77416550001,18.502,,W2
QSO_48.3891033-17.9221129,55585.77416550001,18.446,,W2
QSO_48.3891033-17.9221129,55586.03846199996,18.835,0.519,W2
QSO_48.3891033-17.9221129,55586.03846199996,18.83,0.517,W2
QSO_48.3891033-17.9221129,55586.17066500001,18.814,0.495,W2
QSO_48.3891033-17.9221129,55586.17066500001,18.874,0.523,W2
QSO_48.3891033-17.9221129,55586.236729999975,19.036,,W2
QSO_48.3891033-17.9221129,55586.236729999975,19.032,,W2
QSO_48.3891033-17.9221129,55586.30275849999,18.744,0.435,W2
QSO_48.3891033-17.9221129,55586.30275849999,18.714,0.423,W2
QSO_48.3891033-17.9221129,55586.36893300003,18.541,,W2
QSO_48.3891033-17.9221129,55586.36893300003,18.547,,W2
QSO_48.3891033-17.9221129,55586.765432500026,18.986,,W2
QSO_48.3891033-17.9221129,55586.765432500026,18.986,,W2
QSO_48.3891033-17.9221129,55586.897526,18.743,,W2
QSO_48.3891033-17.9221129,55586.897526,18.762,,W2
QSO_48.3891033-17.9221129,56684.01106799999,18.374,,W2
QSO_48.3891033-17.9221129,56873.55677250001,18.73,,W2
QSO_48.3891033-17.9221129,56873.68820900004,18.51,,W2
QSO_48.3891033-17.9221129,56873.819682000016,18.5,,W2
QSO_48.3891033-17.9221129,56873.81979150002,18.486,,W2
QSO_48.3891033-17.9221129,56873.95126449999,18.516,,W2
QSO_48.3891033-17.9221129,56874.08270100002,18.749,0.535,W2
QSO_48.3891033-17.9221129,56874.4113835,18.778,,W2
QSO_48.3891033-17.9221129,57045.05946919951,17.955,,W2
QSO_48.3891033-17.9221129,57234.87705664452,18.131,,W2
QSO_48.3891033-17.9221129,57235.1391996528,18.475,,W2
QSO_48.3891033-17.9221129,57235.27038065696,18.875,0.538,W2
QSO_48.3891033-17.9221129,57235.66374116943,18.426,,W2
QSO_48.3891033-17.9221129,57240.77702633157,18.781,0.513,W2
QSO_48.3891033-17.9221129,57408.105295635774,18.731,,W2
QSO_48.3891033-17.9221129,57602.58342778581,18.642,,W2
QSO_48.3891033-17.9221129,57602.9115833962,18.56,0.425,W2
QSO_48.3891033-17.9221129,57602.977170598286,18.455,0.406,W2
QSO_48.3891033-17.9221129,57603.04290420034,17.688,,W2
QSO_48.3891033-17.9221129,57603.174188404526,18.47,,W2
QSO_48.3891033-17.9221129,57603.43679341277,18.165,,W2
QSO_48.3891033-17.9221129,57769.74467650003,18.244,,W2
QSO_48.3891033-17.9221129,57769.810084499964,18.372,,W2
QSO_48.3891033-17.9221129,57769.94101,18.399,,W2
QSO_48.3891033-17.9221129,57770.00641800002,18.32,,W2
QSO_48.3891033-17.9221129,57967.13817299997,18.418,,W2
QSO_48.3891033-17.9221129,57967.26913500004,17.819,,W2
QSO_48.3891033-17.9221129,58129.529556500005,18.352,,W2
QSO_48.3891033-17.9221129,58129.66037250004,18.858,,W2
QSO_48.3891033-17.9221129,58334.86089050001,18.139,,W2
QSO_48.3891033-17.9221129,58490.904559,18.547,,W2
QSO_48.3891033-17.9221129,58697.46875349996,18.595,,W2
QSO_48.3891033-17.9221129,58698.44936249998,18.197,,W2
QSO_48.3891033-17.9221129,58857.79856680003,18.438,0.347,W2
QSO_48.3891033-17.9221129,58857.864007600016,18.69,0.516,W2
QSO_48.3891033-17.9221129,58858.1262466,18.81,0.479,W2
QSO_48.3891033-17.9221129,59062.1081482,17.807,,W2
QSO_48.3891033-17.9221129,59062.23932260004,18.236,,W2
QSO_48.3891033-17.9221129,59222.38395000003,19.06,,W2
QSO_48.3891033-17.9221129,59222.51462000003,17.566,,W2
QSO_48.3891033-17.9221129,59222.64532649998,18.409,,W2
QSO_48.3891033-17.9221129,59222.710697999966,18.33,,W2
QSO_48.3891033-17.9221129,59222.8414045,18.355,0.467,W2
QSO_48.3891033-17.9221129,59222.971965,18.598,0.441,W2
QSO_48.3891033-17.9221129,59426.1672095,18.862,,W2
QSO_48.3891033-17.9221129,59426.2978795,18.589,,W2
QSO_48.3891033-17.9221129,59429.75972200003,17.584,,W2
QSO_48.3891033-17.9221129,59429.82512999997,18.396,,W2
QSO_48.3891033-17.9221129,59430.02109849999,18.447,,W2
QSO_48.3891033-17.9221129,59586.57065700003,18.003,,W2
QSO_48.3891033-17.9221129,59586.635955499965,18.156,,W2
QSO_48.3891033-17.9221129,59586.76662549997,18.78,,W2
QSO_48.3891033-17.9221129,59793.86160299997,18.31,,W2
QSO_48.3891033-17.9221129,59953.79076949997,18.537,0.514,W2
QSO_48.3891033-17.9221129,60157.30852800003,18.112,,W2
QSO_48.3891033-17.9221129,60157.89161549999,18.504,,W2
QSO_48.3891033-17.9221129,60158.15069250002,18.075,,W2
QSO_48.3891033-17.9221129,60316.886875600016,17.846999999999998,,W2
QSO_48.3891033-17.9221129,60317.597976999976,18.577,0.396,W2
QSO_48.3891033-17.9221129,60317.598123400014,18.794,,W2
QSO_48.3891033-17.9221129,60317.856629200025,18.341,,W2
QSO_48.4662045-18.0477898,55219.57539599997,19.689,0.486,W1
QSO_48.4662045-18.0477898,55222.08812899999,19.137,0.379,W1
QSO_48.4662045-18.0477898,55222.220441499965,18.899,0.249,W1
QSO_48.4662045-18.0477898,55222.41870949998,18.808,0.241,W1
QSO_48.4662045-18.0477898,55222.48488400003,19.575000000000003,0.466,W1
QSO_48.4662045-18.0477898,55222.55105849999,19.127,0.297,W1
QSO_48.4662045-18.0477898,55222.617087,19.339,0.376,W1
QSO_48.4662045-18.0477898,55222.68326149996,18.638,0.191,W1
QSO_48.4662045-18.0477898,55408.76314500002,19.018,0.301,W1
QSO_48.4662045-18.0477898,55408.895348,19.213,0.369,W1
QSO_48.4662045-18.0477898,55409.02758749999,18.776000000000003,0.219,W1
QSO_48.4662045-18.0477898,55409.35805849999,19.138,,W1
QSO_48.4662045-18.0477898,55409.42423300003,19.276000000000003,0.349,W1
QSO_48.4662045-18.0477898,55409.49026150004,19.351,0.355,W1
QSO_48.4662045-18.0477898,55409.556436,19.367,0.361,W1
QSO_48.4662045-18.0477898,55409.62246450001,18.963,0.295,W1
QSO_48.4662045-18.0477898,55409.75466749999,19.809,,W1
QSO_48.4662045-18.0477898,55409.88690699999,19.464,0.41,W1
QSO_48.4662045-18.0477898,55411.40727799996,19.131,0.295,W1
QSO_48.4662045-18.0477898,55411.539517499965,19.188,,W1
QSO_48.4662045-18.0477898,55411.60554599998,19.326,0.374,W1
QSO_48.4662045-18.0477898,55411.67172050002,19.395000000000003,0.389,W1
QSO_48.4662045-18.0477898,55411.73774900003,18.703000000000003,0.237,W1
QSO_48.4662045-18.0477898,55411.803813999984,18.865,0.24,W1
QSO_48.4662045-18.0477898,55411.80392349999,19.401000000000003,0.371,W1
QSO_48.4662045-18.0477898,55411.869952,19.393,0.366,W1
QSO_48.4662045-18.0477898,55411.93601699996,19.561,0.459,W1
QSO_48.4662045-18.0477898,55412.0021915,19.607,0.462,W1
QSO_48.4662045-18.0477898,55412.39883700004,18.911,0.251,W1
QSO_48.4662045-18.0477898,55585.77416550001,19.418,0.372,W1
QSO_48.4662045-18.0477898,55585.90625899999,19.041,,W1
QSO_48.4662045-18.0477898,55586.03846199996,19.166,0.325,W1
QSO_48.4662045-18.0477898,55586.17066500001,19.427,,W1
QSO_48.4662045-18.0477898,55586.236729999975,18.359,0.151,W1
QSO_48.4662045-18.0477898,55586.30275849999,19.406,0.371,W1
QSO_48.4662045-18.0477898,55586.36893300003,19.428,0.41,W1
QSO_48.4662045-18.0477898,55586.765432500026,19.506,0.465,W1
QSO_48.4662045-18.0477898,55586.897526,18.987,0.278,W1
QSO_48.4662045-18.0477898,56684.40603450002,19.161,0.449,W1
QSO_48.4662045-18.0477898,56873.55677250001,18.961,0.258,W1
QSO_48.4662045-18.0477898,56873.68820900004,18.68,0.221,W1
QSO_48.4662045-18.0477898,56873.688354999984,18.844,0.229,W1
QSO_48.4662045-18.0477898,56873.88545499999,18.584,0.186,W1
QSO_48.4662045-18.0477898,56874.08270100002,18.439,0.209,W1
QSO_48.4662045-18.0477898,56874.542856499975,18.781,0.27,W1
QSO_48.4662045-18.0477898,57044.92803269531,18.83,0.335,W1
QSO_48.4662045-18.0477898,57045.19068670369,19.702,0.474,W1
QSO_48.4662045-18.0477898,57045.45334071198,19.019,0.281,W1
QSO_48.4662045-18.0477898,57235.4014521611,19.029,0.494,W1
QSO_48.4662045-18.0477898,57235.72925867153,18.8,0.328,W1
QSO_48.4662045-18.0477898,57408.302459842045,19.071,0.326,W1
QSO_48.4662045-18.0477898,57602.9115833962,19.121,0.316,W1
QSO_48.4662045-18.0477898,57603.43679341277,18.921,0.331,W1
QSO_48.4662045-18.0477898,57966.61479949999,18.548,0.214,W1
QSO_48.4662045-18.0477898,58330.9369945,19.041,0.291,W1
QSO_48.4662045-18.0477898,58490.83915099999,19.137,0.319,W1
QSO_48.4662045-18.0477898,58491.03537500004,19.298,0.434,W1
QSO_48.4662045-18.0477898,58697.79564750002,18.867,0.264,W1
QSO_48.4662045-18.0477898,58698.44936249998,18.811,0.227,W1
QSO_48.4662045-18.0477898,58857.864007600016,18.763,0.24,W1
QSO_48.4662045-18.0477898,58858.2572746,18.718,,W1
QSO_48.4662045-18.0477898,59061.97723,18.831000000000003,0.237,W1
QSO_48.4662045-18.0477898,59222.51462000003,18.707,0.221,W1
QSO_48.4662045-18.0477898,59222.58002799997,18.891,0.228,W1
QSO_48.4662045-18.0477898,59222.64532649998,18.939,0.287,W1
QSO_48.4662045-18.0477898,59222.71058849996,18.051,0.169,W1
QSO_48.4662045-18.0477898,59222.710697999966,19.106,0.284,W1
QSO_48.4662045-18.0477898,59222.971965,18.915,0.273,W1
QSO_48.4662045-18.0477898,59429.43319300002,18.875,0.28,W1
QSO_48.4662045-18.0477898,59429.95569049996,18.966,0.328,W1
QSO_48.4662045-18.0477898,59586.57065700003,19.257,0.33,W1
QSO_48.4662045-18.0477898,59793.7311885,18.703000000000003,0.35,W1
QSO_48.4662045-18.0477898,59793.92675550003,19.101,0.307,W1
QSO_48.4662045-18.0477898,59794.05717,19.372,0.382,W1
QSO_48.4662045-18.0477898,60157.30852800003,18.738,0.23,W1
QSO_48.4662045-18.0477898,60157.50285399999,19.559,0.531,W1
QSO_48.4662045-18.0477898,60157.6323925,19.104,0.344,W1
QSO_48.4662045-18.0477898,60157.69718000003,18.457,0.296,W1
QSO_48.4662045-18.0477898,60157.76193100002,18.512,0.271,W1
QSO_48.4662045-18.0477898,60317.339324800014,18.86,0.351,W1
QSO_48.4662045-18.0477898,60317.339471199964,19.085,0.331,W1
QSO_48.4662045-18.0477898,60317.597976999976,19.064,0.37,W1
QSO_48.4662045-18.0477898,55219.57539599997,18.4,,W2
QSO_48.4662045-18.0477898,55222.08812899999,18.224,,W2
QSO_48.4662045-18.0477898,55222.220441499965,18.382,,W2
QSO_48.4662045-18.0477898,55222.41870949998,18.644,,W2
QSO_48.4662045-18.0477898,55222.48488400003,18.083,,W2
QSO_48.4662045-18.0477898,55222.55105849999,18.628,,W2
QSO_48.4662045-18.0477898,55222.617087,18.846,,W2
QSO_48.4662045-18.0477898,55222.68326149996,18.499,,W2
QSO_48.4662045-18.0477898,55408.76314500002,18.991,,W2
QSO_48.4662045-18.0477898,55408.895348,18.431,,W2
QSO_48.4662045-18.0477898,55409.02758749999,18.606,,W2
QSO_48.4662045-18.0477898,55409.35805849999,18.754,,W2
QSO_48.4662045-18.0477898,55409.42423300003,18.388,,W2
QSO_48.4662045-18.0477898,55409.49026150004,19.054,,W2
QSO_48.4662045-18.0477898,55409.556436,18.322,,W2
QSO_48.4662045-18.0477898,55409.62246450001,18.914,,W2
QSO_48.4662045-18.0477898,55409.75466749999,18.46,,W2
QSO_48.4662045-18.0477898,55409.88690699999,18.833,0.512,W2
QSO_48.4662045-18.0477898,55411.40727799996,18.401,,W2
QSO_48.4662045-18.0477898,55411.539517499965,19.076,,W2
QSO_48.4662045-18.0477898,55411.60554599998,19.071,,W2
QSO_48.4662045-18.0477898,55411.67172050002,18.647,,W2
QSO_48.4662045-18.0477898,55411.73774900003,18.445,,W2
QSO_48.4662045-18.0477898,55411.803813999984,18.66,,W2
QSO_48.4662045-18.0477898,55411.80392349999,19.076,0.526,W2
QSO_48.4662045-18.0477898,55411.869952,19.023,,W2
QSO_48.4662045-18.0477898,55411.93601699996,18.964,,W2
QSO_48.4662045-18.0477898,55412.0021915,18.43,,W2
QSO_48.4662045-18.0477898,55412.39883700004,19.102,,W2
QSO_48.4662045-18.0477898,55585.77416550001,18.373,,W2
QSO_48.4662045-18.0477898,55585.90625899999,18.141,,W2
QSO_48.4662045-18.0477898,55586.03846199996,18.837,,W2
QSO_48.4662045-18.0477898,55586.17066500001,18.562,,W2
QSO_48.4662045-18.0477898,55586.236729999975,18.312,,W2
QSO_48.4662045-18.0477898,55586.30275849999,18.934,,W2
QSO_48.4662045-18.0477898,55586.36893300003,18.548,,W2
QSO_48.4662045-18.0477898,55586.765432500026,18.341,,W2
QSO_48.4662045-18.0477898,55586.897526,18.187,,W2
QSO_48.4662045-18.0477898,56684.40603450002,18.625,0.536,W2
QSO_48.4662045-18.0477898,56873.55677250001,18.218,,W2
QSO_48.4662045-18.0477898,56873.68820900004,18.237,,W2
QSO_48.4662045-18.0477898,56873.688354999984,18.362,,W2
QSO_48.4662045-18.0477898,56873.88545499999,18.745,,W2
QSO_48.4662045-18.0477898,56874.08270100002,18.865,0.509,W2
QSO_48.4662045-18.0477898,56874.542856499975,18.452,,W2
QSO_48.4662045-18.0477898,57044.92803269531,18.127,0.262,W2
QSO_48.4662045-18.0477898,57045.19068670369,18.118,0.278,W2
QSO_48.4662045-18.0477898,57045.45334071198,18.651,,W2
QSO_48.4662045-18.0477898,57235.4014521611,18.472,,W2
QSO_48.4662045-18.0477898,57235.72925867153,17.716,,W2
QSO_48.4662045-18.0477898,57408.302459842045,18.009999999999998,,W2
QSO_48.4662045-18.0477898,57602.9115833962,18.549,,W2
QSO_48.4662045-18.0477898,57603.43679341277,18.218,,W2
QSO_48.4662045-18.0477898,57966.61479949999,18.68,0.421,W2
QSO_48.4662045-18.0477898,58330.9369945,18.12,,W2
QSO_48.4662045-18.0477898,58490.83915099999,18.223,,W2
QSO_48.4662045-18.0477898,58491.03537500004,18.368,,W2
QSO_48.4662045-18.0477898,58697.79564750002,18.926,,W2
QSO_48.4662045-18.0477898,58698.44936249998,18.353,,W2
QSO_48.4662045-18.0477898,58857.864007600016,18.094,,W2
QSO_48.4662045-18.0477898,58858.2572746,18.303,,W2
QSO_48.4662045-18.0477898,59061.97723,18.825,,W2
QSO_48.4662045-18.0477898,59222.51462000003,18.748,,W2
QSO_48.4662045-18.0477898,59222.58002799997,17.88,,W2
QSO_48.4662045-18.0477898,59222.64532649998,18.134,,W2
QSO_48.4662045-18.0477898,59222.71058849996,18.709,,W2
QSO_48.4662045-18.0477898,59222.710697999966,18.374,,W2
QSO_48.4662045-18.0477898,59222.971965,17.944,,W2
QSO_48.4662045-18.0477898,59429.43319300002,18.619,,W2
QSO_48.4662045-18.0477898,59429.95569049996,18.254,,W2
QSO_48.4662045-18.0477898,59586.57065700003,18.513,0.483,W2
QSO_48.4662045-18.0477898,59793.7311885,18.796,,W2
QSO_48.4662045-18.0477898,59793.92675550003,18.218,0.321,W2
QSO_48.4662045-18.0477898,59794.05717,18.598,,W2
QSO_48.4662045-18.0477898,60157.30852800003,18.107,,W2
QSO_48.4662045-18.0477898,60157.50285399999,18.64,0.512,W2
QSO_48.4662045-18.0477898,60157.6323925,18.439,,W2
QSO_48.4662045-18.0477898,60157.69718000003,18.441,,W2
QSO_48.4662045-18.0477898,60157.76193100002,18.291,,W2
QSO_48.4662045-18.0477898,60317.339324800014,18.865,,W2
QSO_48.4662045-18.0477898,60317.339471199964,17.887,,W2
QSO_48.4662045-18.0477898,60317.597976999976,18.9,0.535,W2
QSO_48.5176447-18.1812969,55219.57539599997,19.304,0.343,W1
QSO_48.5176447-18.1812969,55222.08812899999,19.136000000000003,,W1
QSO_48.5176447-18.1812969,55222.35253500002,19.697000000000003,0.534,W1
QSO_48.5176447-18.1812969,55222.41870949998,19.062,0.304,W1
QSO_48.5176447-18.1812969,55222.48488400003,19.366,0.393,W1
QSO_48.5176447-18.1812969,55222.55091250004,19.498,0.47,W1
QSO_48.5176447-18.1812969,55222.617087,18.668,0.223,W1
QSO_48.5176447-18.1812969,55222.68326149996,18.873,0.26,W1
QSO_48.5176447-18.1812969,55408.76314500002,19.131,0.314,W1
QSO_48.5176447-18.1812969,55408.895348,19.055,0.312,W1
QSO_48.5176447-18.1812969,55409.02758749999,19.087000000000003,0.37,W1
QSO_48.5176447-18.1812969,55409.35816799999,19.013,0.269,W1
QSO_48.5176447-18.1812969,55409.42423300003,19.053,0.283,W1
QSO_48.5176447-18.1812969,55409.49026150004,19.354,0.385,W1
QSO_48.5176447-18.1812969,55409.49037099996,18.901000000000003,0.253,W1
QSO_48.5176447-18.1812969,55409.556436,19.383000000000003,0.358,W1
QSO_48.5176447-18.1812969,55409.62246450001,19.026000000000003,0.28,W1
QSO_48.5176447-18.1812969,55409.75466749999,18.634,0.248,W1
QSO_48.5176447-18.1812969,55409.88690699999,18.75,,W1
QSO_48.5176447-18.1812969,55411.40727799996,19.203000000000003,0.327,W1
QSO_48.5176447-18.1812969,55411.539517499965,18.615,0.209,W1
QSO_48.5176447-18.1812969,55411.60554599998,19.237,0.336,W1
QSO_48.5176447-18.1812969,55411.67172050002,18.744,0.215,W1
QSO_48.5176447-18.1812969,55411.73774900003,19.429,0.405,W1
QSO_48.5176447-18.1812969,55411.80392349999,19.024,0.296,W1
QSO_48.5176447-18.1812969,55411.869952,19.083,0.273,W1
QSO_48.5176447-18.1812969,55411.93612649997,19.328000000000003,0.343,W1
QSO_48.5176447-18.1812969,55412.0021915,19.073,0.298,W1
QSO_48.5176447-18.1812969,55412.39883700004,18.804,0.216,W1
QSO_48.5176447-18.1812969,55585.90625899999,19.627,,W1
QSO_48.5176447-18.1812969,55586.03846199996,18.891,0.252,W1
QSO_48.5176447-18.1812969,55586.17055550001,18.914,0.254,W1
QSO_48.5176447-18.1812969,55586.236729999975,19.244,0.329,W1
QSO_48.5176447-18.1812969,55586.30275849999,18.638,0.211,W1
QSO_48.5176447-18.1812969,55586.368787,18.976,,W1
QSO_48.5176447-18.1812969,55586.76532300002,19.236,0.375,W1
QSO_48.5176447-18.1812969,55586.897526,19.09,0.305,W1
QSO_48.5176447-18.1812969,56684.20842350003,18.565,0.266,W1
QSO_48.5176447-18.1812969,56684.405925000014,18.903,0.265,W1
QSO_48.5176447-18.1812969,56684.537617,18.911,0.274,W1
QSO_48.5176447-18.1812969,56873.42533599998,19.065,0.297,W1
QSO_48.5176447-18.1812969,56873.75401850004,18.531,0.21,W1
QSO_48.5176447-18.1812969,56874.017037499965,19.107,0.326,W1
QSO_48.5176447-18.1812969,57045.45334071198,18.879,0.238,W1
QSO_48.5176447-18.1812969,57045.91283922657,19.096,0.289,W1
QSO_48.5176447-18.1812969,57234.87705664452,19.282,0.359,W1
QSO_48.5176447-18.1812969,57235.33593465909,18.701,0.254,W1
QSO_48.5176447-18.1812969,57235.66374116943,19.037,0.315,W1
QSO_48.5176447-18.1812969,57407.84247102752,18.834000000000003,0.246,W1
QSO_48.5176447-18.1812969,57603.43679341277,18.878,0.262,W1
QSO_48.5176447-18.1812969,57769.41738099999,18.918,0.328,W1
QSO_48.5176447-18.1812969,57769.548197000026,18.369,0.21,W1
QSO_48.5176447-18.1812969,57769.67912249998,18.765,0.254,W1
QSO_48.5176447-18.1812969,57769.810084499964,19.084000000000003,0.269,W1
QSO_48.5176447-18.1812969,57769.9409005,18.545,0.175,W1
QSO_48.5176447-18.1812969,57770.00641800002,19.286,0.359,W1
QSO_48.5176447-18.1812969,57967.00735700002,19.227,0.417,W1
QSO_48.5176447-18.1812969,57967.00750299997,18.714,0.206,W1
QSO_48.5176447-18.1812969,57967.26913500004,18.584,0.216,W1
QSO_48.5176447-18.1812969,57967.33454299997,18.983,0.27,W1
QSO_48.5176447-18.1812969,57967.39995099999,18.963,,W1
QSO_48.5176447-18.1812969,58129.72578049997,19.302,0.363,W1
QSO_48.5176447-18.1812969,58129.79118849999,19.007,0.278,W1
QSO_48.5176447-18.1812969,58130.24904450003,18.841,0.229,W1
QSO_48.5176447-18.1812969,58331.13307250002,19.022,0.355,W1
QSO_48.5176447-18.1812969,58490.51225700002,18.61,0.227,W1
QSO_48.5176447-18.1812969,58490.904559,18.672,0.229,W1
QSO_48.5176447-18.1812969,58490.96996700002,18.700000000000003,0.246,W1
QSO_48.5176447-18.1812969,58491.03526550003,18.716,0.199,W1
QSO_48.5176447-18.1812969,58697.46875349996,19.270000000000003,,W1
QSO_48.5176447-18.1812969,58697.4688995,18.522,0.392,W1
QSO_48.5176447-18.1812969,58697.861055500034,18.319,0.486,W1
QSO_48.5176447-18.1812969,58697.92646349996,19.059,0.343,W1
QSO_48.5176447-18.1812969,58857.7984204,18.629,0.194,W1
QSO_48.5176447-18.1812969,58857.864007600016,18.633,0.368,W1
QSO_48.5176447-18.1812969,59061.97723,18.68,0.204,W1
QSO_48.5176447-18.1812969,59222.51462000003,18.752,0.348,W1
QSO_48.5176447-18.1812969,59222.57991849996,19.01,0.471,W1
QSO_48.5176447-18.1812969,59222.64532649998,19.305,0.367,W1
QSO_48.5176447-18.1812969,59222.77599649999,19.179,0.387,W1
QSO_48.5176447-18.1812969,59222.84125849997,18.621,0.18,W1
QSO_48.5176447-18.1812969,59222.971965,19.067,0.32,W1
QSO_48.5176447-18.1812969,59586.30953600004,18.699,0.457,W1
QSO_48.5176447-18.1812969,59793.86160299997,18.584,0.429,W1
QSO_48.5176447-18.1812969,59793.992017500015,19.1,0.292,W1
QSO_48.5176447-18.1812969,59794.05717,18.695,0.243,W1
QSO_48.5176447-18.1812969,59794.18747499996,18.969,0.271,W1
QSO_48.5176447-18.1812969,59953.33521300001,19.024,0.277,W1
QSO_48.5176447-18.1812969,59953.530415,19.005000000000003,0.288,W1
QSO_48.5176447-18.1812969,59953.92081899998,18.631,0.201,W1
QSO_48.5176447-18.1812969,60157.30852800003,18.508,0.21,W1
QSO_48.5176447-18.1812969,60157.63253850004,18.668,0.457,W1
QSO_48.5176447-18.1812969,60157.69728950003,19.185,0.379,W1
QSO_48.5176447-18.1812969,60157.76207699997,18.552,0.254,W1
QSO_48.5176447-18.1812969,60157.82682799997,19.245,0.351,W1
QSO_48.5176447-18.1812969,60317.597976999976,18.78,0.228,W1
QSO_48.5176447-18.1812969,60317.856629200025,19.368,0.421,W1
QSO_48.5176447-18.1812969,55219.57539599997,18.566,,W2
QSO_48.5176447-18.1812969,55222.08812899999,18.436,,W2
QSO_48.5176447-18.1812969,55222.35253500002,18.344,,W2
QSO_48.5176447-18.1812969,55222.41870949998,18.744,,W2
QSO_48.5176447-18.1812969,55222.48488400003,18.835,,W2
QSO_48.5176447-18.1812969,55222.55091250004,18.747,,W2
QSO_48.5176447-18.1812969,55222.617087,18.659,0.416,W2
QSO_48.5176447-18.1812969,55222.68326149996,18.336,,W2
QSO_48.5176447-18.1812969,55408.76314500002,18.585,,W2
QSO_48.5176447-18.1812969,55408.895348,18.361,,W2
QSO_48.5176447-18.1812969,55409.02758749999,18.213,,W2
QSO_48.5176447-18.1812969,55409.35816799999,18.454,,W2
QSO_48.5176447-18.1812969,55409.42423300003,19.003,,W2
QSO_48.5176447-18.1812969,55409.49026150004,18.003999999999998,0.239,W2
QSO_48.5176447-18.1812969,55409.49037099996,18.471,,W2
QSO_48.5176447-18.1812969,55409.556436,18.182,,W2
QSO_48.5176447-18.1812969,55409.62246450001,18.526,,W2
QSO_48.5176447-18.1812969,55409.75466749999,18.905,,W2
QSO_48.5176447-18.1812969,55409.88690699999,18.504,,W2
QSO_48.5176447-18.1812969,55411.40727799996,19.066,,W2
QSO_48.5176447-18.1812969,55411.539517499965,18.969,,W2
QSO_48.5176447-18.1812969,55411.60554599998,18.785,,W2
QSO_48.5176447-18.1812969,55411.67172050002,18.715,0.519,W2
QSO_48.5176447-18.1812969,55411.73774900003,18.265,,W2
QSO_48.5176447-18.1812969,55411.80392349999,18.432,,W2
QSO_48.5176447-18.1812969,55411.869952,18.497,,W2
QSO_48.5176447-18.1812969,55411.93612649997,19.101,,W2
QSO_48.5176447-18.1812969,55412.0021915,18.198,,W2
QSO_48.5176447-18.1812969,55412.39883700004,18.462,,W2
QSO_48.5176447-18.1812969,55585.90625899999,18.194,,W2
QSO_48.5176447-18.1812969,55586.03846199996,18.224,,W2
QSO_48.5176447-18.1812969,55586.17055550001,18.675,,W2
QSO_48.5176447-18.1812969,55586.236729999975,18.533,,W2
QSO_48.5176447-18.1812969,55586.30275849999,18.384,,W2
QSO_48.5176447-18.1812969,55586.368787,18.221,,W2
QSO_48.5176447-18.1812969,55586.76532300002,18.22,,W2
QSO_48.5176447-18.1812969,55586.897526,18.812,,W2
QSO_48.5176447-18.1812969,56684.20842350003,18.968,,W2
QSO_48.5176447-18.1812969,56684.405925000014,18.49,,W2
QSO_48.5176447-18.1812969,56684.537617,18.799,,W2
QSO_48.5176447-18.1812969,56873.42533599998,18.372,,W2
QSO_48.5176447-18.1812969,56873.75401850004,18.369,,W2
QSO_48.5176447-18.1812969,56874.017037499965,18.269,,W2
QSO_48.5176447-18.1812969,57045.45334071198,18.373,,W2
QSO_48.5176447-18.1812969,57045.91283922657,18.761,,W2
QSO_48.5176447-18.1812969,57234.87705664452,18.994,,W2
QSO_48.5176447-18.1812969,57235.33593465909,17.576,0.201,W2
QSO_48.5176447-18.1812969,57235.66374116943,18.341,,W2
QSO_48.5176447-18.1812969,57407.84247102752,18.824,,W2
QSO_48.5176447-18.1812969,57603.43679341277,18.775,,W2
QSO_48.5176447-18.1812969,57769.41738099999,18.648,,W2
QSO_48.5176447-18.1812969,57769.548197000026,18.256,,W2
QSO_48.5176447-18.1812969,57769.67912249998,18.735,0.492,W2
QSO_48.5176447-18.1812969,57769.810084499964,18.401,,W2
QSO_48.5176447-18.1812969,57769.9409005,18.45,,W2
QSO_48.5176447-18.1812969,57770.00641800002,18.19,,W2
QSO_48.5176447-18.1812969,57967.00735700002,18.429,0.448,W2
QSO_48.5176447-18.1812969,57967.00750299997,17.971,,W2
QSO_48.5176447-18.1812969,57967.26913500004,18.575,,W2
QSO_48.5176447-18.1812969,57967.33454299997,18.193,,W2
QSO_48.5176447-18.1812969,57967.39995099999,18.223,,W2
QSO_48.5176447-18.1812969,58129.72578049997,18.03,,W2
QSO_48.5176447-18.1812969,58129.79118849999,18.195,,W2
QSO_48.5176447-18.1812969,58130.24904450003,18.049,,W2
QSO_48.5176447-18.1812969,58331.13307250002,18.773,,W2
QSO_48.5176447-18.1812969,58490.51225700002,18.014,,W2
QSO_48.5176447-18.1812969,58490.904559,18.876,,W2
QSO_48.5176447-18.1812969,58490.96996700002,18.334,,W2
QSO_48.5176447-18.1812969,58491.03526550003,18.884,,W2
QSO_48.5176447-18.1812969,58697.46875349996,18.018,0.377,W2
QSO_48.5176447-18.1812969,58697.4688995,18.389,0.444,W2
QSO_48.5176447-18.1812969,58697.861055500034,18.053,,W2
QSO_48.5176447-18.1812969,58697.92646349996,18.389,,W2
QSO_48.5176447-18.1812969,58857.7984204,18.745,,W2
QSO_48.5176447-18.1812969,58857.864007600016,18.819,,W2
QSO_48.5176447-18.1812969,59061.97723,18.766,,W2
QSO_48.5176447-18.1812969,59222.51462000003,18.691,,W2
QSO_48.5176447-18.1812969,59222.57991849996,18.401,,W2
QSO_48.5176447-18.1812969,59222.64532649998,18.624,,W2
QSO_48.5176447-18.1812969,59222.77599649999,17.985,,W2
QSO_48.5176447-18.1812969,59222.84125849997,18.465,,W2
QSO_48.5176447-18.1812969,59222.971965,18.006,0.328,W2
QSO_48.5176447-18.1812969,59586.30953600004,18.744,,W2
QSO_48.5176447-18.1812969,59793.86160299997,18.2,,W2
QSO_48.5176447-18.1812969,59793.992017500015,18.735,0.47,W2
QSO_48.5176447-18.1812969,59794.05717,18.645,,W2
QSO_48.5176447-18.1812969,59794.18747499996,18.16,,W2
QSO_48.5176447-18.1812969,59953.33521300001,18.213,,W2
QSO_48.5176447-18.1812969,59953.530415,18.642,0.515,W2
QSO_48.5176447-18.1812969,59953.92081899998,18.088,,W2
QSO_48.5176447-18.1812969,60157.30852800003,18.898,,W2
QSO_48.5176447-18.1812969,60157.63253850004,18.729,0.532,W2
QSO_48.5176447-18.1812969,60157.69728950003,17.907,,W2
QSO_48.5176447-18.1812969,60157.76207699997,17.892,,W2
QSO_48.5176447-18.1812969,60157.82682799997,17.774,,W2
QSO_48.5176447-18.1812969,60317.597976999976,18.686,0.455,W2
QSO_48.5176447-18.1812969,60317.856629200025,18.669,,W2
QSO_48.4782557-18.2468934,55219.57539599997,18.314,0.161,W1
QSO_48.4782557-18.2468934,55222.08812899999,19.143,0.32,W1
QSO_48.4782557-18.2468934,55222.35253500002,18.843,0.248,W1
QSO_48.4782557-18.2468934,55222.41870949998,19.114,,W1
QSO_48.4782557-18.2468934,55222.48488400003,18.952,,W1
QSO_48.4782557-18.2468934,55222.55091250004,18.989,0.282,W1
QSO_48.4782557-18.2468934,55222.68326149996,18.903,0.246,W1
QSO_48.4782557-18.2468934,55408.63105149997,19.122,0.308,W1
QSO_48.4782557-18.2468934,55408.76314500002,18.997,0.261,W1
QSO_48.4782557-18.2468934,55408.76329099997,18.659,0.219,W1
QSO_48.4782557-18.2468934,55408.895348,18.918,0.255,W1
QSO_48.4782557-18.2468934,55409.02758749999,19.023000000000003,0.289,W1
QSO_48.4782557-18.2468934,55409.35816799999,19.277,0.332,W1
QSO_48.4782557-18.2468934,55409.42423300003,19.25,0.318,W1
QSO_48.4782557-18.2468934,55409.49037099996,19.335,0.365,W1
QSO_48.4782557-18.2468934,55409.62246450001,19.797,,W1
QSO_48.4782557-18.2468934,55409.622610499966,19.183,,W1
QSO_48.4782557-18.2468934,55409.75466749999,19.293,0.347,W1
QSO_48.4782557-18.2468934,55409.88690699999,19.316000000000003,0.358,W1
QSO_48.4782557-18.2468934,55411.40727799996,19.276000000000003,0.327,W1
QSO_48.4782557-18.2468934,55411.473343,18.771,0.269,W1
QSO_48.4782557-18.2468934,55411.4734525,19.533,,W1
QSO_48.4782557-18.2468934,55411.539517499965,19.061,0.376,W1
QSO_48.4782557-18.2468934,55411.60554599998,19.387,0.459,W1
QSO_48.4782557-18.2468934,55411.67172050002,18.872,0.226,W1
QSO_48.4782557-18.2468934,55411.73774900003,19.544,0.441,W1
QSO_48.4782557-18.2468934,55411.80392349999,19.04,,W1
QSO_48.4782557-18.2468934,55411.869952,19.183,0.336,W1
QSO_48.4782557-18.2468934,55412.0021915,19.199,0.314,W1
QSO_48.4782557-18.2468934,55585.77401949999,18.799,0.258,W1
QSO_48.4782557-18.2468934,55585.90625899999,19.664,0.481,W1
QSO_48.4782557-18.2468934,55586.03846199996,19.206000000000003,0.338,W1
QSO_48.4782557-18.2468934,55586.17055550001,19.303,0.337,W1
QSO_48.4782557-18.2468934,55586.236729999975,18.875,0.237,W1
QSO_48.4782557-18.2468934,55586.30275849999,19.624,0.482,W1
QSO_48.4782557-18.2468934,55586.368787,18.904,0.261,W1
QSO_48.4782557-18.2468934,55586.76532300002,19.229,0.342,W1
QSO_48.4782557-18.2468934,55586.897526,19.129,0.307,W1
QSO_48.4782557-18.2468934,56684.20842350003,19.06,0.298,W1
QSO_48.4782557-18.2468934,56684.405925000014,18.924,0.264,W1
QSO_48.4782557-18.2468934,56873.42533599998,18.864,0.229,W1
QSO_48.4782557-18.2468934,56873.688354999984,19.07,0.294,W1
QSO_48.4782557-18.2468934,56873.88560100002,19.237,0.334,W1
QSO_48.4782557-18.2468934,56874.4113835,18.911,0.29,W1
QSO_48.4782557-18.2468934,57044.92803269531,18.628,0.215,W1
QSO_48.4782557-18.2468934,57235.33593465909,18.902,0.245,W1
QSO_48.4782557-18.2468934,57235.40159816114,18.326,0.142,W1
QSO_48.4782557-18.2468934,57235.72925867153,18.861,0.244,W1
QSO_48.4782557-18.2468934,57235.72936817154,18.934,0.311,W1
QSO_48.4782557-18.2468934,57408.105295635774,19.154,0.307,W1
QSO_48.4782557-18.2468934,57602.18950197334,18.984,0.262,W1
QSO_48.4782557-18.2468934,57602.58342778581,18.757,0.218,W1
QSO_48.4782557-18.2468934,57769.41723500004,18.783,0.219,W1
QSO_48.4782557-18.2468934,57769.548197000026,18.893,0.28,W1
QSO_48.4782557-18.2468934,57769.67912249998,19.174,0.353,W1
QSO_48.4782557-18.2468934,57769.7445305,19.046,0.27,W1
QSO_48.4782557-18.2468934,57967.00750299997,18.695,0.22,W1
QSO_48.4782557-18.2468934,57967.138319000005,19.312,0.425,W1
QSO_48.4782557-18.2468934,57967.26913500004,18.905,0.332,W1
QSO_48.4782557-18.2468934,58129.66037250004,18.934,0.28,W1
QSO_48.4782557-18.2468934,58129.72578049997,18.475,0.329,W1
QSO_48.4782557-18.2468934,58330.54454649998,18.641,0.203,W1
QSO_48.4782557-18.2468934,58331.06781050003,18.887,0.242,W1
QSO_48.4782557-18.2468934,58331.13307250002,18.46,0.196,W1
QSO_48.4782557-18.2468934,58331.19848050004,18.796,0.258,W1
QSO_48.4782557-18.2468934,58490.51225700002,19.091,0.419,W1
QSO_48.4782557-18.2468934,58490.83915099999,18.931,0.333,W1
QSO_48.4782557-18.2468934,58491.10067349997,18.641,0.218,W1
QSO_48.4782557-18.2468934,58697.4688995,19.063,0.328,W1
QSO_48.4782557-18.2468934,58697.5995695,18.45,0.179,W1
QSO_48.4782557-18.2468934,58697.861055500034,18.608,0.253,W1
QSO_48.4782557-18.2468934,58698.18798600003,18.989,0.367,W1
QSO_48.4782557-18.2468934,58857.864007600016,18.837000000000003,0.391,W1
QSO_48.4782557-18.2468934,58858.12610019997,18.898000000000003,0.256,W1
QSO_48.4782557-18.2468934,59062.23932260004,18.474,0.181,W1
QSO_48.4782557-18.2468934,59222.51462000003,18.604,0.23,W1
QSO_48.4782557-18.2468934,59222.57991849996,19.096,0.361,W1
QSO_48.4782557-18.2468934,59222.64532649998,19.196,0.307,W1
QSO_48.4782557-18.2468934,59222.71058849996,19.347,0.355,W1
QSO_48.4782557-18.2468934,59222.84125849997,18.666,0.33,W1
QSO_48.4782557-18.2468934,59222.971965,18.84,0.247,W1
QSO_48.4782557-18.2468934,59429.17207200002,18.635,0.262,W1
QSO_48.4782557-18.2468934,59429.43333899997,18.486,0.172,W1
QSO_48.4782557-18.2468934,59429.69456949997,18.735,0.216,W1
QSO_48.4782557-18.2468934,59429.75986799998,18.961,0.271,W1
QSO_48.4782557-18.2468934,59429.9558365,19.067,0.31,W1
QSO_48.4782557-18.2468934,59430.02109849999,18.987,0.28,W1
QSO_48.4782557-18.2468934,59430.15165899998,18.888,0.336,W1
QSO_48.4782557-18.2468934,59586.30953600004,18.931,0.394,W1
QSO_48.4782557-18.2468934,59586.50539499997,18.956000000000003,0.236,W1
QSO_48.4782557-18.2468934,59793.66614550003,19.524,0.454,W1
QSO_48.4782557-18.2468934,59793.86160299997,18.851,0.325,W1
QSO_48.4782557-18.2468934,59793.92686500004,18.656,0.25,W1
QSO_48.4782557-18.2468934,59794.18747499996,18.449,0.266,W1
QSO_48.4782557-18.2468934,59953.07485850004,18.692,0.202,W1
QSO_48.4782557-18.2468934,59953.33521300001,18.438,0.231,W1
QSO_48.4782557-18.2468934,59953.465262500016,19.405,0.444,W1
QSO_48.4782557-18.2468934,59953.530415,18.497,0.191,W1
QSO_48.4782557-18.2468934,60157.69728950003,18.403,0.203,W1
QSO_48.4782557-18.2468934,60317.597976999976,18.626,0.201,W1
QSO_48.4782557-18.2468934,55219.57539599997,19.025,,W2
QSO_48.4782557-18.2468934,55222.08812899999,18.204,,W2
QSO_48.4782557-18.2468934,55222.35253500002,18.245,,W2
QSO_48.4782557-18.2468934,55222.41870949998,18.695,,W2
QSO_48.4782557-18.2468934,55222.48488400003,18.332,,W2
QSO_48.4782557-18.2468934,55222.55091250004,18.83,,W2
QSO_48.4782557-18.2468934,55222.68326149996,18.547,,W2
QSO_48.4782557-18.2468934,55408.63105149997,19.003,,W2
QSO_48.4782557-18.2468934,55408.76314500002,19.127,,W2
QSO_48.4782557-18.2468934,55408.76329099997,18.695,,W2
QSO_48.4782557-18.2468934,55408.895348,18.865,,W2
QSO_48.4782557-18.2468934,55409.02758749999,18.752,,W2
QSO_48.4782557-18.2468934,55409.35816799999,19.046,,W2
QSO_48.4782557-18.2468934,55409.42423300003,18.363,,W2
QSO_48.4782557-18.2468934,55409.49037099996,18.514,,W2
QSO_48.4782557-18.2468934,55409.62246450001,18.52,0.35,W2
QSO_48.4782557-18.2468934,55409.622610499966,18.924,,W2
QSO_48.4782557-18.2468934,55409.75466749999,18.388,0.299,W2
QSO_48.4782557-18.2468934,55409.88690699999,18.907,0.471,W2
QSO_48.4782557-18.2468934,55411.40727799996,18.859,,W2
QSO_48.4782557-18.2468934,55411.473343,18.834,0.439,W2
QSO_48.4782557-18.2468934,55411.4734525,18.67,,W2
QSO_48.4782557-18.2468934,55411.539517499965,18.539,,W2
QSO_48.4782557-18.2468934,55411.60554599998,18.718,,W2
QSO_48.4782557-18.2468934,55411.67172050002,18.897,0.469,W2
QSO_48.4782557-18.2468934,55411.73774900003,18.907,0.539,W2
QSO_48.4782557-18.2468934,55411.80392349999,18.812,0.518,W2
QSO_48.4782557-18.2468934,55411.869952,18.401,,W2
QSO_48.4782557-18.2468934,55412.0021915,19.057,,W2
QSO_48.4782557-18.2468934,55585.77401949999,18.919,,W2
QSO_48.4782557-18.2468934,55585.90625899999,18.608,,W2
QSO_48.4782557-18.2468934,55586.03846199996,18.857,0.496,W2
QSO_48.4782557-18.2468934,55586.17055550001,19.037,,W2
QSO_48.4782557-18.2468934,55586.236729999975,18.438,,W2
QSO_48.4782557-18.2468934,55586.30275849999,18.782,0.483,W2
QSO_48.4782557-18.2468934,55586.368787,18.338,,W2
QSO_48.4782557-18.2468934,55586.76532300002,18.774,,W2
QSO_48.4782557-18.2468934,55586.897526,18.635,,W2
QSO_48.4782557-18.2468934,56684.20842350003,18.29,,W2
QSO_48.4782557-18.2468934,56684.405925000014,18.307,,W2
QSO_48.4782557-18.2468934,56873.42533599998,18.537,,W2
QSO_48.4782557-18.2468934,56873.688354999984,18.184,,W2
QSO_48.4782557-18.2468934,56873.88560100002,18.453,0.396,W2
QSO_48.4782557-18.2468934,56874.4113835,18.692,0.49,W2
QSO_48.4782557-18.2468934,57044.92803269531,18.092,,W2
QSO_48.4782557-18.2468934,57235.33593465909,18.066,,W2
QSO_48.4782557-18.2468934,57235.40159816114,18.528,,W2
QSO_48.4782557-18.2468934,57235.72925867153,17.954,,W2
QSO_48.4782557-18.2468934,57235.72936817154,18.195,,W2
QSO_48.4782557-18.2468934,57408.105295635774,18.19,,W2
QSO_48.4782557-18.2468934,57602.18950197334,18.166,,W2
QSO_48.4782557-18.2468934,57602.58342778581,17.908,,W2
QSO_48.4782557-18.2468934,57769.41723500004,18.153,,W2
QSO_48.4782557-18.2468934,57769.548197000026,18.091,,W2
QSO_48.4782557-18.2468934,57769.67912249998,18.928,,W2
QSO_48.4782557-18.2468934,57769.7445305,18.327,0.358,W2
QSO_48.4782557-18.2468934,57967.00750299997,18.634,,W2
QSO_48.4782557-18.2468934,57967.138319000005,18.601,,W2
QSO_48.4782557-18.2468934,57967.26913500004,18.159,,W2
QSO_48.4782557-18.2468934,58129.66037250004,18.14,0.388,W2
QSO_48.4782557-18.2468934,58129.72578049997,18.673,,W2
QSO_48.4782557-18.2468934,58330.54454649998,18.349,0.397,W2
QSO_48.4782557-18.2468934,58331.06781050003,18.147,,W2
QSO_48.4782557-18.2468934,58331.13307250002,18.4,,W2
QSO_48.4782557-18.2468934,58331.19848050004,18.394,,W2
QSO_48.4782557-18.2468934,58490.51225700002,17.652,,W2
QSO_48.4782557-18.2468934,58490.83915099999,18.508,,W2
QSO_48.4782557-18.2468934,58491.10067349997,18.15,,W2
QSO_48.4782557-18.2468934,58697.4688995,18.048,,W2
QSO_48.4782557-18.2468934,58697.5995695,18.142,0.426,W2
QSO_48.4782557-18.2468934,58697.861055500034,18.381,,W2
QSO_48.4782557-18.2468934,58698.18798600003,18.438,0.372,W2
QSO_48.4782557-18.2468934,58857.864007600016,18.769,0.434,W2
QSO_48.4782557-18.2468934,58858.12610019997,18.934,0.531,W2
QSO_48.4782557-18.2468934,59062.23932260004,18.33,,W2
QSO_48.4782557-18.2468934,59222.51462000003,18.217,,W2
QSO_48.4782557-18.2468934,59222.57991849996,18.641,0.441,W2
QSO_48.4782557-18.2468934,59222.64532649998,18.876,,W2
QSO_48.4782557-18.2468934,59222.71058849996,17.994,0.412,W2
QSO_48.4782557-18.2468934,59222.84125849997,18.096,,W2
QSO_48.4782557-18.2468934,59222.971965,18.524,0.421,W2
QSO_48.4782557-18.2468934,59429.17207200002,18.885,0.535,W2
QSO_48.4782557-18.2468934,59429.43333899997,18.335,,W2
QSO_48.4782557-18.2468934,59429.69456949997,18.358,,W2
QSO_48.4782557-18.2468934,59429.75986799998,18.228,,W2
QSO_48.4782557-18.2468934,59429.9558365,18.209,,W2
QSO_48.4782557-18.2468934,59430.02109849999,18.492,0.429,W2
QSO_48.4782557-18.2468934,59430.15165899998,18.248,,W2
QSO_48.4782557-18.2468934,59586.30953600004,18.83,0.48,W2
QSO_48.4782557-18.2468934,59586.50539499997,18.082,,W2
QSO_48.4782557-18.2468934,59793.66614550003,18.362,0.515,W2
QSO_48.4782557-18.2468934,59793.86160299997,18.397,,W2
QSO_48.4782557-18.2468934,59793.92686500004,18.539,,W2
QSO_48.4782557-18.2468934,59794.18747499996,18.048,,W2
QSO_48.4782557-18.2468934,59953.07485850004,17.797,,W2
QSO_48.4782557-18.2468934,59953.33521300001,18.467,,W2
QSO_48.4782557-18.2468934,59953.465262500016,18.812,0.46,W2
QSO_48.4782557-18.2468934,59953.530415,18.391,,W2
QSO_48.4782557-18.2468934,60157.69728950003,18.539,,W2
QSO_48.4782557-18.2468934,60317.597976999976,18.504,,W2
QSO_48.5916901-18.0997412,55219.57539599997,18.526,0.199,W1
QSO_48.5916901-18.0997412,55222.08812899999,19.151000000000003,0.426,W1
QSO_48.5916901-18.0997412,55222.41870949998,19.117,0.352,W1
QSO_48.5916901-18.0997412,55222.48488400003,18.608,0.199,W1
QSO_48.5916901-18.0997412,55222.55091250004,18.944000000000003,0.268,W1
QSO_48.5916901-18.0997412,55222.55105849999,18.651,0.203,W1
QSO_48.5916901-18.0997412,55222.617087,18.596,0.205,W1
QSO_48.5916901-18.0997412,55222.68326149996,19.637,0.472,W1
QSO_48.5916901-18.0997412,55408.895348,18.998,0.286,W1
QSO_48.5916901-18.0997412,55409.02758749999,19.289,,W1
QSO_48.5916901-18.0997412,55409.35805849999,19.059,0.265,W1
QSO_48.5916901-18.0997412,55409.35816799999,19.221,0.36,W1
QSO_48.5916901-18.0997412,55409.42423300003,18.827,0.218,W1
QSO_48.5916901-18.0997412,55409.49026150004,19.238,0.343,W1
QSO_48.5916901-18.0997412,55409.556436,19.131,,W1
QSO_48.5916901-18.0997412,55409.62246450001,19.269,,W1
QSO_48.5916901-18.0997412,55409.75466749999,18.829,0.24,W1
QSO_48.5916901-18.0997412,55409.88690699999,18.509,0.172,W1
QSO_48.5916901-18.0997412,55410.019109999965,18.983,,W1
QSO_48.5916901-18.0997412,55411.40727799996,19.166,0.318,W1
QSO_48.5916901-18.0997412,55411.539517499965,19.54,0.481,W1
QSO_48.5916901-18.0997412,55411.67172050002,18.736,0.214,W1
QSO_48.5916901-18.0997412,55411.73774900003,18.662,0.209,W1
QSO_48.5916901-18.0997412,55411.80392349999,19.15,0.305,W1
QSO_48.5916901-18.0997412,55411.869952,19.551,0.452,W1
QSO_48.5916901-18.0997412,55411.93612649997,19.201,0.351,W1
QSO_48.5916901-18.0997412,55412.0021915,19.447000000000003,0.389,W1
QSO_48.5916901-18.0997412,55412.068220000016,18.934,0.248,W1
QSO_48.5916901-18.0997412,55412.06836599997,19.141,0.314,W1
QSO_48.5916901-18.0997412,55412.39883700004,19.322000000000003,0.363,W1
QSO_48.5916901-18.0997412,55585.90625899999,19.624,,W1
QSO_48.5916901-18.0997412,55586.03846199996,19.637,0.485,W1
QSO_48.5916901-18.0997412,55586.17055550001,19.455,0.486,W1
QSO_48.5916901-18.0997412,55586.17066500001,19.042,0.279,W1
QSO_48.5916901-18.0997412,55586.30275849999,18.65,0.231,W1
QSO_48.5916901-18.0997412,55586.368787,18.477,0.169,W1
QSO_48.5916901-18.0997412,55586.36893300003,18.423,0.175,W1
QSO_48.5916901-18.0997412,55586.76532300002,19.066000000000003,0.291,W1
QSO_48.5916901-18.0997412,55586.897526,19.481,0.41,W1
QSO_48.5916901-18.0997412,55587.02972899997,19.749,0.514,W1
QSO_48.5916901-18.0997412,56684.010922000045,18.644,0.206,W1
QSO_48.5916901-18.0997412,56684.405925000014,18.692,0.289,W1
QSO_48.5916901-18.0997412,56684.603426500005,18.457,0.325,W1
QSO_48.5916901-18.0997412,56873.55677250001,19.024,0.277,W1
QSO_48.5916901-18.0997412,56873.688354999984,19.086,0.287,W1
QSO_48.5916901-18.0997412,56873.81979150002,18.693,0.211,W1
QSO_48.5916901-18.0997412,56874.542856499975,18.853,0.334,W1
QSO_48.5916901-18.0997412,56874.67440250001,19.648000000000003,0.472,W1
QSO_48.5916901-18.0997412,57235.46711566324,19.041,0.305,W1
QSO_48.5916901-18.0997412,57235.79477617363,18.413,0.182,W1
QSO_48.5916901-18.0997412,57408.302459842045,19.125,0.317,W1
QSO_48.5916901-18.0997412,57408.5651746503,19.557,0.464,W1
QSO_48.5916901-18.0997412,57602.58342778581,18.849,0.241,W1
QSO_48.5916901-18.0997412,57602.8459961941,18.886000000000003,0.249,W1
QSO_48.5916901-18.0997412,57769.67912249998,19.143,0.318,W1
QSO_48.5916901-18.0997412,57769.9409005,18.656,0.197,W1
QSO_48.5916901-18.0997412,57770.00641800002,18.755000000000003,0.319,W1
QSO_48.5916901-18.0997412,57967.00735700002,18.86,,W1
QSO_48.5916901-18.0997412,57967.00750299997,18.659,0.198,W1
QSO_48.5916901-18.0997412,57967.138319000005,18.561,0.185,W1
QSO_48.5916901-18.0997412,58331.13307250002,18.531,0.259,W1
QSO_48.5916901-18.0997412,58331.52552049996,19.313,0.39,W1
QSO_48.5916901-18.0997412,58490.38144099998,18.682,0.291,W1
QSO_48.5916901-18.0997412,58490.83915099999,19.153,,W1
QSO_48.5916901-18.0997412,58490.904559,18.778,0.252,W1
QSO_48.5916901-18.0997412,58491.03526550003,19.096,0.282,W1
QSO_48.5916901-18.0997412,58491.03537500004,18.96,0.403,W1
QSO_48.5916901-18.0997412,58491.49297550004,18.885,0.242,W1
QSO_48.5916901-18.0997412,58697.861055500034,18.922,0.306,W1
QSO_48.5916901-18.0997412,58697.92646349996,19.414,0.482,W1
QSO_48.5916901-18.0997412,58698.253248000015,19.014000000000003,0.312,W1
QSO_48.5916901-18.0997412,58698.44936249998,19.288,0.451,W1
QSO_48.5916901-18.0997412,58857.60180519998,18.922,0.258,W1
QSO_48.5916901-18.0997412,58857.864007600016,18.849,0.284,W1
QSO_48.5916901-18.0997412,58858.2572746,18.993,0.293,W1
QSO_48.5916901-18.0997412,59062.10825800001,18.453,0.176,W1
QSO_48.5916901-18.0997412,59062.23932260004,19.015,0.3,W1
QSO_48.5916901-18.0997412,59426.2978795,18.811,0.252,W1
QSO_48.5916901-18.0997412,59426.42844,18.439,0.242,W1
QSO_48.5916901-18.0997412,59429.43333899997,18.862,0.25,W1
QSO_48.5916901-18.0997412,59429.82512999997,18.693,0.3,W1
QSO_48.5916901-18.0997412,59430.02109849999,18.919,0.284,W1
QSO_48.5916901-18.0997412,59586.50539499997,19.159,0.376,W1
QSO_48.5916901-18.0997412,59586.57065700003,18.813,0.234,W1
QSO_48.5916901-18.0997412,59586.635955499965,18.58,0.216,W1
QSO_48.5916901-18.0997412,59586.70121750004,18.942,0.269,W1
QSO_48.5916901-18.0997412,59586.83177800003,19.312,0.359,W1
QSO_48.5916901-18.0997412,59587.02763699996,18.384,0.151,W1
QSO_48.5916901-18.0997412,59793.86160299997,19.168,0.341,W1
QSO_48.5916901-18.0997412,59794.18747499996,18.588,0.243,W1
QSO_48.5916901-18.0997412,59794.448231,18.880000000000003,0.256,W1
QSO_48.5916901-18.0997412,59952.944663,19.551,0.472,W1
QSO_48.5916901-18.0997412,59953.465262500016,18.539,0.231,W1
QSO_48.5916901-18.0997412,59953.530415,19.034,0.397,W1
QSO_48.5916901-18.0997412,59953.79062350002,19.112,0.298,W1
QSO_48.5916901-18.0997412,60157.43806649996,18.982,0.306,W1
QSO_48.5916901-18.0997412,60157.76207699997,18.443,0.225,W1
QSO_48.5916901-18.0997412,60317.339324800014,18.6,0.234,W1
QSO_48.5916901-18.0997412,60317.856629200025,19.328000000000003,0.401,W1
QSO_48.5916901-18.0997412,55219.57539599997,18.235,,W2
QSO_48.5916901-18.0997412,55222.08812899999,18.642,0.412,W2
QSO_48.5916901-18.0997412,55222.41870949998,18.166,,W2
QSO_48.5916901-18.0997412,55222.48488400003,18.87,,W2
QSO_48.5916901-18.0997412,55222.55091250004,18.741,0.462,W2
QSO_48.5916901-18.0997412,55222.55105849999,18.279,0.293,W2
QSO_48.5916901-18.0997412,55222.617087,18.983,,W2
QSO_48.5916901-18.0997412,55222.68326149996,18.605,,W2
QSO_48.5916901-18.0997412,55408.895348,18.571,0.445,W2
QSO_48.5916901-18.0997412,55409.02758749999,18.527,,W2
QSO_48.5916901-18.0997412,55409.35805849999,18.891,,W2
QSO_48.5916901-18.0997412,55409.35816799999,18.93,,W2
QSO_48.5916901-18.0997412,55409.42423300003,18.283,,W2
QSO_48.5916901-18.0997412,55409.49026150004,18.624,0.373,W2
QSO_48.5916901-18.0997412,55409.556436,18.171,,W2
QSO_48.5916901-18.0997412,55409.62246450001,18.719,,W2
QSO_48.5916901-18.0997412,55409.75466749999,18.737,0.393,W2
QSO_48.5916901-18.0997412,55409.88690699999,18.962,,W2
QSO_48.5916901-18.0997412,55410.019109999965,18.318,,W2
QSO_48.5916901-18.0997412,55411.40727799996,18.88,,W2
QSO_48.5916901-18.0997412,55411.539517499965,18.292,,W2
QSO_48.5916901-18.0997412,55411.67172050002,18.521,,W2
QSO_48.5916901-18.0997412,55411.73774900003,18.901,0.526,W2
QSO_48.5916901-18.0997412,55411.80392349999,18.176,0.252,W2
QSO_48.5916901-18.0997412,55411.869952,18.142,,W2
QSO_48.5916901-18.0997412,55411.93612649997,18.845,0.46,W2
QSO_48.5916901-18.0997412,55412.0021915,18.424,,W2
QSO_48.5916901-18.0997412,55412.068220000016,18.534,,W2
QSO_48.5916901-18.0997412,55412.06836599997,18.39,,W2
QSO_48.5916901-18.0997412,55412.39883700004,18.333,,W2
QSO_48.5916901-18.0997412,55585.90625899999,18.425,,W2
QSO_48.5916901-18.0997412,55586.03846199996,18.469,,W2
QSO_48.5916901-18.0997412,55586.17055550001,18.854,,W2
QSO_48.5916901-18.0997412,55586.17066500001,18.242,,W2
QSO_48.5916901-18.0997412,55586.30275849999,18.792,,W2
QSO_48.5916901-18.0997412,55586.368787,18.723,0.437,W2
QSO_48.5916901-18.0997412,55586.36893300003,18.261,,W2
QSO_48.5916901-18.0997412,55586.76532300002,18.313,,W2
QSO_48.5916901-18.0997412,55586.897526,18.26,,W2
QSO_48.5916901-18.0997412,55587.02972899997,18.962,0.537,W2
QSO_48.5916901-18.0997412,56684.010922000045,18.859,,W2
QSO_48.5916901-18.0997412,56684.405925000014,18.711,,W2
QSO_48.5916901-18.0997412,56684.603426500005,18.44,,W2
QSO_48.5916901-18.0997412,56873.55677250001,18.642,,W2
QSO_48.5916901-18.0997412,56873.688354999984,18.178,,W2
QSO_48.5916901-18.0997412,56873.81979150002,18.743,0.453,W2
QSO_48.5916901-18.0997412,56874.542856499975,18.744,0.511,W2
QSO_48.5916901-18.0997412,56874.67440250001,17.893,0.376,W2
QSO_48.5916901-18.0997412,57235.46711566324,18.692,0.423,W2
QSO_48.5916901-18.0997412,57235.79477617363,18.547,,W2
QSO_48.5916901-18.0997412,57408.302459842045,18.11,,W2
QSO_48.5916901-18.0997412,57408.5651746503,18.265,,W2
QSO_48.5916901-18.0997412,57602.58342778581,18.32,,W2
QSO_48.5916901-18.0997412,57602.8459961941,18.422,,W2
QSO_48.5916901-18.0997412,57769.67912249998,18.647,,W2
QSO_48.5916901-18.0997412,57769.9409005,18.648,,W2
QSO_48.5916901-18.0997412,57770.00641800002,17.998,,W2
QSO_48.5916901-18.0997412,57967.00735700002,18.288,,W2
QSO_48.5916901-18.0997412,57967.00750299997,18.694,,W2
QSO_48.5916901-18.0997412,57967.138319000005,18.158,,W2
QSO_48.5916901-18.0997412,58331.13307250002,18.142,,W2
QSO_48.5916901-18.0997412,58331.52552049996,18.371,,W2
QSO_48.5916901-18.0997412,58490.38144099998,18.294,,W2
QSO_48.5916901-18.0997412,58490.83915099999,18.656,0.453,W2
QSO_48.5916901-18.0997412,58490.904559,18.653,,W2
QSO_48.5916901-18.0997412,58491.03526550003,18.387,0.342,W2
QSO_48.5916901-18.0997412,58491.03537500004,18.891,,W2
QSO_48.5916901-18.0997412,58491.49297550004,18.29,,W2
QSO_48.5916901-18.0997412,58697.861055500034,17.852999999999998,0.44,W2
QSO_48.5916901-18.0997412,58697.92646349996,18.547,,W2
QSO_48.5916901-18.0997412,58698.253248000015,18.519,,W2
QSO_48.5916901-18.0997412,58698.44936249998,18.644,,W2
QSO_48.5916901-18.0997412,58857.60180519998,18.353,,W2
QSO_48.5916901-18.0997412,58857.864007600016,18.527,,W2
QSO_48.5916901-18.0997412,58858.2572746,18.778,,W2
QSO_48.5916901-18.0997412,59062.10825800001,18.201,,W2
QSO_48.5916901-18.0997412,59062.23932260004,18.509,,W2
QSO_48.5916901-18.0997412,59426.2978795,18.04,,W2
QSO_48.5916901-18.0997412,59426.42844,18.638,,W2
QSO_48.5916901-18.0997412,59429.43333899997,18.481,,W2
QSO_48.5916901-18.0997412,59429.82512999997,18.52,,W2
QSO_48.5916901-18.0997412,59430.02109849999,17.945,,W2
QSO_48.5916901-18.0997412,59586.50539499997,18.733,,W2
QSO_48.5916901-18.0997412,59586.57065700003,18.173,,W2
QSO_48.5916901-18.0997412,59586.635955499965,18.551,,W2
QSO_48.5916901-18.0997412,59586.70121750004,18.417,,W2
QSO_48.5916901-18.0997412,59586.83177800003,18.498,,W2
QSO_48.5916901-18.0997412,59587.02763699996,18.644,,W2
QSO_48.5916901-18.0997412,59793.86160299997,18.256,0.348,W2
QSO_48.5916901-18.0997412,59794.18747499996,18.255,,W2
QSO_48.5916901-18.0997412,59794.448231,18.14,,W2
QSO_48.5916901-18.0997412,59952.944663,18.669,,W2
QSO_48.5916901-18.0997412,59953.465262500016,18.276,,W2
QSO_48.5916901-18.0997412,59953.530415,18.475,,W2
QSO_48.5916901-18.0997412,59953.79062350002,18.678,,W2
QSO_48.5916901-18.0997412,60157.43806649996,18.134,0.508,W2
QSO_48.5916901-18.0997412,60157.76207699997,18.286,,W2
QSO_48.5916901-18.0997412,60317.339324800014,18.771,,W2
QSO_48.5916901-18.0997412,60317.856629200025,18.25,,W2
QSO_48.4061069-18.1406345,55219.57539599997,19.657,0.487,W1
QSO_48.4061069-18.1406345,55222.08812899999,19.596,0.506,W1
QSO_48.4061069-18.1406345,55222.41870949998,19.355,0.395,W1
QSO_48.4061069-18.1406345,55222.48488400003,19.099,0.31,W1
QSO_48.4061069-18.1406345,55222.55105849999,19.025,0.281,W1
QSO_48.4061069-18.1406345,55222.68326149996,19.203000000000003,,W1
QSO_48.4061069-18.1406345,55408.63094199997,19.085,,W1
QSO_48.4061069-18.1406345,55408.76314500002,19.324,0.392,W1
QSO_48.4061069-18.1406345,55408.895348,18.92,0.248,W1
QSO_48.4061069-18.1406345,55409.02758749999,18.629,0.191,W1
QSO_48.4061069-18.1406345,55409.35805849999,18.874,0.223,W1
QSO_48.4061069-18.1406345,55409.35816799999,19.585,0.435,W1
QSO_48.4061069-18.1406345,55409.42423300003,19.303,0.332,W1
QSO_48.4061069-18.1406345,55409.49026150004,19.293,,W1
QSO_48.4061069-18.1406345,55409.62246450001,19.456000000000003,0.412,W1
QSO_48.4061069-18.1406345,55409.75466749999,19.024,0.292,W1
QSO_48.4061069-18.1406345,55411.40727799996,18.862,0.245,W1
QSO_48.4061069-18.1406345,55411.473343,18.841,0.242,W1
QSO_48.4061069-18.1406345,55411.539517499965,18.841,0.231,W1
QSO_48.4061069-18.1406345,55411.60554599998,19.657,,W1
QSO_48.4061069-18.1406345,55411.67172050002,19.128,0.293,W1
QSO_48.4061069-18.1406345,55411.73774900003,19.032,0.302,W1
QSO_48.4061069-18.1406345,55411.80392349999,18.878,0.249,W1
QSO_48.4061069-18.1406345,55411.869952,18.903,0.257,W1
QSO_48.4061069-18.1406345,55412.0021915,19.659,0.469,W1
QSO_48.4061069-18.1406345,55585.77416550001,19.464,,W1
QSO_48.4061069-18.1406345,55585.90625899999,18.87,,W1
QSO_48.4061069-18.1406345,55586.03846199996,18.828000000000003,,W1
QSO_48.4061069-18.1406345,55586.10449049997,19.122,,W1
QSO_48.4061069-18.1406345,55586.17066500001,19.446,0.398,W1
QSO_48.4061069-18.1406345,55586.236729999975,19.436,0.454,W1
QSO_48.4061069-18.1406345,55586.30275849999,18.938,0.256,W1
QSO_48.4061069-18.1406345,55586.368787,19.319000000000003,,W1
QSO_48.4061069-18.1406345,55586.36893300003,18.861,0.253,W1
QSO_48.4061069-18.1406345,55586.76532300002,19.357,0.433,W1
QSO_48.4061069-18.1406345,55586.765432500026,19.303,0.4,W1
QSO_48.4061069-18.1406345,55586.897526,19.653,0.466,W1
QSO_48.4061069-18.1406345,56684.076840999965,18.869,0.23,W1
QSO_48.4061069-18.1406345,56684.20842350003,18.956000000000003,0.292,W1
QSO_48.4061069-18.1406345,56684.34011550001,19.183,0.346,W1
QSO_48.4061069-18.1406345,56684.405925000014,18.778,0.233,W1
QSO_48.4061069-18.1406345,56684.603426500005,18.942,0.275,W1
QSO_48.4061069-18.1406345,56873.42533599998,18.559,0.196,W1
QSO_48.4061069-18.1406345,56873.688354999984,19.057,0.308,W1
QSO_48.4061069-18.1406345,56873.88545499999,18.826,0.226,W1
QSO_48.4061069-18.1406345,56874.08270100002,18.955,0.262,W1
QSO_48.4061069-18.1406345,57044.92803269531,18.777,0.247,W1
QSO_48.4061069-18.1406345,57045.12502320155,18.979,0.262,W1
QSO_48.4061069-18.1406345,57045.45334071198,18.902,0.263,W1
QSO_48.4061069-18.1406345,57235.27038065696,18.996,0.318,W1
QSO_48.4061069-18.1406345,57235.33593465909,18.722,0.22,W1
QSO_48.4061069-18.1406345,57235.46711566324,18.977,0.271,W1
QSO_48.4061069-18.1406345,57235.72925867153,19.087000000000003,0.319,W1
QSO_48.4061069-18.1406345,57602.18950197334,18.627,0.226,W1
QSO_48.4061069-18.1406345,57602.6490149879,19.068,0.305,W1
QSO_48.4061069-18.1406345,57602.71471198992,19.184,0.375,W1
QSO_48.4061069-18.1406345,57602.9115833962,18.807,0.299,W1
QSO_48.4061069-18.1406345,57603.04290420034,18.997,0.264,W1
QSO_48.4061069-18.1406345,57769.41738099999,19.17,0.309,W1
QSO_48.4061069-18.1406345,57769.548197000026,19.004,0.367,W1
QSO_48.4061069-18.1406345,57769.61371449996,18.691000000000003,0.192,W1
QSO_48.4061069-18.1406345,57769.67912249998,19.161,0.307,W1
QSO_48.4061069-18.1406345,57769.810084499964,18.833,0.238,W1
QSO_48.4061069-18.1406345,57967.07291099998,18.903,0.28,W1
QSO_48.4061069-18.1406345,57967.138319000005,18.725,0.234,W1
QSO_48.4061069-18.1406345,57967.33454299997,18.857,0.244,W1
QSO_48.4061069-18.1406345,57967.59628449996,18.8,0.259,W1
QSO_48.4061069-18.1406345,57967.7271005,18.795,0.226,W1
QSO_48.4061069-18.1406345,58129.529556500005,18.852,0.258,W1
QSO_48.4061069-18.1406345,58129.66037250004,19.0,0.264,W1
QSO_48.4061069-18.1406345,58330.54454649998,18.72,0.222,W1
QSO_48.4061069-18.1406345,58331.067664500006,18.456,0.237,W1
QSO_48.4061069-18.1406345,58331.19848050004,18.544,0.228,W1
QSO_48.4061069-18.1406345,58334.86089050001,18.756,0.231,W1
QSO_48.4061069-18.1406345,58490.38144099998,18.835,0.311,W1
QSO_48.4061069-18.1406345,58490.51225700002,19.182,0.297,W1
QSO_48.4061069-18.1406345,58491.10067349997,18.792,0.217,W1
QSO_48.4061069-18.1406345,58697.79564750002,19.022,0.33,W1
QSO_48.4061069-18.1406345,58697.861055500034,18.704,0.221,W1
QSO_48.4061069-18.1406345,58857.7984204,18.726,0.255,W1
QSO_48.4061069-18.1406345,58858.1262466,18.869,0.271,W1
QSO_48.4061069-18.1406345,59061.97723,18.831000000000003,0.241,W1
QSO_48.4061069-18.1406345,59222.38395000003,19.153,0.299,W1
QSO_48.4061069-18.1406345,59222.51462000003,19.169,0.312,W1
QSO_48.4061069-18.1406345,59222.57991849996,18.566000000000003,0.242,W1
QSO_48.4061069-18.1406345,59222.71058849996,18.436,0.231,W1
QSO_48.4061069-18.1406345,59222.84125849997,18.433,0.176,W1
QSO_48.4061069-18.1406345,59426.42844,19.121,0.437,W1
QSO_48.4061069-18.1406345,59429.69456949997,18.783,0.238,W1
QSO_48.4061069-18.1406345,59586.30953600004,19.064,0.296,W1
QSO_48.4061069-18.1406345,59793.66614550003,18.802,0.271,W1
QSO_48.4061069-18.1406345,59793.731298000006,18.425,0.22,W1
QSO_48.4061069-18.1406345,59794.05717,18.586,0.263,W1
QSO_48.4061069-18.1406345,59794.18747499996,18.998,0.373,W1
QSO_48.4061069-18.1406345,59952.944663,18.726,0.245,W1
QSO_48.4061069-18.1406345,59953.465262500016,18.791,0.275,W1
QSO_48.4061069-18.1406345,60156.919802999975,18.505,0.187,W1
QSO_48.4061069-18.1406345,60157.6323925,18.849,0.27,W1
QSO_48.4061069-18.1406345,60157.69728950003,18.787,0.238,W1
QSO_48.4061069-18.1406345,60157.89161549999,18.709000000000003,0.276,W1
QSO_48.4061069-18.1406345,60316.75749459999,19.536,0.423,W1
QSO_48.4061069-18.1406345,60317.274762399975,18.588,0.213,W1
QSO_48.4061069-18.1406345,60317.339324800014,19.039,0.287,W1
QSO_48.4061069-18.1406345,60317.597976999976,19.027,0.275,W1
QSO_48.4061069-18.1406345,60317.727358,18.585,0.265,W1
QSO_48.4061069-18.1406345,55219.57539599997,18.491,,W2
QSO_48.4061069-18.1406345,55222.08812899999,18.931,,W2
QSO_48.4061069-18.1406345,55222.41870949998,18.598,,W2
QSO_48.4061069-18.1406345,55222.48488400003,18.781,,W2
QSO_48.4061069-18.1406345,55222.55105849999,18.484,,W2
QSO_48.4061069-18.1406345,55222.68326149996,18.387,,W2
QSO_48.4061069-18.1406345,55408.63094199997,18.518,,W2
QSO_48.4061069-18.1406345,55408.76314500002,18.945,,W2
QSO_48.4061069-18.1406345,55408.895348,18.913,,W2
QSO_48.4061069-18.1406345,55409.02758749999,18.824,,W2
QSO_48.4061069-18.1406345,55409.35805849999,18.491,,W2
QSO_48.4061069-18.1406345,55409.35816799999,18.354,0.293,W2
QSO_48.4061069-18.1406345,55409.42423300003,19.024,,W2
QSO_48.4061069-18.1406345,55409.49026150004,18.846,,W2
QSO_48.4061069-18.1406345,55409.62246450001,18.391,,W2
QSO_48.4061069-18.1406345,55409.75466749999,18.961,,W2
QSO_48.4061069-18.1406345,55411.40727799996,19.027,0.537,W2
QSO_48.4061069-18.1406345,55411.473343,18.396,,W2
QSO_48.4061069-18.1406345,55411.539517499965,18.689,0.401,W2
QSO_48.4061069-18.1406345,55411.60554599998,18.195,0.297,W2
QSO_48.4061069-18.1406345,55411.67172050002,18.631,,W2
QSO_48.4061069-18.1406345,55411.73774900003,18.337,,W2
QSO_48.4061069-18.1406345,55411.80392349999,18.88,0.45,W2
QSO_48.4061069-18.1406345,55411.869952,18.701,0.419,W2
QSO_48.4061069-18.1406345,55412.0021915,18.264,,W2
QSO_48.4061069-18.1406345,55585.77416550001,18.181,0.333,W2
QSO_48.4061069-18.1406345,55585.90625899999,18.951,,W2
QSO_48.4061069-18.1406345,55586.03846199996,18.798,0.444,W2
QSO_48.4061069-18.1406345,55586.10449049997,18.155,,W2
QSO_48.4061069-18.1406345,55586.17066500001,18.846,,W2
QSO_48.4061069-18.1406345,55586.236729999975,18.993,,W2
QSO_48.4061069-18.1406345,55586.30275849999,19.003,,W2
QSO_48.4061069-18.1406345,55586.368787,19.011,,W2
QSO_48.4061069-18.1406345,55586.36893300003,18.163,,W2
QSO_48.4061069-18.1406345,55586.76532300002,18.449,,W2
QSO_48.4061069-18.1406345,55586.765432500026,18.234,,W2
QSO_48.4061069-18.1406345,55586.897526,18.46,,W2
QSO_48.4061069-18.1406345,56684.076840999965,18.797,,W2
QSO_48.4061069-18.1406345,56684.20842350003,18.119,,W2
QSO_48.4061069-18.1406345,56684.34011550001,18.116,,W2
QSO_48.4061069-18.1406345,56684.405925000014,18.35,,W2
QSO_48.4061069-18.1406345,56684.603426500005,17.892,,W2
QSO_48.4061069-18.1406345,56873.42533599998,18.326,,W2
QSO_48.4061069-18.1406345,56873.688354999984,18.314,,W2
QSO_48.4061069-18.1406345,56873.88545499999,18.829,,W2
QSO_48.4061069-18.1406345,56874.08270100002,18.249,,W2
QSO_48.4061069-18.1406345,57044.92803269531,18.404,,W2
QSO_48.4061069-18.1406345,57045.12502320155,18.956,0.481,W2
QSO_48.4061069-18.1406345,57045.45334071198,18.901,0.522,W2
QSO_48.4061069-18.1406345,57235.27038065696,18.342,,W2
QSO_48.4061069-18.1406345,57235.33593465909,18.283,,W2
QSO_48.4061069-18.1406345,57235.46711566324,17.541999999999998,,W2
QSO_48.4061069-18.1406345,57235.72925867153,18.299,,W2
QSO_48.4061069-18.1406345,57602.18950197334,18.679,,W2
QSO_48.4061069-18.1406345,57602.6490149879,18.662,,W2
QSO_48.4061069-18.1406345,57602.71471198992,17.601,,W2
QSO_48.4061069-18.1406345,57602.9115833962,18.277,0.382,W2
QSO_48.4061069-18.1406345,57603.04290420034,18.61,,W2
QSO_48.4061069-18.1406345,57769.41738099999,18.015,,W2
QSO_48.4061069-18.1406345,57769.548197000026,17.95,,W2
QSO_48.4061069-18.1406345,57769.61371449996,18.655,,W2
QSO_48.4061069-18.1406345,57769.67912249998,18.552,,W2
QSO_48.4061069-18.1406345,57769.810084499964,18.474,,W2
QSO_48.4061069-18.1406345,57967.07291099998,18.4,,W2
QSO_48.4061069-18.1406345,57967.138319000005,18.844,,W2
QSO_48.4061069-18.1406345,57967.33454299997,18.142,,W2
QSO_48.4061069-18.1406345,57967.59628449996,18.451,,W2
QSO_48.4061069-18.1406345,57967.7271005,18.646,,W2
QSO_48.4061069-18.1406345,58129.529556500005,18.289,,W2
QSO_48.4061069-18.1406345,58129.66037250004,18.284,,W2
QSO_48.4061069-18.1406345,58330.54454649998,18.733,0.48,W2
QSO_48.4061069-18.1406345,58331.067664500006,18.541,,W2
QSO_48.4061069-18.1406345,58331.19848050004,18.202,,W2
QSO_48.4061069-18.1406345,58334.86089050001,18.795,,W2
QSO_48.4061069-18.1406345,58490.38144099998,18.774,0.5,W2
QSO_48.4061069-18.1406345,58490.51225700002,18.29,,W2
QSO_48.4061069-18.1406345,58491.10067349997,18.278,,W2
QSO_48.4061069-18.1406345,58697.79564750002,18.724,,W2
QSO_48.4061069-18.1406345,58697.861055500034,18.366,0.434,W2
QSO_48.4061069-18.1406345,58857.7984204,18.342,,W2
QSO_48.4061069-18.1406345,58858.1262466,18.954,,W2
QSO_48.4061069-18.1406345,59061.97723,18.574,,W2
QSO_48.4061069-18.1406345,59222.38395000003,18.5,0.474,W2
QSO_48.4061069-18.1406345,59222.51462000003,18.262,,W2
QSO_48.4061069-18.1406345,59222.57991849996,18.562,,W2
QSO_48.4061069-18.1406345,59222.71058849996,18.815,0.463,W2
QSO_48.4061069-18.1406345,59222.84125849997,18.657,0.51,W2
QSO_48.4061069-18.1406345,59426.42844,18.57,0.441,W2
QSO_48.4061069-18.1406345,59429.69456949997,18.035,,W2
QSO_48.4061069-18.1406345,59586.30953600004,18.786,,W2
QSO_48.4061069-18.1406345,59793.66614550003,18.409,,W2
QSO_48.4061069-18.1406345,59793.731298000006,17.918,,W2
QSO_48.4061069-18.1406345,59794.05717,18.278,0.42,W2
QSO_48.4061069-18.1406345,59794.18747499996,18.29,,W2
QSO_48.4061069-18.1406345,59952.944663,18.314,,W2
QSO_48.4061069-18.1406345,59953.465262500016,18.238,,W2
QSO_48.4061069-18.1406345,60156.919802999975,18.274,,W2
QSO_48.4061069-18.1406345,60157.6323925,18.781,,W2
QSO_48.4061069-18.1406345,60157.69728950003,18.452,0.387,W2
QSO_48.4061069-18.1406345,60157.89161549999,18.084,,W2
QSO_48.4061069-18.1406345,60316.75749459999,18.295,,W2
QSO_48.4061069-18.1406345,60317.274762399975,18.7,0.463,W2
QSO_48.4061069-18.1406345,60317.339324800014,18.529,,W2
QSO_48.4061069-18.1406345,60317.597976999976,18.986,,W2
QSO_48.4061069-18.1406345,60317.727358,18.657,,W2
QSO_48.4653955-17.9986986,55219.57539599997,19.521,,W1
QSO_48.4653955-17.9986986,55222.08812899999,19.712000000000003,0.525,W1
QSO_48.4653955-17.9986986,55222.220441499965,18.698,0.205,W1
QSO_48.4653955-17.9986986,55222.41870949998,19.189,0.346,W1
QSO_48.4653955-17.9986986,55222.48488400003,18.949,0.291,W1
QSO_48.4653955-17.9986986,55222.55105849999,19.548,0.466,W1
QSO_48.4653955-17.9986986,55222.617087,18.983,0.266,W1
QSO_48.4653955-17.9986986,55222.68326149996,19.357,0.409,W1
QSO_48.4653955-17.9986986,55222.94781350002,19.459000000000003,,W1
QSO_48.4653955-17.9986986,55408.76314500002,19.021,0.304,W1
QSO_48.4653955-17.9986986,55408.895348,19.453000000000003,0.407,W1
QSO_48.4653955-17.9986986,55409.02758749999,19.367,0.429,W1
QSO_48.4653955-17.9986986,55409.35805849999,19.42,0.401,W1
QSO_48.4653955-17.9986986,55409.42423300003,19.173,0.297,W1
QSO_48.4653955-17.9986986,55409.49026150004,19.188,,W1
QSO_48.4653955-17.9986986,55409.556436,19.026000000000003,,W1
QSO_48.4653955-17.9986986,55409.62246450001,19.219,0.332,W1
QSO_48.4653955-17.9986986,55409.75466749999,19.097,,W1
QSO_48.4653955-17.9986986,55409.88690699999,19.087000000000003,0.276,W1
QSO_48.4653955-17.9986986,55411.40727799996,19.178,,W1
QSO_48.4653955-17.9986986,55411.539517499965,19.501,0.427,W1
QSO_48.4653955-17.9986986,55411.60554599998,19.578000000000003,0.447,W1
QSO_48.4653955-17.9986986,55411.67157449999,19.272,0.397,W1
QSO_48.4653955-17.9986986,55411.67172050002,19.008000000000003,0.274,W1
QSO_48.4653955-17.9986986,55411.73774900003,18.74,0.218,W1
QSO_48.4653955-17.9986986,55411.803813999984,19.253,0.346,W1
QSO_48.4653955-17.9986986,55411.869952,18.791,0.28,W1
QSO_48.4653955-17.9986986,55411.93601699996,19.117,,W1
QSO_48.4653955-17.9986986,55412.0021915,18.59,0.184,W1
QSO_48.4653955-17.9986986,55412.39883700004,19.11,0.294,W1
QSO_48.4653955-17.9986986,55585.90625899999,19.525,0.45,W1
QSO_48.4653955-17.9986986,55586.03846199996,18.833,0.247,W1
QSO_48.4653955-17.9986986,55586.17066500001,19.004,,W1
QSO_48.4653955-17.9986986,55586.236729999975,18.746,0.243,W1
QSO_48.4653955-17.9986986,55586.30275849999,18.72,0.222,W1
QSO_48.4653955-17.9986986,55586.36893300003,19.018,,W1
QSO_48.4653955-17.9986986,55586.765432500026,19.405,0.437,W1
QSO_48.4653955-17.9986986,55586.897526,18.986,0.273,W1
QSO_48.4653955-17.9986986,56684.010922000045,18.577,0.291,W1
QSO_48.4653955-17.9986986,56684.01106799999,18.866,0.235,W1
QSO_48.4653955-17.9986986,56684.34011550001,18.767000000000003,0.271,W1
QSO_48.4653955-17.9986986,56684.537617,18.833,0.237,W1
QSO_48.4653955-17.9986986,56873.688354999984,18.58,0.214,W1
QSO_48.4653955-17.9986986,56874.01692799996,19.121,0.288,W1
QSO_48.4653955-17.9986986,56874.017037499965,19.052,0.359,W1
QSO_48.4653955-17.9986986,57044.92817869534,19.319000000000003,0.356,W1
QSO_48.4653955-17.9986986,57045.19068670369,19.289,0.341,W1
QSO_48.4653955-17.9986986,57045.45334071198,19.416,0.4,W1
QSO_48.4653955-17.9986986,57045.78151222238,18.823,0.232,W1
QSO_48.4653955-17.9986986,57045.91283922657,18.918,0.249,W1
QSO_48.4653955-17.9986986,57235.33593465909,18.804,0.253,W1
QSO_48.4653955-17.9986986,57235.66374116943,18.549,0.189,W1
QSO_48.4653955-17.9986986,57236.12258268397,19.0,0.318,W1
QSO_48.4653955-17.9986986,57240.77702633157,18.991,0.444,W1
QSO_48.4653955-17.9986986,57408.105295635774,19.009,0.279,W1
QSO_48.4653955-17.9986986,57602.97731699824,18.929,0.255,W1
QSO_48.4653955-17.9986986,57603.174188404526,18.963,,W1
QSO_48.4653955-17.9986986,57603.43679341277,18.56,0.238,W1
QSO_48.4653955-17.9986986,57769.7445305,18.647,0.221,W1
QSO_48.4653955-17.9986986,57769.74467650003,19.056,0.275,W1
QSO_48.4653955-17.9986986,57769.810084499964,18.445,0.206,W1
QSO_48.4653955-17.9986986,57769.94101,19.106,0.297,W1
QSO_48.4653955-17.9986986,57967.7271005,18.779,0.237,W1
QSO_48.4653955-17.9986986,58129.529556500005,18.296,0.315,W1
QSO_48.4653955-17.9986986,58129.72578049997,18.982,0.281,W1
QSO_48.4653955-17.9986986,58129.79118849999,18.985,0.288,W1
QSO_48.4653955-17.9986986,58331.00229300001,18.698,0.211,W1
QSO_48.4653955-17.9986986,58331.067664500006,18.677,0.281,W1
QSO_48.4653955-17.9986986,58331.13307250002,19.225,0.345,W1
QSO_48.4653955-17.9986986,58331.19848050004,18.784,0.247,W1
QSO_48.4653955-17.9986986,58490.51225700002,18.805,0.275,W1
QSO_48.4653955-17.9986986,58491.03537500004,19.185,0.311,W1
QSO_48.4653955-17.9986986,58491.36230550004,19.038,0.297,W1
QSO_48.4653955-17.9986986,58697.5995695,18.835,0.235,W1
QSO_48.4653955-17.9986986,58697.7302395,19.093,0.301,W1
QSO_48.4653955-17.9986986,58697.86094600003,18.413,,W1
QSO_48.4653955-17.9986986,58697.92635399996,18.508,0.223,W1
QSO_48.4653955-17.9986986,58858.1262466,18.935,0.264,W1
QSO_48.4653955-17.9986986,58858.2572746,19.591,0.446,W1
QSO_48.4653955-17.9986986,59061.97723,18.806,0.364,W1
QSO_48.4653955-17.9986986,59429.43319300002,18.877,0.25,W1
QSO_48.4653955-17.9986986,59586.57065700003,18.866,0.238,W1
QSO_48.4653955-17.9986986,59586.635955499965,18.876,0.405,W1
QSO_48.4653955-17.9986986,59587.02774649996,18.387,0.166,W1
QSO_48.4653955-17.9986986,59953.79076949997,18.682,0.207,W1
QSO_48.4653955-17.9986986,60157.17888000001,19.124,0.45,W1
QSO_48.4653955-17.9986986,60157.50285399999,18.634,0.243,W1
QSO_48.4653955-17.9986986,60157.6323925,18.99,0.288,W1
QSO_48.4653955-17.9986986,60157.82671849997,18.922,0.307,W1
QSO_48.4653955-17.9986986,60157.82682799997,18.947000000000003,0.279,W1
QSO_48.4653955-17.9986986,60316.886875600016,19.211,0.334,W1
QSO_48.4653955-17.9986986,60317.597976999976,19.302,0.501,W1
QSO_48.4653955-17.9986986,60317.727358,18.975,0.28,W1
QSO_48.4653955-17.9986986,60317.985900399966,19.077,0.499,W1
QSO_48.4653955-17.9986986,55219.57539599997,18.434,,W2
QSO_48.4653955-17.9986986,55222.08812899999,18.758,,W2
QSO_48.4653955-17.9986986,55222.220441499965,18.889,,W2
QSO_48.4653955-17.9986986,55222.41870949998,18.633,,W2
QSO_48.4653955-17.9986986,55222.48488400003,18.155,,W2
QSO_48.4653955-17.9986986,55222.55105849999,18.292,,W2
QSO_48.4653955-17.9986986,55222.617087,18.913,,W2
QSO_48.4653955-17.9986986,55222.68326149996,18.621,,W2
QSO_48.4653955-17.9986986,55222.94781350002,15.969,,W2
QSO_48.4653955-17.9986986,55408.76314500002,18.747,0.497,W2
QSO_48.4653955-17.9986986,55408.895348,18.33,,W2
QSO_48.4653955-17.9986986,55409.02758749999,18.542,,W2
QSO_48.4653955-17.9986986,55409.35805849999,18.98,,W2
QSO_48.4653955-17.9986986,55409.42423300003,18.95,0.503,W2
QSO_48.4653955-17.9986986,55409.49026150004,18.786,0.462,W2
QSO_48.4653955-17.9986986,55409.556436,18.828,,W2
QSO_48.4653955-17.9986986,55409.62246450001,18.817,0.429,W2
QSO_48.4653955-17.9986986,55409.75466749999,19.049,,W2
QSO_48.4653955-17.9986986,55409.88690699999,18.971,,W2
QSO_48.4653955-17.9986986,55411.40727799996,18.867,,W2
QSO_48.4653955-17.9986986,55411.539517499965,18.967,,W2
QSO_48.4653955-17.9986986,55411.60554599998,18.843,0.469,W2
QSO_48.4653955-17.9986986,55411.67157449999,18.709,,W2
QSO_48.4653955-17.9986986,55411.67172050002,18.978,,W2
QSO_48.4653955-17.9986986,55411.73774900003,18.895,,W2
QSO_48.4653955-17.9986986,55411.803813999984,18.805,0.44,W2
QSO_48.4653955-17.9986986,55411.869952,18.256,,W2
QSO_48.4653955-17.9986986,55411.93601699996,19.096,,W2
QSO_48.4653955-17.9986986,55412.0021915,19.022,,W2
QSO_48.4653955-17.9986986,55412.39883700004,18.49,,W2
QSO_48.4653955-17.9986986,55585.90625899999,18.349,,W2
QSO_48.4653955-17.9986986,55586.03846199996,18.737,0.452,W2
QSO_48.4653955-17.9986986,55586.17066500001,18.767,,W2
QSO_48.4653955-17.9986986,55586.236729999975,18.735,,W2
QSO_48.4653955-17.9986986,55586.30275849999,18.383,,W2
QSO_48.4653955-17.9986986,55586.36893300003,18.569,,W2
QSO_48.4653955-17.9986986,55586.765432500026,18.685,,W2
QSO_48.4653955-17.9986986,55586.897526,18.39,,W2
QSO_48.4653955-17.9986986,56684.010922000045,18.635,0.535,W2
QSO_48.4653955-17.9986986,56684.01106799999,19.023,,W2
QSO_48.4653955-17.9986986,56684.34011550001,18.68,,W2
QSO_48.4653955-17.9986986,56684.537617,18.579,0.396,W2
QSO_48.4653955-17.9986986,56873.688354999984,18.479,,W2
QSO_48.4653955-17.9986986,56874.01692799996,18.143,,W2
QSO_48.4653955-17.9986986,56874.017037499965,18.495,,W2
QSO_48.4653955-17.9986986,57044.92817869534,18.909,,W2
QSO_48.4653955-17.9986986,57045.19068670369,18.781,,W2
QSO_48.4653955-17.9986986,57045.45334071198,18.489,,W2
QSO_48.4653955-17.9986986,57045.78151222238,18.114,,W2
QSO_48.4653955-17.9986986,57045.91283922657,18.522,,W2
QSO_48.4653955-17.9986986,57235.33593465909,18.58,,W2
QSO_48.4653955-17.9986986,57235.66374116943,18.324,,W2
QSO_48.4653955-17.9986986,57236.12258268397,18.723,0.475,W2
QSO_48.4653955-17.9986986,57240.77702633157,18.528,,W2
QSO_48.4653955-17.9986986,57408.105295635774,18.05,,W2
QSO_48.4653955-17.9986986,57602.97731699824,18.105,0.349,W2
QSO_48.4653955-17.9986986,57603.174188404526,18.269,,W2
QSO_48.4653955-17.9986986,57603.43679341277,17.938,,W2
QSO_48.4653955-17.9986986,57769.7445305,18.834,,W2
QSO_48.4653955-17.9986986,57769.74467650003,18.796,0.493,W2
QSO_48.4653955-17.9986986,57769.810084499964,18.854,,W2
QSO_48.4653955-17.9986986,57769.94101,18.382,,W2
QSO_48.4653955-17.9986986,57967.7271005,17.905,,W2
QSO_48.4653955-17.9986986,58129.529556500005,18.516,,W2
QSO_48.4653955-17.9986986,58129.72578049997,18.832,,W2
QSO_48.4653955-17.9986986,58129.79118849999,18.333,,W2
QSO_48.4653955-17.9986986,58331.00229300001,18.333,,W2
QSO_48.4653955-17.9986986,58331.067664500006,18.129,0.361,W2
QSO_48.4653955-17.9986986,58331.13307250002,17.861,,W2
QSO_48.4653955-17.9986986,58331.19848050004,18.224,0.343,W2
QSO_48.4653955-17.9986986,58490.51225700002,18.871,,W2
QSO_48.4653955-17.9986986,58491.03537500004,18.756,0.478,W2
QSO_48.4653955-17.9986986,58491.36230550004,18.086,,W2
QSO_48.4653955-17.9986986,58697.5995695,18.308,,W2
QSO_48.4653955-17.9986986,58697.7302395,17.931,,W2
QSO_48.4653955-17.9986986,58697.86094600003,18.266,0.483,W2
QSO_48.4653955-17.9986986,58697.92635399996,18.756,,W2
QSO_48.4653955-17.9986986,58858.1262466,18.28,,W2
QSO_48.4653955-17.9986986,58858.2572746,18.394,,W2
QSO_48.4653955-17.9986986,59061.97723,18.837,,W2
QSO_48.4653955-17.9986986,59429.43319300002,18.051,0.299,W2
QSO_48.4653955-17.9986986,59586.57065700003,18.36,,W2
QSO_48.4653955-17.9986986,59586.635955499965,18.535,,W2
QSO_48.4653955-17.9986986,59587.02774649996,18.343,,W2
QSO_48.4653955-17.9986986,59953.79076949997,18.212,,W2
QSO_48.4653955-17.9986986,60157.17888000001,18.645,0.418,W2
QSO_48.4653955-17.9986986,60157.50285399999,18.56,,W2
QSO_48.4653955-17.9986986,60157.6323925,18.242,0.404,W2
QSO_48.4653955-17.9986986,60157.82671849997,18.056,,W2
QSO_48.4653955-17.9986986,60157.82682799997,18.415,0.481,W2
QSO_48.4653955-17.9986986,60316.886875600016,18.679,,W2
QSO_48.4653955-17.9986986,60317.597976999976,18.558,,W2
QSO_48.4653955-17.9986986,60317.727358,18.327,,W2
QSO_48.4653955-17.9986986,60317.985900399966,18.775,,W2
QSO_48.3761236-18.134165,55219.57539599997,18.878,0.264,W1
QSO_48.3761236-18.134165,55219.57539599997,18.847,0.249,W1
QSO_48.3761236-18.134165,55222.08812899999,19.247,0.356,W1
QSO_48.3761236-18.134165,55222.08812899999,19.270000000000003,0.364,W1
QSO_48.3761236-18.134165,55222.41870949998,18.928,,W1
QSO_48.3761236-18.134165,55222.41870949998,18.93,,W1
QSO_48.3761236-18.134165,55222.48488400003,18.8,0.219,W1
QSO_48.3761236-18.134165,55222.48488400003,18.8,0.219,W1
QSO_48.3761236-18.134165,55222.55105849999,19.218,0.312,W1
QSO_48.3761236-18.134165,55222.55105849999,18.999,0.254,W1
QSO_48.3761236-18.134165,55222.68326149996,19.186,,W1
QSO_48.3761236-18.134165,55222.68326149996,19.177,,W1
QSO_48.3761236-18.134165,55408.63094199997,19.153,0.337,W1
QSO_48.3761236-18.134165,55408.63094199997,18.711,0.224,W1
QSO_48.3761236-18.134165,55408.76314500002,18.78,0.235,W1
QSO_48.3761236-18.134165,55408.76314500002,18.857,0.252,W1
QSO_48.3761236-18.134165,55408.895348,19.738,0.495,W1
QSO_48.3761236-18.134165,55408.895348,19.499,0.398,W1
QSO_48.3761236-18.134165,55409.02758749999,19.544,0.469,W1
QSO_48.3761236-18.134165,55409.02758749999,19.146,,W1
QSO_48.3761236-18.134165,55409.35805849999,19.726,0.513,W1
QSO_48.3761236-18.134165,55409.35805849999,19.705,0.502,W1
QSO_48.3761236-18.134165,55409.35816799999,19.134,0.286,W1
QSO_48.3761236-18.134165,55409.35816799999,18.694,0.191,W1
QSO_48.3761236-18.134165,55409.42423300003,19.461,,W1
QSO_48.3761236-18.134165,55409.42423300003,19.463,,W1
QSO_48.3761236-18.134165,55409.49026150004,19.251,0.363,W1
QSO_48.3761236-18.134165,55409.49026150004,19.257,0.365,W1
QSO_48.3761236-18.134165,55409.62246450001,18.893,0.229,W1
QSO_48.3761236-18.134165,55409.62246450001,19.312,0.337,W1
QSO_48.3761236-18.134165,55409.75466749999,19.1,,W1
QSO_48.3761236-18.134165,55409.75466749999,19.130000000000003,,W1
QSO_48.3761236-18.134165,55411.40727799996,19.141,,W1
QSO_48.3761236-18.134165,55411.40727799996,19.378,,W1
QSO_48.3761236-18.134165,55411.473343,18.535,0.194,W1
QSO_48.3761236-18.134165,55411.473343,18.602,0.206,W1
QSO_48.3761236-18.134165,55411.539517499965,19.109,0.299,W1
QSO_48.3761236-18.134165,55411.539517499965,18.723,0.21,W1
QSO_48.3761236-18.134165,55411.60554599998,18.612,0.196,W1
QSO_48.3761236-18.134165,55411.60554599998,18.611,0.202,W1
QSO_48.3761236-18.134165,55411.67172050002,19.247,,W1
QSO_48.3761236-18.134165,55411.67172050002,19.265,,W1
QSO_48.3761236-18.134165,55411.73774900003,19.21,,W1
QSO_48.3761236-18.134165,55411.73774900003,19.069000000000003,,W1
QSO_48.3761236-18.134165,55411.80392349999,19.092,,W1
QSO_48.3761236-18.134165,55411.80392349999,19.719,,W1
QSO_48.3761236-18.134165,55411.869952,19.012,0.258,W1
QSO_48.3761236-18.134165,55411.869952,19.015,0.258,W1
QSO_48.3761236-18.134165,55412.0021915,18.928,0.264,W1
QSO_48.3761236-18.134165,55412.0021915,19.26,,W1
QSO_48.3761236-18.134165,55585.77416550001,19.025,,W1
QSO_48.3761236-18.134165,55585.77416550001,18.866,0.266,W1
QSO_48.3761236-18.134165,55585.90625899999,19.221,0.329,W1
QSO_48.3761236-18.134165,55585.90625899999,19.217,0.328,W1
QSO_48.3761236-18.134165,55586.03846199996,18.864,,W1
QSO_48.3761236-18.134165,55586.03846199996,19.409,0.452,W1
QSO_48.3761236-18.134165,55586.10449049997,19.552,0.428,W1
QSO_48.3761236-18.134165,55586.10449049997,19.541,0.424,W1
QSO_48.3761236-18.134165,55586.17066500001,19.04,0.327,W1
QSO_48.3761236-18.134165,55586.17066500001,19.051,0.33,W1
QSO_48.3761236-18.134165,55586.236729999975,19.054,,W1
QSO_48.3761236-18.134165,55586.236729999975,19.048,,W1
QSO_48.3761236-18.134165,55586.30275849999,19.208,0.334,W1
QSO_48.3761236-18.134165,55586.30275849999,19.233,0.342,W1
QSO_48.3761236-18.134165,55586.36893300003,18.659,0.193,W1
QSO_48.3761236-18.134165,55586.36893300003,19.157,0.305,W1
QSO_48.3761236-18.134165,55586.76532300002,18.737,0.217,W1
QSO_48.3761236-18.134165,55586.76532300002,18.74,0.217,W1
QSO_48.3761236-18.134165,55586.765432500026,19.331000000000003,0.356,W1
QSO_48.3761236-18.134165,55586.765432500026,19.334000000000003,0.357,W1
QSO_48.3761236-18.134165,56684.405925000014,19.043,0.35,W1
QSO_48.3761236-18.134165,56873.42533599998,18.897,0.256,W1
QSO_48.3761236-18.134165,56873.55677250001,19.172,0.358,W1
QSO_48.3761236-18.134165,56873.88545499999,19.066000000000003,0.31,W1
QSO_48.3761236-18.134165,56874.08270100002,19.649,0.504,W1
QSO_48.3761236-18.134165,57045.19068670369,19.671,0.473,W1
QSO_48.3761236-18.134165,57045.78151222238,19.478,0.415,W1
QSO_48.3761236-18.134165,57407.711150223295,19.302,0.42,W1
QSO_48.3761236-18.134165,57407.84247102752,18.946,0.297,W1
QSO_48.3761236-18.134165,57408.302459842045,18.674,0.201,W1
QSO_48.3761236-18.134165,57603.04290420034,19.196,0.37,W1
QSO_48.3761236-18.134165,57603.174188404526,18.764000000000003,0.261,W1
QSO_48.3761236-18.134165,57769.61371449996,18.786,0.218,W1
QSO_48.3761236-18.134165,57769.7445305,18.947000000000003,0.311,W1
QSO_48.3761236-18.134165,57967.00735700002,18.616,0.35,W1
QSO_48.3761236-18.134165,57967.33454299997,18.876,,W1
QSO_48.3761236-18.134165,57967.59628449996,18.476,0.169,W1
QSO_48.3761236-18.134165,58129.529556500005,18.974,0.264,W1
QSO_48.3761236-18.134165,58129.66037250004,18.455,0.17,W1
QSO_48.3761236-18.134165,58129.72578049997,18.987,0.316,W1
QSO_48.3761236-18.134165,58331.13307250002,18.622,0.213,W1
QSO_48.3761236-18.134165,58331.39470450001,18.986,0.285,W1
QSO_48.3761236-18.134165,58490.904559,18.779,0.224,W1
QSO_48.3761236-18.134165,58697.79564750002,18.663,0.209,W1
QSO_48.3761236-18.134165,58857.7984204,18.714,0.21,W1
QSO_48.3761236-18.134165,58857.864007600016,19.356,0.392,W1
QSO_48.3761236-18.134165,59061.97723,19.056,0.308,W1
QSO_48.3761236-18.134165,59062.10825800001,19.149,0.446,W1
QSO_48.3761236-18.134165,59221.99186699997,18.491,0.251,W1
QSO_48.3761236-18.134165,59222.57991849996,19.519,0.424,W1
QSO_48.3761236-18.134165,59222.71058849996,18.666,0.333,W1
QSO_48.3761236-18.134165,59426.1672095,18.935,0.279,W1
QSO_48.3761236-18.134165,59429.82512999997,19.14,0.298,W1
QSO_48.3761236-18.134165,59586.50539499997,19.325000000000003,0.482,W1
QSO_48.3761236-18.134165,59586.635955499965,19.201,0.316,W1
QSO_48.3761236-18.134165,59953.33521300001,18.883000000000003,0.246,W1
QSO_48.3761236-18.134165,59953.465262500016,19.404,0.481,W1
QSO_48.3761236-18.134165,55219.57539599997,18.135,,W2
QSO_48.3761236-18.134165,55219.57539599997,18.906,0.537,W2
QSO_48.3761236-18.134165,55222.08812899999,18.914,0.494,W2
QSO_48.3761236-18.134165,55222.08812899999,18.881,0.48,W2
QSO_48.3761236-18.134165,55222.41870949998,18.647,0.428,W2
QSO_48.3761236-18.134165,55222.41870949998,18.657,0.487,W2
QSO_48.3761236-18.134165,55222.48488400003,18.66,,W2
QSO_48.3761236-18.134165,55222.48488400003,18.659,,W2
QSO_48.3761236-18.134165,55222.55105849999,18.277,,W2
QSO_48.3761236-18.134165,55222.55105849999,18.272,,W2
QSO_48.3761236-18.134165,55222.68326149996,18.277,,W2
QSO_48.3761236-18.134165,55222.68326149996,18.275,,W2
QSO_48.3761236-18.134165,55408.63094199997,18.951,,W2
QSO_48.3761236-18.134165,55408.63094199997,18.95,,W2
QSO_48.3761236-18.134165,55408.76314500002,18.068,,W2
QSO_48.3761236-18.134165,55408.76314500002,18.065,,W2
QSO_48.3761236-18.134165,55408.895348,18.425,,W2
QSO_48.3761236-18.134165,55408.895348,18.469,,W2
QSO_48.3761236-18.134165,55409.02758749999,18.776,0.511,W2
QSO_48.3761236-18.134165,55409.02758749999,18.802,0.543,W2
QSO_48.3761236-18.134165,55409.35805849999,18.786,,W2
QSO_48.3761236-18.134165,55409.35805849999,18.844,,W2
QSO_48.3761236-18.134165,55409.35816799999,18.484,,W2
QSO_48.3761236-18.134165,55409.35816799999,18.458,,W2
QSO_48.3761236-18.134165,55409.42423300003,19.019,0.513,W2
QSO_48.3761236-18.134165,55409.42423300003,19.05,0.528,W2
QSO_48.3761236-18.134165,55409.49026150004,18.416,,W2
QSO_48.3761236-18.134165,55409.49026150004,18.395,,W2
QSO_48.3761236-18.134165,55409.62246450001,18.924,,W2
QSO_48.3761236-18.134165,55409.62246450001,18.924,,W2
QSO_48.3761236-18.134165,55409.75466749999,18.706,,W2
QSO_48.3761236-18.134165,55409.75466749999,18.734,,W2
QSO_48.3761236-18.134165,55411.40727799996,18.506,,W2
QSO_48.3761236-18.134165,55411.40727799996,18.542,,W2
QSO_48.3761236-18.134165,55411.473343,18.424,,W2
QSO_48.3761236-18.134165,55411.473343,18.444,,W2
QSO_48.3761236-18.134165,55411.539517499965,18.731,,W2
QSO_48.3761236-18.134165,55411.539517499965,18.704,,W2
QSO_48.3761236-18.134165,55411.60554599998,18.395,,W2
QSO_48.3761236-18.134165,55411.60554599998,18.379,,W2
QSO_48.3761236-18.134165,55411.67172050002,18.643,0.354,W2
QSO_48.3761236-18.134165,55411.67172050002,18.6,0.341,W2
QSO_48.3761236-18.134165,55411.73774900003,18.375,,W2
QSO_48.3761236-18.134165,55411.73774900003,18.351,,W2
QSO_48.3761236-18.134165,55411.80392349999,18.578,,W2
QSO_48.3761236-18.134165,55411.80392349999,18.554,,W2
QSO_48.3761236-18.134165,55411.869952,18.347,,W2
QSO_48.3761236-18.134165,55411.869952,18.325,,W2
QSO_48.3761236-18.134165,55412.0021915,18.783,,W2
QSO_48.3761236-18.134165,55412.0021915,18.784,,W2
QSO_48.3761236-18.134165,55585.77416550001,19.009,,W2
QSO_48.3761236-18.134165,55585.77416550001,19.008,,W2
QSO_48.3761236-18.134165,55585.90625899999,18.153,,W2
QSO_48.3761236-18.134165,55585.90625899999,18.144,,W2
QSO_48.3761236-18.134165,55586.03846199996,18.402,,W2
QSO_48.3761236-18.134165,55586.03846199996,18.408,,W2
QSO_48.3761236-18.134165,55586.10449049997,18.739,0.424,W2
QSO_48.3761236-18.134165,55586.10449049997,18.747,0.427,W2
QSO_48.3761236-18.134165,55586.17066500001,18.982,,W2
QSO_48.3761236-18.134165,55586.17066500001,18.961,,W2
QSO_48.3761236-18.134165,55586.236729999975,18.881,0.495,W2
QSO_48.3761236-18.134165,55586.236729999975,18.871,0.483,W2
QSO_48.3761236-18.134165,55586.30275849999,18.903,0.504,W2
QSO_48.3761236-18.134165,55586.30275849999,18.854,0.482,W2
QSO_48.3761236-18.134165,55586.36893300003,18.273,,W2
QSO_48.3761236-18.134165,55586.36893300003,19.009,0.542,W2
QSO_48.3761236-18.134165,55586.76532300002,18.397,,W2
QSO_48.3761236-18.134165,55586.76532300002,18.42,,W2
QSO_48.3761236-18.134165,55586.765432500026,18.513,,W2
QSO_48.3761236-18.134165,55586.765432500026,18.552,,W2
QSO_48.3761236-18.134165,56684.405925000014,18.969,,W2
QSO_48.3761236-18.134165,56873.42533599998,18.411,,W2
QSO_48.3761236-18.134165,56873.55677250001,18.104,,W2
QSO_48.3761236-18.134165,56873.88545499999,18.248,,W2
QSO_48.3761236-18.134165,56874.08270100002,18.092,0.312,W2
QSO_48.3761236-18.134165,57045.19068670369,17.771,0.328,W2
QSO_48.3761236-18.134165,57045.78151222238,18.961,,W2
QSO_48.3761236-18.134165,57407.711150223295,18.276,0.413,W2
QSO_48.3761236-18.134165,57407.84247102752,18.604,0.441,W2
QSO_48.3761236-18.134165,57408.302459842045,18.5,,W2
QSO_48.3761236-18.134165,57603.04290420034,18.532,,W2
QSO_48.3761236-18.134165,57603.174188404526,18.746,,W2
QSO_48.3761236-18.134165,57769.61371449996,18.317,,W2
QSO_48.3761236-18.134165,57769.7445305,18.26,,W2
QSO_48.3761236-18.134165,57967.00735700002,18.129,,W2
QSO_48.3761236-18.134165,57967.33454299997,18.008,0.424,W2
QSO_48.3761236-18.134165,57967.59628449996,18.724,,W2
QSO_48.3761236-18.134165,58129.529556500005,18.159,,W2
QSO_48.3761236-18.134165,58129.66037250004,18.592,,W2
QSO_48.3761236-18.134165,58129.72578049997,18.609,0.413,W2
QSO_48.3761236-18.134165,58331.13307250002,18.652,,W2
QSO_48.3761236-18.134165,58331.39470450001,18.251,,W2
QSO_48.3761236-18.134165,58490.904559,18.649,,W2
QSO_48.3761236-18.134165,58697.79564750002,18.663,,W2
QSO_48.3761236-18.134165,58857.7984204,18.254,,W2
QSO_48.3761236-18.134165,58857.864007600016,18.443,0.457,W2
QSO_48.3761236-18.134165,59061.97723,18.545,,W2
QSO_48.3761236-18.134165,59062.10825800001,18.557,,W2
QSO_48.3761236-18.134165,59221.99186699997,18.557,,W2
QSO_48.3761236-18.134165,59222.57991849996,18.232,0.326,W2
QSO_48.3761236-18.134165,59222.71058849996,18.928,,W2
QSO_48.3761236-18.134165,59426.1672095,18.172,,W2
QSO_48.3761236-18.134165,59429.82512999997,17.858999999999998,0.44,W2
QSO_48.3761236-18.134165,59586.50539499997,18.437,,W2
QSO_48.3761236-18.134165,59586.635955499965,18.123,,W2
QSO_48.3761236-18.134165,59953.33521300001,18.416,,W2
QSO_48.3761236-18.134165,59953.465262500016,19.0,,W2
QSO_48.4769382-18.0968393,55219.57539599997,19.004,0.292,W1
QSO_48.4769382-18.0968393,55222.08812899999,19.311,0.362,W1
QSO_48.4769382-18.0968393,55222.41870949998,19.088,0.352,W1
QSO_48.4769382-18.0968393,55222.48488400003,19.646,0.48,W1
QSO_48.4769382-18.0968393,55222.55105849999,19.097,0.27,W1
QSO_48.4769382-18.0968393,55222.68326149996,19.204,0.331,W1
QSO_48.4769382-18.0968393,55408.76314500002,19.052,0.321,W1
QSO_48.4769382-18.0968393,55408.895348,19.396,0.412,W1
QSO_48.4769382-18.0968393,55409.02758749999,18.811,0.288,W1
QSO_48.4769382-18.0968393,55409.35805849999,19.109,0.284,W1
QSO_48.4769382-18.0968393,55409.35816799999,19.186,,W1
QSO_48.4769382-18.0968393,55409.42423300003,19.419,0.437,W1
QSO_48.4769382-18.0968393,55409.49026150004,18.805,0.211,W1
QSO_48.4769382-18.0968393,55409.556436,19.577,0.436,W1
QSO_48.4769382-18.0968393,55409.62246450001,19.143,,W1
QSO_48.4769382-18.0968393,55409.75466749999,19.145000000000003,,W1
QSO_48.4769382-18.0968393,55409.88690699999,19.327,0.339,W1
QSO_48.4769382-18.0968393,55411.40727799996,19.113,0.297,W1
QSO_48.4769382-18.0968393,55411.539517499965,19.315,0.349,W1
QSO_48.4769382-18.0968393,55411.60554599998,19.054,,W1
QSO_48.4769382-18.0968393,55411.67172050002,19.337000000000003,0.384,W1
QSO_48.4769382-18.0968393,55411.73774900003,19.475,0.416,W1
QSO_48.4769382-18.0968393,55411.80392349999,18.954,0.262,W1
QSO_48.4769382-18.0968393,55411.869952,18.974,0.264,W1
QSO_48.4769382-18.0968393,55411.93601699996,19.153,0.313,W1
QSO_48.4769382-18.0968393,55411.93612649997,18.818,0.235,W1
QSO_48.4769382-18.0968393,55412.0021915,19.454,,W1
QSO_48.4769382-18.0968393,55412.39883700004,19.334000000000003,0.339,W1
QSO_48.4769382-18.0968393,55585.77416550001,18.843,0.231,W1
QSO_48.4769382-18.0968393,55585.90625899999,19.104,0.313,W1
QSO_48.4769382-18.0968393,55586.03846199996,19.011000000000003,0.3,W1
QSO_48.4769382-18.0968393,55586.17066500001,19.51,0.435,W1
QSO_48.4769382-18.0968393,55586.236729999975,19.079,0.306,W1
QSO_48.4769382-18.0968393,55586.30275849999,19.488,0.464,W1
QSO_48.4769382-18.0968393,55586.36893300003,19.347,0.403,W1
QSO_48.4769382-18.0968393,55586.76532300002,19.544,0.443,W1
QSO_48.4769382-18.0968393,55586.765432500026,19.142000000000003,,W1
QSO_48.4769382-18.0968393,55586.897526,19.26,0.366,W1
QSO_48.4769382-18.0968393,56684.010922000045,19.291,0.424,W1
QSO_48.4769382-18.0968393,56684.34011550001,19.506,0.479,W1
QSO_48.4769382-18.0968393,56684.603426500005,18.601,0.205,W1
QSO_48.4769382-18.0968393,56873.688354999984,18.777,0.254,W1
QSO_48.4769382-18.0968393,56874.08270100002,18.803,0.261,W1
QSO_48.4769382-18.0968393,57044.92803269531,18.983,0.314,W1
QSO_48.4769382-18.0968393,57045.19068670369,18.938,0.246,W1
QSO_48.4769382-18.0968393,57234.87705664452,18.84,0.241,W1
QSO_48.4769382-18.0968393,57235.27038065696,18.643,0.236,W1
QSO_48.4769382-18.0968393,57235.33593465909,19.26,0.352,W1
QSO_48.4769382-18.0968393,57235.46711566324,19.227,0.342,W1
QSO_48.4769382-18.0968393,57235.72925867153,18.111,0.165,W1
QSO_48.4769382-18.0968393,57408.17102923791,18.911,0.331,W1
QSO_48.4769382-18.0968393,57602.9115833962,19.195,0.372,W1
QSO_48.4769382-18.0968393,57769.548197000026,18.792,0.233,W1
QSO_48.4769382-18.0968393,57967.00735700002,18.372,0.257,W1
QSO_48.4769382-18.0968393,57967.07291099998,18.880000000000003,0.365,W1
QSO_48.4769382-18.0968393,57967.33454299997,18.576,0.196,W1
QSO_48.4769382-18.0968393,58129.529556500005,18.744,0.263,W1
QSO_48.4769382-18.0968393,58129.66037250004,19.37,0.423,W1
QSO_48.4769382-18.0968393,58130.24904450003,18.876,0.349,W1
QSO_48.4769382-18.0968393,58330.54454649998,18.165,0.138,W1
QSO_48.4769382-18.0968393,58331.067664500006,18.698,0.292,W1
QSO_48.4769382-18.0968393,58331.39470450001,18.601,0.2,W1
QSO_48.4769382-18.0968393,58334.86089050001,18.336,0.159,W1
QSO_48.4769382-18.0968393,58334.86103650004,18.79,0.246,W1
QSO_48.4769382-18.0968393,58490.51225700002,19.015,0.267,W1
QSO_48.4769382-18.0968393,58490.96996700002,18.969,0.304,W1
QSO_48.4769382-18.0968393,58491.36230550004,19.377,0.379,W1
QSO_48.4769382-18.0968393,58697.92635399996,18.601,0.177,W1
QSO_48.4769382-18.0968393,58698.58003249999,18.774,,W1
QSO_48.4769382-18.0968393,58857.864007600016,18.703000000000003,,W1
QSO_48.4769382-18.0968393,58858.1262466,18.946,0.253,W1
QSO_48.4769382-18.0968393,59222.57991849996,18.988,0.442,W1
QSO_48.4769382-18.0968393,59222.58002799997,18.895000000000003,0.271,W1
QSO_48.4769382-18.0968393,59222.64532649998,18.941000000000003,0.272,W1
QSO_48.4769382-18.0968393,59222.71058849996,18.313,0.239,W1
QSO_48.4769382-18.0968393,59222.84125849997,18.852,0.332,W1
QSO_48.4769382-18.0968393,59429.82512999997,18.823,0.253,W1
QSO_48.4769382-18.0968393,59430.15165899998,18.591,0.25,W1
QSO_48.4769382-18.0968393,59586.57065700003,19.3,0.344,W1
QSO_48.4769382-18.0968393,59793.731298000006,18.816000000000003,0.321,W1
QSO_48.4769382-18.0968393,59953.465262500016,19.208,0.355,W1
QSO_48.4769382-18.0968393,59953.92081899998,18.786,0.23,W1
QSO_48.4769382-18.0968393,60157.50285399999,18.99,0.366,W1
QSO_48.4769382-18.0968393,60157.76207699997,19.133000000000003,0.346,W1
QSO_48.4769382-18.0968393,60317.339324800014,18.66,0.263,W1
QSO_48.4769382-18.0968393,55219.57539599997,18.907,0.521,W2
QSO_48.4769382-18.0968393,55222.08812899999,19.016,,W2
QSO_48.4769382-18.0968393,55222.41870949998,18.204,,W2
QSO_48.4769382-18.0968393,55222.48488400003,18.475,,W2
QSO_48.4769382-18.0968393,55222.55105849999,18.801,,W2
QSO_48.4769382-18.0968393,55222.68326149996,18.405,,W2
QSO_48.4769382-18.0968393,55408.76314500002,18.307,,W2
QSO_48.4769382-18.0968393,55408.895348,18.997,,W2
QSO_48.4769382-18.0968393,55409.02758749999,18.196,,W2
QSO_48.4769382-18.0968393,55409.35805849999,19.098,,W2
QSO_48.4769382-18.0968393,55409.35816799999,18.782,,W2
QSO_48.4769382-18.0968393,55409.42423300003,18.34,,W2
QSO_48.4769382-18.0968393,55409.49026150004,18.334,,W2
QSO_48.4769382-18.0968393,55409.556436,18.516,,W2
QSO_48.4769382-18.0968393,55409.62246450001,18.8,,W2
QSO_48.4769382-18.0968393,55409.75466749999,18.468,,W2
QSO_48.4769382-18.0968393,55409.88690699999,19.149,,W2
QSO_48.4769382-18.0968393,55411.40727799996,18.931,0.491,W2
QSO_48.4769382-18.0968393,55411.539517499965,19.057,,W2
QSO_48.4769382-18.0968393,55411.60554599998,18.614,0.414,W2
QSO_48.4769382-18.0968393,55411.67172050002,18.624,,W2
QSO_48.4769382-18.0968393,55411.73774900003,18.987,,W2
QSO_48.4769382-18.0968393,55411.80392349999,18.926,,W2
QSO_48.4769382-18.0968393,55411.869952,18.218,,W2
QSO_48.4769382-18.0968393,55411.93601699996,18.405,,W2
QSO_48.4769382-18.0968393,55411.93612649997,18.997,,W2
QSO_48.4769382-18.0968393,55412.0021915,18.768,,W2
QSO_48.4769382-18.0968393,55412.39883700004,18.58,,W2
QSO_48.4769382-18.0968393,55585.77416550001,18.751,,W2
QSO_48.4769382-18.0968393,55585.90625899999,18.734,,W2
QSO_48.4769382-18.0968393,55586.03846199996,18.899,,W2
QSO_48.4769382-18.0968393,55586.17066500001,18.789,,W2
QSO_48.4769382-18.0968393,55586.236729999975,18.762,,W2
QSO_48.4769382-18.0968393,55586.30275849999,18.827,,W2
QSO_48.4769382-18.0968393,55586.36893300003,18.821,,W2
QSO_48.4769382-18.0968393,55586.76532300002,18.949,,W2
QSO_48.4769382-18.0968393,55586.765432500026,18.432,0.326,W2
QSO_48.4769382-18.0968393,55586.897526,18.95,0.54,W2
QSO_48.4769382-18.0968393,56684.010922000045,18.905,,W2
QSO_48.4769382-18.0968393,56684.34011550001,18.623,0.409,W2
QSO_48.4769382-18.0968393,56684.603426500005,18.15,,W2
QSO_48.4769382-18.0968393,56873.688354999984,18.959,,W2
QSO_48.4769382-18.0968393,56874.08270100002,18.618,,W2
QSO_48.4769382-18.0968393,57044.92803269531,18.276,,W2
QSO_48.4769382-18.0968393,57045.19068670369,18.647,,W2
QSO_48.4769382-18.0968393,57234.87705664452,18.872,0.497,W2
QSO_48.4769382-18.0968393,57235.27038065696,18.068,0.48,W2
QSO_48.4769382-18.0968393,57235.33593465909,18.512,,W2
QSO_48.4769382-18.0968393,57235.46711566324,17.599999999999998,,W2
QSO_48.4769382-18.0968393,57235.72925867153,18.695,,W2
QSO_48.4769382-18.0968393,57408.17102923791,18.257,,W2
QSO_48.4769382-18.0968393,57602.9115833962,17.817,,W2
QSO_48.4769382-18.0968393,57769.548197000026,18.219,0.429,W2
QSO_48.4769382-18.0968393,57967.00735700002,18.804,,W2
QSO_48.4769382-18.0968393,57967.07291099998,18.119,,W2
QSO_48.4769382-18.0968393,57967.33454299997,18.412,,W2
QSO_48.4769382-18.0968393,58129.529556500005,18.273,,W2
QSO_48.4769382-18.0968393,58129.66037250004,18.812,,W2
QSO_48.4769382-18.0968393,58130.24904450003,18.493,,W2
QSO_48.4769382-18.0968393,58330.54454649998,18.713,,W2
QSO_48.4769382-18.0968393,58331.067664500006,18.298,,W2
QSO_48.4769382-18.0968393,58331.39470450001,18.003999999999998,,W2
QSO_48.4769382-18.0968393,58334.86089050001,18.827,,W2
QSO_48.4769382-18.0968393,58334.86103650004,18.579,,W2
QSO_48.4769382-18.0968393,58490.51225700002,18.817,,W2
QSO_48.4769382-18.0968393,58490.96996700002,19.004,,W2
QSO_48.4769382-18.0968393,58491.36230550004,18.163,,W2
QSO_48.4769382-18.0968393,58697.92635399996,18.203,,W2
QSO_48.4769382-18.0968393,58698.58003249999,18.345,,W2
QSO_48.4769382-18.0968393,58857.864007600016,18.403,0.511,W2
QSO_48.4769382-18.0968393,58858.1262466,18.537,,W2
QSO_48.4769382-18.0968393,59222.57991849996,18.071,,W2
QSO_48.4769382-18.0968393,59222.58002799997,17.956,,W2
QSO_48.4769382-18.0968393,59222.64532649998,18.4,0.465,W2
QSO_48.4769382-18.0968393,59222.71058849996,18.776,0.459,W2
QSO_48.4769382-18.0968393,59222.84125849997,18.179,,W2
QSO_48.4769382-18.0968393,59429.82512999997,17.56,,W2
QSO_48.4769382-18.0968393,59430.15165899998,18.241,,W2
QSO_48.4769382-18.0968393,59586.57065700003,18.74,,W2
QSO_48.4769382-18.0968393,59793.731298000006,18.167,,W2
QSO_48.4769382-18.0968393,59953.465262500016,18.201,,W2
QSO_48.4769382-18.0968393,59953.92081899998,18.574,,W2
QSO_48.4769382-18.0968393,60157.50285399999,18.632,,W2
QSO_48.4769382-18.0968393,60157.76207699997,18.277,0.46,W2
QSO_48.4769382-18.0968393,60317.339324800014,18.143,,W2
QSO_48.4392572-17.9876629,55219.57539599997,19.456000000000003,0.416,W1
QSO_48.4392572-17.9876629,55222.08812899999,19.755000000000003,,W1
QSO_48.4392572-17.9876629,55222.220441499965,18.729,0.224,W1
QSO_48.4392572-17.9876629,55222.41870949998,19.488,0.46,W1
QSO_48.4392572-17.9876629,55222.418818999984,19.493,,W1
QSO_48.4392572-17.9876629,55222.48488400003,18.941000000000003,0.264,W1
QSO_48.4392572-17.9876629,55222.55105849999,19.09,0.273,W1
QSO_48.4392572-17.9876629,55222.68326149996,19.692,0.516,W1
QSO_48.4392572-17.9876629,55222.94781350002,19.076,0.373,W1
QSO_48.4392572-17.9876629,55408.76314500002,19.145000000000003,,W1
QSO_48.4392572-17.9876629,55408.895348,18.72,0.217,W1
QSO_48.4392572-17.9876629,55409.02758749999,19.204,0.303,W1
QSO_48.4392572-17.9876629,55409.35805849999,19.056,0.282,W1
QSO_48.4392572-17.9876629,55409.42423300003,19.159,0.325,W1
QSO_48.4392572-17.9876629,55409.49026150004,19.234,0.343,W1
QSO_48.4392572-17.9876629,55409.556436,19.273000000000003,0.33,W1
QSO_48.4392572-17.9876629,55409.62246450001,19.124,0.317,W1
QSO_48.4392572-17.9876629,55409.75466749999,19.176,0.299,W1
QSO_48.4392572-17.9876629,55409.88690699999,19.629,0.446,W1
QSO_48.4392572-17.9876629,55411.40727799996,18.916,0.248,W1
QSO_48.4392572-17.9876629,55411.539517499965,18.889000000000003,0.275,W1
QSO_48.4392572-17.9876629,55411.60554599998,19.117,0.355,W1
QSO_48.4392572-17.9876629,55411.67157449999,18.563,0.195,W1
QSO_48.4392572-17.9876629,55411.67172050002,18.68,0.22,W1
QSO_48.4392572-17.9876629,55411.73774900003,19.494,0.428,W1
QSO_48.4392572-17.9876629,55411.803813999984,19.773000000000003,0.538,W1
QSO_48.4392572-17.9876629,55411.869952,18.878,0.239,W1
QSO_48.4392572-17.9876629,55411.93601699996,19.272,0.347,W1
QSO_48.4392572-17.9876629,55412.0021915,19.582,0.442,W1
QSO_48.4392572-17.9876629,55412.39883700004,19.043,,W1
QSO_48.4392572-17.9876629,55585.77416550001,18.996,0.274,W1
QSO_48.4392572-17.9876629,55585.90625899999,19.052,,W1
QSO_48.4392572-17.9876629,55586.03846199996,19.161,0.344,W1
QSO_48.4392572-17.9876629,55586.17066500001,19.304,,W1
QSO_48.4392572-17.9876629,55586.236729999975,19.176,,W1
QSO_48.4392572-17.9876629,55586.30275849999,19.086,,W1
QSO_48.4392572-17.9876629,55586.36893300003,19.398000000000003,0.387,W1
QSO_48.4392572-17.9876629,55586.765432500026,18.601,0.188,W1
QSO_48.4392572-17.9876629,55586.897526,19.482,0.426,W1
QSO_48.4392572-17.9876629,56684.208533000034,18.733,0.209,W1
QSO_48.4392572-17.9876629,56873.55677250001,19.323,0.348,W1
QSO_48.4392572-17.9876629,56873.81979150002,18.49,0.269,W1
QSO_48.4392572-17.9876629,56873.88545499999,18.998,0.275,W1
QSO_48.4392572-17.9876629,56874.08270100002,19.048,0.441,W1
QSO_48.4392572-17.9876629,57234.87705664452,19.047,0.275,W1
QSO_48.4392572-17.9876629,57235.46700616323,18.736,0.211,W1
QSO_48.4392572-17.9876629,57235.86033017568,19.020000000000003,0.294,W1
QSO_48.4392572-17.9876629,57408.17102923791,18.905,0.257,W1
QSO_48.4392572-17.9876629,57602.8459961941,18.92,0.342,W1
QSO_48.4392572-17.9876629,57603.174188404526,19.229,0.351,W1
QSO_48.4392572-17.9876629,57769.74467650003,19.117,0.291,W1
QSO_48.4392572-17.9876629,57966.61479949999,18.911,0.274,W1
QSO_48.4392572-17.9876629,57967.00735700002,19.094,0.339,W1
QSO_48.4392572-17.9876629,57967.13817299997,19.217,0.358,W1
QSO_48.4392572-17.9876629,57967.138319000005,18.901000000000003,0.311,W1
QSO_48.4392572-17.9876629,58129.529556500005,19.29,0.407,W1
QSO_48.4392572-17.9876629,58334.86089050001,18.832,0.272,W1
QSO_48.4392572-17.9876629,58491.03537500004,18.837000000000003,0.222,W1
QSO_48.4392572-17.9876629,58697.46875349996,18.974,0.269,W1
QSO_48.4392572-17.9876629,58697.79564750002,18.541,0.185,W1
QSO_48.4392572-17.9876629,58698.44936249998,19.098,0.383,W1
QSO_48.4392572-17.9876629,59061.97723,18.914,0.347,W1
QSO_48.4392572-17.9876629,59222.710697999966,18.82,0.218,W1
QSO_48.4392572-17.9876629,59222.8414045,19.192,0.3,W1
QSO_48.4392572-17.9876629,59429.43319300002,18.601,0.243,W1
QSO_48.4392572-17.9876629,59429.82512999997,18.514,0.201,W1
QSO_48.4392572-17.9876629,59586.70121750004,18.591,0.175,W1
QSO_48.4392572-17.9876629,59952.944663,18.636,0.223,W1
QSO_48.4392572-17.9876629,59953.33521300001,18.882,0.265,W1
QSO_48.4392572-17.9876629,60157.89161549999,18.781,0.274,W1
QSO_48.4392572-17.9876629,60317.856629200025,19.322000000000003,0.378,W1
QSO_48.4392572-17.9876629,55219.57539599997,18.304,,W2
QSO_48.4392572-17.9876629,55222.08812899999,18.553,,W2
QSO_48.4392572-17.9876629,55222.220441499965,18.171,,W2
QSO_48.4392572-17.9876629,55222.41870949998,18.164,0.327,W2
QSO_48.4392572-17.9876629,55222.418818999984,18.675,0.457,W2
QSO_48.4392572-17.9876629,55222.48488400003,18.487,,W2
QSO_48.4392572-17.9876629,55222.55105849999,18.483,,W2
QSO_48.4392572-17.9876629,55222.68326149996,18.025,,W2
QSO_48.4392572-17.9876629,55222.94781350002,18.204,,W2
QSO_48.4392572-17.9876629,55408.76314500002,18.563,0.38,W2
QSO_48.4392572-17.9876629,55408.895348,18.898,,W2
QSO_48.4392572-17.9876629,55409.02758749999,18.583,,W2
QSO_48.4392572-17.9876629,55409.35805849999,18.659,,W2
QSO_48.4392572-17.9876629,55409.42423300003,18.393,0.309,W2
QSO_48.4392572-17.9876629,55409.49026150004,18.656,,W2
QSO_48.4392572-17.9876629,55409.556436,19.001,,W2
QSO_48.4392572-17.9876629,55409.62246450001,18.865,,W2
QSO_48.4392572-17.9876629,55409.75466749999,18.594,,W2
QSO_48.4392572-17.9876629,55409.88690699999,19.024,,W2
QSO_48.4392572-17.9876629,55411.40727799996,18.987,,W2
QSO_48.4392572-17.9876629,55411.539517499965,18.734,,W2
QSO_48.4392572-17.9876629,55411.60554599998,18.449,,W2
QSO_48.4392572-17.9876629,55411.67157449999,18.905,0.49,W2
QSO_48.4392572-17.9876629,55411.67172050002,18.867,,W2
QSO_48.4392572-17.9876629,55411.73774900003,18.925,,W2
QSO_48.4392572-17.9876629,55411.803813999984,18.941,,W2
QSO_48.4392572-17.9876629,55411.869952,18.894,,W2
QSO_48.4392572-17.9876629,55411.93601699996,19.027,,W2
QSO_48.4392572-17.9876629,55412.0021915,18.344,,W2
QSO_48.4392572-17.9876629,55412.39883700004,18.513,,W2
QSO_48.4392572-17.9876629,55585.77416550001,18.663,,W2
QSO_48.4392572-17.9876629,55585.90625899999,18.213,,W2
QSO_48.4392572-17.9876629,55586.03846199996,18.628,,W2
QSO_48.4392572-17.9876629,55586.17066500001,18.744,,W2
QSO_48.4392572-17.9876629,55586.236729999975,18.175,,W2
QSO_48.4392572-17.9876629,55586.30275849999,18.824,,W2
QSO_48.4392572-17.9876629,55586.36893300003,18.756,,W2
QSO_48.4392572-17.9876629,55586.765432500026,18.852,0.491,W2
QSO_48.4392572-17.9876629,55586.897526,18.379,,W2
QSO_48.4392572-17.9876629,56684.208533000034,19.002,,W2
QSO_48.4392572-17.9876629,56873.55677250001,18.37,0.526,W2
QSO_48.4392572-17.9876629,56873.81979150002,18.394,,W2
QSO_48.4392572-17.9876629,56873.88545499999,18.452,,W2
QSO_48.4392572-17.9876629,56874.08270100002,18.365,,W2
QSO_48.4392572-17.9876629,57234.87705664452,18.475,0.37,W2
QSO_48.4392572-17.9876629,57235.46700616323,18.893,,W2
QSO_48.4392572-17.9876629,57235.86033017568,18.243,,W2
QSO_48.4392572-17.9876629,57408.17102923791,18.406,,W2
QSO_48.4392572-17.9876629,57602.8459961941,18.198,,W2
QSO_48.4392572-17.9876629,57603.174188404526,18.625,,W2
QSO_48.4392572-17.9876629,57769.74467650003,18.163,,W2
QSO_48.4392572-17.9876629,57966.61479949999,18.287,,W2
QSO_48.4392572-17.9876629,57967.00735700002,18.311,,W2
QSO_48.4392572-17.9876629,57967.13817299997,18.704,,W2
QSO_48.4392572-17.9876629,57967.138319000005,18.937,,W2
QSO_48.4392572-17.9876629,58129.529556500005,18.051,,W2
QSO_48.4392572-17.9876629,58334.86089050001,18.556,,W2
QSO_48.4392572-17.9876629,58491.03537500004,18.605,0.428,W2
QSO_48.4392572-17.9876629,58697.46875349996,18.138,,W2
QSO_48.4392572-17.9876629,58697.79564750002,18.385,0.336,W2
QSO_48.4392572-17.9876629,58698.44936249998,17.84,,W2
QSO_48.4392572-17.9876629,59061.97723,18.429,0.454,W2
QSO_48.4392572-17.9876629,59222.710697999966,17.971999999999998,,W2
QSO_48.4392572-17.9876629,59222.8414045,18.422,,W2
QSO_48.4392572-17.9876629,59429.43319300002,18.229,,W2
QSO_48.4392572-17.9876629,59429.82512999997,18.825,,W2
QSO_48.4392572-17.9876629,59586.70121750004,18.301,,W2
QSO_48.4392572-17.9876629,59952.944663,18.538,,W2
QSO_48.4392572-17.9876629,59953.33521300001,18.606,0.509,W2
QSO_48.4392572-17.9876629,60157.89161549999,17.927,,W2
QSO_48.4392572-17.9876629,60317.856629200025,18.328,,W2
QSO_48.5831379-18.1648393,55219.57539599997,19.641,0.488,W1
QSO_48.5831379-18.1648393,55222.08812899999,19.587000000000003,0.504,W1
QSO_48.5831379-18.1648393,55222.35253500002,18.867,0.252,W1
QSO_48.5831379-18.1648393,55222.41870949998,18.725,0.236,W1
QSO_48.5831379-18.1648393,55222.48488400003,19.049,,W1
QSO_48.5831379-18.1648393,55222.55091250004,19.449,0.407,W1
QSO_48.5831379-18.1648393,55222.617087,19.364,0.393,W1
QSO_48.5831379-18.1648393,55222.68326149996,19.023000000000003,0.289,W1
QSO_48.5831379-18.1648393,55408.76314500002,19.296,,W1
QSO_48.5831379-18.1648393,55408.895348,18.845,0.232,W1
QSO_48.5831379-18.1648393,55409.02758749999,19.282,,W1
QSO_48.5831379-18.1648393,55409.35816799999,19.049,0.27,W1
QSO_48.5831379-18.1648393,55409.42423300003,19.453000000000003,0.45,W1
QSO_48.5831379-18.1648393,55409.49026150004,19.394,0.377,W1
QSO_48.5831379-18.1648393,55409.49037099996,19.21,0.345,W1
QSO_48.5831379-18.1648393,55409.556436,18.712000000000003,0.219,W1
QSO_48.5831379-18.1648393,55409.62246450001,18.867,,W1
QSO_48.5831379-18.1648393,55409.75466749999,18.925,0.249,W1
QSO_48.5831379-18.1648393,55409.88690699999,19.425,0.412,W1
QSO_48.5831379-18.1648393,55410.019109999965,19.143,0.287,W1
QSO_48.5831379-18.1648393,55411.40727799996,19.088,0.296,W1
QSO_48.5831379-18.1648393,55411.539517499965,19.089,,W1
QSO_48.5831379-18.1648393,55411.60554599998,19.091,0.308,W1
QSO_48.5831379-18.1648393,55411.67172050002,18.859,0.245,W1
QSO_48.5831379-18.1648393,55411.73774900003,18.966,0.256,W1
QSO_48.5831379-18.1648393,55411.80392349999,19.227,0.472,W1
QSO_48.5831379-18.1648393,55411.869952,19.158,0.308,W1
QSO_48.5831379-18.1648393,55411.93612649997,19.297,0.387,W1
QSO_48.5831379-18.1648393,55412.0021915,19.561,0.476,W1
QSO_48.5831379-18.1648393,55412.06836599997,18.803,0.233,W1
QSO_48.5831379-18.1648393,55412.39883700004,19.062,,W1
QSO_48.5831379-18.1648393,55585.90625899999,19.118,0.328,W1
QSO_48.5831379-18.1648393,55586.03846199996,18.511,0.178,W1
QSO_48.5831379-18.1648393,55586.17055550001,18.692,0.262,W1
QSO_48.5831379-18.1648393,55586.30275849999,19.079,,W1
QSO_48.5831379-18.1648393,55586.368787,19.315,0.377,W1
QSO_48.5831379-18.1648393,55586.76532300002,18.909,0.252,W1
QSO_48.5831379-18.1648393,55586.897526,19.078000000000003,0.297,W1
QSO_48.5831379-18.1648393,55587.02972899997,19.257,0.327,W1
QSO_48.5831379-18.1648393,56684.010922000045,18.91,0.28,W1
QSO_48.5831379-18.1648393,56684.99839300003,19.093,0.294,W1
QSO_48.5831379-18.1648393,56873.55691850004,18.898000000000003,0.497,W1
QSO_48.5831379-18.1648393,56873.88560100002,18.747,0.251,W1
QSO_48.5831379-18.1648393,56874.017037499965,18.848,0.238,W1
QSO_48.5831379-18.1648393,56874.54296599998,19.316000000000003,0.371,W1
QSO_48.5831379-18.1648393,57235.27038065696,18.473,0.185,W1
QSO_48.5831379-18.1648393,57235.33593465909,18.577,0.2,W1
QSO_48.5831379-18.1648393,57235.66374116943,18.649,0.243,W1
QSO_48.5831379-18.1648393,57235.72925867153,19.025,0.305,W1
QSO_48.5831379-18.1648393,57236.12258268397,19.086,0.332,W1
QSO_48.5831379-18.1648393,57408.105295635774,18.975,0.267,W1
QSO_48.5831379-18.1648393,57408.17102923791,18.894,0.316,W1
QSO_48.5831379-18.1648393,57408.302459842045,19.261000000000003,0.368,W1
QSO_48.5831379-18.1648393,57603.04290420034,19.194000000000003,0.346,W1
QSO_48.5831379-18.1648393,57603.10860120243,18.711,0.206,W1
QSO_48.5831379-18.1648393,57769.41723500004,19.348,0.52,W1
QSO_48.5831379-18.1648393,57769.41738099999,19.002,0.258,W1
QSO_48.5831379-18.1648393,57769.67912249998,18.061,,W1
QSO_48.5831379-18.1648393,57770.52993750003,19.328000000000003,0.352,W1
QSO_48.5831379-18.1648393,57967.33454299997,18.684,0.21,W1
QSO_48.5831379-18.1648393,57967.39995099999,18.605,0.229,W1
QSO_48.5831379-18.1648393,58129.529556500005,19.044,,W1
QSO_48.5831379-18.1648393,58129.66037250004,18.546,0.221,W1
QSO_48.5831379-18.1648393,58129.79118849999,18.828000000000003,0.245,W1
QSO_48.5831379-18.1648393,58130.24904450003,18.388,0.164,W1
QSO_48.5831379-18.1648393,58130.37986049998,18.426,0.203,W1
QSO_48.5831379-18.1648393,58334.86103650004,18.929,0.384,W1
QSO_48.5831379-18.1648393,58334.92644449997,18.529,0.277,W1
QSO_48.5831379-18.1648393,58490.38144099998,18.828000000000003,0.228,W1
QSO_48.5831379-18.1648393,58490.83915099999,18.733,0.203,W1
QSO_48.5831379-18.1648393,58491.03526550003,18.358,0.17,W1
QSO_48.5831379-18.1648393,58491.49297550004,19.009,0.29,W1
QSO_48.5831379-18.1648393,58697.5995695,18.703000000000003,0.221,W1
QSO_48.5831379-18.1648393,58697.92646349996,18.586,0.456,W1
QSO_48.5831379-18.1648393,58857.864007600016,19.053,0.283,W1
QSO_48.5831379-18.1648393,58858.1262466,18.773000000000003,0.264,W1
QSO_48.5831379-18.1648393,59062.10825800001,18.103,0.301,W1
QSO_48.5831379-18.1648393,59222.77599649999,19.064,0.274,W1
QSO_48.5831379-18.1648393,59222.84125849997,18.962000000000003,0.287,W1
QSO_48.5831379-18.1648393,59429.43333899997,18.58,0.193,W1
QSO_48.5831379-18.1648393,59429.75986799998,18.993,0.282,W1
QSO_48.5831379-18.1648393,59429.9558365,18.751,0.217,W1
QSO_48.5831379-18.1648393,59793.66614550003,19.347,0.52,W1
QSO_48.5831379-18.1648393,59793.731298000006,19.005000000000003,0.387,W1
QSO_48.5831379-18.1648393,59793.992017500015,18.819000000000003,0.246,W1
QSO_48.5831379-18.1648393,59794.05717,19.223,0.347,W1
QSO_48.5831379-18.1648393,59952.944663,18.891,0.293,W1
QSO_48.5831379-18.1648393,59953.79062350002,18.878,0.243,W1
QSO_48.5831379-18.1648393,59953.92081899998,19.575000000000003,0.462,W1
QSO_48.5831379-18.1648393,60157.30852800003,18.937,0.293,W1
QSO_48.5831379-18.1648393,60157.63253850004,19.177,0.41,W1
QSO_48.5831379-18.1648393,60157.69728950003,18.79,0.373,W1
QSO_48.5831379-18.1648393,60317.597976999976,19.142000000000003,0.391,W1
QSO_48.5831379-18.1648393,55219.57539599997,18.287,,W2
QSO_48.5831379-18.1648393,55222.08812899999,18.864,,W2
QSO_48.5831379-18.1648393,55222.35253500002,18.467,0.478,W2
QSO_48.5831379-18.1648393,55222.41870949998,18.889,0.538,W2
QSO_48.5831379-18.1648393,55222.48488400003,18.351,,W2
QSO_48.5831379-18.1648393,55222.55091250004,18.838,,W2
QSO_48.5831379-18.1648393,55222.617087,18.972,,W2
QSO_48.5831379-18.1648393,55222.68326149996,19.003,,W2
QSO_48.5831379-18.1648393,55408.76314500002,18.726,,W2
QSO_48.5831379-18.1648393,55408.895348,18.617,,W2
QSO_48.5831379-18.1648393,55409.02758749999,18.018,,W2
QSO_48.5831379-18.1648393,55409.35816799999,18.854,,W2
QSO_48.5831379-18.1648393,55409.42423300003,19.09,,W2
QSO_48.5831379-18.1648393,55409.49026150004,18.674,0.412,W2
QSO_48.5831379-18.1648393,55409.49037099996,18.947,0.527,W2
QSO_48.5831379-18.1648393,55409.556436,18.706,0.435,W2
QSO_48.5831379-18.1648393,55409.62246450001,19.109,,W2
QSO_48.5831379-18.1648393,55409.75466749999,18.84,0.525,W2
QSO_48.5831379-18.1648393,55409.88690699999,18.939,,W2
QSO_48.5831379-18.1648393,55410.019109999965,18.364,,W2
QSO_48.5831379-18.1648393,55411.40727799996,18.544,,W2
QSO_48.5831379-18.1648393,55411.539517499965,18.902,,W2
QSO_48.5831379-18.1648393,55411.60554599998,18.211,,W2
QSO_48.5831379-18.1648393,55411.67172050002,18.523,0.377,W2
QSO_48.5831379-18.1648393,55411.73774900003,18.921,0.523,W2
QSO_48.5831379-18.1648393,55411.80392349999,18.232,,W2
QSO_48.5831379-18.1648393,55411.869952,18.473,0.343,W2
QSO_48.5831379-18.1648393,55411.93612649997,19.123,,W2
QSO_48.5831379-18.1648393,55412.0021915,18.918,,W2
QSO_48.5831379-18.1648393,55412.06836599997,18.616,,W2
QSO_48.5831379-18.1648393,55412.39883700004,18.373,,W2
QSO_48.5831379-18.1648393,55585.90625899999,18.406,0.308,W2
QSO_48.5831379-18.1648393,55586.03846199996,19.014,,W2
QSO_48.5831379-18.1648393,55586.17055550001,18.496,,W2
QSO_48.5831379-18.1648393,55586.30275849999,18.665,,W2
QSO_48.5831379-18.1648393,55586.368787,18.767,,W2
QSO_48.5831379-18.1648393,55586.76532300002,18.851,,W2
QSO_48.5831379-18.1648393,55586.897526,18.519,0.414,W2
QSO_48.5831379-18.1648393,55587.02972899997,18.759,,W2
QSO_48.5831379-18.1648393,56684.010922000045,17.901,,W2
QSO_48.5831379-18.1648393,56684.99839300003,18.79,0.473,W2
QSO_48.5831379-18.1648393,56873.55691850004,18.656,,W2
QSO_48.5831379-18.1648393,56873.88560100002,17.651,,W2
QSO_48.5831379-18.1648393,56874.017037499965,18.148,,W2
QSO_48.5831379-18.1648393,56874.54296599998,18.424,0.386,W2
QSO_48.5831379-18.1648393,57235.27038065696,18.159,,W2
QSO_48.5831379-18.1648393,57235.33593465909,18.359,,W2
QSO_48.5831379-18.1648393,57235.66374116943,18.475,,W2
QSO_48.5831379-18.1648393,57235.72925867153,18.536,,W2
QSO_48.5831379-18.1648393,57236.12258268397,17.963,,W2
QSO_48.5831379-18.1648393,57408.105295635774,18.456,0.39,W2
QSO_48.5831379-18.1648393,57408.17102923791,18.07,,W2
QSO_48.5831379-18.1648393,57408.302459842045,18.461,,W2
QSO_48.5831379-18.1648393,57603.04290420034,18.116,,W2
QSO_48.5831379-18.1648393,57603.10860120243,18.32,,W2
QSO_48.5831379-18.1648393,57769.41723500004,18.074,0.27,W2
QSO_48.5831379-18.1648393,57769.41738099999,18.953,0.524,W2
QSO_48.5831379-18.1648393,57769.67912249998,17.937,,W2
QSO_48.5831379-18.1648393,57770.52993750003,18.277,,W2
QSO_48.5831379-18.1648393,57967.33454299997,18.222,,W2
QSO_48.5831379-18.1648393,57967.39995099999,18.588,,W2
QSO_48.5831379-18.1648393,58129.529556500005,17.745,0.284,W2
QSO_48.5831379-18.1648393,58129.66037250004,18.595,,W2
QSO_48.5831379-18.1648393,58129.79118849999,18.737,0.534,W2
QSO_48.5831379-18.1648393,58130.24904450003,18.82,,W2
QSO_48.5831379-18.1648393,58130.37986049998,18.28,,W2
QSO_48.5831379-18.1648393,58334.86103650004,18.364,,W2
QSO_48.5831379-18.1648393,58334.92644449997,18.523,,W2
QSO_48.5831379-18.1648393,58490.38144099998,18.374,,W2
QSO_48.5831379-18.1648393,58490.83915099999,18.151,,W2
QSO_48.5831379-18.1648393,58491.03526550003,18.536,0.419,W2
QSO_48.5831379-18.1648393,58491.49297550004,18.53,0.492,W2
QSO_48.5831379-18.1648393,58697.5995695,18.685,,W2
QSO_48.5831379-18.1648393,58697.92646349996,18.593,0.526,W2
QSO_48.5831379-18.1648393,58857.864007600016,18.754,,W2
QSO_48.5831379-18.1648393,58858.1262466,18.573,0.53,W2
QSO_48.5831379-18.1648393,59062.10825800001,18.589,,W2
QSO_48.5831379-18.1648393,59222.77599649999,18.633,0.398,W2
QSO_48.5831379-18.1648393,59222.84125849997,18.545,0.506,W2
QSO_48.5831379-18.1648393,59429.43333899997,18.074,,W2
QSO_48.5831379-18.1648393,59429.75986799998,18.056,0.439,W2
QSO_48.5831379-18.1648393,59429.9558365,17.506999999999998,,W2
QSO_48.5831379-18.1648393,59793.66614550003,18.248,,W2
QSO_48.5831379-18.1648393,59793.731298000006,18.186,,W2
QSO_48.5831379-18.1648393,59793.992017500015,18.541,,W2
QSO_48.5831379-18.1648393,59794.05717,17.891,,W2
QSO_48.5831379-18.1648393,59952.944663,18.927,,W2
QSO_48.5831379-18.1648393,59953.79062350002,18.722,,W2
QSO_48.5831379-18.1648393,59953.92081899998,17.903,,W2
QSO_48.5831379-18.1648393,60157.30852800003,18.559,,W2
QSO_48.5831379-18.1648393,60157.63253850004,18.106,,W2
QSO_48.5831379-18.1648393,60157.69728950003,18.589,,W2
QSO_48.5831379-18.1648393,60317.597976999976,18.084,,W2
QSO_48.3025687-18.2375255,55219.57539599997,19.126,,W1
QSO_48.3025687-18.2375255,55221.69133750001,19.333,,W1
QSO_48.3025687-18.2375255,55222.08812899999,19.588,0.453,W1
QSO_48.3025687-18.2375255,55222.41870949998,19.098,0.295,W1
QSO_48.3025687-18.2375255,55222.55091250004,19.191000000000003,0.308,W1
QSO_48.3025687-18.2375255,55222.55105849999,19.204,0.327,W1
QSO_48.3025687-18.2375255,55222.68326149996,18.461,0.19,W1
QSO_48.3025687-18.2375255,55408.49884849999,19.601,0.51,W1
QSO_48.3025687-18.2375255,55408.63094199997,19.236,0.341,W1
QSO_48.3025687-18.2375255,55408.63105149997,19.302,0.418,W1
QSO_48.3025687-18.2375255,55408.76314500002,19.371,0.397,W1
QSO_48.3025687-18.2375255,55408.895348,18.827,0.219,W1
QSO_48.3025687-18.2375255,55408.96152250004,18.827,0.263,W1
QSO_48.3025687-18.2375255,55409.02758749999,19.205,0.317,W1
QSO_48.3025687-18.2375255,55409.35816799999,18.748,0.215,W1
QSO_48.3025687-18.2375255,55409.49026150004,19.385,,W1
QSO_48.3025687-18.2375255,55409.49037099996,18.972,0.253,W1
QSO_48.3025687-18.2375255,55409.62246450001,19.662,,W1
QSO_48.3025687-18.2375255,55411.40727799996,18.848,0.244,W1
QSO_48.3025687-18.2375255,55411.473343,17.959,,W1
QSO_48.3025687-18.2375255,55411.539517499965,19.375,0.373,W1
QSO_48.3025687-18.2375255,55411.60554599998,19.015,,W1
QSO_48.3025687-18.2375255,55411.67172050002,19.636000000000003,0.524,W1
QSO_48.3025687-18.2375255,55411.73774900003,19.503,0.452,W1
QSO_48.3025687-18.2375255,55411.869952,19.62,0.468,W1
QSO_48.3025687-18.2375255,55412.0021915,19.553,0.456,W1
QSO_48.3025687-18.2375255,55585.77401949999,19.381,0.496,W1
QSO_48.3025687-18.2375255,55585.77416550001,18.907,0.254,W1
QSO_48.3025687-18.2375255,55585.90625899999,19.426,0.394,W1
QSO_48.3025687-18.2375255,55585.9722875,19.461,,W1
QSO_48.3025687-18.2375255,55585.97243350003,19.635,0.483,W1
QSO_48.3025687-18.2375255,55586.03846199996,19.087000000000003,,W1
QSO_48.3025687-18.2375255,55586.10449049997,19.815,,W1
QSO_48.3025687-18.2375255,55586.17055550001,19.464,0.43,W1
QSO_48.3025687-18.2375255,55586.17066500001,18.954,,W1
QSO_48.3025687-18.2375255,55586.236729999975,19.188,,W1
QSO_48.3025687-18.2375255,55586.30275849999,18.97,0.261,W1
QSO_48.3025687-18.2375255,55586.368787,18.842,0.328,W1
QSO_48.3025687-18.2375255,55586.76532300002,19.298,0.35,W1
QSO_48.3025687-18.2375255,56683.61580949998,18.809,0.23,W1
QSO_48.3025687-18.2375255,56684.010922000045,18.693,0.203,W1
QSO_48.3025687-18.2375255,56684.20842350003,18.967,0.296,W1
QSO_48.3025687-18.2375255,56873.42533599998,18.978,0.284,W1
QSO_48.3025687-18.2375255,57045.12502320155,18.989,0.308,W1
QSO_48.3025687-18.2375255,57234.61480413622,19.506,0.503,W1
QSO_48.3025687-18.2375255,57602.058217769234,18.889000000000003,0.253,W1
QSO_48.3025687-18.2375255,57602.71471198992,18.576,0.244,W1
QSO_48.3025687-18.2375255,57602.8459961941,19.254,0.33,W1
QSO_48.3025687-18.2375255,57967.00750299997,19.044,0.307,W1
QSO_48.3025687-18.2375255,57967.138319000005,18.652,0.189,W1
QSO_48.3025687-18.2375255,58330.9369945,18.998,0.282,W1
QSO_48.3025687-18.2375255,58331.00240250002,19.057,0.333,W1
QSO_48.3025687-18.2375255,58331.52552049996,19.004,0.271,W1
QSO_48.3025687-18.2375255,58490.57766500003,18.666,0.19,W1
QSO_48.3025687-18.2375255,58697.66497750001,19.473,0.413,W1
QSO_48.3025687-18.2375255,58697.7302395,18.758000000000003,0.352,W1
QSO_48.3025687-18.2375255,58697.861055500034,19.327,0.404,W1
QSO_48.3025687-18.2375255,58856.88085840002,18.907,0.259,W1
QSO_48.3025687-18.2375255,58857.60180519998,18.939,0.364,W1
QSO_48.3025687-18.2375255,59062.23932260004,18.422,0.301,W1
QSO_48.3025687-18.2375255,59222.71058849996,18.612,0.223,W1
QSO_48.3025687-18.2375255,59429.04140200002,19.159,0.33,W1
QSO_48.3025687-18.2375255,59429.82512999997,19.558,0.438,W1
QSO_48.3025687-18.2375255,59586.635955499965,19.111,0.298,W1
QSO_48.3025687-18.2375255,59793.92686500004,18.997,0.275,W1
QSO_48.3025687-18.2375255,59953.530415,18.81,0.239,W1
QSO_48.3025687-18.2375255,60157.17898950001,19.079,0.304,W1
QSO_48.3025687-18.2375255,60157.30852800003,18.692,0.246,W1
QSO_48.3025687-18.2375255,60316.75749459999,18.866,0.275,W1
QSO_48.3025687-18.2375255,55219.57539599997,18.374,,W2
QSO_48.3025687-18.2375255,55221.69133750001,19.01,,W2
QSO_48.3025687-18.2375255,55222.08812899999,19.001,,W2
QSO_48.3025687-18.2375255,55222.41870949998,18.577,0.417,W2
QSO_48.3025687-18.2375255,55222.55091250004,18.298,,W2
QSO_48.3025687-18.2375255,55222.55105849999,18.822,,W2
QSO_48.3025687-18.2375255,55222.68326149996,18.53,,W2
QSO_48.3025687-18.2375255,55408.49884849999,18.314,0.335,W2
QSO_48.3025687-18.2375255,55408.63094199997,18.81,,W2
QSO_48.3025687-18.2375255,55408.63105149997,18.479,,W2
QSO_48.3025687-18.2375255,55408.76314500002,18.473,,W2
QSO_48.3025687-18.2375255,55408.895348,18.496,,W2
QSO_48.3025687-18.2375255,55408.96152250004,18.617,0.391,W2
QSO_48.3025687-18.2375255,55409.02758749999,18.774,0.472,W2
QSO_48.3025687-18.2375255,55409.35816799999,18.927,,W2
QSO_48.3025687-18.2375255,55409.49026150004,18.096,,W2
QSO_48.3025687-18.2375255,55409.49037099996,18.574,,W2
QSO_48.3025687-18.2375255,55409.62246450001,18.949,,W2
QSO_48.3025687-18.2375255,55411.40727799996,18.375,,W2
QSO_48.3025687-18.2375255,55411.473343,18.427,,W2
QSO_48.3025687-18.2375255,55411.539517499965,18.437,,W2
QSO_48.3025687-18.2375255,55411.60554599998,18.388,,W2
QSO_48.3025687-18.2375255,55411.67172050002,18.463,,W2
QSO_48.3025687-18.2375255,55411.73774900003,18.711,0.418,W2
QSO_48.3025687-18.2375255,55411.869952,18.533,0.356,W2
QSO_48.3025687-18.2375255,55412.0021915,18.707,0.438,W2
QSO_48.3025687-18.2375255,55585.77401949999,18.537,,W2
QSO_48.3025687-18.2375255,55585.77416550001,18.336,,W2
QSO_48.3025687-18.2375255,55585.90625899999,18.163,,W2
QSO_48.3025687-18.2375255,55585.9722875,18.304,,W2
QSO_48.3025687-18.2375255,55585.97243350003,18.438,,W2
QSO_48.3025687-18.2375255,55586.03846199996,17.954,,W2
QSO_48.3025687-18.2375255,55586.10449049997,18.518,0.363,W2
QSO_48.3025687-18.2375255,55586.17055550001,18.588,,W2
QSO_48.3025687-18.2375255,55586.17066500001,18.269,,W2
QSO_48.3025687-18.2375255,55586.236729999975,18.908,,W2
QSO_48.3025687-18.2375255,55586.30275849999,18.878,0.497,W2
QSO_48.3025687-18.2375255,55586.368787,18.657,,W2
QSO_48.3025687-18.2375255,55586.76532300002,18.827,,W2
QSO_48.3025687-18.2375255,56683.61580949998,18.921,,W2
QSO_48.3025687-18.2375255,56684.010922000045,18.751,,W2
QSO_48.3025687-18.2375255,56684.20842350003,18.495,,W2
QSO_48.3025687-18.2375255,56873.42533599998,18.609,0.392,W2
QSO_48.3025687-18.2375255,57045.12502320155,18.09,,W2
QSO_48.3025687-18.2375255,57234.61480413622,18.136,0.256,W2
QSO_48.3025687-18.2375255,57602.058217769234,18.382,,W2
QSO_48.3025687-18.2375255,57602.71471198992,18.438,,W2
QSO_48.3025687-18.2375255,57602.8459961941,17.925,0.293,W2
QSO_48.3025687-18.2375255,57967.00750299997,17.849999999999998,,W2
QSO_48.3025687-18.2375255,57967.138319000005,18.22,,W2
QSO_48.3025687-18.2375255,58330.9369945,18.088,0.393,W2
QSO_48.3025687-18.2375255,58331.00240250002,17.413,,W2
QSO_48.3025687-18.2375255,58331.52552049996,18.5,0.434,W2
QSO_48.3025687-18.2375255,58490.57766500003,18.653,,W2
QSO_48.3025687-18.2375255,58697.66497750001,18.322,0.364,W2
QSO_48.3025687-18.2375255,58697.7302395,18.101,,W2
QSO_48.3025687-18.2375255,58697.861055500034,17.727999999999998,,W2
QSO_48.3025687-18.2375255,58856.88085840002,18.733,0.456,W2
QSO_48.3025687-18.2375255,58857.60180519998,18.027,0.301,W2
QSO_48.3025687-18.2375255,59062.23932260004,18.645,,W2
QSO_48.3025687-18.2375255,59222.71058849996,18.605,0.394,W2
QSO_48.3025687-18.2375255,59429.04140200002,18.662,,W2
QSO_48.3025687-18.2375255,59429.82512999997,18.331,0.379,W2
QSO_48.3025687-18.2375255,59586.635955499965,18.379,,W2
QSO_48.3025687-18.2375255,59793.92686500004,18.552,,W2
QSO_48.3025687-18.2375255,59953.530415,18.475,,W2
QSO_48.3025687-18.2375255,60157.17898950001,18.224,0.415,W2
QSO_48.3025687-18.2375255,60157.30852800003,18.223,,W2
QSO_48.3025687-18.2375255,60316.75749459999,18.423,,W2
QSO_48.3818185-18.0188402,55219.57539599997,19.204,,W1
QSO_48.3818185-18.0188402,55219.57539599997,19.236,,W1
QSO_48.3818185-18.0188402,55222.08812899999,19.162,0.322,W1
QSO_48.3818185-18.0188402,55222.08812899999,19.144,0.316,W1
QSO_48.3818185-18.0188402,55222.220441499965,18.91,0.248,W1
QSO_48.3818185-18.0188402,55222.220441499965,19.059,0.285,W1
QSO_48.3818185-18.0188402,55222.41870949998,19.114,0.335,W1
QSO_48.3818185-18.0188402,55222.41870949998,19.467,0.463,W1
QSO_48.3818185-18.0188402,55222.48488400003,19.051,0.31,W1
QSO_48.3818185-18.0188402,55222.48488400003,18.832,0.253,W1
QSO_48.3818185-18.0188402,55222.55105849999,19.26,0.376,W1
QSO_48.3818185-18.0188402,55222.55105849999,19.025,0.292,W1
QSO_48.3818185-18.0188402,55222.68326149996,18.957,0.274,W1
QSO_48.3818185-18.0188402,55222.68326149996,18.882,0.255,W1
QSO_48.3818185-18.0188402,55408.63094199997,19.285,0.361,W1
QSO_48.3818185-18.0188402,55408.63094199997,18.576,0.188,W1
QSO_48.3818185-18.0188402,55408.76314500002,19.321,0.345,W1
QSO_48.3818185-18.0188402,55408.76314500002,19.441000000000003,0.386,W1
QSO_48.3818185-18.0188402,55408.895348,19.021,0.299,W1
QSO_48.3818185-18.0188402,55408.895348,19.044,0.305,W1
QSO_48.3818185-18.0188402,55409.02758749999,19.303,0.444,W1
QSO_48.3818185-18.0188402,55409.02758749999,19.173,0.395,W1
QSO_48.3818185-18.0188402,55409.35805849999,18.918,,W1
QSO_48.3818185-18.0188402,55409.35805849999,19.514000000000003,0.473,W1
QSO_48.3818185-18.0188402,55409.42423300003,19.093,,W1
QSO_48.3818185-18.0188402,55409.42423300003,19.26,0.345,W1
QSO_48.3818185-18.0188402,55409.49026150004,19.043,0.274,W1
QSO_48.3818185-18.0188402,55409.49026150004,19.373,0.372,W1
QSO_48.3818185-18.0188402,55409.62246450001,19.201,0.341,W1
QSO_48.3818185-18.0188402,55409.62246450001,19.383000000000003,0.403,W1
QSO_48.3818185-18.0188402,55409.75466749999,19.007,0.256,W1
QSO_48.3818185-18.0188402,55409.75466749999,19.018,0.258,W1
QSO_48.3818185-18.0188402,55411.40727799996,18.81,0.242,W1
QSO_48.3818185-18.0188402,55411.40727799996,18.858,0.251,W1
QSO_48.3818185-18.0188402,55411.473343,19.108,0.323,W1
QSO_48.3818185-18.0188402,55411.473343,18.927,0.25,W1
QSO_48.3818185-18.0188402,55411.539517499965,18.781,0.222,W1
QSO_48.3818185-18.0188402,55411.539517499965,19.074,0.291,W1
QSO_48.3818185-18.0188402,55411.60554599998,19.431,0.42,W1
QSO_48.3818185-18.0188402,55411.60554599998,19.44,0.45,W1
QSO_48.3818185-18.0188402,55411.67157449999,19.268,0.321,W1
QSO_48.3818185-18.0188402,55411.67157449999,19.245,0.314,W1
QSO_48.3818185-18.0188402,55411.67172050002,18.532,0.168,W1
QSO_48.3818185-18.0188402,55411.67172050002,18.545,0.17,W1
QSO_48.3818185-18.0188402,55411.73774900003,19.036,0.298,W1
QSO_48.3818185-18.0188402,55411.73774900003,18.931,0.297,W1
QSO_48.3818185-18.0188402,55411.803813999984,19.469,0.485,W1
QSO_48.3818185-18.0188402,55411.803813999984,19.536,0.516,W1
QSO_48.3818185-18.0188402,55411.869952,19.586,0.451,W1
QSO_48.3818185-18.0188402,55411.869952,19.558,0.439,W1
QSO_48.3818185-18.0188402,55412.0021915,19.451,0.443,W1
QSO_48.3818185-18.0188402,55412.0021915,19.011000000000003,0.295,W1
QSO_48.3818185-18.0188402,55585.77416550001,19.55,0.512,W1
QSO_48.3818185-18.0188402,55585.77416550001,18.807,0.224,W1
QSO_48.3818185-18.0188402,55585.90625899999,18.402,0.158,W1
QSO_48.3818185-18.0188402,55585.90625899999,18.541,0.179,W1
QSO_48.3818185-18.0188402,55586.03846199996,18.975,0.259,W1
QSO_48.3818185-18.0188402,55586.03846199996,18.812,0.223,W1
QSO_48.3818185-18.0188402,55586.10449049997,19.207,0.316,W1
QSO_48.3818185-18.0188402,55586.10449049997,19.195,0.313,W1
QSO_48.3818185-18.0188402,55586.17066500001,18.773000000000003,,W1
QSO_48.3818185-18.0188402,55586.17066500001,18.982,,W1
QSO_48.3818185-18.0188402,55586.236729999975,18.72,0.22,W1
QSO_48.3818185-18.0188402,55586.236729999975,18.67,0.21,W1
QSO_48.3818185-18.0188402,55586.30275849999,19.137,,W1
QSO_48.3818185-18.0188402,55586.30275849999,19.255000000000003,0.34,W1
QSO_48.3818185-18.0188402,55586.36893300003,19.418,0.389,W1
QSO_48.3818185-18.0188402,55586.36893300003,19.29,,W1
QSO_48.3818185-18.0188402,55586.765432500026,19.144,0.286,W1
QSO_48.3818185-18.0188402,55586.765432500026,19.33,0.339,W1
QSO_48.3818185-18.0188402,55586.897526,19.246,,W1
QSO_48.3818185-18.0188402,55586.897526,19.119,,W1
QSO_48.3818185-18.0188402,56684.010922000045,18.506,0.362,W1
QSO_48.3818185-18.0188402,56684.208533000034,18.825000000000003,0.234,W1
QSO_48.3818185-18.0188402,56684.40603450002,18.827,0.24,W1
QSO_48.3818185-18.0188402,56873.68820900004,19.062,0.405,W1
QSO_48.3818185-18.0188402,56873.81979150002,19.088,0.361,W1
QSO_48.3818185-18.0188402,56873.95126449999,18.821,0.285,W1
QSO_48.3818185-18.0188402,56874.017037499965,19.162,0.4,W1
QSO_48.3818185-18.0188402,57044.92817869534,18.947000000000003,0.258,W1
QSO_48.3818185-18.0188402,57045.78162172239,18.648,0.197,W1
QSO_48.3818185-18.0188402,57234.87705664452,18.889000000000003,0.279,W1
QSO_48.3818185-18.0188402,57235.1391996528,18.767000000000003,0.293,W1
QSO_48.3818185-18.0188402,57235.27038065696,18.776000000000003,0.241,W1
QSO_48.3818185-18.0188402,57235.4014521611,18.556,0.18,W1
QSO_48.3818185-18.0188402,57235.46700616323,18.411,0.173,W1
QSO_48.3818185-18.0188402,57408.302459842045,19.007,0.286,W1
QSO_48.3818185-18.0188402,57602.71471198992,19.245,0.339,W1
QSO_48.3818185-18.0188402,57602.8459961941,19.359,0.359,W1
QSO_48.3818185-18.0188402,57603.43679341277,18.945,0.275,W1
QSO_48.3818185-18.0188402,57769.286419,18.847,0.239,W1
QSO_48.3818185-18.0188402,57769.67912249998,19.085,0.294,W1
QSO_48.3818185-18.0188402,57769.7445305,19.005000000000003,0.296,W1
QSO_48.3818185-18.0188402,57769.94101,19.288,0.447,W1
QSO_48.3818185-18.0188402,57967.7271005,18.835,0.247,W1
QSO_48.3818185-18.0188402,58130.24919049998,18.553,0.349,W1
QSO_48.3818185-18.0188402,58330.936885,19.481,0.443,W1
QSO_48.3818185-18.0188402,58331.39470450001,18.315,0.189,W1
QSO_48.3818185-18.0188402,58334.86089050001,18.888,0.245,W1
QSO_48.3818185-18.0188402,58490.51225700002,18.561,0.262,W1
QSO_48.3818185-18.0188402,58490.83915099999,18.923,0.273,W1
QSO_48.3818185-18.0188402,58490.96996700002,18.787,0.339,W1
QSO_48.3818185-18.0188402,58697.7302395,18.394,0.164,W1
QSO_48.3818185-18.0188402,58698.44936249998,18.889000000000003,0.247,W1
QSO_48.3818185-18.0188402,58857.7984204,19.116,0.301,W1
QSO_48.3818185-18.0188402,58857.864007600016,18.741,0.211,W1
QSO_48.3818185-18.0188402,58858.1262466,18.534,0.169,W1
QSO_48.3818185-18.0188402,59062.10825800001,18.823,0.24,W1
QSO_48.3818185-18.0188402,59222.51462000003,18.503,0.192,W1
QSO_48.3818185-18.0188402,59222.971965,18.642,0.198,W1
QSO_48.3818185-18.0188402,59426.42844,18.699,0.21,W1
QSO_48.3818185-18.0188402,59430.02109849999,19.66,,W1
QSO_48.3818185-18.0188402,59586.635955499965,18.921,0.356,W1
QSO_48.3818185-18.0188402,59587.02774649996,18.411,0.292,W1
QSO_48.3818185-18.0188402,59793.92675550003,18.921,0.287,W1
QSO_48.3818185-18.0188402,59794.05717,19.467,0.396,W1
QSO_48.3818185-18.0188402,59953.33521300001,18.783,0.222,W1
QSO_48.3818185-18.0188402,60157.17888000001,18.614,0.206,W1
QSO_48.3818185-18.0188402,60157.37331549997,19.041,0.297,W1
QSO_48.3818185-18.0188402,60157.6323925,18.846,0.254,W1
QSO_48.3818185-18.0188402,60157.76193100002,18.951,0.324,W1
QSO_48.3818185-18.0188402,60158.15069250002,18.433,0.223,W1
QSO_48.3818185-18.0188402,60316.75749459999,18.676,0.195,W1
QSO_48.3818185-18.0188402,60316.886875600016,18.713,0.201,W1
QSO_48.3818185-18.0188402,60317.274762399975,18.457,0.18,W1
QSO_48.3818185-18.0188402,60317.339471199964,18.675,0.212,W1
QSO_48.3818185-18.0188402,55219.57539599997,18.766,,W2
QSO_48.3818185-18.0188402,55219.57539599997,18.769,,W2
QSO_48.3818185-18.0188402,55222.08812899999,18.963,,W2
QSO_48.3818185-18.0188402,55222.08812899999,18.965,,W2
QSO_48.3818185-18.0188402,55222.220441499965,18.453,,W2
QSO_48.3818185-18.0188402,55222.220441499965,18.462,,W2
QSO_48.3818185-18.0188402,55222.41870949998,17.788999999999998,,W2
QSO_48.3818185-18.0188402,55222.41870949998,18.587,0.469,W2
QSO_48.3818185-18.0188402,55222.48488400003,18.543,0.47,W2
QSO_48.3818185-18.0188402,55222.48488400003,18.566,0.421,W2
QSO_48.3818185-18.0188402,55222.55105849999,18.393,,W2
QSO_48.3818185-18.0188402,55222.55105849999,18.421,,W2
QSO_48.3818185-18.0188402,55222.68326149996,18.196,,W2
QSO_48.3818185-18.0188402,55222.68326149996,18.24,,W2
QSO_48.3818185-18.0188402,55408.63094199997,18.96,0.506,W2
QSO_48.3818185-18.0188402,55408.63094199997,18.959,0.506,W2
QSO_48.3818185-18.0188402,55408.76314500002,18.652,0.456,W2
QSO_48.3818185-18.0188402,55408.76314500002,18.633,0.449,W2
QSO_48.3818185-18.0188402,55408.895348,18.371,,W2
QSO_48.3818185-18.0188402,55408.895348,18.457,,W2
QSO_48.3818185-18.0188402,55409.02758749999,18.291,,W2
QSO_48.3818185-18.0188402,55409.02758749999,18.318,,W2
QSO_48.3818185-18.0188402,55409.35805849999,18.418,,W2
QSO_48.3818185-18.0188402,55409.35805849999,18.403,,W2
QSO_48.3818185-18.0188402,55409.42423300003,19.019,,W2
QSO_48.3818185-18.0188402,55409.42423300003,19.019,,W2
QSO_48.3818185-18.0188402,55409.49026150004,18.267,,W2
QSO_48.3818185-18.0188402,55409.49026150004,18.28,,W2
QSO_48.3818185-18.0188402,55409.62246450001,18.749,,W2
QSO_48.3818185-18.0188402,55409.62246450001,18.753,,W2
QSO_48.3818185-18.0188402,55409.75466749999,18.27,,W2
QSO_48.3818185-18.0188402,55409.75466749999,18.269,,W2
QSO_48.3818185-18.0188402,55411.40727799996,18.485,0.321,W2
QSO_48.3818185-18.0188402,55411.40727799996,18.458,0.341,W2
QSO_48.3818185-18.0188402,55411.473343,18.554,,W2
QSO_48.3818185-18.0188402,55411.473343,18.574,,W2
QSO_48.3818185-18.0188402,55411.539517499965,18.505,,W2
QSO_48.3818185-18.0188402,55411.539517499965,18.483,,W2
QSO_48.3818185-18.0188402,55411.60554599998,18.227,,W2
QSO_48.3818185-18.0188402,55411.60554599998,18.947,0.534,W2
QSO_48.3818185-18.0188402,55411.67157449999,18.886,,W2
QSO_48.3818185-18.0188402,55411.67157449999,18.891,,W2
QSO_48.3818185-18.0188402,55411.67172050002,18.794,0.436,W2
QSO_48.3818185-18.0188402,55411.67172050002,18.801,0.41,W2
QSO_48.3818185-18.0188402,55411.73774900003,18.224,0.296,W2
QSO_48.3818185-18.0188402,55411.73774900003,18.195,0.288,W2
QSO_48.3818185-18.0188402,55411.803813999984,18.857,0.472,W2
QSO_48.3818185-18.0188402,55411.803813999984,18.891,0.487,W2
QSO_48.3818185-18.0188402,55411.869952,17.15,0.149,W2
QSO_48.3818185-18.0188402,55411.869952,17.156,0.149,W2
QSO_48.3818185-18.0188402,55412.0021915,18.451,0.347,W2
QSO_48.3818185-18.0188402,55412.0021915,18.422,0.338,W2
QSO_48.3818185-18.0188402,55585.77416550001,18.28,0.29,W2
QSO_48.3818185-18.0188402,55585.77416550001,18.301,0.296,W2
QSO_48.3818185-18.0188402,55585.90625899999,18.934,0.522,W2
QSO_48.3818185-18.0188402,55585.90625899999,18.879,0.497,W2
QSO_48.3818185-18.0188402,55586.03846199996,18.513,0.449,W2
QSO_48.3818185-18.0188402,55586.03846199996,18.486,0.441,W2
QSO_48.3818185-18.0188402,55586.10449049997,18.965,,W2
QSO_48.3818185-18.0188402,55586.10449049997,18.986,,W2
QSO_48.3818185-18.0188402,55586.17066500001,18.302,,W2
QSO_48.3818185-18.0188402,55586.17066500001,18.323,,W2
QSO_48.3818185-18.0188402,55586.236729999975,18.983,,W2
QSO_48.3818185-18.0188402,55586.236729999975,18.973,,W2
QSO_48.3818185-18.0188402,55586.30275849999,19.017,,W2
QSO_48.3818185-18.0188402,55586.30275849999,19.016,,W2
QSO_48.3818185-18.0188402,55586.36893300003,18.837,,W2
QSO_48.3818185-18.0188402,55586.36893300003,18.771,,W2
QSO_48.3818185-18.0188402,55586.765432500026,18.1,,W2
QSO_48.3818185-18.0188402,55586.765432500026,18.143,,W2
QSO_48.3818185-18.0188402,55586.897526,18.784,0.453,W2
QSO_48.3818185-18.0188402,55586.897526,18.811,0.464,W2
QSO_48.3818185-18.0188402,56684.010922000045,18.827,,W2
QSO_48.3818185-18.0188402,56684.208533000034,18.2,,W2
QSO_48.3818185-18.0188402,56684.40603450002,18.372,,W2
QSO_48.3818185-18.0188402,56873.68820900004,18.654,0.457,W2
QSO_48.3818185-18.0188402,56873.81979150002,18.721,,W2
QSO_48.3818185-18.0188402,56873.95126449999,18.26,0.454,W2
QSO_48.3818185-18.0188402,56874.017037499965,18.329,,W2
QSO_48.3818185-18.0188402,57044.92817869534,18.65,,W2
QSO_48.3818185-18.0188402,57045.78162172239,18.396,,W2
QSO_48.3818185-18.0188402,57234.87705664452,17.889,,W2
QSO_48.3818185-18.0188402,57235.1391996528,18.6,,W2
QSO_48.3818185-18.0188402,57235.27038065696,18.332,,W2
QSO_48.3818185-18.0188402,57235.4014521611,18.568,,W2
QSO_48.3818185-18.0188402,57235.46700616323,18.543,,W2
QSO_48.3818185-18.0188402,57408.302459842045,18.215,,W2
QSO_48.3818185-18.0188402,57602.71471198992,18.385,0.477,W2
QSO_48.3818185-18.0188402,57602.8459961941,18.264,0.366,W2
QSO_48.3818185-18.0188402,57603.43679341277,18.157,,W2
QSO_48.3818185-18.0188402,57769.286419,18.737,,W2
QSO_48.3818185-18.0188402,57769.67912249998,18.561,,W2
QSO_48.3818185-18.0188402,57769.7445305,18.299,,W2
QSO_48.3818185-18.0188402,57769.94101,18.757,,W2
QSO_48.3818185-18.0188402,57967.7271005,18.119,,W2
QSO_48.3818185-18.0188402,58130.24919049998,18.121,,W2
QSO_48.3818185-18.0188402,58330.936885,18.563,,W2
QSO_48.3818185-18.0188402,58331.39470450001,18.938,,W2
QSO_48.3818185-18.0188402,58334.86089050001,18.832,,W2
QSO_48.3818185-18.0188402,58490.51225700002,18.47,,W2
QSO_48.3818185-18.0188402,58490.83915099999,17.906,,W2
QSO_48.3818185-18.0188402,58490.96996700002,18.731,0.474,W2
QSO_48.3818185-18.0188402,58697.7302395,18.438,,W2
QSO_48.3818185-18.0188402,58698.44936249998,17.883,,W2
QSO_48.3818185-18.0188402,58857.7984204,18.79,0.5,W2
QSO_48.3818185-18.0188402,58857.864007600016,18.33,,W2
QSO_48.3818185-18.0188402,58858.1262466,18.018,,W2
QSO_48.3818185-18.0188402,59062.10825800001,18.416,,W2
QSO_48.3818185-18.0188402,59222.51462000003,18.76,,W2
QSO_48.3818185-18.0188402,59222.971965,18.355,,W2
QSO_48.3818185-18.0188402,59426.42844,18.236,0.469,W2
QSO_48.3818185-18.0188402,59430.02109849999,18.098,,W2
QSO_48.3818185-18.0188402,59586.635955499965,18.606,,W2
QSO_48.3818185-18.0188402,59587.02774649996,18.526,0.346,W2
QSO_48.3818185-18.0188402,59793.92675550003,18.654,0.476,W2
QSO_48.3818185-18.0188402,59794.05717,17.974999999999998,0.508,W2
QSO_48.3818185-18.0188402,59953.33521300001,18.222,,W2
QSO_48.3818185-18.0188402,60157.17888000001,18.122,,W2
QSO_48.3818185-18.0188402,60157.37331549997,18.187,0.367,W2
QSO_48.3818185-18.0188402,60157.6323925,18.045,0.369,W2
QSO_48.3818185-18.0188402,60157.76193100002,17.873,,W2
QSO_48.3818185-18.0188402,60158.15069250002,18.698,,W2
QSO_48.3818185-18.0188402,60316.75749459999,18.053,,W2
QSO_48.3818185-18.0188402,60316.886875600016,18.436,,W2
QSO_48.3818185-18.0188402,60317.274762399975,18.649,0.475,W2
QSO_48.3818185-18.0188402,60317.339471199964,18.217,,W2
QSO_48.4771038-18.1014494,55219.57539599997,18.761000000000003,0.218,W1
QSO_48.4771038-18.1014494,55222.08812899999,19.329,0.483,W1
QSO_48.4771038-18.1014494,55222.41870949998,18.816000000000003,0.237,W1
QSO_48.4771038-18.1014494,55222.48488400003,18.861,0.244,W1
QSO_48.4771038-18.1014494,55222.55105849999,19.079,,W1
QSO_48.4771038-18.1014494,55222.68326149996,18.967,,W1
QSO_48.4771038-18.1014494,55408.76314500002,19.456000000000003,0.477,W1
QSO_48.4771038-18.1014494,55408.895348,18.556,0.232,W1
QSO_48.4771038-18.1014494,55409.02758749999,19.061,,W1
QSO_48.4771038-18.1014494,55409.35805849999,19.677,0.477,W1
QSO_48.4771038-18.1014494,55409.35816799999,19.345,,W1
QSO_48.4771038-18.1014494,55409.42423300003,19.135,0.311,W1
QSO_48.4771038-18.1014494,55409.49026150004,19.303,0.337,W1
QSO_48.4771038-18.1014494,55409.556436,19.191000000000003,,W1
QSO_48.4771038-18.1014494,55409.62246450001,19.004,0.269,W1
QSO_48.4771038-18.1014494,55409.75466749999,19.189,,W1
QSO_48.4771038-18.1014494,55409.88690699999,19.09,,W1
QSO_48.4771038-18.1014494,55411.40727799996,19.386000000000003,,W1
QSO_48.4771038-18.1014494,55411.539517499965,19.233,0.333,W1
QSO_48.4771038-18.1014494,55411.60554599998,19.131,0.357,W1
QSO_48.4771038-18.1014494,55411.67172050002,18.496,0.169,W1
QSO_48.4771038-18.1014494,55411.73774900003,19.23,,W1
QSO_48.4771038-18.1014494,55411.80392349999,19.61,0.487,W1
QSO_48.4771038-18.1014494,55411.869952,18.797,0.212,W1
QSO_48.4771038-18.1014494,55411.93601699996,18.72,0.237,W1
QSO_48.4771038-18.1014494,55411.93612649997,19.259,0.332,W1
QSO_48.4771038-18.1014494,55412.0021915,19.027,0.268,W1
QSO_48.4771038-18.1014494,55412.39883700004,19.437,,W1
QSO_48.4771038-18.1014494,55585.77416550001,19.141,,W1
QSO_48.4771038-18.1014494,55585.90625899999,19.454,0.4,W1
QSO_48.4771038-18.1014494,55586.03846199996,19.254,0.4,W1
QSO_48.4771038-18.1014494,55586.17066500001,19.637,0.482,W1
QSO_48.4771038-18.1014494,55586.236729999975,19.364,0.371,W1
QSO_48.4771038-18.1014494,55586.30275849999,19.027,0.282,W1
QSO_48.4771038-18.1014494,55586.36893300003,18.961,0.261,W1
QSO_48.4771038-18.1014494,55586.76532300002,19.391,0.397,W1
QSO_48.4771038-18.1014494,55586.765432500026,19.094,0.278,W1
QSO_48.4771038-18.1014494,55586.897526,19.347,0.382,W1
QSO_48.4771038-18.1014494,56684.20842350003,18.748,0.221,W1
QSO_48.4771038-18.1014494,56684.603426500005,18.325,0.243,W1
QSO_48.4771038-18.1014494,57045.19068670369,18.813,0.237,W1
QSO_48.4771038-18.1014494,57235.27038065696,18.968,0.291,W1
QSO_48.4771038-18.1014494,57407.84247102752,18.818,0.231,W1
QSO_48.4771038-18.1014494,57602.8459961941,18.952,0.296,W1
QSO_48.4771038-18.1014494,57603.43679341277,18.565,0.205,W1
QSO_48.4771038-18.1014494,57769.67912249998,18.663,0.224,W1
QSO_48.4771038-18.1014494,57770.00641800002,18.778,0.219,W1
QSO_48.4771038-18.1014494,57967.33454299997,18.666,0.247,W1
QSO_48.4771038-18.1014494,57967.857916500034,18.569,0.215,W1
QSO_48.4771038-18.1014494,58129.529556500005,19.155,0.383,W1
QSO_48.4771038-18.1014494,58129.66037250004,19.128,0.31,W1
QSO_48.4771038-18.1014494,58129.72578049997,19.018,0.278,W1
QSO_48.4771038-18.1014494,58129.79118849999,18.939,0.259,W1
QSO_48.4771038-18.1014494,58490.51225700002,18.652,0.241,W1
QSO_48.4771038-18.1014494,58491.10067349997,18.699,0.417,W1
QSO_48.4771038-18.1014494,58697.7302395,18.931,0.29,W1
QSO_48.4771038-18.1014494,58697.861055500034,18.736,0.212,W1
QSO_48.4771038-18.1014494,59222.71058849996,18.807,0.318,W1
QSO_48.4771038-18.1014494,59222.971965,19.32,0.344,W1
QSO_48.4771038-18.1014494,59429.43333899997,19.205,0.311,W1
QSO_48.4771038-18.1014494,59793.992017500015,18.726,0.21,W1
QSO_48.4771038-18.1014494,59952.944663,19.075000000000003,0.298,W1
QSO_48.4771038-18.1014494,60157.17898950001,18.45,0.169,W1
QSO_48.4771038-18.1014494,60157.30852800003,18.954,0.312,W1
QSO_48.4771038-18.1014494,60157.69718000003,18.385,0.196,W1
QSO_48.4771038-18.1014494,60157.69728950003,18.352,0.161,W1
QSO_48.4771038-18.1014494,60157.89161549999,18.764000000000003,0.254,W1
QSO_48.4771038-18.1014494,55219.57539599997,18.576,,W2
QSO_48.4771038-18.1014494,55222.08812899999,18.615,0.449,W2
QSO_48.4771038-18.1014494,55222.41870949998,18.46,,W2
QSO_48.4771038-18.1014494,55222.48488400003,18.099,,W2
QSO_48.4771038-18.1014494,55222.55105849999,18.531,,W2
QSO_48.4771038-18.1014494,55222.68326149996,18.979,,W2
QSO_48.4771038-18.1014494,55408.76314500002,18.444,0.358,W2
QSO_48.4771038-18.1014494,55408.895348,18.999,,W2
QSO_48.4771038-18.1014494,55409.02758749999,18.712,,W2
QSO_48.4771038-18.1014494,55409.35805849999,18.545,,W2
QSO_48.4771038-18.1014494,55409.35816799999,18.634,,W2
QSO_48.4771038-18.1014494,55409.42423300003,18.635,0.379,W2
QSO_48.4771038-18.1014494,55409.49026150004,18.432,,W2
QSO_48.4771038-18.1014494,55409.556436,18.669,,W2
QSO_48.4771038-18.1014494,55409.62246450001,19.031,,W2
QSO_48.4771038-18.1014494,55409.75466749999,18.934,0.498,W2
QSO_48.4771038-18.1014494,55409.88690699999,18.652,,W2
QSO_48.4771038-18.1014494,55411.40727799996,18.725,0.439,W2
QSO_48.4771038-18.1014494,55411.539517499965,18.221,,W2
QSO_48.4771038-18.1014494,55411.60554599998,18.477,,W2
QSO_48.4771038-18.1014494,55411.67172050002,18.374,,W2
QSO_48.4771038-18.1014494,55411.73774900003,18.746,0.516,W2
QSO_48.4771038-18.1014494,55411.80392349999,18.53,,W2
QSO_48.4771038-18.1014494,55411.869952,18.326,,W2
QSO_48.4771038-18.1014494,55411.93601699996,18.75,,W2
QSO_48.4771038-18.1014494,55411.93612649997,19.032,,W2
QSO_48.4771038-18.1014494,55412.0021915,18.864,,W2
QSO_48.4771038-18.1014494,55412.39883700004,18.39,,W2
QSO_48.4771038-18.1014494,55585.77416550001,18.333,,W2
QSO_48.4771038-18.1014494,55585.90625899999,18.567,,W2
QSO_48.4771038-18.1014494,55586.03846199996,18.629,,W2
QSO_48.4771038-18.1014494,55586.17066500001,18.387,,W2
QSO_48.4771038-18.1014494,55586.236729999975,18.337,,W2
QSO_48.4771038-18.1014494,55586.30275849999,18.805,,W2
QSO_48.4771038-18.1014494,55586.36893300003,18.539,,W2
QSO_48.4771038-18.1014494,55586.76532300002,18.919,,W2
QSO_48.4771038-18.1014494,55586.765432500026,18.754,,W2
QSO_48.4771038-18.1014494,55586.897526,18.465,,W2
QSO_48.4771038-18.1014494,56684.20842350003,18.897,,W2
QSO_48.4771038-18.1014494,56684.603426500005,18.257,,W2
QSO_48.4771038-18.1014494,57045.19068670369,18.41,,W2
QSO_48.4771038-18.1014494,57235.27038065696,18.304,,W2
QSO_48.4771038-18.1014494,57407.84247102752,18.277,,W2
QSO_48.4771038-18.1014494,57602.8459961941,18.575,,W2
QSO_48.4771038-18.1014494,57603.43679341277,18.751,,W2
QSO_48.4771038-18.1014494,57769.67912249998,18.64,,W2
QSO_48.4771038-18.1014494,57770.00641800002,18.201,,W2
QSO_48.4771038-18.1014494,57967.33454299997,17.884999999999998,,W2
QSO_48.4771038-18.1014494,57967.857916500034,18.309,,W2
QSO_48.4771038-18.1014494,58129.529556500005,18.602,,W2
QSO_48.4771038-18.1014494,58129.66037250004,18.176,,W2
QSO_48.4771038-18.1014494,58129.72578049997,18.516,,W2
QSO_48.4771038-18.1014494,58129.79118849999,18.277,,W2
QSO_48.4771038-18.1014494,58490.51225700002,18.085,,W2
QSO_48.4771038-18.1014494,58491.10067349997,18.868,,W2
QSO_48.4771038-18.1014494,58697.7302395,18.26,,W2
QSO_48.4771038-18.1014494,58697.861055500034,19.041,,W2
QSO_48.4771038-18.1014494,59222.71058849996,18.615,,W2
QSO_48.4771038-18.1014494,59222.971965,18.7,,W2
QSO_48.4771038-18.1014494,59429.43333899997,18.377,,W2
QSO_48.4771038-18.1014494,59793.992017500015,18.507,,W2
QSO_48.4771038-18.1014494,59952.944663,18.198,0.416,W2
QSO_48.4771038-18.1014494,60157.17898950001,18.454,,W2
QSO_48.4771038-18.1014494,60157.30852800003,18.356,0.472,W2
QSO_48.4771038-18.1014494,60157.69718000003,18.38,,W2
QSO_48.4771038-18.1014494,60157.69728950003,18.751,,W2
QSO_48.4771038-18.1014494,60157.89161549999,18.179,,W2
QSO_48.466159-18.1987608,55219.57539599997,19.188,,W1
QSO_48.466159-18.1987608,55222.08812899999,19.359,,W1
QSO_48.466159-18.1987608,55222.35253500002,18.983,,W1
QSO_48.466159-18.1987608,55222.41870949998,18.884,0.297,W1
QSO_48.466159-18.1987608,55222.48488400003,19.615,,W1
QSO_48.466159-18.1987608,55222.55091250004,18.793,0.236,W1
QSO_48.466159-18.1987608,55222.68326149996,18.713,0.226,W1
QSO_48.466159-18.1987608,55408.63094199997,19.515,0.417,W1
QSO_48.466159-18.1987608,55408.63105149997,19.028,0.273,W1
QSO_48.466159-18.1987608,55408.76314500002,19.221,0.39,W1
QSO_48.466159-18.1987608,55408.895348,19.203000000000003,0.385,W1
QSO_48.466159-18.1987608,55409.02758749999,18.974,0.259,W1
QSO_48.466159-18.1987608,55409.35816799999,19.319000000000003,0.37,W1
QSO_48.466159-18.1987608,55409.42423300003,19.059,0.289,W1
QSO_48.466159-18.1987608,55409.49026150004,18.954,0.277,W1
QSO_48.466159-18.1987608,55409.49037099996,18.768,0.238,W1
QSO_48.466159-18.1987608,55409.62246450001,19.098,0.297,W1
QSO_48.466159-18.1987608,55409.75466749999,19.524,0.419,W1
QSO_48.466159-18.1987608,55409.88690699999,18.637,0.209,W1
QSO_48.466159-18.1987608,55411.40727799996,18.878,0.251,W1
QSO_48.466159-18.1987608,55411.473343,19.402,,W1
QSO_48.466159-18.1987608,55411.539517499965,19.249,0.325,W1
QSO_48.466159-18.1987608,55411.60554599998,19.192,0.312,W1
QSO_48.466159-18.1987608,55411.67172050002,19.426,0.392,W1
QSO_48.466159-18.1987608,55411.73774900003,19.336,,W1
QSO_48.466159-18.1987608,55411.80392349999,18.997,0.298,W1
QSO_48.466159-18.1987608,55411.869952,19.346,0.362,W1
QSO_48.466159-18.1987608,55412.0021915,18.518,0.18,W1
QSO_48.466159-18.1987608,55585.77401949999,19.466,0.411,W1
QSO_48.466159-18.1987608,55585.77416550001,19.133000000000003,0.311,W1
QSO_48.466159-18.1987608,55585.90625899999,19.041,,W1
QSO_48.466159-18.1987608,55586.03846199996,19.009,,W1
QSO_48.466159-18.1987608,55586.17055550001,19.4,,W1
QSO_48.466159-18.1987608,55586.236729999975,19.816000000000003,,W1
QSO_48.466159-18.1987608,55586.30275849999,19.284,0.348,W1
QSO_48.466159-18.1987608,55586.368787,19.155,,W1
QSO_48.466159-18.1987608,55586.76532300002,19.336,,W1
QSO_48.466159-18.1987608,55586.897526,19.278,,W1
QSO_48.466159-18.1987608,56873.42533599998,19.586,0.483,W1
QSO_48.466159-18.1987608,56873.81979150002,18.996,0.302,W1
QSO_48.466159-18.1987608,56873.95126449999,18.977,0.43,W1
QSO_48.466159-18.1987608,56874.4113835,18.559,0.222,W1
QSO_48.466159-18.1987608,57044.92803269531,18.447,,W1
QSO_48.466159-18.1987608,57045.45334071198,18.895000000000003,0.291,W1
QSO_48.466159-18.1987608,57045.78151222238,18.62,0.219,W1
QSO_48.466159-18.1987608,57407.84247102752,19.161,0.377,W1
QSO_48.466159-18.1987608,57408.105295635774,18.749,0.216,W1
QSO_48.466159-18.1987608,57408.302459842045,19.433,0.456,W1
QSO_48.466159-18.1987608,57602.6490149879,18.911,0.251,W1
QSO_48.466159-18.1987608,57602.8459961941,18.856,0.296,W1
QSO_48.466159-18.1987608,57603.04290420034,19.202,0.443,W1
QSO_48.466159-18.1987608,57769.286419,19.097,,W1
QSO_48.466159-18.1987608,57769.548197000026,19.074,0.336,W1
QSO_48.466159-18.1987608,57769.67912249998,18.862,0.241,W1
QSO_48.466159-18.1987608,57967.00750299997,18.619,,W1
QSO_48.466159-18.1987608,57967.59628449996,19.001,0.276,W1
QSO_48.466159-18.1987608,58129.72578049997,19.069000000000003,0.342,W1
QSO_48.466159-18.1987608,58130.24904450003,19.017000000000003,0.273,W1
QSO_48.466159-18.1987608,58330.54454649998,19.253,0.524,W1
QSO_48.466159-18.1987608,58330.9369945,19.198,0.397,W1
QSO_48.466159-18.1987608,58331.00240250002,18.986,0.448,W1
QSO_48.466159-18.1987608,58490.51225700002,19.471,0.533,W1
QSO_48.466159-18.1987608,58490.83915099999,18.524,0.272,W1
QSO_48.466159-18.1987608,58697.46875349996,18.576,0.205,W1
QSO_48.466159-18.1987608,58697.4688995,18.734,0.281,W1
QSO_48.466159-18.1987608,58697.7302395,18.589,0.229,W1
QSO_48.466159-18.1987608,58697.79564750002,18.887,0.253,W1
QSO_48.466159-18.1987608,58857.864007600016,18.742,0.266,W1
QSO_48.466159-18.1987608,58858.12610019997,19.06,0.276,W1
QSO_48.466159-18.1987608,59062.23932260004,18.853,0.26,W1
QSO_48.466159-18.1987608,59222.57991849996,18.645,0.218,W1
QSO_48.466159-18.1987608,59222.71058849996,18.82,,W1
QSO_48.466159-18.1987608,59426.1672095,19.299,0.354,W1
QSO_48.466159-18.1987608,59426.2978795,18.736,0.26,W1
QSO_48.466159-18.1987608,59429.82512999997,19.011000000000003,0.342,W1
QSO_48.466159-18.1987608,59586.57065700003,18.679,0.199,W1
QSO_48.466159-18.1987608,59586.635955499965,19.553,0.487,W1
QSO_48.466159-18.1987608,59793.66614550003,19.122,0.501,W1
QSO_48.466159-18.1987608,59793.731298000006,18.46,0.238,W1
QSO_48.466159-18.1987608,59793.86160299997,18.613,0.332,W1
QSO_48.466159-18.1987608,59953.33521300001,19.166,0.385,W1
QSO_48.466159-18.1987608,59953.79062350002,18.880000000000003,0.238,W1
QSO_48.466159-18.1987608,59953.92081899998,18.615,0.198,W1
QSO_48.466159-18.1987608,60157.17898950001,18.645,0.238,W1
QSO_48.466159-18.1987608,60157.50285399999,18.781,0.252,W1
QSO_48.466159-18.1987608,60158.15069250002,19.144,0.429,W1
QSO_48.466159-18.1987608,60317.339324800014,18.623,0.243,W1
QSO_48.466159-18.1987608,60317.597976999976,18.971,0.333,W1
QSO_48.466159-18.1987608,60317.727358,18.79,0.235,W1
QSO_48.466159-18.1987608,60317.856629200025,18.882,0.266,W1
QSO_48.466159-18.1987608,55219.57539599997,18.151,,W2
QSO_48.466159-18.1987608,55222.08812899999,18.484,,W2
QSO_48.466159-18.1987608,55222.35253500002,18.243,,W2
QSO_48.466159-18.1987608,55222.41870949998,18.293,,W2
QSO_48.466159-18.1987608,55222.48488400003,18.54,,W2
QSO_48.466159-18.1987608,55222.55091250004,18.623,,W2
QSO_48.466159-18.1987608,55222.68326149996,18.928,0.536,W2
QSO_48.466159-18.1987608,55408.63094199997,18.36,,W2
QSO_48.466159-18.1987608,55408.63105149997,19.013,0.514,W2
QSO_48.466159-18.1987608,55408.76314500002,18.986,,W2
QSO_48.466159-18.1987608,55408.895348,18.765,,W2
QSO_48.466159-18.1987608,55409.02758749999,18.331,,W2
QSO_48.466159-18.1987608,55409.35816799999,18.72,0.408,W2
QSO_48.466159-18.1987608,55409.42423300003,19.082,,W2
QSO_48.466159-18.1987608,55409.49026150004,19.048,,W2
QSO_48.466159-18.1987608,55409.49037099996,18.504,,W2
QSO_48.466159-18.1987608,55409.62246450001,18.662,,W2
QSO_48.466159-18.1987608,55409.75466749999,19.06,,W2
QSO_48.466159-18.1987608,55409.88690699999,19.102,,W2
QSO_48.466159-18.1987608,55411.40727799996,18.923,,W2
QSO_48.466159-18.1987608,55411.473343,18.523,,W2
QSO_48.466159-18.1987608,55411.539517499965,18.529,,W2
QSO_48.466159-18.1987608,55411.60554599998,18.414,,W2
QSO_48.466159-18.1987608,55411.67172050002,18.376,,W2
QSO_48.466159-18.1987608,55411.73774900003,19.011,,W2
QSO_48.466159-18.1987608,55411.80392349999,18.632,,W2
QSO_48.466159-18.1987608,55411.869952,18.467,,W2
QSO_48.466159-18.1987608,55412.0021915,19.033,,W2
QSO_48.466159-18.1987608,55585.77401949999,18.625,,W2
QSO_48.466159-18.1987608,55585.77416550001,18.975,,W2
QSO_48.466159-18.1987608,55585.90625899999,18.214,,W2
QSO_48.466159-18.1987608,55586.03846199996,17.831,,W2
QSO_48.466159-18.1987608,55586.17055550001,18.433,,W2
QSO_48.466159-18.1987608,55586.236729999975,18.835,,W2
QSO_48.466159-18.1987608,55586.30275849999,18.85,0.504,W2
QSO_48.466159-18.1987608,55586.368787,18.364,,W2
QSO_48.466159-18.1987608,55586.76532300002,18.996,,W2
QSO_48.466159-18.1987608,55586.897526,18.939,,W2
QSO_48.466159-18.1987608,56873.42533599998,18.61,,W2
QSO_48.466159-18.1987608,56873.81979150002,18.768,,W2
QSO_48.466159-18.1987608,56873.95126449999,18.741,,W2
QSO_48.466159-18.1987608,56874.4113835,18.764,,W2
QSO_48.466159-18.1987608,57044.92803269531,18.739,,W2
QSO_48.466159-18.1987608,57045.45334071198,18.802,,W2
QSO_48.466159-18.1987608,57045.78151222238,18.29,,W2
QSO_48.466159-18.1987608,57407.84247102752,18.118,,W2
QSO_48.466159-18.1987608,57408.105295635774,18.905,,W2
QSO_48.466159-18.1987608,57408.302459842045,18.942,,W2
QSO_48.466159-18.1987608,57602.6490149879,18.696,,W2
QSO_48.466159-18.1987608,57602.8459961941,18.238,,W2
QSO_48.466159-18.1987608,57603.04290420034,18.172,,W2
QSO_48.466159-18.1987608,57769.286419,18.303,,W2
QSO_48.466159-18.1987608,57769.548197000026,18.906,,W2
QSO_48.466159-18.1987608,57769.67912249998,18.811,,W2
QSO_48.466159-18.1987608,57967.00750299997,18.71,0.533,W2
QSO_48.466159-18.1987608,57967.59628449996,18.067,,W2
QSO_48.466159-18.1987608,58129.72578049997,18.048,,W2
QSO_48.466159-18.1987608,58130.24904450003,18.525,,W2
QSO_48.466159-18.1987608,58330.54454649998,18.147,,W2
QSO_48.466159-18.1987608,58330.9369945,18.356,,W2
QSO_48.466159-18.1987608,58331.00240250002,17.922,,W2
QSO_48.466159-18.1987608,58490.51225700002,18.395,,W2
QSO_48.466159-18.1987608,58490.83915099999,18.85,,W2
QSO_48.466159-18.1987608,58697.46875349996,18.726,,W2
QSO_48.466159-18.1987608,58697.4688995,18.771,,W2
QSO_48.466159-18.1987608,58697.7302395,18.922,,W2
QSO_48.466159-18.1987608,58697.79564750002,18.306,,W2
QSO_48.466159-18.1987608,58857.864007600016,18.63,,W2
QSO_48.466159-18.1987608,58858.12610019997,18.991,,W2
QSO_48.466159-18.1987608,59062.23932260004,18.596,,W2
QSO_48.466159-18.1987608,59222.57991849996,18.499,,W2
QSO_48.466159-18.1987608,59222.71058849996,18.267,,W2
QSO_48.466159-18.1987608,59426.1672095,18.059,,W2
QSO_48.466159-18.1987608,59426.2978795,18.399,,W2
QSO_48.466159-18.1987608,59429.82512999997,18.498,,W2
QSO_48.466159-18.1987608,59586.57065700003,18.753,,W2
QSO_48.466159-18.1987608,59586.635955499965,17.432,,W2
QSO_48.466159-18.1987608,59793.66614550003,18.588,,W2
QSO_48.466159-18.1987608,59793.731298000006,17.823,,W2
QSO_48.466159-18.1987608,59793.86160299997,18.9,,W2
QSO_48.466159-18.1987608,59953.33521300001,18.717,,W2
QSO_48.466159-18.1987608,59953.79062350002,18.79,,W2
QSO_48.466159-18.1987608,59953.92081899998,19.005,,W2
QSO_48.466159-18.1987608,60157.17898950001,18.143,,W2
QSO_48.466159-18.1987608,60157.50285399999,18.315,,W2
QSO_48.466159-18.1987608,60158.15069250002,18.739,0.499,W2
QSO_48.466159-18.1987608,60317.339324800014,18.934,,W2
QSO_48.466159-18.1987608,60317.597976999976,18.373,,W2
QSO_48.466159-18.1987608,60317.727358,18.738,,W2
QSO_48.466159-18.1987608,60317.856629200025,18.555,,W2
QSO_48.3936856-18.1561381,55219.57539599997,18.778,0.26,W1
QSO_48.3936856-18.1561381,55219.57539599997,18.763,0.235,W1
QSO_48.3936856-18.1561381,55222.08812899999,18.677,0.211,W1
QSO_48.3936856-18.1561381,55222.08812899999,18.669,0.21,W1
QSO_48.3936856-18.1561381,55222.41870949998,18.982,,W1
QSO_48.3936856-18.1561381,55222.41870949998,19.394,0.414,W1
QSO_48.3936856-18.1561381,55222.48488400003,19.165,,W1
QSO_48.3936856-18.1561381,55222.48488400003,19.139000000000003,,W1
QSO_48.3936856-18.1561381,55222.55091250004,18.825000000000003,0.238,W1
QSO_48.3936856-18.1561381,55222.55091250004,18.822000000000003,0.237,W1
QSO_48.3936856-18.1561381,55222.55105849999,19.05,,W1
QSO_48.3936856-18.1561381,55222.55105849999,18.969,0.258,W1
QSO_48.3936856-18.1561381,55222.68326149996,18.725,0.223,W1
QSO_48.3936856-18.1561381,55222.68326149996,18.734,0.225,W1
QSO_48.3936856-18.1561381,55408.63094199997,19.442,0.399,W1
QSO_48.3936856-18.1561381,55408.63094199997,19.295,,W1
QSO_48.3936856-18.1561381,55408.76314500002,18.931,0.253,W1
QSO_48.3936856-18.1561381,55408.76314500002,19.224,0.331,W1
QSO_48.3936856-18.1561381,55408.895348,18.447,0.171,W1
QSO_48.3936856-18.1561381,55408.895348,18.803,0.237,W1
QSO_48.3936856-18.1561381,55409.02758749999,19.351,0.376,W1
QSO_48.3936856-18.1561381,55409.02758749999,19.396,0.393,W1
QSO_48.3936856-18.1561381,55409.35805849999,18.983,0.252,W1
QSO_48.3936856-18.1561381,55409.35805849999,19.033,0.258,W1
QSO_48.3936856-18.1561381,55409.35816799999,19.274,0.343,W1
QSO_48.3936856-18.1561381,55409.35816799999,19.102,0.292,W1
QSO_48.3936856-18.1561381,55409.42423300003,19.392000000000003,0.412,W1
QSO_48.3936856-18.1561381,55409.42423300003,19.402,0.417,W1
QSO_48.3936856-18.1561381,55409.49026150004,18.815,0.277,W1
QSO_48.3936856-18.1561381,55409.49026150004,18.814,0.276,W1
QSO_48.3936856-18.1561381,55409.62246450001,19.152,,W1
QSO_48.3936856-18.1561381,55409.62246450001,19.257,,W1
QSO_48.3936856-18.1561381,55409.75466749999,18.902,0.275,W1
QSO_48.3936856-18.1561381,55409.75466749999,18.774,0.244,W1
QSO_48.3936856-18.1561381,55411.40727799996,19.122,0.303,W1
QSO_48.3936856-18.1561381,55411.40727799996,19.299,0.358,W1
QSO_48.3936856-18.1561381,55411.473343,19.331000000000003,0.363,W1
QSO_48.3936856-18.1561381,55411.473343,19.041,,W1
QSO_48.3936856-18.1561381,55411.539517499965,19.237,0.377,W1
QSO_48.3936856-18.1561381,55411.539517499965,19.227,0.374,W1
QSO_48.3936856-18.1561381,55411.60554599998,19.435,0.416,W1
QSO_48.3936856-18.1561381,55411.60554599998,19.445,0.42,W1
QSO_48.3936856-18.1561381,55411.67172050002,19.344,0.364,W1
QSO_48.3936856-18.1561381,55411.67172050002,19.381,0.377,W1
QSO_48.3936856-18.1561381,55411.73774900003,19.361,,W1
QSO_48.3936856-18.1561381,55411.73774900003,19.671,0.5,W1
QSO_48.3936856-18.1561381,55411.80392349999,18.75,0.208,W1
QSO_48.3936856-18.1561381,55411.80392349999,18.741,0.207,W1
QSO_48.3936856-18.1561381,55411.869952,19.272,0.353,W1
QSO_48.3936856-18.1561381,55411.869952,19.212000000000003,,W1
QSO_48.3936856-18.1561381,55412.0021915,19.268,0.405,W1
QSO_48.3936856-18.1561381,55412.0021915,19.368,0.486,W1
QSO_48.3936856-18.1561381,55585.77416550001,19.483,0.43,W1
QSO_48.3936856-18.1561381,55585.77416550001,19.519,0.444,W1
QSO_48.3936856-18.1561381,55585.90625899999,18.854,0.26,W1
QSO_48.3936856-18.1561381,55585.90625899999,19.217,0.363,W1
QSO_48.3936856-18.1561381,55586.03846199996,18.906,0.243,W1
QSO_48.3936856-18.1561381,55586.03846199996,19.087000000000003,0.288,W1
QSO_48.3936856-18.1561381,55586.10449049997,19.431,0.383,W1
QSO_48.3936856-18.1561381,55586.10449049997,19.068,,W1
QSO_48.3936856-18.1561381,55586.17055550001,19.23,0.327,W1
QSO_48.3936856-18.1561381,55586.17055550001,18.913,0.244,W1
QSO_48.3936856-18.1561381,55586.17066500001,18.813,0.259,W1
QSO_48.3936856-18.1561381,55586.17066500001,18.803,0.256,W1
QSO_48.3936856-18.1561381,55586.236729999975,18.747,,W1
QSO_48.3936856-18.1561381,55586.236729999975,18.878,,W1
QSO_48.3936856-18.1561381,55586.30275849999,19.273000000000003,0.345,W1
QSO_48.3936856-18.1561381,55586.30275849999,19.287,0.349,W1
QSO_48.3936856-18.1561381,55586.368787,19.739,,W1
QSO_48.3936856-18.1561381,55586.368787,19.413,0.403,W1
QSO_48.3936856-18.1561381,55586.36893300003,19.036,0.275,W1
QSO_48.3936856-18.1561381,55586.36893300003,19.04,0.276,W1
QSO_48.3936856-18.1561381,55586.76532300002,19.089,0.299,W1
QSO_48.3936856-18.1561381,55586.76532300002,19.539,0.451,W1
QSO_48.3936856-18.1561381,56684.405925000014,18.669,0.212,W1
QSO_48.3936856-18.1561381,56684.603426500005,18.995,0.288,W1
QSO_48.3936856-18.1561381,56873.688354999984,18.933,0.281,W1
QSO_48.3936856-18.1561381,56873.88545499999,18.917,0.251,W1
QSO_48.3936856-18.1561381,56873.95126449999,18.946,0.267,W1
QSO_48.3936856-18.1561381,56874.4113835,18.97,0.282,W1
QSO_48.3936856-18.1561381,57044.92803269531,18.493,0.178,W1
QSO_48.3936856-18.1561381,57045.45334071198,18.845,0.257,W1
QSO_48.3936856-18.1561381,57045.78151222238,18.414,0.152,W1
QSO_48.3936856-18.1561381,57235.33593465909,19.013,,W1
QSO_48.3936856-18.1561381,57407.84247102752,18.99,0.421,W1
QSO_48.3936856-18.1561381,57408.17102923791,18.888,0.263,W1
QSO_48.3936856-18.1561381,57408.302459842045,18.681,0.332,W1
QSO_48.3936856-18.1561381,57602.6490149879,18.964,0.275,W1
QSO_48.3936856-18.1561381,57602.71471198992,19.633000000000003,0.512,W1
QSO_48.3936856-18.1561381,57602.8459961941,18.615,0.193,W1
QSO_48.3936856-18.1561381,57602.9115833962,18.949,0.272,W1
QSO_48.3936856-18.1561381,57602.97731699824,19.138,0.33,W1
QSO_48.3936856-18.1561381,57603.04290420034,18.5,0.182,W1
QSO_48.3936856-18.1561381,57769.41738099999,19.094,0.45,W1
QSO_48.3936856-18.1561381,57769.7445305,18.763,0.273,W1
QSO_48.3936856-18.1561381,57769.810084499964,18.696,0.2,W1
QSO_48.3936856-18.1561381,57967.00735700002,18.803,0.309,W1
QSO_48.3936856-18.1561381,57967.07291099998,18.74,0.289,W1
QSO_48.3936856-18.1561381,57967.33454299997,19.212000000000003,0.382,W1
QSO_48.3936856-18.1561381,57967.7271005,18.929,0.252,W1
QSO_48.3936856-18.1561381,58129.529556500005,18.766,0.259,W1
QSO_48.3936856-18.1561381,58129.79118849999,18.752,0.222,W1
QSO_48.3936856-18.1561381,58130.24904450003,18.859,,W1
QSO_48.3936856-18.1561381,58330.54454649998,19.35,0.394,W1
QSO_48.3936856-18.1561381,58330.9369945,18.874,0.313,W1
QSO_48.3936856-18.1561381,58331.067664500006,18.589,0.221,W1
QSO_48.3936856-18.1561381,58331.19848050004,18.986,0.289,W1
QSO_48.3936856-18.1561381,58334.86103650004,18.575,0.24,W1
QSO_48.3936856-18.1561381,58490.904559,18.737,0.23,W1
QSO_48.3936856-18.1561381,58697.5995695,18.714,0.241,W1
QSO_48.3936856-18.1561381,58697.92635399996,18.708,0.212,W1
QSO_48.3936856-18.1561381,58697.92646349996,18.863,0.241,W1
QSO_48.3936856-18.1561381,58857.7984204,19.094,0.297,W1
QSO_48.3936856-18.1561381,58857.864007600016,19.253,0.361,W1
QSO_48.3936856-18.1561381,59222.51462000003,18.601,0.192,W1
QSO_48.3936856-18.1561381,59222.71058849996,18.62,0.496,W1
QSO_48.3936856-18.1561381,59222.971965,18.727,0.208,W1
QSO_48.3936856-18.1561381,59426.42844,19.331000000000003,,W1
QSO_48.3936856-18.1561381,59429.43333899997,18.676,0.209,W1
QSO_48.3936856-18.1561381,59429.75986799998,18.688,0.211,W1
QSO_48.3936856-18.1561381,59586.50539499997,19.408,0.448,W1
QSO_48.3936856-18.1561381,59793.86160299997,18.946,0.254,W1
QSO_48.3936856-18.1561381,59952.944663,19.128,,W1
QSO_48.3936856-18.1561381,59953.07485850004,18.776000000000003,0.225,W1
QSO_48.3936856-18.1561381,59953.465262500016,19.113,0.324,W1
QSO_48.3936856-18.1561381,59953.46537200002,18.945,0.359,W1
QSO_48.3936856-18.1561381,59953.79076949997,18.48,,W1
QSO_48.3936856-18.1561381,60157.37331549997,18.656,0.221,W1
QSO_48.3936856-18.1561381,60157.69728950003,18.776000000000003,0.24,W1
QSO_48.3936856-18.1561381,60317.274762399975,18.927,0.267,W1
QSO_48.3936856-18.1561381,60317.597976999976,18.892000000000003,0.237,W1
QSO_48.3936856-18.1561381,55219.57539599997,18.522,,W2
QSO_48.3936856-18.1561381,55219.57539599997,18.501,,W2
QSO_48.3936856-18.1561381,55222.08812899999,19.013,,W2
QSO_48.3936856-18.1561381,55222.08812899999,19.014,,W2
QSO_48.3936856-18.1561381,55222.41870949998,18.453,,W2
QSO_48.3936856-18.1561381,55222.41870949998,18.453,,W2
QSO_48.3936856-18.1561381,55222.48488400003,18.562,,W2
QSO_48.3936856-18.1561381,55222.48488400003,18.578,,W2
QSO_48.3936856-18.1561381,55222.55091250004,18.811,,W2
QSO_48.3936856-18.1561381,55222.55091250004,18.776,,W2
QSO_48.3936856-18.1561381,55222.55105849999,18.839,,W2
QSO_48.3936856-18.1561381,55222.55105849999,18.857,,W2
QSO_48.3936856-18.1561381,55222.68326149996,18.999,,W2
QSO_48.3936856-18.1561381,55222.68326149996,19.002,,W2
QSO_48.3936856-18.1561381,55408.63094199997,19.034,,W2
QSO_48.3936856-18.1561381,55408.63094199997,19.035,,W2
QSO_48.3936856-18.1561381,55408.76314500002,18.468,,W2
QSO_48.3936856-18.1561381,55408.76314500002,18.486,,W2
QSO_48.3936856-18.1561381,55408.895348,18.986,,W2
QSO_48.3936856-18.1561381,55408.895348,18.985,,W2
QSO_48.3936856-18.1561381,55409.02758749999,19.012,,W2
QSO_48.3936856-18.1561381,55409.02758749999,19.015,,W2
QSO_48.3936856-18.1561381,55409.35805849999,18.522,,W2
QSO_48.3936856-18.1561381,55409.35805849999,18.558,,W2
QSO_48.3936856-18.1561381,55409.35816799999,18.621,,W2
QSO_48.3936856-18.1561381,55409.35816799999,18.521,,W2
QSO_48.3936856-18.1561381,55409.42423300003,18.602,0.405,W2
QSO_48.3936856-18.1561381,55409.42423300003,18.582,0.398,W2
QSO_48.3936856-18.1561381,55409.49026150004,18.462,,W2
QSO_48.3936856-18.1561381,55409.49026150004,18.467,,W2
QSO_48.3936856-18.1561381,55409.62246450001,18.694,,W2
QSO_48.3936856-18.1561381,55409.62246450001,18.604,,W2
QSO_48.3936856-18.1561381,55409.75466749999,18.692,,W2
QSO_48.3936856-18.1561381,55409.75466749999,18.718,,W2
QSO_48.3936856-18.1561381,55411.40727799996,18.419,,W2
QSO_48.3936856-18.1561381,55411.40727799996,18.452,,W2
QSO_48.3936856-18.1561381,55411.473343,18.59,,W2
QSO_48.3936856-18.1561381,55411.473343,18.579,,W2
QSO_48.3936856-18.1561381,55411.539517499965,19.049,,W2
QSO_48.3936856-18.1561381,55411.539517499965,19.05,,W2
QSO_48.3936856-18.1561381,55411.60554599998,18.86,,W2
QSO_48.3936856-18.1561381,55411.60554599998,18.987,,W2
QSO_48.3936856-18.1561381,55411.67172050002,18.393,,W2
QSO_48.3936856-18.1561381,55411.67172050002,18.387,,W2
QSO_48.3936856-18.1561381,55411.73774900003,18.892,0.536,W2
QSO_48.3936856-18.1561381,55411.73774900003,18.874,0.492,W2
QSO_48.3936856-18.1561381,55411.80392349999,19.155,,W2
QSO_48.3936856-18.1561381,55411.80392349999,19.154,,W2
QSO_48.3936856-18.1561381,55411.869952,19.152,,W2
QSO_48.3936856-18.1561381,55411.869952,19.153,,W2
QSO_48.3936856-18.1561381,55412.0021915,18.659,0.432,W2
QSO_48.3936856-18.1561381,55412.0021915,18.661,0.432,W2
QSO_48.3936856-18.1561381,55585.77416550001,18.942,,W2
QSO_48.3936856-18.1561381,55585.77416550001,19.014,,W2
QSO_48.3936856-18.1561381,55585.90625899999,18.951,,W2
QSO_48.3936856-18.1561381,55585.90625899999,18.949,,W2
QSO_48.3936856-18.1561381,55586.03846199996,18.797,,W2
QSO_48.3936856-18.1561381,55586.03846199996,18.797,,W2
QSO_48.3936856-18.1561381,55586.10449049997,18.438,0.331,W2
QSO_48.3936856-18.1561381,55586.10449049997,18.42,0.326,W2
QSO_48.3936856-18.1561381,55586.17055550001,18.72,0.434,W2
QSO_48.3936856-18.1561381,55586.17055550001,18.77,0.455,W2
QSO_48.3936856-18.1561381,55586.17066500001,18.648,,W2
QSO_48.3936856-18.1561381,55586.17066500001,18.69,,W2
QSO_48.3936856-18.1561381,55586.236729999975,18.712,0.454,W2
QSO_48.3936856-18.1561381,55586.236729999975,18.697,0.5,W2
QSO_48.3936856-18.1561381,55586.30275849999,18.301,,W2
QSO_48.3936856-18.1561381,55586.30275849999,18.295,,W2
QSO_48.3936856-18.1561381,55586.368787,18.491,,W2
QSO_48.3936856-18.1561381,55586.368787,18.531,,W2
QSO_48.3936856-18.1561381,55586.36893300003,18.426,,W2
QSO_48.3936856-18.1561381,55586.36893300003,18.414,,W2
QSO_48.3936856-18.1561381,55586.76532300002,18.741,,W2
QSO_48.3936856-18.1561381,55586.76532300002,18.745,,W2
QSO_48.3936856-18.1561381,56684.405925000014,18.472,,W2
QSO_48.3936856-18.1561381,56684.603426500005,18.317,,W2
QSO_48.3936856-18.1561381,56873.688354999984,18.679,,W2
QSO_48.3936856-18.1561381,56873.88545499999,18.626,,W2
QSO_48.3936856-18.1561381,56873.95126449999,18.238,,W2
QSO_48.3936856-18.1561381,56874.4113835,18.785,,W2
QSO_48.3936856-18.1561381,57044.92803269531,18.308,,W2
QSO_48.3936856-18.1561381,57045.45334071198,19.05,,W2
QSO_48.3936856-18.1561381,57045.78151222238,18.532,,W2
QSO_48.3936856-18.1561381,57235.33593465909,18.971,,W2
QSO_48.3936856-18.1561381,57407.84247102752,18.189,,W2
QSO_48.3936856-18.1561381,57408.17102923791,18.527,,W2
QSO_48.3936856-18.1561381,57408.302459842045,18.67,,W2
QSO_48.3936856-18.1561381,57602.6490149879,17.759999999999998,0.366,W2
QSO_48.3936856-18.1561381,57602.71471198992,18.543,,W2
QSO_48.3936856-18.1561381,57602.8459961941,18.566,,W2
QSO_48.3936856-18.1561381,57602.9115833962,18.344,,W2
QSO_48.3936856-18.1561381,57602.97731699824,18.494,,W2
QSO_48.3936856-18.1561381,57603.04290420034,18.409,,W2
QSO_48.3936856-18.1561381,57769.41738099999,18.361,0.45,W2
QSO_48.3936856-18.1561381,57769.7445305,18.6,,W2
QSO_48.3936856-18.1561381,57769.810084499964,18.098,,W2
QSO_48.3936856-18.1561381,57967.00735700002,18.465,,W2
QSO_48.3936856-18.1561381,57967.07291099998,18.642,,W2
QSO_48.3936856-18.1561381,57967.33454299997,18.428,,W2
QSO_48.3936856-18.1561381,57967.7271005,18.521,,W2
QSO_48.3936856-18.1561381,58129.529556500005,17.951,,W2
QSO_48.3936856-18.1561381,58129.79118849999,19.043,,W2
QSO_48.3936856-18.1561381,58130.24904450003,18.154,0.289,W2
QSO_48.3936856-18.1561381,58330.54454649998,17.944,,W2
QSO_48.3936856-18.1561381,58330.9369945,18.16,,W2
QSO_48.3936856-18.1561381,58331.067664500006,18.637,0.526,W2
QSO_48.3936856-18.1561381,58331.19848050004,18.219,0.346,W2
QSO_48.3936856-18.1561381,58334.86103650004,18.737,0.53,W2
QSO_48.3936856-18.1561381,58490.904559,18.802,0.491,W2
QSO_48.3936856-18.1561381,58697.5995695,18.316,,W2
QSO_48.3936856-18.1561381,58697.92635399996,18.539,,W2
QSO_48.3936856-18.1561381,58697.92646349996,18.21,,W2
QSO_48.3936856-18.1561381,58857.7984204,18.518,,W2
QSO_48.3936856-18.1561381,58857.864007600016,18.353,0.409,W2
QSO_48.3936856-18.1561381,59222.51462000003,17.778,,W2
QSO_48.3936856-18.1561381,59222.71058849996,18.124,,W2
QSO_48.3936856-18.1561381,59222.971965,18.908,,W2
QSO_48.3936856-18.1561381,59426.42844,17.905,0.282,W2
QSO_48.3936856-18.1561381,59429.43333899997,18.064,,W2
QSO_48.3936856-18.1561381,59429.75986799998,18.468,,W2
QSO_48.3936856-18.1561381,59586.50539499997,18.674,,W2
QSO_48.3936856-18.1561381,59793.86160299997,18.254,,W2
QSO_48.3936856-18.1561381,59952.944663,18.13,,W2
QSO_48.3936856-18.1561381,59953.07485850004,18.458,,W2
QSO_48.3936856-18.1561381,59953.465262500016,18.215,,W2
QSO_48.3936856-18.1561381,59953.46537200002,18.029,,W2
QSO_48.3936856-18.1561381,59953.79076949997,17.958,,W2
QSO_48.3936856-18.1561381,60157.37331549997,18.217,,W2
QSO_48.3936856-18.1561381,60157.69728950003,18.297,,W2
QSO_48.3936856-18.1561381,60317.274762399975,18.558,,W2
QSO_48.3936856-18.1561381,60317.597976999976,18.402,,W2
QSO_48.5722656-18.2474767,55219.57539599997,19.471,0.408,W1
QSO_48.5722656-18.2474767,55222.08812899999,19.285,0.352,W1
QSO_48.5722656-18.2474767,55222.35253500002,18.757,0.219,W1
QSO_48.5722656-18.2474767,55222.41870949998,18.871,0.247,W1
QSO_48.5722656-18.2474767,55222.48488400003,18.564,0.181,W1
QSO_48.5722656-18.2474767,55222.55091250004,19.319000000000003,0.363,W1
QSO_48.5722656-18.2474767,55222.617087,19.344,0.365,W1
QSO_48.5722656-18.2474767,55222.68326149996,19.183,0.295,W1
QSO_48.5722656-18.2474767,55408.76314500002,19.619,0.528,W1
QSO_48.5722656-18.2474767,55408.76329099997,19.381,0.389,W1
QSO_48.5722656-18.2474767,55408.895348,19.26,,W1
QSO_48.5722656-18.2474767,55409.02758749999,19.713,0.517,W1
QSO_48.5722656-18.2474767,55409.35816799999,18.912,,W1
QSO_48.5722656-18.2474767,55409.42423300003,19.073,0.266,W1
QSO_48.5722656-18.2474767,55409.49037099996,19.267000000000003,,W1
QSO_48.5722656-18.2474767,55409.556436,18.643,0.189,W1
QSO_48.5722656-18.2474767,55409.622610499966,19.771,,W1
QSO_48.5722656-18.2474767,55409.75466749999,19.141,,W1
QSO_48.5722656-18.2474767,55409.75481350002,19.21,0.304,W1
QSO_48.5722656-18.2474767,55409.88690699999,19.325000000000003,0.439,W1
QSO_48.5722656-18.2474767,55411.40727799996,19.25,,W1
QSO_48.5722656-18.2474767,55411.539517499965,19.508000000000003,0.395,W1
QSO_48.5722656-18.2474767,55411.60554599998,18.964,0.311,W1
QSO_48.5722656-18.2474767,55411.67172050002,19.749,0.537,W1
QSO_48.5722656-18.2474767,55411.73774900003,19.639000000000003,0.49,W1
QSO_48.5722656-18.2474767,55411.80392349999,19.322000000000003,0.376,W1
QSO_48.5722656-18.2474767,55411.869952,19.008000000000003,,W1
QSO_48.5722656-18.2474767,55411.93612649997,18.405,0.153,W1
QSO_48.5722656-18.2474767,55412.0021915,19.017000000000003,,W1
QSO_48.5722656-18.2474767,55412.39883700004,18.950000000000003,0.251,W1
QSO_48.5722656-18.2474767,55585.90625899999,19.177,0.337,W1
QSO_48.5722656-18.2474767,55586.03846199996,18.804,,W1
QSO_48.5722656-18.2474767,55586.17055550001,18.734,,W1
QSO_48.5722656-18.2474767,55586.236729999975,19.489,0.412,W1
QSO_48.5722656-18.2474767,55586.30275849999,19.618,0.472,W1
QSO_48.5722656-18.2474767,55586.368787,18.977,0.291,W1
QSO_48.5722656-18.2474767,55586.76532300002,19.841,,W1
QSO_48.5722656-18.2474767,55586.897526,18.636,0.193,W1
QSO_48.5722656-18.2474767,55587.02961949997,19.059,0.34,W1
QSO_48.5722656-18.2474767,55587.02972899997,18.761000000000003,,W1
QSO_48.5722656-18.2474767,56684.34011550001,19.025,0.53,W1
QSO_48.5722656-18.2474767,56873.88560100002,18.624,0.205,W1
QSO_48.5722656-18.2474767,56874.41152950003,18.793,0.21,W1
QSO_48.5722656-18.2474767,57044.92803269531,19.137,0.293,W1
QSO_48.5722656-18.2474767,57235.33593465909,19.124,0.339,W1
QSO_48.5722656-18.2474767,57235.66374116943,18.896,0.288,W1
QSO_48.5722656-18.2474767,57602.58342778581,18.734,0.249,W1
QSO_48.5722656-18.2474767,57602.9115833962,18.635,0.222,W1
QSO_48.5722656-18.2474767,57602.91172979615,19.274,0.533,W1
QSO_48.5722656-18.2474767,57769.80993850002,19.027,,W1
QSO_48.5722656-18.2474767,57770.52993750003,18.98,0.252,W1
QSO_48.5722656-18.2474767,57967.00750299997,18.498,0.179,W1
QSO_48.5722656-18.2474767,57967.138319000005,18.579,0.227,W1
QSO_48.5722656-18.2474767,57967.26913500004,18.673,0.236,W1
QSO_48.5722656-18.2474767,58129.66037250004,18.879,0.229,W1
QSO_48.5722656-18.2474767,58331.19848050004,18.908,,W1
QSO_48.5722656-18.2474767,58331.6563365,18.889000000000003,0.259,W1
QSO_48.5722656-18.2474767,58491.36230550004,18.793,0.418,W1
QSO_48.5722656-18.2474767,58697.7302395,18.931,0.25,W1
QSO_48.5722656-18.2474767,58698.253248000015,19.26,0.35,W1
QSO_48.5722656-18.2474767,58857.92948500003,19.022,0.273,W1
QSO_48.5722656-18.2474767,59222.84125849997,19.058,0.28,W1
QSO_48.5722656-18.2474767,59429.75986799998,18.396,0.166,W1
QSO_48.5722656-18.2474767,59586.04830550004,19.012,0.369,W1
QSO_48.5722656-18.2474767,59586.50539499997,18.973,0.293,W1
QSO_48.5722656-18.2474767,59586.70121750004,18.917,0.381,W1
QSO_48.5722656-18.2474767,59793.992017500015,18.72,0.283,W1
QSO_48.5722656-18.2474767,59794.18747499996,18.829,0.306,W1
QSO_48.5722656-18.2474767,59952.944663,19.483,0.526,W1
QSO_48.5722656-18.2474767,59953.92081899998,18.767000000000003,0.23,W1
QSO_48.5722656-18.2474767,60157.69728950003,19.298,0.445,W1
QSO_48.5722656-18.2474767,60317.856629200025,18.952,0.296,W1
QSO_48.5722656-18.2474767,55219.57539599997,18.876,,W2
QSO_48.5722656-18.2474767,55222.08812899999,18.474,,W2
QSO_48.5722656-18.2474767,55222.35253500002,18.349,,W2
QSO_48.5722656-18.2474767,55222.41870949998,18.862,,W2
QSO_48.5722656-18.2474767,55222.48488400003,18.099,,W2
QSO_48.5722656-18.2474767,55222.55091250004,18.412,,W2
QSO_48.5722656-18.2474767,55222.617087,19.015,,W2
QSO_48.5722656-18.2474767,55222.68326149996,18.937,,W2
QSO_48.5722656-18.2474767,55408.76314500002,18.658,,W2
QSO_48.5722656-18.2474767,55408.76329099997,18.928,,W2
QSO_48.5722656-18.2474767,55408.895348,19.125,,W2
QSO_48.5722656-18.2474767,55409.02758749999,18.727,0.449,W2
QSO_48.5722656-18.2474767,55409.35816799999,18.214,,W2
QSO_48.5722656-18.2474767,55409.42423300003,19.045,,W2
QSO_48.5722656-18.2474767,55409.49037099996,18.514,,W2
QSO_48.5722656-18.2474767,55409.556436,18.633,,W2
QSO_48.5722656-18.2474767,55409.622610499966,18.787,,W2
QSO_48.5722656-18.2474767,55409.75466749999,18.654,,W2
QSO_48.5722656-18.2474767,55409.75481350002,18.697,,W2
QSO_48.5722656-18.2474767,55409.88690699999,19.067,,W2
QSO_48.5722656-18.2474767,55411.40727799996,18.597,0.356,W2
QSO_48.5722656-18.2474767,55411.539517499965,18.913,,W2
QSO_48.5722656-18.2474767,55411.60554599998,18.735,,W2
QSO_48.5722656-18.2474767,55411.67172050002,18.756,0.472,W2
QSO_48.5722656-18.2474767,55411.73774900003,19.019,,W2
QSO_48.5722656-18.2474767,55411.80392349999,18.616,,W2
QSO_48.5722656-18.2474767,55411.869952,18.213,,W2
QSO_48.5722656-18.2474767,55411.93612649997,18.889,,W2
QSO_48.5722656-18.2474767,55412.0021915,18.23,,W2
QSO_48.5722656-18.2474767,55412.39883700004,18.516,,W2
QSO_48.5722656-18.2474767,55585.90625899999,18.823,0.437,W2
QSO_48.5722656-18.2474767,55586.03846199996,18.671,,W2
QSO_48.5722656-18.2474767,55586.17055550001,18.54,,W2
QSO_48.5722656-18.2474767,55586.236729999975,19.049,,W2
QSO_48.5722656-18.2474767,55586.30275849999,19.009,,W2
QSO_48.5722656-18.2474767,55586.368787,18.69,,W2
QSO_48.5722656-18.2474767,55586.76532300002,18.253,,W2
QSO_48.5722656-18.2474767,55586.897526,18.333,,W2
QSO_48.5722656-18.2474767,55587.02961949997,18.444,,W2
QSO_48.5722656-18.2474767,55587.02972899997,19.036,,W2
QSO_48.5722656-18.2474767,56684.34011550001,18.076,,W2
QSO_48.5722656-18.2474767,56873.88560100002,18.264,,W2
QSO_48.5722656-18.2474767,56874.41152950003,18.211,0.308,W2
QSO_48.5722656-18.2474767,57044.92803269531,18.13,,W2
QSO_48.5722656-18.2474767,57235.33593465909,18.141,,W2
QSO_48.5722656-18.2474767,57235.66374116943,18.337,,W2
QSO_48.5722656-18.2474767,57602.58342778581,18.16,,W2
QSO_48.5722656-18.2474767,57602.9115833962,18.336,,W2
QSO_48.5722656-18.2474767,57602.91172979615,17.941,,W2
QSO_48.5722656-18.2474767,57769.80993850002,18.136,,W2
QSO_48.5722656-18.2474767,57770.52993750003,18.694,,W2
QSO_48.5722656-18.2474767,57967.00750299997,18.155,,W2
QSO_48.5722656-18.2474767,57967.138319000005,18.592,0.499,W2
QSO_48.5722656-18.2474767,57967.26913500004,18.34,0.385,W2
QSO_48.5722656-18.2474767,58129.66037250004,18.391,,W2
QSO_48.5722656-18.2474767,58331.19848050004,18.45,,W2
QSO_48.5722656-18.2474767,58331.6563365,18.716,,W2
QSO_48.5722656-18.2474767,58491.36230550004,18.751,,W2
QSO_48.5722656-18.2474767,58697.7302395,18.232,,W2
QSO_48.5722656-18.2474767,58698.253248000015,18.799,,W2
QSO_48.5722656-18.2474767,58857.92948500003,18.589,,W2
QSO_48.5722656-18.2474767,59222.84125849997,18.059,,W2
QSO_48.5722656-18.2474767,59429.75986799998,18.466,,W2
QSO_48.5722656-18.2474767,59586.04830550004,18.156,,W2
QSO_48.5722656-18.2474767,59586.50539499997,18.635,0.444,W2
QSO_48.5722656-18.2474767,59586.70121750004,18.373,,W2
QSO_48.5722656-18.2474767,59793.992017500015,18.185,,W2
QSO_48.5722656-18.2474767,59794.18747499996,18.33,,W2
QSO_48.5722656-18.2474767,59952.944663,18.545,,W2
QSO_48.5722656-18.2474767,59953.92081899998,18.678,,W2
QSO_48.5722656-18.2474767,60157.69728950003,17.974,,W2
QSO_48.5722656-18.2474767,60317.856629200025,18.986,,W2
QSO_48.4486993-18.1778375,55219.57539599997,19.074,,W1
QSO_48.4486993-18.1778375,55222.08812899999,18.803,0.225,W1
QSO_48.4486993-18.1778375,55222.41870949998,18.976,0.323,W1
QSO_48.4486993-18.1778375,55222.48488400003,18.951,0.31,W1
QSO_48.4486993-18.1778375,55222.55091250004,19.39,0.377,W1
QSO_48.4486993-18.1778375,55222.55105849999,19.469,0.393,W1
QSO_48.4486993-18.1778375,55222.68326149996,18.711,0.202,W1
QSO_48.4486993-18.1778375,55408.63094199997,18.992,,W1
QSO_48.4486993-18.1778375,55408.76314500002,19.027,,W1
QSO_48.4486993-18.1778375,55408.895348,19.605,0.47,W1
QSO_48.4486993-18.1778375,55409.02758749999,19.144,0.302,W1
QSO_48.4486993-18.1778375,55409.35816799999,19.739,0.501,W1
QSO_48.4486993-18.1778375,55409.42423300003,19.371,,W1
QSO_48.4486993-18.1778375,55409.49026150004,19.221,0.505,W1
QSO_48.4486993-18.1778375,55409.49037099996,19.535,0.424,W1
QSO_48.4486993-18.1778375,55409.62246450001,18.695,0.246,W1
QSO_48.4486993-18.1778375,55409.75466749999,18.99,0.257,W1
QSO_48.4486993-18.1778375,55411.40727799996,19.277,0.383,W1
QSO_48.4486993-18.1778375,55411.473343,19.215,0.326,W1
QSO_48.4486993-18.1778375,55411.539517499965,19.101,,W1
QSO_48.4486993-18.1778375,55411.60554599998,19.163,0.304,W1
QSO_48.4486993-18.1778375,55411.67172050002,19.118,,W1
QSO_48.4486993-18.1778375,55411.73774900003,19.057,0.276,W1
QSO_48.4486993-18.1778375,55411.80392349999,19.168,0.348,W1
QSO_48.4486993-18.1778375,55411.869952,19.304,0.339,W1
QSO_48.4486993-18.1778375,55412.0021915,18.65,0.202,W1
QSO_48.4486993-18.1778375,55585.77416550001,19.442,,W1
QSO_48.4486993-18.1778375,55585.90625899999,18.821,0.227,W1
QSO_48.4486993-18.1778375,55586.03846199996,18.997,0.301,W1
QSO_48.4486993-18.1778375,55586.17055550001,19.104,,W1
QSO_48.4486993-18.1778375,55586.17066500001,18.932,,W1
QSO_48.4486993-18.1778375,55586.236729999975,19.002,0.264,W1
QSO_48.4486993-18.1778375,55586.30275849999,19.033,0.289,W1
QSO_48.4486993-18.1778375,55586.368787,19.604,0.471,W1
QSO_48.4486993-18.1778375,55586.36893300003,19.282,0.42,W1
QSO_48.4486993-18.1778375,55586.76532300002,19.469,0.43,W1
QSO_48.4486993-18.1778375,55586.897526,19.178,,W1
QSO_48.4486993-18.1778375,56684.20842350003,19.022,0.309,W1
QSO_48.4486993-18.1778375,56684.405925000014,18.851,0.261,W1
QSO_48.4486993-18.1778375,56873.42533599998,18.719,0.275,W1
QSO_48.4486993-18.1778375,56874.017037499965,18.509,0.171,W1
QSO_48.4486993-18.1778375,56874.08270100002,18.935,0.283,W1
QSO_48.4486993-18.1778375,57044.92803269531,18.921,0.358,W1
QSO_48.4486993-18.1778375,57408.30231344201,18.82,0.265,W1
QSO_48.4486993-18.1778375,57602.58342778581,18.864,0.254,W1
QSO_48.4486993-18.1778375,57602.6490149879,18.673,0.208,W1
QSO_48.4486993-18.1778375,57602.71471198992,18.789,,W1
QSO_48.4486993-18.1778375,57602.8459961941,18.318,0.148,W1
QSO_48.4486993-18.1778375,57603.174188404526,18.899,0.264,W1
QSO_48.4486993-18.1778375,57603.43679341277,19.025,,W1
QSO_48.4486993-18.1778375,57769.286419,19.355,0.344,W1
QSO_48.4486993-18.1778375,57769.548197000026,18.84,0.391,W1
QSO_48.4486993-18.1778375,57769.67912249998,18.599,0.207,W1
QSO_48.4486993-18.1778375,57770.00641800002,19.148000000000003,0.287,W1
QSO_48.4486993-18.1778375,57967.00735700002,19.145000000000003,0.33,W1
QSO_48.4486993-18.1778375,57967.00750299997,19.117,0.287,W1
QSO_48.4486993-18.1778375,57967.26913500004,19.046,0.314,W1
QSO_48.4486993-18.1778375,57967.7271005,18.783,0.231,W1
QSO_48.4486993-18.1778375,58129.529556500005,19.11,0.303,W1
QSO_48.4486993-18.1778375,58129.66037250004,18.716,0.344,W1
QSO_48.4486993-18.1778375,58129.72578049997,18.826,0.29,W1
QSO_48.4486993-18.1778375,58129.79118849999,19.26,,W1
QSO_48.4486993-18.1778375,58330.54454649998,19.387,0.433,W1
QSO_48.4486993-18.1778375,58331.067664500006,18.667,0.384,W1
QSO_48.4486993-18.1778375,58490.904559,19.099,0.458,W1
QSO_48.4486993-18.1778375,58490.96996700002,18.963,0.372,W1
QSO_48.4486993-18.1778375,58491.10067349997,19.051,0.3,W1
QSO_48.4486993-18.1778375,58857.864007600016,18.674,0.191,W1
QSO_48.4486993-18.1778375,59221.99186699997,18.723,0.245,W1
QSO_48.4486993-18.1778375,59222.57991849996,19.156,0.375,W1
QSO_48.4486993-18.1778375,59222.64532649998,18.574,0.185,W1
QSO_48.4486993-18.1778375,59222.84125849997,18.895000000000003,0.261,W1
QSO_48.4486993-18.1778375,59586.57065700003,18.457,0.168,W1
QSO_48.4486993-18.1778375,59793.86160299997,19.036,0.286,W1
QSO_48.4486993-18.1778375,59953.92081899998,18.736,0.216,W1
QSO_48.4486993-18.1778375,60157.63253850004,18.561,0.249,W1
QSO_48.4486993-18.1778375,60317.14538140003,19.16,0.325,W1
QSO_48.4486993-18.1778375,60317.856629200025,18.978,0.324,W1
QSO_48.4486993-18.1778375,55219.57539599997,18.276,,W2
QSO_48.4486993-18.1778375,55222.08812899999,18.383,,W2
QSO_48.4486993-18.1778375,55222.41870949998,18.329,,W2
QSO_48.4486993-18.1778375,55222.48488400003,18.689,,W2
QSO_48.4486993-18.1778375,55222.55091250004,18.639,,W2
QSO_48.4486993-18.1778375,55222.55105849999,18.993,,W2
QSO_48.4486993-18.1778375,55222.68326149996,18.976,,W2
QSO_48.4486993-18.1778375,55408.63094199997,18.299,,W2
QSO_48.4486993-18.1778375,55408.76314500002,18.883,,W2
QSO_48.4486993-18.1778375,55408.895348,18.899,0.537,W2
QSO_48.4486993-18.1778375,55409.02758749999,18.531,0.346,W2
QSO_48.4486993-18.1778375,55409.35816799999,18.745,,W2
QSO_48.4486993-18.1778375,55409.42423300003,18.468,0.366,W2
QSO_48.4486993-18.1778375,55409.49026150004,18.727,0.409,W2
QSO_48.4486993-18.1778375,55409.49037099996,18.663,,W2
QSO_48.4486993-18.1778375,55409.62246450001,18.779,0.444,W2
QSO_48.4486993-18.1778375,55409.75466749999,18.43,,W2
QSO_48.4486993-18.1778375,55411.40727799996,18.243,,W2
QSO_48.4486993-18.1778375,55411.473343,18.743,,W2
QSO_48.4486993-18.1778375,55411.539517499965,18.587,,W2
QSO_48.4486993-18.1778375,55411.60554599998,18.667,,W2
QSO_48.4486993-18.1778375,55411.67172050002,19.026,0.54,W2
QSO_48.4486993-18.1778375,55411.73774900003,18.003,,W2
QSO_48.4486993-18.1778375,55411.80392349999,18.755,,W2
QSO_48.4486993-18.1778375,55411.869952,18.645,,W2
QSO_48.4486993-18.1778375,55412.0021915,18.767,0.441,W2
QSO_48.4486993-18.1778375,55585.77416550001,18.261,,W2
QSO_48.4486993-18.1778375,55585.90625899999,18.512,,W2
QSO_48.4486993-18.1778375,55586.03846199996,18.486,0.409,W2
QSO_48.4486993-18.1778375,55586.17055550001,18.327,,W2
QSO_48.4486993-18.1778375,55586.17066500001,18.403,,W2
QSO_48.4486993-18.1778375,55586.236729999975,18.797,0.444,W2
QSO_48.4486993-18.1778375,55586.30275849999,18.578,,W2
QSO_48.4486993-18.1778375,55586.368787,18.827,0.476,W2
QSO_48.4486993-18.1778375,55586.36893300003,19.035,,W2
QSO_48.4486993-18.1778375,55586.76532300002,18.783,,W2
QSO_48.4486993-18.1778375,55586.897526,18.609,,W2
QSO_48.4486993-18.1778375,56684.20842350003,17.826,0.264,W2
QSO_48.4486993-18.1778375,56684.405925000014,18.673,,W2
QSO_48.4486993-18.1778375,56873.42533599998,18.391,,W2
QSO_48.4486993-18.1778375,56874.017037499965,18.316,0.47,W2
QSO_48.4486993-18.1778375,56874.08270100002,18.987,,W2
QSO_48.4486993-18.1778375,57044.92803269531,18.959,,W2
QSO_48.4486993-18.1778375,57408.30231344201,18.204,,W2
QSO_48.4486993-18.1778375,57602.58342778581,17.829,,W2
QSO_48.4486993-18.1778375,57602.6490149879,18.878,,W2
QSO_48.4486993-18.1778375,57602.71471198992,18.242,0.349,W2
QSO_48.4486993-18.1778375,57602.8459961941,18.523,0.489,W2
QSO_48.4486993-18.1778375,57603.174188404526,17.82,,W2
QSO_48.4486993-18.1778375,57603.43679341277,18.678,0.498,W2
QSO_48.4486993-18.1778375,57769.286419,18.511,,W2
QSO_48.4486993-18.1778375,57769.548197000026,17.926,,W2
QSO_48.4486993-18.1778375,57769.67912249998,18.61,,W2
QSO_48.4486993-18.1778375,57770.00641800002,18.29,,W2
QSO_48.4486993-18.1778375,57967.00735700002,18.776,0.528,W2
QSO_48.4486993-18.1778375,57967.00750299997,18.189,0.383,W2
QSO_48.4486993-18.1778375,57967.26913500004,18.35,0.333,W2
QSO_48.4486993-18.1778375,57967.7271005,18.744,,W2
QSO_48.4486993-18.1778375,58129.529556500005,18.032,,W2
QSO_48.4486993-18.1778375,58129.66037250004,18.642,,W2
QSO_48.4486993-18.1778375,58129.72578049997,18.501,,W2
QSO_48.4486993-18.1778375,58129.79118849999,17.261,0.22,W2
QSO_48.4486993-18.1778375,58330.54454649998,18.009999999999998,,W2
QSO_48.4486993-18.1778375,58331.067664500006,18.194,,W2
QSO_48.4486993-18.1778375,58490.904559,18.613,,W2
QSO_48.4486993-18.1778375,58490.96996700002,18.246,,W2
QSO_48.4486993-18.1778375,58491.10067349997,18.24,,W2
QSO_48.4486993-18.1778375,58857.864007600016,18.168,,W2
QSO_48.4486993-18.1778375,59221.99186699997,18.8,,W2
QSO_48.4486993-18.1778375,59222.57991849996,18.554,0.429,W2
QSO_48.4486993-18.1778375,59222.64532649998,18.038,,W2
QSO_48.4486993-18.1778375,59222.84125849997,18.4,,W2
QSO_48.4486993-18.1778375,59586.57065700003,18.305,,W2
QSO_48.4486993-18.1778375,59793.86160299997,18.358,,W2
QSO_48.4486993-18.1778375,59953.92081899998,18.522,,W2
QSO_48.4486993-18.1778375,60157.63253850004,18.594,,W2
QSO_48.4486993-18.1778375,60317.14538140003,18.487,,W2
QSO_48.4486993-18.1778375,60317.856629200025,18.805,0.466,W2
QSO_48.5564365-18.2063737,55219.57539599997,19.079,0.29,W1
QSO_48.5564365-18.2063737,55222.08812899999,19.102,0.288,W1
QSO_48.5564365-18.2063737,55222.35253500002,18.969,0.268,W1
QSO_48.5564365-18.2063737,55222.41870949998,19.215,0.348,W1
QSO_48.5564365-18.2063737,55222.48488400003,18.65,0.212,W1
QSO_48.5564365-18.2063737,55222.55091250004,18.603,0.2,W1
QSO_48.5564365-18.2063737,55222.617087,19.026000000000003,0.293,W1
QSO_48.5564365-18.2063737,55222.68326149996,19.366,0.378,W1
QSO_48.5564365-18.2063737,55408.76314500002,18.626,0.197,W1
QSO_48.5564365-18.2063737,55408.76329099997,18.61,0.183,W1
QSO_48.5564365-18.2063737,55408.895348,19.147,0.304,W1
QSO_48.5564365-18.2063737,55409.02758749999,18.284,0.149,W1
QSO_48.5564365-18.2063737,55409.35816799999,19.567,0.481,W1
QSO_48.5564365-18.2063737,55409.42423300003,19.109,,W1
QSO_48.5564365-18.2063737,55409.49037099996,18.638,0.198,W1
QSO_48.5564365-18.2063737,55409.556436,18.816000000000003,0.227,W1
QSO_48.5564365-18.2063737,55409.62246450001,19.403,0.385,W1
QSO_48.5564365-18.2063737,55409.622610499966,18.552,0.187,W1
QSO_48.5564365-18.2063737,55409.75466749999,19.0,0.269,W1
QSO_48.5564365-18.2063737,55409.88690699999,18.982,0.301,W1
QSO_48.5564365-18.2063737,55411.40727799996,18.509,0.194,W1
QSO_48.5564365-18.2063737,55411.539517499965,18.856,0.238,W1
QSO_48.5564365-18.2063737,55411.60554599998,18.676,0.209,W1
QSO_48.5564365-18.2063737,55411.67172050002,18.55,0.188,W1
QSO_48.5564365-18.2063737,55411.73774900003,18.656,0.213,W1
QSO_48.5564365-18.2063737,55411.80392349999,19.332,0.364,W1
QSO_48.5564365-18.2063737,55411.869952,18.714,0.212,W1
QSO_48.5564365-18.2063737,55411.93612649997,18.731,0.252,W1
QSO_48.5564365-18.2063737,55412.0021915,18.901000000000003,0.261,W1
QSO_48.5564365-18.2063737,55412.39883700004,19.412,0.401,W1
QSO_48.5564365-18.2063737,55585.90625899999,18.892000000000003,0.261,W1
QSO_48.5564365-18.2063737,55586.03846199996,17.999000000000002,0.153,W1
QSO_48.5564365-18.2063737,55586.17055550001,19.067,0.315,W1
QSO_48.5564365-18.2063737,55586.236729999975,18.765,0.214,W1
QSO_48.5564365-18.2063737,55586.30275849999,18.796,0.249,W1
QSO_48.5564365-18.2063737,55586.368787,18.845,0.252,W1
QSO_48.5564365-18.2063737,55586.76532300002,18.847,0.242,W1
QSO_48.5564365-18.2063737,55586.897526,19.334000000000003,0.373,W1
QSO_48.5564365-18.2063737,55587.02972899997,18.841,0.377,W1
QSO_48.5564365-18.2063737,56684.20842350003,18.808,0.225,W1
QSO_48.5564365-18.2063737,56684.34011550001,18.762,0.284,W1
QSO_48.5564365-18.2063737,56684.405925000014,18.698,0.275,W1
QSO_48.5564365-18.2063737,56684.603426500005,18.995,0.513,W1
QSO_48.5564365-18.2063737,56873.42533599998,19.044,0.295,W1
QSO_48.5564365-18.2063737,56873.688354999984,18.71,0.248,W1
QSO_48.5564365-18.2063737,56874.54296599998,18.723,0.262,W1
QSO_48.5564365-18.2063737,57044.92803269531,19.236,0.366,W1
QSO_48.5564365-18.2063737,57045.19068670369,18.997,0.294,W1
QSO_48.5564365-18.2063737,57045.78151222238,18.704,0.203,W1
QSO_48.5564365-18.2063737,57045.91283922657,18.681,0.205,W1
QSO_48.5564365-18.2063737,57235.27038065696,18.587,0.204,W1
QSO_48.5564365-18.2063737,57235.33593465909,19.174,0.373,W1
QSO_48.5564365-18.2063737,57235.40159816114,18.979,0.249,W1
QSO_48.5564365-18.2063737,57235.66374116943,18.362,0.206,W1
QSO_48.5564365-18.2063737,57235.72925867153,18.973,0.361,W1
QSO_48.5564365-18.2063737,57235.72936817154,19.365,0.382,W1
QSO_48.5564365-18.2063737,57236.12272868401,18.372,0.153,W1
QSO_48.5564365-18.2063737,57407.84247102752,19.216,0.321,W1
QSO_48.5564365-18.2063737,57408.30231344201,18.761000000000003,0.274,W1
QSO_48.5564365-18.2063737,57408.5651746503,18.715,0.204,W1
QSO_48.5564365-18.2063737,57602.45210698167,19.123,0.317,W1
QSO_48.5564365-18.2063737,57602.97731699824,18.306,0.169,W1
QSO_48.5564365-18.2063737,57603.04290420034,18.747,0.248,W1
QSO_48.5564365-18.2063737,57603.43679341277,18.722,0.236,W1
QSO_48.5564365-18.2063737,57603.56807761696,18.789,0.238,W1
QSO_48.5564365-18.2063737,57769.548197000026,18.931,0.271,W1
QSO_48.5564365-18.2063737,57769.67912249998,18.796,0.324,W1
QSO_48.5564365-18.2063737,57769.7445305,19.602,0.472,W1
QSO_48.5564365-18.2063737,57769.80993850002,19.006,0.371,W1
QSO_48.5564365-18.2063737,57769.810084499964,19.176,0.291,W1
QSO_48.5564365-18.2063737,57769.9409005,18.623,0.207,W1
QSO_48.5564365-18.2063737,57770.00641800002,19.086,0.287,W1
QSO_48.5564365-18.2063737,57966.74576149997,19.131,0.315,W1
QSO_48.5564365-18.2063737,57967.00750299997,18.767000000000003,0.26,W1
QSO_48.5564365-18.2063737,57967.138319000005,19.169,0.381,W1
QSO_48.5564365-18.2063737,57967.39995099999,18.804,0.231,W1
QSO_48.5564365-18.2063737,57967.59628449996,18.607,0.318,W1
QSO_48.5564365-18.2063737,57967.7271005,18.707,0.41,W1
QSO_48.5564365-18.2063737,58129.529556500005,18.633,0.192,W1
QSO_48.5564365-18.2063737,58129.72578049997,18.905,0.246,W1
QSO_48.5564365-18.2063737,58129.79118849999,19.422,0.387,W1
QSO_48.5564365-18.2063737,58130.24904450003,18.529,0.179,W1
QSO_48.5564365-18.2063737,58130.37986049998,18.743,0.207,W1
QSO_48.5564365-18.2063737,58331.00240250002,18.37,0.381,W1
QSO_48.5564365-18.2063737,58331.06781050003,18.709000000000003,0.195,W1
QSO_48.5564365-18.2063737,58331.13307250002,18.905,0.349,W1
QSO_48.5564365-18.2063737,58331.19848050004,18.899,,W1
QSO_48.5564365-18.2063737,58331.52552049996,18.525,0.22,W1
QSO_48.5564365-18.2063737,58490.38144099998,18.752,0.247,W1
QSO_48.5564365-18.2063737,58490.51225700002,19.41,0.387,W1
QSO_48.5564365-18.2063737,58490.904559,18.702,0.227,W1
QSO_48.5564365-18.2063737,58490.96996700002,19.548,0.423,W1
QSO_48.5564365-18.2063737,58491.03526550003,19.149,0.308,W1
QSO_48.5564365-18.2063737,58491.10067349997,18.974,0.422,W1
QSO_48.5564365-18.2063737,58491.36230550004,18.801,0.212,W1
QSO_48.5564365-18.2063737,58697.4688995,18.43,0.269,W1
QSO_48.5564365-18.2063737,58697.5995695,19.036,0.304,W1
QSO_48.5564365-18.2063737,58697.7302395,19.143,0.337,W1
QSO_48.5564365-18.2063737,58697.92646349996,18.998,0.306,W1
QSO_48.5564365-18.2063737,58698.18798600003,19.161,0.348,W1
QSO_48.5564365-18.2063737,58857.864007600016,18.476,0.303,W1
QSO_48.5564365-18.2063737,58857.92948500003,18.666,0.191,W1
QSO_48.5564365-18.2063737,58858.12610019997,18.751,0.21,W1
QSO_48.5564365-18.2063737,58858.1262466,19.312,0.438,W1
QSO_48.5564365-18.2063737,58858.2572746,19.471,0.419,W1
QSO_48.5564365-18.2063737,59061.97723,18.714,0.217,W1
QSO_48.5564365-18.2063737,59062.23932260004,18.609,0.226,W1
QSO_48.5564365-18.2063737,59222.64532649998,18.704,0.2,W1
QSO_48.5564365-18.2063737,59222.84125849997,18.925,0.252,W1
QSO_48.5564365-18.2063737,59222.971965,18.476,0.165,W1
QSO_48.5564365-18.2063737,59426.2978795,18.436,0.195,W1
QSO_48.5564365-18.2063737,59426.42844,18.586,0.225,W1
QSO_48.5564365-18.2063737,59429.43333899997,18.351,0.186,W1
QSO_48.5564365-18.2063737,59429.69456949997,19.014000000000003,0.337,W1
QSO_48.5564365-18.2063737,59429.75986799998,18.674,0.22,W1
QSO_48.5564365-18.2063737,59429.9558365,18.537,0.188,W1
QSO_48.5564365-18.2063737,59430.15165899998,18.292,0.201,W1
QSO_48.5564365-18.2063737,59586.635955499965,18.845,0.234,W1
QSO_48.5564365-18.2063737,59586.70121750004,18.599,0.205,W1
QSO_48.5564365-18.2063737,59793.731298000006,18.996,0.361,W1
QSO_48.5564365-18.2063737,59793.86160299997,18.652,0.219,W1
QSO_48.5564365-18.2063737,59793.92686500004,19.020000000000003,0.3,W1
QSO_48.5564365-18.2063737,59793.992017500015,18.571,0.219,W1
QSO_48.5564365-18.2063737,59794.448231,19.018,0.363,W1
QSO_48.5564365-18.2063737,59953.33521300001,19.118,0.459,W1
QSO_48.5564365-18.2063737,59953.465262500016,18.933,0.251,W1
QSO_48.5564365-18.2063737,59953.530415,19.098,0.371,W1
QSO_48.5564365-18.2063737,59953.79062350002,18.932,0.323,W1
QSO_48.5564365-18.2063737,60157.43806649996,18.956000000000003,0.307,W1
QSO_48.5564365-18.2063737,60157.50285399999,19.099,0.339,W1
QSO_48.5564365-18.2063737,60157.63253850004,18.394,0.204,W1
QSO_48.5564365-18.2063737,60157.76207699997,18.861,0.406,W1
QSO_48.5564365-18.2063737,60157.82682799997,18.731,0.222,W1
QSO_48.5564365-18.2063737,60158.15069250002,18.537,0.376,W1
QSO_48.5564365-18.2063737,60317.14538140003,18.869,,W1
QSO_48.5564365-18.2063737,60317.339324800014,19.061,0.364,W1
QSO_48.5564365-18.2063737,60317.597976999976,18.514,0.264,W1
QSO_48.5564365-18.2063737,60317.7272482,18.855,0.322,W1
QSO_48.5564365-18.2063737,55219.57539599997,18.916,,W2
QSO_48.5564365-18.2063737,55222.08812899999,18.425,,W2
QSO_48.5564365-18.2063737,55222.35253500002,18.891,,W2
QSO_48.5564365-18.2063737,55222.41870949998,18.367,,W2
QSO_48.5564365-18.2063737,55222.48488400003,18.453,,W2
QSO_48.5564365-18.2063737,55222.55091250004,18.662,,W2
QSO_48.5564365-18.2063737,55222.617087,18.586,,W2
QSO_48.5564365-18.2063737,55222.68326149996,17.993,0.227,W2
QSO_48.5564365-18.2063737,55408.76314500002,18.753,0.411,W2
QSO_48.5564365-18.2063737,55408.76329099997,18.674,,W2
QSO_48.5564365-18.2063737,55408.895348,18.475,0.354,W2
QSO_48.5564365-18.2063737,55409.02758749999,18.529,0.347,W2
QSO_48.5564365-18.2063737,55409.35816799999,18.499,,W2
QSO_48.5564365-18.2063737,55409.42423300003,18.881,0.525,W2
QSO_48.5564365-18.2063737,55409.49037099996,18.796,0.456,W2
QSO_48.5564365-18.2063737,55409.556436,18.631,0.384,W2
QSO_48.5564365-18.2063737,55409.62246450001,18.584,,W2
QSO_48.5564365-18.2063737,55409.622610499966,18.317,,W2
QSO_48.5564365-18.2063737,55409.75466749999,18.778,0.423,W2
QSO_48.5564365-18.2063737,55409.88690699999,18.866,,W2
QSO_48.5564365-18.2063737,55411.40727799996,18.421,,W2
QSO_48.5564365-18.2063737,55411.539517499965,18.27,,W2
QSO_48.5564365-18.2063737,55411.60554599998,18.611,0.411,W2
QSO_48.5564365-18.2063737,55411.67172050002,18.666,,W2
QSO_48.5564365-18.2063737,55411.73774900003,18.573,0.464,W2
QSO_48.5564365-18.2063737,55411.80392349999,18.64,0.398,W2
QSO_48.5564365-18.2063737,55411.869952,18.199,,W2
QSO_48.5564365-18.2063737,55411.93612649997,18.253,,W2
QSO_48.5564365-18.2063737,55412.0021915,18.362,,W2
QSO_48.5564365-18.2063737,55412.39883700004,18.49,,W2
QSO_48.5564365-18.2063737,55585.90625899999,18.323,,W2
QSO_48.5564365-18.2063737,55586.03846199996,18.309,,W2
QSO_48.5564365-18.2063737,55586.17055550001,18.974,0.53,W2
QSO_48.5564365-18.2063737,55586.236729999975,18.621,,W2
QSO_48.5564365-18.2063737,55586.30275849999,18.649,,W2
QSO_48.5564365-18.2063737,55586.368787,18.709,,W2
QSO_48.5564365-18.2063737,55586.76532300002,18.379,,W2
QSO_48.5564365-18.2063737,55586.897526,18.108,,W2
QSO_48.5564365-18.2063737,55587.02972899997,18.285,,W2
QSO_48.5564365-18.2063737,56684.20842350003,18.692,,W2
QSO_48.5564365-18.2063737,56684.34011550001,18.025,,W2
QSO_48.5564365-18.2063737,56684.405925000014,18.525,,W2
QSO_48.5564365-18.2063737,56684.603426500005,18.047,,W2
QSO_48.5564365-18.2063737,56873.42533599998,18.715,0.45,W2
QSO_48.5564365-18.2063737,56873.688354999984,18.108,,W2
QSO_48.5564365-18.2063737,56874.54296599998,18.457,,W2
QSO_48.5564365-18.2063737,57044.92803269531,18.535,,W2
QSO_48.5564365-18.2063737,57045.19068670369,18.421,,W2
QSO_48.5564365-18.2063737,57045.78151222238,18.28,,W2
QSO_48.5564365-18.2063737,57045.91283922657,18.319,,W2
QSO_48.5564365-18.2063737,57235.27038065696,17.999,,W2
QSO_48.5564365-18.2063737,57235.33593465909,18.489,,W2
QSO_48.5564365-18.2063737,57235.40159816114,18.377,,W2
QSO_48.5564365-18.2063737,57235.66374116943,18.926,,W2
QSO_48.5564365-18.2063737,57235.72925867153,18.32,0.317,W2
QSO_48.5564365-18.2063737,57235.72936817154,18.35,0.337,W2
QSO_48.5564365-18.2063737,57236.12272868401,18.728,0.494,W2
QSO_48.5564365-18.2063737,57407.84247102752,18.145,0.281,W2
QSO_48.5564365-18.2063737,57408.30231344201,18.288,0.303,W2
QSO_48.5564365-18.2063737,57408.5651746503,18.791,,W2
QSO_48.5564365-18.2063737,57602.45210698167,18.116,,W2
QSO_48.5564365-18.2063737,57602.97731699824,17.63,,W2
QSO_48.5564365-18.2063737,57603.04290420034,18.864,0.542,W2
QSO_48.5564365-18.2063737,57603.43679341277,18.623,,W2
QSO_48.5564365-18.2063737,57603.56807761696,18.39,,W2
QSO_48.5564365-18.2063737,57769.548197000026,18.378,,W2
QSO_48.5564365-18.2063737,57769.67912249998,18.074,0.333,W2
QSO_48.5564365-18.2063737,57769.7445305,18.394,0.377,W2
QSO_48.5564365-18.2063737,57769.80993850002,18.796,0.51,W2
QSO_48.5564365-18.2063737,57769.810084499964,18.508,,W2
QSO_48.5564365-18.2063737,57769.9409005,18.527,,W2
QSO_48.5564365-18.2063737,57770.00641800002,18.296,,W2
QSO_48.5564365-18.2063737,57966.74576149997,18.094,0.33,W2
QSO_48.5564365-18.2063737,57967.00750299997,17.977999999999998,,W2
QSO_48.5564365-18.2063737,57967.138319000005,17.79,,W2
QSO_48.5564365-18.2063737,57967.39995099999,18.74,,W2
QSO_48.5564365-18.2063737,57967.59628449996,17.596,,W2
QSO_48.5564365-18.2063737,57967.7271005,18.303,,W2
QSO_48.5564365-18.2063737,58129.529556500005,18.254,,W2
QSO_48.5564365-18.2063737,58129.72578049997,17.919,,W2
QSO_48.5564365-18.2063737,58129.79118849999,18.537,,W2
QSO_48.5564365-18.2063737,58130.24904450003,18.916,,W2
QSO_48.5564365-18.2063737,58130.37986049998,18.996,,W2
QSO_48.5564365-18.2063737,58331.00240250002,18.362,,W2
QSO_48.5564365-18.2063737,58331.06781050003,18.341,,W2
QSO_48.5564365-18.2063737,58331.13307250002,18.515,,W2
QSO_48.5564365-18.2063737,58331.19848050004,18.486,,W2
QSO_48.5564365-18.2063737,58331.52552049996,18.012999999999998,,W2
QSO_48.5564365-18.2063737,58490.38144099998,18.455,0.465,W2
QSO_48.5564365-18.2063737,58490.51225700002,18.682,0.425,W2
QSO_48.5564365-18.2063737,58490.904559,18.443,,W2
QSO_48.5564365-18.2063737,58490.96996700002,18.377,,W2
QSO_48.5564365-18.2063737,58491.03526550003,18.869,0.517,W2
QSO_48.5564365-18.2063737,58491.10067349997,18.034,,W2
QSO_48.5564365-18.2063737,58491.36230550004,18.755,0.473,W2
QSO_48.5564365-18.2063737,58697.4688995,18.841,,W2
QSO_48.5564365-18.2063737,58697.5995695,18.526,,W2
QSO_48.5564365-18.2063737,58697.7302395,18.159,,W2
QSO_48.5564365-18.2063737,58697.92646349996,18.226,,W2
QSO_48.5564365-18.2063737,58698.18798600003,18.363,0.406,W2
QSO_48.5564365-18.2063737,58857.864007600016,18.672,,W2
QSO_48.5564365-18.2063737,58857.92948500003,18.292,,W2
QSO_48.5564365-18.2063737,58858.12610019997,18.392,,W2
QSO_48.5564365-18.2063737,58858.1262466,18.787,,W2
QSO_48.5564365-18.2063737,58858.2572746,18.662,0.467,W2
QSO_48.5564365-18.2063737,59061.97723,17.97,,W2
QSO_48.5564365-18.2063737,59062.23932260004,18.268,0.342,W2
QSO_48.5564365-18.2063737,59222.64532649998,18.715,0.446,W2
QSO_48.5564365-18.2063737,59222.84125849997,18.194,,W2
QSO_48.5564365-18.2063737,59222.971965,18.576,0.423,W2
QSO_48.5564365-18.2063737,59426.2978795,18.478,,W2
QSO_48.5564365-18.2063737,59426.42844,18.21,,W2
QSO_48.5564365-18.2063737,59429.43333899997,17.942,,W2
QSO_48.5564365-18.2063737,59429.69456949997,18.557,,W2
QSO_48.5564365-18.2063737,59429.75986799998,18.712,,W2
QSO_48.5564365-18.2063737,59429.9558365,17.916999999999998,,W2
QSO_48.5564365-18.2063737,59430.15165899998,18.715,,W2
QSO_48.5564365-18.2063737,59586.635955499965,18.579,0.472,W2
QSO_48.5564365-18.2063737,59586.70121750004,18.195,,W2
QSO_48.5564365-18.2063737,59793.731298000006,17.434,,W2
QSO_48.5564365-18.2063737,59793.86160299997,18.53,,W2
QSO_48.5564365-18.2063737,59793.92686500004,18.305,,W2
QSO_48.5564365-18.2063737,59793.992017500015,18.614,0.485,W2
QSO_48.5564365-18.2063737,59794.448231,18.411,0.45,W2
QSO_48.5564365-18.2063737,59953.33521300001,18.194,,W2
QSO_48.5564365-18.2063737,59953.465262500016,18.392,,W2
QSO_48.5564365-18.2063737,59953.530415,18.308,0.436,W2
QSO_48.5564365-18.2063737,59953.79062350002,18.324,,W2
QSO_48.5564365-18.2063737,60157.43806649996,18.496,,W2
QSO_48.5564365-18.2063737,60157.50285399999,18.474,,W2
QSO_48.5564365-18.2063737,60157.63253850004,18.57,0.457,W2
QSO_48.5564365-18.2063737,60157.76207699997,17.968,,W2
QSO_48.5564365-18.2063737,60157.82682799997,18.353,0.411,W2
QSO_48.5564365-18.2063737,60158.15069250002,18.278,,W2
QSO_48.5564365-18.2063737,60317.14538140003,17.730999999999998,0.364,W2
QSO_48.5564365-18.2063737,60317.339324800014,18.087,0.395,W2
QSO_48.5564365-18.2063737,60317.597976999976,18.035,,W2
QSO_48.5564365-18.2063737,60317.7272482,18.474,,W2
QSO_48.4180831-18.102656,55219.57539599997,18.923,0.246,W1
QSO_48.4180831-18.102656,55222.08812899999,19.119,0.286,W1
QSO_48.4180831-18.102656,55222.41870949998,19.26,0.346,W1
QSO_48.4180831-18.102656,55222.48488400003,19.384,0.416,W1
QSO_48.4180831-18.102656,55222.55105849999,18.804,0.228,W1
QSO_48.4180831-18.102656,55222.68326149996,19.23,0.348,W1
QSO_48.4180831-18.102656,55408.63094199997,19.142000000000003,0.29,W1
QSO_48.4180831-18.102656,55408.76314500002,19.065,0.287,W1
QSO_48.4180831-18.102656,55408.895348,19.084000000000003,,W1
QSO_48.4180831-18.102656,55409.02758749999,19.115,0.295,W1
QSO_48.4180831-18.102656,55409.35805849999,19.724,0.509,W1
QSO_48.4180831-18.102656,55409.42423300003,19.583,0.418,W1
QSO_48.4180831-18.102656,55409.49026150004,18.923,0.316,W1
QSO_48.4180831-18.102656,55409.62246450001,19.603,0.517,W1
QSO_48.4180831-18.102656,55409.75466749999,19.228,,W1
QSO_48.4180831-18.102656,55411.40727799996,19.256,0.315,W1
QSO_48.4180831-18.102656,55411.473343,19.617,0.477,W1
QSO_48.4180831-18.102656,55411.539517499965,19.204,0.332,W1
QSO_48.4180831-18.102656,55411.60554599998,19.09,0.316,W1
QSO_48.4180831-18.102656,55411.67172050002,19.604,0.451,W1
QSO_48.4180831-18.102656,55411.73774900003,18.939,,W1
QSO_48.4180831-18.102656,55411.80392349999,19.017000000000003,0.288,W1
QSO_48.4180831-18.102656,55411.869952,18.986,0.258,W1
QSO_48.4180831-18.102656,55412.0021915,19.268,0.336,W1
QSO_48.4180831-18.102656,55585.77416550001,19.403,,W1
QSO_48.4180831-18.102656,55585.90625899999,19.14,0.332,W1
QSO_48.4180831-18.102656,55586.03846199996,18.613,,W1
QSO_48.4180831-18.102656,55586.10449049997,19.487,,W1
QSO_48.4180831-18.102656,55586.17066500001,19.552,0.434,W1
QSO_48.4180831-18.102656,55586.236729999975,18.926,0.264,W1
QSO_48.4180831-18.102656,55586.30275849999,19.596,0.458,W1
QSO_48.4180831-18.102656,55586.36893300003,19.719,,W1
QSO_48.4180831-18.102656,55586.76532300002,19.744,0.505,W1
QSO_48.4180831-18.102656,55586.765432500026,19.138,0.461,W1
QSO_48.4180831-18.102656,55586.897526,19.194000000000003,0.319,W1
QSO_48.4180831-18.102656,56684.405925000014,19.136000000000003,0.285,W1
QSO_48.4180831-18.102656,56874.4113835,18.899,0.358,W1
QSO_48.4180831-18.102656,57235.46711566324,18.705,0.304,W1
QSO_48.4180831-18.102656,57602.6490149879,18.591,0.208,W1
QSO_48.4180831-18.102656,57769.7445305,19.0,0.287,W1
QSO_48.4180831-18.102656,57967.7271005,19.387,0.379,W1
QSO_48.4180831-18.102656,58129.529556500005,18.67,0.219,W1
QSO_48.4180831-18.102656,58490.51225700002,18.907,0.368,W1
QSO_48.4180831-18.102656,58491.36230550004,19.505000000000003,0.433,W1
QSO_48.4180831-18.102656,58857.7984204,19.368,0.385,W1
QSO_48.4180831-18.102656,59222.84125849997,19.629,0.521,W1
QSO_48.4180831-18.102656,59952.944663,19.674,,W1
QSO_48.4180831-18.102656,59953.530415,18.694,0.222,W1
QSO_48.4180831-18.102656,59953.92081899998,18.812,0.258,W1
QSO_48.4180831-18.102656,60157.37331549997,18.822000000000003,0.307,W1
QSO_48.4180831-18.102656,60157.50285399999,18.736,0.234,W1
QSO_48.4180831-18.102656,60317.597976999976,18.791,0.236,W1
QSO_48.4180831-18.102656,60317.727358,18.905,0.257,W1
QSO_48.4180831-18.102656,55219.57539599997,18.95,,W2
QSO_48.4180831-18.102656,55222.08812899999,18.56,,W2
QSO_48.4180831-18.102656,55222.41870949998,18.078,,W2
QSO_48.4180831-18.102656,55222.48488400003,18.874,,W2
QSO_48.4180831-18.102656,55222.55105849999,18.928,0.482,W2
QSO_48.4180831-18.102656,55222.68326149996,18.251,,W2
QSO_48.4180831-18.102656,55408.63094199997,18.858,,W2
QSO_48.4180831-18.102656,55408.76314500002,18.71,,W2
QSO_48.4180831-18.102656,55408.895348,18.684,,W2
QSO_48.4180831-18.102656,55409.02758749999,18.678,0.416,W2
QSO_48.4180831-18.102656,55409.35805849999,18.502,,W2
QSO_48.4180831-18.102656,55409.42423300003,19.007,,W2
QSO_48.4180831-18.102656,55409.49026150004,18.637,,W2
QSO_48.4180831-18.102656,55409.62246450001,18.65,,W2
QSO_48.4180831-18.102656,55409.75466749999,19.023,,W2
QSO_48.4180831-18.102656,55411.40727799996,19.019,,W2
QSO_48.4180831-18.102656,55411.473343,18.65,,W2
QSO_48.4180831-18.102656,55411.539517499965,18.511,,W2
QSO_48.4180831-18.102656,55411.60554599998,18.596,,W2
QSO_48.4180831-18.102656,55411.67172050002,19.197,,W2
QSO_48.4180831-18.102656,55411.73774900003,18.574,0.392,W2
QSO_48.4180831-18.102656,55411.80392349999,18.264,,W2
QSO_48.4180831-18.102656,55411.869952,18.995,0.516,W2
QSO_48.4180831-18.102656,55412.0021915,18.685,,W2
QSO_48.4180831-18.102656,55585.77416550001,19.045,,W2
QSO_48.4180831-18.102656,55585.90625899999,18.802,,W2
QSO_48.4180831-18.102656,55586.03846199996,18.852,,W2
QSO_48.4180831-18.102656,55586.10449049997,18.43,,W2
QSO_48.4180831-18.102656,55586.17066500001,18.474,,W2
QSO_48.4180831-18.102656,55586.236729999975,18.449,,W2
QSO_48.4180831-18.102656,55586.30275849999,18.906,,W2
QSO_48.4180831-18.102656,55586.36893300003,18.346,,W2
QSO_48.4180831-18.102656,55586.76532300002,18.464,,W2
QSO_48.4180831-18.102656,55586.765432500026,18.435,,W2
QSO_48.4180831-18.102656,55586.897526,18.444,,W2
QSO_48.4180831-18.102656,56684.405925000014,18.8,0.449,W2
QSO_48.4180831-18.102656,56874.4113835,18.583,,W2
QSO_48.4180831-18.102656,57235.46711566324,18.378,,W2
QSO_48.4180831-18.102656,57602.6490149879,18.82,,W2
QSO_48.4180831-18.102656,57769.7445305,18.306,,W2
QSO_48.4180831-18.102656,57967.7271005,18.039,0.466,W2
QSO_48.4180831-18.102656,58129.529556500005,18.702,,W2
QSO_48.4180831-18.102656,58490.51225700002,17.733,,W2
QSO_48.4180831-18.102656,58491.36230550004,18.435,,W2
QSO_48.4180831-18.102656,58857.7984204,18.0,,W2
QSO_48.4180831-18.102656,59222.84125849997,18.263,0.292,W2
QSO_48.4180831-18.102656,59952.944663,18.032,0.393,W2
QSO_48.4180831-18.102656,59953.530415,17.672,,W2
QSO_48.4180831-18.102656,59953.92081899998,18.884,,W2
QSO_48.4180831-18.102656,60157.37331549997,18.335,,W2
QSO_48.4180831-18.102656,60157.50285399999,18.614,0.49,W2
QSO_48.4180831-18.102656,60317.597976999976,18.265,,W2
QSO_48.4180831-18.102656,60317.727358,18.306,,W2
QSO_48.4198222-18.2383728,55219.57539599997,19.322000000000003,,W1
QSO_48.4198222-18.2383728,55222.08812899999,18.839,0.25,W1
QSO_48.4198222-18.2383728,55222.35253500002,18.593,0.196,W1
QSO_48.4198222-18.2383728,55222.41870949998,18.677,0.232,W1
QSO_48.4198222-18.2383728,55222.48488400003,19.108,0.294,W1
QSO_48.4198222-18.2383728,55222.55091250004,19.34,0.379,W1
QSO_48.4198222-18.2383728,55222.68326149996,18.897,0.263,W1
QSO_48.4198222-18.2383728,55408.63094199997,19.676,0.516,W1
QSO_48.4198222-18.2383728,55408.63105149997,18.92,,W1
QSO_48.4198222-18.2383728,55408.76314500002,18.685,0.208,W1
QSO_48.4198222-18.2383728,55408.895348,19.39,0.365,W1
QSO_48.4198222-18.2383728,55409.02758749999,19.073,0.28,W1
QSO_48.4198222-18.2383728,55409.35816799999,19.255000000000003,0.324,W1
QSO_48.4198222-18.2383728,55409.42423300003,19.769,0.518,W1
QSO_48.4198222-18.2383728,55409.49037099996,19.103,0.32,W1
QSO_48.4198222-18.2383728,55409.62246450001,19.504,0.425,W1
QSO_48.4198222-18.2383728,55409.622610499966,19.093,,W1
QSO_48.4198222-18.2383728,55409.75466749999,19.096,0.357,W1
QSO_48.4198222-18.2383728,55411.40727799996,19.42,0.429,W1
QSO_48.4198222-18.2383728,55411.473343,18.999,0.273,W1
QSO_48.4198222-18.2383728,55411.539517499965,19.015,,W1
QSO_48.4198222-18.2383728,55411.60554599998,19.132,0.304,W1
QSO_48.4198222-18.2383728,55411.67172050002,19.109,0.294,W1
QSO_48.4198222-18.2383728,55411.73774900003,19.333,0.387,W1
QSO_48.4198222-18.2383728,55411.80392349999,18.978,,W1
QSO_48.4198222-18.2383728,55411.869952,19.045,0.268,W1
QSO_48.4198222-18.2383728,55412.0021915,19.017000000000003,0.277,W1
QSO_48.4198222-18.2383728,55585.77401949999,18.742,0.223,W1
QSO_48.4198222-18.2383728,55585.77416550001,19.327,0.42,W1
QSO_48.4198222-18.2383728,55585.90625899999,18.956000000000003,0.285,W1
QSO_48.4198222-18.2383728,55586.03846199996,19.292,0.372,W1
QSO_48.4198222-18.2383728,55586.10449049997,19.356,0.355,W1
QSO_48.4198222-18.2383728,55586.17055550001,19.079,0.297,W1
QSO_48.4198222-18.2383728,55586.236729999975,19.707,,W1
QSO_48.4198222-18.2383728,55586.30275849999,19.015,0.276,W1
QSO_48.4198222-18.2383728,55586.368787,19.034,0.295,W1
QSO_48.4198222-18.2383728,55586.76532300002,18.855,0.239,W1
QSO_48.4198222-18.2383728,56684.076840999965,19.012,0.324,W1
QSO_48.4198222-18.2383728,56684.405925000014,18.797,0.235,W1
QSO_48.4198222-18.2383728,56873.55691850004,18.835,0.286,W1
QSO_48.4198222-18.2383728,57045.12502320155,18.774,0.215,W1
QSO_48.4198222-18.2383728,57045.19068670369,18.845,0.252,W1
QSO_48.4198222-18.2383728,57045.78151222238,19.254,0.339,W1
QSO_48.4198222-18.2383728,57234.87705664452,18.778,0.224,W1
QSO_48.4198222-18.2383728,57235.27038065696,18.716,0.264,W1
QSO_48.4198222-18.2383728,57235.33593465909,19.128,0.296,W1
QSO_48.4198222-18.2383728,57235.40159816114,18.999,0.262,W1
QSO_48.4198222-18.2383728,57235.46711566324,18.67,0.209,W1
QSO_48.4198222-18.2383728,57235.72925867153,18.494,0.176,W1
QSO_48.4198222-18.2383728,57407.711150223295,19.028,0.276,W1
QSO_48.4198222-18.2383728,57408.30231344201,19.362,0.411,W1
QSO_48.4198222-18.2383728,57408.302459842045,19.363,0.392,W1
QSO_48.4198222-18.2383728,57602.58342778581,18.928,0.261,W1
QSO_48.4198222-18.2383728,57602.71471198992,18.607,0.215,W1
QSO_48.4198222-18.2383728,57769.41723500004,19.166,0.31,W1
QSO_48.4198222-18.2383728,57769.61360499996,18.700000000000003,0.243,W1
QSO_48.4198222-18.2383728,57769.61371449996,18.987,0.255,W1
QSO_48.4198222-18.2383728,57769.80993850002,18.966,0.252,W1
QSO_48.4198222-18.2383728,57769.9409005,19.173,0.318,W1
QSO_48.4198222-18.2383728,57770.00641800002,19.338,0.344,W1
QSO_48.4198222-18.2383728,57967.07291099998,18.882,0.252,W1
QSO_48.4198222-18.2383728,57967.33454299997,19.688,0.514,W1
QSO_48.4198222-18.2383728,57967.59628449996,19.151000000000003,0.317,W1
QSO_48.4198222-18.2383728,58129.72578049997,18.246,0.263,W1
QSO_48.4198222-18.2383728,58330.54454649998,18.985,0.272,W1
QSO_48.4198222-18.2383728,58331.06781050003,18.573,0.227,W1
QSO_48.4198222-18.2383728,58334.86103650004,18.542,0.191,W1
QSO_48.4198222-18.2383728,58490.51225700002,18.989,0.241,W1
QSO_48.4198222-18.2383728,58490.96996700002,18.862,0.225,W1
QSO_48.4198222-18.2383728,58491.10067349997,19.276000000000003,0.324,W1
QSO_48.4198222-18.2383728,58697.4688995,19.012,0.269,W1
QSO_48.4198222-18.2383728,58697.79564750002,18.885,0.272,W1
QSO_48.4198222-18.2383728,58697.861055500034,18.963,0.285,W1
QSO_48.4198222-18.2383728,58857.7984204,18.939,0.251,W1
QSO_48.4198222-18.2383728,58857.864007600016,18.694,0.229,W1
QSO_48.4198222-18.2383728,58858.12610019997,18.744,0.213,W1
QSO_48.4198222-18.2383728,59061.97723,18.575,0.24,W1
QSO_48.4198222-18.2383728,59062.23932260004,18.5,0.292,W1
QSO_48.4198222-18.2383728,59062.63244319999,18.882,0.268,W1
QSO_48.4198222-18.2383728,59222.38395000003,18.880000000000003,0.24,W1
QSO_48.4198222-18.2383728,59222.64532649998,18.704,0.203,W1
QSO_48.4198222-18.2383728,59222.71058849996,18.618,0.23,W1
QSO_48.4198222-18.2383728,59222.84125849997,18.714,0.236,W1
QSO_48.4198222-18.2383728,59222.971965,19.119,0.323,W1
QSO_48.4198222-18.2383728,59426.1672095,18.622,0.215,W1
QSO_48.4198222-18.2383728,59426.167319,18.748,0.264,W1
QSO_48.4198222-18.2383728,59429.43333899997,18.675,0.249,W1
QSO_48.4198222-18.2383728,59429.9558365,18.989,0.264,W1
QSO_48.4198222-18.2383728,59586.50539499997,18.91,0.306,W1
QSO_48.4198222-18.2383728,59793.66614550003,19.172,0.354,W1
QSO_48.4198222-18.2383728,59793.731298000006,18.491,0.194,W1
QSO_48.4198222-18.2383728,59793.86160299997,19.001,0.277,W1
QSO_48.4198222-18.2383728,59793.92675550003,18.548,0.297,W1
QSO_48.4198222-18.2383728,59794.05717,18.76,0.349,W1
QSO_48.4198222-18.2383728,59953.465262500016,18.829,0.231,W1
QSO_48.4198222-18.2383728,59953.79062350002,19.094,0.3,W1
QSO_48.4198222-18.2383728,60157.17898950001,18.873,0.263,W1
QSO_48.4198222-18.2383728,60157.37331549997,18.509,0.187,W1
QSO_48.4198222-18.2383728,60157.50285399999,18.385,0.167,W1
QSO_48.4198222-18.2383728,60157.69728950003,18.939,,W1
QSO_48.4198222-18.2383728,60316.75749459999,19.374,,W1
QSO_48.4198222-18.2383728,60317.597976999976,18.957,0.259,W1
QSO_48.4198222-18.2383728,60317.7272482,18.725,0.268,W1
QSO_48.4198222-18.2383728,60317.856629200025,19.078000000000003,0.299,W1
QSO_48.4198222-18.2383728,55219.57539599997,18.275,,W2
QSO_48.4198222-18.2383728,55222.08812899999,18.384,,W2
QSO_48.4198222-18.2383728,55222.35253500002,18.841,,W2
QSO_48.4198222-18.2383728,55222.41870949998,18.409,0.386,W2
QSO_48.4198222-18.2383728,55222.48488400003,18.109,,W2
QSO_48.4198222-18.2383728,55222.55091250004,18.83,,W2
QSO_48.4198222-18.2383728,55222.68326149996,18.698,0.41,W2
QSO_48.4198222-18.2383728,55408.63094199997,18.556,,W2
QSO_48.4198222-18.2383728,55408.63105149997,18.881,0.492,W2
QSO_48.4198222-18.2383728,55408.76314500002,18.908,,W2
QSO_48.4198222-18.2383728,55408.895348,18.652,,W2
QSO_48.4198222-18.2383728,55409.02758749999,18.926,,W2
QSO_48.4198222-18.2383728,55409.35816799999,18.857,,W2
QSO_48.4198222-18.2383728,55409.42423300003,18.84,,W2
QSO_48.4198222-18.2383728,55409.49037099996,18.861,0.486,W2
QSO_48.4198222-18.2383728,55409.62246450001,19.11,,W2
QSO_48.4198222-18.2383728,55409.622610499966,18.793,,W2
QSO_48.4198222-18.2383728,55409.75466749999,18.393,,W2
QSO_48.4198222-18.2383728,55411.40727799996,18.624,,W2
QSO_48.4198222-18.2383728,55411.473343,19.105,,W2
QSO_48.4198222-18.2383728,55411.539517499965,18.912,0.529,W2
QSO_48.4198222-18.2383728,55411.60554599998,18.743,,W2
QSO_48.4198222-18.2383728,55411.67172050002,18.444,,W2
QSO_48.4198222-18.2383728,55411.73774900003,18.99,,W2
QSO_48.4198222-18.2383728,55411.80392349999,18.679,,W2
QSO_48.4198222-18.2383728,55411.869952,18.334,,W2
QSO_48.4198222-18.2383728,55412.0021915,18.575,,W2
QSO_48.4198222-18.2383728,55585.77401949999,18.588,0.445,W2
QSO_48.4198222-18.2383728,55585.77416550001,18.659,,W2
QSO_48.4198222-18.2383728,55585.90625899999,18.373,,W2
QSO_48.4198222-18.2383728,55586.03846199996,18.755,,W2
QSO_48.4198222-18.2383728,55586.10449049997,18.774,0.425,W2
QSO_48.4198222-18.2383728,55586.17055550001,18.236,,W2
QSO_48.4198222-18.2383728,55586.236729999975,18.047,,W2
QSO_48.4198222-18.2383728,55586.30275849999,18.984,,W2
QSO_48.4198222-18.2383728,55586.368787,18.476,,W2
QSO_48.4198222-18.2383728,55586.76532300002,18.435,,W2
QSO_48.4198222-18.2383728,56684.076840999965,18.356,,W2
QSO_48.4198222-18.2383728,56684.405925000014,18.547,,W2
QSO_48.4198222-18.2383728,56873.55691850004,18.666,0.507,W2
QSO_48.4198222-18.2383728,57045.12502320155,18.714,,W2
QSO_48.4198222-18.2383728,57045.19068670369,18.861,,W2
QSO_48.4198222-18.2383728,57045.78151222238,18.63,,W2
QSO_48.4198222-18.2383728,57234.87705664452,18.826,0.518,W2
QSO_48.4198222-18.2383728,57235.27038065696,18.308,,W2
QSO_48.4198222-18.2383728,57235.33593465909,18.046,,W2
QSO_48.4198222-18.2383728,57235.40159816114,18.232,0.347,W2
QSO_48.4198222-18.2383728,57235.46711566324,18.414,,W2
QSO_48.4198222-18.2383728,57235.72925867153,17.637999999999998,,W2
QSO_48.4198222-18.2383728,57407.711150223295,18.585,0.391,W2
QSO_48.4198222-18.2383728,57408.30231344201,18.521,0.374,W2
QSO_48.4198222-18.2383728,57408.302459842045,18.089,,W2
QSO_48.4198222-18.2383728,57602.58342778581,17.480999999999998,,W2
QSO_48.4198222-18.2383728,57602.71471198992,18.036,,W2
QSO_48.4198222-18.2383728,57769.41723500004,17.953,,W2
QSO_48.4198222-18.2383728,57769.61360499996,18.594,,W2
QSO_48.4198222-18.2383728,57769.61371449996,18.627,,W2
QSO_48.4198222-18.2383728,57769.80993850002,18.55,,W2
QSO_48.4198222-18.2383728,57769.9409005,18.895,,W2
QSO_48.4198222-18.2383728,57770.00641800002,18.745,,W2
QSO_48.4198222-18.2383728,57967.07291099998,18.859,,W2
QSO_48.4198222-18.2383728,57967.33454299997,18.297,0.433,W2
QSO_48.4198222-18.2383728,57967.59628449996,18.044,,W2
QSO_48.4198222-18.2383728,58129.72578049997,18.213,,W2
QSO_48.4198222-18.2383728,58330.54454649998,17.948,,W2
QSO_48.4198222-18.2383728,58331.06781050003,18.374,,W2
QSO_48.4198222-18.2383728,58334.86103650004,18.6,,W2
QSO_48.4198222-18.2383728,58490.51225700002,17.926,,W2
QSO_48.4198222-18.2383728,58490.96996700002,18.39,,W2
QSO_48.4198222-18.2383728,58491.10067349997,17.497,,W2
QSO_48.4198222-18.2383728,58697.4688995,18.887,,W2
QSO_48.4198222-18.2383728,58697.79564750002,17.846,,W2
QSO_48.4198222-18.2383728,58697.861055500034,18.116,0.353,W2
QSO_48.4198222-18.2383728,58857.7984204,18.567,,W2
QSO_48.4198222-18.2383728,58857.864007600016,18.682,,W2
QSO_48.4198222-18.2383728,58858.12610019997,18.194,,W2
QSO_48.4198222-18.2383728,59061.97723,18.773,,W2
QSO_48.4198222-18.2383728,59062.23932260004,18.543,,W2
QSO_48.4198222-18.2383728,59062.63244319999,18.251,,W2
QSO_48.4198222-18.2383728,59222.38395000003,18.224,,W2
QSO_48.4198222-18.2383728,59222.64532649998,18.8,,W2
QSO_48.4198222-18.2383728,59222.71058849996,18.09,,W2
QSO_48.4198222-18.2383728,59222.84125849997,17.919999999999998,,W2
QSO_48.4198222-18.2383728,59222.971965,18.456,0.336,W2
QSO_48.4198222-18.2383728,59426.1672095,18.73,,W2
QSO_48.4198222-18.2383728,59426.167319,18.836,,W2
QSO_48.4198222-18.2383728,59429.43333899997,18.206,,W2
QSO_48.4198222-18.2383728,59429.9558365,18.063,,W2
QSO_48.4198222-18.2383728,59586.50539499997,17.055,0.4,W2
QSO_48.4198222-18.2383728,59793.66614550003,18.563,,W2
QSO_48.4198222-18.2383728,59793.731298000006,18.401,,W2
QSO_48.4198222-18.2383728,59793.86160299997,18.463,,W2
QSO_48.4198222-18.2383728,59793.92675550003,18.328,,W2
QSO_48.4198222-18.2383728,59794.05717,18.37,,W2
QSO_48.4198222-18.2383728,59953.465262500016,18.878,,W2
QSO_48.4198222-18.2383728,59953.79062350002,18.657,,W2
QSO_48.4198222-18.2383728,60157.17898950001,18.577,,W2
QSO_48.4198222-18.2383728,60157.37331549997,18.354,,W2
QSO_48.4198222-18.2383728,60157.50285399999,18.651,,W2
QSO_48.4198222-18.2383728,60157.69728950003,18.462,,W2
QSO_48.4198222-18.2383728,60316.75749459999,18.281,0.466,W2
QSO_48.4198222-18.2383728,60317.597976999976,18.519,0.48,W2
QSO_48.4198222-18.2383728,60317.7272482,18.218,,W2
QSO_48.4198222-18.2383728,60317.856629200025,17.923,,W2
QSO_48.4810553-18.1848909,55219.57539599997,18.734,0.221,W1
QSO_48.4810553-18.1848909,55222.08812899999,19.009,0.294,W1
QSO_48.4810553-18.1848909,55222.35253500002,18.846,0.284,W1
QSO_48.4810553-18.1848909,55222.41870949998,18.811,0.25,W1
QSO_48.4810553-18.1848909,55222.48488400003,19.239,0.418,W1
QSO_48.4810553-18.1848909,55222.55091250004,19.266,0.345,W1
QSO_48.4810553-18.1848909,55222.55105849999,19.148000000000003,0.294,W1
QSO_48.4810553-18.1848909,55222.68326149996,18.773000000000003,0.224,W1
QSO_48.4810553-18.1848909,55408.76314500002,19.104,0.324,W1
QSO_48.4810553-18.1848909,55408.895348,19.37,0.392,W1
QSO_48.4810553-18.1848909,55409.02758749999,18.741,0.243,W1
QSO_48.4810553-18.1848909,55409.35816799999,19.183,0.3,W1
QSO_48.4810553-18.1848909,55409.42423300003,19.31,0.374,W1
QSO_48.4810553-18.1848909,55409.49026150004,18.607,0.187,W1
QSO_48.4810553-18.1848909,55409.49037099996,19.583,0.468,W1
QSO_48.4810553-18.1848909,55409.62246450001,19.022,0.296,W1
QSO_48.4810553-18.1848909,55409.75466749999,19.361,0.384,W1
QSO_48.4810553-18.1848909,55409.88690699999,19.264000000000003,0.349,W1
QSO_48.4810553-18.1848909,55411.40727799996,19.245,,W1
QSO_48.4810553-18.1848909,55411.539517499965,19.547,0.425,W1
QSO_48.4810553-18.1848909,55411.60554599998,18.846,0.233,W1
QSO_48.4810553-18.1848909,55411.67172050002,19.285,0.334,W1
QSO_48.4810553-18.1848909,55411.73774900003,19.102,0.318,W1
QSO_48.4810553-18.1848909,55411.80392349999,19.177,0.363,W1
QSO_48.4810553-18.1848909,55411.869952,19.381,0.364,W1
QSO_48.4810553-18.1848909,55411.93612649997,19.311,,W1
QSO_48.4810553-18.1848909,55412.0021915,18.848,,W1
QSO_48.4810553-18.1848909,55585.77401949999,19.204,0.357,W1
QSO_48.4810553-18.1848909,55585.77416550001,18.912,0.258,W1
QSO_48.4810553-18.1848909,55585.90625899999,18.604,0.191,W1
QSO_48.4810553-18.1848909,55586.03846199996,18.862,,W1
QSO_48.4810553-18.1848909,55586.17055550001,18.989,0.267,W1
QSO_48.4810553-18.1848909,55586.17066500001,19.231,0.335,W1
QSO_48.4810553-18.1848909,55586.236729999975,19.092,,W1
QSO_48.4810553-18.1848909,55586.30275849999,18.897,0.248,W1
QSO_48.4810553-18.1848909,55586.368787,19.259,0.352,W1
QSO_48.4810553-18.1848909,55586.76532300002,19.68,0.504,W1
QSO_48.4810553-18.1848909,55586.897526,18.861,0.253,W1
QSO_48.4810553-18.1848909,56684.20842350003,18.622,0.262,W1
QSO_48.4810553-18.1848909,56684.405925000014,19.464,0.512,W1
QSO_48.4810553-18.1848909,56684.603426500005,19.475,0.428,W1
QSO_48.4810553-18.1848909,56873.55677250001,18.805,0.224,W1
QSO_48.4810553-18.1848909,56873.55691850004,19.026000000000003,0.429,W1
QSO_48.4810553-18.1848909,56873.688354999984,19.6,0.482,W1
QSO_48.4810553-18.1848909,56873.88545499999,19.266,0.534,W1
QSO_48.4810553-18.1848909,56873.88560100002,18.584,0.19,W1
QSO_48.4810553-18.1848909,56874.54296599998,18.453,0.209,W1
QSO_48.4810553-18.1848909,57044.92803269531,18.117,0.206,W1
QSO_48.4810553-18.1848909,57045.19068670369,18.558,0.289,W1
QSO_48.4810553-18.1848909,57045.78151222238,18.9,0.272,W1
QSO_48.4810553-18.1848909,57235.40159816114,18.754,0.276,W1
QSO_48.4810553-18.1848909,57235.66374116943,18.86,0.255,W1
QSO_48.4810553-18.1848909,57235.72925867153,18.277,,W1
QSO_48.4810553-18.1848909,57408.105295635774,18.958,0.268,W1
QSO_48.4810553-18.1848909,57408.302459842045,18.969,0.255,W1
QSO_48.4810553-18.1848909,57602.58342778581,19.187,0.345,W1
QSO_48.4810553-18.1848909,57602.9115833962,19.083,0.354,W1
QSO_48.4810553-18.1848909,57603.04290420034,18.555,0.202,W1
QSO_48.4810553-18.1848909,57603.43679341277,18.742,0.212,W1
QSO_48.4810553-18.1848909,57769.286419,18.988,0.251,W1
QSO_48.4810553-18.1848909,57769.548197000026,19.134,0.312,W1
QSO_48.4810553-18.1848909,57769.80993850002,19.128,0.345,W1
QSO_48.4810553-18.1848909,57769.810084499964,18.881,0.252,W1
QSO_48.4810553-18.1848909,57769.9409005,18.845,0.25,W1
QSO_48.4810553-18.1848909,57770.00641800002,18.938,0.373,W1
QSO_48.4810553-18.1848909,57967.00750299997,18.493,0.223,W1
QSO_48.4810553-18.1848909,58129.529556500005,19.072000000000003,0.344,W1
QSO_48.4810553-18.1848909,58129.72578049997,19.017000000000003,0.299,W1
QSO_48.4810553-18.1848909,58330.54454649998,18.591,,W1
QSO_48.4810553-18.1848909,58330.9369945,18.384,0.188,W1
QSO_48.4810553-18.1848909,58490.51225700002,18.883000000000003,0.445,W1
QSO_48.4810553-18.1848909,58490.83915099999,19.652,0.511,W1
QSO_48.4810553-18.1848909,58697.46875349996,19.013,0.323,W1
QSO_48.4810553-18.1848909,58697.4688995,19.344,0.377,W1
QSO_48.4810553-18.1848909,58697.7302395,18.942,0.313,W1
QSO_48.4810553-18.1848909,58698.44936249998,19.319000000000003,0.384,W1
QSO_48.4810553-18.1848909,58857.7984204,18.837000000000003,0.234,W1
QSO_48.4810553-18.1848909,59062.63244319999,18.682,0.217,W1
QSO_48.4810553-18.1848909,59222.51462000003,18.813,0.221,W1
QSO_48.4810553-18.1848909,59222.57991849996,19.289,0.425,W1
QSO_48.4810553-18.1848909,59222.64532649998,18.808,0.259,W1
QSO_48.4810553-18.1848909,59222.84125849997,19.201,0.312,W1
QSO_48.4810553-18.1848909,59426.1672095,18.595,0.327,W1
QSO_48.4810553-18.1848909,59426.2978795,18.64,0.23,W1
QSO_48.4810553-18.1848909,59426.42844,19.053,0.331,W1
QSO_48.4810553-18.1848909,59429.9558365,18.896,0.266,W1
QSO_48.4810553-18.1848909,59430.02109849999,18.443,0.192,W1
QSO_48.4810553-18.1848909,59430.15165899998,19.296,0.413,W1
QSO_48.4810553-18.1848909,59793.92675550003,18.117,,W1
QSO_48.4810553-18.1848909,59953.33521300001,18.859,0.243,W1
QSO_48.4810553-18.1848909,60157.17898950001,19.109,0.328,W1
QSO_48.4810553-18.1848909,60157.63253850004,18.878,0.248,W1
QSO_48.4810553-18.1848909,60157.69728950003,18.925,0.265,W1
QSO_48.4810553-18.1848909,60157.76207699997,19.155,0.39,W1
QSO_48.4810553-18.1848909,60317.14538140003,18.737,0.219,W1
QSO_48.4810553-18.1848909,60317.274762399975,18.624,0.362,W1
QSO_48.4810553-18.1848909,60317.7272482,18.987,0.344,W1
QSO_48.4810553-18.1848909,60317.856629200025,18.715,0.222,W1
QSO_48.4810553-18.1848909,55219.57539599997,18.3,,W2
QSO_48.4810553-18.1848909,55222.08812899999,18.669,,W2
QSO_48.4810553-18.1848909,55222.35253500002,18.612,,W2
QSO_48.4810553-18.1848909,55222.41870949998,18.475,,W2
QSO_48.4810553-18.1848909,55222.48488400003,18.295,,W2
QSO_48.4810553-18.1848909,55222.55091250004,18.981,,W2
QSO_48.4810553-18.1848909,55222.55105849999,18.524,,W2
QSO_48.4810553-18.1848909,55222.68326149996,18.686,,W2
QSO_48.4810553-18.1848909,55408.76314500002,18.651,,W2
QSO_48.4810553-18.1848909,55408.895348,18.512,,W2
QSO_48.4810553-18.1848909,55409.02758749999,18.505,0.37,W2
QSO_48.4810553-18.1848909,55409.35816799999,18.237,,W2
QSO_48.4810553-18.1848909,55409.42423300003,18.471,,W2
QSO_48.4810553-18.1848909,55409.49026150004,18.54,,W2
QSO_48.4810553-18.1848909,55409.49037099996,18.555,,W2
QSO_48.4810553-18.1848909,55409.62246450001,18.789,0.428,W2
QSO_48.4810553-18.1848909,55409.75466749999,18.503,,W2
QSO_48.4810553-18.1848909,55409.88690699999,18.507,,W2
QSO_48.4810553-18.1848909,55411.40727799996,18.657,0.396,W2
QSO_48.4810553-18.1848909,55411.539517499965,18.239,,W2
QSO_48.4810553-18.1848909,55411.60554599998,18.583,,W2
QSO_48.4810553-18.1848909,55411.67172050002,18.644,,W2
QSO_48.4810553-18.1848909,55411.73774900003,17.987,,W2
QSO_48.4810553-18.1848909,55411.80392349999,18.414,,W2
QSO_48.4810553-18.1848909,55411.869952,18.217,,W2
QSO_48.4810553-18.1848909,55411.93612649997,18.524,,W2
QSO_48.4810553-18.1848909,55412.0021915,18.739,0.441,W2
QSO_48.4810553-18.1848909,55585.77401949999,18.581,,W2
QSO_48.4810553-18.1848909,55585.77416550001,18.99,,W2
QSO_48.4810553-18.1848909,55585.90625899999,18.404,,W2
QSO_48.4810553-18.1848909,55586.03846199996,18.266,,W2
QSO_48.4810553-18.1848909,55586.17055550001,18.003,,W2
QSO_48.4810553-18.1848909,55586.17066500001,18.467,,W2
QSO_48.4810553-18.1848909,55586.236729999975,18.477,0.397,W2
QSO_48.4810553-18.1848909,55586.30275849999,18.168,,W2
QSO_48.4810553-18.1848909,55586.368787,18.448,,W2
QSO_48.4810553-18.1848909,55586.76532300002,18.628,0.448,W2
QSO_48.4810553-18.1848909,55586.897526,18.949,0.531,W2
QSO_48.4810553-18.1848909,56684.20842350003,18.2,,W2
QSO_48.4810553-18.1848909,56684.405925000014,18.712,,W2
QSO_48.4810553-18.1848909,56684.603426500005,18.15,0.468,W2
QSO_48.4810553-18.1848909,56873.55677250001,18.179,,W2
QSO_48.4810553-18.1848909,56873.55691850004,18.752,0.537,W2
QSO_48.4810553-18.1848909,56873.688354999984,17.971999999999998,,W2
QSO_48.4810553-18.1848909,56873.88545499999,18.472,0.441,W2
QSO_48.4810553-18.1848909,56873.88560100002,18.335,,W2
QSO_48.4810553-18.1848909,56874.54296599998,18.99,,W2
QSO_48.4810553-18.1848909,57044.92803269531,18.354,,W2
QSO_48.4810553-18.1848909,57045.19068670369,17.236,0.278,W2
QSO_48.4810553-18.1848909,57045.78151222238,18.472,,W2
QSO_48.4810553-18.1848909,57235.40159816114,18.603,0.49,W2
QSO_48.4810553-18.1848909,57235.66374116943,18.599,,W2
QSO_48.4810553-18.1848909,57235.72925867153,18.327,,W2
QSO_48.4810553-18.1848909,57408.105295635774,18.635,,W2
QSO_48.4810553-18.1848909,57408.302459842045,18.314,,W2
QSO_48.4810553-18.1848909,57602.58342778581,18.57,,W2
QSO_48.4810553-18.1848909,57602.9115833962,18.499,0.373,W2
QSO_48.4810553-18.1848909,57603.04290420034,17.910999999999998,,W2
QSO_48.4810553-18.1848909,57603.43679341277,18.201,,W2
QSO_48.4810553-18.1848909,57769.286419,18.247,,W2
QSO_48.4810553-18.1848909,57769.548197000026,18.678,,W2
QSO_48.4810553-18.1848909,57769.80993850002,18.638,0.509,W2
QSO_48.4810553-18.1848909,57769.810084499964,18.876,,W2
QSO_48.4810553-18.1848909,57769.9409005,18.13,,W2
QSO_48.4810553-18.1848909,57770.00641800002,19.027,,W2
QSO_48.4810553-18.1848909,57967.00750299997,18.868,,W2
QSO_48.4810553-18.1848909,58129.529556500005,18.709,,W2
QSO_48.4810553-18.1848909,58129.72578049997,18.506,,W2
QSO_48.4810553-18.1848909,58330.54454649998,18.255,,W2
QSO_48.4810553-18.1848909,58330.9369945,17.873,,W2
QSO_48.4810553-18.1848909,58490.51225700002,17.707,,W2
QSO_48.4810553-18.1848909,58490.83915099999,18.333,,W2
QSO_48.4810553-18.1848909,58697.46875349996,18.373,0.374,W2
QSO_48.4810553-18.1848909,58697.4688995,18.326,0.34,W2
QSO_48.4810553-18.1848909,58697.7302395,18.204,,W2
QSO_48.4810553-18.1848909,58698.44936249998,17.892,,W2
QSO_48.4810553-18.1848909,58857.7984204,18.333,,W2
QSO_48.4810553-18.1848909,59062.63244319999,18.495,0.49,W2
QSO_48.4810553-18.1848909,59222.51462000003,18.657,,W2
QSO_48.4810553-18.1848909,59222.57991849996,18.712,0.496,W2
QSO_48.4810553-18.1848909,59222.64532649998,18.472,,W2
QSO_48.4810553-18.1848909,59222.84125849997,18.616,0.399,W2
QSO_48.4810553-18.1848909,59426.1672095,18.833,,W2
QSO_48.4810553-18.1848909,59426.2978795,18.651,,W2
QSO_48.4810553-18.1848909,59426.42844,18.152,,W2
QSO_48.4810553-18.1848909,59429.9558365,18.164,,W2
QSO_48.4810553-18.1848909,59430.02109849999,18.093,,W2
QSO_48.4810553-18.1848909,59430.15165899998,18.12,0.277,W2
QSO_48.4810553-18.1848909,59793.92675550003,18.831,,W2
QSO_48.4810553-18.1848909,59953.33521300001,18.775,,W2
QSO_48.4810553-18.1848909,60157.17898950001,18.064,0.363,W2
QSO_48.4810553-18.1848909,60157.63253850004,18.668,0.503,W2
QSO_48.4810553-18.1848909,60157.69728950003,18.743,0.522,W2
QSO_48.4810553-18.1848909,60157.76207699997,18.124,,W2
QSO_48.4810553-18.1848909,60317.14538140003,18.025,,W2
QSO_48.4810553-18.1848909,60317.274762399975,17.858,,W2
QSO_48.4810553-18.1848909,60317.7272482,18.477,,W2
QSO_48.4810553-18.1848909,60317.856629200025,18.526,,W2
QSO_48.3976342-18.2497434,55219.57539599997,18.849,0.235,W1
QSO_48.3976342-18.2497434,55219.57539599997,18.69,0.203,W1
QSO_48.3976342-18.2497434,55222.08812899999,19.363,0.356,W1
QSO_48.3976342-18.2497434,55222.08812899999,19.17,0.298,W1
QSO_48.3976342-18.2497434,55222.35253500002,19.558,0.477,W1
QSO_48.3976342-18.2497434,55222.35253500002,18.563,0.191,W1
QSO_48.3976342-18.2497434,55222.41870949998,18.71,0.22,W1
QSO_48.3976342-18.2497434,55222.41870949998,18.71,0.223,W1
QSO_48.3976342-18.2497434,55222.48488400003,19.037,0.286,W1
QSO_48.3976342-18.2497434,55222.48488400003,19.164,0.322,W1
QSO_48.3976342-18.2497434,55222.55091250004,18.962000000000003,,W1
QSO_48.3976342-18.2497434,55222.55091250004,19.697000000000003,0.543,W1
QSO_48.3976342-18.2497434,55222.68326149996,19.115,0.307,W1
QSO_48.3976342-18.2497434,55222.68326149996,19.121,0.309,W1
QSO_48.3976342-18.2497434,55408.63094199997,18.821,0.249,W1
QSO_48.3976342-18.2497434,55408.63094199997,18.792,0.273,W1
QSO_48.3976342-18.2497434,55408.63105149997,18.902,,W1
QSO_48.3976342-18.2497434,55408.63105149997,18.853,,W1
QSO_48.3976342-18.2497434,55408.76314500002,18.75,0.208,W1
QSO_48.3976342-18.2497434,55408.76314500002,18.744,0.206,W1
QSO_48.3976342-18.2497434,55408.895348,19.418,0.381,W1
QSO_48.3976342-18.2497434,55408.895348,19.289,0.338,W1
QSO_48.3976342-18.2497434,55408.96152250004,19.222,0.327,W1
QSO_48.3976342-18.2497434,55408.96152250004,19.222,0.328,W1
QSO_48.3976342-18.2497434,55409.02758749999,19.297,,W1
QSO_48.3976342-18.2497434,55409.02758749999,18.929,0.355,W1
QSO_48.3976342-18.2497434,55409.35816799999,19.59,0.5,W1
QSO_48.3976342-18.2497434,55409.35816799999,19.622,0.515,W1
QSO_48.3976342-18.2497434,55409.42423300003,18.91,0.245,W1
QSO_48.3976342-18.2497434,55409.42423300003,18.901000000000003,0.243,W1
QSO_48.3976342-18.2497434,55409.49037099996,19.221,0.337,W1
QSO_48.3976342-18.2497434,55409.49037099996,19.103,0.302,W1
QSO_48.3976342-18.2497434,55409.62246450001,19.304,0.351,W1
QSO_48.3976342-18.2497434,55409.62246450001,19.304,0.354,W1
QSO_48.3976342-18.2497434,55409.622610499966,19.256,0.341,W1
QSO_48.3976342-18.2497434,55409.622610499966,19.255000000000003,0.344,W1
QSO_48.3976342-18.2497434,55409.75466749999,19.007,0.318,W1
QSO_48.3976342-18.2497434,55409.75466749999,19.009,0.318,W1
QSO_48.3976342-18.2497434,55411.40727799996,19.361,0.42,W1
QSO_48.3976342-18.2497434,55411.40727799996,19.401000000000003,0.436,W1
QSO_48.3976342-18.2497434,55411.473343,19.008000000000003,,W1
QSO_48.3976342-18.2497434,55411.473343,19.436,,W1
QSO_48.3976342-18.2497434,55411.539517499965,18.938,0.27,W1
QSO_48.3976342-18.2497434,55411.539517499965,18.806,0.239,W1
QSO_48.3976342-18.2497434,55411.60554599998,19.672,0.493,W1
QSO_48.3976342-18.2497434,55411.60554599998,19.693,0.506,W1
QSO_48.3976342-18.2497434,55411.67172050002,18.504,0.18,W1
QSO_48.3976342-18.2497434,55411.67172050002,18.501,0.179,W1
QSO_48.3976342-18.2497434,55411.73774900003,19.54,0.424,W1
QSO_48.3976342-18.2497434,55411.73774900003,19.269,,W1
QSO_48.3976342-18.2497434,55411.80392349999,19.299,0.339,W1
QSO_48.3976342-18.2497434,55411.80392349999,19.486,,W1
QSO_48.3976342-18.2497434,55411.869952,19.033,0.33,W1
QSO_48.3976342-18.2497434,55411.869952,19.247,0.401,W1
QSO_48.3976342-18.2497434,55412.0021915,18.816000000000003,0.25,W1
QSO_48.3976342-18.2497434,55412.0021915,18.675,0.243,W1
QSO_48.3976342-18.2497434,55585.77401949999,19.356,0.371,W1
QSO_48.3976342-18.2497434,55585.77401949999,19.24,,W1
QSO_48.3976342-18.2497434,55585.77416550001,19.15,0.327,W1
QSO_48.3976342-18.2497434,55585.77416550001,19.685,0.535,W1
QSO_48.3976342-18.2497434,55585.90625899999,18.598,,W1
QSO_48.3976342-18.2497434,55585.90625899999,18.43,,W1
QSO_48.3976342-18.2497434,55586.03846199996,18.878,0.242,W1
QSO_48.3976342-18.2497434,55586.03846199996,19.163,0.336,W1
QSO_48.3976342-18.2497434,55586.10449049997,18.848,,W1
QSO_48.3976342-18.2497434,55586.10449049997,18.874,,W1
QSO_48.3976342-18.2497434,55586.17055550001,18.875,0.244,W1
QSO_48.3976342-18.2497434,55586.17055550001,19.249,0.345,W1
QSO_48.3976342-18.2497434,55586.236729999975,19.304,,W1
QSO_48.3976342-18.2497434,55586.236729999975,19.283,,W1
QSO_48.3976342-18.2497434,55586.30275849999,19.268,,W1
QSO_48.3976342-18.2497434,55586.30275849999,19.237,0.342,W1
QSO_48.3976342-18.2497434,55586.368787,18.57,0.185,W1
QSO_48.3976342-18.2497434,55586.368787,18.56,0.184,W1
QSO_48.3976342-18.2497434,55586.76532300002,19.18,0.317,W1
QSO_48.3976342-18.2497434,55586.76532300002,19.173,0.315,W1
QSO_48.3976342-18.2497434,56684.076840999965,19.044,0.296,W1
QSO_48.3976342-18.2497434,56873.42533599998,18.736,0.226,W1
QSO_48.3976342-18.2497434,56873.55691850004,19.209000000000003,0.345,W1
QSO_48.3976342-18.2497434,56873.688354999984,18.827,0.367,W1
QSO_48.3976342-18.2497434,56873.75401850004,18.706000000000003,0.222,W1
QSO_48.3976342-18.2497434,56873.88560100002,18.474,0.201,W1
QSO_48.3976342-18.2497434,56873.95126449999,18.781,0.236,W1
QSO_48.3976342-18.2497434,57235.20486315486,18.512,0.183,W1
QSO_48.3976342-18.2497434,57235.27038065696,18.152,0.279,W1
QSO_48.3976342-18.2497434,57235.33593465909,18.613,0.19,W1
QSO_48.3976342-18.2497434,57235.40159816114,19.136000000000003,0.355,W1
QSO_48.3976342-18.2497434,57235.46711566324,18.985,0.437,W1
QSO_48.3976342-18.2497434,57408.30231344201,19.051,0.332,W1
QSO_48.3976342-18.2497434,57602.9115833962,17.877000000000002,,W1
QSO_48.3976342-18.2497434,57603.174188404526,18.727,0.244,W1
QSO_48.3976342-18.2497434,57769.286419,18.991,0.266,W1
QSO_48.3976342-18.2497434,57769.548197000026,18.869,0.296,W1
QSO_48.3976342-18.2497434,57769.61360499996,18.406,0.263,W1
QSO_48.3976342-18.2497434,57769.61371449996,18.603,0.215,W1
QSO_48.3976342-18.2497434,57769.80993850002,18.913,0.246,W1
QSO_48.3976342-18.2497434,57967.138319000005,18.751,0.232,W1
QSO_48.3976342-18.2497434,58129.529556500005,18.512,0.231,W1
QSO_48.3976342-18.2497434,58331.00240250002,18.755000000000003,0.227,W1
QSO_48.3976342-18.2497434,58331.06781050003,19.253,0.371,W1
QSO_48.3976342-18.2497434,58331.13307250002,19.052,0.316,W1
QSO_48.3976342-18.2497434,58331.52552049996,19.748,0.539,W1
QSO_48.3976342-18.2497434,58334.86103650004,18.843,0.234,W1
QSO_48.3976342-18.2497434,58490.11995500002,18.859,0.223,W1
QSO_48.3976342-18.2497434,58490.38144099998,19.434,0.519,W1
QSO_48.3976342-18.2497434,58490.51225700002,18.573,0.184,W1
QSO_48.3976342-18.2497434,58697.7302395,18.796,0.468,W1
QSO_48.3976342-18.2497434,58858.12610019997,19.213,0.325,W1
QSO_48.3976342-18.2497434,58858.1262466,18.667,0.294,W1
QSO_48.3976342-18.2497434,59061.97723,18.49,0.189,W1
QSO_48.3976342-18.2497434,59062.17384520002,18.582,0.208,W1
QSO_48.3976342-18.2497434,59062.23932260004,18.922,0.264,W1
QSO_48.3976342-18.2497434,59222.71058849996,18.915,0.232,W1
QSO_48.3976342-18.2497434,59222.84125849997,19.122,0.299,W1
QSO_48.3976342-18.2497434,59429.43333899997,18.698,0.207,W1
QSO_48.3976342-18.2497434,59429.82512999997,18.849,0.267,W1
QSO_48.3976342-18.2497434,59586.30953600004,19.34,0.358,W1
QSO_48.3976342-18.2497434,59793.66614550003,18.978,0.258,W1
QSO_48.3976342-18.2497434,59794.05717,18.988,0.3,W1
QSO_48.3976342-18.2497434,59953.79062350002,18.856,0.254,W1
QSO_48.3976342-18.2497434,60156.919802999975,18.552,0.211,W1
QSO_48.3976342-18.2497434,60157.30852800003,19.002,0.345,W1
QSO_48.3976342-18.2497434,60157.43806649996,18.409,0.221,W1
QSO_48.3976342-18.2497434,60157.6323925,18.587,0.239,W1
QSO_48.3976342-18.2497434,60157.89161549999,19.132,0.348,W1
QSO_48.3976342-18.2497434,60317.14538140003,19.154,0.317,W1
QSO_48.3976342-18.2497434,60317.27465259997,18.787,0.244,W1
QSO_48.3976342-18.2497434,60317.7272482,19.027,0.276,W1
QSO_48.3976342-18.2497434,60317.856629200025,18.795,0.233,W1
QSO_48.3976342-18.2497434,55219.57539599997,18.914,,W2
QSO_48.3976342-18.2497434,55219.57539599997,18.907,,W2
QSO_48.3976342-18.2497434,55222.08812899999,17.926,,W2
QSO_48.3976342-18.2497434,55222.08812899999,17.928,,W2
QSO_48.3976342-18.2497434,55222.35253500002,18.241,,W2
QSO_48.3976342-18.2497434,55222.35253500002,18.225,,W2
QSO_48.3976342-18.2497434,55222.41870949998,18.353,,W2
QSO_48.3976342-18.2497434,55222.41870949998,18.356,,W2
QSO_48.3976342-18.2497434,55222.48488400003,18.555,,W2
QSO_48.3976342-18.2497434,55222.48488400003,18.583,,W2
QSO_48.3976342-18.2497434,55222.55091250004,18.336,,W2
QSO_48.3976342-18.2497434,55222.55091250004,18.327,,W2
QSO_48.3976342-18.2497434,55222.68326149996,18.655,,W2
QSO_48.3976342-18.2497434,55222.68326149996,18.646,,W2
QSO_48.3976342-18.2497434,55408.63094199997,19.039,,W2
QSO_48.3976342-18.2497434,55408.63094199997,19.039,,W2
QSO_48.3976342-18.2497434,55408.63105149997,18.942,,W2
QSO_48.3976342-18.2497434,55408.63105149997,18.942,,W2
QSO_48.3976342-18.2497434,55408.76314500002,18.685,,W2
QSO_48.3976342-18.2497434,55408.76314500002,18.721,,W2
QSO_48.3976342-18.2497434,55408.895348,19.062,,W2
QSO_48.3976342-18.2497434,55408.895348,19.062,,W2
QSO_48.3976342-18.2497434,55408.96152250004,18.917,,W2
QSO_48.3976342-18.2497434,55408.96152250004,18.901,,W2
QSO_48.3976342-18.2497434,55409.02758749999,18.802,,W2
QSO_48.3976342-18.2497434,55409.02758749999,18.811,,W2
QSO_48.3976342-18.2497434,55409.35816799999,18.926,,W2
QSO_48.3976342-18.2497434,55409.35816799999,18.968,,W2
QSO_48.3976342-18.2497434,55409.42423300003,18.893,0.455,W2
QSO_48.3976342-18.2497434,55409.42423300003,18.923,0.462,W2
QSO_48.3976342-18.2497434,55409.49037099996,18.255,,W2
QSO_48.3976342-18.2497434,55409.49037099996,18.237,,W2
QSO_48.3976342-18.2497434,55409.62246450001,18.364,,W2
QSO_48.3976342-18.2497434,55409.62246450001,18.358,,W2
QSO_48.3976342-18.2497434,55409.622610499966,18.856,,W2
QSO_48.3976342-18.2497434,55409.622610499966,18.836,,W2
QSO_48.3976342-18.2497434,55409.75466749999,18.826,,W2
QSO_48.3976342-18.2497434,55409.75466749999,18.815,,W2
QSO_48.3976342-18.2497434,55411.40727799996,18.768,,W2
QSO_48.3976342-18.2497434,55411.40727799996,18.749,,W2
QSO_48.3976342-18.2497434,55411.473343,19.011,,W2
QSO_48.3976342-18.2497434,55411.473343,19.021,,W2
QSO_48.3976342-18.2497434,55411.539517499965,19.021,,W2
QSO_48.3976342-18.2497434,55411.539517499965,19.03,,W2
QSO_48.3976342-18.2497434,55411.60554599998,18.68,,W2
QSO_48.3976342-18.2497434,55411.60554599998,18.685,,W2
QSO_48.3976342-18.2497434,55411.67172050002,19.091,0.531,W2
QSO_48.3976342-18.2497434,55411.67172050002,19.102,0.537,W2
QSO_48.3976342-18.2497434,55411.73774900003,18.129,0.27,W2
QSO_48.3976342-18.2497434,55411.73774900003,18.134,0.272,W2
QSO_48.3976342-18.2497434,55411.80392349999,19.155,,W2
QSO_48.3976342-18.2497434,55411.80392349999,19.155,,W2
QSO_48.3976342-18.2497434,55411.869952,18.363,,W2
QSO_48.3976342-18.2497434,55411.869952,18.343,,W2
QSO_48.3976342-18.2497434,55412.0021915,18.924,0.509,W2
QSO_48.3976342-18.2497434,55412.0021915,18.926,0.51,W2
QSO_48.3976342-18.2497434,55585.77401949999,19.03,,W2
QSO_48.3976342-18.2497434,55585.77401949999,19.03,,W2
QSO_48.3976342-18.2497434,55585.77416550001,18.42,,W2
QSO_48.3976342-18.2497434,55585.77416550001,18.423,,W2
QSO_48.3976342-18.2497434,55585.90625899999,18.943,0.523,W2
QSO_48.3976342-18.2497434,55585.90625899999,18.971,0.537,W2
QSO_48.3976342-18.2497434,55586.03846199996,18.866,,W2
QSO_48.3976342-18.2497434,55586.03846199996,18.869,,W2
QSO_48.3976342-18.2497434,55586.10449049997,19.073,,W2
QSO_48.3976342-18.2497434,55586.10449049997,19.073,,W2
QSO_48.3976342-18.2497434,55586.17055550001,18.835,,W2
QSO_48.3976342-18.2497434,55586.17055550001,18.831,,W2
QSO_48.3976342-18.2497434,55586.236729999975,18.667,,W2
QSO_48.3976342-18.2497434,55586.236729999975,18.66,,W2
QSO_48.3976342-18.2497434,55586.30275849999,18.665,,W2
QSO_48.3976342-18.2497434,55586.30275849999,18.652,,W2
QSO_48.3976342-18.2497434,55586.368787,18.235,,W2
QSO_48.3976342-18.2497434,55586.368787,18.218,,W2
QSO_48.3976342-18.2497434,55586.76532300002,18.743,,W2
QSO_48.3976342-18.2497434,55586.76532300002,18.74,,W2
QSO_48.3976342-18.2497434,56684.076840999965,18.906,,W2
QSO_48.3976342-18.2497434,56873.42533599998,18.432,,W2
QSO_48.3976342-18.2497434,56873.55691850004,18.166,,W2
QSO_48.3976342-18.2497434,56873.688354999984,17.732,,W2
QSO_48.3976342-18.2497434,56873.75401850004,18.698,,W2
QSO_48.3976342-18.2497434,56873.88560100002,18.508,,W2
QSO_48.3976342-18.2497434,56873.95126449999,18.535,0.433,W2
QSO_48.3976342-18.2497434,57235.20486315486,18.791,,W2
QSO_48.3976342-18.2497434,57235.27038065696,18.148,,W2
QSO_48.3976342-18.2497434,57235.33593465909,18.691,,W2
QSO_48.3976342-18.2497434,57235.40159816114,18.381,,W2
QSO_48.3976342-18.2497434,57235.46711566324,18.628,,W2
QSO_48.3976342-18.2497434,57408.30231344201,18.501,0.355,W2
QSO_48.3976342-18.2497434,57602.9115833962,19.013,,W2
QSO_48.3976342-18.2497434,57603.174188404526,18.512,,W2
QSO_48.3976342-18.2497434,57769.286419,18.492,,W2
QSO_48.3976342-18.2497434,57769.548197000026,18.7,,W2
QSO_48.3976342-18.2497434,57769.61360499996,18.768,,W2
QSO_48.3976342-18.2497434,57769.61371449996,19.015,,W2
QSO_48.3976342-18.2497434,57769.80993850002,18.471,,W2
QSO_48.3976342-18.2497434,57967.138319000005,18.313,0.376,W2
QSO_48.3976342-18.2497434,58129.529556500005,18.517,,W2
QSO_48.3976342-18.2497434,58331.00240250002,18.385,,W2
QSO_48.3976342-18.2497434,58331.06781050003,18.811,,W2
QSO_48.3976342-18.2497434,58331.13307250002,17.913999999999998,,W2
QSO_48.3976342-18.2497434,58331.52552049996,18.116,,W2
QSO_48.3976342-18.2497434,58334.86103650004,18.164,,W2
QSO_48.3976342-18.2497434,58490.11995500002,18.655,,W2
QSO_48.3976342-18.2497434,58490.38144099998,18.51,0.409,W2
QSO_48.3976342-18.2497434,58490.51225700002,17.849,,W2
QSO_48.3976342-18.2497434,58697.7302395,18.262,,W2
QSO_48.3976342-18.2497434,58858.12610019997,18.797,,W2
QSO_48.3976342-18.2497434,58858.1262466,18.961,,W2
QSO_48.3976342-18.2497434,59061.97723,17.87,0.364,W2
QSO_48.3976342-18.2497434,59062.17384520002,18.277,,W2
QSO_48.3976342-18.2497434,59062.23932260004,18.185,,W2
QSO_48.3976342-18.2497434,59222.71058849996,18.707,,W2
QSO_48.3976342-18.2497434,59222.84125849997,18.156,,W2
QSO_48.3976342-18.2497434,59429.43333899997,18.465,,W2
QSO_48.3976342-18.2497434,59429.82512999997,18.609,,W2
QSO_48.3976342-18.2497434,59586.30953600004,18.12,,W2
QSO_48.3976342-18.2497434,59793.66614550003,18.79,0.539,W2
QSO_48.3976342-18.2497434,59794.05717,18.37,0.538,W2
QSO_48.3976342-18.2497434,59953.79062350002,18.706,,W2
QSO_48.3976342-18.2497434,60156.919802999975,18.685,,W2
QSO_48.3976342-18.2497434,60157.30852800003,17.78,,W2
QSO_48.3976342-18.2497434,60157.43806649996,18.356,,W2
QSO_48.3976342-18.2497434,60157.6323925,18.766,,W2
QSO_48.3976342-18.2497434,60157.89161549999,17.639,,W2
QSO_48.3976342-18.2497434,60317.14538140003,18.199,0.378,W2
QSO_48.3976342-18.2497434,60317.27465259997,18.411,,W2
QSO_48.3976342-18.2497434,60317.7272482,18.243,,W2
QSO_48.3976342-18.2497434,60317.856629200025,18.607,,W2
QSO_48.5664618-18.0868501,55219.57539599997,18.813,0.219,W1
QSO_48.5664618-18.0868501,55222.08812899999,18.67,0.222,W1
QSO_48.5664618-18.0868501,55222.41870949998,18.926,0.292,W1
QSO_48.5664618-18.0868501,55222.48488400003,19.065,0.3,W1
QSO_48.5664618-18.0868501,55222.55105849999,19.021,,W1
QSO_48.5664618-18.0868501,55222.617087,19.267000000000003,0.369,W1
QSO_48.5664618-18.0868501,55222.68326149996,18.887,,W1
QSO_48.5664618-18.0868501,55408.895348,19.107,,W1
QSO_48.5664618-18.0868501,55409.02758749999,19.506,,W1
QSO_48.5664618-18.0868501,55409.35805849999,19.402,0.374,W1
QSO_48.5664618-18.0868501,55409.35816799999,19.194000000000003,0.395,W1
QSO_48.5664618-18.0868501,55409.42423300003,19.226,,W1
QSO_48.5664618-18.0868501,55409.49026150004,19.086,,W1
QSO_48.5664618-18.0868501,55409.556436,19.258000000000003,0.374,W1
QSO_48.5664618-18.0868501,55409.62246450001,19.397,0.456,W1
QSO_48.5664618-18.0868501,55409.75466749999,19.03,,W1
QSO_48.5664618-18.0868501,55409.88690699999,18.974,0.292,W1
QSO_48.5664618-18.0868501,55410.019109999965,19.473,,W1
QSO_48.5664618-18.0868501,55411.40727799996,18.779,0.262,W1
QSO_48.5664618-18.0868501,55411.539517499965,18.674,0.207,W1
QSO_48.5664618-18.0868501,55411.67172050002,19.018,0.262,W1
QSO_48.5664618-18.0868501,55411.73774900003,19.273000000000003,0.36,W1
QSO_48.5664618-18.0868501,55411.80392349999,19.666,0.456,W1
QSO_48.5664618-18.0868501,55411.869952,19.225,,W1
QSO_48.5664618-18.0868501,55411.93601699996,18.943,,W1
QSO_48.5664618-18.0868501,55411.93612649997,19.069000000000003,,W1
QSO_48.5664618-18.0868501,55412.0021915,18.883000000000003,0.255,W1
QSO_48.5664618-18.0868501,55412.068220000016,19.08,,W1
QSO_48.5664618-18.0868501,55412.06836599997,19.020000000000003,,W1
QSO_48.5664618-18.0868501,55412.39883700004,18.717,0.24,W1
QSO_48.5664618-18.0868501,55585.90625899999,19.724,0.498,W1
QSO_48.5664618-18.0868501,55586.03846199996,19.14,0.319,W1
QSO_48.5664618-18.0868501,55586.17066500001,19.416,0.476,W1
QSO_48.5664618-18.0868501,55586.30275849999,19.559,0.448,W1
QSO_48.5664618-18.0868501,55586.368787,18.761000000000003,0.211,W1
QSO_48.5664618-18.0868501,55586.36893300003,19.098,0.331,W1
QSO_48.5664618-18.0868501,55586.76532300002,19.102,0.294,W1
QSO_48.5664618-18.0868501,55586.765432500026,18.767000000000003,,W1
QSO_48.5664618-18.0868501,55586.897526,18.533,0.181,W1
QSO_48.5664618-18.0868501,55587.02972899997,18.623,,W1
QSO_48.5664618-18.0868501,56684.537617,18.286,0.162,W1
QSO_48.5664618-18.0868501,56874.4113835,18.729,0.259,W1
QSO_48.5664618-18.0868501,56874.542856499975,18.745,0.239,W1
QSO_48.5664618-18.0868501,56874.54296599998,19.502,0.522,W1
QSO_48.5664618-18.0868501,56874.67440250001,19.408,0.362,W1
QSO_48.5664618-18.0868501,57235.66374116943,18.916,0.275,W1
QSO_48.5664618-18.0868501,57235.79492217358,18.694,0.207,W1
QSO_48.5664618-18.0868501,57236.12258268397,18.772,0.24,W1
QSO_48.5664618-18.0868501,57408.23672623992,19.521,0.436,W1
QSO_48.5664618-18.0868501,57408.302459842045,18.925,0.249,W1
QSO_48.5664618-18.0868501,57408.5651746503,18.978,0.289,W1
QSO_48.5664618-18.0868501,57602.45210698167,18.699,0.215,W1
QSO_48.5664618-18.0868501,57602.8459961941,19.07,0.28,W1
QSO_48.5664618-18.0868501,57602.97731699824,18.627,0.195,W1
QSO_48.5664618-18.0868501,57603.56807761696,18.746,0.256,W1
QSO_48.5664618-18.0868501,57769.810084499964,18.585,0.314,W1
QSO_48.5664618-18.0868501,57769.9409005,19.05,,W1
QSO_48.5664618-18.0868501,57966.74576149997,19.047,0.295,W1
QSO_48.5664618-18.0868501,58129.529556500005,18.808,0.228,W1
QSO_48.5664618-18.0868501,58130.24904450003,18.924,0.246,W1
QSO_48.5664618-18.0868501,58331.91785899998,18.84,0.248,W1
QSO_48.5664618-18.0868501,58490.83915099999,18.91,0.237,W1
QSO_48.5664618-18.0868501,58490.904559,18.615,0.193,W1
QSO_48.5664618-18.0868501,58491.49297550004,19.009,0.266,W1
QSO_48.5664618-18.0868501,58697.5995695,18.936,0.31,W1
QSO_48.5664618-18.0868501,58857.7984204,18.652,0.2,W1
QSO_48.5664618-18.0868501,58858.1262466,19.111,0.288,W1
QSO_48.5664618-18.0868501,59222.58002799997,19.179,0.348,W1
QSO_48.5664618-18.0868501,59222.971965,18.34,0.236,W1
QSO_48.5664618-18.0868501,59429.43319300002,18.831000000000003,0.247,W1
QSO_48.5664618-18.0868501,59430.15165899998,18.282,0.349,W1
QSO_48.5664618-18.0868501,59587.02763699996,18.969,0.249,W1
QSO_48.5664618-18.0868501,59794.18747499996,18.926,0.407,W1
QSO_48.5664618-18.0868501,59953.07485850004,19.295,0.362,W1
QSO_48.5664618-18.0868501,59953.92081899998,19.09,0.308,W1
QSO_48.5664618-18.0868501,60157.17898950001,18.418,0.178,W1
QSO_48.5664618-18.0868501,60157.82682799997,19.085,0.361,W1
QSO_48.5664618-18.0868501,60317.856629200025,18.482,0.178,W1
QSO_48.5664618-18.0868501,55219.57539599997,18.892,,W2
QSO_48.5664618-18.0868501,55222.08812899999,18.965,,W2
QSO_48.5664618-18.0868501,55222.41870949998,18.275,0.336,W2
QSO_48.5664618-18.0868501,55222.48488400003,18.462,,W2
QSO_48.5664618-18.0868501,55222.55105849999,18.533,,W2
QSO_48.5664618-18.0868501,55222.617087,18.315,,W2
QSO_48.5664618-18.0868501,55222.68326149996,19.072,,W2
QSO_48.5664618-18.0868501,55408.895348,18.415,,W2
QSO_48.5664618-18.0868501,55409.02758749999,18.783,,W2
QSO_48.5664618-18.0868501,55409.35805849999,18.473,,W2
QSO_48.5664618-18.0868501,55409.35816799999,18.457,,W2
QSO_48.5664618-18.0868501,55409.42423300003,18.668,,W2
QSO_48.5664618-18.0868501,55409.49026150004,18.418,,W2
QSO_48.5664618-18.0868501,55409.556436,18.371,,W2
QSO_48.5664618-18.0868501,55409.62246450001,18.727,0.419,W2
QSO_48.5664618-18.0868501,55409.75466749999,18.96,,W2
QSO_48.5664618-18.0868501,55409.88690699999,18.609,,W2
QSO_48.5664618-18.0868501,55410.019109999965,18.512,,W2
QSO_48.5664618-18.0868501,55411.40727799996,18.39,0.346,W2
QSO_48.5664618-18.0868501,55411.539517499965,18.672,,W2
QSO_48.5664618-18.0868501,55411.67172050002,18.717,0.494,W2
QSO_48.5664618-18.0868501,55411.73774900003,18.776,,W2
QSO_48.5664618-18.0868501,55411.80392349999,18.903,,W2
QSO_48.5664618-18.0868501,55411.869952,18.774,,W2
QSO_48.5664618-18.0868501,55411.93601699996,19.041,,W2
QSO_48.5664618-18.0868501,55411.93612649997,18.54,0.387,W2
QSO_48.5664618-18.0868501,55412.0021915,18.102,,W2
QSO_48.5664618-18.0868501,55412.068220000016,18.623,,W2
QSO_48.5664618-18.0868501,55412.06836599997,19.07,0.525,W2
QSO_48.5664618-18.0868501,55412.39883700004,18.774,,W2
QSO_48.5664618-18.0868501,55585.90625899999,18.64,,W2
QSO_48.5664618-18.0868501,55586.03846199996,18.673,,W2
QSO_48.5664618-18.0868501,55586.17066500001,18.695,0.412,W2
QSO_48.5664618-18.0868501,55586.30275849999,18.748,,W2
QSO_48.5664618-18.0868501,55586.368787,18.301,,W2
QSO_48.5664618-18.0868501,55586.36893300003,18.843,,W2
QSO_48.5664618-18.0868501,55586.76532300002,18.37,,W2
QSO_48.5664618-18.0868501,55586.765432500026,18.509,,W2
QSO_48.5664618-18.0868501,55586.897526,18.912,,W2
QSO_48.5664618-18.0868501,55587.02972899997,18.908,,W2
QSO_48.5664618-18.0868501,56684.537617,18.553,,W2
QSO_48.5664618-18.0868501,56874.4113835,18.887,,W2
QSO_48.5664618-18.0868501,56874.542856499975,18.03,,W2
QSO_48.5664618-18.0868501,56874.54296599998,18.817,0.532,W2
QSO_48.5664618-18.0868501,56874.67440250001,18.664,0.456,W2
QSO_48.5664618-18.0868501,57235.66374116943,18.28,,W2
QSO_48.5664618-18.0868501,57235.79492217358,18.528,0.484,W2
QSO_48.5664618-18.0868501,57236.12258268397,18.055,,W2
QSO_48.5664618-18.0868501,57408.23672623992,18.508,0.372,W2
QSO_48.5664618-18.0868501,57408.302459842045,18.048,,W2
QSO_48.5664618-18.0868501,57408.5651746503,18.315,0.388,W2
QSO_48.5664618-18.0868501,57602.45210698167,18.369,,W2
QSO_48.5664618-18.0868501,57602.8459961941,18.369,,W2
QSO_48.5664618-18.0868501,57602.97731699824,17.724,,W2
QSO_48.5664618-18.0868501,57603.56807761696,18.587,0.46,W2
QSO_48.5664618-18.0868501,57769.810084499964,18.272,,W2
QSO_48.5664618-18.0868501,57769.9409005,18.354,,W2
QSO_48.5664618-18.0868501,57966.74576149997,18.371,0.397,W2
QSO_48.5664618-18.0868501,58129.529556500005,18.389,,W2
QSO_48.5664618-18.0868501,58130.24904450003,18.727,0.496,W2
QSO_48.5664618-18.0868501,58331.91785899998,18.436,,W2
QSO_48.5664618-18.0868501,58490.83915099999,18.195,,W2
QSO_48.5664618-18.0868501,58490.904559,17.69,,W2
QSO_48.5664618-18.0868501,58491.49297550004,18.992,,W2
QSO_48.5664618-18.0868501,58697.5995695,18.22,0.496,W2
QSO_48.5664618-18.0868501,58857.7984204,18.621,,W2
QSO_48.5664618-18.0868501,58858.1262466,18.651,0.464,W2
QSO_48.5664618-18.0868501,59222.58002799997,18.368,0.496,W2
QSO_48.5664618-18.0868501,59222.971965,18.819,,W2
QSO_48.5664618-18.0868501,59429.43319300002,18.682,,W2
QSO_48.5664618-18.0868501,59430.15165899998,17.948,,W2
QSO_48.5664618-18.0868501,59587.02763699996,18.266,,W2
QSO_48.5664618-18.0868501,59794.18747499996,17.944,,W2
QSO_48.5664618-18.0868501,59953.07485850004,18.146,,W2
QSO_48.5664618-18.0868501,59953.92081899998,17.547,,W2
QSO_48.5664618-18.0868501,60157.17898950001,18.634,,W2
QSO_48.5664618-18.0868501,60157.82682799997,17.783,,W2
QSO_48.5664618-18.0868501,60317.856629200025,18.431,,W2
QSO_48.3861136-17.9730021,55219.57539599997,19.24,,W1
QSO_48.3861136-17.9730021,55219.57539599997,19.701,0.5,W1
QSO_48.3861136-17.9730021,55219.575542,19.023000000000003,0.263,W1
QSO_48.3861136-17.9730021,55219.575542,19.048,0.269,W1
QSO_48.3861136-17.9730021,55222.08812899999,19.108,0.289,W1
QSO_48.3861136-17.9730021,55222.08812899999,19.102,0.288,W1
QSO_48.3861136-17.9730021,55222.220441499965,18.797,0.233,W1
QSO_48.3861136-17.9730021,55222.220441499965,19.0,0.281,W1
QSO_48.3861136-17.9730021,55222.41870949998,19.183,0.313,W1
QSO_48.3861136-17.9730021,55222.41870949998,19.052,0.277,W1
QSO_48.3861136-17.9730021,55222.418818999984,18.57,0.189,W1
QSO_48.3861136-17.9730021,55222.418818999984,18.704,0.214,W1
QSO_48.3861136-17.9730021,55222.48488400003,18.991,,W1
QSO_48.3861136-17.9730021,55222.48488400003,18.981,,W1
QSO_48.3861136-17.9730021,55222.55105849999,19.312,0.418,W1
QSO_48.3861136-17.9730021,55222.55105849999,19.305,0.416,W1
QSO_48.3861136-17.9730021,55222.68326149996,18.852,0.248,W1
QSO_48.3861136-17.9730021,55222.68326149996,19.454,0.422,W1
QSO_48.3861136-17.9730021,55408.63094199997,19.200000000000003,,W1
QSO_48.3861136-17.9730021,55408.63094199997,19.136000000000003,,W1
QSO_48.3861136-17.9730021,55408.76314500002,19.673,0.504,W1
QSO_48.3861136-17.9730021,55408.76314500002,19.403,0.394,W1
QSO_48.3861136-17.9730021,55408.895348,19.738,0.527,W1
QSO_48.3861136-17.9730021,55408.895348,19.702,0.51,W1
QSO_48.3861136-17.9730021,55409.02758749999,19.013,0.277,W1
QSO_48.3861136-17.9730021,55409.02758749999,19.387,0.391,W1
QSO_48.3861136-17.9730021,55409.35805849999,19.056,0.27,W1
QSO_48.3861136-17.9730021,55409.35805849999,19.21,0.311,W1
QSO_48.3861136-17.9730021,55409.42423300003,19.770000000000003,0.538,W1
QSO_48.3861136-17.9730021,55409.42423300003,19.238,,W1
QSO_48.3861136-17.9730021,55409.49026150004,19.336,0.422,W1
QSO_48.3861136-17.9730021,55409.49026150004,19.364,0.426,W1
QSO_48.3861136-17.9730021,55409.62246450001,19.729,,W1
QSO_48.3861136-17.9730021,55409.62246450001,19.722,,W1
QSO_48.3861136-17.9730021,55409.75466749999,19.433,0.385,W1
QSO_48.3861136-17.9730021,55409.75466749999,19.461,0.405,W1
QSO_48.3861136-17.9730021,55409.88690699999,19.688,0.467,W1
QSO_48.3861136-17.9730021,55409.88690699999,19.634,0.444,W1
QSO_48.3861136-17.9730021,55411.40727799996,18.975,0.244,W1
QSO_48.3861136-17.9730021,55411.40727799996,18.989,0.247,W1
QSO_48.3861136-17.9730021,55411.473343,18.798,0.225,W1
QSO_48.3861136-17.9730021,55411.473343,19.270000000000003,0.347,W1
QSO_48.3861136-17.9730021,55411.53937150001,19.61,0.489,W1
QSO_48.3861136-17.9730021,55411.53937150001,19.596,0.483,W1
QSO_48.3861136-17.9730021,55411.539517499965,19.206000000000003,,W1
QSO_48.3861136-17.9730021,55411.539517499965,19.187,0.3,W1
QSO_48.3861136-17.9730021,55411.60554599998,18.856,0.274,W1
QSO_48.3861136-17.9730021,55411.60554599998,18.836,0.269,W1
QSO_48.3861136-17.9730021,55411.67157449999,19.516,0.468,W1
QSO_48.3861136-17.9730021,55411.67157449999,19.56,0.487,W1
QSO_48.3861136-17.9730021,55411.73774900003,18.916,0.249,W1
QSO_48.3861136-17.9730021,55411.73774900003,19.012,0.272,W1
QSO_48.3861136-17.9730021,55411.803813999984,19.216,0.36,W1
QSO_48.3861136-17.9730021,55411.803813999984,19.226,0.363,W1
QSO_48.3861136-17.9730021,55411.869952,19.587000000000003,0.48,W1
QSO_48.3861136-17.9730021,55411.869952,19.602,0.487,W1
QSO_48.3861136-17.9730021,55412.0021915,19.183,0.33,W1
QSO_48.3861136-17.9730021,55412.0021915,19.081000000000003,,W1
QSO_48.3861136-17.9730021,55585.77416550001,19.633000000000003,0.468,W1
QSO_48.3861136-17.9730021,55585.77416550001,19.59,0.45,W1
QSO_48.3861136-17.9730021,55585.90625899999,19.242,0.52,W1
QSO_48.3861136-17.9730021,55585.90625899999,19.246,0.524,W1
QSO_48.3861136-17.9730021,55586.03846199996,19.128,0.347,W1
QSO_48.3861136-17.9730021,55586.03846199996,19.438,0.461,W1
QSO_48.3861136-17.9730021,55586.17066500001,19.39,0.372,W1
QSO_48.3861136-17.9730021,55586.17066500001,19.019,0.264,W1
QSO_48.3861136-17.9730021,55586.236729999975,19.131,,W1
QSO_48.3861136-17.9730021,55586.236729999975,19.119,,W1
QSO_48.3861136-17.9730021,55586.30275849999,19.048,0.278,W1
QSO_48.3861136-17.9730021,55586.30275849999,19.335,0.363,W1
QSO_48.3861136-17.9730021,55586.36893300003,18.99,,W1
QSO_48.3861136-17.9730021,55586.36893300003,18.855,,W1
QSO_48.3861136-17.9730021,55586.765432500026,18.989,0.263,W1
QSO_48.3861136-17.9730021,55586.765432500026,18.992,0.264,W1
QSO_48.3861136-17.9730021,55586.897526,19.16,0.302,W1
QSO_48.3861136-17.9730021,55586.897526,19.089,0.283,W1
QSO_48.3861136-17.9730021,56684.01106799999,19.546,0.426,W1
QSO_48.3861136-17.9730021,56684.40603450002,19.071,0.35,W1
QSO_48.3861136-17.9730021,56873.81979150002,19.33,0.405,W1
QSO_48.3861136-17.9730021,56873.88545499999,18.884,0.348,W1
QSO_48.3861136-17.9730021,57235.4014521611,18.942,,W1
QSO_48.3861136-17.9730021,57235.46700616323,18.9,0.252,W1
QSO_48.3861136-17.9730021,57235.72925867153,19.037,0.308,W1
QSO_48.3861136-17.9730021,57408.17102923791,18.725,0.211,W1
QSO_48.3861136-17.9730021,57602.45210698167,19.632,,W1
QSO_48.3861136-17.9730021,57602.71471198992,18.836,0.27,W1
QSO_48.3861136-17.9730021,57769.67912249998,19.089,0.29,W1
QSO_48.3861136-17.9730021,57769.7445305,18.892000000000003,0.434,W1
QSO_48.3861136-17.9730021,57967.13817299997,18.605,0.356,W1
QSO_48.3861136-17.9730021,57967.26913500004,18.892000000000003,0.293,W1
QSO_48.3861136-17.9730021,58330.936885,19.372,0.477,W1
QSO_48.3861136-17.9730021,58490.96996700002,18.834000000000003,0.244,W1
QSO_48.3861136-17.9730021,58491.36230550004,18.764000000000003,0.214,W1
QSO_48.3861136-17.9730021,58697.7302395,18.964,0.302,W1
QSO_48.3861136-17.9730021,58857.60180519998,18.587,0.209,W1
QSO_48.3861136-17.9730021,58857.7984204,18.973,0.286,W1
QSO_48.3861136-17.9730021,58857.79856680003,18.438,0.415,W1
QSO_48.3861136-17.9730021,59222.58002799997,18.781,0.22,W1
QSO_48.3861136-17.9730021,59586.57065700003,18.964,0.254,W1
QSO_48.3861136-17.9730021,59586.635955499965,18.967,0.294,W1
QSO_48.3861136-17.9730021,60157.17888000001,18.623,0.212,W1
QSO_48.3861136-17.9730021,60157.6323925,19.543,0.493,W1
QSO_48.3861136-17.9730021,60317.727358,18.837000000000003,0.273,W1
QSO_48.3861136-17.9730021,55219.57539599997,18.425,,W2
QSO_48.3861136-17.9730021,55219.57539599997,18.421,,W2
QSO_48.3861136-17.9730021,55219.575542,18.737,,W2
QSO_48.3861136-17.9730021,55219.575542,18.711,,W2
QSO_48.3861136-17.9730021,55222.08812899999,18.846,0.477,W2
QSO_48.3861136-17.9730021,55222.08812899999,18.827,0.468,W2
QSO_48.3861136-17.9730021,55222.220441499965,18.611,,W2
QSO_48.3861136-17.9730021,55222.220441499965,18.58,,W2
QSO_48.3861136-17.9730021,55222.41870949998,18.787,0.501,W2
QSO_48.3861136-17.9730021,55222.41870949998,18.763,0.529,W2
QSO_48.3861136-17.9730021,55222.418818999984,18.972,,W2
QSO_48.3861136-17.9730021,55222.418818999984,18.978,,W2
QSO_48.3861136-17.9730021,55222.48488400003,18.659,,W2
QSO_48.3861136-17.9730021,55222.48488400003,18.615,,W2
QSO_48.3861136-17.9730021,55222.55105849999,18.74,0.429,W2
QSO_48.3861136-17.9730021,55222.55105849999,18.745,0.431,W2
QSO_48.3861136-17.9730021,55222.68326149996,18.958,0.535,W2
QSO_48.3861136-17.9730021,55222.68326149996,18.919,0.517,W2
QSO_48.3861136-17.9730021,55408.63094199997,18.316,,W2
QSO_48.3861136-17.9730021,55408.63094199997,18.374,,W2
QSO_48.3861136-17.9730021,55408.76314500002,18.958,,W2
QSO_48.3861136-17.9730021,55408.76314500002,18.955,,W2
QSO_48.3861136-17.9730021,55408.895348,18.638,0.41,W2
QSO_48.3861136-17.9730021,55408.895348,18.628,0.407,W2
QSO_48.3861136-17.9730021,55409.02758749999,18.878,,W2
QSO_48.3861136-17.9730021,55409.02758749999,18.883,,W2
QSO_48.3861136-17.9730021,55409.35805849999,18.929,0.502,W2
QSO_48.3861136-17.9730021,55409.35805849999,18.914,0.51,W2
QSO_48.3861136-17.9730021,55409.42423300003,18.696,,W2
QSO_48.3861136-17.9730021,55409.42423300003,18.709,,W2
QSO_48.3861136-17.9730021,55409.49026150004,18.557,,W2
QSO_48.3861136-17.9730021,55409.49026150004,18.567,,W2
QSO_48.3861136-17.9730021,55409.62246450001,18.994,0.527,W2
QSO_48.3861136-17.9730021,55409.62246450001,18.93,0.496,W2
QSO_48.3861136-17.9730021,55409.75466749999,18.972,,W2
QSO_48.3861136-17.9730021,55409.75466749999,18.987,,W2
QSO_48.3861136-17.9730021,55409.88690699999,18.765,,W2
QSO_48.3861136-17.9730021,55409.88690699999,18.805,,W2
QSO_48.3861136-17.9730021,55411.40727799996,19.081,,W2
QSO_48.3861136-17.9730021,55411.40727799996,19.079,,W2
QSO_48.3861136-17.9730021,55411.473343,18.867,,W2
QSO_48.3861136-17.9730021,55411.473343,18.85,,W2
QSO_48.3861136-17.9730021,55411.53937150001,19.0,,W2
QSO_48.3861136-17.9730021,55411.53937150001,19.056,,W2
QSO_48.3861136-17.9730021,55411.539517499965,18.195,,W2
QSO_48.3861136-17.9730021,55411.539517499965,18.172,,W2
QSO_48.3861136-17.9730021,55411.60554599998,18.524,,W2
QSO_48.3861136-17.9730021,55411.60554599998,18.461,,W2
QSO_48.3861136-17.9730021,55411.67157449999,18.807,,W2
QSO_48.3861136-17.9730021,55411.67157449999,18.823,,W2
QSO_48.3861136-17.9730021,55411.73774900003,18.304,,W2
QSO_48.3861136-17.9730021,55411.73774900003,18.315,,W2
QSO_48.3861136-17.9730021,55411.803813999984,18.815,,W2
QSO_48.3861136-17.9730021,55411.803813999984,18.824,,W2
QSO_48.3861136-17.9730021,55411.869952,18.693,0.445,W2
QSO_48.3861136-17.9730021,55411.869952,18.683,0.44,W2
QSO_48.3861136-17.9730021,55412.0021915,18.752,,W2
QSO_48.3861136-17.9730021,55412.0021915,18.795,,W2
QSO_48.3861136-17.9730021,55585.77416550001,18.878,,W2
QSO_48.3861136-17.9730021,55585.77416550001,18.818,,W2
QSO_48.3861136-17.9730021,55585.90625899999,18.603,,W2
QSO_48.3861136-17.9730021,55585.90625899999,18.599,,W2
QSO_48.3861136-17.9730021,55586.03846199996,18.375,0.404,W2
QSO_48.3861136-17.9730021,55586.03846199996,18.334,0.388,W2
QSO_48.3861136-17.9730021,55586.17066500001,18.607,,W2
QSO_48.3861136-17.9730021,55586.17066500001,18.709,,W2
QSO_48.3861136-17.9730021,55586.236729999975,18.749,,W2
QSO_48.3861136-17.9730021,55586.236729999975,18.793,,W2
QSO_48.3861136-17.9730021,55586.30275849999,18.657,,W2
QSO_48.3861136-17.9730021,55586.30275849999,18.656,,W2
QSO_48.3861136-17.9730021,55586.36893300003,18.93,,W2
QSO_48.3861136-17.9730021,55586.36893300003,18.925,,W2
QSO_48.3861136-17.9730021,55586.765432500026,18.654,,W2
QSO_48.3861136-17.9730021,55586.765432500026,18.532,,W2
QSO_48.3861136-17.9730021,55586.897526,19.007,,W2
QSO_48.3861136-17.9730021,55586.897526,18.952,,W2
QSO_48.3861136-17.9730021,56684.01106799999,18.492,,W2
QSO_48.3861136-17.9730021,56684.40603450002,18.159,0.327,W2
QSO_48.3861136-17.9730021,56873.81979150002,18.439,,W2
QSO_48.3861136-17.9730021,56873.88545499999,18.331,,W2
QSO_48.3861136-17.9730021,57235.4014521611,18.519,,W2
QSO_48.3861136-17.9730021,57235.46700616323,18.183,,W2
QSO_48.3861136-17.9730021,57235.72925867153,18.57,,W2
QSO_48.3861136-17.9730021,57408.17102923791,18.966,,W2
QSO_48.3861136-17.9730021,57602.45210698167,18.019,0.386,W2
QSO_48.3861136-17.9730021,57602.71471198992,18.395,,W2
QSO_48.3861136-17.9730021,57769.67912249998,17.959,,W2
QSO_48.3861136-17.9730021,57769.7445305,18.404,,W2
QSO_48.3861136-17.9730021,57967.13817299997,18.225,,W2
QSO_48.3861136-17.9730021,57967.26913500004,18.194,,W2
QSO_48.3861136-17.9730021,58330.936885,18.293,,W2
QSO_48.3861136-17.9730021,58490.96996700002,17.555,,W2
QSO_48.3861136-17.9730021,58491.36230550004,18.305,,W2
QSO_48.3861136-17.9730021,58697.7302395,17.706,,W2
QSO_48.3861136-17.9730021,58857.60180519998,18.818,,W2
QSO_48.3861136-17.9730021,58857.7984204,18.856,0.501,W2
QSO_48.3861136-17.9730021,58857.79856680003,18.575,,W2
QSO_48.3861136-17.9730021,59222.58002799997,17.708,,W2
QSO_48.3861136-17.9730021,59586.57065700003,18.936,,W2
QSO_48.3861136-17.9730021,59586.635955499965,18.815,0.48,W2
QSO_48.3861136-17.9730021,60157.17888000001,18.617,,W2
QSO_48.3861136-17.9730021,60157.6323925,18.149,,W2
QSO_48.3861136-17.9730021,60317.727358,18.46,,W2
QSO_48.2928858-18.2301482,55219.57539599997,19.172,,W1
QSO_48.2928858-18.2301482,55221.69133750001,19.254,0.33,W1
QSO_48.2928858-18.2301482,55222.08812899999,18.769,0.238,W1
QSO_48.2928858-18.2301482,55222.41870949998,19.506,0.438,W1
QSO_48.2928858-18.2301482,55222.55091250004,18.91,0.242,W1
QSO_48.2928858-18.2301482,55222.55105849999,18.924,0.241,W1
QSO_48.2928858-18.2301482,55222.68326149996,18.963,0.282,W1
QSO_48.2928858-18.2301482,55408.498739,19.088,,W1
QSO_48.2928858-18.2301482,55408.49884849999,18.661,0.207,W1
QSO_48.2928858-18.2301482,55408.63094199997,18.994,0.272,W1
QSO_48.2928858-18.2301482,55408.76314500002,19.35,0.427,W1
QSO_48.2928858-18.2301482,55408.895348,19.157,,W1
QSO_48.2928858-18.2301482,55408.96152250004,19.103,0.342,W1
QSO_48.2928858-18.2301482,55409.02758749999,19.312,0.39,W1
QSO_48.2928858-18.2301482,55409.35816799999,19.012,,W1
QSO_48.2928858-18.2301482,55409.49026150004,19.246,0.299,W1
QSO_48.2928858-18.2301482,55409.49037099996,19.387,0.364,W1
QSO_48.2928858-18.2301482,55409.62246450001,19.475,,W1
QSO_48.2928858-18.2301482,55411.40727799996,19.451,0.512,W1
QSO_48.2928858-18.2301482,55411.473343,18.927,0.252,W1
QSO_48.2928858-18.2301482,55411.539517499965,18.746,0.215,W1
QSO_48.2928858-18.2301482,55411.60554599998,19.523000000000003,0.42,W1
QSO_48.2928858-18.2301482,55411.67172050002,19.079,,W1
QSO_48.2928858-18.2301482,55411.73774900003,18.794,0.221,W1
QSO_48.2928858-18.2301482,55411.869952,19.148000000000003,,W1
QSO_48.2928858-18.2301482,55412.0021915,19.125,0.293,W1
QSO_48.2928858-18.2301482,55585.77416550001,19.495,,W1
QSO_48.2928858-18.2301482,55585.90625899999,18.457,0.164,W1
QSO_48.2928858-18.2301482,55585.9722875,19.545,0.458,W1
QSO_48.2928858-18.2301482,55585.97243350003,18.802,0.23,W1
QSO_48.2928858-18.2301482,55586.03846199996,19.828000000000003,,W1
QSO_48.2928858-18.2301482,55586.10449049997,19.542,0.431,W1
QSO_48.2928858-18.2301482,55586.17055550001,19.205,,W1
QSO_48.2928858-18.2301482,55586.17066500001,18.778,0.231,W1
QSO_48.2928858-18.2301482,55586.236729999975,18.797,0.236,W1
QSO_48.2928858-18.2301482,55586.30275849999,19.014000000000003,0.271,W1
QSO_48.2928858-18.2301482,55586.368787,19.164,,W1
QSO_48.2928858-18.2301482,55586.36893300003,18.714,,W1
QSO_48.2928858-18.2301482,55586.76532300002,19.147,0.338,W1
QSO_48.2928858-18.2301482,56873.55691850004,18.801,0.214,W1
QSO_48.2928858-18.2301482,57044.993696197445,19.621,0.531,W1
QSO_48.2928858-18.2301482,57235.27038065696,19.486,0.498,W1
QSO_48.2928858-18.2301482,57407.84247102752,18.962000000000003,0.306,W1
QSO_48.2928858-18.2301482,57602.058217769234,18.871,0.253,W1
QSO_48.2928858-18.2301482,57603.174188404526,18.907,0.277,W1
QSO_48.2928858-18.2301482,57769.48278900001,18.846,0.218,W1
QSO_48.2928858-18.2301482,57769.61371449996,19.278,0.333,W1
QSO_48.2928858-18.2301482,57769.810084499964,19.464,0.451,W1
QSO_48.2928858-18.2301482,57770.00641800002,18.877,0.252,W1
QSO_48.2928858-18.2301482,57967.59628449996,18.599,0.183,W1
QSO_48.2928858-18.2301482,58330.9369945,18.512,0.185,W1
QSO_48.2928858-18.2301482,58331.13307250002,18.372,0.193,W1
QSO_48.2928858-18.2301482,58334.86103650004,18.598,0.275,W1
QSO_48.2928858-18.2301482,58490.11995500002,19.244,0.321,W1
QSO_48.2928858-18.2301482,58490.51225700002,18.878,0.246,W1
QSO_48.2928858-18.2301482,58490.83915099999,18.715,0.205,W1
QSO_48.2928858-18.2301482,58490.96996700002,19.088,0.284,W1
QSO_48.2928858-18.2301482,58491.10067349997,18.763,0.211,W1
QSO_48.2928858-18.2301482,58697.5995695,18.715,0.287,W1
QSO_48.2928858-18.2301482,58697.92646349996,18.725,,W1
QSO_48.2928858-18.2301482,59062.23932260004,18.551,0.404,W1
QSO_48.2928858-18.2301482,59222.84125849997,18.681,0.203,W1
QSO_48.2928858-18.2301482,59426.36314149998,18.907,0.257,W1
QSO_48.2928858-18.2301482,59429.82512999997,19.042,0.28,W1
QSO_48.2928858-18.2301482,59430.15165899998,18.805,0.27,W1
QSO_48.2928858-18.2301482,59793.66614550003,18.735,0.23,W1
QSO_48.2928858-18.2301482,59953.009705999975,19.567,0.494,W1
QSO_48.2928858-18.2301482,60156.79026450004,19.158,0.399,W1
QSO_48.2928858-18.2301482,60157.17898950001,18.933,0.279,W1
QSO_48.2928858-18.2301482,60157.50285399999,18.904,0.301,W1
QSO_48.2928858-18.2301482,60317.14538140003,18.534,0.192,W1
QSO_48.2928858-18.2301482,60317.727358,18.565,0.214,W1
QSO_48.2928858-18.2301482,55219.57539599997,18.159,,W2
QSO_48.2928858-18.2301482,55221.69133750001,19.108,,W2
QSO_48.2928858-18.2301482,55222.08812899999,18.91,,W2
QSO_48.2928858-18.2301482,55222.41870949998,18.702,0.439,W2
QSO_48.2928858-18.2301482,55222.55091250004,18.792,,W2
QSO_48.2928858-18.2301482,55222.55105849999,19.017,,W2
QSO_48.2928858-18.2301482,55222.68326149996,18.389,,W2
QSO_48.2928858-18.2301482,55408.498739,18.496,,W2
QSO_48.2928858-18.2301482,55408.49884849999,18.959,,W2
QSO_48.2928858-18.2301482,55408.63094199997,19.024,,W2
QSO_48.2928858-18.2301482,55408.76314500002,18.378,,W2
QSO_48.2928858-18.2301482,55408.895348,19.041,,W2
QSO_48.2928858-18.2301482,55408.96152250004,18.722,0.434,W2
QSO_48.2928858-18.2301482,55409.02758749999,18.761,,W2
QSO_48.2928858-18.2301482,55409.35816799999,18.474,,W2
QSO_48.2928858-18.2301482,55409.49026150004,18.657,,W2
QSO_48.2928858-18.2301482,55409.49037099996,18.824,0.468,W2
QSO_48.2928858-18.2301482,55409.62246450001,18.637,,W2
QSO_48.2928858-18.2301482,55411.40727799996,18.706,,W2
QSO_48.2928858-18.2301482,55411.473343,18.372,,W2
QSO_48.2928858-18.2301482,55411.539517499965,18.746,0.494,W2
QSO_48.2928858-18.2301482,55411.60554599998,18.246,,W2
QSO_48.2928858-18.2301482,55411.67172050002,18.341,,W2
QSO_48.2928858-18.2301482,55411.73774900003,18.452,,W2
QSO_48.2928858-18.2301482,55411.869952,18.287,,W2
QSO_48.2928858-18.2301482,55412.0021915,18.989,,W2
QSO_48.2928858-18.2301482,55585.77416550001,18.707,0.43,W2
QSO_48.2928858-18.2301482,55585.90625899999,18.635,0.431,W2
QSO_48.2928858-18.2301482,55585.9722875,18.764,,W2
QSO_48.2928858-18.2301482,55585.97243350003,18.704,,W2
QSO_48.2928858-18.2301482,55586.03846199996,18.813,0.471,W2
QSO_48.2928858-18.2301482,55586.10449049997,18.632,,W2
QSO_48.2928858-18.2301482,55586.17055550001,18.805,,W2
QSO_48.2928858-18.2301482,55586.17066500001,18.26,,W2
QSO_48.2928858-18.2301482,55586.236729999975,18.865,,W2
QSO_48.2928858-18.2301482,55586.30275849999,18.294,,W2
QSO_48.2928858-18.2301482,55586.368787,18.905,,W2
QSO_48.2928858-18.2301482,55586.36893300003,18.656,,W2
QSO_48.2928858-18.2301482,55586.76532300002,18.391,,W2
QSO_48.2928858-18.2301482,56873.55691850004,,,W2
QSO_48.2928858-18.2301482,57044.993696197445,18.566,,W2
QSO_48.2928858-18.2301482,57235.27038065696,18.0,,W2
QSO_48.2928858-18.2301482,57407.84247102752,18.346,0.358,W2
QSO_48.2928858-18.2301482,57602.058217769234,18.559,0.457,W2
QSO_48.2928858-18.2301482,57603.174188404526,18.204,,W2
QSO_48.2928858-18.2301482,57769.48278900001,18.261,,W2
QSO_48.2928858-18.2301482,57769.61371449996,18.697,,W2
QSO_48.2928858-18.2301482,57769.810084499964,18.434,0.326,W2
QSO_48.2928858-18.2301482,57770.00641800002,18.387,,W2
QSO_48.2928858-18.2301482,57967.59628449996,18.435,,W2
QSO_48.2928858-18.2301482,58330.9369945,18.468,,W2
QSO_48.2928858-18.2301482,58331.13307250002,17.926,,W2
QSO_48.2928858-18.2301482,58334.86103650004,18.026,,W2
QSO_48.2928858-18.2301482,58490.11995500002,17.809,,W2
QSO_48.2928858-18.2301482,58490.51225700002,18.927,,W2
QSO_48.2928858-18.2301482,58490.83915099999,18.198,,W2
QSO_48.2928858-18.2301482,58490.96996700002,18.265,,W2
QSO_48.2928858-18.2301482,58491.10067349997,18.518,,W2
QSO_48.2928858-18.2301482,58697.5995695,18.397,,W2
QSO_48.2928858-18.2301482,58697.92646349996,18.827,,W2
QSO_48.2928858-18.2301482,59062.23932260004,18.033,,W2
QSO_48.2928858-18.2301482,59222.84125849997,18.757,,W2
QSO_48.2928858-18.2301482,59426.36314149998,18.355,0.391,W2
QSO_48.2928858-18.2301482,59429.82512999997,18.135,,W2
QSO_48.2928858-18.2301482,59430.15165899998,18.11,,W2
QSO_48.2928858-18.2301482,59793.66614550003,18.58,,W2
QSO_48.2928858-18.2301482,59953.009705999975,18.207,,W2
QSO_48.2928858-18.2301482,60156.79026450004,18.003,0.282,W2
QSO_48.2928858-18.2301482,60157.17898950001,18.864,,W2
QSO_48.2928858-18.2301482,60157.50285399999,18.128,,W2
QSO_48.2928858-18.2301482,60317.14538140003,17.736,,W2
QSO_48.2928858-18.2301482,60317.727358,18.714,,W2
QSO_48.521519-17.9576436,55219.57539599997,19.447000000000003,0.41,W1
QSO_48.521519-17.9576436,55222.08812899999,19.251,0.475,W1
QSO_48.521519-17.9576436,55222.220441499965,19.165,0.339,W1
QSO_48.521519-17.9576436,55222.41870949998,19.148000000000003,0.379,W1
QSO_48.521519-17.9576436,55222.418818999984,18.92,0.274,W1
QSO_48.521519-17.9576436,55222.48488400003,18.832,0.24,W1
QSO_48.521519-17.9576436,55222.55105849999,19.704,,W1
QSO_48.521519-17.9576436,55222.617087,19.651000000000003,0.535,W1
QSO_48.521519-17.9576436,55222.68326149996,18.892000000000003,0.249,W1
QSO_48.521519-17.9576436,55222.94781350002,19.619,0.459,W1
QSO_48.521519-17.9576436,55408.895348,19.523000000000003,0.436,W1
QSO_48.521519-17.9576436,55409.02758749999,18.94,0.27,W1
QSO_48.521519-17.9576436,55409.35805849999,19.16,0.294,W1
QSO_48.521519-17.9576436,55409.42423300003,19.424,0.384,W1
QSO_48.521519-17.9576436,55409.49026150004,19.191000000000003,0.31,W1
QSO_48.521519-17.9576436,55409.556436,19.487,0.44,W1
QSO_48.521519-17.9576436,55409.62246450001,18.968,0.259,W1
QSO_48.521519-17.9576436,55409.75466749999,19.296,,W1
QSO_48.521519-17.9576436,55409.88690699999,19.514000000000003,0.447,W1
QSO_48.521519-17.9576436,55410.019109999965,19.601,0.445,W1
QSO_48.521519-17.9576436,55411.40727799996,19.147,0.325,W1
QSO_48.521519-17.9576436,55411.539517499965,19.373,0.379,W1
QSO_48.521519-17.9576436,55411.67157449999,19.346,0.393,W1
QSO_48.521519-17.9576436,55411.67172050002,19.159,,W1
QSO_48.521519-17.9576436,55411.73774900003,19.501,0.413,W1
QSO_48.521519-17.9576436,55411.803813999984,19.173,0.303,W1
QSO_48.521519-17.9576436,55411.869952,18.532,0.182,W1
QSO_48.521519-17.9576436,55411.93601699996,19.022,,W1
QSO_48.521519-17.9576436,55412.0021915,18.58,0.19,W1
QSO_48.521519-17.9576436,55412.068220000016,19.067,,W1
QSO_48.521519-17.9576436,55412.39883700004,19.306,,W1
QSO_48.521519-17.9576436,55585.90625899999,19.509,,W1
QSO_48.521519-17.9576436,55586.03846199996,19.504,,W1
QSO_48.521519-17.9576436,55586.17066500001,19.192,0.317,W1
QSO_48.521519-17.9576436,55586.30275849999,19.028,,W1
QSO_48.521519-17.9576436,55586.36893300003,19.113,0.321,W1
QSO_48.521519-17.9576436,55586.765432500026,19.294,0.341,W1
QSO_48.521519-17.9576436,55586.897526,19.133000000000003,0.306,W1
QSO_48.521519-17.9576436,55587.02972899997,18.963,,W1
QSO_48.521519-17.9576436,56684.537617,18.804,0.276,W1
QSO_48.521519-17.9576436,56873.68820900004,18.58,0.197,W1
QSO_48.521519-17.9576436,56873.95126449999,19.19,0.325,W1
QSO_48.521519-17.9576436,57044.92803269531,18.895000000000003,0.269,W1
QSO_48.521519-17.9576436,57235.72925867153,18.643,0.236,W1
QSO_48.521519-17.9576436,57408.17102923791,18.605,0.196,W1
QSO_48.521519-17.9576436,57602.58342778581,18.941000000000003,0.375,W1
QSO_48.521519-17.9576436,57602.8459961941,18.883000000000003,0.237,W1
QSO_48.521519-17.9576436,57603.10860120243,19.727,0.523,W1
QSO_48.521519-17.9576436,57603.43679341277,18.867,0.343,W1
QSO_48.521519-17.9576436,57769.94101,19.106,0.302,W1
QSO_48.521519-17.9576436,57967.59617500004,18.688,0.266,W1
QSO_48.521519-17.9576436,58130.05282049997,19.619,0.48,W1
QSO_48.521519-17.9576436,58331.19848050004,18.172,0.23,W1
QSO_48.521519-17.9576436,58490.83915099999,19.178,0.398,W1
QSO_48.521519-17.9576436,58491.36230550004,18.821,0.234,W1
QSO_48.521519-17.9576436,58698.253248000015,18.795,0.274,W1
QSO_48.521519-17.9576436,58698.71084850002,18.696,0.216,W1
QSO_48.521519-17.9576436,58857.60180519998,18.919,0.255,W1
QSO_48.521519-17.9576436,58858.2572746,18.833,0.234,W1
QSO_48.521519-17.9576436,59061.977083599966,18.587,0.27,W1
QSO_48.521519-17.9576436,59222.58002799997,18.967,0.392,W1
QSO_48.521519-17.9576436,59222.8414045,19.169,,W1
QSO_48.521519-17.9576436,59429.43319300002,18.744,0.258,W1
QSO_48.521519-17.9576436,59793.86160299997,19.033,0.289,W1
QSO_48.521519-17.9576436,59953.79076949997,18.547,0.229,W1
QSO_48.521519-17.9576436,59953.92081899998,18.608,0.218,W1
QSO_48.521519-17.9576436,59954.05097799999,18.864,0.256,W1
QSO_48.521519-17.9576436,60157.43806649996,18.938,0.28,W1
QSO_48.521519-17.9576436,60158.15069250002,18.585,0.261,W1
QSO_48.521519-17.9576436,60317.274762399975,18.515,0.271,W1
QSO_48.521519-17.9576436,55219.57539599997,18.366,,W2
QSO_48.521519-17.9576436,55222.08812899999,18.376,,W2
QSO_48.521519-17.9576436,55222.220441499965,18.18,,W2
QSO_48.521519-17.9576436,55222.41870949998,18.815,,W2
QSO_48.521519-17.9576436,55222.418818999984,18.77,0.489,W2
QSO_48.521519-17.9576436,55222.48488400003,18.666,0.445,W2
QSO_48.521519-17.9576436,55222.55105849999,18.849,,W2
QSO_48.521519-17.9576436,55222.617087,18.77,0.473,W2
QSO_48.521519-17.9576436,55222.68326149996,18.785,,W2
QSO_48.521519-17.9576436,55222.94781350002,19.071,,W2
QSO_48.521519-17.9576436,55408.895348,18.809,,W2
QSO_48.521519-17.9576436,55409.02758749999,18.842,,W2
QSO_48.521519-17.9576436,55409.35805849999,18.672,,W2
QSO_48.521519-17.9576436,55409.42423300003,18.887,,W2
QSO_48.521519-17.9576436,55409.49026150004,18.993,,W2
QSO_48.521519-17.9576436,55409.556436,18.783,,W2
QSO_48.521519-17.9576436,55409.62246450001,19.006,,W2
QSO_48.521519-17.9576436,55409.75466749999,18.927,,W2
QSO_48.521519-17.9576436,55409.88690699999,18.337,0.327,W2
QSO_48.521519-17.9576436,55410.019109999965,18.984,,W2
QSO_48.521519-17.9576436,55411.40727799996,18.759,0.465,W2
QSO_48.521519-17.9576436,55411.539517499965,18.271,,W2
QSO_48.521519-17.9576436,55411.67157449999,19.17,,W2
QSO_48.521519-17.9576436,55411.67172050002,18.76,,W2
QSO_48.521519-17.9576436,55411.73774900003,18.356,,W2
QSO_48.521519-17.9576436,55411.803813999984,18.962,,W2
QSO_48.521519-17.9576436,55411.869952,18.919,,W2
QSO_48.521519-17.9576436,55411.93601699996,18.466,,W2
QSO_48.521519-17.9576436,55412.0021915,18.5,0.327,W2
QSO_48.521519-17.9576436,55412.068220000016,18.758,,W2
QSO_48.521519-17.9576436,55412.39883700004,18.893,,W2
QSO_48.521519-17.9576436,55585.90625899999,18.23,,W2
QSO_48.521519-17.9576436,55586.03846199996,18.336,,W2
QSO_48.521519-17.9576436,55586.17066500001,18.872,0.521,W2
QSO_48.521519-17.9576436,55586.30275849999,18.874,,W2
QSO_48.521519-17.9576436,55586.36893300003,18.89,,W2
QSO_48.521519-17.9576436,55586.765432500026,18.315,,W2
QSO_48.521519-17.9576436,55586.897526,18.892,,W2
QSO_48.521519-17.9576436,55587.02972899997,18.574,0.424,W2
QSO_48.521519-17.9576436,56684.537617,18.865,0.505,W2
QSO_48.521519-17.9576436,56873.68820900004,18.351,,W2
QSO_48.521519-17.9576436,56873.95126449999,18.313,,W2
QSO_48.521519-17.9576436,57044.92803269531,18.26,,W2
QSO_48.521519-17.9576436,57235.72925867153,18.186,,W2
QSO_48.521519-17.9576436,57408.17102923791,18.517,,W2
QSO_48.521519-17.9576436,57602.58342778581,18.721,,W2
QSO_48.521519-17.9576436,57602.8459961941,18.345,,W2
QSO_48.521519-17.9576436,57603.10860120243,17.796,,W2
QSO_48.521519-17.9576436,57603.43679341277,18.394,,W2
QSO_48.521519-17.9576436,57769.94101,18.193,,W2
QSO_48.521519-17.9576436,57967.59617500004,18.434,,W2
QSO_48.521519-17.9576436,58130.05282049997,18.357,,W2
QSO_48.521519-17.9576436,58331.19848050004,18.529,,W2
QSO_48.521519-17.9576436,58490.83915099999,17.883,,W2
QSO_48.521519-17.9576436,58491.36230550004,18.586,0.504,W2
QSO_48.521519-17.9576436,58698.253248000015,18.063,,W2
QSO_48.521519-17.9576436,58698.71084850002,18.354,,W2
QSO_48.521519-17.9576436,58857.60180519998,18.673,,W2
QSO_48.521519-17.9576436,58858.2572746,18.52,,W2
QSO_48.521519-17.9576436,59061.977083599966,18.172,,W2
QSO_48.521519-17.9576436,59222.58002799997,18.38,,W2
QSO_48.521519-17.9576436,59222.8414045,17.854,0.314,W2
QSO_48.521519-17.9576436,59429.43319300002,18.355,,W2
QSO_48.521519-17.9576436,59793.86160299997,17.407,,W2
QSO_48.521519-17.9576436,59953.79076949997,18.695,,W2
QSO_48.521519-17.9576436,59953.92081899998,17.976,0.259,W2
QSO_48.521519-17.9576436,59954.05097799999,18.683,,W2
QSO_48.521519-17.9576436,60157.43806649996,18.573,,W2
QSO_48.521519-17.9576436,60158.15069250002,18.146,,W2
QSO_48.521519-17.9576436,60317.274762399975,17.916,,W2
QSO_48.381409-17.9248846,55219.57539599997,19.151000000000003,0.291,W1
QSO_48.381409-17.9248846,55219.57539599997,19.158,0.294,W1
QSO_48.381409-17.9248846,55219.575542,19.48,0.391,W1
QSO_48.381409-17.9248846,55219.575542,19.579,0.429,W1
QSO_48.381409-17.9248846,55222.08812899999,19.077,0.282,W1
QSO_48.381409-17.9248846,55222.08812899999,19.001,0.263,W1
QSO_48.381409-17.9248846,55222.220441499965,19.296,0.395,W1
QSO_48.381409-17.9248846,55222.220441499965,19.312,0.401,W1
QSO_48.381409-17.9248846,55222.418818999984,19.502,0.438,W1
QSO_48.381409-17.9248846,55222.418818999984,19.414,0.404,W1
QSO_48.381409-17.9248846,55222.48488400003,19.425,0.412,W1
QSO_48.381409-17.9248846,55222.48488400003,19.396,0.4,W1
QSO_48.381409-17.9248846,55222.55105849999,19.411,0.393,W1
QSO_48.381409-17.9248846,55222.55105849999,19.277,0.348,W1
QSO_48.381409-17.9248846,55222.68326149996,19.067,,W1
QSO_48.381409-17.9248846,55222.68326149996,19.319000000000003,0.474,W1
QSO_48.381409-17.9248846,55408.76314500002,19.321,0.35,W1
QSO_48.381409-17.9248846,55408.76314500002,19.122,,W1
QSO_48.381409-17.9248846,55408.895348,19.693,0.488,W1
QSO_48.381409-17.9248846,55408.895348,19.728,0.504,W1
QSO_48.381409-17.9248846,55409.02758749999,19.389000000000003,0.422,W1
QSO_48.381409-17.9248846,55409.02758749999,19.417,0.408,W1
QSO_48.381409-17.9248846,55409.35805849999,19.108,0.294,W1
QSO_48.381409-17.9248846,55409.35805849999,19.130000000000003,0.303,W1
QSO_48.381409-17.9248846,55409.42423300003,18.881,,W1
QSO_48.381409-17.9248846,55409.42423300003,18.909,,W1
QSO_48.381409-17.9248846,55409.49026150004,19.287,,W1
QSO_48.381409-17.9248846,55409.49026150004,19.297,,W1
QSO_48.381409-17.9248846,55409.62246450001,18.832,0.242,W1
QSO_48.381409-17.9248846,55409.62246450001,18.914,0.26,W1
QSO_48.381409-17.9248846,55409.75466749999,18.819000000000003,0.219,W1
QSO_48.381409-17.9248846,55409.75466749999,19.477,0.401,W1
QSO_48.381409-17.9248846,55409.88690699999,19.281,0.339,W1
QSO_48.381409-17.9248846,55409.88690699999,19.396,0.376,W1
QSO_48.381409-17.9248846,55411.40716850004,19.429,0.463,W1
QSO_48.381409-17.9248846,55411.40716850004,19.562,0.534,W1
QSO_48.381409-17.9248846,55411.40727799996,19.395000000000003,0.382,W1
QSO_48.381409-17.9248846,55411.40727799996,19.362,0.371,W1
QSO_48.381409-17.9248846,55411.53937150001,19.283,0.33,W1
QSO_48.381409-17.9248846,55411.53937150001,19.724,0.493,W1
QSO_48.381409-17.9248846,55411.60554599998,19.265,,W1
QSO_48.381409-17.9248846,55411.60554599998,19.208,,W1
QSO_48.381409-17.9248846,55411.67157449999,19.526000000000003,0.486,W1
QSO_48.381409-17.9248846,55411.67157449999,18.989,0.298,W1
QSO_48.381409-17.9248846,55411.73774900003,19.409,0.424,W1
QSO_48.381409-17.9248846,55411.73774900003,19.447000000000003,0.443,W1
QSO_48.381409-17.9248846,55411.803813999984,18.781,0.225,W1
QSO_48.381409-17.9248846,55411.803813999984,18.895000000000003,0.25,W1
QSO_48.381409-17.9248846,55411.869952,19.727,0.521,W1
QSO_48.381409-17.9248846,55411.869952,19.465,,W1
QSO_48.381409-17.9248846,55411.93601699996,19.645000000000003,,W1
QSO_48.381409-17.9248846,55411.93601699996,19.65,,W1
QSO_48.381409-17.9248846,55412.0021915,18.988,0.272,W1
QSO_48.381409-17.9248846,55412.0021915,19.347,0.418,W1
QSO_48.381409-17.9248846,55585.77416550001,19.674,0.48,W1
QSO_48.381409-17.9248846,55585.77416550001,19.748,0.513,W1
QSO_48.381409-17.9248846,55586.03846199996,19.383000000000003,0.469,W1
QSO_48.381409-17.9248846,55586.03846199996,19.447000000000003,0.494,W1
QSO_48.381409-17.9248846,55586.17066500001,19.679,,W1
QSO_48.381409-17.9248846,55586.17066500001,19.5,0.454,W1
QSO_48.381409-17.9248846,55586.236729999975,19.495,0.472,W1
QSO_48.381409-17.9248846,55586.236729999975,19.215,,W1
QSO_48.381409-17.9248846,55586.30275849999,19.555,,W1
QSO_48.381409-17.9248846,55586.30275849999,19.458,,W1
QSO_48.381409-17.9248846,55586.36893300003,19.123,0.343,W1
QSO_48.381409-17.9248846,55586.36893300003,19.136000000000003,0.354,W1
QSO_48.381409-17.9248846,55586.765432500026,18.819000000000003,0.291,W1
QSO_48.381409-17.9248846,55586.765432500026,18.573,0.216,W1
QSO_48.381409-17.9248846,55586.897526,19.288,0.363,W1
QSO_48.381409-17.9248846,55586.897526,19.655,,W1
QSO_48.381409-17.9248846,56684.40603450002,19.142000000000003,0.305,W1
QSO_48.381409-17.9248846,56873.68820900004,18.941000000000003,0.274,W1
QSO_48.381409-17.9248846,56873.81979150002,19.061,0.263,W1
QSO_48.381409-17.9248846,56874.01692799996,18.893,0.273,W1
QSO_48.381409-17.9248846,57044.92817869534,18.393,0.227,W1
QSO_48.381409-17.9248846,57045.05946919951,18.965,0.257,W1
QSO_48.381409-17.9248846,57235.27038065696,18.776000000000003,0.241,W1
QSO_48.381409-17.9248846,57235.46700616323,18.862,0.289,W1
QSO_48.381409-17.9248846,57235.53252366525,19.053,0.324,W1
QSO_48.381409-17.9248846,57408.302459842045,18.756,0.214,W1
QSO_48.381409-17.9248846,57602.45210698167,18.898000000000003,0.275,W1
QSO_48.381409-17.9248846,57602.71456558996,18.911,0.291,W1
QSO_48.381409-17.9248846,57769.74467650003,19.054,0.267,W1
QSO_48.381409-17.9248846,58129.529556500005,18.927,0.482,W1
QSO_48.381409-17.9248846,58129.79118849999,18.443,0.358,W1
QSO_48.381409-17.9248846,58331.19848050004,19.475,0.443,W1
QSO_48.381409-17.9248846,58697.7302395,18.768,0.232,W1
QSO_48.381409-17.9248846,58698.31854650003,18.975,0.375,W1
QSO_48.381409-17.9248846,58698.44936249998,18.653,0.21,W1
QSO_48.381409-17.9248846,59062.23932260004,18.636,0.192,W1
QSO_48.381409-17.9248846,59222.38395000003,19.095,0.351,W1
QSO_48.381409-17.9248846,59222.8414045,19.415,0.373,W1
QSO_48.381409-17.9248846,59222.971965,18.739,0.354,W1
QSO_48.381409-17.9248846,59429.82512999997,18.766,0.342,W1
QSO_48.381409-17.9248846,59586.57065700003,19.47,0.403,W1
QSO_48.381409-17.9248846,59953.07485850004,18.551,0.259,W1
QSO_48.381409-17.9248846,60157.89146950004,18.946,0.307,W1
QSO_48.381409-17.9248846,55219.57539599997,18.356,,W2
QSO_48.381409-17.9248846,55219.57539599997,18.337,,W2
QSO_48.381409-17.9248846,55219.575542,18.728,,W2
QSO_48.381409-17.9248846,55219.575542,18.78,,W2
QSO_48.381409-17.9248846,55222.08812899999,18.979,,W2
QSO_48.381409-17.9248846,55222.08812899999,18.947,,W2
QSO_48.381409-17.9248846,55222.220441499965,18.03,,W2
QSO_48.381409-17.9248846,55222.220441499965,18.051,,W2
QSO_48.381409-17.9248846,55222.418818999984,18.863,,W2
QSO_48.381409-17.9248846,55222.418818999984,18.862,,W2
QSO_48.381409-17.9248846,55222.48488400003,18.762,,W2
QSO_48.381409-17.9248846,55222.48488400003,18.767,,W2
QSO_48.381409-17.9248846,55222.55105849999,18.706,,W2
QSO_48.381409-17.9248846,55222.55105849999,18.698,,W2
QSO_48.381409-17.9248846,55222.68326149996,18.44,,W2
QSO_48.381409-17.9248846,55222.68326149996,18.566,,W2
QSO_48.381409-17.9248846,55408.76314500002,18.195,,W2
QSO_48.381409-17.9248846,55408.76314500002,18.207,,W2
QSO_48.381409-17.9248846,55408.895348,18.603,,W2
QSO_48.381409-17.9248846,55408.895348,18.671,,W2
QSO_48.381409-17.9248846,55409.02758749999,18.786,,W2
QSO_48.381409-17.9248846,55409.02758749999,18.785,,W2
QSO_48.381409-17.9248846,55409.35805849999,18.546,,W2
QSO_48.381409-17.9248846,55409.35805849999,18.567,,W2
QSO_48.381409-17.9248846,55409.42423300003,18.48,,W2
QSO_48.381409-17.9248846,55409.42423300003,18.52,,W2
QSO_48.381409-17.9248846,55409.49026150004,18.952,,W2
QSO_48.381409-17.9248846,55409.49026150004,18.954,,W2
QSO_48.381409-17.9248846,55409.62246450001,18.95,,W2
QSO_48.381409-17.9248846,55409.62246450001,18.954,,W2
QSO_48.381409-17.9248846,55409.75466749999,18.615,,W2
QSO_48.381409-17.9248846,55409.75466749999,18.651,,W2
QSO_48.381409-17.9248846,55409.88690699999,19.01,,W2
QSO_48.381409-17.9248846,55409.88690699999,18.985,,W2
QSO_48.381409-17.9248846,55411.40716850004,18.366,,W2
QSO_48.381409-17.9248846,55411.40716850004,18.328,,W2
QSO_48.381409-17.9248846,55411.40727799996,18.585,,W2
QSO_48.381409-17.9248846,55411.40727799996,18.573,,W2
QSO_48.381409-17.9248846,55411.53937150001,18.435,,W2
QSO_48.381409-17.9248846,55411.53937150001,18.406,,W2
QSO_48.381409-17.9248846,55411.60554599998,18.466,,W2
QSO_48.381409-17.9248846,55411.60554599998,18.425,,W2
QSO_48.381409-17.9248846,55411.67157449999,18.976,,W2
QSO_48.381409-17.9248846,55411.67157449999,18.878,,W2
QSO_48.381409-17.9248846,55411.73774900003,18.738,,W2
QSO_48.381409-17.9248846,55411.73774900003,18.82,,W2
QSO_48.381409-17.9248846,55411.803813999984,18.858,,W2
QSO_48.381409-17.9248846,55411.803813999984,18.809,,W2
QSO_48.381409-17.9248846,55411.869952,18.612,,W2
QSO_48.381409-17.9248846,55411.869952,18.597,,W2
QSO_48.381409-17.9248846,55411.93601699996,18.909,,W2
QSO_48.381409-17.9248846,55411.93601699996,18.857,,W2
QSO_48.381409-17.9248846,55412.0021915,18.467,,W2
QSO_48.381409-17.9248846,55412.0021915,18.489,,W2
QSO_48.381409-17.9248846,55585.77416550001,18.653,,W2
QSO_48.381409-17.9248846,55585.77416550001,18.742,,W2
QSO_48.381409-17.9248846,55586.03846199996,18.659,,W2
QSO_48.381409-17.9248846,55586.03846199996,18.601,,W2
QSO_48.381409-17.9248846,55586.17066500001,19.034,,W2
QSO_48.381409-17.9248846,55586.17066500001,19.032,,W2
QSO_48.381409-17.9248846,55586.236729999975,18.332,,W2
QSO_48.381409-17.9248846,55586.236729999975,18.334,,W2
QSO_48.381409-17.9248846,55586.30275849999,18.923,,W2
QSO_48.381409-17.9248846,55586.30275849999,19.016,,W2
QSO_48.381409-17.9248846,55586.36893300003,18.868,,W2
QSO_48.381409-17.9248846,55586.36893300003,18.852,,W2
QSO_48.381409-17.9248846,55586.765432500026,18.403,,W2
QSO_48.381409-17.9248846,55586.765432500026,18.424,,W2
QSO_48.381409-17.9248846,55586.897526,18.223,,W2
QSO_48.381409-17.9248846,55586.897526,18.229,,W2
QSO_48.381409-17.9248846,56684.40603450002,18.641,0.525,W2
QSO_48.381409-17.9248846,56873.68820900004,18.088,,W2
QSO_48.381409-17.9248846,56873.81979150002,18.022,,W2
QSO_48.381409-17.9248846,56874.01692799996,18.391,,W2
QSO_48.381409-17.9248846,57044.92817869534,18.296,,W2
QSO_48.381409-17.9248846,57045.05946919951,18.493,,W2
QSO_48.381409-17.9248846,57235.27038065696,18.64,,W2
QSO_48.381409-17.9248846,57235.46700616323,18.481,,W2
QSO_48.381409-17.9248846,57235.53252366525,18.224,0.314,W2
QSO_48.381409-17.9248846,57408.302459842045,18.654,0.44,W2
QSO_48.381409-17.9248846,57602.45210698167,18.516,,W2
QSO_48.381409-17.9248846,57602.71456558996,18.086,,W2
QSO_48.381409-17.9248846,57769.74467650003,18.89,,W2
QSO_48.381409-17.9248846,58129.529556500005,17.57,,W2
QSO_48.381409-17.9248846,58129.79118849999,18.141,,W2
QSO_48.381409-17.9248846,58331.19848050004,18.215,0.364,W2
QSO_48.381409-17.9248846,58697.7302395,18.169,,W2
QSO_48.381409-17.9248846,58698.31854650003,18.938,,W2
QSO_48.381409-17.9248846,58698.44936249998,18.351,,W2
QSO_48.381409-17.9248846,59062.23932260004,18.091,,W2
QSO_48.381409-17.9248846,59222.38395000003,18.905,,W2
QSO_48.381409-17.9248846,59222.8414045,18.968,,W2
QSO_48.381409-17.9248846,59222.971965,18.553,,W2
QSO_48.381409-17.9248846,59429.82512999997,18.012999999999998,,W2
QSO_48.381409-17.9248846,59586.57065700003,18.613,,W2
QSO_48.381409-17.9248846,59953.07485850004,18.608,,W2
QSO_48.381409-17.9248846,60157.89146950004,18.306,,W2
QSO_48.3024529-18.1995726,55219.57539599997,19.056,0.301,W1
QSO_48.3024529-18.1995726,55221.69133750001,18.897,0.26,W1
QSO_48.3024529-18.1995726,55222.08812899999,18.597,0.193,W1
QSO_48.3024529-18.1995726,55222.41870949998,18.677,0.233,W1
QSO_48.3024529-18.1995726,55222.55091250004,18.401,0.153,W1
QSO_48.3024529-18.1995726,55222.55105849999,18.477,0.176,W1
QSO_48.3024529-18.1995726,55222.68326149996,19.117,,W1
QSO_48.3024529-18.1995726,55408.498739,18.575,0.195,W1
QSO_48.3024529-18.1995726,55408.49884849999,18.934,0.265,W1
QSO_48.3024529-18.1995726,55408.63094199997,19.068,0.288,W1
QSO_48.3024529-18.1995726,55408.76314500002,18.926,0.271,W1
QSO_48.3024529-18.1995726,55408.895348,18.274,0.156,W1
QSO_48.3024529-18.1995726,55408.96152250004,18.723,0.217,W1
QSO_48.3024529-18.1995726,55409.02758749999,19.006,0.285,W1
QSO_48.3024529-18.1995726,55409.35805849999,18.901000000000003,0.233,W1
QSO_48.3024529-18.1995726,55409.35816799999,19.024,0.289,W1
QSO_48.3024529-18.1995726,55409.49026150004,19.466,0.46,W1
QSO_48.3024529-18.1995726,55409.49037099996,18.87,0.245,W1
QSO_48.3024529-18.1995726,55409.62246450001,19.664,0.541,W1
QSO_48.3024529-18.1995726,55409.75466749999,19.487,0.411,W1
QSO_48.3024529-18.1995726,55411.40727799996,18.691000000000003,0.216,W1
QSO_48.3024529-18.1995726,55411.473343,18.617,0.215,W1
QSO_48.3024529-18.1995726,55411.539517499965,19.032,0.276,W1
QSO_48.3024529-18.1995726,55411.60554599998,18.593,0.191,W1
QSO_48.3024529-18.1995726,55411.67172050002,19.196,0.317,W1
QSO_48.3024529-18.1995726,55411.73774900003,18.405,0.175,W1
QSO_48.3024529-18.1995726,55411.869952,19.151000000000003,0.344,W1
QSO_48.3024529-18.1995726,55412.0021915,18.696,0.196,W1
QSO_48.3024529-18.1995726,55585.77416550001,18.608,0.2,W1
QSO_48.3024529-18.1995726,55585.90625899999,19.087000000000003,0.3,W1
QSO_48.3024529-18.1995726,55585.97243350003,19.323,0.365,W1
QSO_48.3024529-18.1995726,55586.03846199996,19.222,0.332,W1
QSO_48.3024529-18.1995726,55586.10449049997,19.129,,W1
QSO_48.3024529-18.1995726,55586.17055550001,18.62,0.2,W1
QSO_48.3024529-18.1995726,55586.17066500001,19.186,0.451,W1
QSO_48.3024529-18.1995726,55586.236729999975,19.539,,W1
QSO_48.3024529-18.1995726,55586.30275849999,18.803,0.29,W1
QSO_48.3024529-18.1995726,55586.368787,18.751,0.285,W1
QSO_48.3024529-18.1995726,55586.36893300003,19.026000000000003,0.286,W1
QSO_48.3024529-18.1995726,55586.76532300002,18.647,0.204,W1
QSO_48.3024529-18.1995726,56683.61580949998,19.039,0.299,W1
QSO_48.3024529-18.1995726,56684.010922000045,18.93,,W1
QSO_48.3024529-18.1995726,56684.076840999965,18.803,0.254,W1
QSO_48.3024529-18.1995726,56684.20842350003,17.848,0.178,W1
QSO_48.3024529-18.1995726,56684.34011550001,18.503,0.184,W1
QSO_48.3024529-18.1995726,56684.603426500005,18.572,0.203,W1
QSO_48.3024529-18.1995726,56873.42533599998,19.067,0.283,W1
QSO_48.3024529-18.1995726,56873.55677250001,18.857,0.276,W1
QSO_48.3024529-18.1995726,56873.62254549998,18.445,0.171,W1
QSO_48.3024529-18.1995726,56873.688354999984,19.401000000000003,0.399,W1
QSO_48.3024529-18.1995726,56873.75401850004,19.01,0.348,W1
QSO_48.3024529-18.1995726,56873.81979150002,18.795,0.258,W1
QSO_48.3024529-18.1995726,56873.88545499999,18.776000000000003,0.252,W1
QSO_48.3024529-18.1995726,56873.95126449999,18.677,0.217,W1
QSO_48.3024529-18.1995726,57044.92803269531,18.804,0.243,W1
QSO_48.3024529-18.1995726,57045.12502320155,18.699,0.261,W1
QSO_48.3024529-18.1995726,57045.19068670369,19.226,0.319,W1
QSO_48.3024529-18.1995726,57235.20486315486,18.881,0.255,W1
QSO_48.3024529-18.1995726,57235.27038065696,18.618,0.307,W1
QSO_48.3024529-18.1995726,57235.46711566324,18.912,0.261,W1
QSO_48.3024529-18.1995726,57235.72925867153,19.214,0.402,W1
QSO_48.3024529-18.1995726,57407.84247102752,19.195,0.438,W1
QSO_48.3024529-18.1995726,57408.302459842045,18.747,0.226,W1
QSO_48.3024529-18.1995726,57602.058217769234,18.446,0.177,W1
QSO_48.3024529-18.1995726,57602.51769418376,18.752,0.252,W1
QSO_48.3024529-18.1995726,57602.58342778581,18.537,0.336,W1
QSO_48.3024529-18.1995726,57602.6490149879,18.959000000000003,0.269,W1
QSO_48.3024529-18.1995726,57602.71471198992,18.862,0.242,W1
QSO_48.3024529-18.1995726,57602.8459961941,18.667,0.204,W1
QSO_48.3024529-18.1995726,57603.04290420034,18.629,0.404,W1
QSO_48.3024529-18.1995726,57603.174188404526,19.558,0.5,W1
QSO_48.3024529-18.1995726,57769.286419,18.629,0.272,W1
QSO_48.3024529-18.1995726,57769.41738099999,18.839,0.253,W1
QSO_48.3024529-18.1995726,57769.548197000026,19.166,0.299,W1
QSO_48.3024529-18.1995726,57769.67912249998,19.142000000000003,0.328,W1
QSO_48.3024529-18.1995726,57769.7445305,19.008000000000003,0.325,W1
QSO_48.3024529-18.1995726,57769.810084499964,18.894,0.256,W1
QSO_48.3024529-18.1995726,57770.00641800002,18.861,0.24,W1
QSO_48.3024529-18.1995726,57966.74576149997,18.597,0.231,W1
QSO_48.3024529-18.1995726,57966.8111695,19.428,0.427,W1
QSO_48.3024529-18.1995726,57967.00750299997,19.337000000000003,0.383,W1
QSO_48.3024529-18.1995726,57967.07291099998,18.664,0.275,W1
QSO_48.3024529-18.1995726,57967.138319000005,18.933,0.25,W1
QSO_48.3024529-18.1995726,57967.33454299997,19.165,0.483,W1
QSO_48.3024529-18.1995726,57967.59628449996,18.509,0.172,W1
QSO_48.3024529-18.1995726,58129.529556500005,18.716,0.209,W1
QSO_48.3024529-18.1995726,58129.66037250004,19.033,0.307,W1
QSO_48.3024529-18.1995726,58129.72578049997,18.35,0.201,W1
QSO_48.3024529-18.1995726,58129.79118849999,19.223,0.318,W1
QSO_48.3024529-18.1995726,58330.41387649998,18.742,,W1
QSO_48.3024529-18.1995726,58330.54454649998,18.866,0.275,W1
QSO_48.3024529-18.1995726,58330.9369945,18.311,0.187,W1
QSO_48.3024529-18.1995726,58331.00240250002,18.595,0.303,W1
QSO_48.3024529-18.1995726,58331.067664500006,18.642,0.204,W1
QSO_48.3024529-18.1995726,58331.19848050004,18.742,0.213,W1
QSO_48.3024529-18.1995726,58490.38144099998,18.797,0.238,W1
QSO_48.3024529-18.1995726,58490.51225700002,18.579,,W1
QSO_48.3024529-18.1995726,58490.57766500003,19.405,0.363,W1
QSO_48.3024529-18.1995726,58490.96996700002,18.711,0.205,W1
QSO_48.3024529-18.1995726,58491.10067349997,19.536,0.522,W1
QSO_48.3024529-18.1995726,58697.46875349996,18.45,0.208,W1
QSO_48.3024529-18.1995726,58697.5995695,19.53,0.463,W1
QSO_48.3024529-18.1995726,58697.66497750001,18.499,0.23,W1
QSO_48.3024529-18.1995726,58697.7302395,18.399,0.269,W1
QSO_48.3024529-18.1995726,58697.79564750002,18.686,0.231,W1
QSO_48.3024529-18.1995726,58697.92635399996,18.59,0.217,W1
QSO_48.3024529-18.1995726,58697.92646349996,19.007,0.295,W1
QSO_48.3024529-18.1995726,58857.01192299998,18.714,0.251,W1
QSO_48.3024529-18.1995726,58857.33971260003,18.598,0.195,W1
QSO_48.3024529-18.1995726,58857.60180519998,18.787,0.46,W1
QSO_48.3024529-18.1995726,58857.864007600016,18.456,0.195,W1
QSO_48.3024529-18.1995726,59221.86119699996,18.612,0.207,W1
QSO_48.3024529-18.1995726,59222.38395000003,18.538,0.177,W1
QSO_48.3024529-18.1995726,59222.51462000003,19.124,0.357,W1
QSO_48.3024529-18.1995726,59222.84125849997,19.381,0.36,W1
QSO_48.3024529-18.1995726,59222.971965,19.08,0.321,W1
QSO_48.3024529-18.1995726,59426.1672095,18.905,0.316,W1
QSO_48.3024529-18.1995726,59426.2978795,18.681,0.217,W1
QSO_48.3024529-18.1995726,59426.36314149998,18.938,0.265,W1
QSO_48.3024529-18.1995726,59426.42844,18.863,,W1
QSO_48.3024529-18.1995726,59429.04140200002,19.065,,W1
QSO_48.3024529-18.1995726,59429.43319300002,18.658,0.237,W1
QSO_48.3024529-18.1995726,59429.43333899997,19.018,0.306,W1
QSO_48.3024529-18.1995726,59429.69456949997,18.514,0.18,W1
QSO_48.3024529-18.1995726,59429.75986799998,19.054,0.311,W1
QSO_48.3024529-18.1995726,59429.82512999997,18.638,0.213,W1
QSO_48.3024529-18.1995726,59586.50539499997,18.983,0.259,W1
QSO_48.3024529-18.1995726,59586.635955499965,18.5,0.171,W1
QSO_48.3024529-18.1995726,59792.94910300003,18.638,0.207,W1
QSO_48.3024529-18.1995726,59793.40542600002,18.847,0.262,W1
QSO_48.3024529-18.1995726,59793.731298000006,19.151000000000003,0.305,W1
QSO_48.3024529-18.1995726,59793.92675550003,18.882,0.307,W1
QSO_48.3024529-18.1995726,59952.554259000026,18.233,0.235,W1
QSO_48.3024529-18.1995726,59953.00981549998,18.975,0.258,W1
QSO_48.3024529-18.1995726,59953.33521300001,19.051,0.303,W1
QSO_48.3024529-18.1995726,59953.530415,18.59,0.202,W1
QSO_48.3024529-18.1995726,60157.30852800003,18.641,0.205,W1
QSO_48.3024529-18.1995726,60157.43806649996,19.043,0.37,W1
QSO_48.3024529-18.1995726,60157.50285399999,18.839,0.295,W1
QSO_48.3024529-18.1995726,60157.6323925,18.588,0.267,W1
QSO_48.3024529-18.1995726,60157.76207699997,19.149,0.409,W1
QSO_48.3024529-18.1995726,60316.75749459999,18.937,0.302,W1
QSO_48.3024529-18.1995726,60317.08070919999,19.198,0.379,W1
QSO_48.3024529-18.1995726,60317.274762399975,18.228,0.146,W1
QSO_48.3024529-18.1995726,60317.339324800014,19.136000000000003,0.349,W1
QSO_48.3024529-18.1995726,60317.597976999976,18.769,0.318,W1
QSO_48.3024529-18.1995726,55219.57539599997,18.338,0.314,W2
QSO_48.3024529-18.1995726,55221.69133750001,18.78,0.404,W2
QSO_48.3024529-18.1995726,55222.08812899999,18.515,0.337,W2
QSO_48.3024529-18.1995726,55222.41870949998,18.345,,W2
QSO_48.3024529-18.1995726,55222.55091250004,18.14,,W2
QSO_48.3024529-18.1995726,55222.55105849999,17.998,0.24,W2
QSO_48.3024529-18.1995726,55222.68326149996,18.923,0.514,W2
QSO_48.3024529-18.1995726,55408.498739,18.25,,W2
QSO_48.3024529-18.1995726,55408.49884849999,17.99,0.222,W2
QSO_48.3024529-18.1995726,55408.63094199997,18.019,0.243,W2
QSO_48.3024529-18.1995726,55408.76314500002,18.402,,W2
QSO_48.3024529-18.1995726,55408.895348,18.138,,W2
QSO_48.3024529-18.1995726,55408.96152250004,18.279,0.279,W2
QSO_48.3024529-18.1995726,55409.02758749999,18.721,0.403,W2
QSO_48.3024529-18.1995726,55409.35805849999,18.319,0.29,W2
QSO_48.3024529-18.1995726,55409.35816799999,18.313,0.302,W2
QSO_48.3024529-18.1995726,55409.49026150004,18.505,0.324,W2
QSO_48.3024529-18.1995726,55409.49037099996,18.358,0.34,W2
QSO_48.3024529-18.1995726,55409.62246450001,18.846,0.499,W2
QSO_48.3024529-18.1995726,55409.75466749999,18.462,0.325,W2
QSO_48.3024529-18.1995726,55411.40727799996,18.391,,W2
QSO_48.3024529-18.1995726,55411.473343,18.306,,W2
QSO_48.3024529-18.1995726,55411.539517499965,18.2,,W2
QSO_48.3024529-18.1995726,55411.60554599998,18.602,,W2
QSO_48.3024529-18.1995726,55411.67172050002,18.94,0.532,W2
QSO_48.3024529-18.1995726,55411.73774900003,18.239,0.3,W2
QSO_48.3024529-18.1995726,55411.869952,18.649,0.396,W2
QSO_48.3024529-18.1995726,55412.0021915,18.53,0.378,W2
QSO_48.3024529-18.1995726,55585.77416550001,18.575,0.374,W2
QSO_48.3024529-18.1995726,55585.90625899999,18.922,0.514,W2
QSO_48.3024529-18.1995726,55585.97243350003,18.426,0.331,W2
QSO_48.3024529-18.1995726,55586.03846199996,18.35,,W2
QSO_48.3024529-18.1995726,55586.10449049997,18.379,0.348,W2
QSO_48.3024529-18.1995726,55586.17055550001,18.237,,W2
QSO_48.3024529-18.1995726,55586.17066500001,18.772,0.437,W2
QSO_48.3024529-18.1995726,55586.236729999975,18.135,0.248,W2
QSO_48.3024529-18.1995726,55586.30275849999,18.689,0.423,W2
QSO_48.3024529-18.1995726,55586.368787,18.887,0.489,W2
QSO_48.3024529-18.1995726,55586.36893300003,18.797,0.457,W2
QSO_48.3024529-18.1995726,55586.76532300002,18.382,,W2
QSO_48.3024529-18.1995726,56683.61580949998,18.1,,W2
QSO_48.3024529-18.1995726,56684.010922000045,17.735,0.225,W2
QSO_48.3024529-18.1995726,56684.076840999965,18.272,0.297,W2
QSO_48.3024529-18.1995726,56684.20842350003,18.176,,W2
QSO_48.3024529-18.1995726,56684.34011550001,18.07,,W2
QSO_48.3024529-18.1995726,56684.603426500005,18.233,,W2
QSO_48.3024529-18.1995726,56873.42533599998,18.167,0.418,W2
QSO_48.3024529-18.1995726,56873.55677250001,18.335,0.3,W2
QSO_48.3024529-18.1995726,56873.62254549998,18.697,0.423,W2
QSO_48.3024529-18.1995726,56873.688354999984,18.175,0.315,W2
QSO_48.3024529-18.1995726,56873.75401850004,18.627,0.476,W2
QSO_48.3024529-18.1995726,56873.81979150002,18.917,0.498,W2
QSO_48.3024529-18.1995726,56873.88545499999,17.875,,W2
QSO_48.3024529-18.1995726,56873.95126449999,18.299,0.297,W2
QSO_48.3024529-18.1995726,57044.92803269531,18.284,,W2
QSO_48.3024529-18.1995726,57045.12502320155,18.151,0.263,W2
QSO_48.3024529-18.1995726,57045.19068670369,18.652,0.488,W2
QSO_48.3024529-18.1995726,57235.20486315486,17.705,,W2
QSO_48.3024529-18.1995726,57235.27038065696,18.667,,W2
QSO_48.3024529-18.1995726,57235.46711566324,18.271,0.37,W2
QSO_48.3024529-18.1995726,57235.72925867153,18.716,,W2
QSO_48.3024529-18.1995726,57407.84247102752,18.364,0.368,W2
QSO_48.3024529-18.1995726,57408.302459842045,18.406,0.334,W2
QSO_48.3024529-18.1995726,57602.058217769234,18.21,0.408,W2
QSO_48.3024529-18.1995726,57602.51769418376,18.365,0.322,W2
QSO_48.3024529-18.1995726,57602.58342778581,17.854,,W2
QSO_48.3024529-18.1995726,57602.6490149879,17.745,0.325,W2
QSO_48.3024529-18.1995726,57602.71471198992,18.012999999999998,,W2
QSO_48.3024529-18.1995726,57602.8459961941,18.405,0.38,W2
QSO_48.3024529-18.1995726,57603.04290420034,18.276,0.425,W2
QSO_48.3024529-18.1995726,57603.174188404526,18.449,0.394,W2
QSO_48.3024529-18.1995726,57769.286419,18.182,,W2
QSO_48.3024529-18.1995726,57769.41738099999,18.838,0.542,W2
QSO_48.3024529-18.1995726,57769.548197000026,18.154,0.384,W2
QSO_48.3024529-18.1995726,57769.67912249998,18.201,0.308,W2
QSO_48.3024529-18.1995726,57769.7445305,17.838,,W2
QSO_48.3024529-18.1995726,57769.810084499964,18.086,0.287,W2
QSO_48.3024529-18.1995726,57770.00641800002,18.432,0.369,W2
QSO_48.3024529-18.1995726,57966.74576149997,18.217,0.347,W2
QSO_48.3024529-18.1995726,57966.8111695,18.764,0.459,W2
QSO_48.3024529-18.1995726,57967.00750299997,18.245,0.325,W2
QSO_48.3024529-18.1995726,57967.07291099998,18.568,0.373,W2
QSO_48.3024529-18.1995726,57967.138319000005,18.475,0.477,W2
QSO_48.3024529-18.1995726,57967.33454299997,17.78,0.318,W2
QSO_48.3024529-18.1995726,57967.59628449996,18.201,0.369,W2
QSO_48.3024529-18.1995726,58129.529556500005,18.803,0.483,W2
QSO_48.3024529-18.1995726,58129.66037250004,18.413,0.4,W2
QSO_48.3024529-18.1995726,58129.72578049997,18.229,0.343,W2
QSO_48.3024529-18.1995726,58129.79118849999,18.246,,W2
QSO_48.3024529-18.1995726,58330.41387649998,17.985,0.256,W2
QSO_48.3024529-18.1995726,58330.54454649998,18.359,0.404,W2
QSO_48.3024529-18.1995726,58330.9369945,18.709,0.542,W2
QSO_48.3024529-18.1995726,58331.00240250002,18.311,0.329,W2
QSO_48.3024529-18.1995726,58331.067664500006,18.421,0.384,W2
QSO_48.3024529-18.1995726,58331.19848050004,18.338,0.316,W2
QSO_48.3024529-18.1995726,58490.38144099998,17.83,,W2
QSO_48.3024529-18.1995726,58490.51225700002,18.065,0.273,W2
QSO_48.3024529-18.1995726,58490.57766500003,18.576,0.474,W2
QSO_48.3024529-18.1995726,58490.96996700002,18.596,0.45,W2
QSO_48.3024529-18.1995726,58491.10067349997,18.375,,W2
QSO_48.3024529-18.1995726,58697.46875349996,18.002,,W2
QSO_48.3024529-18.1995726,58697.5995695,17.505,0.28,W2
QSO_48.3024529-18.1995726,58697.66497750001,17.889,,W2
QSO_48.3024529-18.1995726,58697.7302395,18.331,0.386,W2
QSO_48.3024529-18.1995726,58697.79564750002,18.709,0.543,W2
QSO_48.3024529-18.1995726,58697.92635399996,18.491,,W2
QSO_48.3024529-18.1995726,58697.92646349996,18.136,0.416,W2
QSO_48.3024529-18.1995726,58857.01192299998,18.495,0.434,W2
QSO_48.3024529-18.1995726,58857.33971260003,17.894,0.308,W2
QSO_48.3024529-18.1995726,58857.60180519998,18.277,0.363,W2
QSO_48.3024529-18.1995726,58857.864007600016,18.81,0.468,W2
QSO_48.3024529-18.1995726,59221.86119699996,17.974,0.256,W2
QSO_48.3024529-18.1995726,59222.38395000003,18.559,0.456,W2
QSO_48.3024529-18.1995726,59222.51462000003,18.044,0.48,W2
QSO_48.3024529-18.1995726,59222.84125849997,18.156,0.307,W2
QSO_48.3024529-18.1995726,59222.971965,18.082,,W2
QSO_48.3024529-18.1995726,59426.1672095,18.23,0.345,W2
QSO_48.3024529-18.1995726,59426.2978795,18.224,,W2
QSO_48.3024529-18.1995726,59426.36314149998,18.501,0.427,W2
QSO_48.3024529-18.1995726,59426.42844,18.256,0.381,W2
QSO_48.3024529-18.1995726,59429.04140200002,18.568,,W2
QSO_48.3024529-18.1995726,59429.43319300002,18.353,0.422,W2
QSO_48.3024529-18.1995726,59429.43333899997,18.418,0.358,W2
QSO_48.3024529-18.1995726,59429.69456949997,18.303,,W2
QSO_48.3024529-18.1995726,59429.75986799998,18.383,0.331,W2
QSO_48.3024529-18.1995726,59429.82512999997,17.7,0.279,W2
QSO_48.3024529-18.1995726,59586.50539499997,18.292,,W2
QSO_48.3024529-18.1995726,59586.635955499965,18.529,,W2
QSO_48.3024529-18.1995726,59792.94910300003,18.309,,W2
QSO_48.3024529-18.1995726,59793.40542600002,18.698,0.496,W2
QSO_48.3024529-18.1995726,59793.731298000006,18.143,0.434,W2
QSO_48.3024529-18.1995726,59793.92675550003,18.101,0.363,W2
QSO_48.3024529-18.1995726,59952.554259000026,18.461,,W2
QSO_48.3024529-18.1995726,59953.00981549998,18.081,,W2
QSO_48.3024529-18.1995726,59953.33521300001,18.148,,W2
QSO_48.3024529-18.1995726,59953.530415,18.165,,W2
QSO_48.3024529-18.1995726,60157.30852800003,18.336,0.489,W2
QSO_48.3024529-18.1995726,60157.43806649996,18.062,0.289,W2
QSO_48.3024529-18.1995726,60157.50285399999,17.903,,W2
QSO_48.3024529-18.1995726,60157.6323925,18.208,0.339,W2
QSO_48.3024529-18.1995726,60157.76207699997,18.003999999999998,,W2
QSO_48.3024529-18.1995726,60316.75749459999,17.564,,W2
QSO_48.3024529-18.1995726,60317.08070919999,18.471,0.392,W2
QSO_48.3024529-18.1995726,60317.274762399975,17.811,,W2
QSO_48.3024529-18.1995726,60317.339324800014,17.902,0.259,W2
QSO_48.3024529-18.1995726,60317.597976999976,18.486,,W2
QSO_48.4189359-18.2224346,55219.57539599997,18.929,0.285,W1
QSO_48.4189359-18.2224346,55222.08812899999,18.577,0.203,W1
QSO_48.4189359-18.2224346,55222.35253500002,19.56,0.472,W1
QSO_48.4189359-18.2224346,55222.41870949998,18.964,0.296,W1
QSO_48.4189359-18.2224346,55222.48488400003,19.309,,W1
QSO_48.4189359-18.2224346,55222.55091250004,18.864,0.22,W1
QSO_48.4189359-18.2224346,55222.68326149996,19.178,0.335,W1
QSO_48.4189359-18.2224346,55408.63094199997,19.077,0.309,W1
QSO_48.4189359-18.2224346,55408.63105149997,19.501,0.421,W1
QSO_48.4189359-18.2224346,55408.76314500002,19.751,0.508,W1
QSO_48.4189359-18.2224346,55408.895348,19.084000000000003,0.288,W1
QSO_48.4189359-18.2224346,55409.02758749999,19.034,0.293,W1
QSO_48.4189359-18.2224346,55409.35816799999,19.662,0.465,W1
QSO_48.4189359-18.2224346,55409.42423300003,19.193,,W1
QSO_48.4189359-18.2224346,55409.49026150004,19.533,0.482,W1
QSO_48.4189359-18.2224346,55409.49037099996,19.229,,W1
QSO_48.4189359-18.2224346,55409.62246450001,19.567,0.444,W1
QSO_48.4189359-18.2224346,55409.75466749999,19.497,,W1
QSO_48.4189359-18.2224346,55411.40727799996,19.194000000000003,,W1
QSO_48.4189359-18.2224346,55411.473343,19.158,0.315,W1
QSO_48.4189359-18.2224346,55411.539517499965,18.869,0.251,W1
QSO_48.4189359-18.2224346,55411.60554599998,19.16,0.29,W1
QSO_48.4189359-18.2224346,55411.67172050002,19.292,,W1
QSO_48.4189359-18.2224346,55411.73774900003,19.151000000000003,0.319,W1
QSO_48.4189359-18.2224346,55411.80392349999,18.792,0.215,W1
QSO_48.4189359-18.2224346,55411.869952,19.371,,W1
QSO_48.4189359-18.2224346,55412.0021915,19.814,,W1
QSO_48.4189359-18.2224346,55585.77401949999,19.225,0.344,W1
QSO_48.4189359-18.2224346,55585.77416550001,19.622,,W1
QSO_48.4189359-18.2224346,55585.90625899999,18.732,0.379,W1
QSO_48.4189359-18.2224346,55586.03846199996,19.217,0.324,W1
QSO_48.4189359-18.2224346,55586.10449049997,18.885,0.24,W1
QSO_48.4189359-18.2224346,55586.17055550001,18.874,0.34,W1
QSO_48.4189359-18.2224346,55586.236729999975,19.097,0.292,W1
QSO_48.4189359-18.2224346,55586.30275849999,19.078000000000003,,W1
QSO_48.4189359-18.2224346,55586.368787,18.927,,W1
QSO_48.4189359-18.2224346,55586.76532300002,19.57,0.438,W1
QSO_48.4189359-18.2224346,56684.010922000045,18.918,0.246,W1
QSO_48.4189359-18.2224346,56684.076840999965,19.135,,W1
QSO_48.4189359-18.2224346,56684.34011550001,19.004,0.316,W1
QSO_48.4189359-18.2224346,56684.405925000014,18.864,0.25,W1
QSO_48.4189359-18.2224346,56873.55691850004,19.133000000000003,0.3,W1
QSO_48.4189359-18.2224346,56873.88560100002,19.142000000000003,0.369,W1
QSO_48.4189359-18.2224346,57045.12502320155,19.688,0.51,W1
QSO_48.4189359-18.2224346,57045.45334071198,18.912,0.307,W1
QSO_48.4189359-18.2224346,57235.4014521611,18.799,0.257,W1
QSO_48.4189359-18.2224346,57408.105295635774,18.638,0.188,W1
QSO_48.4189359-18.2224346,57408.17102923791,19.163,0.345,W1
QSO_48.4189359-18.2224346,57602.71471198992,18.541,0.406,W1
QSO_48.4189359-18.2224346,57603.04290420034,18.667,0.441,W1
QSO_48.4189359-18.2224346,57769.41738099999,18.814,0.25,W1
QSO_48.4189359-18.2224346,57769.61371449996,19.007,0.264,W1
QSO_48.4189359-18.2224346,57769.67912249998,19.023000000000003,0.336,W1
QSO_48.4189359-18.2224346,57769.80993850002,18.978,0.309,W1
QSO_48.4189359-18.2224346,57770.006308500015,19.137,0.399,W1
QSO_48.4189359-18.2224346,57770.00641800002,18.832,0.215,W1
QSO_48.4189359-18.2224346,57967.00750299997,18.72,0.208,W1
QSO_48.4189359-18.2224346,58129.66037250004,19.327,0.37,W1
QSO_48.4189359-18.2224346,58130.24904450003,18.677,0.218,W1
QSO_48.4189359-18.2224346,58331.13307250002,19.111,0.434,W1
QSO_48.4189359-18.2224346,58331.39470450001,19.145000000000003,0.344,W1
QSO_48.4189359-18.2224346,58491.10067349997,19.524,0.429,W1
QSO_48.4189359-18.2224346,58697.861055500034,19.011000000000003,,W1
QSO_48.4189359-18.2224346,59426.167319,18.506,0.287,W1
QSO_48.4189359-18.2224346,59429.9558365,18.746,0.259,W1
QSO_48.4189359-18.2224346,59430.15165899998,18.721,0.292,W1
QSO_48.4189359-18.2224346,59586.50539499997,18.792,0.213,W1
QSO_48.4189359-18.2224346,59586.57065700003,18.649,0.21,W1
QSO_48.4189359-18.2224346,60156.919802999975,18.729,0.258,W1
QSO_48.4189359-18.2224346,60157.37331549997,18.762,0.237,W1
QSO_48.4189359-18.2224346,60157.50285399999,18.726,0.259,W1
QSO_48.4189359-18.2224346,60157.89161549999,18.58,0.283,W1
QSO_48.4189359-18.2224346,60317.339324800014,18.618,0.245,W1
QSO_48.4189359-18.2224346,60317.727358,18.106,,W1
QSO_48.4189359-18.2224346,55219.57539599997,18.713,,W2
QSO_48.4189359-18.2224346,55222.08812899999,18.848,,W2
QSO_48.4189359-18.2224346,55222.35253500002,18.272,,W2
QSO_48.4189359-18.2224346,55222.41870949998,18.413,,W2
QSO_48.4189359-18.2224346,55222.48488400003,18.733,,W2
QSO_48.4189359-18.2224346,55222.55091250004,18.903,0.482,W2
QSO_48.4189359-18.2224346,55222.68326149996,18.43,,W2
QSO_48.4189359-18.2224346,55408.63094199997,18.718,0.429,W2
QSO_48.4189359-18.2224346,55408.63105149997,18.787,,W2
QSO_48.4189359-18.2224346,55408.76314500002,18.512,0.368,W2
QSO_48.4189359-18.2224346,55408.895348,18.521,,W2
QSO_48.4189359-18.2224346,55409.02758749999,18.529,,W2
QSO_48.4189359-18.2224346,55409.35816799999,18.591,,W2
QSO_48.4189359-18.2224346,55409.42423300003,18.509,0.332,W2
QSO_48.4189359-18.2224346,55409.49026150004,,,W2
QSO_48.4189359-18.2224346,55409.49037099996,18.968,,W2
QSO_48.4189359-18.2224346,55409.62246450001,18.603,,W2
QSO_48.4189359-18.2224346,55409.75466749999,18.58,0.369,W2
QSO_48.4189359-18.2224346,55411.40727799996,18.654,,W2
QSO_48.4189359-18.2224346,55411.473343,18.478,0.345,W2
QSO_48.4189359-18.2224346,55411.539517499965,18.986,,W2
QSO_48.4189359-18.2224346,55411.60554599998,18.538,,W2
QSO_48.4189359-18.2224346,55411.67172050002,18.797,0.46,W2
QSO_48.4189359-18.2224346,55411.73774900003,18.752,,W2
QSO_48.4189359-18.2224346,55411.80392349999,18.322,,W2
QSO_48.4189359-18.2224346,55411.869952,18.84,,W2
QSO_48.4189359-18.2224346,55412.0021915,18.658,,W2
QSO_48.4189359-18.2224346,55585.77401949999,18.956,,W2
QSO_48.4189359-18.2224346,55585.77416550001,19.033,,W2
QSO_48.4189359-18.2224346,55585.90625899999,18.289,,W2
QSO_48.4189359-18.2224346,55586.03846199996,18.19,,W2
QSO_48.4189359-18.2224346,55586.10449049997,19.053,,W2
QSO_48.4189359-18.2224346,55586.17055550001,18.71,,W2
QSO_48.4189359-18.2224346,55586.236729999975,18.753,0.433,W2
QSO_48.4189359-18.2224346,55586.30275849999,18.39,,W2
QSO_48.4189359-18.2224346,55586.368787,18.552,0.376,W2
QSO_48.4189359-18.2224346,55586.76532300002,18.482,,W2
QSO_48.4189359-18.2224346,56684.010922000045,17.876,,W2
QSO_48.4189359-18.2224346,56684.076840999965,18.389,0.46,W2
QSO_48.4189359-18.2224346,56684.34011550001,17.902,,W2
QSO_48.4189359-18.2224346,56684.405925000014,18.605,,W2
QSO_48.4189359-18.2224346,56873.55691850004,18.417,,W2
QSO_48.4189359-18.2224346,56873.88560100002,18.82,,W2
QSO_48.4189359-18.2224346,57045.12502320155,18.63,,W2
QSO_48.4189359-18.2224346,57045.45334071198,18.466,0.404,W2
QSO_48.4189359-18.2224346,57235.4014521611,18.296,,W2
QSO_48.4189359-18.2224346,57408.105295635774,18.702,0.434,W2
QSO_48.4189359-18.2224346,57408.17102923791,18.093,,W2
QSO_48.4189359-18.2224346,57602.71471198992,18.162,,W2
QSO_48.4189359-18.2224346,57603.04290420034,18.917,,W2
QSO_48.4189359-18.2224346,57769.41738099999,18.507,,W2
QSO_48.4189359-18.2224346,57769.61371449996,18.145,,W2
QSO_48.4189359-18.2224346,57769.67912249998,18.517,,W2
QSO_48.4189359-18.2224346,57769.80993850002,17.555,,W2
QSO_48.4189359-18.2224346,57770.006308500015,18.823,,W2
QSO_48.4189359-18.2224346,57770.00641800002,18.842,0.441,W2
QSO_48.4189359-18.2224346,57967.00750299997,17.857,,W2
QSO_48.4189359-18.2224346,58129.66037250004,18.607,0.38,W2
QSO_48.4189359-18.2224346,58130.24904450003,18.524,,W2
QSO_48.4189359-18.2224346,58331.13307250002,18.117,0.343,W2
QSO_48.4189359-18.2224346,58331.39470450001,18.499,,W2
QSO_48.4189359-18.2224346,58491.10067349997,18.173,,W2
QSO_48.4189359-18.2224346,58697.861055500034,18.769,,W2
QSO_48.4189359-18.2224346,59426.167319,18.686,0.48,W2
QSO_48.4189359-18.2224346,59429.9558365,18.829,,W2
QSO_48.4189359-18.2224346,59430.15165899998,18.405,,W2
QSO_48.4189359-18.2224346,59586.50539499997,18.141,,W2
QSO_48.4189359-18.2224346,59586.57065700003,18.2,,W2
QSO_48.4189359-18.2224346,60156.919802999975,18.419,,W2
QSO_48.4189359-18.2224346,60157.37331549997,18.163,,W2
QSO_48.4189359-18.2224346,60157.50285399999,18.686,,W2
QSO_48.4189359-18.2224346,60157.89161549999,18.51,,W2
QSO_48.4189359-18.2224346,60317.339324800014,18.339,,W2
QSO_48.4189359-18.2224346,60317.727358,18.647,,W2
QSO_48.4281051-18.218983,55219.57539599997,19.083,,W1
QSO_48.4281051-18.218983,55222.08812899999,18.773000000000003,0.258,W1
QSO_48.4281051-18.218983,55222.35253500002,18.484,0.189,W1
QSO_48.4281051-18.218983,55222.41870949998,18.707,0.243,W1
QSO_48.4281051-18.218983,55222.48488400003,18.755000000000003,0.267,W1
QSO_48.4281051-18.218983,55222.55091250004,19.296,0.347,W1
QSO_48.4281051-18.218983,55222.68326149996,19.613,0.486,W1
QSO_48.4281051-18.218983,55408.63094199997,19.059,0.294,W1
QSO_48.4281051-18.218983,55408.63105149997,19.281,0.369,W1
QSO_48.4281051-18.218983,55408.76314500002,19.105,0.303,W1
QSO_48.4281051-18.218983,55408.895348,19.151000000000003,,W1
QSO_48.4281051-18.218983,55409.02758749999,18.543,0.223,W1
QSO_48.4281051-18.218983,55409.35816799999,18.869,0.239,W1
QSO_48.4281051-18.218983,55409.42423300003,19.282,0.349,W1
QSO_48.4281051-18.218983,55409.49026150004,19.367,0.386,W1
QSO_48.4281051-18.218983,55409.49037099996,19.317,0.385,W1
QSO_48.4281051-18.218983,55409.62246450001,19.169,,W1
QSO_48.4281051-18.218983,55409.75466749999,19.172,,W1
QSO_48.4281051-18.218983,55411.40727799996,19.652,0.462,W1
QSO_48.4281051-18.218983,55411.473343,18.979,0.281,W1
QSO_48.4281051-18.218983,55411.539517499965,19.002,0.283,W1
QSO_48.4281051-18.218983,55411.60554599998,19.347,0.359,W1
QSO_48.4281051-18.218983,55411.67172050002,19.601,0.488,W1
QSO_48.4281051-18.218983,55411.73774900003,19.11,0.303,W1
QSO_48.4281051-18.218983,55411.80392349999,19.125,0.288,W1
QSO_48.4281051-18.218983,55411.869952,18.862,0.239,W1
QSO_48.4281051-18.218983,55412.0021915,19.512,0.425,W1
QSO_48.4281051-18.218983,55585.77401949999,19.295,,W1
QSO_48.4281051-18.218983,55585.77416550001,18.865,0.243,W1
QSO_48.4281051-18.218983,55585.90625899999,18.877,0.244,W1
QSO_48.4281051-18.218983,55586.03846199996,19.547,0.435,W1
QSO_48.4281051-18.218983,55586.10449049997,18.496,0.167,W1
QSO_48.4281051-18.218983,55586.17055550001,19.101,0.286,W1
QSO_48.4281051-18.218983,55586.236729999975,19.208,0.335,W1
QSO_48.4281051-18.218983,55586.30275849999,19.114,,W1
QSO_48.4281051-18.218983,55586.368787,18.788,0.227,W1
QSO_48.4281051-18.218983,55586.76532300002,19.368,0.386,W1
QSO_48.4281051-18.218983,55586.897526,18.897,0.242,W1
QSO_48.4281051-18.218983,56684.010922000045,18.961,0.39,W1
QSO_48.4281051-18.218983,56684.076840999965,18.965,0.26,W1
QSO_48.4281051-18.218983,56684.34011550001,18.979,0.456,W1
QSO_48.4281051-18.218983,56873.55691850004,19.072000000000003,0.297,W1
QSO_48.4281051-18.218983,56873.88560100002,18.753,0.247,W1
QSO_48.4281051-18.218983,56873.95126449999,18.936,0.315,W1
QSO_48.4281051-18.218983,56874.017037499965,18.56,0.198,W1
QSO_48.4281051-18.218983,56874.08270100002,18.528,0.198,W1
QSO_48.4281051-18.218983,56874.4113835,18.61,0.274,W1
QSO_48.4281051-18.218983,57045.12502320155,18.979,0.253,W1
QSO_48.4281051-18.218983,57045.19068670369,18.629,0.192,W1
QSO_48.4281051-18.218983,57235.20486315486,18.436,0.191,W1
QSO_48.4281051-18.218983,57235.40159816114,18.594,0.26,W1
QSO_48.4281051-18.218983,57408.105295635774,18.958,0.259,W1
QSO_48.4281051-18.218983,57408.302459842045,19.034,0.466,W1
QSO_48.4281051-18.218983,57602.18950197334,19.142000000000003,0.309,W1
QSO_48.4281051-18.218983,57602.58342778581,19.062,0.346,W1
QSO_48.4281051-18.218983,57602.64912478791,18.728,0.269,W1
QSO_48.4281051-18.218983,57602.97731699824,18.81,0.228,W1
QSO_48.4281051-18.218983,57769.41738099999,18.584,,W1
QSO_48.4281051-18.218983,57769.548197000026,18.985,0.257,W1
QSO_48.4281051-18.218983,57769.67912249998,19.516,0.426,W1
QSO_48.4281051-18.218983,57769.7445305,18.664,0.254,W1
QSO_48.4281051-18.218983,57769.80993850002,18.791,0.261,W1
QSO_48.4281051-18.218983,57769.9409005,18.541,0.194,W1
QSO_48.4281051-18.218983,57770.00641800002,19.06,0.267,W1
QSO_48.4281051-18.218983,57967.7271005,18.967,0.279,W1
QSO_48.4281051-18.218983,58129.529556500005,18.791,0.215,W1
QSO_48.4281051-18.218983,58129.66037250004,18.789,0.255,W1
QSO_48.4281051-18.218983,58129.72578049997,18.699,0.209,W1
QSO_48.4281051-18.218983,58130.24904450003,18.587,0.189,W1
QSO_48.4281051-18.218983,58330.54454649998,18.971,,W1
QSO_48.4281051-18.218983,58331.13307250002,18.880000000000003,0.265,W1
QSO_48.4281051-18.218983,58331.39470450001,19.336,0.394,W1
QSO_48.4281051-18.218983,58331.52552049996,19.048,0.338,W1
QSO_48.4281051-18.218983,58334.86103650004,18.368,0.2,W1
QSO_48.4281051-18.218983,58490.57766500003,18.865,0.233,W1
QSO_48.4281051-18.218983,58490.96996700002,18.818,0.224,W1
QSO_48.4281051-18.218983,58697.46875349996,19.286,0.356,W1
QSO_48.4281051-18.218983,58697.861055500034,18.513,0.186,W1
QSO_48.4281051-18.218983,58857.01192299998,19.148000000000003,0.391,W1
QSO_48.4281051-18.218983,58857.60180519998,18.422,0.276,W1
QSO_48.4281051-18.218983,58857.864007600016,18.637,0.241,W1
QSO_48.4281051-18.218983,58858.12610019997,18.888,0.325,W1
QSO_48.4281051-18.218983,59062.10825800001,19.265,0.363,W1
QSO_48.4281051-18.218983,59222.38395000003,18.459,0.184,W1
QSO_48.4281051-18.218983,59222.51462000003,18.642,0.191,W1
QSO_48.4281051-18.218983,59222.64532649998,18.877,0.24,W1
QSO_48.4281051-18.218983,59222.971965,18.927,0.247,W1
QSO_48.4281051-18.218983,59429.17207200002,19.194000000000003,0.419,W1
QSO_48.4281051-18.218983,59429.82512999997,18.727,0.25,W1
QSO_48.4281051-18.218983,59429.9558365,19.006,0.278,W1
QSO_48.4281051-18.218983,59586.04830550004,19.032,0.292,W1
QSO_48.4281051-18.218983,59586.50539499997,18.465,0.176,W1
QSO_48.4281051-18.218983,59586.57065700003,19.101,0.292,W1
QSO_48.4281051-18.218983,59793.66614550003,18.821,0.241,W1
QSO_48.4281051-18.218983,59793.92686500004,18.872,0.346,W1
QSO_48.4281051-18.218983,59953.07485850004,18.442,0.184,W1
QSO_48.4281051-18.218983,59953.465262500016,19.046,0.314,W1
QSO_48.4281051-18.218983,60156.919802999975,18.994,0.303,W1
QSO_48.4281051-18.218983,60157.30852800003,18.48,0.22,W1
QSO_48.4281051-18.218983,60157.50285399999,18.972,0.341,W1
QSO_48.4281051-18.218983,60317.14538140003,19.248,0.378,W1
QSO_48.4281051-18.218983,60317.727358,18.723,0.304,W1
QSO_48.4281051-18.218983,55219.57539599997,18.85,,W2
QSO_48.4281051-18.218983,55222.08812899999,18.97,,W2
QSO_48.4281051-18.218983,55222.35253500002,18.517,,W2
QSO_48.4281051-18.218983,55222.41870949998,18.384,,W2
QSO_48.4281051-18.218983,55222.48488400003,18.268,,W2
QSO_48.4281051-18.218983,55222.55091250004,18.482,,W2
QSO_48.4281051-18.218983,55222.68326149996,18.943,,W2
QSO_48.4281051-18.218983,55408.63094199997,18.587,0.378,W2
QSO_48.4281051-18.218983,55408.63105149997,18.476,0.325,W2
QSO_48.4281051-18.218983,55408.76314500002,18.975,,W2
QSO_48.4281051-18.218983,55408.895348,18.221,0.281,W2
QSO_48.4281051-18.218983,55409.02758749999,18.394,,W2
QSO_48.4281051-18.218983,55409.35816799999,18.913,0.528,W2
QSO_48.4281051-18.218983,55409.42423300003,18.834,0.435,W2
QSO_48.4281051-18.218983,55409.49026150004,14.37,,W2
QSO_48.4281051-18.218983,55409.49037099996,18.947,,W2
QSO_48.4281051-18.218983,55409.62246450001,18.886,,W2
QSO_48.4281051-18.218983,55409.75466749999,18.394,,W2
QSO_48.4281051-18.218983,55411.40727799996,18.504,,W2
QSO_48.4281051-18.218983,55411.473343,18.814,0.507,W2
QSO_48.4281051-18.218983,55411.539517499965,18.918,,W2
QSO_48.4281051-18.218983,55411.60554599998,18.299,,W2
QSO_48.4281051-18.218983,55411.67172050002,18.478,,W2
QSO_48.4281051-18.218983,55411.73774900003,18.393,,W2
QSO_48.4281051-18.218983,55411.80392349999,18.958,,W2
QSO_48.4281051-18.218983,55411.869952,18.373,,W2
QSO_48.4281051-18.218983,55412.0021915,18.865,0.471,W2
QSO_48.4281051-18.218983,55585.77401949999,18.339,,W2
QSO_48.4281051-18.218983,55585.77416550001,18.763,0.457,W2
QSO_48.4281051-18.218983,55585.90625899999,17.948999999999998,,W2
QSO_48.4281051-18.218983,55586.03846199996,18.206,,W2
QSO_48.4281051-18.218983,55586.10449049997,18.53,0.424,W2
QSO_48.4281051-18.218983,55586.17055550001,18.424,,W2
QSO_48.4281051-18.218983,55586.236729999975,18.567,,W2
QSO_48.4281051-18.218983,55586.30275849999,18.863,,W2
QSO_48.4281051-18.218983,55586.368787,18.92,,W2
QSO_48.4281051-18.218983,55586.76532300002,18.263,,W2
QSO_48.4281051-18.218983,55586.897526,18.856,0.48,W2
QSO_48.4281051-18.218983,56684.010922000045,18.422,,W2
QSO_48.4281051-18.218983,56684.076840999965,18.655,,W2
QSO_48.4281051-18.218983,56684.34011550001,18.344,,W2
QSO_48.4281051-18.218983,56873.55691850004,17.9,,W2
QSO_48.4281051-18.218983,56873.88560100002,18.567,,W2
QSO_48.4281051-18.218983,56873.95126449999,18.2,,W2
QSO_48.4281051-18.218983,56874.017037499965,18.809,0.541,W2
QSO_48.4281051-18.218983,56874.08270100002,18.339,,W2
QSO_48.4281051-18.218983,56874.4113835,18.058,,W2
QSO_48.4281051-18.218983,57045.12502320155,18.448,,W2
QSO_48.4281051-18.218983,57045.19068670369,19.074,,W2
QSO_48.4281051-18.218983,57235.20486315486,18.866,,W2
QSO_48.4281051-18.218983,57235.40159816114,18.892,0.541,W2
QSO_48.4281051-18.218983,57408.105295635774,18.96,,W2
QSO_48.4281051-18.218983,57408.302459842045,18.608,0.397,W2
QSO_48.4281051-18.218983,57602.18950197334,18.707,,W2
QSO_48.4281051-18.218983,57602.58342778581,18.515,,W2
QSO_48.4281051-18.218983,57602.64912478791,,,W2
QSO_48.4281051-18.218983,57602.97731699824,18.138,,W2
QSO_48.4281051-18.218983,57769.41738099999,18.82,0.533,W2
QSO_48.4281051-18.218983,57769.548197000026,18.748,0.502,W2
QSO_48.4281051-18.218983,57769.67912249998,18.547,,W2
QSO_48.4281051-18.218983,57769.7445305,18.517,,W2
QSO_48.4281051-18.218983,57769.80993850002,18.774,,W2
QSO_48.4281051-18.218983,57769.9409005,18.787,,W2
QSO_48.4281051-18.218983,57770.00641800002,18.824,0.521,W2
QSO_48.4281051-18.218983,57967.7271005,18.282,,W2
QSO_48.4281051-18.218983,58129.529556500005,18.848,,W2
QSO_48.4281051-18.218983,58129.66037250004,18.421,,W2
QSO_48.4281051-18.218983,58129.72578049997,18.487,,W2
QSO_48.4281051-18.218983,58130.24904450003,18.634,,W2
QSO_48.4281051-18.218983,58330.54454649998,18.332,0.361,W2
QSO_48.4281051-18.218983,58331.13307250002,18.356,,W2
QSO_48.4281051-18.218983,58331.39470450001,17.712,0.258,W2
QSO_48.4281051-18.218983,58331.52552049996,18.547,,W2
QSO_48.4281051-18.218983,58334.86103650004,18.632,,W2
QSO_48.4281051-18.218983,58490.57766500003,18.84,,W2
QSO_48.4281051-18.218983,58490.96996700002,18.32,,W2
QSO_48.4281051-18.218983,58697.46875349996,18.142,,W2
QSO_48.4281051-18.218983,58697.861055500034,17.974999999999998,,W2
QSO_48.4281051-18.218983,58857.01192299998,18.06,0.306,W2
QSO_48.4281051-18.218983,58857.60180519998,17.89,0.356,W2
QSO_48.4281051-18.218983,58857.864007600016,17.907,,W2
QSO_48.4281051-18.218983,58858.12610019997,18.02,0.324,W2
QSO_48.4281051-18.218983,59062.10825800001,18.677,,W2
QSO_48.4281051-18.218983,59222.38395000003,18.371,,W2
QSO_48.4281051-18.218983,59222.51462000003,18.648,,W2
QSO_48.4281051-18.218983,59222.64532649998,18.771,,W2
QSO_48.4281051-18.218983,59222.971965,18.391,,W2
QSO_48.4281051-18.218983,59429.17207200002,18.526,,W2
QSO_48.4281051-18.218983,59429.82512999997,17.617,,W2
QSO_48.4281051-18.218983,59429.9558365,19.0,,W2
QSO_48.4281051-18.218983,59586.04830550004,18.65,,W2
QSO_48.4281051-18.218983,59586.50539499997,18.615,,W2
QSO_48.4281051-18.218983,59586.57065700003,18.178,,W2
QSO_48.4281051-18.218983,59793.66614550003,18.16,0.357,W2
QSO_48.4281051-18.218983,59793.92686500004,18.468,,W2
QSO_48.4281051-18.218983,59953.07485850004,17.878999999999998,,W2
QSO_48.4281051-18.218983,59953.465262500016,18.374,,W2
QSO_48.4281051-18.218983,60156.919802999975,18.789,,W2
QSO_48.4281051-18.218983,60157.30852800003,18.385,,W2
QSO_48.4281051-18.218983,60157.50285399999,18.455,,W2
QSO_48.4281051-18.218983,60317.14538140003,18.113,0.339,W2
QSO_48.4281051-18.218983,60317.727358,18.486,,W2
QSO_48.464327-18.0258998,55219.57539599997,19.758000000000003,,W1
QSO_48.464327-18.0258998,55222.08812899999,19.49,,W1
QSO_48.464327-18.0258998,55222.220441499965,18.835,0.242,W1
QSO_48.464327-18.0258998,55222.41870949998,19.348,0.411,W1
QSO_48.464327-18.0258998,55222.48488400003,18.595,0.185,W1
QSO_48.464327-18.0258998,55222.55105849999,19.252,0.363,W1
QSO_48.464327-18.0258998,55222.617087,19.004,0.283,W1
QSO_48.464327-18.0258998,55222.68326149996,19.193,,W1
QSO_48.464327-18.0258998,55408.76314500002,19.613,0.486,W1
QSO_48.464327-18.0258998,55408.895348,19.174,0.323,W1
QSO_48.464327-18.0258998,55409.02758749999,19.183,0.308,W1
QSO_48.464327-18.0258998,55409.35805849999,19.353,,W1
QSO_48.464327-18.0258998,55409.42423300003,18.948,0.262,W1
QSO_48.464327-18.0258998,55409.49026150004,19.486,0.399,W1
QSO_48.464327-18.0258998,55409.556436,18.924,0.237,W1
QSO_48.464327-18.0258998,55409.62246450001,19.148000000000003,,W1
QSO_48.464327-18.0258998,55409.75466749999,19.436,0.391,W1
QSO_48.464327-18.0258998,55409.88690699999,19.462000000000003,0.382,W1
QSO_48.464327-18.0258998,55411.40727799996,19.356,0.395,W1
QSO_48.464327-18.0258998,55411.539517499965,19.525,,W1
QSO_48.464327-18.0258998,55411.60554599998,19.387,0.397,W1
QSO_48.464327-18.0258998,55411.67157449999,19.809,,W1
QSO_48.464327-18.0258998,55411.67172050002,18.899,0.241,W1
QSO_48.464327-18.0258998,55411.73774900003,19.072000000000003,0.294,W1
QSO_48.464327-18.0258998,55411.803813999984,19.019,0.283,W1
QSO_48.464327-18.0258998,55411.80392349999,19.253,0.336,W1
QSO_48.464327-18.0258998,55411.869952,19.338,0.36,W1
QSO_48.464327-18.0258998,55411.93601699996,19.271,0.329,W1
QSO_48.464327-18.0258998,55412.0021915,19.374,0.382,W1
QSO_48.464327-18.0258998,55412.39883700004,19.01,0.259,W1
QSO_48.464327-18.0258998,55585.90625899999,18.792,0.233,W1
QSO_48.464327-18.0258998,55586.03846199996,19.173,0.302,W1
QSO_48.464327-18.0258998,55586.17066500001,18.956000000000003,0.396,W1
QSO_48.464327-18.0258998,55586.236729999975,19.533,0.46,W1
QSO_48.464327-18.0258998,55586.30275849999,19.571,0.437,W1
QSO_48.464327-18.0258998,55586.36893300003,18.813,0.226,W1
QSO_48.464327-18.0258998,55586.765432500026,19.196,,W1
QSO_48.464327-18.0258998,55586.897526,18.919,0.261,W1
QSO_48.464327-18.0258998,56684.20842350003,18.713,0.22,W1
QSO_48.464327-18.0258998,56684.208533000034,18.438,0.162,W1
QSO_48.464327-18.0258998,56874.08270100002,18.603,0.233,W1
QSO_48.464327-18.0258998,57044.92803269531,19.171,0.382,W1
QSO_48.464327-18.0258998,57235.1391996528,18.708,0.253,W1
QSO_48.464327-18.0258998,57235.46700616323,18.866,0.258,W1
QSO_48.464327-18.0258998,57240.77702633157,18.797,0.215,W1
QSO_48.464327-18.0258998,57602.45210698167,19.058,0.292,W1
QSO_48.464327-18.0258998,57602.8459961941,19.172,0.328,W1
QSO_48.464327-18.0258998,57769.94101,18.436,0.302,W1
QSO_48.464327-18.0258998,57967.7271005,18.584,0.212,W1
QSO_48.464327-18.0258998,58130.24919049998,18.867,0.229,W1
QSO_48.464327-18.0258998,59062.23932260004,19.209000000000003,0.339,W1
QSO_48.464327-18.0258998,59222.84125849997,18.646,0.205,W1
QSO_48.464327-18.0258998,59429.43319300002,18.352,0.2,W1
QSO_48.464327-18.0258998,59429.82512999997,18.644,0.225,W1
QSO_48.464327-18.0258998,59953.07485850004,19.109,0.39,W1
QSO_48.464327-18.0258998,59953.530415,19.191000000000003,0.332,W1
QSO_48.464327-18.0258998,59953.79076949997,18.614,0.208,W1
QSO_48.464327-18.0258998,59953.92092849998,18.683,0.296,W1
QSO_48.464327-18.0258998,60157.30852800003,18.689,0.283,W1
QSO_48.464327-18.0258998,60316.886875600016,18.656,0.22,W1
QSO_48.464327-18.0258998,60317.339471199964,18.933,0.255,W1
QSO_48.464327-18.0258998,60317.727358,18.973,0.263,W1
QSO_48.464327-18.0258998,55219.57539599997,18.722,,W2
QSO_48.464327-18.0258998,55222.08812899999,18.826,,W2
QSO_48.464327-18.0258998,55222.220441499965,18.409,,W2
QSO_48.464327-18.0258998,55222.41870949998,18.873,,W2
QSO_48.464327-18.0258998,55222.48488400003,18.2,,W2
QSO_48.464327-18.0258998,55222.55105849999,18.203,,W2
QSO_48.464327-18.0258998,55222.617087,18.474,,W2
QSO_48.464327-18.0258998,55222.68326149996,18.945,,W2
QSO_48.464327-18.0258998,55408.76314500002,18.826,,W2
QSO_48.464327-18.0258998,55408.895348,18.963,,W2
QSO_48.464327-18.0258998,55409.02758749999,18.41,,W2
QSO_48.464327-18.0258998,55409.35805849999,18.648,0.514,W2
QSO_48.464327-18.0258998,55409.42423300003,19.085,,W2
QSO_48.464327-18.0258998,55409.49026150004,18.543,,W2
QSO_48.464327-18.0258998,55409.556436,18.758,,W2
QSO_48.464327-18.0258998,55409.62246450001,18.855,0.481,W2
QSO_48.464327-18.0258998,55409.75466749999,18.855,,W2
QSO_48.464327-18.0258998,55409.88690699999,18.729,,W2
QSO_48.464327-18.0258998,55411.40727799996,18.841,,W2
QSO_48.464327-18.0258998,55411.539517499965,18.44,,W2
QSO_48.464327-18.0258998,55411.60554599998,18.74,,W2
QSO_48.464327-18.0258998,55411.67157449999,18.492,,W2
QSO_48.464327-18.0258998,55411.67172050002,18.435,,W2
QSO_48.464327-18.0258998,55411.73774900003,18.748,0.47,W2
QSO_48.464327-18.0258998,55411.803813999984,19.105,,W2
QSO_48.464327-18.0258998,55411.80392349999,18.719,,W2
QSO_48.464327-18.0258998,55411.869952,18.394,,W2
QSO_48.464327-18.0258998,55411.93601699996,18.359,,W2
QSO_48.464327-18.0258998,55412.0021915,18.134,,W2
QSO_48.464327-18.0258998,55412.39883700004,19.151,,W2
QSO_48.464327-18.0258998,55585.90625899999,18.341,,W2
QSO_48.464327-18.0258998,55586.03846199996,18.936,,W2
QSO_48.464327-18.0258998,55586.17066500001,18.385,,W2
QSO_48.464327-18.0258998,55586.236729999975,18.915,,W2
QSO_48.464327-18.0258998,55586.30275849999,18.952,,W2
QSO_48.464327-18.0258998,55586.36893300003,18.885,0.519,W2
QSO_48.464327-18.0258998,55586.765432500026,19.028,,W2
QSO_48.464327-18.0258998,55586.897526,18.258,,W2
QSO_48.464327-18.0258998,56684.20842350003,18.446,,W2
QSO_48.464327-18.0258998,56684.208533000034,17.886,,W2
QSO_48.464327-18.0258998,56874.08270100002,18.337,,W2
QSO_48.464327-18.0258998,57044.92803269531,18.025,,W2
QSO_48.464327-18.0258998,57235.1391996528,18.317,,W2
QSO_48.464327-18.0258998,57235.46700616323,18.711,,W2
QSO_48.464327-18.0258998,57240.77702633157,18.729,0.487,W2
QSO_48.464327-18.0258998,57602.45210698167,18.882,,W2
QSO_48.464327-18.0258998,57602.8459961941,18.234,,W2
QSO_48.464327-18.0258998,57769.94101,18.819,,W2
QSO_48.464327-18.0258998,57967.7271005,17.993,,W2
QSO_48.464327-18.0258998,58130.24919049998,18.792,0.443,W2
QSO_48.464327-18.0258998,59062.23932260004,17.116,,W2
QSO_48.464327-18.0258998,59222.84125849997,18.413,,W2
QSO_48.464327-18.0258998,59429.43319300002,18.638,,W2
QSO_48.464327-18.0258998,59429.82512999997,18.528,,W2
QSO_48.464327-18.0258998,59953.07485850004,17.929,,W2
QSO_48.464327-18.0258998,59953.530415,18.796,0.507,W2
QSO_48.464327-18.0258998,59953.79076949997,18.322,,W2
QSO_48.464327-18.0258998,59953.92092849998,18.281,,W2
QSO_48.464327-18.0258998,60157.30852800003,18.297,,W2
QSO_48.464327-18.0258998,60316.886875600016,18.708,,W2
QSO_48.464327-18.0258998,60317.339471199964,18.111,,W2
QSO_48.464327-18.0258998,60317.727358,18.332,0.456,W2
QSO_48.3713663-18.1506386,55219.57539599997,18.63,0.189,W1
QSO_48.3713663-18.1506386,55219.57539599997,18.798,0.22,W1
QSO_48.3713663-18.1506386,55222.08812899999,18.592,0.189,W1
QSO_48.3713663-18.1506386,55222.08812899999,18.595,0.19,W1
QSO_48.3713663-18.1506386,55222.41870949998,19.306,0.368,W1
QSO_48.3713663-18.1506386,55222.41870949998,19.293,0.363,W1
QSO_48.3713663-18.1506386,55222.48488400003,18.782,0.224,W1
QSO_48.3713663-18.1506386,55222.48488400003,18.778,0.224,W1
QSO_48.3713663-18.1506386,55222.55105849999,18.876,0.239,W1
QSO_48.3713663-18.1506386,55222.55105849999,18.828000000000003,0.229,W1
QSO_48.3713663-18.1506386,55222.68326149996,18.984,,W1
QSO_48.3713663-18.1506386,55222.68326149996,19.024,,W1
QSO_48.3713663-18.1506386,55408.63094199997,18.925,,W1
QSO_48.3713663-18.1506386,55408.63094199997,19.554,,W1
QSO_48.3713663-18.1506386,55408.76314500002,19.107,,W1
QSO_48.3713663-18.1506386,55408.76314500002,18.904,,W1
QSO_48.3713663-18.1506386,55408.895348,19.471,0.416,W1
QSO_48.3713663-18.1506386,55408.895348,19.464,0.445,W1
QSO_48.3713663-18.1506386,55409.02758749999,18.985,0.281,W1
QSO_48.3713663-18.1506386,55409.02758749999,18.977,0.28,W1
QSO_48.3713663-18.1506386,55409.35805849999,19.029,0.278,W1
QSO_48.3713663-18.1506386,55409.35805849999,18.853,0.237,W1
QSO_48.3713663-18.1506386,55409.35816799999,19.115,0.287,W1
QSO_48.3713663-18.1506386,55409.35816799999,19.225,0.321,W1
QSO_48.3713663-18.1506386,55409.42423300003,18.906,0.243,W1
QSO_48.3713663-18.1506386,55409.42423300003,19.161,0.307,W1
QSO_48.3713663-18.1506386,55409.49026150004,19.067,0.303,W1
QSO_48.3713663-18.1506386,55409.49026150004,19.289,0.371,W1
QSO_48.3713663-18.1506386,55409.62246450001,19.379,0.368,W1
QSO_48.3713663-18.1506386,55409.62246450001,19.499,0.411,W1
QSO_48.3713663-18.1506386,55409.75466749999,19.007,0.427,W1
QSO_48.3713663-18.1506386,55409.75466749999,19.015,0.431,W1
QSO_48.3713663-18.1506386,55411.40727799996,18.991,0.31,W1
QSO_48.3713663-18.1506386,55411.40727799996,18.98,0.307,W1
QSO_48.3713663-18.1506386,55411.473343,19.6,0.504,W1
QSO_48.3713663-18.1506386,55411.473343,19.691000000000003,0.539,W1
QSO_48.3713663-18.1506386,55411.539517499965,18.754,0.22,W1
QSO_48.3713663-18.1506386,55411.539517499965,18.761000000000003,0.222,W1
QSO_48.3713663-18.1506386,55411.60554599998,18.804,0.235,W1
QSO_48.3713663-18.1506386,55411.60554599998,18.793,0.233,W1
QSO_48.3713663-18.1506386,55411.67172050002,18.769,0.221,W1
QSO_48.3713663-18.1506386,55411.67172050002,18.767000000000003,0.22,W1
QSO_48.3713663-18.1506386,55411.73774900003,19.002,0.274,W1
QSO_48.3713663-18.1506386,55411.73774900003,19.503,0.435,W1
QSO_48.3713663-18.1506386,55411.80392349999,19.66,0.49,W1
QSO_48.3713663-18.1506386,55411.80392349999,19.734,0.525,W1
QSO_48.3713663-18.1506386,55411.869952,19.198,0.314,W1
QSO_48.3713663-18.1506386,55411.869952,19.64,0.472,W1
QSO_48.3713663-18.1506386,55412.0021915,18.602,0.272,W1
QSO_48.3713663-18.1506386,55412.0021915,19.276000000000003,0.507,W1
QSO_48.3713663-18.1506386,55585.77416550001,19.08,,W1
QSO_48.3713663-18.1506386,55585.77416550001,19.128,,W1
QSO_48.3713663-18.1506386,55585.90625899999,19.14,0.372,W1
QSO_48.3713663-18.1506386,55585.90625899999,18.725,0.254,W1
QSO_48.3713663-18.1506386,55586.03846199996,19.43,0.398,W1
QSO_48.3713663-18.1506386,55586.03846199996,19.433,0.399,W1
QSO_48.3713663-18.1506386,55586.10449049997,19.481,0.423,W1
QSO_48.3713663-18.1506386,55586.10449049997,19.496,0.429,W1
QSO_48.3713663-18.1506386,55586.17066500001,19.247,0.347,W1
QSO_48.3713663-18.1506386,55586.17066500001,19.035,0.285,W1
QSO_48.3713663-18.1506386,55586.236729999975,19.123,,W1
QSO_48.3713663-18.1506386,55586.236729999975,19.762,,W1
QSO_48.3713663-18.1506386,55586.30275849999,18.637,0.213,W1
QSO_48.3713663-18.1506386,55586.30275849999,18.63,0.207,W1
QSO_48.3713663-18.1506386,55586.368787,18.952,0.267,W1
QSO_48.3713663-18.1506386,55586.368787,18.938,0.264,W1
QSO_48.3713663-18.1506386,55586.36893300003,19.232,0.324,W1
QSO_48.3713663-18.1506386,55586.36893300003,19.217,0.319,W1
QSO_48.3713663-18.1506386,55586.76532300002,19.697000000000003,0.51,W1
QSO_48.3713663-18.1506386,55586.76532300002,19.744,0.532,W1
QSO_48.3713663-18.1506386,55586.765432500026,19.011000000000003,0.271,W1
QSO_48.3713663-18.1506386,55586.765432500026,18.94,0.254,W1
QSO_48.3713663-18.1506386,56684.010922000045,18.677,0.299,W1
QSO_48.3713663-18.1506386,56684.076840999965,18.82,0.224,W1
QSO_48.3713663-18.1506386,56873.42533599998,18.764000000000003,0.28,W1
QSO_48.3713663-18.1506386,56873.55677250001,18.218,0.133,W1
QSO_48.3713663-18.1506386,56873.688354999984,18.977,0.266,W1
QSO_48.3713663-18.1506386,56874.017037499965,19.009,0.279,W1
QSO_48.3713663-18.1506386,56874.4113835,18.84,0.299,W1
QSO_48.3713663-18.1506386,57044.92803269531,18.667,0.206,W1
QSO_48.3713663-18.1506386,57045.12502320155,18.949,0.26,W1
QSO_48.3713663-18.1506386,57045.19068670369,18.554,0.188,W1
QSO_48.3713663-18.1506386,57045.45334071198,19.415,0.391,W1
QSO_48.3713663-18.1506386,57235.20486315486,18.706000000000003,0.287,W1
QSO_48.3713663-18.1506386,57235.33593465909,18.639,0.236,W1
QSO_48.3713663-18.1506386,57235.4014521611,18.912,0.305,W1
QSO_48.3713663-18.1506386,57235.46711566324,19.095,0.307,W1
QSO_48.3713663-18.1506386,57407.711150223295,18.93,0.242,W1
QSO_48.3713663-18.1506386,57408.17102923791,18.909,0.256,W1
QSO_48.3713663-18.1506386,57408.302459842045,18.894,0.273,W1
QSO_48.3713663-18.1506386,57602.18950197334,18.941000000000003,0.271,W1
QSO_48.3713663-18.1506386,57602.45210698167,18.937,0.275,W1
QSO_48.3713663-18.1506386,57602.58342778581,18.948,0.351,W1
QSO_48.3713663-18.1506386,57602.6490149879,18.972,0.278,W1
QSO_48.3713663-18.1506386,57602.71471198992,19.425,0.413,W1
QSO_48.3713663-18.1506386,57602.8459961941,18.477,0.181,W1
QSO_48.3713663-18.1506386,57603.174188404526,18.63,0.478,W1
QSO_48.3713663-18.1506386,57769.286419,18.928,0.245,W1
QSO_48.3713663-18.1506386,57769.61371449996,18.931,0.231,W1
QSO_48.3713663-18.1506386,57769.67912249998,18.547,0.185,W1
QSO_48.3713663-18.1506386,57769.810084499964,18.756,0.208,W1
QSO_48.3713663-18.1506386,57769.9409005,18.775,0.219,W1
QSO_48.3713663-18.1506386,57770.00641800002,19.14,0.302,W1
QSO_48.3713663-18.1506386,57966.74576149997,18.865,0.271,W1
QSO_48.3713663-18.1506386,57967.138319000005,18.774,0.276,W1
QSO_48.3713663-18.1506386,57967.7271005,18.723,0.221,W1
QSO_48.3713663-18.1506386,58330.413730500026,18.533,0.252,W1
QSO_48.3713663-18.1506386,58330.9369945,18.803,0.231,W1
QSO_48.3713663-18.1506386,58331.00229300001,18.309,0.243,W1
QSO_48.3713663-18.1506386,58490.57766500003,18.621,0.196,W1
QSO_48.3713663-18.1506386,58490.83915099999,18.913,0.349,W1
QSO_48.3713663-18.1506386,58490.904559,18.880000000000003,0.229,W1
QSO_48.3713663-18.1506386,58697.5995695,18.839,0.249,W1
QSO_48.3713663-18.1506386,58697.66497750001,18.607,0.245,W1
QSO_48.3713663-18.1506386,58697.861055500034,18.332,0.188,W1
QSO_48.3713663-18.1506386,58697.92635399996,19.077,0.289,W1
QSO_48.3713663-18.1506386,58857.60180519998,18.68,0.393,W1
QSO_48.3713663-18.1506386,58857.864007600016,18.674,0.207,W1
QSO_48.3713663-18.1506386,59062.10825800001,18.726,0.297,W1
QSO_48.3713663-18.1506386,59062.23932260004,18.818,0.266,W1
QSO_48.3713663-18.1506386,59222.38395000003,18.938,0.265,W1
QSO_48.3713663-18.1506386,59222.64532649998,19.157,0.335,W1
QSO_48.3713663-18.1506386,59222.71058849996,18.632,0.327,W1
QSO_48.3713663-18.1506386,59222.971965,19.146,0.338,W1
QSO_48.3713663-18.1506386,59426.1672095,18.842,0.249,W1
QSO_48.3713663-18.1506386,59426.42844,18.835,0.304,W1
QSO_48.3713663-18.1506386,59429.17207200002,18.862,0.377,W1
QSO_48.3713663-18.1506386,59429.69456949997,18.782,0.445,W1
QSO_48.3713663-18.1506386,59430.02109849999,19.248,0.353,W1
QSO_48.3713663-18.1506386,59430.15165899998,18.951,0.266,W1
QSO_48.3713663-18.1506386,59585.78718450004,18.773000000000003,0.241,W1
QSO_48.3713663-18.1506386,59585.78733049999,18.872,0.221,W1
QSO_48.3713663-18.1506386,59793.86160299997,18.849,0.238,W1
QSO_48.3713663-18.1506386,59952.944663,18.613,0.229,W1
QSO_48.3713663-18.1506386,59953.46537200002,18.299,0.306,W1
QSO_48.3713663-18.1506386,59953.530415,18.834000000000003,0.241,W1
QSO_48.3713663-18.1506386,59953.79076949997,18.384,,W1
QSO_48.3713663-18.1506386,60157.6323925,18.781,0.247,W1
QSO_48.3713663-18.1506386,60157.69728950003,18.717,0.224,W1
QSO_48.3713663-18.1506386,60157.89161549999,18.492,0.192,W1
QSO_48.3713663-18.1506386,60317.274762399975,18.833,0.236,W1
QSO_48.3713663-18.1506386,60317.856629200025,19.418,0.412,W1
QSO_48.3713663-18.1506386,55219.57539599997,18.573,,W2
QSO_48.3713663-18.1506386,55219.57539599997,18.585,,W2
QSO_48.3713663-18.1506386,55222.08812899999,18.284,,W2
QSO_48.3713663-18.1506386,55222.08812899999,18.272,,W2
QSO_48.3713663-18.1506386,55222.41870949998,17.956,,W2
QSO_48.3713663-18.1506386,55222.41870949998,17.942999999999998,,W2
QSO_48.3713663-18.1506386,55222.48488400003,18.264,,W2
QSO_48.3713663-18.1506386,55222.48488400003,18.317,,W2
QSO_48.3713663-18.1506386,55222.55105849999,18.456,0.372,W2
QSO_48.3713663-18.1506386,55222.55105849999,18.45,0.37,W2
QSO_48.3713663-18.1506386,55222.68326149996,18.601,,W2
QSO_48.3713663-18.1506386,55222.68326149996,18.733,,W2
QSO_48.3713663-18.1506386,55408.63094199997,18.611,,W2
QSO_48.3713663-18.1506386,55408.63094199997,18.608,,W2
QSO_48.3713663-18.1506386,55408.76314500002,18.456,,W2
QSO_48.3713663-18.1506386,55408.76314500002,18.455,,W2
QSO_48.3713663-18.1506386,55408.895348,18.821,0.494,W2
QSO_48.3713663-18.1506386,55408.895348,18.806,0.488,W2
QSO_48.3713663-18.1506386,55409.02758749999,18.157,,W2
QSO_48.3713663-18.1506386,55409.02758749999,18.841,0.523,W2
QSO_48.3713663-18.1506386,55409.35805849999,18.559,0.441,W2
QSO_48.3713663-18.1506386,55409.35805849999,18.487,0.317,W2
QSO_48.3713663-18.1506386,55409.35816799999,19.095,,W2
QSO_48.3713663-18.1506386,55409.35816799999,19.095,,W2
QSO_48.3713663-18.1506386,55409.42423300003,19.117,,W2
QSO_48.3713663-18.1506386,55409.42423300003,19.117,,W2
QSO_48.3713663-18.1506386,55409.49026150004,18.559,0.337,W2
QSO_48.3713663-18.1506386,55409.49026150004,18.578,0.343,W2
QSO_48.3713663-18.1506386,55409.62246450001,18.331,,W2
QSO_48.3713663-18.1506386,55409.62246450001,18.28,,W2
QSO_48.3713663-18.1506386,55409.75466749999,18.613,,W2
QSO_48.3713663-18.1506386,55409.75466749999,18.58,,W2
QSO_48.3713663-18.1506386,55411.40727799996,18.902,0.527,W2
QSO_48.3713663-18.1506386,55411.40727799996,18.843,0.499,W2
QSO_48.3713663-18.1506386,55411.473343,19.036,,W2
QSO_48.3713663-18.1506386,55411.473343,18.839,,W2
QSO_48.3713663-18.1506386,55411.539517499965,18.81,0.467,W2
QSO_48.3713663-18.1506386,55411.539517499965,18.809,0.467,W2
QSO_48.3713663-18.1506386,55411.60554599998,18.615,0.378,W2
QSO_48.3713663-18.1506386,55411.60554599998,18.654,0.391,W2
QSO_48.3713663-18.1506386,55411.67172050002,18.639,,W2
QSO_48.3713663-18.1506386,55411.67172050002,18.707,,W2
QSO_48.3713663-18.1506386,55411.73774900003,18.36,,W2
QSO_48.3713663-18.1506386,55411.73774900003,18.45,,W2
QSO_48.3713663-18.1506386,55411.80392349999,19.143,,W2
QSO_48.3713663-18.1506386,55411.80392349999,19.123,,W2
QSO_48.3713663-18.1506386,55411.869952,18.917,0.54,W2
QSO_48.3713663-18.1506386,55411.869952,18.904,0.533,W2
QSO_48.3713663-18.1506386,55412.0021915,18.247,0.331,W2
QSO_48.3713663-18.1506386,55412.0021915,18.227,0.325,W2
QSO_48.3713663-18.1506386,55585.77416550001,18.944,,W2
QSO_48.3713663-18.1506386,55585.77416550001,18.911,,W2
QSO_48.3713663-18.1506386,55585.90625899999,18.913,,W2
QSO_48.3713663-18.1506386,55585.90625899999,18.986,,W2
QSO_48.3713663-18.1506386,55586.03846199996,18.227,,W2
QSO_48.3713663-18.1506386,55586.03846199996,18.224,,W2
QSO_48.3713663-18.1506386,55586.10449049997,18.415,,W2
QSO_48.3713663-18.1506386,55586.10449049997,18.307,,W2
QSO_48.3713663-18.1506386,55586.17066500001,18.371,,W2
QSO_48.3713663-18.1506386,55586.17066500001,18.319,,W2
QSO_48.3713663-18.1506386,55586.236729999975,18.246,,W2
QSO_48.3713663-18.1506386,55586.236729999975,18.248,,W2
QSO_48.3713663-18.1506386,55586.30275849999,18.245,,W2
QSO_48.3713663-18.1506386,55586.30275849999,18.261,,W2
QSO_48.3713663-18.1506386,55586.368787,18.288,,W2
QSO_48.3713663-18.1506386,55586.368787,18.286,,W2
QSO_48.3713663-18.1506386,55586.36893300003,19.012,,W2
QSO_48.3713663-18.1506386,55586.36893300003,19.012,,W2
QSO_48.3713663-18.1506386,55586.76532300002,18.646,0.433,W2
QSO_48.3713663-18.1506386,55586.76532300002,18.675,0.444,W2
QSO_48.3713663-18.1506386,55586.765432500026,18.969,0.524,W2
QSO_48.3713663-18.1506386,55586.765432500026,18.279,,W2
QSO_48.3713663-18.1506386,56684.010922000045,18.79,,W2
QSO_48.3713663-18.1506386,56684.076840999965,18.577,,W2
QSO_48.3713663-18.1506386,56873.42533599998,18.445,,W2
QSO_48.3713663-18.1506386,56873.55677250001,18.169,,W2
QSO_48.3713663-18.1506386,56873.688354999984,19.067,,W2
QSO_48.3713663-18.1506386,56874.017037499965,18.307,,W2
QSO_48.3713663-18.1506386,56874.4113835,18.517,,W2
QSO_48.3713663-18.1506386,57044.92803269531,18.839,,W2
QSO_48.3713663-18.1506386,57045.12502320155,19.112,,W2
QSO_48.3713663-18.1506386,57045.19068670369,18.887,,W2
QSO_48.3713663-18.1506386,57045.45334071198,18.656,0.399,W2
QSO_48.3713663-18.1506386,57235.20486315486,18.184,,W2
QSO_48.3713663-18.1506386,57235.33593465909,18.289,,W2
QSO_48.3713663-18.1506386,57235.4014521611,18.148,,W2
QSO_48.3713663-18.1506386,57235.46711566324,18.672,,W2
QSO_48.3713663-18.1506386,57407.711150223295,18.25,,W2
QSO_48.3713663-18.1506386,57408.17102923791,18.593,,W2
QSO_48.3713663-18.1506386,57408.302459842045,18.852,,W2
QSO_48.3713663-18.1506386,57602.18950197334,18.923,,W2
QSO_48.3713663-18.1506386,57602.45210698167,18.601,0.406,W2
QSO_48.3713663-18.1506386,57602.58342778581,18.707,,W2
QSO_48.3713663-18.1506386,57602.6490149879,18.945,,W2
QSO_48.3713663-18.1506386,57602.71471198992,18.434,,W2
QSO_48.3713663-18.1506386,57602.8459961941,19.022,,W2
QSO_48.3713663-18.1506386,57603.174188404526,18.406,,W2
QSO_48.3713663-18.1506386,57769.286419,18.397,,W2
QSO_48.3713663-18.1506386,57769.61371449996,18.676,0.524,W2
QSO_48.3713663-18.1506386,57769.67912249998,18.632,,W2
QSO_48.3713663-18.1506386,57769.810084499964,18.641,,W2
QSO_48.3713663-18.1506386,57769.9409005,18.197,,W2
QSO_48.3713663-18.1506386,57770.00641800002,18.377,,W2
QSO_48.3713663-18.1506386,57966.74576149997,18.145,,W2
QSO_48.3713663-18.1506386,57967.138319000005,18.711,,W2
QSO_48.3713663-18.1506386,57967.7271005,18.752,,W2
QSO_48.3713663-18.1506386,58330.413730500026,18.858,,W2
QSO_48.3713663-18.1506386,58330.9369945,18.209,0.369,W2
QSO_48.3713663-18.1506386,58331.00229300001,18.356,,W2
QSO_48.3713663-18.1506386,58490.57766500003,19.01,,W2
QSO_48.3713663-18.1506386,58490.83915099999,18.355,0.458,W2
QSO_48.3713663-18.1506386,58490.904559,18.507,,W2
QSO_48.3713663-18.1506386,58697.5995695,17.964,,W2
QSO_48.3713663-18.1506386,58697.66497750001,18.514,0.467,W2
QSO_48.3713663-18.1506386,58697.861055500034,18.643,,W2
QSO_48.3713663-18.1506386,58697.92635399996,18.232,,W2
QSO_48.3713663-18.1506386,58857.60180519998,17.71,,W2
QSO_48.3713663-18.1506386,58857.864007600016,17.912,,W2
QSO_48.3713663-18.1506386,59062.10825800001,18.607,,W2
QSO_48.3713663-18.1506386,59062.23932260004,18.226,,W2
QSO_48.3713663-18.1506386,59222.38395000003,18.203,,W2
QSO_48.3713663-18.1506386,59222.64532649998,18.158,0.439,W2
QSO_48.3713663-18.1506386,59222.71058849996,18.838,,W2
QSO_48.3713663-18.1506386,59222.971965,18.549,0.475,W2
QSO_48.3713663-18.1506386,59426.1672095,18.563,,W2
QSO_48.3713663-18.1506386,59426.42844,18.066,,W2
QSO_48.3713663-18.1506386,59429.17207200002,18.277,,W2
QSO_48.3713663-18.1506386,59429.69456949997,18.895,,W2
QSO_48.3713663-18.1506386,59430.02109849999,17.834,0.309,W2
QSO_48.3713663-18.1506386,59430.15165899998,18.242,,W2
QSO_48.3713663-18.1506386,59585.78718450004,18.009999999999998,,W2
QSO_48.3713663-18.1506386,59585.78733049999,18.747,,W2
QSO_48.3713663-18.1506386,59793.86160299997,18.317,,W2
QSO_48.3713663-18.1506386,59952.944663,18.688,,W2
QSO_48.3713663-18.1506386,59953.46537200002,18.477,,W2
QSO_48.3713663-18.1506386,59953.530415,18.112,0.374,W2
QSO_48.3713663-18.1506386,59953.79076949997,18.487,,W2
QSO_48.3713663-18.1506386,60157.6323925,18.479,,W2
QSO_48.3713663-18.1506386,60157.69728950003,18.271,,W2
QSO_48.3713663-18.1506386,60157.89161549999,18.328,,W2
QSO_48.3713663-18.1506386,60317.274762399975,18.543,,W2
QSO_48.3713663-18.1506386,60317.856629200025,18.057,,W2
QSO_48.6369441-18.0655495,55219.57539599997,18.777,0.219,W1
QSO_48.6369441-18.0655495,55222.08812899999,19.618,0.463,W1
QSO_48.6369441-18.0655495,55222.41870949998,19.556,0.452,W1
QSO_48.6369441-18.0655495,55222.48488400003,19.005000000000003,0.303,W1
QSO_48.6369441-18.0655495,55222.55105849999,19.11,0.317,W1
QSO_48.6369441-18.0655495,55222.617087,18.942,,W1
QSO_48.6369441-18.0655495,55222.68326149996,19.094,0.324,W1
QSO_48.6369441-18.0655495,55223.0800165,19.305,0.474,W1
QSO_48.6369441-18.0655495,55408.895348,19.061,0.283,W1
QSO_48.6369441-18.0655495,55409.02758749999,19.377,0.389,W1
QSO_48.6369441-18.0655495,55409.35805849999,19.768,,W1
QSO_48.6369441-18.0655495,55409.35816799999,19.025,,W1
QSO_48.6369441-18.0655495,55409.42423300003,18.966,,W1
QSO_48.6369441-18.0655495,55409.49026150004,19.027,0.299,W1
QSO_48.6369441-18.0655495,55409.556436,19.031,0.282,W1
QSO_48.6369441-18.0655495,55409.62246450001,18.695,0.21,W1
QSO_48.6369441-18.0655495,55409.68863899998,19.359,0.364,W1
QSO_48.6369441-18.0655495,55409.75466749999,18.94,0.292,W1
QSO_48.6369441-18.0655495,55409.88690699999,19.15,,W1
QSO_48.6369441-18.0655495,55410.019109999965,19.094,0.336,W1
QSO_48.6369441-18.0655495,55411.40727799996,18.505,0.179,W1
QSO_48.6369441-18.0655495,55411.539517499965,18.762,0.222,W1
QSO_48.6369441-18.0655495,55411.67172050002,18.917,0.236,W1
QSO_48.6369441-18.0655495,55411.73774900003,18.87,0.266,W1
QSO_48.6369441-18.0655495,55411.80392349999,19.038,,W1
QSO_48.6369441-18.0655495,55411.869952,19.05,,W1
QSO_48.6369441-18.0655495,55411.93601699996,19.035,,W1
QSO_48.6369441-18.0655495,55411.93612649997,18.917,0.253,W1
QSO_48.6369441-18.0655495,55412.0021915,19.303,0.363,W1
QSO_48.6369441-18.0655495,55412.068220000016,18.652,0.222,W1
QSO_48.6369441-18.0655495,55412.06836599997,18.987,0.273,W1
QSO_48.6369441-18.0655495,55412.39883700004,19.158,,W1
QSO_48.6369441-18.0655495,55412.53104000001,19.516,0.433,W1
QSO_48.6369441-18.0655495,55586.03846199996,19.299,0.371,W1
QSO_48.6369441-18.0655495,55586.17066500001,19.713,0.526,W1
QSO_48.6369441-18.0655495,55586.30275849999,18.585,0.184,W1
QSO_48.6369441-18.0655495,55586.368787,19.114,,W1
QSO_48.6369441-18.0655495,55586.36893300003,18.56,0.194,W1
QSO_48.6369441-18.0655495,55586.76532300002,19.095,0.429,W1
QSO_48.6369441-18.0655495,55586.765432500026,19.235,,W1
QSO_48.6369441-18.0655495,55586.897526,19.741,0.537,W1
QSO_48.6369441-18.0655495,55587.02972899997,18.947000000000003,0.266,W1
QSO_48.6369441-18.0655495,55587.16182250002,19.079,0.389,W1
QSO_48.6369441-18.0655495,56684.66930899998,18.893,0.301,W1
QSO_48.6369441-18.0655495,56873.81979150002,19.248,0.356,W1
QSO_48.6369441-18.0655495,56874.08270100002,19.232,0.436,W1
QSO_48.6369441-18.0655495,56874.34572000003,19.011000000000003,0.274,W1
QSO_48.6369441-18.0655495,56874.4113835,18.889000000000003,0.398,W1
QSO_48.6369441-18.0655495,56874.542856499975,18.465,0.355,W1
QSO_48.6369441-18.0655495,56874.67440250001,18.791,0.227,W1
QSO_48.6369441-18.0655495,57045.45334071198,18.753,0.257,W1
QSO_48.6369441-18.0655495,57235.46711566324,18.672,0.211,W1
QSO_48.6369441-18.0655495,57235.72925867153,18.9,0.285,W1
QSO_48.6369441-18.0655495,57236.25380018816,19.12,0.418,W1
QSO_48.6369441-18.0655495,57408.105295635774,19.254,0.335,W1
QSO_48.6369441-18.0655495,57408.17102923791,18.884,,W1
QSO_48.6369441-18.0655495,57602.45210698167,19.593,0.48,W1
QSO_48.6369441-18.0655495,57603.174188404526,18.884,0.24,W1
QSO_48.6369441-18.0655495,57769.548197000026,18.761000000000003,0.226,W1
QSO_48.6369441-18.0655495,57769.810084499964,18.642,0.185,W1
QSO_48.6369441-18.0655495,57770.52993750003,18.44,0.164,W1
QSO_48.6369441-18.0655495,57967.00735700002,18.75,0.227,W1
QSO_48.6369441-18.0655495,57967.33454299997,19.094,0.305,W1
QSO_48.6369441-18.0655495,57967.39995099999,18.813,0.275,W1
QSO_48.6369441-18.0655495,57967.7271005,18.775,0.328,W1
QSO_48.6369441-18.0655495,57967.98873249999,18.936,0.37,W1
QSO_48.6369441-18.0655495,58129.529556500005,18.997,0.271,W1
QSO_48.6369441-18.0655495,58130.37986049998,18.924,0.261,W1
QSO_48.6369441-18.0655495,58130.51078600002,19.131,0.446,W1
QSO_48.6369441-18.0655495,58334.86089050001,18.797,0.318,W1
QSO_48.6369441-18.0655495,58334.92629850002,18.565,0.305,W1
QSO_48.6369441-18.0655495,58490.96996700002,19.105,0.332,W1
QSO_48.6369441-18.0655495,58491.49297550004,19.122,0.383,W1
QSO_48.6369441-18.0655495,58698.44936249998,18.447,0.201,W1
QSO_48.6369441-18.0655495,58857.7984204,18.612,0.204,W1
QSO_48.6369441-18.0655495,58857.864007600016,18.979,0.263,W1
QSO_48.6369441-18.0655495,58858.2572746,18.898000000000003,0.244,W1
QSO_48.6369441-18.0655495,59222.38395000003,18.722,,W1
QSO_48.6369441-18.0655495,59222.51462000003,18.731,0.283,W1
QSO_48.6369441-18.0655495,59222.71058849996,18.788,0.313,W1
QSO_48.6369441-18.0655495,59429.43333899997,18.727,0.358,W1
QSO_48.6369441-18.0655495,59429.82512999997,18.847,0.254,W1
QSO_48.6369441-18.0655495,59586.30953600004,18.853,0.366,W1
QSO_48.6369441-18.0655495,59586.50539499997,19.015,0.265,W1
QSO_48.6369441-18.0655495,59586.57065700003,19.226,0.474,W1
QSO_48.6369441-18.0655495,59587.02774649996,19.128,0.329,W1
QSO_48.6369441-18.0655495,59793.92675550003,18.867,0.275,W1
QSO_48.6369441-18.0655495,59953.07485850004,19.119,,W1
QSO_48.6369441-18.0655495,60157.76207699997,18.671,0.259,W1
QSO_48.6369441-18.0655495,60157.82682799997,19.485,0.458,W1
QSO_48.6369441-18.0655495,55219.57539599997,18.739,,W2
QSO_48.6369441-18.0655495,55222.08812899999,18.715,,W2
QSO_48.6369441-18.0655495,55222.41870949998,18.808,,W2
QSO_48.6369441-18.0655495,55222.48488400003,18.289,,W2
QSO_48.6369441-18.0655495,55222.55105849999,18.731,0.438,W2
QSO_48.6369441-18.0655495,55222.617087,18.77,,W2
QSO_48.6369441-18.0655495,55222.68326149996,18.952,,W2
QSO_48.6369441-18.0655495,55223.0800165,18.261,,W2
QSO_48.6369441-18.0655495,55408.895348,18.311,,W2
QSO_48.6369441-18.0655495,55409.02758749999,18.726,,W2
QSO_48.6369441-18.0655495,55409.35805849999,18.244,,W2
QSO_48.6369441-18.0655495,55409.35816799999,19.037,,W2
QSO_48.6369441-18.0655495,55409.42423300003,18.763,,W2
QSO_48.6369441-18.0655495,55409.49026150004,18.283,,W2
QSO_48.6369441-18.0655495,55409.556436,18.523,,W2
QSO_48.6369441-18.0655495,55409.62246450001,18.565,,W2
QSO_48.6369441-18.0655495,55409.68863899998,18.495,,W2
QSO_48.6369441-18.0655495,55409.75466749999,18.878,,W2
QSO_48.6369441-18.0655495,55409.88690699999,18.438,,W2
QSO_48.6369441-18.0655495,55410.019109999965,18.424,,W2
QSO_48.6369441-18.0655495,55411.40727799996,18.732,0.479,W2
QSO_48.6369441-18.0655495,55411.539517499965,18.542,,W2
QSO_48.6369441-18.0655495,55411.67172050002,18.896,,W2
QSO_48.6369441-18.0655495,55411.73774900003,18.537,,W2
QSO_48.6369441-18.0655495,55411.80392349999,18.576,0.337,W2
QSO_48.6369441-18.0655495,55411.869952,18.861,0.483,W2
QSO_48.6369441-18.0655495,55411.93601699996,18.924,,W2
QSO_48.6369441-18.0655495,55411.93612649997,18.168,,W2
QSO_48.6369441-18.0655495,55412.0021915,18.618,,W2
QSO_48.6369441-18.0655495,55412.068220000016,19.027,0.511,W2
QSO_48.6369441-18.0655495,55412.06836599997,18.561,,W2
QSO_48.6369441-18.0655495,55412.39883700004,18.848,,W2
QSO_48.6369441-18.0655495,55412.53104000001,18.877,,W2
QSO_48.6369441-18.0655495,55586.03846199996,18.399,,W2
QSO_48.6369441-18.0655495,55586.17066500001,18.62,0.388,W2
QSO_48.6369441-18.0655495,55586.30275849999,18.563,,W2
QSO_48.6369441-18.0655495,55586.368787,18.513,,W2
QSO_48.6369441-18.0655495,55586.36893300003,18.252,,W2
QSO_48.6369441-18.0655495,55586.76532300002,18.508,,W2
QSO_48.6369441-18.0655495,55586.765432500026,18.784,,W2
QSO_48.6369441-18.0655495,55586.897526,18.804,,W2
QSO_48.6369441-18.0655495,55587.02972899997,18.306,,W2
QSO_48.6369441-18.0655495,55587.16182250002,18.765,,W2
QSO_48.6369441-18.0655495,56684.66930899998,18.927,,W2
QSO_48.6369441-18.0655495,56873.81979150002,18.191,,W2
QSO_48.6369441-18.0655495,56874.08270100002,18.544,0.406,W2
QSO_48.6369441-18.0655495,56874.34572000003,18.758,,W2
QSO_48.6369441-18.0655495,56874.4113835,18.262,0.447,W2
QSO_48.6369441-18.0655495,56874.542856499975,18.038,,W2
QSO_48.6369441-18.0655495,56874.67440250001,18.246,,W2
QSO_48.6369441-18.0655495,57045.45334071198,18.217,,W2
QSO_48.6369441-18.0655495,57235.46711566324,18.651,0.465,W2
QSO_48.6369441-18.0655495,57235.72925867153,17.99,,W2
QSO_48.6369441-18.0655495,57236.25380018816,18.223,,W2
QSO_48.6369441-18.0655495,57408.105295635774,18.559,,W2
QSO_48.6369441-18.0655495,57408.17102923791,17.751,,W2
QSO_48.6369441-18.0655495,57602.45210698167,18.553,,W2
QSO_48.6369441-18.0655495,57603.174188404526,18.299,,W2
QSO_48.6369441-18.0655495,57769.548197000026,18.179,,W2
QSO_48.6369441-18.0655495,57769.810084499964,17.858999999999998,,W2
QSO_48.6369441-18.0655495,57770.52993750003,18.8,,W2
QSO_48.6369441-18.0655495,57967.00735700002,18.238,0.535,W2
QSO_48.6369441-18.0655495,57967.33454299997,18.3,0.491,W2
QSO_48.6369441-18.0655495,57967.39995099999,18.585,,W2
QSO_48.6369441-18.0655495,57967.7271005,18.755,,W2
QSO_48.6369441-18.0655495,57967.98873249999,18.655,,W2
QSO_48.6369441-18.0655495,58129.529556500005,18.044,,W2
QSO_48.6369441-18.0655495,58130.37986049998,18.52,,W2
QSO_48.6369441-18.0655495,58130.51078600002,18.909,,W2
QSO_48.6369441-18.0655495,58334.86089050001,18.057,0.282,W2
QSO_48.6369441-18.0655495,58334.92629850002,17.912,,W2
QSO_48.6369441-18.0655495,58490.96996700002,18.181,,W2
QSO_48.6369441-18.0655495,58491.49297550004,18.702,,W2
QSO_48.6369441-18.0655495,58698.44936249998,17.83,,W2
QSO_48.6369441-18.0655495,58857.7984204,18.449,,W2
QSO_48.6369441-18.0655495,58857.864007600016,18.532,,W2
QSO_48.6369441-18.0655495,58858.2572746,17.903,,W2
QSO_48.6369441-18.0655495,59222.38395000003,18.479,0.425,W2
QSO_48.6369441-18.0655495,59222.51462000003,18.081,,W2
QSO_48.6369441-18.0655495,59222.71058849996,18.699,,W2
QSO_48.6369441-18.0655495,59429.43333899997,18.252,,W2
QSO_48.6369441-18.0655495,59429.82512999997,18.189,,W2
QSO_48.6369441-18.0655495,59586.30953600004,17.921,,W2
QSO_48.6369441-18.0655495,59586.50539499997,18.462,0.33,W2
QSO_48.6369441-18.0655495,59586.57065700003,18.075,0.483,W2
QSO_48.6369441-18.0655495,59587.02774649996,17.794,,W2
QSO_48.6369441-18.0655495,59793.92675550003,18.488,,W2
QSO_48.6369441-18.0655495,59953.07485850004,18.377,0.376,W2
QSO_48.6369441-18.0655495,60157.76207699997,18.499,0.471,W2
QSO_48.6369441-18.0655495,60157.82682799997,18.294,0.493,W2
QSO_48.4423051-18.1545452,55219.57539599997,19.395000000000003,0.388,W1
QSO_48.4423051-18.1545452,55222.08812899999,19.741,,W1
QSO_48.4423051-18.1545452,55222.41870949998,19.24,0.416,W1
QSO_48.4423051-18.1545452,55222.48488400003,18.770000000000003,0.252,W1
QSO_48.4423051-18.1545452,55222.55091250004,18.639,0.202,W1
QSO_48.4423051-18.1545452,55222.55105849999,19.461,0.423,W1
QSO_48.4423051-18.1545452,55222.68326149996,19.293,0.362,W1
QSO_48.4423051-18.1545452,55408.63094199997,19.537,0.446,W1
QSO_48.4423051-18.1545452,55408.76314500002,19.093,0.286,W1
QSO_48.4423051-18.1545452,55408.895348,18.902,0.264,W1
QSO_48.4423051-18.1545452,55409.02758749999,19.333,0.379,W1
QSO_48.4423051-18.1545452,55409.35805849999,19.518,0.41,W1
QSO_48.4423051-18.1545452,55409.35816799999,18.784,0.278,W1
QSO_48.4423051-18.1545452,55409.42423300003,19.063,0.276,W1
QSO_48.4423051-18.1545452,55409.49026150004,19.756,0.534,W1
QSO_48.4423051-18.1545452,55409.49037099996,19.16,0.309,W1
QSO_48.4423051-18.1545452,55409.62246450001,19.302,0.341,W1
QSO_48.4423051-18.1545452,55409.75466749999,19.498,0.408,W1
QSO_48.4423051-18.1545452,55409.88690699999,19.524,0.417,W1
QSO_48.4423051-18.1545452,55411.40727799996,19.123,0.335,W1
QSO_48.4423051-18.1545452,55411.473343,19.047,0.305,W1
QSO_48.4423051-18.1545452,55411.539517499965,18.951,,W1
QSO_48.4423051-18.1545452,55411.60554599998,19.577,,W1
QSO_48.4423051-18.1545452,55411.67172050002,19.508000000000003,0.462,W1
QSO_48.4423051-18.1545452,55411.73774900003,19.314,0.366,W1
QSO_48.4423051-18.1545452,55411.80392349999,19.233,0.345,W1
QSO_48.4423051-18.1545452,55411.869952,18.445,0.159,W1
QSO_48.4423051-18.1545452,55412.0021915,18.987,,W1
QSO_48.4423051-18.1545452,55585.77416550001,19.856,,W1
QSO_48.4423051-18.1545452,55585.90625899999,19.254,0.357,W1
QSO_48.4423051-18.1545452,55586.03846199996,19.208,0.324,W1
QSO_48.4423051-18.1545452,55586.17055550001,18.978,0.304,W1
QSO_48.4423051-18.1545452,55586.17066500001,18.859,0.287,W1
QSO_48.4423051-18.1545452,55586.236729999975,19.172,,W1
QSO_48.4423051-18.1545452,55586.30275849999,19.267000000000003,0.451,W1
QSO_48.4423051-18.1545452,55586.368787,19.567,0.456,W1
QSO_48.4423051-18.1545452,55586.36893300003,19.542,0.435,W1
QSO_48.4423051-18.1545452,55586.76532300002,19.462000000000003,0.404,W1
QSO_48.4423051-18.1545452,55586.897526,19.506,0.458,W1
QSO_48.4423051-18.1545452,56684.405925000014,18.558,0.189,W1
QSO_48.4423051-18.1545452,56873.55677250001,18.438,,W1
QSO_48.4423051-18.1545452,56874.4113835,18.296,0.192,W1
QSO_48.4423051-18.1545452,57045.19068670369,18.517,0.166,W1
QSO_48.4423051-18.1545452,57234.87705664452,19.178,0.323,W1
QSO_48.4423051-18.1545452,57235.20486315486,19.652,0.498,W1
QSO_48.4423051-18.1545452,57602.18950197334,18.855,0.249,W1
QSO_48.4423051-18.1545452,57602.6490149879,18.903,0.277,W1
QSO_48.4423051-18.1545452,57602.71471198992,19.122,0.42,W1
QSO_48.4423051-18.1545452,57603.43679341277,18.988,0.256,W1
QSO_48.4423051-18.1545452,57769.41738099999,19.405,0.522,W1
QSO_48.4423051-18.1545452,57769.7445305,19.038,0.472,W1
QSO_48.4423051-18.1545452,57967.138319000005,18.912,0.267,W1
QSO_48.4423051-18.1545452,57967.33454299997,19.052,0.314,W1
QSO_48.4423051-18.1545452,57967.7271005,18.734,0.22,W1
QSO_48.4423051-18.1545452,58130.24904450003,19.364,0.404,W1
QSO_48.4423051-18.1545452,58331.39470450001,19.450000000000003,0.46,W1
QSO_48.4423051-18.1545452,58697.92646349996,19.047,0.353,W1
QSO_48.4423051-18.1545452,59222.64532649998,18.872,0.24,W1
QSO_48.4423051-18.1545452,59222.84125849997,19.299,0.333,W1
QSO_48.4423051-18.1545452,59222.971965,18.755000000000003,0.212,W1
QSO_48.4423051-18.1545452,59429.17207200002,18.549,0.242,W1
QSO_48.4423051-18.1545452,59429.69456949997,19.194000000000003,,W1
QSO_48.4423051-18.1545452,59429.82512999997,19.37,0.469,W1
QSO_48.4423051-18.1545452,59429.95569049996,19.383000000000003,0.523,W1
QSO_48.4423051-18.1545452,59430.15165899998,18.861,0.352,W1
QSO_48.4423051-18.1545452,59586.57065700003,18.619,0.215,W1
QSO_48.4423051-18.1545452,59586.635955499965,18.917,0.231,W1
QSO_48.4423051-18.1545452,59793.66614550003,18.776000000000003,0.239,W1
QSO_48.4423051-18.1545452,59953.79062350002,19.125,0.301,W1
QSO_48.4423051-18.1545452,60157.17898950001,18.698,0.26,W1
QSO_48.4423051-18.1545452,60157.37331549997,19.127,0.352,W1
QSO_48.4423051-18.1545452,60317.274762399975,18.94,0.294,W1
QSO_48.4423051-18.1545452,60317.727358,18.333,,W1
QSO_48.4423051-18.1545452,55219.57539599997,18.446,,W2
QSO_48.4423051-18.1545452,55222.08812899999,19.011,,W2
QSO_48.4423051-18.1545452,55222.41870949998,18.359,,W2
QSO_48.4423051-18.1545452,55222.48488400003,18.285,,W2
QSO_48.4423051-18.1545452,55222.55091250004,18.968,,W2
QSO_48.4423051-18.1545452,55222.55105849999,18.586,0.539,W2
QSO_48.4423051-18.1545452,55222.68326149996,18.82,,W2
QSO_48.4423051-18.1545452,55408.63094199997,18.895,0.523,W2
QSO_48.4423051-18.1545452,55408.76314500002,18.472,,W2
QSO_48.4423051-18.1545452,55408.895348,18.701,,W2
QSO_48.4423051-18.1545452,55409.02758749999,18.622,,W2
QSO_48.4423051-18.1545452,55409.35805849999,18.206,,W2
QSO_48.4423051-18.1545452,55409.35816799999,18.941,,W2
QSO_48.4423051-18.1545452,55409.42423300003,18.696,,W2
QSO_48.4423051-18.1545452,55409.49026150004,18.764,,W2
QSO_48.4423051-18.1545452,55409.49037099996,19.109,,W2
QSO_48.4423051-18.1545452,55409.62246450001,18.603,,W2
QSO_48.4423051-18.1545452,55409.75466749999,19.042,,W2
QSO_48.4423051-18.1545452,55409.88690699999,18.909,0.457,W2
QSO_48.4423051-18.1545452,55411.40727799996,18.368,,W2
QSO_48.4423051-18.1545452,55411.473343,18.602,,W2
QSO_48.4423051-18.1545452,55411.539517499965,18.31,,W2
QSO_48.4423051-18.1545452,55411.60554599998,18.781,,W2
QSO_48.4423051-18.1545452,55411.67172050002,18.826,,W2
QSO_48.4423051-18.1545452,55411.73774900003,18.928,,W2
QSO_48.4423051-18.1545452,55411.80392349999,18.427,,W2
QSO_48.4423051-18.1545452,55411.869952,18.658,,W2
QSO_48.4423051-18.1545452,55412.0021915,18.833,0.476,W2
QSO_48.4423051-18.1545452,55585.77416550001,18.915,0.52,W2
QSO_48.4423051-18.1545452,55585.90625899999,18.425,,W2
QSO_48.4423051-18.1545452,55586.03846199996,18.815,,W2
QSO_48.4423051-18.1545452,55586.17055550001,18.352,,W2
QSO_48.4423051-18.1545452,55586.17066500001,18.952,,W2
QSO_48.4423051-18.1545452,55586.236729999975,18.308,,W2
QSO_48.4423051-18.1545452,55586.30275849999,18.959,,W2
QSO_48.4423051-18.1545452,55586.368787,18.553,,W2
QSO_48.4423051-18.1545452,55586.36893300003,18.924,,W2
QSO_48.4423051-18.1545452,55586.76532300002,18.968,,W2
QSO_48.4423051-18.1545452,55586.897526,18.533,,W2
QSO_48.4423051-18.1545452,56684.405925000014,18.938,,W2
QSO_48.4423051-18.1545452,56873.55677250001,18.166,,W2
QSO_48.4423051-18.1545452,56874.4113835,17.977,,W2
QSO_48.4423051-18.1545452,57045.19068670369,18.328,,W2
QSO_48.4423051-18.1545452,57234.87705664452,18.601,,W2
QSO_48.4423051-18.1545452,57235.20486315486,18.827,,W2
QSO_48.4423051-18.1545452,57602.18950197334,18.592,,W2
QSO_48.4423051-18.1545452,57602.6490149879,18.54,,W2
QSO_48.4423051-18.1545452,57602.71471198992,17.965,,W2
QSO_48.4423051-18.1545452,57603.43679341277,18.442,,W2
QSO_48.4423051-18.1545452,57769.41738099999,18.394,,W2
QSO_48.4423051-18.1545452,57769.7445305,18.671,,W2
QSO_48.4423051-18.1545452,57967.138319000005,18.208,,W2
QSO_48.4423051-18.1545452,57967.33454299997,18.4,,W2
QSO_48.4423051-18.1545452,57967.7271005,18.469,0.38,W2
QSO_48.4423051-18.1545452,58130.24904450003,18.924,,W2
QSO_48.4423051-18.1545452,58331.39470450001,18.717,,W2
QSO_48.4423051-18.1545452,58697.92646349996,18.558,,W2
QSO_48.4423051-18.1545452,59222.64532649998,18.265,,W2
QSO_48.4423051-18.1545452,59222.84125849997,17.695,,W2
QSO_48.4423051-18.1545452,59222.971965,18.163,,W2
QSO_48.4423051-18.1545452,59429.17207200002,18.699,,W2
QSO_48.4423051-18.1545452,59429.69456949997,17.841,,W2
QSO_48.4423051-18.1545452,59429.82512999997,18.501,0.455,W2
QSO_48.4423051-18.1545452,59429.95569049996,18.345,,W2
QSO_48.4423051-18.1545452,59430.15165899998,18.729,,W2
QSO_48.4423051-18.1545452,59586.57065700003,18.237,,W2
QSO_48.4423051-18.1545452,59586.635955499965,18.145,,W2
QSO_48.4423051-18.1545452,59793.66614550003,18.32,,W2
QSO_48.4423051-18.1545452,59953.79062350002,18.729,,W2
QSO_48.4423051-18.1545452,60157.17898950001,18.309,,W2
QSO_48.4423051-18.1545452,60157.37331549997,18.489,0.439,W2
QSO_48.4423051-18.1545452,60317.274762399975,18.748,,W2
QSO_48.4423051-18.1545452,60317.727358,18.123,,W2
QSO_48.4665998-17.9217583,55219.57539599997,19.243,,W1
QSO_48.4665998-17.9217583,55219.575542,18.991,0.291,W1
QSO_48.4665998-17.9217583,55222.08812899999,18.947000000000003,0.25,W1
QSO_48.4665998-17.9217583,55222.220441499965,19.04,0.289,W1
QSO_48.4665998-17.9217583,55222.41870949998,19.071,0.359,W1
QSO_48.4665998-17.9217583,55222.418818999984,19.065,0.317,W1
QSO_48.4665998-17.9217583,55222.48488400003,19.497,0.433,W1
QSO_48.4665998-17.9217583,55222.55105849999,18.554,0.195,W1
QSO_48.4665998-17.9217583,55222.617087,19.237,0.346,W1
QSO_48.4665998-17.9217583,55222.61723300003,19.328000000000003,0.346,W1
QSO_48.4665998-17.9217583,55222.68326149996,18.901000000000003,0.245,W1
QSO_48.4665998-17.9217583,55222.94781350002,18.841,0.26,W1
QSO_48.4665998-17.9217583,55408.76314500002,19.503,,W1
QSO_48.4665998-17.9217583,55408.895348,19.287,0.352,W1
QSO_48.4665998-17.9217583,55409.02758749999,18.818,0.254,W1
QSO_48.4665998-17.9217583,55409.35805849999,19.198,0.347,W1
QSO_48.4665998-17.9217583,55409.42423300003,19.061,0.287,W1
QSO_48.4665998-17.9217583,55409.49026150004,19.524,0.421,W1
QSO_48.4665998-17.9217583,55409.556436,18.51,0.169,W1
QSO_48.4665998-17.9217583,55409.62246450001,18.671,0.202,W1
QSO_48.4665998-17.9217583,55409.75466749999,19.194000000000003,,W1
QSO_48.4665998-17.9217583,55409.88690699999,18.918,0.258,W1
QSO_48.4665998-17.9217583,55411.40727799996,18.793,0.221,W1
QSO_48.4665998-17.9217583,55411.53937150001,19.013,0.263,W1
QSO_48.4665998-17.9217583,55411.539517499965,19.755000000000003,,W1
QSO_48.4665998-17.9217583,55411.60554599998,18.818,0.222,W1
QSO_48.4665998-17.9217583,55411.67157449999,19.364,0.439,W1
QSO_48.4665998-17.9217583,55411.73774900003,18.434,0.163,W1
QSO_48.4665998-17.9217583,55411.803813999984,19.513,0.412,W1
QSO_48.4665998-17.9217583,55411.869952,19.464,,W1
QSO_48.4665998-17.9217583,55411.93601699996,19.09,,W1
QSO_48.4665998-17.9217583,55412.0021915,18.959000000000003,,W1
QSO_48.4665998-17.9217583,55412.398691,18.933,0.26,W1
QSO_48.4665998-17.9217583,55412.39883700004,18.989,0.293,W1
QSO_48.4665998-17.9217583,55585.90625899999,19.495,,W1
QSO_48.4665998-17.9217583,55586.03846199996,18.818,,W1
QSO_48.4665998-17.9217583,55586.17066500001,18.833,0.227,W1
QSO_48.4665998-17.9217583,55586.236729999975,19.735,0.495,W1
QSO_48.4665998-17.9217583,55586.30275849999,19.633000000000003,0.504,W1
QSO_48.4665998-17.9217583,55586.36893300003,19.023000000000003,,W1
QSO_48.4665998-17.9217583,55586.765432500026,19.188,,W1
QSO_48.4665998-17.9217583,55586.897526,19.046,,W1
QSO_48.4665998-17.9217583,55587.02972899997,19.668,0.482,W1
QSO_48.4665998-17.9217583,56684.34011550001,18.744,0.222,W1
QSO_48.4665998-17.9217583,56684.537617,18.744,0.219,W1
QSO_48.4665998-17.9217583,56874.01692799996,19.041,0.324,W1
QSO_48.4665998-17.9217583,56874.08270100002,18.891,0.28,W1
QSO_48.4665998-17.9217583,57044.92817869534,18.716,0.208,W1
QSO_48.4665998-17.9217583,57045.45334071198,19.061,0.304,W1
QSO_48.4665998-17.9217583,57240.77702633157,18.875,0.245,W1
QSO_48.4665998-17.9217583,57408.23672623992,18.989,0.273,W1
QSO_48.4665998-17.9217583,57602.71471198992,18.917,0.272,W1
QSO_48.4665998-17.9217583,57602.9115833962,18.792,0.235,W1
QSO_48.4665998-17.9217583,57602.977170598286,19.06,0.299,W1
QSO_48.4665998-17.9217583,57603.43679341277,19.139000000000003,0.304,W1
QSO_48.4665998-17.9217583,57769.54830650003,19.215,0.328,W1
QSO_48.4665998-17.9217583,57769.67912249998,19.044,,W1
QSO_48.4665998-17.9217583,57966.74576149997,18.708,0.237,W1
QSO_48.4665998-17.9217583,58129.529556500005,19.519,0.49,W1
QSO_48.4665998-17.9217583,58129.72578049997,19.085,0.31,W1
QSO_48.4665998-17.9217583,58129.79118849999,18.819000000000003,0.312,W1
QSO_48.4665998-17.9217583,58130.24919049998,19.152,0.299,W1
QSO_48.4665998-17.9217583,58330.936885,18.83,0.244,W1
QSO_48.4665998-17.9217583,58331.46000300002,18.841,0.274,W1
QSO_48.4665998-17.9217583,58490.51225700002,19.003,0.331,W1
QSO_48.4665998-17.9217583,58490.904559,18.423,0.197,W1
QSO_48.4665998-17.9217583,58491.03537500004,19.671,0.533,W1
QSO_48.4665998-17.9217583,58491.36230550004,18.915,0.28,W1
QSO_48.4665998-17.9217583,58698.253248000015,19.005000000000003,0.266,W1
QSO_48.4665998-17.9217583,58698.58003249999,19.231,0.375,W1
QSO_48.4665998-17.9217583,58857.60191499999,19.006,0.263,W1
QSO_48.4665998-17.9217583,58857.864007600016,19.073,0.279,W1
QSO_48.4665998-17.9217583,59062.23932260004,18.708,0.228,W1
QSO_48.4665998-17.9217583,59062.63244319999,19.451,0.4,W1
QSO_48.4665998-17.9217583,59222.58002799997,18.971,0.306,W1
QSO_48.4665998-17.9217583,59222.971965,18.953000000000003,0.247,W1
QSO_48.4665998-17.9217583,59426.2978795,18.721,0.239,W1
QSO_48.4665998-17.9217583,59429.95569049996,18.854,0.302,W1
QSO_48.4665998-17.9217583,59586.635955499965,18.631,0.222,W1
QSO_48.4665998-17.9217583,59586.70121750004,19.171,0.445,W1
QSO_48.4665998-17.9217583,59794.0570605,18.431,0.425,W1
QSO_48.4665998-17.9217583,59953.46537200002,18.98,0.262,W1
QSO_48.4665998-17.9217583,59953.79076949997,19.424,0.395,W1
QSO_48.4665998-17.9217583,60157.89161549999,18.731,0.246,W1
QSO_48.4665998-17.9217583,60316.886875600016,18.547,0.175,W1
QSO_48.4665998-17.9217583,60317.339471199964,19.075000000000003,0.387,W1
QSO_48.4665998-17.9217583,60317.598123400014,18.675,0.189,W1
QSO_48.4665998-17.9217583,60317.727358,19.149,0.325,W1
QSO_48.4665998-17.9217583,60317.98601019997,18.701,0.314,W1
QSO_48.4665998-17.9217583,55219.57539599997,18.77,,W2
QSO_48.4665998-17.9217583,55219.575542,18.696,0.396,W2
QSO_48.4665998-17.9217583,55222.08812899999,18.955,,W2
QSO_48.4665998-17.9217583,55222.220441499965,18.365,,W2
QSO_48.4665998-17.9217583,55222.41870949998,18.45,,W2
QSO_48.4665998-17.9217583,55222.418818999984,18.432,,W2
QSO_48.4665998-17.9217583,55222.48488400003,18.86,,W2
QSO_48.4665998-17.9217583,55222.55105849999,18.688,,W2
QSO_48.4665998-17.9217583,55222.617087,18.641,,W2
QSO_48.4665998-17.9217583,55222.61723300003,18.674,,W2
QSO_48.4665998-17.9217583,55222.68326149996,18.547,,W2
QSO_48.4665998-17.9217583,55222.94781350002,18.521,,W2
QSO_48.4665998-17.9217583,55408.76314500002,18.839,,W2
QSO_48.4665998-17.9217583,55408.895348,18.799,,W2
QSO_48.4665998-17.9217583,55409.02758749999,18.563,,W2
QSO_48.4665998-17.9217583,55409.35805849999,18.75,0.458,W2
QSO_48.4665998-17.9217583,55409.42423300003,18.868,,W2
QSO_48.4665998-17.9217583,55409.49026150004,18.707,,W2
QSO_48.4665998-17.9217583,55409.556436,18.143,0.241,W2
QSO_48.4665998-17.9217583,55409.62246450001,18.443,0.327,W2
QSO_48.4665998-17.9217583,55409.75466749999,18.477,,W2
QSO_48.4665998-17.9217583,55409.88690699999,19.095,,W2
QSO_48.4665998-17.9217583,55411.40727799996,18.388,,W2
QSO_48.4665998-17.9217583,55411.53937150001,18.895,0.425,W2
QSO_48.4665998-17.9217583,55411.539517499965,19.043,0.53,W2
QSO_48.4665998-17.9217583,55411.60554599998,19.027,,W2
QSO_48.4665998-17.9217583,55411.67157449999,19.019,,W2
QSO_48.4665998-17.9217583,55411.73774900003,18.107,0.303,W2
QSO_48.4665998-17.9217583,55411.803813999984,18.366,,W2
QSO_48.4665998-17.9217583,55411.869952,18.977,,W2
QSO_48.4665998-17.9217583,55411.93601699996,19.043,,W2
QSO_48.4665998-17.9217583,55412.0021915,18.603,,W2
QSO_48.4665998-17.9217583,55412.398691,19.032,,W2
QSO_48.4665998-17.9217583,55412.39883700004,18.604,,W2
QSO_48.4665998-17.9217583,55585.90625899999,18.478,,W2
QSO_48.4665998-17.9217583,55586.03846199996,18.46,,W2
QSO_48.4665998-17.9217583,55586.17066500001,18.988,,W2
QSO_48.4665998-17.9217583,55586.236729999975,18.839,,W2
QSO_48.4665998-17.9217583,55586.30275849999,18.949,0.516,W2
QSO_48.4665998-17.9217583,55586.36893300003,18.239,,W2
QSO_48.4665998-17.9217583,55586.765432500026,18.991,,W2
QSO_48.4665998-17.9217583,55586.897526,18.382,,W2
QSO_48.4665998-17.9217583,55587.02972899997,18.994,,W2
QSO_48.4665998-17.9217583,56684.34011550001,18.257,,W2
QSO_48.4665998-17.9217583,56684.537617,18.581,,W2
QSO_48.4665998-17.9217583,56874.01692799996,18.408,,W2
QSO_48.4665998-17.9217583,56874.08270100002,18.395,,W2
QSO_48.4665998-17.9217583,57044.92817869534,18.181,,W2
QSO_48.4665998-17.9217583,57045.45334071198,18.406,,W2
QSO_48.4665998-17.9217583,57240.77702633157,18.52,,W2
QSO_48.4665998-17.9217583,57408.23672623992,18.184,,W2
QSO_48.4665998-17.9217583,57602.71471198992,18.476,,W2
QSO_48.4665998-17.9217583,57602.9115833962,18.178,,W2
QSO_48.4665998-17.9217583,57602.977170598286,18.605,,W2
QSO_48.4665998-17.9217583,57603.43679341277,18.107,,W2
QSO_48.4665998-17.9217583,57769.54830650003,18.012,,W2
QSO_48.4665998-17.9217583,57769.67912249998,18.421,,W2
QSO_48.4665998-17.9217583,57966.74576149997,18.781,0.485,W2
QSO_48.4665998-17.9217583,58129.529556500005,18.426,,W2
QSO_48.4665998-17.9217583,58129.72578049997,18.993,,W2
QSO_48.4665998-17.9217583,58129.79118849999,18.335,,W2
QSO_48.4665998-17.9217583,58130.24919049998,18.243,,W2
QSO_48.4665998-17.9217583,58330.936885,18.23,,W2
QSO_48.4665998-17.9217583,58331.46000300002,18.53,,W2
QSO_48.4665998-17.9217583,58490.51225700002,17.509,,W2
QSO_48.4665998-17.9217583,58490.904559,18.72,,W2
QSO_48.4665998-17.9217583,58491.03537500004,18.656,0.414,W2
QSO_48.4665998-17.9217583,58491.36230550004,18.159,,W2
QSO_48.4665998-17.9217583,58698.253248000015,18.381,,W2
QSO_48.4665998-17.9217583,58698.58003249999,17.18,0.297,W2
QSO_48.4665998-17.9217583,58857.60191499999,18.45,,W2
QSO_48.4665998-17.9217583,58857.864007600016,18.308,,W2
QSO_48.4665998-17.9217583,59062.23932260004,18.617,,W2
QSO_48.4665998-17.9217583,59062.63244319999,18.238,,W2
QSO_48.4665998-17.9217583,59222.58002799997,18.722,0.475,W2
QSO_48.4665998-17.9217583,59222.971965,18.422,,W2
QSO_48.4665998-17.9217583,59426.2978795,18.269,,W2
QSO_48.4665998-17.9217583,59429.95569049996,18.474,,W2
QSO_48.4665998-17.9217583,59586.635955499965,18.334,,W2
QSO_48.4665998-17.9217583,59586.70121750004,18.356,,W2
QSO_48.4665998-17.9217583,59794.0570605,18.736,,W2
QSO_48.4665998-17.9217583,59953.46537200002,18.174,,W2
QSO_48.4665998-17.9217583,59953.79076949997,18.839,,W2
QSO_48.4665998-17.9217583,60157.89161549999,18.267,,W2
QSO_48.4665998-17.9217583,60316.886875600016,18.23,,W2
QSO_48.4665998-17.9217583,60317.339471199964,18.285,,W2
QSO_48.4665998-17.9217583,60317.598123400014,18.893,,W2
QSO_48.4665998-17.9217583,60317.727358,18.447,0.466,W2
QSO_48.4665998-17.9217583,60317.98601019997,18.199,,W2
