oid,time,magnitude,error,band
QSO_53.960524-15.795694,56690.6601635,19.388,0.4,W1
QSO_53.960524-15.795694,56880.52476849996,19.025,0.271,W1
QSO_53.960524-15.795694,57053.06906595346,18.899,0.32,W1
QSO_53.960524-15.795694,57413.032460991606,18.183,0.167,W1
QSO_53.960524-15.795694,57609.60751700794,18.953000000000003,0.408,W1
QSO_53.960524-15.795694,57775.897043500045,18.924,0.241,W1
QSO_53.960524-15.795694,57980.158088,19.17,0.402,W1
QSO_53.960524-15.795694,58339.96147349996,18.326,,W1
QSO_53.960524-15.795694,58704.59351700004,19.031,0.397,W1
QSO_53.960524-15.795694,58864.02514180002,18.984,0.256,W1
QSO_53.960524-15.795694,59069.11957360004,19.039,0.494,W1
QSO_53.960524-15.795694,59596.03660349998,19.313,0.368,W1
QSO_53.960524-15.795694,59800.44415899998,18.392,0.286,W1
QSO_53.960524-15.795694,59959.38749699997,18.892000000000003,0.25,W1
QSO_53.960524-15.795694,59960.03814599999,19.177,0.365,W1
QSO_53.960524-15.795694,60163.65668099999,19.082,0.332,W1
QSO_53.960524-15.795694,60166.636650500026,18.732,0.252,W1
QSO_53.960524-15.795694,60322.96404939998,18.78,0.256,W1
QSO_53.960524-15.795694,60323.2225552,19.014000000000003,0.326,W1
QSO_53.960524-15.795694,56690.6601635,17.875,,W2
QSO_53.960524-15.795694,56880.52476849996,18.594,,W2
QSO_53.960524-15.795694,57053.06906595346,18.508,,W2
QSO_53.960524-15.795694,57413.032460991606,18.582,,W2
QSO_53.960524-15.795694,57609.60751700794,18.535,0.481,W2
QSO_53.960524-15.795694,57775.897043500045,17.875,0.421,W2
QSO_53.960524-15.795694,57980.158088,18.4,,W2
QSO_53.960524-15.795694,58339.96147349996,18.525,,W2
QSO_53.960524-15.795694,58704.59351700004,18.083,0.297,W2
QSO_53.960524-15.795694,58864.02514180002,18.29,0.399,W2
QSO_53.960524-15.795694,59069.11957360004,18.516,,W2
QSO_53.960524-15.795694,59596.03660349998,18.497,0.458,W2
QSO_53.960524-15.795694,59800.44415899998,18.338,,W2
QSO_53.960524-15.795694,59959.38749699997,18.493,,W2
QSO_53.960524-15.795694,59960.03814599999,18.653,,W2
QSO_53.960524-15.795694,60163.65668099999,18.108,0.503,W2
QSO_53.960524-15.795694,60166.636650500026,18.329,,W2
QSO_53.960524-15.795694,60322.96404939998,18.64,,W2
QSO_53.960524-15.795694,60323.2225552,18.488,,W2
QSO_54.1196229-15.6731066,55228.03927149996,18.742,0.213,W1
QSO_54.1196229-15.6731066,55228.171584000025,19.613,0.442,W1
QSO_54.1196229-15.6731066,55228.30382350003,19.122,0.309,W1
QSO_54.1196229-15.6731066,55228.4360265,19.519,0.504,W1
QSO_54.1196229-15.6731066,55228.50220099996,18.78,0.282,W1
QSO_54.1196229-15.6731066,55228.56822949997,19.484,0.408,W1
QSO_54.1196229-15.6731066,55228.63440400002,19.048,0.291,W1
QSO_54.1196229-15.6731066,55228.70057849998,18.962000000000003,0.255,W1
QSO_54.1196229-15.6731066,55229.0311955,19.473,,W1
QSO_54.1196229-15.6731066,55229.16339849997,19.203000000000003,0.347,W1
QSO_54.1196229-15.6731066,55417.88511549997,18.997,0.269,W1
QSO_54.1196229-15.6731066,55418.01731850003,18.834000000000003,0.229,W1
QSO_54.1196229-15.6731066,55418.281761000006,18.947000000000003,,W1
QSO_54.1196229-15.6731066,55418.34778950002,18.93,0.268,W1
QSO_54.1196229-15.6731066,55418.41396399998,19.175,0.322,W1
QSO_54.1196229-15.6731066,55418.47999249999,18.918,0.248,W1
QSO_54.1196229-15.6731066,55418.54616700004,19.35,0.331,W1
QSO_54.1196229-15.6731066,55418.61223199999,19.514000000000003,0.426,W1
QSO_54.1196229-15.6731066,55418.67837000001,19.346,,W1
QSO_54.1196229-15.6731066,55418.74443499997,19.125,0.291,W1
QSO_54.1196229-15.6731066,55418.87663800002,19.215,,W1
QSO_54.1196229-15.6731066,55419.008841,19.103,0.314,W1
QSO_54.1196229-15.6731066,55592.38267300004,19.239,0.344,W1
QSO_54.1196229-15.6731066,55592.77906300003,19.211,0.327,W1
QSO_54.1196229-15.6731066,55592.77920899998,19.243,0.526,W1
QSO_54.1196229-15.6731066,55592.84523749999,19.095,0.294,W1
QSO_54.1196229-15.6731066,55592.911266,19.242,,W1
QSO_54.1196229-15.6731066,55592.97733099996,18.761000000000003,0.323,W1
QSO_54.1196229-15.6731066,55592.97744049996,18.534,0.183,W1
QSO_54.1196229-15.6731066,55593.10953400002,18.746,0.221,W1
QSO_54.1196229-15.6731066,56690.39688899996,18.887,0.249,W1
QSO_54.1196229-15.6731066,56690.46266200002,18.724,,W1
QSO_54.1196229-15.6731066,56691.05502050003,19.051,0.315,W1
QSO_54.1196229-15.6731066,56880.65620499999,19.189,0.372,W1
QSO_54.1196229-15.6731066,56880.7220145,18.729,,W1
QSO_54.1196229-15.6731066,57053.397346963866,18.815,0.253,W1
QSO_54.1196229-15.6731066,57244.57915845214,18.666,0.321,W1
QSO_54.1196229-15.6731066,57413.16389159575,19.661,0.453,W1
QSO_54.1196229-15.6731066,57413.820751816565,18.686,0.204,W1
QSO_54.1196229-15.6731066,57609.47634260376,19.264000000000003,0.352,W1
QSO_54.1196229-15.6731066,57610.264011228704,18.992,0.288,W1
QSO_54.1196229-15.6731066,57776.42052650002,18.566000000000003,,W1
QSO_54.1196229-15.6731066,57776.420672499975,18.896,0.327,W1
QSO_54.1196229-15.6731066,57776.48608049999,18.715,0.205,W1
QSO_54.1196229-15.6731066,57776.81337600004,19.196,0.333,W1
QSO_54.1196229-15.6731066,57973.68065199997,18.794,0.266,W1
QSO_54.1196229-15.6731066,58497.31253550004,19.197000000000003,0.362,W1
QSO_54.1196229-15.6731066,58704.65892499997,18.956000000000003,0.299,W1
QSO_54.1196229-15.6731066,58704.85500299999,19.528,0.536,W1
QSO_54.1196229-15.6731066,58705.11652549997,18.85,0.328,W1
QSO_54.1196229-15.6731066,58864.156316199966,18.093,0.181,W1
QSO_54.1196229-15.6731066,59069.05398640002,18.769,0.351,W1
QSO_54.1196229-15.6731066,59069.25063819999,18.753,0.229,W1
QSO_54.1196229-15.6731066,59436.09477149998,19.137,0.318,W1
QSO_54.1196229-15.6731066,59596.29772449998,19.152,0.299,W1
QSO_54.1196229-15.6731066,59800.63972600001,19.441000000000003,0.393,W1
QSO_54.1196229-15.6731066,59800.965634500026,19.009,0.32,W1
QSO_54.1196229-15.6731066,60166.636650500026,18.999,0.288,W1
QSO_54.1196229-15.6731066,60167.86728450004,18.894,0.266,W1
QSO_54.1196229-15.6731066,55228.03927149996,19.119,0.534,W2
QSO_54.1196229-15.6731066,55228.171584000025,19.032,,W2
QSO_54.1196229-15.6731066,55228.30382350003,19.13,,W2
QSO_54.1196229-15.6731066,55228.4360265,18.382,,W2
QSO_54.1196229-15.6731066,55228.50220099996,18.696,,W2
QSO_54.1196229-15.6731066,55228.56822949997,19.056,,W2
QSO_54.1196229-15.6731066,55228.63440400002,18.445,,W2
QSO_54.1196229-15.6731066,55228.70057849998,18.754,0.403,W2
QSO_54.1196229-15.6731066,55229.0311955,18.635,,W2
QSO_54.1196229-15.6731066,55229.16339849997,18.648,,W2
QSO_54.1196229-15.6731066,55417.88511549997,18.924,0.472,W2
QSO_54.1196229-15.6731066,55418.01731850003,18.913,0.483,W2
QSO_54.1196229-15.6731066,55418.281761000006,18.843,,W2
QSO_54.1196229-15.6731066,55418.34778950002,18.321,,W2
QSO_54.1196229-15.6731066,55418.41396399998,18.624,,W2
QSO_54.1196229-15.6731066,55418.47999249999,19.063,,W2
QSO_54.1196229-15.6731066,55418.54616700004,18.493,,W2
QSO_54.1196229-15.6731066,55418.61223199999,18.343,,W2
QSO_54.1196229-15.6731066,55418.67837000001,18.491,,W2
QSO_54.1196229-15.6731066,55418.74443499997,18.531,,W2
QSO_54.1196229-15.6731066,55418.87663800002,18.463,0.331,W2
QSO_54.1196229-15.6731066,55419.008841,18.611,,W2
QSO_54.1196229-15.6731066,55592.38267300004,18.479,,W2
QSO_54.1196229-15.6731066,55592.77906300003,18.994,,W2
QSO_54.1196229-15.6731066,55592.77920899998,18.896,,W2
QSO_54.1196229-15.6731066,55592.84523749999,18.765,,W2
QSO_54.1196229-15.6731066,55592.911266,18.692,,W2
QSO_54.1196229-15.6731066,55592.97733099996,18.842,,W2
QSO_54.1196229-15.6731066,55592.97744049996,18.35,,W2
QSO_54.1196229-15.6731066,55593.10953400002,18.248,,W2
QSO_54.1196229-15.6731066,56690.39688899996,18.812,0.468,W2
QSO_54.1196229-15.6731066,56690.46266200002,18.423,,W2
QSO_54.1196229-15.6731066,56691.05502050003,18.412,,W2
QSO_54.1196229-15.6731066,56880.65620499999,18.579,0.383,W2
QSO_54.1196229-15.6731066,56880.7220145,18.02,0.413,W2
QSO_54.1196229-15.6731066,57053.397346963866,18.26,,W2
QSO_54.1196229-15.6731066,57244.57915845214,18.784,,W2
QSO_54.1196229-15.6731066,57413.16389159575,18.587,0.37,W2
QSO_54.1196229-15.6731066,57413.820751816565,18.383,,W2
QSO_54.1196229-15.6731066,57609.47634260376,18.13,,W2
QSO_54.1196229-15.6731066,57610.264011228704,18.132,,W2
QSO_54.1196229-15.6731066,57776.42052650002,18.373,,W2
QSO_54.1196229-15.6731066,57776.420672499975,18.786,,W2
QSO_54.1196229-15.6731066,57776.48608049999,18.417,,W2
QSO_54.1196229-15.6731066,57776.81337600004,18.384,,W2
QSO_54.1196229-15.6731066,57973.68065199997,18.713,,W2
QSO_54.1196229-15.6731066,58497.31253550004,18.67,,W2
QSO_54.1196229-15.6731066,58704.65892499997,18.481,0.523,W2
QSO_54.1196229-15.6731066,58704.85500299999,18.453,,W2
QSO_54.1196229-15.6731066,58705.11652549997,17.692999999999998,,W2
QSO_54.1196229-15.6731066,58864.156316199966,18.762,,W2
QSO_54.1196229-15.6731066,59069.05398640002,17.899,,W2
QSO_54.1196229-15.6731066,59069.25063819999,18.099,,W2
QSO_54.1196229-15.6731066,59436.09477149998,18.149,,W2
QSO_54.1196229-15.6731066,59596.29772449998,18.538,,W2
QSO_54.1196229-15.6731066,59800.63972600001,18.32,,W2
QSO_54.1196229-15.6731066,59800.965634500026,18.725,,W2
QSO_54.1196229-15.6731066,60166.636650500026,18.762,0.514,W2
QSO_54.1196229-15.6731066,60167.86728450004,18.148,0.343,W2
QSO_54.0632611-15.7739624,55228.03927149996,18.796,,W1
QSO_54.0632611-15.7739624,55228.17147450002,18.993,0.248,W1
QSO_54.0632611-15.7739624,55228.171584000025,19.316000000000003,0.333,W1
QSO_54.0632611-15.7739624,55228.30382350003,18.643,0.181,W1
QSO_54.0632611-15.7739624,55228.36985200004,19.099,,W1
QSO_54.0632611-15.7739624,55228.4360265,19.272,0.329,W1
QSO_54.0632611-15.7739624,55228.50220099996,19.32,0.353,W1
QSO_54.0632611-15.7739624,55228.56822949997,18.975,0.268,W1
QSO_54.0632611-15.7739624,55228.63440400002,19.257,0.361,W1
QSO_54.0632611-15.7739624,55228.70046899997,18.866,0.243,W1
QSO_54.0632611-15.7739624,55228.70057849998,19.265,0.329,W1
QSO_54.0632611-15.7739624,55229.0311955,18.697,0.216,W1
QSO_54.0632611-15.7739624,55417.88511549997,19.562,,W1
QSO_54.0632611-15.7739624,55418.01731850003,19.119,0.294,W1
QSO_54.0632611-15.7739624,55418.281761000006,19.373,0.369,W1
QSO_54.0632611-15.7739624,55418.34778950002,19.371,0.384,W1
QSO_54.0632611-15.7739624,55418.347935499965,18.09,0.292,W1
QSO_54.0632611-15.7739624,55418.41396399998,18.561,0.202,W1
QSO_54.0632611-15.7739624,55418.47999249999,19.084000000000003,0.278,W1
QSO_54.0632611-15.7739624,55418.480138500025,19.212000000000003,,W1
QSO_54.0632611-15.7739624,55418.54616700004,19.104,0.277,W1
QSO_54.0632611-15.7739624,55418.61223199999,18.605,0.214,W1
QSO_54.0632611-15.7739624,55418.74443499997,18.986,0.269,W1
QSO_54.0632611-15.7739624,55418.87663800002,18.839,0.209,W1
QSO_54.0632611-15.7739624,55419.008841,19.128,0.282,W1
QSO_54.0632611-15.7739624,55592.38256350003,19.161,0.308,W1
QSO_54.0632611-15.7739624,55592.38267300004,19.288,,W1
QSO_54.0632611-15.7739624,55592.77906300003,19.316000000000003,0.379,W1
QSO_54.0632611-15.7739624,55592.84523749999,18.974,0.264,W1
QSO_54.0632611-15.7739624,55592.911266,19.066000000000003,0.289,W1
QSO_54.0632611-15.7739624,55592.97733099996,19.071,0.386,W1
QSO_54.0632611-15.7739624,55593.10953400002,19.324,0.365,W1
QSO_54.0632611-15.7739624,56691.05502050003,18.635,0.358,W1
QSO_54.0632611-15.7739624,56879.99884000003,18.953000000000003,0.253,W1
QSO_54.0632611-15.7739624,56880.45899549998,19.176,,W1
QSO_54.0632611-15.7739624,56880.853451000025,18.91,0.247,W1
QSO_54.0632611-15.7739624,56880.984887499966,18.952,0.332,W1
QSO_54.0632611-15.7739624,57053.06906595346,18.717,0.234,W1
QSO_54.0632611-15.7739624,57053.397237463854,18.242,0.2,W1
QSO_54.0632611-15.7739624,57413.09804819369,18.672,0.191,W1
QSO_54.0632611-15.7739624,57413.68932121234,18.814,0.228,W1
QSO_54.0632611-15.7739624,57609.541929805855,18.798,0.238,W1
QSO_54.0632611-15.7739624,57610.13269042457,19.502,0.42,W1
QSO_54.0632611-15.7739624,57776.02782299997,18.79,0.216,W1
QSO_54.0632611-15.7739624,57776.81323,18.85,0.234,W1
QSO_54.0632611-15.7739624,57973.28809450003,18.52,0.195,W1
QSO_54.0632611-15.7739624,57974.4002495,18.696,0.279,W1
QSO_54.0632611-15.7739624,58134.631708999965,18.794,0.224,W1
QSO_54.0632611-15.7739624,58135.02426649999,18.867,0.24,W1
QSO_54.0632611-15.7739624,58135.22049050004,18.79,0.253,W1
QSO_54.0632611-15.7739624,58340.68070600004,18.68,0.205,W1
QSO_54.0632611-15.7739624,58496.98564149998,18.912,0.249,W1
QSO_54.0632611-15.7739624,58497.05090349997,18.915,0.255,W1
QSO_54.0632611-15.7739624,58497.0510495,18.717,,W1
QSO_54.0632611-15.7739624,58497.1817195,18.778,0.225,W1
QSO_54.0632611-15.7739624,58497.31253550004,19.489,0.464,W1
QSO_54.0632611-15.7739624,58499.4044235,18.82,0.233,W1
QSO_54.0632611-15.7739624,58499.5350935,18.602,0.203,W1
QSO_54.0632611-15.7739624,58500.38514200003,18.61,0.24,W1
QSO_54.0632611-15.7739624,58500.51595799998,18.642,0.231,W1
QSO_54.0632611-15.7739624,58705.11652549997,18.792,0.222,W1
QSO_54.0632611-15.7739624,58863.95970100003,18.487,0.218,W1
QSO_54.0632611-15.7739624,59069.18516079997,18.436,0.168,W1
QSO_54.0632611-15.7739624,59072.98621720002,18.91,0.249,W1
QSO_54.0632611-15.7739624,59228.264465,18.612,0.243,W1
QSO_54.0632611-15.7739624,59228.59110350002,18.802,0.218,W1
QSO_54.0632611-15.7739624,59228.91788799998,19.248,0.316,W1
QSO_54.0632611-15.7739624,59436.2908495,18.462,0.181,W1
QSO_54.0632611-15.7739624,59436.94390750003,19.297,0.368,W1
QSO_54.0632611-15.7739624,59595.05741800001,18.692,0.193,W1
QSO_54.0632611-15.7739624,59595.77548249999,18.901000000000003,0.305,W1
QSO_54.0632611-15.7739624,59596.167163999984,18.667,0.218,W1
QSO_54.0632611-15.7739624,59800.509420999966,19.023000000000003,0.288,W1
QSO_54.0632611-15.7739624,59959.06224549997,18.881,0.238,W1
QSO_54.0632611-15.7739624,59959.517692500005,18.601,0.191,W1
QSO_54.0632611-15.7739624,60323.61033219996,18.697,0.224,W1
QSO_54.0632611-15.7739624,60323.67504100003,18.791,0.34,W1
QSO_54.0632611-15.7739624,60323.93354679996,18.633,0.202,W1
QSO_54.0632611-15.7739624,60324.0623056,18.876,0.271,W1
QSO_54.0632611-15.7739624,55228.03927149996,18.623,0.375,W2
QSO_54.0632611-15.7739624,55228.17147450002,18.623,,W2
QSO_54.0632611-15.7739624,55228.171584000025,18.746,0.389,W2
QSO_54.0632611-15.7739624,55228.30382350003,18.46,,W2
QSO_54.0632611-15.7739624,55228.36985200004,18.364,,W2
QSO_54.0632611-15.7739624,55228.4360265,18.77,,W2
QSO_54.0632611-15.7739624,55228.50220099996,18.457,,W2
QSO_54.0632611-15.7739624,55228.56822949997,18.274,,W2
QSO_54.0632611-15.7739624,55228.63440400002,18.901,,W2
QSO_54.0632611-15.7739624,55228.70046899997,18.595,,W2
QSO_54.0632611-15.7739624,55228.70057849998,18.8,0.492,W2
QSO_54.0632611-15.7739624,55229.0311955,18.676,,W2
QSO_54.0632611-15.7739624,55417.88511549997,18.777,,W2
QSO_54.0632611-15.7739624,55418.01731850003,18.476,0.364,W2
QSO_54.0632611-15.7739624,55418.281761000006,19.147,,W2
QSO_54.0632611-15.7739624,55418.34778950002,18.346,,W2
QSO_54.0632611-15.7739624,55418.347935499965,18.321,,W2
QSO_54.0632611-15.7739624,55418.41396399998,18.378,,W2
QSO_54.0632611-15.7739624,55418.47999249999,19.098,0.519,W2
QSO_54.0632611-15.7739624,55418.480138500025,18.685,,W2
QSO_54.0632611-15.7739624,55418.54616700004,19.068,,W2
QSO_54.0632611-15.7739624,55418.61223199999,18.55,,W2
QSO_54.0632611-15.7739624,55418.74443499997,19.064,0.528,W2
QSO_54.0632611-15.7739624,55418.87663800002,18.443,,W2
QSO_54.0632611-15.7739624,55419.008841,18.445,,W2
QSO_54.0632611-15.7739624,55592.38256350003,18.693,,W2
QSO_54.0632611-15.7739624,55592.38267300004,18.155,,W2
QSO_54.0632611-15.7739624,55592.77906300003,18.453,0.37,W2
QSO_54.0632611-15.7739624,55592.84523749999,18.33,,W2
QSO_54.0632611-15.7739624,55592.911266,18.86,,W2
QSO_54.0632611-15.7739624,55592.97733099996,18.598,0.412,W2
QSO_54.0632611-15.7739624,55593.10953400002,19.008,,W2
QSO_54.0632611-15.7739624,56691.05502050003,18.444,,W2
QSO_54.0632611-15.7739624,56879.99884000003,18.369,,W2
QSO_54.0632611-15.7739624,56880.45899549998,18.69,0.492,W2
QSO_54.0632611-15.7739624,56880.853451000025,18.235,,W2
QSO_54.0632611-15.7739624,56880.984887499966,17.811,,W2
QSO_54.0632611-15.7739624,57053.06906595346,18.659,,W2
QSO_54.0632611-15.7739624,57053.397237463854,18.214,,W2
QSO_54.0632611-15.7739624,57413.09804819369,18.977,,W2
QSO_54.0632611-15.7739624,57413.68932121234,18.743,,W2
QSO_54.0632611-15.7739624,57609.541929805855,17.855,,W2
QSO_54.0632611-15.7739624,57610.13269042457,18.265,0.307,W2
QSO_54.0632611-15.7739624,57776.02782299997,18.811,0.508,W2
QSO_54.0632611-15.7739624,57776.81323,18.549,0.427,W2
QSO_54.0632611-15.7739624,57973.28809450003,18.909,,W2
QSO_54.0632611-15.7739624,57974.4002495,18.376,,W2
QSO_54.0632611-15.7739624,58134.631708999965,18.188,,W2
QSO_54.0632611-15.7739624,58135.02426649999,18.63,0.373,W2
QSO_54.0632611-15.7739624,58135.22049050004,18.592,,W2
QSO_54.0632611-15.7739624,58340.68070600004,18.403,,W2
QSO_54.0632611-15.7739624,58496.98564149998,18.854,,W2
QSO_54.0632611-15.7739624,58497.05090349997,18.699,,W2
QSO_54.0632611-15.7739624,58497.0510495,18.103,,W2
QSO_54.0632611-15.7739624,58497.1817195,18.445,0.476,W2
QSO_54.0632611-15.7739624,58497.31253550004,17.979,0.3,W2
QSO_54.0632611-15.7739624,58499.4044235,17.862,,W2
QSO_54.0632611-15.7739624,58499.5350935,18.108,,W2
QSO_54.0632611-15.7739624,58500.38514200003,18.244,,W2
QSO_54.0632611-15.7739624,58500.51595799998,18.306,,W2
QSO_54.0632611-15.7739624,58705.11652549997,18.343,,W2
QSO_54.0632611-15.7739624,58863.95970100003,18.5,,W2
QSO_54.0632611-15.7739624,59069.18516079997,18.748,,W2
QSO_54.0632611-15.7739624,59072.98621720002,18.796,,W2
QSO_54.0632611-15.7739624,59228.264465,18.322,,W2
QSO_54.0632611-15.7739624,59228.59110350002,18.817,,W2
QSO_54.0632611-15.7739624,59228.91788799998,18.003,,W2
QSO_54.0632611-15.7739624,59436.2908495,18.784,,W2
QSO_54.0632611-15.7739624,59436.94390750003,17.259,0.239,W2
QSO_54.0632611-15.7739624,59595.05741800001,18.227,,W2
QSO_54.0632611-15.7739624,59595.77548249999,18.24,0.348,W2
QSO_54.0632611-15.7739624,59596.167163999984,18.584,0.542,W2
QSO_54.0632611-15.7739624,59800.509420999966,18.589,,W2
QSO_54.0632611-15.7739624,59959.06224549997,18.747,,W2
QSO_54.0632611-15.7739624,59959.517692500005,18.903,,W2
QSO_54.0632611-15.7739624,60323.61033219996,18.816,,W2
QSO_54.0632611-15.7739624,60323.67504100003,18.483,0.49,W2
QSO_54.0632611-15.7739624,60323.93354679996,18.407,,W2
QSO_54.0632611-15.7739624,60324.0623056,18.171,,W2
QSO_53.9482443-15.8392663,55228.03927149996,18.586,,W1
QSO_53.9482443-15.8392663,55228.17147450002,19.071,0.398,W1
QSO_53.9482443-15.8392663,55228.171584000025,18.569,0.282,W1
QSO_53.9482443-15.8392663,55228.23764899998,19.228,0.37,W1
QSO_53.9482443-15.8392663,55228.30382350003,18.9,,W1
QSO_53.9482443-15.8392663,55228.36985200004,18.627,,W1
QSO_53.9482443-15.8392663,55228.4360265,18.899,,W1
QSO_53.9482443-15.8392663,55228.50220099996,18.392,,W1
QSO_53.9482443-15.8392663,55228.56822949997,19.438,0.523,W1
QSO_53.9482443-15.8392663,55228.63440400002,18.808,0.275,W1
QSO_53.9482443-15.8392663,55417.620673,19.091,,W1
QSO_53.9482443-15.8392663,55417.62081900003,19.424,,W1
QSO_53.9482443-15.8392663,55417.75287599997,19.461,0.454,W1
QSO_53.9482443-15.8392663,55417.88511549997,18.845,0.262,W1
QSO_53.9482443-15.8392663,55418.01731850003,19.074,0.384,W1
QSO_53.9482443-15.8392663,55418.08349299999,18.861,,W1
QSO_53.9482443-15.8392663,55418.281761000006,18.697,,W1
QSO_53.9482443-15.8392663,55418.347935499965,19.214,0.375,W1
QSO_53.9482443-15.8392663,55418.41396399998,19.084000000000003,0.308,W1
QSO_53.9482443-15.8392663,55418.47999249999,18.751,0.26,W1
QSO_53.9482443-15.8392663,55418.480138500025,19.227,0.45,W1
QSO_53.9482443-15.8392663,55418.61223199999,19.103,,W1
QSO_53.9482443-15.8392663,55418.74443499997,18.419,,W1
QSO_53.9482443-15.8392663,55418.87663800002,19.297,0.413,W1
QSO_53.9482443-15.8392663,55591.98617350004,19.103,,W1
QSO_53.9482443-15.8392663,55592.38256350003,18.633,0.226,W1
QSO_53.9482443-15.8392663,55592.38267300004,19.499,0.471,W1
QSO_53.9482443-15.8392663,55592.77906300003,19.289,0.51,W1
QSO_53.9482443-15.8392663,55592.84523749999,18.228,,W1
QSO_53.9482443-15.8392663,55592.97733099996,18.605,0.229,W1
QSO_53.9482443-15.8392663,55593.10953400002,19.075000000000003,0.38,W1
QSO_53.9482443-15.8392663,56690.59439050003,18.754,0.229,W1
QSO_53.9482443-15.8392663,57776.42052650002,19.256,,W1
QSO_53.9482443-15.8392663,57974.138617500015,18.975,0.29,W1
QSO_53.9482443-15.8392663,58499.27360749997,19.046,0.281,W1
QSO_53.9482443-15.8392663,58499.4044235,18.751,0.329,W1
QSO_53.9482443-15.8392663,58863.95970100003,19.435,0.436,W1
QSO_53.9482443-15.8392663,59069.11957360004,19.081000000000003,0.44,W1
QSO_53.9482443-15.8392663,59436.42141,18.758000000000003,0.245,W1
QSO_53.9482443-15.8392663,59436.81323750002,19.161,0.531,W1
QSO_53.9482443-15.8392663,60163.851007000034,19.052,,W1
QSO_53.9482443-15.8392663,55228.03927149996,18.432,,W2
QSO_53.9482443-15.8392663,55228.17147450002,18.831,,W2
QSO_53.9482443-15.8392663,55228.171584000025,18.232,,W2
QSO_53.9482443-15.8392663,55228.23764899998,18.801,,W2
QSO_53.9482443-15.8392663,55228.30382350003,18.429,,W2
QSO_53.9482443-15.8392663,55228.36985200004,18.589,,W2
QSO_53.9482443-15.8392663,55228.4360265,18.769,,W2
QSO_53.9482443-15.8392663,55228.50220099996,18.297,,W2
QSO_53.9482443-15.8392663,55228.56822949997,18.329,,W2
QSO_53.9482443-15.8392663,55228.63440400002,18.829,,W2
QSO_53.9482443-15.8392663,55417.620673,18.356,,W2
QSO_53.9482443-15.8392663,55417.62081900003,18.895,,W2
QSO_53.9482443-15.8392663,55417.75287599997,18.175,,W2
QSO_53.9482443-15.8392663,55417.88511549997,18.371,,W2
QSO_53.9482443-15.8392663,55418.01731850003,18.601,,W2
QSO_53.9482443-15.8392663,55418.08349299999,18.294,,W2
QSO_53.9482443-15.8392663,55418.281761000006,18.41,,W2
QSO_53.9482443-15.8392663,55418.347935499965,18.844,,W2
QSO_53.9482443-15.8392663,55418.41396399998,18.809,,W2
QSO_53.9482443-15.8392663,55418.47999249999,18.88,,W2
QSO_53.9482443-15.8392663,55418.480138500025,18.374,,W2
QSO_53.9482443-15.8392663,55418.61223199999,18.212,,W2
QSO_53.9482443-15.8392663,55418.74443499997,18.156,,W2
QSO_53.9482443-15.8392663,55418.87663800002,18.942,,W2
QSO_53.9482443-15.8392663,55591.98617350004,18.654,,W2
QSO_53.9482443-15.8392663,55592.38256350003,18.076,,W2
QSO_53.9482443-15.8392663,55592.38267300004,18.431,,W2
QSO_53.9482443-15.8392663,55592.77906300003,18.749,,W2
QSO_53.9482443-15.8392663,55592.84523749999,18.662,,W2
QSO_53.9482443-15.8392663,55592.97733099996,18.642,,W2
QSO_53.9482443-15.8392663,55593.10953400002,18.658,,W2
QSO_53.9482443-15.8392663,56690.59439050003,18.946,0.525,W2
QSO_53.9482443-15.8392663,57776.42052650002,18.605,,W2
QSO_53.9482443-15.8392663,57974.138617500015,17.073999999999998,0.202,W2
QSO_53.9482443-15.8392663,58499.27360749997,17.641,,W2
QSO_53.9482443-15.8392663,58499.4044235,17.464,,W2
QSO_53.9482443-15.8392663,58863.95970100003,18.561,,W2
QSO_53.9482443-15.8392663,59069.11957360004,18.237,0.412,W2
QSO_53.9482443-15.8392663,59436.42141,18.471,,W2
QSO_53.9482443-15.8392663,59436.81323750002,17.679,,W2
QSO_53.9482443-15.8392663,60163.851007000034,17.283,,W2
QSO_54.1278733-15.7103601,55228.03927149996,18.658,0.189,W1
QSO_54.1278733-15.7103601,55228.171584000025,19.44,0.375,W1
QSO_54.1278733-15.7103601,55228.30382350003,18.795,0.241,W1
QSO_54.1278733-15.7103601,55228.4360265,19.434,0.416,W1
QSO_54.1278733-15.7103601,55228.50220099996,19.419,0.414,W1
QSO_54.1278733-15.7103601,55228.56822949997,19.007,0.272,W1
QSO_54.1278733-15.7103601,55228.63440400002,19.53,0.416,W1
QSO_54.1278733-15.7103601,55228.70046899997,19.144,0.315,W1
QSO_54.1278733-15.7103601,55228.70057849998,19.225,0.384,W1
QSO_54.1278733-15.7103601,55229.0311955,19.258000000000003,0.338,W1
QSO_54.1278733-15.7103601,55229.16339849997,19.663,0.504,W1
QSO_54.1278733-15.7103601,55417.88511549997,19.151000000000003,,W1
QSO_54.1278733-15.7103601,55418.01731850003,19.741,0.528,W1
QSO_54.1278733-15.7103601,55418.281761000006,18.259,0.145,W1
QSO_54.1278733-15.7103601,55418.34778950002,19.07,0.293,W1
QSO_54.1278733-15.7103601,55418.347935499965,19.234,,W1
QSO_54.1278733-15.7103601,55418.41396399998,18.881,0.236,W1
QSO_54.1278733-15.7103601,55418.47999249999,18.715,0.22,W1
QSO_54.1278733-15.7103601,55418.54616700004,19.655,0.464,W1
QSO_54.1278733-15.7103601,55418.61223199999,17.552999999999997,,W1
QSO_54.1278733-15.7103601,55418.67837000001,19.333,,W1
QSO_54.1278733-15.7103601,55418.74443499997,18.44,0.158,W1
QSO_54.1278733-15.7103601,55418.87663800002,19.295,0.392,W1
QSO_54.1278733-15.7103601,55419.008841,19.169,0.318,W1
QSO_54.1278733-15.7103601,55592.38267300004,19.378,0.39,W1
QSO_54.1278733-15.7103601,55592.77906300003,19.594,0.467,W1
QSO_54.1278733-15.7103601,55592.84523749999,19.212000000000003,,W1
QSO_54.1278733-15.7103601,55592.911266,19.161,0.329,W1
QSO_54.1278733-15.7103601,55592.97733099996,19.743,,W1
QSO_54.1278733-15.7103601,55593.10953400002,18.743,0.221,W1
QSO_54.1278733-15.7103601,56690.33097000004,19.014000000000003,0.402,W1
QSO_54.1278733-15.7103601,56690.59439050003,18.834000000000003,0.245,W1
QSO_54.1278733-15.7103601,56695.13648699996,18.804,0.235,W1
QSO_54.1278733-15.7103601,56880.45899549998,18.963,0.272,W1
QSO_54.1278733-15.7103601,56880.65620499999,19.527,0.447,W1
QSO_54.1278733-15.7103601,56880.7220145,18.599,0.3,W1
QSO_54.1278733-15.7103601,56880.984887499966,19.726,,W1
QSO_54.1278733-15.7103601,57053.06906595346,19.431,0.399,W1
QSO_54.1278733-15.7103601,57053.33168346181,18.17,,W1
QSO_54.1278733-15.7103601,57053.397237463854,18.369,0.2,W1
QSO_54.1278733-15.7103601,57245.23477147291,18.583,0.181,W1
QSO_54.1278733-15.7103601,57245.431469979165,18.313,0.188,W1
QSO_54.1278733-15.7103601,57245.69361298753,19.01,0.322,W1
QSO_54.1278733-15.7103601,57413.09815799371,19.139000000000003,,W1
QSO_54.1278733-15.7103601,57413.22947879784,19.388,0.386,W1
QSO_54.1278733-15.7103601,57413.68932121234,19.002,0.281,W1
QSO_54.1278733-15.7103601,57609.14800399339,19.04,0.3,W1
QSO_54.1278733-15.7103601,57609.60762680795,18.892000000000003,,W1
QSO_54.1278733-15.7103601,57609.80449821415,18.756,0.216,W1
QSO_54.1278733-15.7103601,57609.870085416245,18.671,0.221,W1
QSO_54.1278733-15.7103601,57775.70067350004,18.872,0.237,W1
QSO_54.1278733-15.7103601,57776.420672499975,19.071,0.272,W1
QSO_54.1278733-15.7103601,57776.48608049999,18.495,0.177,W1
QSO_54.1278733-15.7103601,57776.55148850001,19.183,0.353,W1
QSO_54.1278733-15.7103601,57776.682413999966,18.605,0.192,W1
QSO_54.1278733-15.7103601,57973.87687600002,18.793,0.247,W1
QSO_54.1278733-15.7103601,57974.138617500015,19.107,0.3,W1
QSO_54.1278733-15.7103601,57980.158088,18.576,0.231,W1
QSO_54.1278733-15.7103601,58134.7626345,18.901000000000003,0.239,W1
QSO_54.1278733-15.7103601,58340.35381199998,18.625,0.196,W1
QSO_54.1278733-15.7103601,58340.68070600004,18.623,0.213,W1
QSO_54.1278733-15.7103601,58496.78941750001,18.152,0.152,W1
QSO_54.1278733-15.7103601,58497.0510495,18.798,0.267,W1
QSO_54.1278733-15.7103601,58497.50865,18.92,0.242,W1
QSO_54.1278733-15.7103601,58499.92743200002,18.526,0.216,W1
QSO_54.1278733-15.7103601,58500.38514200003,18.5,0.235,W1
QSO_54.1278733-15.7103601,58704.26673249999,18.625,0.232,W1
QSO_54.1278733-15.7103601,58704.397439000015,19.112,0.309,W1
QSO_54.1278733-15.7103601,58704.59351700004,18.501,0.201,W1
QSO_54.1278733-15.7103601,58704.724332999984,18.558,0.202,W1
QSO_54.1278733-15.7103601,58704.85500299999,18.948,,W1
QSO_54.1278733-15.7103601,58705.11652549997,18.713,0.219,W1
QSO_54.1278733-15.7103601,58863.6974986,19.159,0.335,W1
QSO_54.1278733-15.7103601,58863.8285266,18.419,0.263,W1
QSO_54.1278733-15.7103601,58864.09072900003,18.179,0.164,W1
QSO_54.1278733-15.7103601,58864.156316199966,19.053,0.348,W1
QSO_54.1278733-15.7103601,58864.2873808,18.562,0.181,W1
QSO_54.1278733-15.7103601,59069.25063819999,18.774,0.24,W1
QSO_54.1278733-15.7103601,59236.95376449997,19.020000000000003,0.351,W1
QSO_54.1278733-15.7103601,59436.94390750003,18.893,0.283,W1
QSO_54.1278733-15.7103601,59437.07446800002,18.804,0.284,W1
QSO_54.1278733-15.7103601,59595.57966,18.555,0.191,W1
QSO_54.1278733-15.7103601,59595.77548249999,18.57,0.301,W1
QSO_54.1278733-15.7103601,59800.50931149996,18.886000000000003,0.273,W1
QSO_54.1278733-15.7103601,59800.965634500026,18.98,0.273,W1
QSO_54.1278733-15.7103601,59959.58284499999,19.154,0.386,W1
QSO_54.1278733-15.7103601,59960.298500499965,18.264,0.266,W1
QSO_54.1278733-15.7103601,60166.636650500026,18.309,0.18,W1
QSO_54.1278733-15.7103601,60166.89572749998,18.941000000000003,0.273,W1
QSO_54.1278733-15.7103601,60167.28434300003,18.691000000000003,0.224,W1
QSO_54.1278733-15.7103601,60167.86728450004,18.784,0.234,W1
QSO_54.1278733-15.7103601,60323.73960339998,18.876,0.317,W1
QSO_54.1278733-15.7103601,55228.03927149996,18.767,,W2
QSO_54.1278733-15.7103601,55228.171584000025,18.581,,W2
QSO_54.1278733-15.7103601,55228.30382350003,18.656,,W2
QSO_54.1278733-15.7103601,55228.4360265,18.961,,W2
QSO_54.1278733-15.7103601,55228.50220099996,18.615,0.376,W2
QSO_54.1278733-15.7103601,55228.56822949997,18.925,,W2
QSO_54.1278733-15.7103601,55228.63440400002,18.949,,W2
QSO_54.1278733-15.7103601,55228.70046899997,18.829,,W2
QSO_54.1278733-15.7103601,55228.70057849998,19.001,0.524,W2
QSO_54.1278733-15.7103601,55229.0311955,19.102,,W2
QSO_54.1278733-15.7103601,55229.16339849997,18.903,,W2
QSO_54.1278733-15.7103601,55417.88511549997,18.575,,W2
QSO_54.1278733-15.7103601,55418.01731850003,18.4,,W2
QSO_54.1278733-15.7103601,55418.281761000006,18.589,,W2
QSO_54.1278733-15.7103601,55418.34778950002,18.433,,W2
QSO_54.1278733-15.7103601,55418.347935499965,18.585,,W2
QSO_54.1278733-15.7103601,55418.41396399998,18.275,,W2
QSO_54.1278733-15.7103601,55418.47999249999,18.605,,W2
QSO_54.1278733-15.7103601,55418.54616700004,18.799,,W2
QSO_54.1278733-15.7103601,55418.61223199999,18.423,,W2
QSO_54.1278733-15.7103601,55418.67837000001,19.115,,W2
QSO_54.1278733-15.7103601,55418.74443499997,18.391,,W2
QSO_54.1278733-15.7103601,55418.87663800002,18.716,,W2
QSO_54.1278733-15.7103601,55419.008841,18.075,,W2
QSO_54.1278733-15.7103601,55592.38267300004,18.279,,W2
QSO_54.1278733-15.7103601,55592.77906300003,18.998,,W2
QSO_54.1278733-15.7103601,55592.84523749999,18.46,,W2
QSO_54.1278733-15.7103601,55592.911266,18.62,,W2
QSO_54.1278733-15.7103601,55592.97733099996,18.933,,W2
QSO_54.1278733-15.7103601,55593.10953400002,18.609,,W2
QSO_54.1278733-15.7103601,56690.33097000004,18.41,,W2
QSO_54.1278733-15.7103601,56690.59439050003,18.222,,W2
QSO_54.1278733-15.7103601,56695.13648699996,18.72,0.507,W2
QSO_54.1278733-15.7103601,56880.45899549998,18.341,,W2
QSO_54.1278733-15.7103601,56880.65620499999,18.385,,W2
QSO_54.1278733-15.7103601,56880.7220145,18.586,,W2
QSO_54.1278733-15.7103601,56880.984887499966,18.358,0.44,W2
QSO_54.1278733-15.7103601,57053.06906595346,18.611,,W2
QSO_54.1278733-15.7103601,57053.33168346181,18.525,,W2
QSO_54.1278733-15.7103601,57053.397237463854,18.774,,W2
QSO_54.1278733-15.7103601,57245.23477147291,18.786,,W2
QSO_54.1278733-15.7103601,57245.431469979165,18.872,,W2
QSO_54.1278733-15.7103601,57245.69361298753,18.822,,W2
QSO_54.1278733-15.7103601,57413.09815799371,17.979,0.268,W2
QSO_54.1278733-15.7103601,57413.22947879784,17.967,,W2
QSO_54.1278733-15.7103601,57413.68932121234,18.979,,W2
QSO_54.1278733-15.7103601,57609.14800399339,18.089,,W2
QSO_54.1278733-15.7103601,57609.60762680795,18.262,0.539,W2
QSO_54.1278733-15.7103601,57609.80449821415,18.752,,W2
QSO_54.1278733-15.7103601,57609.870085416245,18.251,,W2
QSO_54.1278733-15.7103601,57775.70067350004,18.549,,W2
QSO_54.1278733-15.7103601,57776.420672499975,18.65,0.382,W2
QSO_54.1278733-15.7103601,57776.48608049999,18.887,0.494,W2
QSO_54.1278733-15.7103601,57776.55148850001,18.067,0.459,W2
QSO_54.1278733-15.7103601,57776.682413999966,18.189,,W2
QSO_54.1278733-15.7103601,57973.87687600002,18.926,,W2
QSO_54.1278733-15.7103601,57974.138617500015,18.529,,W2
QSO_54.1278733-15.7103601,57980.158088,18.125,,W2
QSO_54.1278733-15.7103601,58134.7626345,18.498,,W2
QSO_54.1278733-15.7103601,58340.35381199998,18.152,,W2
QSO_54.1278733-15.7103601,58340.68070600004,18.677,,W2
QSO_54.1278733-15.7103601,58496.78941750001,18.431,,W2
QSO_54.1278733-15.7103601,58497.0510495,18.576,,W2
QSO_54.1278733-15.7103601,58497.50865,18.759,,W2
QSO_54.1278733-15.7103601,58499.92743200002,17.94,,W2
QSO_54.1278733-15.7103601,58500.38514200003,17.783,,W2
QSO_54.1278733-15.7103601,58704.26673249999,18.024,,W2
QSO_54.1278733-15.7103601,58704.397439000015,18.152,,W2
QSO_54.1278733-15.7103601,58704.59351700004,18.621,0.513,W2
QSO_54.1278733-15.7103601,58704.724332999984,17.838,,W2
QSO_54.1278733-15.7103601,58704.85500299999,18.438,,W2
QSO_54.1278733-15.7103601,58705.11652549997,18.406,0.515,W2
QSO_54.1278733-15.7103601,58863.6974986,18.586,0.441,W2
QSO_54.1278733-15.7103601,58863.8285266,18.078,,W2
QSO_54.1278733-15.7103601,58864.09072900003,18.39,,W2
QSO_54.1278733-15.7103601,58864.156316199966,18.408,,W2
QSO_54.1278733-15.7103601,58864.2873808,18.083,,W2
QSO_54.1278733-15.7103601,59069.25063819999,18.677,,W2
QSO_54.1278733-15.7103601,59236.95376449997,18.121,,W2
QSO_54.1278733-15.7103601,59436.94390750003,17.963,,W2
QSO_54.1278733-15.7103601,59437.07446800002,18.336,,W2
QSO_54.1278733-15.7103601,59595.57966,17.948,,W2
QSO_54.1278733-15.7103601,59595.77548249999,18.18,,W2
QSO_54.1278733-15.7103601,59800.50931149996,18.715,,W2
QSO_54.1278733-15.7103601,59800.965634500026,18.57,,W2
QSO_54.1278733-15.7103601,59959.58284499999,18.535,0.457,W2
QSO_54.1278733-15.7103601,59960.298500499965,18.783,0.509,W2
QSO_54.1278733-15.7103601,60166.636650500026,18.273,,W2
QSO_54.1278733-15.7103601,60166.89572749998,18.16,0.437,W2
QSO_54.1278733-15.7103601,60167.28434300003,18.061,,W2
QSO_54.1278733-15.7103601,60167.86728450004,18.296,,W2
QSO_54.1278733-15.7103601,60323.73960339998,19.022,,W2
QSO_53.9418521-15.9810634,55228.03927149996,19.173,0.329,W1
QSO_53.9418521-15.9810634,55228.17147450002,18.669,0.207,W1
QSO_53.9418521-15.9810634,55228.23764899998,18.9,0.279,W1
QSO_53.9418521-15.9810634,55228.30367749999,19.399,0.381,W1
QSO_53.9418521-15.9810634,55228.30382350003,18.877,0.222,W1
QSO_53.9418521-15.9810634,55228.36985200004,19.081000000000003,0.288,W1
QSO_53.9418521-15.9810634,55228.4360265,18.819000000000003,0.231,W1
QSO_53.9418521-15.9810634,55228.50205500001,19.551,0.465,W1
QSO_53.9418521-15.9810634,55228.63440400002,19.642000000000003,0.462,W1
QSO_53.9418521-15.9810634,55417.62081900003,18.748,0.229,W1
QSO_53.9418521-15.9810634,55417.753022,18.769,0.215,W1
QSO_53.9418521-15.9810634,55417.88511549997,18.631,0.205,W1
QSO_53.9418521-15.9810634,55417.885224999976,18.684,0.219,W1
QSO_53.9418521-15.9810634,55418.01731850003,19.552,0.508,W1
QSO_53.9418521-15.9810634,55418.01746449998,19.337000000000003,0.349,W1
QSO_53.9418521-15.9810634,55418.08349299999,18.5,0.18,W1
QSO_53.9418521-15.9810634,55418.281761000006,18.785,0.237,W1
QSO_53.9418521-15.9810634,55418.347935499965,19.114,0.308,W1
QSO_53.9418521-15.9810634,55418.41396399998,18.778,0.202,W1
QSO_53.9418521-15.9810634,55418.480138500025,18.945,0.289,W1
QSO_53.9418521-15.9810634,55418.6123415,18.817,0.231,W1
QSO_53.9418521-15.9810634,55418.74454449997,19.212000000000003,0.38,W1
QSO_53.9418521-15.9810634,55592.38256350003,19.181,0.319,W1
QSO_53.9418521-15.9810634,55592.84512799999,18.614,0.245,W1
QSO_53.9418521-15.9810634,55592.84523749999,19.366,0.411,W1
QSO_53.9418521-15.9810634,55592.97733099996,19.142000000000003,,W1
QSO_53.9418521-15.9810634,55593.10953400002,19.223,,W1
QSO_53.9418521-15.9810634,56690.199387499975,18.86,0.248,W1
QSO_53.9418521-15.9810634,56690.33097000004,18.856,0.249,W1
QSO_53.9418521-15.9810634,56690.39674300001,18.328,0.158,W1
QSO_53.9418521-15.9810634,56690.39688899996,18.699,0.262,W1
QSO_53.9418521-15.9810634,56690.46266200002,18.739,0.24,W1
QSO_53.9418521-15.9810634,56690.6601635,18.87,0.251,W1
QSO_53.9418521-15.9810634,56880.7220145,18.549,0.203,W1
QSO_53.9418521-15.9810634,56880.853451000025,19.274,0.35,W1
QSO_53.9418521-15.9810634,57053.397237463854,18.529,0.179,W1
QSO_53.9418521-15.9810634,57245.16921747087,18.777,0.232,W1
QSO_53.9418521-15.9810634,57412.70386618119,18.84,0.273,W1
QSO_53.9418521-15.9810634,57413.03231459157,18.551,0.19,W1
QSO_53.9418521-15.9810634,57413.09804819369,18.974,0.265,W1
QSO_53.9418521-15.9810634,57608.75411478095,18.934,0.274,W1
QSO_53.9418521-15.9810634,57608.75422458096,18.97,0.279,W1
QSO_53.9418521-15.9810634,57608.88539898506,18.821,0.253,W1
QSO_53.9418521-15.9810634,57608.8855453851,18.83,0.301,W1
QSO_53.9418521-15.9810634,57609.47634260376,19.127,0.31,W1
QSO_53.9418521-15.9810634,57609.60762680795,18.774,0.347,W1
QSO_53.9418521-15.9810634,57609.8702318162,18.827,0.251,W1
QSO_53.9418521-15.9810634,57775.43878600001,18.501,0.176,W1
QSO_53.9418521-15.9810634,57775.569748,18.654,0.191,W1
QSO_53.9418521-15.9810634,57775.70056400004,18.938,0.28,W1
QSO_53.9418521-15.9810634,57775.83148949999,19.349,0.439,W1
QSO_53.9418521-15.9810634,57776.28960099998,18.644,0.194,W1
QSO_53.9418521-15.9810634,57776.28971049999,18.98,0.33,W1
QSO_53.9418521-15.9810634,57776.42052650002,18.812,0.234,W1
QSO_53.9418521-15.9810634,57776.55148850001,19.344,0.374,W1
QSO_53.9418521-15.9810634,57973.02646249996,18.109,,W1
QSO_53.9418521-15.9810634,57973.28809450003,18.908,0.336,W1
QSO_53.9418521-15.9810634,57973.61524400004,18.984,0.293,W1
QSO_53.9418521-15.9810634,57973.87687600002,18.931,0.306,W1
QSO_53.9418521-15.9810634,57974.00780149998,18.576,0.181,W1
QSO_53.9418521-15.9810634,57974.138617500015,18.697,0.216,W1
QSO_53.9418521-15.9810634,57974.26943349997,19.512,0.447,W1
QSO_53.9418521-15.9810634,57980.15819750001,18.618,0.221,W1
QSO_53.9418521-15.9810634,58134.37007699998,18.851,0.271,W1
QSO_53.9418521-15.9810634,58134.69711699998,18.41,0.163,W1
QSO_53.9418521-15.9810634,58135.220344500005,19.072000000000003,0.282,W1
QSO_53.9418521-15.9810634,58340.0922895,18.668,0.263,W1
QSO_53.9418521-15.9810634,58340.41922,18.815,0.243,W1
QSO_53.9418521-15.9810634,58340.48462800002,18.346,0.181,W1
QSO_53.9418521-15.9810634,58340.61540750002,18.434,0.266,W1
QSO_53.9418521-15.9810634,58340.68081550004,19.173,0.335,W1
QSO_53.9418521-15.9810634,58496.397115500025,18.99,0.26,W1
QSO_53.9418521-15.9810634,58496.78941750001,19.016,0.285,W1
QSO_53.9418521-15.9810634,58496.985495500034,18.832,0.282,W1
QSO_53.9418521-15.9810634,58496.98564149998,18.38,0.246,W1
QSO_53.9418521-15.9810634,58497.37783399997,18.9,0.276,W1
QSO_53.9418521-15.9810634,58497.50865,19.231,0.523,W1
QSO_53.9418521-15.9810634,58499.27360749997,18.725,0.227,W1
QSO_53.9418521-15.9810634,58499.4044235,18.844,0.272,W1
QSO_53.9418521-15.9810634,58499.5350935,18.804,0.248,W1
QSO_53.9418521-15.9810634,58499.79661599999,18.897,0.277,W1
QSO_53.9418521-15.9810634,58499.92743200002,18.715,0.232,W1
QSO_53.9418521-15.9810634,58500.12365599999,18.696,0.24,W1
QSO_53.9418521-15.9810634,58500.254326,18.883000000000003,0.269,W1
QSO_53.9418521-15.9810634,58704.397439000015,19.426,0.402,W1
QSO_53.9418521-15.9810634,58704.85500299999,18.471,0.231,W1
QSO_53.9418521-15.9810634,58863.304231600014,18.847,0.233,W1
QSO_53.9418521-15.9810634,58863.56643399997,18.734,0.206,W1
QSO_53.9418521-15.9810634,58863.76308580001,18.35,0.151,W1
QSO_53.9418521-15.9810634,58863.8285266,19.034,0.266,W1
QSO_53.9418521-15.9810634,58864.02514180002,18.887,0.249,W1
QSO_53.9418521-15.9810634,58864.156206399966,18.691000000000003,0.243,W1
QSO_53.9418521-15.9810634,58864.156316199966,18.797,0.358,W1
QSO_53.9418521-15.9810634,58864.2873808,19.085,0.297,W1
QSO_53.9418521-15.9810634,59068.726453,18.791,0.242,W1
QSO_53.9418521-15.9810634,59068.79189379999,18.395,0.186,W1
QSO_53.9418521-15.9810634,59068.85748100001,18.607,0.214,W1
QSO_53.9418521-15.9810634,59068.92306820002,18.946,0.289,W1
QSO_53.9418521-15.9810634,59069.05413279997,18.901000000000003,0.277,W1
QSO_53.9418521-15.9810634,59069.25063819999,18.432,0.234,W1
QSO_53.9418521-15.9810634,59069.51269419999,18.714,0.235,W1
QSO_53.9418521-15.9810634,59228.264465,18.594,0.189,W1
QSO_53.9418521-15.9810634,59228.5256955,18.566000000000003,0.262,W1
QSO_53.9418521-15.9810634,59228.59110350002,18.883000000000003,0.299,W1
QSO_53.9418521-15.9810634,59436.02961899999,19.231,0.516,W1
QSO_53.9418521-15.9810634,59436.1601795,18.531,0.219,W1
QSO_53.9418521-15.9810634,59436.2908495,18.9,0.288,W1
QSO_53.9418521-15.9810634,59436.682677000026,18.561,0.245,W1
QSO_53.9418521-15.9810634,59595.38383750002,18.922,0.26,W1
QSO_53.9418521-15.9810634,59595.57966,18.918,0.29,W1
QSO_53.9418521-15.9810634,59595.77548249999,19.051,0.3,W1
QSO_53.9418521-15.9810634,59596.03660349998,18.829,0.272,W1
QSO_53.9418521-15.9810634,59800.05309799998,18.758000000000003,0.238,W1
QSO_53.9418521-15.9810634,59800.18354899997,18.496,0.183,W1
QSO_53.9418521-15.9810634,59800.44415899998,18.915,0.339,W1
QSO_53.9418521-15.9810634,59800.44426849998,18.707,0.211,W1
QSO_53.9418521-15.9810634,59959.06213599997,18.638,0.227,W1
QSO_53.9418521-15.9810634,59959.38749699997,18.757,0.237,W1
QSO_53.9418521-15.9810634,59959.45254000003,18.829,0.235,W1
QSO_53.9418521-15.9810634,59959.517692500005,18.759,0.385,W1
QSO_53.9418521-15.9810634,59959.58269900004,18.591,0.234,W1
QSO_53.9418521-15.9810634,59960.03814599999,19.103,0.301,W1
QSO_53.9418521-15.9810634,60166.3775735,18.782,0.243,W1
QSO_53.9418521-15.9810634,60166.83108599999,18.76,0.392,W1
QSO_53.9418521-15.9810634,60167.154804500016,19.205,0.37,W1
QSO_53.9418521-15.9810634,60167.21970149996,18.837000000000003,0.251,W1
QSO_53.9418521-15.9810634,60167.34923999997,18.52,0.185,W1
QSO_53.9418521-15.9810634,60167.47877849999,18.304,0.175,W1
QSO_53.9418521-15.9810634,60322.96404939998,18.347,0.168,W1
QSO_53.9418521-15.9810634,60323.2225552,18.614,0.248,W1
QSO_53.9418521-15.9810634,60323.35182640003,18.779,0.224,W1
QSO_53.9418521-15.9810634,60323.67504100003,19.044,0.305,W1
QSO_53.9418521-15.9810634,60323.93354679996,18.652,0.209,W1
QSO_53.9418521-15.9810634,55228.03927149996,18.308,,W2
QSO_53.9418521-15.9810634,55228.17147450002,19.032,,W2
QSO_53.9418521-15.9810634,55228.23764899998,19.028,,W2
QSO_53.9418521-15.9810634,55228.30367749999,18.511,0.364,W2
QSO_53.9418521-15.9810634,55228.30382350003,18.43,,W2
QSO_53.9418521-15.9810634,55228.36985200004,18.859,0.46,W2
QSO_53.9418521-15.9810634,55228.4360265,18.412,0.321,W2
QSO_53.9418521-15.9810634,55228.50205500001,18.896,0.445,W2
QSO_53.9418521-15.9810634,55228.63440400002,18.715,,W2
QSO_53.9418521-15.9810634,55417.62081900003,18.905,,W2
QSO_53.9418521-15.9810634,55417.753022,18.634,,W2
QSO_53.9418521-15.9810634,55417.88511549997,18.816,0.461,W2
QSO_53.9418521-15.9810634,55417.885224999976,18.285,,W2
QSO_53.9418521-15.9810634,55418.01731850003,18.665,,W2
QSO_53.9418521-15.9810634,55418.01746449998,19.044,0.53,W2
QSO_53.9418521-15.9810634,55418.08349299999,18.713,0.43,W2
QSO_53.9418521-15.9810634,55418.281761000006,18.269,0.259,W2
QSO_53.9418521-15.9810634,55418.347935499965,18.51,0.322,W2
QSO_53.9418521-15.9810634,55418.41396399998,18.892,0.449,W2
QSO_53.9418521-15.9810634,55418.480138500025,18.1,0.236,W2
QSO_53.9418521-15.9810634,55418.6123415,18.348,,W2
QSO_53.9418521-15.9810634,55418.74454449997,18.321,,W2
QSO_53.9418521-15.9810634,55592.38256350003,17.974999999999998,,W2
QSO_53.9418521-15.9810634,55592.84512799999,18.656,,W2
QSO_53.9418521-15.9810634,55592.84523749999,18.847,0.479,W2
QSO_53.9418521-15.9810634,55592.97733099996,18.622,0.391,W2
QSO_53.9418521-15.9810634,55593.10953400002,18.26,0.377,W2
QSO_53.9418521-15.9810634,56690.199387499975,18.537,,W2
QSO_53.9418521-15.9810634,56690.33097000004,18.124,,W2
QSO_53.9418521-15.9810634,56690.39674300001,18.145,0.335,W2
QSO_53.9418521-15.9810634,56690.39688899996,18.777,0.449,W2
QSO_53.9418521-15.9810634,56690.46266200002,18.678,0.518,W2
QSO_53.9418521-15.9810634,56690.6601635,18.153,,W2
QSO_53.9418521-15.9810634,56880.7220145,18.179,0.388,W2
QSO_53.9418521-15.9810634,56880.853451000025,18.516,0.497,W2
QSO_53.9418521-15.9810634,57053.397237463854,18.286,,W2
QSO_53.9418521-15.9810634,57245.16921747087,18.477,0.436,W2
QSO_53.9418521-15.9810634,57412.70386618119,18.402,,W2
QSO_53.9418521-15.9810634,57413.03231459157,18.884,,W2
QSO_53.9418521-15.9810634,57413.09804819369,18.503,,W2
QSO_53.9418521-15.9810634,57608.75411478095,18.251,,W2
QSO_53.9418521-15.9810634,57608.75422458096,18.643,,W2
QSO_53.9418521-15.9810634,57608.88539898506,18.319,,W2
QSO_53.9418521-15.9810634,57608.8855453851,18.392,0.319,W2
QSO_53.9418521-15.9810634,57609.47634260376,18.657,,W2
QSO_53.9418521-15.9810634,57609.60762680795,17.707,,W2
QSO_53.9418521-15.9810634,57609.8702318162,17.873,,W2
QSO_53.9418521-15.9810634,57775.43878600001,18.286,0.494,W2
QSO_53.9418521-15.9810634,57775.569748,17.88,,W2
QSO_53.9418521-15.9810634,57775.70056400004,18.374,0.375,W2
QSO_53.9418521-15.9810634,57775.83148949999,18.227,,W2
QSO_53.9418521-15.9810634,57776.28960099998,18.202,,W2
QSO_53.9418521-15.9810634,57776.28971049999,18.021,,W2
QSO_53.9418521-15.9810634,57776.42052650002,18.758,,W2
QSO_53.9418521-15.9810634,57776.55148850001,17.894,,W2
QSO_53.9418521-15.9810634,57973.02646249996,18.645,,W2
QSO_53.9418521-15.9810634,57973.28809450003,18.236,,W2
QSO_53.9418521-15.9810634,57973.61524400004,18.168,,W2
QSO_53.9418521-15.9810634,57973.87687600002,18.3,0.312,W2
QSO_53.9418521-15.9810634,57974.00780149998,17.993,,W2
QSO_53.9418521-15.9810634,57974.138617500015,18.769,0.504,W2
QSO_53.9418521-15.9810634,57974.26943349997,18.006999999999998,,W2
QSO_53.9418521-15.9810634,57980.15819750001,17.945999999999998,,W2
QSO_53.9418521-15.9810634,58134.37007699998,17.992,,W2
QSO_53.9418521-15.9810634,58134.69711699998,18.236,,W2
QSO_53.9418521-15.9810634,58135.220344500005,18.807,0.502,W2
QSO_53.9418521-15.9810634,58340.0922895,18.564,,W2
QSO_53.9418521-15.9810634,58340.41922,18.144,,W2
QSO_53.9418521-15.9810634,58340.48462800002,18.461,,W2
QSO_53.9418521-15.9810634,58340.61540750002,18.573,,W2
QSO_53.9418521-15.9810634,58340.68081550004,18.592,0.414,W2
QSO_53.9418521-15.9810634,58496.397115500025,18.909,,W2
QSO_53.9418521-15.9810634,58496.78941750001,18.328,,W2
QSO_53.9418521-15.9810634,58496.985495500034,18.637,0.513,W2
QSO_53.9418521-15.9810634,58496.98564149998,17.871,,W2
QSO_53.9418521-15.9810634,58497.37783399997,18.488,,W2
QSO_53.9418521-15.9810634,58497.50865,18.182,,W2
QSO_53.9418521-15.9810634,58499.27360749997,17.962,,W2
QSO_53.9418521-15.9810634,58499.4044235,17.959,,W2
QSO_53.9418521-15.9810634,58499.5350935,18.321,0.471,W2
QSO_53.9418521-15.9810634,58499.79661599999,18.305,0.458,W2
QSO_53.9418521-15.9810634,58499.92743200002,18.274,,W2
QSO_53.9418521-15.9810634,58500.12365599999,17.512,,W2
QSO_53.9418521-15.9810634,58500.254326,18.124,,W2
QSO_53.9418521-15.9810634,58704.397439000015,18.133,0.334,W2
QSO_53.9418521-15.9810634,58704.85500299999,18.242,,W2
QSO_53.9418521-15.9810634,58863.304231600014,17.578,,W2
QSO_53.9418521-15.9810634,58863.56643399997,18.118,,W2
QSO_53.9418521-15.9810634,58863.76308580001,18.356,,W2
QSO_53.9418521-15.9810634,58863.8285266,18.193,0.283,W2
QSO_53.9418521-15.9810634,58864.02514180002,18.191,,W2
QSO_53.9418521-15.9810634,58864.156206399966,18.676,0.415,W2
QSO_53.9418521-15.9810634,58864.156316199966,18.654,0.484,W2
QSO_53.9418521-15.9810634,58864.2873808,17.823,,W2
QSO_53.9418521-15.9810634,59068.726453,18.891,,W2
QSO_53.9418521-15.9810634,59068.79189379999,18.497,0.435,W2
QSO_53.9418521-15.9810634,59068.85748100001,18.174,,W2
QSO_53.9418521-15.9810634,59068.92306820002,17.474,0.401,W2
QSO_53.9418521-15.9810634,59069.05413279997,17.957,,W2
QSO_53.9418521-15.9810634,59069.25063819999,18.117,,W2
QSO_53.9418521-15.9810634,59069.51269419999,18.109,,W2
QSO_53.9418521-15.9810634,59228.264465,18.741,0.417,W2
QSO_53.9418521-15.9810634,59228.5256955,18.633,,W2
QSO_53.9418521-15.9810634,59228.59110350002,18.408,,W2
QSO_53.9418521-15.9810634,59436.02961899999,18.436,0.342,W2
QSO_53.9418521-15.9810634,59436.1601795,18.066,,W2
QSO_53.9418521-15.9810634,59436.2908495,18.232,0.383,W2
QSO_53.9418521-15.9810634,59436.682677000026,17.980999999999998,,W2
QSO_53.9418521-15.9810634,59595.38383750002,18.518,,W2
QSO_53.9418521-15.9810634,59595.57966,18.311,,W2
QSO_53.9418521-15.9810634,59595.77548249999,18.578,0.499,W2
QSO_53.9418521-15.9810634,59596.03660349998,18.524,,W2
QSO_53.9418521-15.9810634,59800.05309799998,18.229,,W2
QSO_53.9418521-15.9810634,59800.18354899997,18.19,,W2
QSO_53.9418521-15.9810634,59800.44415899998,18.489,,W2
QSO_53.9418521-15.9810634,59800.44426849998,18.885,,W2
QSO_53.9418521-15.9810634,59959.06213599997,18.255,,W2
QSO_53.9418521-15.9810634,59959.38749699997,18.449,,W2
QSO_53.9418521-15.9810634,59959.45254000003,18.711,0.536,W2
QSO_53.9418521-15.9810634,59959.517692500005,17.961,,W2
QSO_53.9418521-15.9810634,59959.58269900004,18.093,,W2
QSO_53.9418521-15.9810634,59960.03814599999,18.231,0.307,W2
QSO_53.9418521-15.9810634,60166.3775735,18.39,0.359,W2
QSO_53.9418521-15.9810634,60166.83108599999,18.793,0.497,W2
QSO_53.9418521-15.9810634,60167.154804500016,18.476,,W2
QSO_53.9418521-15.9810634,60167.21970149996,17.895,,W2
QSO_53.9418521-15.9810634,60167.34923999997,17.45,,W2
QSO_53.9418521-15.9810634,60167.47877849999,18.356,0.507,W2
QSO_53.9418521-15.9810634,60322.96404939998,18.564,,W2
QSO_53.9418521-15.9810634,60323.2225552,18.07,,W2
QSO_53.9418521-15.9810634,60323.35182640003,18.142,,W2
QSO_53.9418521-15.9810634,60323.67504100003,18.433,,W2
QSO_53.9418521-15.9810634,60323.93354679996,18.72,,W2
QSO_53.7659737-15.8176115,55227.642626000015,19.12,0.294,W1
QSO_53.7659737-15.8176115,55228.03927149996,19.229,,W1
QSO_53.7659737-15.8176115,55228.10540949998,19.009,0.311,W1
QSO_53.7659737-15.8176115,55228.171584000025,18.892000000000003,0.237,W1
QSO_53.7659737-15.8176115,55228.23764899998,18.846,0.225,W1
QSO_53.7659737-15.8176115,55228.30382350003,18.649,0.222,W1
QSO_53.7659737-15.8176115,55228.36985200004,18.747,0.23,W1
QSO_53.7659737-15.8176115,55228.4360265,18.379,0.159,W1
QSO_53.7659737-15.8176115,55228.50220099996,19.078000000000003,0.413,W1
QSO_53.7659737-15.8176115,55228.63440400002,19.264000000000003,0.378,W1
QSO_53.7659737-15.8176115,55417.488470000026,18.561,0.18,W1
QSO_53.7659737-15.8176115,55417.48857950003,18.924,0.267,W1
QSO_53.7659737-15.8176115,55417.620673,18.82,0.244,W1
QSO_53.7659737-15.8176115,55417.75287599997,18.849,0.273,W1
QSO_53.7659737-15.8176115,55417.88511549997,19.388,0.377,W1
QSO_53.7659737-15.8176115,55417.95129000002,19.011000000000003,0.287,W1
QSO_53.7659737-15.8176115,55418.01731850003,19.292,0.366,W1
QSO_53.7659737-15.8176115,55418.08349299999,18.754,0.225,W1
QSO_53.7659737-15.8176115,55418.281761000006,19.313,0.387,W1
QSO_53.7659737-15.8176115,55418.34778950002,18.576,0.219,W1
QSO_53.7659737-15.8176115,55418.347935499965,18.995,0.281,W1
QSO_53.7659737-15.8176115,55418.47999249999,18.805,0.23,W1
QSO_53.7659737-15.8176115,55418.61223199999,18.721,0.241,W1
QSO_53.7659737-15.8176115,55591.98617350004,18.461,0.177,W1
QSO_53.7659737-15.8176115,55592.38267300004,19.299,0.367,W1
QSO_53.7659737-15.8176115,55592.84523749999,19.041,,W1
QSO_53.7659737-15.8176115,55592.97733099996,19.487,0.428,W1
QSO_53.7659737-15.8176115,56690.1336145,18.555,0.189,W1
QSO_53.7659737-15.8176115,56690.199387499975,18.855,0.254,W1
QSO_53.7659737-15.8176115,56690.33097000004,18.731,0.245,W1
QSO_53.7659737-15.8176115,56690.52858100003,18.889000000000003,0.253,W1
QSO_53.7659737-15.8176115,56690.6601635,18.343,0.165,W1
QSO_53.7659737-15.8176115,56880.13027649998,18.716,0.347,W1
QSO_53.7659737-15.8176115,56880.45899549998,18.889000000000003,0.29,W1
QSO_53.7659737-15.8176115,57245.16921747087,18.221,0.187,W1
QSO_53.7659737-15.8176115,57413.032460991606,18.528,0.216,W1
QSO_53.7659737-15.8176115,57413.09815799371,19.509,0.476,W1
QSO_53.7659737-15.8176115,57608.622830576765,19.595,0.51,W1
QSO_53.7659737-15.8176115,57608.88539898506,18.671,0.214,W1
QSO_53.7659737-15.8176115,57609.082416791294,18.434,0.214,W1
QSO_53.7659737-15.8176115,57609.14800399339,18.501,0.239,W1
QSO_53.7659737-15.8176115,57609.47619620381,18.81,0.258,W1
QSO_53.7659737-15.8176115,57609.47634260376,18.669,0.355,W1
QSO_53.7659737-15.8176115,57609.60751700794,18.229,0.193,W1
QSO_53.7659737-15.8176115,57609.60762680795,18.403,0.16,W1
QSO_53.7659737-15.8176115,57775.70067350004,19.374,0.514,W1
QSO_53.7659737-15.8176115,57775.96245149997,19.223,0.352,W1
QSO_53.7659737-15.8176115,57776.02782299997,18.755000000000003,0.248,W1
QSO_53.7659737-15.8176115,57776.28971049999,18.878,0.246,W1
QSO_53.7659737-15.8176115,57776.42052650002,19.012,0.417,W1
QSO_53.7659737-15.8176115,57973.026316500014,18.507,0.244,W1
QSO_53.7659737-15.8176115,57973.61524400004,18.966,0.27,W1
QSO_53.7659737-15.8176115,57973.68065199997,19.163,0.329,W1
QSO_53.7659737-15.8176115,57973.74605999999,19.303,0.378,W1
QSO_53.7659737-15.8176115,57974.138617500015,18.459,0.179,W1
QSO_53.7659737-15.8176115,57980.158088,19.041,0.474,W1
QSO_53.7659737-15.8176115,58134.37007699998,18.64,0.227,W1
QSO_53.7659737-15.8176115,58134.56630100003,18.719,0.224,W1
QSO_53.7659737-15.8176115,58134.631708999965,19.141,0.33,W1
QSO_53.7659737-15.8176115,58134.69711699998,19.309,0.38,W1
QSO_53.7659737-15.8176115,58134.762525,18.992,0.259,W1
QSO_53.7659737-15.8176115,58134.7626345,18.581,0.311,W1
QSO_53.7659737-15.8176115,58135.08967450001,18.838,0.241,W1
QSO_53.7659737-15.8176115,58340.48448199999,18.47,0.226,W1
QSO_53.7659737-15.8176115,58340.54989,18.125,0.218,W1
QSO_53.7659737-15.8176115,58340.55003600004,19.134,0.394,W1
QSO_53.7659737-15.8176115,58340.81152199999,18.849,0.274,W1
QSO_53.7659737-15.8176115,58496.266409,18.815,0.247,W1
QSO_53.7659737-15.8176115,58496.52789500003,18.877,0.279,W1
QSO_53.7659737-15.8176115,58496.78941750001,18.605,0.209,W1
QSO_53.7659737-15.8176115,58499.27360749997,18.618,0.307,W1
QSO_53.7659737-15.8176115,58499.4044235,18.622,0.274,W1
QSO_53.7659737-15.8176115,58499.46983150002,19.381,0.436,W1
QSO_53.7659737-15.8176115,58499.5350935,18.569,0.396,W1
QSO_53.7659737-15.8176115,58499.53523950004,18.326,0.159,W1
QSO_53.7659737-15.8176115,58499.79672549999,18.34,0.169,W1
QSO_53.7659737-15.8176115,58704.397439000015,18.591,0.188,W1
QSO_53.7659737-15.8176115,58704.46284700003,18.700000000000003,0.216,W1
QSO_53.7659737-15.8176115,58704.59351700004,18.426,0.225,W1
QSO_53.7659737-15.8176115,58704.85500299999,19.271,0.384,W1
QSO_53.7659737-15.8176115,58863.17316699998,18.465,0.208,W1
QSO_53.7659737-15.8176115,58863.36981880003,18.636,0.258,W1
QSO_53.7659737-15.8176115,58863.56643399997,18.615,0.201,W1
QSO_53.7659737-15.8176115,58863.63202119999,18.871,0.229,W1
QSO_53.7659737-15.8176115,58863.6974986,18.907,0.244,W1
QSO_53.7659737-15.8176115,58863.76308580001,18.629,0.267,W1
QSO_53.7659737-15.8176115,58864.02514180002,18.46,0.192,W1
QSO_53.7659737-15.8176115,58864.156316199966,18.654,0.225,W1
QSO_53.7659737-15.8176115,59068.26774520004,18.184,0.142,W1
QSO_53.7659737-15.8176115,59068.52980120004,18.728,0.357,W1
QSO_53.7659737-15.8176115,59068.726453,18.614,0.219,W1
QSO_53.7659737-15.8176115,59068.79189379999,18.3,0.206,W1
QSO_53.7659737-15.8176115,59068.85748100001,18.423,0.175,W1
QSO_53.7659737-15.8176115,59068.92295840001,18.306,0.24,W1
QSO_53.7659737-15.8176115,59069.11957360004,18.807,0.455,W1
QSO_53.7659737-15.8176115,59069.25063819999,18.378,0.228,W1
QSO_53.7659737-15.8176115,59228.003088499965,19.101,,W1
QSO_53.7659737-15.8176115,59228.264465,18.859,0.253,W1
QSO_53.7659737-15.8176115,59228.32972699998,18.605,0.194,W1
QSO_53.7659737-15.8176115,59228.46043350001,18.361,0.16,W1
QSO_53.7659737-15.8176115,59228.59110350002,19.109,0.308,W1
QSO_53.7659737-15.8176115,59435.83365049998,19.094,0.297,W1
QSO_53.7659737-15.8176115,59436.02950949999,18.499,0.176,W1
QSO_53.7659737-15.8176115,59436.42141,18.45,0.189,W1
QSO_53.7659737-15.8176115,59595.05741800001,18.57,0.184,W1
QSO_53.7659737-15.8176115,59595.38383750002,18.585,0.329,W1
QSO_53.7659737-15.8176115,59595.77548249999,18.437,0.161,W1
QSO_53.7659737-15.8176115,59799.46647000004,18.961,,W1
QSO_53.7659737-15.8176115,59799.79237849997,18.621,0.227,W1
QSO_53.7659737-15.8176115,59799.85753100003,18.699,0.245,W1
QSO_53.7659737-15.8176115,59958.80203700004,18.935,0.298,W1
QSO_53.7659737-15.8176115,59959.06224549997,19.429,0.408,W1
QSO_53.7659737-15.8176115,59959.12728850003,19.03,0.286,W1
QSO_53.7659737-15.8176115,59959.19229499998,19.51,0.456,W1
QSO_53.7659737-15.8176115,59959.38749699997,18.606,0.224,W1
QSO_53.7659737-15.8176115,59959.517692500005,19.213,0.384,W1
QSO_53.7659737-15.8176115,60163.39760399996,18.903,0.315,W1
QSO_53.7659737-15.8176115,60163.52714249998,18.503,0.285,W1
QSO_53.7659737-15.8176115,60163.72146850002,19.316000000000003,0.452,W1
QSO_53.7659737-15.8176115,60166.248034999975,18.846,0.253,W1
QSO_53.7659737-15.8176115,60166.70143799997,18.696,0.249,W1
QSO_53.7659737-15.8176115,60167.08954250003,18.559,0.32,W1
QSO_53.7659737-15.8176115,60167.47866899999,18.978,0.313,W1
QSO_53.7659737-15.8176115,60322.70539720002,19.23,0.368,W1
QSO_53.7659737-15.8176115,60322.96404939998,18.398,0.491,W1
QSO_53.7659737-15.8176115,60323.15799279997,18.456,0.172,W1
QSO_53.7659737-15.8176115,60323.2225552,18.84,0.246,W1
QSO_53.7659737-15.8176115,60323.67504100003,18.53,0.193,W1
QSO_53.7659737-15.8176115,55227.642626000015,18.373,,W2
QSO_53.7659737-15.8176115,55228.03927149996,18.614,,W2
QSO_53.7659737-15.8176115,55228.10540949998,18.717,0.394,W2
QSO_53.7659737-15.8176115,55228.171584000025,18.38,,W2
QSO_53.7659737-15.8176115,55228.23764899998,18.34,,W2
QSO_53.7659737-15.8176115,55228.30382350003,18.633,,W2
QSO_53.7659737-15.8176115,55228.36985200004,18.712,,W2
QSO_53.7659737-15.8176115,55228.4360265,18.526,,W2
QSO_53.7659737-15.8176115,55228.50220099996,18.679,,W2
QSO_53.7659737-15.8176115,55228.63440400002,18.975,,W2
QSO_53.7659737-15.8176115,55417.488470000026,18.964,,W2
QSO_53.7659737-15.8176115,55417.48857950003,18.35,,W2
QSO_53.7659737-15.8176115,55417.620673,18.752,,W2
QSO_53.7659737-15.8176115,55417.75287599997,18.566,,W2
QSO_53.7659737-15.8176115,55417.88511549997,18.351,,W2
QSO_53.7659737-15.8176115,55417.95129000002,18.951,,W2
QSO_53.7659737-15.8176115,55418.01731850003,18.775,,W2
QSO_53.7659737-15.8176115,55418.08349299999,18.5,,W2
QSO_53.7659737-15.8176115,55418.281761000006,18.749,,W2
QSO_53.7659737-15.8176115,55418.34778950002,18.589,,W2
QSO_53.7659737-15.8176115,55418.347935499965,18.693,,W2
QSO_53.7659737-15.8176115,55418.47999249999,18.591,,W2
QSO_53.7659737-15.8176115,55418.61223199999,18.313,,W2
QSO_53.7659737-15.8176115,55591.98617350004,18.759,,W2
QSO_53.7659737-15.8176115,55592.38267300004,18.738,0.454,W2
QSO_53.7659737-15.8176115,55592.84523749999,18.323,0.315,W2
QSO_53.7659737-15.8176115,55592.97733099996,18.928,,W2
QSO_53.7659737-15.8176115,56690.1336145,18.127,,W2
QSO_53.7659737-15.8176115,56690.199387499975,17.9,0.31,W2
QSO_53.7659737-15.8176115,56690.33097000004,18.306,,W2
QSO_53.7659737-15.8176115,56690.52858100003,18.952,,W2
QSO_53.7659737-15.8176115,56690.6601635,18.168,,W2
QSO_53.7659737-15.8176115,56880.13027649998,18.695,,W2
QSO_53.7659737-15.8176115,56880.45899549998,18.417,,W2
QSO_53.7659737-15.8176115,57245.16921747087,18.286,,W2
QSO_53.7659737-15.8176115,57413.032460991606,18.489,0.413,W2
QSO_53.7659737-15.8176115,57413.09815799371,18.674,0.452,W2
QSO_53.7659737-15.8176115,57608.622830576765,18.541,,W2
QSO_53.7659737-15.8176115,57608.88539898506,18.461,,W2
QSO_53.7659737-15.8176115,57609.082416791294,17.957,,W2
QSO_53.7659737-15.8176115,57609.14800399339,17.974999999999998,,W2
QSO_53.7659737-15.8176115,57609.47619620381,18.46,,W2
QSO_53.7659737-15.8176115,57609.47634260376,18.926,,W2
QSO_53.7659737-15.8176115,57609.60751700794,18.36,,W2
QSO_53.7659737-15.8176115,57609.60762680795,18.869,,W2
QSO_53.7659737-15.8176115,57775.70067350004,18.401,,W2
QSO_53.7659737-15.8176115,57775.96245149997,18.768,,W2
QSO_53.7659737-15.8176115,57776.02782299997,18.853,0.508,W2
QSO_53.7659737-15.8176115,57776.28971049999,18.618,,W2
QSO_53.7659737-15.8176115,57776.42052650002,18.887,,W2
QSO_53.7659737-15.8176115,57973.026316500014,18.792,,W2
QSO_53.7659737-15.8176115,57973.61524400004,18.0,,W2
QSO_53.7659737-15.8176115,57973.68065199997,18.669,,W2
QSO_53.7659737-15.8176115,57973.74605999999,18.3,0.542,W2
QSO_53.7659737-15.8176115,57974.138617500015,18.788,,W2
QSO_53.7659737-15.8176115,57980.158088,18.076,,W2
QSO_53.7659737-15.8176115,58134.37007699998,18.237,,W2
QSO_53.7659737-15.8176115,58134.56630100003,18.392,,W2
QSO_53.7659737-15.8176115,58134.631708999965,18.833,,W2
QSO_53.7659737-15.8176115,58134.69711699998,18.646,,W2
QSO_53.7659737-15.8176115,58134.762525,18.678,,W2
QSO_53.7659737-15.8176115,58134.7626345,18.513,,W2
QSO_53.7659737-15.8176115,58135.08967450001,18.595,,W2
QSO_53.7659737-15.8176115,58340.48448199999,18.732,,W2
QSO_53.7659737-15.8176115,58340.54989,18.233,,W2
QSO_53.7659737-15.8176115,58340.55003600004,18.647,,W2
QSO_53.7659737-15.8176115,58340.81152199999,18.182,,W2
QSO_53.7659737-15.8176115,58496.266409,18.107,,W2
QSO_53.7659737-15.8176115,58496.52789500003,18.536,0.492,W2
QSO_53.7659737-15.8176115,58496.78941750001,18.359,,W2
QSO_53.7659737-15.8176115,58499.27360749997,17.532,,W2
QSO_53.7659737-15.8176115,58499.4044235,18.346,,W2
QSO_53.7659737-15.8176115,58499.46983150002,18.215,,W2
QSO_53.7659737-15.8176115,58499.5350935,18.669,,W2
QSO_53.7659737-15.8176115,58499.53523950004,18.486,,W2
QSO_53.7659737-15.8176115,58499.79672549999,18.448,,W2
QSO_53.7659737-15.8176115,58704.397439000015,18.036,,W2
QSO_53.7659737-15.8176115,58704.46284700003,18.212,,W2
QSO_53.7659737-15.8176115,58704.59351700004,17.658,,W2
QSO_53.7659737-15.8176115,58704.85500299999,18.337,,W2
QSO_53.7659737-15.8176115,58863.17316699998,18.778,,W2
QSO_53.7659737-15.8176115,58863.36981880003,18.481,,W2
QSO_53.7659737-15.8176115,58863.56643399997,18.636,,W2
QSO_53.7659737-15.8176115,58863.63202119999,18.254,,W2
QSO_53.7659737-15.8176115,58863.6974986,18.426,0.374,W2
QSO_53.7659737-15.8176115,58863.76308580001,17.88,,W2
QSO_53.7659737-15.8176115,58864.02514180002,18.562,,W2
QSO_53.7659737-15.8176115,58864.156316199966,18.319,,W2
QSO_53.7659737-15.8176115,59068.26774520004,18.406,,W2
QSO_53.7659737-15.8176115,59068.52980120004,17.779,,W2
QSO_53.7659737-15.8176115,59068.726453,18.567,0.421,W2
QSO_53.7659737-15.8176115,59068.79189379999,18.15,,W2
QSO_53.7659737-15.8176115,59068.85748100001,18.234,,W2
QSO_53.7659737-15.8176115,59068.92295840001,18.603,0.457,W2
QSO_53.7659737-15.8176115,59069.11957360004,17.726,,W2
QSO_53.7659737-15.8176115,59069.25063819999,18.145,,W2
QSO_53.7659737-15.8176115,59228.003088499965,18.953,,W2
QSO_53.7659737-15.8176115,59228.264465,17.733,,W2
QSO_53.7659737-15.8176115,59228.32972699998,18.592,0.427,W2
QSO_53.7659737-15.8176115,59228.46043350001,18.354,,W2
QSO_53.7659737-15.8176115,59228.59110350002,18.788,,W2
QSO_53.7659737-15.8176115,59435.83365049998,18.749,,W2
QSO_53.7659737-15.8176115,59436.02950949999,18.236,,W2
QSO_53.7659737-15.8176115,59436.42141,18.347,,W2
QSO_53.7659737-15.8176115,59595.05741800001,18.186,,W2
QSO_53.7659737-15.8176115,59595.38383750002,18.302,,W2
QSO_53.7659737-15.8176115,59595.77548249999,18.612,,W2
QSO_53.7659737-15.8176115,59799.46647000004,18.284,0.495,W2
QSO_53.7659737-15.8176115,59799.79237849997,18.438,,W2
QSO_53.7659737-15.8176115,59799.85753100003,18.184,,W2
QSO_53.7659737-15.8176115,59958.80203700004,18.51,,W2
QSO_53.7659737-15.8176115,59959.06224549997,18.089,,W2
QSO_53.7659737-15.8176115,59959.12728850003,18.949,,W2
QSO_53.7659737-15.8176115,59959.19229499998,18.869,,W2
QSO_53.7659737-15.8176115,59959.38749699997,18.672,0.509,W2
QSO_53.7659737-15.8176115,59959.517692500005,18.581,,W2
QSO_53.7659737-15.8176115,60163.39760399996,18.618,,W2
QSO_53.7659737-15.8176115,60163.52714249998,18.693,,W2
QSO_53.7659737-15.8176115,60163.72146850002,18.127,,W2
QSO_53.7659737-15.8176115,60166.248034999975,18.765,0.515,W2
QSO_53.7659737-15.8176115,60166.70143799997,18.503,0.421,W2
QSO_53.7659737-15.8176115,60167.08954250003,18.214,,W2
QSO_53.7659737-15.8176115,60167.47866899999,18.416,,W2
QSO_53.7659737-15.8176115,60322.70539720002,18.669,0.488,W2
QSO_53.7659737-15.8176115,60322.96404939998,18.382,,W2
QSO_53.7659737-15.8176115,60323.15799279997,17.769,,W2
QSO_53.7659737-15.8176115,60323.2225552,18.454,,W2
QSO_53.7659737-15.8176115,60323.67504100003,18.57,0.427,W2
QSO_54.1261305-15.7548854,55228.03927149996,19.082,,W1
QSO_54.1261305-15.7548854,55228.17147450002,19.039,0.267,W1
QSO_54.1261305-15.7548854,55228.171584000025,18.957,0.265,W1
QSO_54.1261305-15.7548854,55228.30382350003,19.348,0.425,W1
QSO_54.1261305-15.7548854,55228.4360265,19.042,0.264,W1
QSO_54.1261305-15.7548854,55228.50220099996,19.059,,W1
QSO_54.1261305-15.7548854,55228.56822949997,19.599,0.464,W1
QSO_54.1261305-15.7548854,55228.63440400002,18.609,0.191,W1
QSO_54.1261305-15.7548854,55228.70046899997,18.711,0.202,W1
QSO_54.1261305-15.7548854,55228.70057849998,19.647,0.458,W1
QSO_54.1261305-15.7548854,55229.0311955,19.244,0.357,W1
QSO_54.1261305-15.7548854,55229.16339849997,19.393,0.504,W1
QSO_54.1261305-15.7548854,55417.88511549997,18.927,0.273,W1
QSO_54.1261305-15.7548854,55418.01731850003,19.157,,W1
QSO_54.1261305-15.7548854,55418.281761000006,17.581,0.117,W1
QSO_54.1261305-15.7548854,55418.34778950002,18.861,0.252,W1
QSO_54.1261305-15.7548854,55418.347935499965,18.971,0.304,W1
QSO_54.1261305-15.7548854,55418.41396399998,19.043,0.355,W1
QSO_54.1261305-15.7548854,55418.47999249999,19.387,,W1
QSO_54.1261305-15.7548854,55418.480138500025,19.399,0.358,W1
QSO_54.1261305-15.7548854,55418.54616700004,18.662,0.206,W1
QSO_54.1261305-15.7548854,55418.61223199999,18.822000000000003,0.23,W1
QSO_54.1261305-15.7548854,55418.67837000001,18.627,0.203,W1
QSO_54.1261305-15.7548854,55418.74443499997,19.437,0.412,W1
QSO_54.1261305-15.7548854,55418.87663800002,18.723,0.212,W1
QSO_54.1261305-15.7548854,55419.008841,19.263,0.384,W1
QSO_54.1261305-15.7548854,55592.38256350003,18.828000000000003,,W1
QSO_54.1261305-15.7548854,55592.38267300004,18.944000000000003,0.264,W1
QSO_54.1261305-15.7548854,55592.77906300003,18.841,0.238,W1
QSO_54.1261305-15.7548854,55592.84523749999,19.015,,W1
QSO_54.1261305-15.7548854,55592.911266,18.918,0.253,W1
QSO_54.1261305-15.7548854,55592.97733099996,19.19,0.307,W1
QSO_54.1261305-15.7548854,55593.10953400002,18.808,0.261,W1
QSO_54.1261305-15.7548854,56690.199387499975,18.411,0.171,W1
QSO_54.1261305-15.7548854,56690.33097000004,19.244,0.401,W1
QSO_54.1261305-15.7548854,56690.39688899996,18.795,0.217,W1
QSO_54.1261305-15.7548854,56690.59439050003,18.253,0.175,W1
QSO_54.1261305-15.7548854,56690.6601635,18.776000000000003,0.407,W1
QSO_54.1261305-15.7548854,56690.72593649998,18.798,0.282,W1
QSO_54.1261305-15.7548854,56690.72608250001,18.562,0.196,W1
QSO_54.1261305-15.7548854,56691.05502050003,18.841,0.259,W1
QSO_54.1261305-15.7548854,56879.99884000003,18.908,0.368,W1
QSO_54.1261305-15.7548854,56880.52476849996,18.603,0.337,W1
QSO_54.1261305-15.7548854,56880.65620499999,18.606,0.275,W1
QSO_54.1261305-15.7548854,56881.116360500026,18.779,0.261,W1
QSO_54.1261305-15.7548854,57053.06906595346,18.697,0.247,W1
QSO_54.1261305-15.7548854,57053.20035645762,19.178,0.319,W1
QSO_54.1261305-15.7548854,57245.23477147291,18.843,0.245,W1
QSO_54.1261305-15.7548854,57245.431469979165,18.963,0.267,W1
QSO_54.1261305-15.7548854,57413.09804819369,18.285,0.294,W1
QSO_54.1261305-15.7548854,57413.09815799371,18.762,0.219,W1
QSO_54.1261305-15.7548854,57413.22947879784,19.052,0.288,W1
QSO_54.1261305-15.7548854,57609.47634260376,18.94,0.295,W1
QSO_54.1261305-15.7548854,57609.541929805855,18.882,0.369,W1
QSO_54.1261305-15.7548854,57609.80449821415,18.499,0.202,W1
QSO_54.1261305-15.7548854,57609.8702318162,19.109,0.289,W1
QSO_54.1261305-15.7548854,57610.13269042457,18.614,0.209,W1
QSO_54.1261305-15.7548854,57775.96245149997,18.658,0.195,W1
QSO_54.1261305-15.7548854,57776.55148850001,18.487,0.182,W1
QSO_54.1261305-15.7548854,57776.682413999966,18.818,0.251,W1
QSO_54.1261305-15.7548854,57776.81323,18.832,0.234,W1
QSO_54.1261305-15.7548854,57973.87687600002,18.727,0.223,W1
QSO_54.1261305-15.7548854,57974.00769199998,18.832,0.239,W1
QSO_54.1261305-15.7548854,57974.0732095,18.638,0.196,W1
QSO_54.1261305-15.7548854,57974.138617500015,18.603,0.214,W1
QSO_54.1261305-15.7548854,57980.158088,18.512,0.2,W1
QSO_54.1261305-15.7548854,58134.631708999965,18.465,0.183,W1
QSO_54.1261305-15.7548854,58134.7626345,19.15,0.516,W1
QSO_54.1261305-15.7548854,58135.08967450001,18.762,0.28,W1
QSO_54.1261305-15.7548854,58135.15508250002,18.539,0.211,W1
QSO_54.1261305-15.7548854,58135.48212250003,18.431,0.175,W1
QSO_54.1261305-15.7548854,58340.48462800002,18.716,0.398,W1
QSO_54.1261305-15.7548854,58340.61529800002,18.743,0.229,W1
QSO_54.1261305-15.7548854,58340.81152199999,19.008000000000003,0.275,W1
QSO_54.1261305-15.7548854,58496.78941750001,18.67,0.219,W1
QSO_54.1261305-15.7548854,58496.98564149998,18.4,0.163,W1
QSO_54.1261305-15.7548854,58497.05090349997,18.256,0.173,W1
QSO_54.1261305-15.7548854,58499.79672549999,18.917,0.278,W1
QSO_54.1261305-15.7548854,58499.92743200002,18.925,0.38,W1
QSO_54.1261305-15.7548854,58500.189064000006,18.515,0.203,W1
QSO_54.1261305-15.7548854,58500.38514200003,18.59,0.206,W1
QSO_54.1261305-15.7548854,58500.51595799998,19.083,0.405,W1
QSO_54.1261305-15.7548854,58704.46284700003,18.739,0.279,W1
QSO_54.1261305-15.7548854,58704.59351700004,18.622,0.214,W1
QSO_54.1261305-15.7548854,58704.724332999984,19.19,0.37,W1
QSO_54.1261305-15.7548854,58863.56643399997,18.988,0.356,W1
QSO_54.1261305-15.7548854,58863.76308580001,18.74,0.205,W1
QSO_54.1261305-15.7548854,58863.95970100003,19.056,0.301,W1
QSO_54.1261305-15.7548854,58864.09072900003,18.643,0.209,W1
QSO_54.1261305-15.7548854,58864.156316199966,18.804,0.237,W1
QSO_54.1261305-15.7548854,59069.18505099997,18.807,0.262,W1
QSO_54.1261305-15.7548854,59069.51269419999,18.595,0.304,W1
QSO_54.1261305-15.7548854,59069.77478680002,18.826,0.26,W1
QSO_54.1261305-15.7548854,59072.98621720002,18.472,0.174,W1
QSO_54.1261305-15.7548854,59228.264465,18.688,0.197,W1
QSO_54.1261305-15.7548854,59228.917742000034,18.854,0.223,W1
QSO_54.1261305-15.7548854,59229.37523300003,18.855,0.238,W1
QSO_54.1261305-15.7548854,59236.95376449997,18.735,0.288,W1
QSO_54.1261305-15.7548854,59437.07446800002,18.789,0.32,W1
QSO_54.1261305-15.7548854,59596.03660349998,19.564,0.445,W1
QSO_54.1261305-15.7548854,59596.167163999984,18.693,0.206,W1
QSO_54.1261305-15.7548854,59799.85753100003,18.432,0.177,W1
QSO_54.1261305-15.7548854,59800.11825049996,18.404,0.203,W1
QSO_54.1261305-15.7548854,59800.44415899998,18.961,0.276,W1
QSO_54.1261305-15.7548854,59800.509420999966,18.439,0.172,W1
QSO_54.1261305-15.7548854,59959.517692500005,18.87,0.236,W1
QSO_54.1261305-15.7548854,59959.58269900004,18.688,0.246,W1
QSO_54.1261305-15.7548854,59960.298500499965,18.823,0.241,W1
QSO_54.1261305-15.7548854,60166.636650500026,18.901000000000003,0.27,W1
QSO_54.1261305-15.7548854,60167.86728450004,18.438,0.262,W1
QSO_54.1261305-15.7548854,60323.67504100003,18.778,0.249,W1
QSO_54.1261305-15.7548854,60323.73960339998,18.965,0.292,W1
QSO_54.1261305-15.7548854,60323.93354679996,18.589,0.266,W1
QSO_54.1261305-15.7548854,55228.03927149996,19.167,,W2
QSO_54.1261305-15.7548854,55228.17147450002,18.48,,W2
QSO_54.1261305-15.7548854,55228.171584000025,18.871,,W2
QSO_54.1261305-15.7548854,55228.30382350003,18.436,,W2
QSO_54.1261305-15.7548854,55228.4360265,18.974,,W2
QSO_54.1261305-15.7548854,55228.50220099996,18.287,,W2
QSO_54.1261305-15.7548854,55228.56822949997,18.487,,W2
QSO_54.1261305-15.7548854,55228.63440400002,18.89,0.503,W2
QSO_54.1261305-15.7548854,55228.70046899997,18.953,,W2
QSO_54.1261305-15.7548854,55228.70057849998,19.032,0.533,W2
QSO_54.1261305-15.7548854,55229.0311955,18.511,,W2
QSO_54.1261305-15.7548854,55229.16339849997,19.002,0.538,W2
QSO_54.1261305-15.7548854,55417.88511549997,18.545,,W2
QSO_54.1261305-15.7548854,55418.01731850003,18.953,0.521,W2
QSO_54.1261305-15.7548854,55418.281761000006,18.775,0.488,W2
QSO_54.1261305-15.7548854,55418.34778950002,18.956,0.54,W2
QSO_54.1261305-15.7548854,55418.347935499965,18.472,0.396,W2
QSO_54.1261305-15.7548854,55418.41396399998,18.932,,W2
QSO_54.1261305-15.7548854,55418.47999249999,18.619,0.369,W2
QSO_54.1261305-15.7548854,55418.480138500025,18.865,,W2
QSO_54.1261305-15.7548854,55418.54616700004,18.732,,W2
QSO_54.1261305-15.7548854,55418.61223199999,18.783,,W2
QSO_54.1261305-15.7548854,55418.67837000001,18.679,,W2
QSO_54.1261305-15.7548854,55418.74443499997,18.508,0.355,W2
QSO_54.1261305-15.7548854,55418.87663800002,18.555,,W2
QSO_54.1261305-15.7548854,55419.008841,18.447,,W2
QSO_54.1261305-15.7548854,55592.38256350003,18.213,0.34,W2
QSO_54.1261305-15.7548854,55592.38267300004,18.755,0.438,W2
QSO_54.1261305-15.7548854,55592.77906300003,19.01,,W2
QSO_54.1261305-15.7548854,55592.84523749999,18.853,,W2
QSO_54.1261305-15.7548854,55592.911266,18.502,,W2
QSO_54.1261305-15.7548854,55592.97733099996,18.035,,W2
QSO_54.1261305-15.7548854,55593.10953400002,18.646,,W2
QSO_54.1261305-15.7548854,56690.199387499975,18.41,,W2
QSO_54.1261305-15.7548854,56690.33097000004,17.971999999999998,,W2
QSO_54.1261305-15.7548854,56690.39688899996,18.697,0.529,W2
QSO_54.1261305-15.7548854,56690.59439050003,18.848,,W2
QSO_54.1261305-15.7548854,56690.6601635,18.13,,W2
QSO_54.1261305-15.7548854,56690.72593649998,18.453,,W2
QSO_54.1261305-15.7548854,56690.72608250001,18.917,,W2
QSO_54.1261305-15.7548854,56691.05502050003,18.747,,W2
QSO_54.1261305-15.7548854,56879.99884000003,18.818,,W2
QSO_54.1261305-15.7548854,56880.52476849996,18.694,,W2
QSO_54.1261305-15.7548854,56880.65620499999,18.269,,W2
QSO_54.1261305-15.7548854,56881.116360500026,18.973,,W2
QSO_54.1261305-15.7548854,57053.06906595346,18.408,,W2
QSO_54.1261305-15.7548854,57053.20035645762,17.924,0.253,W2
QSO_54.1261305-15.7548854,57245.23477147291,18.671,,W2
QSO_54.1261305-15.7548854,57245.431469979165,18.574,,W2
QSO_54.1261305-15.7548854,57413.09804819369,18.754,,W2
QSO_54.1261305-15.7548854,57413.09815799371,18.997,,W2
QSO_54.1261305-15.7548854,57413.22947879784,17.44,,W2
QSO_54.1261305-15.7548854,57609.47634260376,17.980999999999998,,W2
QSO_54.1261305-15.7548854,57609.541929805855,17.971,0.371,W2
QSO_54.1261305-15.7548854,57609.80449821415,18.519,,W2
QSO_54.1261305-15.7548854,57609.8702318162,18.753,0.506,W2
QSO_54.1261305-15.7548854,57610.13269042457,18.765,,W2
QSO_54.1261305-15.7548854,57775.96245149997,18.151,,W2
QSO_54.1261305-15.7548854,57776.55148850001,18.66,,W2
QSO_54.1261305-15.7548854,57776.682413999966,18.8,,W2
QSO_54.1261305-15.7548854,57776.81323,18.768,,W2
QSO_54.1261305-15.7548854,57973.87687600002,18.264,,W2
QSO_54.1261305-15.7548854,57974.00769199998,18.895,,W2
QSO_54.1261305-15.7548854,57974.0732095,18.267,,W2
QSO_54.1261305-15.7548854,57974.138617500015,18.077,,W2
QSO_54.1261305-15.7548854,57980.158088,18.128,,W2
QSO_54.1261305-15.7548854,58134.631708999965,18.64,,W2
QSO_54.1261305-15.7548854,58134.7626345,18.664,0.467,W2
QSO_54.1261305-15.7548854,58135.08967450001,18.486,,W2
QSO_54.1261305-15.7548854,58135.15508250002,18.879,,W2
QSO_54.1261305-15.7548854,58135.48212250003,18.066,,W2
QSO_54.1261305-15.7548854,58340.48462800002,18.221,,W2
QSO_54.1261305-15.7548854,58340.61529800002,18.516,,W2
QSO_54.1261305-15.7548854,58340.81152199999,17.904,,W2
QSO_54.1261305-15.7548854,58496.78941750001,18.153,,W2
QSO_54.1261305-15.7548854,58496.98564149998,18.092,,W2
QSO_54.1261305-15.7548854,58497.05090349997,18.207,,W2
QSO_54.1261305-15.7548854,58499.79672549999,18.164,,W2
QSO_54.1261305-15.7548854,58499.92743200002,18.137,,W2
QSO_54.1261305-15.7548854,58500.189064000006,18.015,,W2
QSO_54.1261305-15.7548854,58500.38514200003,17.491,0.296,W2
QSO_54.1261305-15.7548854,58500.51595799998,17.974999999999998,0.381,W2
QSO_54.1261305-15.7548854,58704.46284700003,17.684,,W2
QSO_54.1261305-15.7548854,58704.59351700004,17.719,,W2
QSO_54.1261305-15.7548854,58704.724332999984,18.441,,W2
QSO_54.1261305-15.7548854,58863.56643399997,18.119,,W2
QSO_54.1261305-15.7548854,58863.76308580001,18.516,,W2
QSO_54.1261305-15.7548854,58863.95970100003,18.781,,W2
QSO_54.1261305-15.7548854,58864.09072900003,18.512,0.426,W2
QSO_54.1261305-15.7548854,58864.156316199966,19.029,,W2
QSO_54.1261305-15.7548854,59069.18505099997,18.733,,W2
QSO_54.1261305-15.7548854,59069.51269419999,18.231,,W2
QSO_54.1261305-15.7548854,59069.77478680002,18.666,,W2
QSO_54.1261305-15.7548854,59072.98621720002,18.418,,W2
QSO_54.1261305-15.7548854,59228.264465,18.427,,W2
QSO_54.1261305-15.7548854,59228.917742000034,18.354,,W2
QSO_54.1261305-15.7548854,59229.37523300003,17.910999999999998,,W2
QSO_54.1261305-15.7548854,59236.95376449997,18.194,,W2
QSO_54.1261305-15.7548854,59437.07446800002,18.474,,W2
QSO_54.1261305-15.7548854,59596.03660349998,17.817,0.494,W2
QSO_54.1261305-15.7548854,59596.167163999984,18.124,,W2
QSO_54.1261305-15.7548854,59799.85753100003,18.444,,W2
QSO_54.1261305-15.7548854,59800.11825049996,18.398,,W2
QSO_54.1261305-15.7548854,59800.44415899998,18.061,,W2
QSO_54.1261305-15.7548854,59800.509420999966,18.061,,W2
QSO_54.1261305-15.7548854,59959.517692500005,18.394,,W2
QSO_54.1261305-15.7548854,59959.58269900004,18.777,,W2
QSO_54.1261305-15.7548854,59960.298500499965,18.674,,W2
QSO_54.1261305-15.7548854,60166.636650500026,18.531,0.412,W2
QSO_54.1261305-15.7548854,60167.86728450004,18.504,,W2
QSO_54.1261305-15.7548854,60323.67504100003,18.749,,W2
QSO_54.1261305-15.7548854,60323.73960339998,18.625,,W2
QSO_54.1261305-15.7548854,60323.93354679996,18.361,,W2
QSO_54.0693305-15.9503092,55228.03927149996,19.079,,W1
QSO_54.0693305-15.9503092,55228.17147450002,19.098,,W1
QSO_54.0693305-15.9503092,55228.30367749999,19.602,0.429,W1
QSO_54.0693305-15.9503092,55228.30382350003,18.73,0.223,W1
QSO_54.0693305-15.9503092,55228.36985200004,19.196,0.384,W1
QSO_54.0693305-15.9503092,55228.4360265,19.228,0.322,W1
QSO_54.0693305-15.9503092,55228.50205500001,18.871,0.249,W1
QSO_54.0693305-15.9503092,55228.56822949997,19.256,0.329,W1
QSO_54.0693305-15.9503092,55228.63440400002,18.885,0.235,W1
QSO_54.0693305-15.9503092,55228.70046899997,18.654,0.234,W1
QSO_54.0693305-15.9503092,55229.031049499965,19.236,0.386,W1
QSO_54.0693305-15.9503092,55417.753022,18.9,0.414,W1
QSO_54.0693305-15.9503092,55417.88511549997,19.468,0.401,W1
QSO_54.0693305-15.9503092,55417.885224999976,19.223,,W1
QSO_54.0693305-15.9503092,55418.01731850003,19.343,0.353,W1
QSO_54.0693305-15.9503092,55418.01746449998,19.281,0.348,W1
QSO_54.0693305-15.9503092,55418.281761000006,19.324,0.349,W1
QSO_54.0693305-15.9503092,55418.347935499965,18.598,0.186,W1
QSO_54.0693305-15.9503092,55418.41396399998,19.47,0.394,W1
QSO_54.0693305-15.9503092,55418.480138500025,18.264,0.151,W1
QSO_54.0693305-15.9503092,55418.54616700004,19.398000000000003,0.383,W1
QSO_54.0693305-15.9503092,55418.6123415,19.619,0.442,W1
QSO_54.0693305-15.9503092,55418.74454449997,19.229,0.322,W1
QSO_54.0693305-15.9503092,55418.87663800002,19.589,0.502,W1
QSO_54.0693305-15.9503092,55418.87678399997,19.143,0.328,W1
QSO_54.0693305-15.9503092,55592.38256350003,18.488,0.268,W1
QSO_54.0693305-15.9503092,55592.77906300003,19.366,0.382,W1
QSO_54.0693305-15.9503092,55592.84512799999,19.174,0.315,W1
QSO_54.0693305-15.9503092,55592.84523749999,18.787,0.223,W1
QSO_54.0693305-15.9503092,55592.97733099996,19.129,,W1
QSO_54.0693305-15.9503092,55593.10953400002,18.369,0.162,W1
QSO_54.0693305-15.9503092,56690.199387499975,18.718,0.208,W1
QSO_54.0693305-15.9503092,56690.39688899996,19.027,0.305,W1
QSO_54.0693305-15.9503092,56690.46266200002,18.624,0.201,W1
QSO_54.0693305-15.9503092,56690.59439050003,18.554,0.22,W1
QSO_54.0693305-15.9503092,56695.13634100001,18.764000000000003,0.249,W1
QSO_54.0693305-15.9503092,56880.52476849996,18.923,0.288,W1
QSO_54.0693305-15.9503092,56880.853451000025,19.129,0.336,W1
QSO_54.0693305-15.9503092,57053.06906595346,18.906,0.252,W1
QSO_54.0693305-15.9503092,57053.20024695761,18.783,0.223,W1
QSO_54.0693305-15.9503092,57245.10369996877,18.906,0.274,W1
QSO_54.0693305-15.9503092,57412.70386618119,18.834000000000003,0.24,W1
QSO_54.0693305-15.9503092,57413.03231459157,19.021,0.29,W1
QSO_54.0693305-15.9503092,57413.09804819369,18.868,0.32,W1
QSO_54.0693305-15.9503092,57413.22947879784,19.115,0.32,W1
QSO_54.0693305-15.9503092,57413.55792720823,18.635,0.203,W1
QSO_54.0693305-15.9503092,57609.14800399339,19.181,0.392,W1
QSO_54.0693305-15.9503092,57609.47634260376,19.361,0.407,W1
QSO_54.0693305-15.9503092,57609.60762680795,18.648,0.212,W1
QSO_54.0693305-15.9503092,57775.569748,18.875,0.222,W1
QSO_54.0693305-15.9503092,57776.68230449996,19.113,0.29,W1
QSO_54.0693305-15.9503092,57973.942393499965,19.413,0.419,W1
QSO_54.0693305-15.9503092,57974.40039550004,18.982,0.269,W1
QSO_54.0693305-15.9503092,58135.35116049996,18.814,0.233,W1
QSO_54.0693305-15.9503092,58340.55003600004,18.672,0.208,W1
QSO_54.0693305-15.9503092,58340.68081550004,18.331,0.277,W1
QSO_54.0693305-15.9503092,58496.52789500003,18.875,0.261,W1
QSO_54.0693305-15.9503092,58496.98564149998,18.566000000000003,0.187,W1
QSO_54.0693305-15.9503092,58497.05090349997,18.645,0.215,W1
QSO_54.0693305-15.9503092,58704.26673249999,19.026000000000003,0.285,W1
QSO_54.0693305-15.9503092,58704.65892499997,19.066000000000003,0.319,W1
QSO_54.0693305-15.9503092,58704.724332999984,18.957,0.291,W1
QSO_54.0693305-15.9503092,58863.304231600014,18.63,0.198,W1
QSO_54.0693305-15.9503092,58863.56643399997,18.955,0.24,W1
QSO_54.0693305-15.9503092,58863.8285266,18.883000000000003,0.235,W1
QSO_54.0693305-15.9503092,58863.95970100003,18.47,0.272,W1
QSO_54.0693305-15.9503092,58864.2873808,18.625,0.206,W1
QSO_54.0693305-15.9503092,59068.79189379999,18.793,0.272,W1
QSO_54.0693305-15.9503092,59068.792040200016,18.89,0.256,W1
QSO_54.0693305-15.9503092,59069.11957360004,19.31,0.373,W1
QSO_54.0693305-15.9503092,59228.59110350002,18.695,0.246,W1
QSO_54.0693305-15.9503092,59228.78707200003,19.156,0.388,W1
QSO_54.0693305-15.9503092,59595.05741800001,18.82,0.293,W1
QSO_54.0693305-15.9503092,59595.38383750002,19.001,0.308,W1
QSO_54.0693305-15.9503092,59596.03660349998,19.043,0.271,W1
QSO_54.0693305-15.9503092,59959.517692500005,19.173,0.353,W1
QSO_54.0693305-15.9503092,59960.16830500001,18.993,0.326,W1
QSO_54.0693305-15.9503092,60166.765824,18.424,0.188,W1
QSO_54.0693305-15.9503092,60167.154804500016,18.666,0.286,W1
QSO_54.0693305-15.9503092,60167.28434300003,18.672,0.255,W1
QSO_54.0693305-15.9503092,60167.34913049997,18.851,0.35,W1
QSO_54.0693305-15.9503092,60167.47866899999,18.842,0.273,W1
QSO_54.0693305-15.9503092,60167.60820750001,18.536,0.266,W1
QSO_54.0693305-15.9503092,60167.60835350004,18.567,0.207,W1
QSO_54.0693305-15.9503092,60323.2225552,18.844,0.336,W1
QSO_54.0693305-15.9503092,60323.67504100003,18.857,0.244,W1
QSO_54.0693305-15.9503092,60324.0623056,18.532,0.254,W1
QSO_54.0693305-15.9503092,55228.03927149996,18.878,,W2
QSO_54.0693305-15.9503092,55228.17147450002,18.556,,W2
QSO_54.0693305-15.9503092,55228.30367749999,18.678,,W2
QSO_54.0693305-15.9503092,55228.30382350003,18.965,0.493,W2
QSO_54.0693305-15.9503092,55228.36985200004,19.014,,W2
QSO_54.0693305-15.9503092,55228.4360265,18.923,,W2
QSO_54.0693305-15.9503092,55228.50205500001,19.119,,W2
QSO_54.0693305-15.9503092,55228.56822949997,19.017,,W2
QSO_54.0693305-15.9503092,55228.63440400002,18.965,0.482,W2
QSO_54.0693305-15.9503092,55228.70046899997,18.688,0.406,W2
QSO_54.0693305-15.9503092,55229.031049499965,19.069,,W2
QSO_54.0693305-15.9503092,55417.753022,18.808,0.431,W2
QSO_54.0693305-15.9503092,55417.88511549997,18.855,,W2
QSO_54.0693305-15.9503092,55417.885224999976,18.867,,W2
QSO_54.0693305-15.9503092,55418.01731850003,18.534,,W2
QSO_54.0693305-15.9503092,55418.01746449998,18.916,,W2
QSO_54.0693305-15.9503092,55418.281761000006,17.578,0.161,W2
QSO_54.0693305-15.9503092,55418.347935499965,18.921,,W2
QSO_54.0693305-15.9503092,55418.41396399998,19.039,,W2
QSO_54.0693305-15.9503092,55418.480138500025,19.053,0.529,W2
QSO_54.0693305-15.9503092,55418.54616700004,18.801,0.412,W2
QSO_54.0693305-15.9503092,55418.6123415,18.528,,W2
QSO_54.0693305-15.9503092,55418.74454449997,18.435,,W2
QSO_54.0693305-15.9503092,55418.87663800002,18.869,0.452,W2
QSO_54.0693305-15.9503092,55418.87678399997,19.147,,W2
QSO_54.0693305-15.9503092,55592.38256350003,18.929,,W2
QSO_54.0693305-15.9503092,55592.77906300003,18.644,,W2
QSO_54.0693305-15.9503092,55592.84512799999,19.038,,W2
QSO_54.0693305-15.9503092,55592.84523749999,19.025,,W2
QSO_54.0693305-15.9503092,55592.97733099996,18.657,,W2
QSO_54.0693305-15.9503092,55593.10953400002,18.997,,W2
QSO_54.0693305-15.9503092,56690.199387499975,18.269,,W2
QSO_54.0693305-15.9503092,56690.39688899996,18.736,,W2
QSO_54.0693305-15.9503092,56690.46266200002,18.743,0.463,W2
QSO_54.0693305-15.9503092,56690.59439050003,18.383,,W2
QSO_54.0693305-15.9503092,56695.13634100001,18.17,,W2
QSO_54.0693305-15.9503092,56880.52476849996,18.877,,W2
QSO_54.0693305-15.9503092,56880.853451000025,18.234,,W2
QSO_54.0693305-15.9503092,57053.06906595346,18.384,,W2
QSO_54.0693305-15.9503092,57053.20024695761,18.512,0.499,W2
QSO_54.0693305-15.9503092,57245.10369996877,18.219,,W2
QSO_54.0693305-15.9503092,57412.70386618119,18.951,,W2
QSO_54.0693305-15.9503092,57413.03231459157,18.273,,W2
QSO_54.0693305-15.9503092,57413.09804819369,18.134,,W2
QSO_54.0693305-15.9503092,57413.22947879784,18.904,,W2
QSO_54.0693305-15.9503092,57413.55792720823,18.398,,W2
QSO_54.0693305-15.9503092,57609.14800399339,18.043,,W2
QSO_54.0693305-15.9503092,57609.47634260376,18.361,,W2
QSO_54.0693305-15.9503092,57609.60762680795,18.315,,W2
QSO_54.0693305-15.9503092,57775.569748,18.167,,W2
QSO_54.0693305-15.9503092,57776.68230449996,18.878,,W2
QSO_54.0693305-15.9503092,57973.942393499965,18.655,0.485,W2
QSO_54.0693305-15.9503092,57974.40039550004,18.761,,W2
QSO_54.0693305-15.9503092,58135.35116049996,18.486,,W2
QSO_54.0693305-15.9503092,58340.55003600004,18.819,,W2
QSO_54.0693305-15.9503092,58340.68081550004,18.836,,W2
QSO_54.0693305-15.9503092,58496.52789500003,18.796,,W2
QSO_54.0693305-15.9503092,58496.98564149998,18.531,,W2
QSO_54.0693305-15.9503092,58497.05090349997,18.54,,W2
QSO_54.0693305-15.9503092,58704.26673249999,18.479,,W2
QSO_54.0693305-15.9503092,58704.65892499997,18.565,,W2
QSO_54.0693305-15.9503092,58704.724332999984,18.66,,W2
QSO_54.0693305-15.9503092,58863.304231600014,17.406,,W2
QSO_54.0693305-15.9503092,58863.56643399997,18.204,,W2
QSO_54.0693305-15.9503092,58863.8285266,18.105,,W2
QSO_54.0693305-15.9503092,58863.95970100003,18.223,,W2
QSO_54.0693305-15.9503092,58864.2873808,18.826,0.516,W2
QSO_54.0693305-15.9503092,59068.79189379999,18.766,,W2
QSO_54.0693305-15.9503092,59068.792040200016,18.348,,W2
QSO_54.0693305-15.9503092,59069.11957360004,17.566,,W2
QSO_54.0693305-15.9503092,59228.59110350002,18.168,,W2
QSO_54.0693305-15.9503092,59228.78707200003,18.821,,W2
QSO_54.0693305-15.9503092,59595.05741800001,18.825,,W2
QSO_54.0693305-15.9503092,59595.38383750002,18.779,,W2
QSO_54.0693305-15.9503092,59596.03660349998,18.556,0.424,W2
QSO_54.0693305-15.9503092,59959.517692500005,18.446,,W2
QSO_54.0693305-15.9503092,59960.16830500001,18.656,0.436,W2
QSO_54.0693305-15.9503092,60166.765824,18.322,,W2
QSO_54.0693305-15.9503092,60167.154804500016,17.87,,W2
QSO_54.0693305-15.9503092,60167.28434300003,18.109,,W2
QSO_54.0693305-15.9503092,60167.34913049997,18.076,,W2
QSO_54.0693305-15.9503092,60167.47866899999,18.448,0.499,W2
QSO_54.0693305-15.9503092,60167.60820750001,18.444,,W2
QSO_54.0693305-15.9503092,60167.60835350004,18.611,,W2
QSO_54.0693305-15.9503092,60323.2225552,18.819,,W2
QSO_54.0693305-15.9503092,60323.67504100003,18.321,,W2
QSO_54.0693305-15.9503092,60324.0623056,18.797,,W2
QSO_53.7734319-15.7329075,55228.03927149996,19.025,0.261,W1
QSO_53.7734319-15.7329075,55228.10540949998,18.685,0.198,W1
QSO_53.7734319-15.7329075,55228.171584000025,19.346,0.35,W1
QSO_53.7734319-15.7329075,55228.23764899998,18.984,0.261,W1
QSO_53.7734319-15.7329075,55228.30382350003,18.999,0.293,W1
QSO_53.7734319-15.7329075,55228.36985200004,19.272,0.347,W1
QSO_53.7734319-15.7329075,55228.36999799999,18.977,,W1
QSO_53.7734319-15.7329075,55228.4360265,19.096,0.303,W1
QSO_53.7734319-15.7329075,55228.50220099996,18.976,0.26,W1
QSO_53.7734319-15.7329075,55228.63440400002,18.579,0.194,W1
QSO_53.7734319-15.7329075,55417.488470000026,19.287,0.344,W1
QSO_53.7734319-15.7329075,55417.620673,19.283,0.332,W1
QSO_53.7734319-15.7329075,55417.75287599997,19.137,,W1
QSO_53.7734319-15.7329075,55417.88511549997,18.974,0.273,W1
QSO_53.7734319-15.7329075,55417.95129000002,18.817,,W1
QSO_53.7734319-15.7329075,55418.01731850003,18.743,0.248,W1
QSO_53.7734319-15.7329075,55418.08334699996,18.994,0.273,W1
QSO_53.7734319-15.7329075,55418.08349299999,18.993,0.262,W1
QSO_53.7734319-15.7329075,55418.281761000006,19.133000000000003,0.281,W1
QSO_53.7734319-15.7329075,55418.34778950002,19.298,,W1
QSO_53.7734319-15.7329075,55418.47999249999,19.447000000000003,0.501,W1
QSO_53.7734319-15.7329075,55418.61223199999,19.331000000000003,0.407,W1
QSO_53.7734319-15.7329075,55418.74443499997,19.445,0.396,W1
QSO_53.7734319-15.7329075,55591.98617350004,18.767000000000003,0.23,W1
QSO_53.7734319-15.7329075,55592.38267300004,19.412,0.406,W1
QSO_53.7734319-15.7329075,55592.84523749999,18.832,0.244,W1
QSO_53.7734319-15.7329075,55592.97733099996,19.306,0.39,W1
QSO_53.7734319-15.7329075,55592.97744049996,18.584,0.213,W1
QSO_53.7734319-15.7329075,56690.1336145,18.906,0.296,W1
QSO_53.7734319-15.7329075,56690.39688899996,19.469,0.458,W1
QSO_53.7734319-15.7329075,56690.46266200002,19.071,0.312,W1
QSO_53.7734319-15.7329075,56690.52858100003,19.379,0.394,W1
QSO_53.7734319-15.7329075,57413.09815799371,18.424,,W1
QSO_53.7734319-15.7329075,57608.88539898506,18.885,,W1
QSO_53.7734319-15.7329075,57609.21359119548,19.242,0.429,W1
QSO_53.7734319-15.7329075,57609.60751700794,19.279,0.446,W1
QSO_53.7734319-15.7329075,57776.027969,18.8,0.23,W1
QSO_53.7734319-15.7329075,57974.00769199998,19.41,,W1
QSO_53.7734319-15.7329075,57980.158088,18.862,0.31,W1
QSO_53.7734319-15.7329075,58134.501002500016,19.284,0.359,W1
QSO_53.7734319-15.7329075,58134.7626345,18.982,0.256,W1
QSO_53.7734319-15.7329075,58340.54989,18.868,,W1
QSO_53.7734319-15.7329075,58340.81152199999,18.999,0.468,W1
QSO_53.7734319-15.7329075,58496.52789500003,19.022,0.343,W1
QSO_53.7734319-15.7329075,58496.98564149998,19.409,0.449,W1
QSO_53.7734319-15.7329075,58499.79672549999,19.276000000000003,0.405,W1
QSO_53.7734319-15.7329075,58704.59351700004,18.632,0.216,W1
QSO_53.7734319-15.7329075,58863.6974986,18.884,0.241,W1
QSO_53.7734319-15.7329075,58863.76308580001,19.512,0.534,W1
QSO_53.7734319-15.7329075,58864.156316199966,19.079,0.292,W1
QSO_53.7734319-15.7329075,59595.77548249999,19.296,0.366,W1
QSO_53.7734319-15.7329075,59799.46647000004,19.088,0.316,W1
QSO_53.7734319-15.7329075,59799.85753100003,18.923,,W1
QSO_53.7734319-15.7329075,59958.80203700004,18.808,0.305,W1
QSO_53.7734319-15.7329075,59959.58284499999,18.58,,W1
QSO_53.7734319-15.7329075,60163.39760399996,18.665,0.227,W1
QSO_53.7734319-15.7329075,60163.65668099999,18.871,0.322,W1
QSO_53.7734319-15.7329075,60322.70539720002,18.969,,W1
QSO_53.7734319-15.7329075,60322.83477819996,19.152,0.327,W1
QSO_53.7734319-15.7329075,60323.15799279997,18.872,0.323,W1
QSO_53.7734319-15.7329075,60323.28726399999,18.849,0.398,W1
QSO_53.7734319-15.7329075,55228.03927149996,18.204,,W2
QSO_53.7734319-15.7329075,55228.10540949998,18.651,,W2
QSO_53.7734319-15.7329075,55228.171584000025,18.677,,W2
QSO_53.7734319-15.7329075,55228.23764899998,18.845,,W2
QSO_53.7734319-15.7329075,55228.30382350003,18.916,,W2
QSO_53.7734319-15.7329075,55228.36985200004,18.318,0.267,W2
QSO_53.7734319-15.7329075,55228.36999799999,18.659,0.456,W2
QSO_53.7734319-15.7329075,55228.4360265,18.269,,W2
QSO_53.7734319-15.7329075,55228.50220099996,19.1,0.537,W2
QSO_53.7734319-15.7329075,55228.63440400002,18.241,,W2
QSO_53.7734319-15.7329075,55417.488470000026,19.055,,W2
QSO_53.7734319-15.7329075,55417.620673,18.846,,W2
QSO_53.7734319-15.7329075,55417.75287599997,19.053,,W2
QSO_53.7734319-15.7329075,55417.88511549997,18.991,,W2
QSO_53.7734319-15.7329075,55417.95129000002,18.846,,W2
QSO_53.7734319-15.7329075,55418.01731850003,18.69,0.412,W2
QSO_53.7734319-15.7329075,55418.08334699996,18.711,0.397,W2
QSO_53.7734319-15.7329075,55418.08349299999,18.668,,W2
QSO_53.7734319-15.7329075,55418.281761000006,18.403,,W2
QSO_53.7734319-15.7329075,55418.34778950002,18.841,,W2
QSO_53.7734319-15.7329075,55418.47999249999,18.45,,W2
QSO_53.7734319-15.7329075,55418.61223199999,18.512,,W2
QSO_53.7734319-15.7329075,55418.74443499997,18.716,,W2
QSO_53.7734319-15.7329075,55591.98617350004,18.602,,W2
QSO_53.7734319-15.7329075,55592.38267300004,18.702,,W2
QSO_53.7734319-15.7329075,55592.84523749999,18.921,,W2
QSO_53.7734319-15.7329075,55592.97733099996,18.148,,W2
QSO_53.7734319-15.7329075,55592.97744049996,18.547,,W2
QSO_53.7734319-15.7329075,56690.1336145,18.527,,W2
QSO_53.7734319-15.7329075,56690.39688899996,17.423,,W2
QSO_53.7734319-15.7329075,56690.46266200002,18.364,,W2
QSO_53.7734319-15.7329075,56690.52858100003,17.845,,W2
QSO_53.7734319-15.7329075,57413.09815799371,18.596,,W2
QSO_53.7734319-15.7329075,57608.88539898506,18.373,,W2
QSO_53.7734319-15.7329075,57609.21359119548,18.162,,W2
QSO_53.7734319-15.7329075,57609.60751700794,18.391,,W2
QSO_53.7734319-15.7329075,57776.027969,18.63,,W2
QSO_53.7734319-15.7329075,57974.00769199998,17.315,,W2
QSO_53.7734319-15.7329075,57980.158088,18.491,,W2
QSO_53.7734319-15.7329075,58134.501002500016,18.659,,W2
QSO_53.7734319-15.7329075,58134.7626345,18.445,,W2
QSO_53.7734319-15.7329075,58340.54989,18.719,,W2
QSO_53.7734319-15.7329075,58340.81152199999,17.89,,W2
QSO_53.7734319-15.7329075,58496.52789500003,18.981,,W2
QSO_53.7734319-15.7329075,58496.98564149998,18.299,,W2
QSO_53.7734319-15.7329075,58499.79672549999,18.247,,W2
QSO_53.7734319-15.7329075,58704.59351700004,18.79,,W2
QSO_53.7734319-15.7329075,58863.6974986,18.708,0.457,W2
QSO_53.7734319-15.7329075,58863.76308580001,18.145,,W2
QSO_53.7734319-15.7329075,58864.156316199966,18.534,,W2
QSO_53.7734319-15.7329075,59595.77548249999,18.092,,W2
QSO_53.7734319-15.7329075,59799.46647000004,18.494,0.502,W2
QSO_53.7734319-15.7329075,59799.85753100003,17.814,,W2
QSO_53.7734319-15.7329075,59958.80203700004,19.055,,W2
QSO_53.7734319-15.7329075,59959.58284499999,18.183,,W2
QSO_53.7734319-15.7329075,60163.39760399996,17.875,,W2
QSO_53.7734319-15.7329075,60163.65668099999,18.578,,W2
QSO_53.7734319-15.7329075,60322.70539720002,18.924,,W2
QSO_53.7734319-15.7329075,60322.83477819996,18.051,,W2
QSO_53.7734319-15.7329075,60323.15799279997,17.855,,W2
QSO_53.7734319-15.7329075,60323.28726399999,18.49,,W2
QSO_53.9533374-15.6040854,55228.03927149996,18.662,0.201,W1
QSO_53.9533374-15.6040854,55228.039380999966,18.906,0.245,W1
QSO_53.9533374-15.6040854,55228.171584000025,19.606,,W1
QSO_53.9533374-15.6040854,55228.30382350003,19.235,0.333,W1
QSO_53.9533374-15.6040854,55228.36999799999,18.723,0.248,W1
QSO_53.9533374-15.6040854,55228.4360265,19.221,0.317,W1
QSO_53.9533374-15.6040854,55228.50220099996,18.963,0.256,W1
QSO_53.9533374-15.6040854,55228.56822949997,19.494,0.437,W1
QSO_53.9533374-15.6040854,55228.56837550001,19.093,0.323,W1
QSO_53.9533374-15.6040854,55228.63440400002,19.552,0.412,W1
QSO_53.9533374-15.6040854,55229.0311955,18.682,0.223,W1
QSO_53.9533374-15.6040854,55417.75287599997,19.021,,W1
QSO_53.9533374-15.6040854,55417.88511549997,18.993,0.284,W1
QSO_53.9533374-15.6040854,55418.01731850003,19.01,0.281,W1
QSO_53.9533374-15.6040854,55418.281761000006,19.213,0.349,W1
QSO_53.9533374-15.6040854,55418.34778950002,19.102,0.297,W1
QSO_53.9533374-15.6040854,55418.41396399998,19.174,,W1
QSO_53.9533374-15.6040854,55418.47999249999,18.834000000000003,0.231,W1
QSO_53.9533374-15.6040854,55418.54616700004,18.916,0.252,W1
QSO_53.9533374-15.6040854,55418.61223199999,18.593,0.246,W1
QSO_53.9533374-15.6040854,55418.74443499997,19.344,0.356,W1
QSO_53.9533374-15.6040854,55418.87663800002,19.587000000000003,0.488,W1
QSO_53.9533374-15.6040854,55592.11837650001,19.149,0.311,W1
QSO_53.9533374-15.6040854,55592.38267300004,19.111,,W1
QSO_53.9533374-15.6040854,55592.77920899998,18.817,0.246,W1
QSO_53.9533374-15.6040854,55592.84523749999,19.577,,W1
QSO_53.9533374-15.6040854,55592.97744049996,19.115,,W1
QSO_53.9533374-15.6040854,55593.10953400002,18.912,,W1
QSO_53.9533374-15.6040854,56690.39688899996,18.532,0.243,W1
QSO_53.9533374-15.6040854,56691.05502050003,18.623,0.201,W1
QSO_53.9533374-15.6040854,56879.99884000003,18.621,0.2,W1
QSO_53.9533374-15.6040854,56880.52476849996,19.07,0.325,W1
QSO_53.9533374-15.6040854,56880.59043200001,18.851,0.252,W1
QSO_53.9533374-15.6040854,56880.853451000025,18.741,0.219,W1
QSO_53.9533374-15.6040854,56880.984887499966,18.496,0.203,W1
QSO_53.9533374-15.6040854,57053.20035645762,18.469,0.168,W1
QSO_53.9533374-15.6040854,57053.397346963866,18.774,0.253,W1
QSO_53.9533374-15.6040854,57245.16921747087,18.735,0.269,W1
QSO_53.9533374-15.6040854,57413.16389159575,18.637,0.187,W1
QSO_53.9533374-15.6040854,57413.68932121234,18.746,0.212,W1
QSO_53.9533374-15.6040854,57609.14800399339,18.855,0.276,W1
QSO_53.9533374-15.6040854,57609.47619620381,18.779,0.226,W1
QSO_53.9533374-15.6040854,57609.60751700794,18.731,0.241,W1
QSO_53.9533374-15.6040854,57609.67321401004,18.846,0.231,W1
QSO_53.9533374-15.6040854,57609.73880121205,19.248,0.371,W1
QSO_53.9533374-15.6040854,57775.70067350004,18.848,0.267,W1
QSO_53.9533374-15.6040854,57775.96245149997,18.942,0.287,W1
QSO_53.9533374-15.6040854,57776.027969,18.883000000000003,0.256,W1
QSO_53.9533374-15.6040854,57776.420672499975,19.375,0.511,W1
QSO_53.9533374-15.6040854,57776.682413999966,18.691000000000003,0.229,W1
QSO_53.9533374-15.6040854,57973.61513450004,19.132,0.313,W1
QSO_53.9533374-15.6040854,57973.74605999999,18.62,0.194,W1
QSO_53.9533374-15.6040854,57973.94228399996,18.291,0.254,W1
QSO_53.9533374-15.6040854,57974.138617500015,19.457,0.469,W1
QSO_53.9533374-15.6040854,57974.26943349997,19.029,0.276,W1
QSO_53.9533374-15.6040854,58134.37018649998,19.271,0.392,W1
QSO_53.9533374-15.6040854,58135.08967450001,18.702,0.231,W1
QSO_53.9533374-15.6040854,58135.22049050004,18.935,0.27,W1
QSO_53.9533374-15.6040854,58340.41907399997,18.964,0.288,W1
QSO_53.9533374-15.6040854,58340.48448199999,18.467,0.184,W1
QSO_53.9533374-15.6040854,58496.52789500003,19.486,0.4,W1
QSO_53.9533374-15.6040854,58496.78941750001,18.397,0.21,W1
QSO_53.9533374-15.6040854,58496.789527000015,18.836,0.237,W1
QSO_53.9533374-15.6040854,58496.98564149998,18.934,0.383,W1
QSO_53.9533374-15.6040854,58497.116457500015,18.722,0.213,W1
QSO_53.9533374-15.6040854,58500.12365599999,18.572,0.217,W1
QSO_53.9533374-15.6040854,58704.52810900002,19.098,,W1
QSO_53.9533374-15.6040854,58704.65877900002,18.716,0.272,W1
QSO_53.9533374-15.6040854,58704.65892499997,18.957,0.269,W1
QSO_53.9533374-15.6040854,58705.11652549997,18.506,0.192,W1
QSO_53.9533374-15.6040854,58863.56643399997,19.348,0.372,W1
QSO_53.9533374-15.6040854,58863.63202119999,19.116,0.29,W1
QSO_53.9533374-15.6040854,58864.156316199966,18.839,0.227,W1
QSO_53.9533374-15.6040854,59068.52980120004,18.526,0.197,W1
QSO_53.9533374-15.6040854,59068.79189379999,18.535,0.274,W1
QSO_53.9533374-15.6040854,59068.85748100001,19.299,0.526,W1
QSO_53.9533374-15.6040854,59068.988545600034,19.020000000000003,0.343,W1
QSO_53.9533374-15.6040854,59069.25063819999,18.907,0.284,W1
QSO_53.9533374-15.6040854,59228.59110350002,18.657,0.222,W1
QSO_53.9533374-15.6040854,59228.91788799998,18.453,0.178,W1
QSO_53.9533374-15.6040854,59436.09477149998,18.881,0.27,W1
QSO_53.9533374-15.6040854,59596.03660349998,18.895000000000003,0.241,W1
QSO_53.9533374-15.6040854,59596.03674950002,18.987,0.388,W1
QSO_53.9533374-15.6040854,59596.167163999984,19.012,0.28,W1
QSO_53.9533374-15.6040854,59596.16731000001,18.173,,W1
QSO_53.9533374-15.6040854,59799.85753100003,19.22,0.369,W1
QSO_53.9533374-15.6040854,59959.58284499999,18.712000000000003,0.201,W1
QSO_53.9533374-15.6040854,59960.16830500001,19.375,0.378,W1
QSO_53.9533374-15.6040854,60166.636650500026,18.718,0.229,W1
QSO_53.9533374-15.6040854,60167.154804500016,18.54,0.209,W1
QSO_53.9533374-15.6040854,60167.28434300003,19.319000000000003,0.428,W1
QSO_53.9533374-15.6040854,60167.60820750001,19.193,0.343,W1
QSO_53.9533374-15.6040854,60323.22270160004,19.055,0.299,W1
QSO_53.9533374-15.6040854,60323.61047859999,18.797,0.266,W1
QSO_53.9533374-15.6040854,60323.67504100003,18.554,0.252,W1
QSO_53.9533374-15.6040854,60323.93354679996,19.153,0.3,W1
QSO_53.9533374-15.6040854,55228.03927149996,18.87,,W2
QSO_53.9533374-15.6040854,55228.039380999966,18.919,,W2
QSO_53.9533374-15.6040854,55228.171584000025,18.99,0.542,W2
QSO_53.9533374-15.6040854,55228.30382350003,18.42,,W2
QSO_53.9533374-15.6040854,55228.36999799999,18.524,,W2
QSO_53.9533374-15.6040854,55228.4360265,18.652,,W2
QSO_53.9533374-15.6040854,55228.50220099996,18.351,,W2
QSO_53.9533374-15.6040854,55228.56822949997,18.697,,W2
QSO_53.9533374-15.6040854,55228.56837550001,19.031,,W2
QSO_53.9533374-15.6040854,55228.63440400002,18.464,,W2
QSO_53.9533374-15.6040854,55229.0311955,19.008,,W2
QSO_53.9533374-15.6040854,55417.75287599997,18.67,,W2
QSO_53.9533374-15.6040854,55417.88511549997,18.944,,W2
QSO_53.9533374-15.6040854,55418.01731850003,18.655,,W2
QSO_53.9533374-15.6040854,55418.281761000006,18.997,,W2
QSO_53.9533374-15.6040854,55418.34778950002,18.23,,W2
QSO_53.9533374-15.6040854,55418.41396399998,18.314,,W2
QSO_53.9533374-15.6040854,55418.47999249999,18.65,0.38,W2
QSO_53.9533374-15.6040854,55418.54616700004,18.931,,W2
QSO_53.9533374-15.6040854,55418.61223199999,19.059,,W2
QSO_53.9533374-15.6040854,55418.74443499997,18.856,,W2
QSO_53.9533374-15.6040854,55418.87663800002,18.482,,W2
QSO_53.9533374-15.6040854,55592.11837650001,18.908,,W2
QSO_53.9533374-15.6040854,55592.38267300004,18.288,,W2
QSO_53.9533374-15.6040854,55592.77920899998,18.413,,W2
QSO_53.9533374-15.6040854,55592.84523749999,18.858,,W2
QSO_53.9533374-15.6040854,55592.97744049996,18.303,,W2
QSO_53.9533374-15.6040854,55593.10953400002,18.641,,W2
QSO_53.9533374-15.6040854,56690.39688899996,18.415,,W2
QSO_53.9533374-15.6040854,56691.05502050003,18.273,,W2
QSO_53.9533374-15.6040854,56879.99884000003,18.291,,W2
QSO_53.9533374-15.6040854,56880.52476849996,18.31,,W2
QSO_53.9533374-15.6040854,56880.59043200001,18.237,,W2
QSO_53.9533374-15.6040854,56880.853451000025,18.322,,W2
QSO_53.9533374-15.6040854,56880.984887499966,18.286,,W2
QSO_53.9533374-15.6040854,57053.20035645762,18.222,0.333,W2
QSO_53.9533374-15.6040854,57053.397346963866,18.95,,W2
QSO_53.9533374-15.6040854,57245.16921747087,17.836,,W2
QSO_53.9533374-15.6040854,57413.16389159575,18.588,0.499,W2
QSO_53.9533374-15.6040854,57413.68932121234,18.519,,W2
QSO_53.9533374-15.6040854,57609.14800399339,18.576,,W2
QSO_53.9533374-15.6040854,57609.47619620381,18.959,,W2
QSO_53.9533374-15.6040854,57609.60751700794,18.204,,W2
QSO_53.9533374-15.6040854,57609.67321401004,18.783,0.468,W2
QSO_53.9533374-15.6040854,57609.73880121205,17.499,,W2
QSO_53.9533374-15.6040854,57775.70067350004,18.446,,W2
QSO_53.9533374-15.6040854,57775.96245149997,18.15,0.346,W2
QSO_53.9533374-15.6040854,57776.027969,18.321,,W2
QSO_53.9533374-15.6040854,57776.420672499975,18.546,0.531,W2
QSO_53.9533374-15.6040854,57776.682413999966,18.677,,W2
QSO_53.9533374-15.6040854,57973.61513450004,18.525,0.375,W2
QSO_53.9533374-15.6040854,57973.74605999999,18.488,,W2
QSO_53.9533374-15.6040854,57973.94228399996,18.615,,W2
QSO_53.9533374-15.6040854,57974.138617500015,17.974999999999998,0.359,W2
QSO_53.9533374-15.6040854,57974.26943349997,18.172,,W2
QSO_53.9533374-15.6040854,58134.37018649998,18.898,,W2
QSO_53.9533374-15.6040854,58135.08967450001,18.32,,W2
QSO_53.9533374-15.6040854,58135.22049050004,18.336,,W2
QSO_53.9533374-15.6040854,58340.41907399997,18.573,,W2
QSO_53.9533374-15.6040854,58340.48448199999,18.318,,W2
QSO_53.9533374-15.6040854,58496.52789500003,18.338,0.375,W2
QSO_53.9533374-15.6040854,58496.78941750001,18.418,,W2
QSO_53.9533374-15.6040854,58496.789527000015,18.216,,W2
QSO_53.9533374-15.6040854,58496.98564149998,18.377,,W2
QSO_53.9533374-15.6040854,58497.116457500015,18.061,,W2
QSO_53.9533374-15.6040854,58500.12365599999,18.404,,W2
QSO_53.9533374-15.6040854,58704.52810900002,17.878999999999998,,W2
QSO_53.9533374-15.6040854,58704.65877900002,18.476,,W2
QSO_53.9533374-15.6040854,58704.65892499997,18.802,,W2
QSO_53.9533374-15.6040854,58705.11652549997,18.438,,W2
QSO_53.9533374-15.6040854,58863.56643399997,18.078,,W2
QSO_53.9533374-15.6040854,58863.63202119999,18.839,0.464,W2
QSO_53.9533374-15.6040854,58864.156316199966,18.523,,W2
QSO_53.9533374-15.6040854,59068.52980120004,18.37,,W2
QSO_53.9533374-15.6040854,59068.79189379999,17.901,,W2
QSO_53.9533374-15.6040854,59068.85748100001,17.865,,W2
QSO_53.9533374-15.6040854,59068.988545600034,18.029,,W2
QSO_53.9533374-15.6040854,59069.25063819999,18.658,,W2
QSO_53.9533374-15.6040854,59228.59110350002,18.271,,W2
QSO_53.9533374-15.6040854,59228.91788799998,18.92,,W2
QSO_53.9533374-15.6040854,59436.09477149998,17.945,,W2
QSO_53.9533374-15.6040854,59596.03660349998,18.371,,W2
QSO_53.9533374-15.6040854,59596.03674950002,18.731,,W2
QSO_53.9533374-15.6040854,59596.167163999984,18.763,,W2
QSO_53.9533374-15.6040854,59596.16731000001,18.601,,W2
QSO_53.9533374-15.6040854,59799.85753100003,17.958,0.334,W2
QSO_53.9533374-15.6040854,59959.58284499999,18.376,,W2
QSO_53.9533374-15.6040854,59960.16830500001,17.445,,W2
QSO_53.9533374-15.6040854,60166.636650500026,17.877,,W2
QSO_53.9533374-15.6040854,60167.154804500016,18.505,,W2
QSO_53.9533374-15.6040854,60167.28434300003,18.377,,W2
QSO_53.9533374-15.6040854,60167.60820750001,18.233,,W2
QSO_53.9533374-15.6040854,60323.22270160004,18.212,,W2
QSO_53.9533374-15.6040854,60323.61047859999,18.339,,W2
QSO_53.9533374-15.6040854,60323.67504100003,18.251,,W2
QSO_53.9533374-15.6040854,60323.93354679996,18.348,0.376,W2
QSO_53.8945928-15.7883914,55228.03927149996,18.992,,W1
QSO_53.8945928-15.7883914,55228.171584000025,18.972,0.271,W1
QSO_53.8945928-15.7883914,55228.23764899998,18.621,0.21,W1
QSO_53.8945928-15.7883914,55228.30382350003,19.373,0.383,W1
QSO_53.8945928-15.7883914,55228.36985200004,19.013,0.274,W1
QSO_53.8945928-15.7883914,55228.4360265,18.789,0.22,W1
QSO_53.8945928-15.7883914,55228.50220099996,19.744,0.537,W1
QSO_53.8945928-15.7883914,55228.56822949997,19.41,0.423,W1
QSO_53.8945928-15.7883914,55228.63440400002,19.111,0.274,W1
QSO_53.8945928-15.7883914,55417.620673,18.906,0.27,W1
QSO_53.8945928-15.7883914,55417.75287599997,19.04,0.27,W1
QSO_53.8945928-15.7883914,55417.88511549997,19.31,0.36,W1
QSO_53.8945928-15.7883914,55418.01731850003,19.494,0.419,W1
QSO_53.8945928-15.7883914,55418.08349299999,19.245,0.346,W1
QSO_53.8945928-15.7883914,55418.281761000006,19.385,0.352,W1
QSO_53.8945928-15.7883914,55418.34778950002,19.262,,W1
QSO_53.8945928-15.7883914,55418.347935499965,19.448,0.358,W1
QSO_53.8945928-15.7883914,55418.41396399998,19.064,0.302,W1
QSO_53.8945928-15.7883914,55418.47999249999,18.953000000000003,0.278,W1
QSO_53.8945928-15.7883914,55418.61223199999,19.001,0.259,W1
QSO_53.8945928-15.7883914,55418.74443499997,19.024,,W1
QSO_53.8945928-15.7883914,55591.98617350004,18.774,0.221,W1
QSO_53.8945928-15.7883914,55592.38267300004,19.457,0.392,W1
QSO_53.8945928-15.7883914,55592.84523749999,18.61,0.189,W1
QSO_53.8945928-15.7883914,55592.97733099996,19.146,0.307,W1
QSO_53.8945928-15.7883914,55593.10953400002,19.156,0.32,W1
QSO_53.8945928-15.7883914,56690.1336145,18.87,0.254,W1
QSO_53.8945928-15.7883914,56690.46266200002,18.579,0.191,W1
QSO_53.8945928-15.7883914,56690.6601635,18.995,0.271,W1
QSO_53.8945928-15.7883914,56880.7220145,18.916,0.251,W1
QSO_53.8945928-15.7883914,57053.06906595346,18.678,0.213,W1
QSO_53.8945928-15.7883914,57245.300288975006,18.625,0.231,W1
QSO_53.8945928-15.7883914,57245.431469979165,18.91,0.245,W1
QSO_53.8945928-15.7883914,57413.032460991606,19.192,0.322,W1
QSO_53.8945928-15.7883914,57413.09815799371,19.075000000000003,0.37,W1
QSO_53.8945928-15.7883914,57608.75411478095,18.859,0.239,W1
QSO_53.8945928-15.7883914,57609.14800399339,18.81,0.242,W1
QSO_53.8945928-15.7883914,57609.541929805855,18.874,0.383,W1
QSO_53.8945928-15.7883914,57775.43878600001,18.678,0.263,W1
QSO_53.8945928-15.7883914,57775.83148949999,18.65,0.287,W1
QSO_53.8945928-15.7883914,57775.897043500045,18.71,0.206,W1
QSO_53.8945928-15.7883914,57776.28971049999,18.932,0.39,W1
QSO_53.8945928-15.7883914,57776.420672499975,18.673,0.321,W1
QSO_53.8945928-15.7883914,57776.55148850001,19.178,0.314,W1
QSO_53.8945928-15.7883914,57973.74605999999,18.455,,W1
QSO_53.8945928-15.7883914,57974.26943349997,18.638,0.2,W1
QSO_53.8945928-15.7883914,57980.158088,18.716,0.312,W1
QSO_53.8945928-15.7883914,58134.631708999965,19.279,0.336,W1
QSO_53.8945928-15.7883914,58134.7626345,18.788,0.224,W1
QSO_53.8945928-15.7883914,58340.35381199998,18.845,0.244,W1
QSO_53.8945928-15.7883914,58340.55003600004,19.417,0.539,W1
QSO_53.8945928-15.7883914,58496.78941750001,18.592,0.223,W1
QSO_53.8945928-15.7883914,58497.50865,18.659,0.198,W1
QSO_53.8945928-15.7883914,58499.27360749997,18.748,0.236,W1
QSO_53.8945928-15.7883914,58499.4044235,18.562,0.203,W1
QSO_53.8945928-15.7883914,58500.38514200003,18.628,0.209,W1
QSO_53.8945928-15.7883914,58704.26673249999,18.859,0.226,W1
QSO_53.8945928-15.7883914,58863.56643399997,18.525,0.223,W1
QSO_53.8945928-15.7883914,58863.63202119999,18.377,0.155,W1
QSO_53.8945928-15.7883914,58863.8285266,18.693,0.227,W1
QSO_53.8945928-15.7883914,58864.02514180002,19.064,0.282,W1
QSO_53.8945928-15.7883914,58864.2873808,18.548,0.276,W1
QSO_53.8945928-15.7883914,59228.264465,18.824,0.395,W1
QSO_53.8945928-15.7883914,59228.59110350002,18.86,0.238,W1
QSO_53.8945928-15.7883914,59595.77548249999,18.682,0.199,W1
QSO_53.8945928-15.7883914,59596.03660349998,18.958,0.255,W1
QSO_53.8945928-15.7883914,59799.85753100003,18.293,0.214,W1
QSO_53.8945928-15.7883914,59959.58284499999,18.635,0.191,W1
QSO_53.8945928-15.7883914,60166.3775735,18.948,0.278,W1
QSO_53.8945928-15.7883914,60166.83097649999,18.457,0.181,W1
QSO_53.8945928-15.7883914,60167.154804500016,18.518,0.207,W1
QSO_53.8945928-15.7883914,60323.67504100003,18.896,0.256,W1
QSO_53.8945928-15.7883914,55228.03927149996,18.572,,W2
QSO_53.8945928-15.7883914,55228.171584000025,18.968,,W2
QSO_53.8945928-15.7883914,55228.23764899998,18.78,,W2
QSO_53.8945928-15.7883914,55228.30382350003,18.668,,W2
QSO_53.8945928-15.7883914,55228.36985200004,18.928,,W2
QSO_53.8945928-15.7883914,55228.4360265,18.939,,W2
QSO_53.8945928-15.7883914,55228.50220099996,18.269,0.272,W2
QSO_53.8945928-15.7883914,55228.56822949997,19.046,,W2
QSO_53.8945928-15.7883914,55228.63440400002,18.721,,W2
QSO_53.8945928-15.7883914,55417.620673,18.9,,W2
QSO_53.8945928-15.7883914,55417.75287599997,18.355,,W2
QSO_53.8945928-15.7883914,55417.88511549997,18.722,,W2
QSO_53.8945928-15.7883914,55418.01731850003,18.996,0.534,W2
QSO_53.8945928-15.7883914,55418.08349299999,18.7,,W2
QSO_53.8945928-15.7883914,55418.281761000006,18.507,,W2
QSO_53.8945928-15.7883914,55418.34778950002,18.59,,W2
QSO_53.8945928-15.7883914,55418.347935499965,18.797,,W2
QSO_53.8945928-15.7883914,55418.41396399998,18.957,,W2
QSO_53.8945928-15.7883914,55418.47999249999,18.299,,W2
QSO_53.8945928-15.7883914,55418.61223199999,18.726,0.448,W2
QSO_53.8945928-15.7883914,55418.74443499997,18.295,,W2
QSO_53.8945928-15.7883914,55591.98617350004,18.657,,W2
QSO_53.8945928-15.7883914,55592.38267300004,19.011,,W2
QSO_53.8945928-15.7883914,55592.84523749999,18.489,,W2
QSO_53.8945928-15.7883914,55592.97733099996,18.62,,W2
QSO_53.8945928-15.7883914,55593.10953400002,18.533,,W2
QSO_53.8945928-15.7883914,56690.1336145,18.14,,W2
QSO_53.8945928-15.7883914,56690.46266200002,18.875,,W2
QSO_53.8945928-15.7883914,56690.6601635,18.745,,W2
QSO_53.8945928-15.7883914,56880.7220145,18.165,,W2
QSO_53.8945928-15.7883914,57053.06906595346,18.551,,W2
QSO_53.8945928-15.7883914,57245.300288975006,18.663,,W2
QSO_53.8945928-15.7883914,57245.431469979165,18.048,,W2
QSO_53.8945928-15.7883914,57413.032460991606,18.578,,W2
QSO_53.8945928-15.7883914,57413.09815799371,18.79,,W2
QSO_53.8945928-15.7883914,57608.75411478095,18.448,0.426,W2
QSO_53.8945928-15.7883914,57609.14800399339,18.574,,W2
QSO_53.8945928-15.7883914,57609.541929805855,18.606,,W2
QSO_53.8945928-15.7883914,57775.43878600001,18.522,0.414,W2
QSO_53.8945928-15.7883914,57775.83148949999,18.553,,W2
QSO_53.8945928-15.7883914,57775.897043500045,18.176,,W2
QSO_53.8945928-15.7883914,57776.28971049999,17.891,,W2
QSO_53.8945928-15.7883914,57776.420672499975,18.509,,W2
QSO_53.8945928-15.7883914,57776.55148850001,18.586,0.473,W2
QSO_53.8945928-15.7883914,57973.74605999999,18.099,,W2
QSO_53.8945928-15.7883914,57974.26943349997,18.712,0.459,W2
QSO_53.8945928-15.7883914,57980.158088,17.977,,W2
QSO_53.8945928-15.7883914,58134.631708999965,18.567,,W2
QSO_53.8945928-15.7883914,58134.7626345,18.289,,W2
QSO_53.8945928-15.7883914,58340.35381199998,17.910999999999998,,W2
QSO_53.8945928-15.7883914,58340.55003600004,18.506,,W2
QSO_53.8945928-15.7883914,58496.78941750001,18.262,,W2
QSO_53.8945928-15.7883914,58497.50865,18.116,,W2
QSO_53.8945928-15.7883914,58499.27360749997,18.416,,W2
QSO_53.8945928-15.7883914,58499.4044235,18.166,,W2
QSO_53.8945928-15.7883914,58500.38514200003,18.024,,W2
QSO_53.8945928-15.7883914,58704.26673249999,17.806,,W2
QSO_53.8945928-15.7883914,58863.56643399997,18.059,,W2
QSO_53.8945928-15.7883914,58863.63202119999,18.382,,W2
QSO_53.8945928-15.7883914,58863.8285266,18.873,,W2
QSO_53.8945928-15.7883914,58864.02514180002,18.572,,W2
QSO_53.8945928-15.7883914,58864.2873808,18.4,0.368,W2
QSO_53.8945928-15.7883914,59228.264465,18.899,,W2
QSO_53.8945928-15.7883914,59228.59110350002,18.775,,W2
QSO_53.8945928-15.7883914,59595.77548249999,17.857,,W2
QSO_53.8945928-15.7883914,59596.03660349998,18.593,0.528,W2
QSO_53.8945928-15.7883914,59799.85753100003,18.388,,W2
QSO_53.8945928-15.7883914,59959.58284499999,18.68,,W2
QSO_53.8945928-15.7883914,60166.3775735,18.597,0.434,W2
QSO_53.8945928-15.7883914,60166.83097649999,18.342,,W2
QSO_53.8945928-15.7883914,60167.154804500016,17.962,,W2
QSO_53.8945928-15.7883914,60323.67504100003,18.816,,W2
QSO_54.0066883-15.6185223,55228.03927149996,18.641,0.226,W1
QSO_54.0066883-15.6185223,55228.03927149996,18.783,0.258,W1
QSO_54.0066883-15.6185223,55228.039380999966,19.154,0.306,W1
QSO_54.0066883-15.6185223,55228.039380999966,19.151000000000003,0.305,W1
QSO_54.0066883-15.6185223,55228.171584000025,18.657,0.214,W1
QSO_54.0066883-15.6185223,55228.171584000025,18.637,0.191,W1
QSO_54.0066883-15.6185223,55228.30382350003,19.276000000000003,0.329,W1
QSO_54.0066883-15.6185223,55228.30382350003,19.323,,W1
QSO_54.0066883-15.6185223,55228.36999799999,19.217,0.338,W1
QSO_54.0066883-15.6185223,55228.36999799999,19.517000000000003,0.446,W1
QSO_54.0066883-15.6185223,55228.4360265,19.46,0.409,W1
QSO_54.0066883-15.6185223,55228.4360265,18.871,0.237,W1
QSO_54.0066883-15.6185223,55228.50220099996,19.554,0.422,W1
QSO_54.0066883-15.6185223,55228.50220099996,19.095,,W1
QSO_54.0066883-15.6185223,55228.56822949997,19.026000000000003,0.257,W1
QSO_54.0066883-15.6185223,55228.56822949997,18.831000000000003,0.214,W1
QSO_54.0066883-15.6185223,55228.56837550001,18.854,0.214,W1
QSO_54.0066883-15.6185223,55228.56837550001,19.584000000000003,0.42,W1
QSO_54.0066883-15.6185223,55228.63440400002,18.926,0.254,W1
QSO_54.0066883-15.6185223,55228.63440400002,18.906,0.25,W1
QSO_54.0066883-15.6185223,55228.70057849998,19.256,0.362,W1
QSO_54.0066883-15.6185223,55228.70057849998,18.947000000000003,,W1
QSO_54.0066883-15.6185223,55229.0311955,19.34,0.379,W1
QSO_54.0066883-15.6185223,55229.0311955,19.652,0.484,W1
QSO_54.0066883-15.6185223,55417.75287599997,19.013,0.277,W1
QSO_54.0066883-15.6185223,55417.75287599997,19.004,0.274,W1
QSO_54.0066883-15.6185223,55417.88511549997,19.270000000000003,,W1
QSO_54.0066883-15.6185223,55417.88511549997,19.229,,W1
QSO_54.0066883-15.6185223,55418.01731850003,19.531,0.43,W1
QSO_54.0066883-15.6185223,55418.01731850003,19.272,,W1
QSO_54.0066883-15.6185223,55418.281761000006,19.159,0.311,W1
QSO_54.0066883-15.6185223,55418.281761000006,19.054,,W1
QSO_54.0066883-15.6185223,55418.34778950002,19.209000000000003,0.335,W1
QSO_54.0066883-15.6185223,55418.34778950002,18.841,0.239,W1
QSO_54.0066883-15.6185223,55418.41396399998,19.119,0.302,W1
QSO_54.0066883-15.6185223,55418.41396399998,19.099,0.296,W1
QSO_54.0066883-15.6185223,55418.47999249999,19.473,0.42,W1
QSO_54.0066883-15.6185223,55418.47999249999,19.186,0.323,W1
QSO_54.0066883-15.6185223,55418.54616700004,19.117,,W1
QSO_54.0066883-15.6185223,55418.54616700004,18.892000000000003,,W1
QSO_54.0066883-15.6185223,55418.61223199999,19.152,0.301,W1
QSO_54.0066883-15.6185223,55418.61223199999,19.166,0.317,W1
QSO_54.0066883-15.6185223,55418.74443499997,18.941000000000003,0.244,W1
QSO_54.0066883-15.6185223,55418.74443499997,18.98,0.282,W1
QSO_54.0066883-15.6185223,55418.87663800002,19.274,0.376,W1
QSO_54.0066883-15.6185223,55418.87663800002,19.601,0.468,W1
QSO_54.0066883-15.6185223,55419.008841,18.592,0.177,W1
QSO_54.0066883-15.6185223,55419.008841,18.581,0.175,W1
QSO_54.0066883-15.6185223,55592.38267300004,19.313,0.34,W1
QSO_54.0066883-15.6185223,55592.38267300004,19.322000000000003,0.343,W1
QSO_54.0066883-15.6185223,55592.77920899998,18.538,0.181,W1
QSO_54.0066883-15.6185223,55592.77920899998,18.688,0.208,W1
QSO_54.0066883-15.6185223,55592.84523749999,18.888,0.311,W1
QSO_54.0066883-15.6185223,55592.84523749999,18.895000000000003,0.313,W1
QSO_54.0066883-15.6185223,55592.911266,18.668,0.211,W1
QSO_54.0066883-15.6185223,55592.911266,18.622,0.203,W1
QSO_54.0066883-15.6185223,55592.97744049996,19.265,0.326,W1
QSO_54.0066883-15.6185223,55592.97744049996,19.288,0.333,W1
QSO_54.0066883-15.6185223,55593.10953400002,18.985,,W1
QSO_54.0066883-15.6185223,55593.10953400002,19.318,0.435,W1
QSO_54.0066883-15.6185223,56690.39688899996,18.85,0.262,W1
QSO_54.0066883-15.6185223,56690.52858100003,19.448,0.399,W1
QSO_54.0066883-15.6185223,56690.6601635,19.014000000000003,0.287,W1
QSO_54.0066883-15.6185223,56691.05502050003,19.041,0.311,W1
QSO_54.0066883-15.6185223,56880.13027649998,18.777,0.218,W1
QSO_54.0066883-15.6185223,56880.52476849996,18.708,0.206,W1
QSO_54.0066883-15.6185223,57245.10369996877,19.159,0.296,W1
QSO_54.0066883-15.6185223,57245.16921747087,18.605,0.192,W1
QSO_54.0066883-15.6185223,57413.09815799371,18.659,0.234,W1
QSO_54.0066883-15.6185223,57413.16389159575,18.755000000000003,0.277,W1
QSO_54.0066883-15.6185223,57609.541929805855,18.615,0.231,W1
QSO_54.0066883-15.6185223,57776.027969,18.572,0.201,W1
QSO_54.0066883-15.6185223,57776.55148850001,19.171,0.346,W1
QSO_54.0066883-15.6185223,57776.682413999966,19.155,0.312,W1
QSO_54.0066883-15.6185223,57974.0731,18.636,0.387,W1
QSO_54.0066883-15.6185223,58135.22049050004,19.046,0.308,W1
QSO_54.0066883-15.6185223,58340.68070600004,18.868,0.251,W1
QSO_54.0066883-15.6185223,58341.07300800003,18.58,0.277,W1
QSO_54.0066883-15.6185223,58496.52789500003,18.939,0.237,W1
QSO_54.0066883-15.6185223,58496.98564149998,18.444,0.212,W1
QSO_54.0066883-15.6185223,58497.0510495,18.814,0.233,W1
QSO_54.0066883-15.6185223,58497.116457500015,19.106,0.284,W1
QSO_54.0066883-15.6185223,58499.4044235,18.596,0.198,W1
QSO_54.0066883-15.6185223,58863.95970100003,19.124,0.36,W1
QSO_54.0066883-15.6185223,59068.988545600034,18.587,0.251,W1
QSO_54.0066883-15.6185223,59069.51269419999,18.072,0.227,W1
QSO_54.0066883-15.6185223,59228.59110350002,18.747,0.241,W1
QSO_54.0066883-15.6185223,59228.91788799998,18.880000000000003,0.261,W1
QSO_54.0066883-15.6185223,59236.95376449997,18.406,0.171,W1
QSO_54.0066883-15.6185223,59436.09477149998,18.128,0.173,W1
QSO_54.0066883-15.6185223,59436.682677000026,18.79,0.228,W1
QSO_54.0066883-15.6185223,59595.05741800001,18.916,0.278,W1
QSO_54.0066883-15.6185223,59596.167163999984,19.007,0.288,W1
QSO_54.0066883-15.6185223,59596.16731000001,18.533,0.306,W1
QSO_54.0066883-15.6185223,59800.44415899998,19.243,0.356,W1
QSO_54.0066883-15.6185223,59800.50931149996,18.489,0.177,W1
QSO_54.0066883-15.6185223,59959.19229499998,18.49,0.267,W1
QSO_54.0066883-15.6185223,59959.192441000014,18.949,,W1
QSO_54.0066883-15.6185223,59960.16830500001,18.948,0.281,W1
QSO_54.0066883-15.6185223,60163.52714249998,18.731,0.307,W1
QSO_54.0066883-15.6185223,60167.28434300003,18.459,0.242,W1
QSO_54.0066883-15.6185223,60167.47866899999,18.72,0.225,W1
QSO_54.0066883-15.6185223,60167.60820750001,18.915,0.264,W1
QSO_54.0066883-15.6185223,60323.22270160004,18.966,0.256,W1
QSO_54.0066883-15.6185223,60323.61033219996,18.679,0.206,W1
QSO_54.0066883-15.6185223,60323.93354679996,19.172,0.33,W1
QSO_54.0066883-15.6185223,55228.03927149996,18.384,,W2
QSO_54.0066883-15.6185223,55228.03927149996,18.371,,W2
QSO_54.0066883-15.6185223,55228.039380999966,18.534,0.341,W2
QSO_54.0066883-15.6185223,55228.039380999966,18.53,0.329,W2
QSO_54.0066883-15.6185223,55228.171584000025,18.911,,W2
QSO_54.0066883-15.6185223,55228.171584000025,18.926,,W2
QSO_54.0066883-15.6185223,55228.30382350003,18.403,,W2
QSO_54.0066883-15.6185223,55228.30382350003,18.42,,W2
QSO_54.0066883-15.6185223,55228.36999799999,18.421,,W2
QSO_54.0066883-15.6185223,55228.36999799999,18.433,,W2
QSO_54.0066883-15.6185223,55228.4360265,18.801,,W2
QSO_54.0066883-15.6185223,55228.4360265,18.788,,W2
QSO_54.0066883-15.6185223,55228.50220099996,18.727,0.451,W2
QSO_54.0066883-15.6185223,55228.50220099996,18.764,0.467,W2
QSO_54.0066883-15.6185223,55228.56822949997,18.581,0.351,W2
QSO_54.0066883-15.6185223,55228.56822949997,18.566,0.346,W2
QSO_54.0066883-15.6185223,55228.56837550001,18.788,,W2
QSO_54.0066883-15.6185223,55228.56837550001,18.749,,W2
QSO_54.0066883-15.6185223,55228.63440400002,19.044,,W2
QSO_54.0066883-15.6185223,55228.63440400002,19.044,,W2
QSO_54.0066883-15.6185223,55228.70057849998,18.393,,W2
QSO_54.0066883-15.6185223,55228.70057849998,18.402,,W2
QSO_54.0066883-15.6185223,55229.0311955,18.907,,W2
QSO_54.0066883-15.6185223,55229.0311955,18.894,,W2
QSO_54.0066883-15.6185223,55417.75287599997,18.373,,W2
QSO_54.0066883-15.6185223,55417.75287599997,18.349,,W2
QSO_54.0066883-15.6185223,55417.88511549997,18.483,,W2
QSO_54.0066883-15.6185223,55417.88511549997,18.497,,W2
QSO_54.0066883-15.6185223,55418.01731850003,18.96,,W2
QSO_54.0066883-15.6185223,55418.01731850003,18.916,,W2
QSO_54.0066883-15.6185223,55418.281761000006,18.406,0.296,W2
QSO_54.0066883-15.6185223,55418.281761000006,18.405,0.295,W2
QSO_54.0066883-15.6185223,55418.34778950002,18.665,,W2
QSO_54.0066883-15.6185223,55418.34778950002,18.698,,W2
QSO_54.0066883-15.6185223,55418.41396399998,18.443,0.296,W2
QSO_54.0066883-15.6185223,55418.41396399998,18.448,0.297,W2
QSO_54.0066883-15.6185223,55418.47999249999,18.886,0.463,W2
QSO_54.0066883-15.6185223,55418.47999249999,18.889,0.464,W2
QSO_54.0066883-15.6185223,55418.54616700004,18.619,0.374,W2
QSO_54.0066883-15.6185223,55418.54616700004,18.602,0.368,W2
QSO_54.0066883-15.6185223,55418.61223199999,18.766,0.436,W2
QSO_54.0066883-15.6185223,55418.61223199999,18.766,0.403,W2
QSO_54.0066883-15.6185223,55418.74443499997,18.644,0.373,W2
QSO_54.0066883-15.6185223,55418.74443499997,18.598,0.356,W2
QSO_54.0066883-15.6185223,55418.87663800002,18.304,,W2
QSO_54.0066883-15.6185223,55418.87663800002,18.281,,W2
QSO_54.0066883-15.6185223,55419.008841,18.993,0.469,W2
QSO_54.0066883-15.6185223,55419.008841,18.976,0.461,W2
QSO_54.0066883-15.6185223,55592.38267300004,19.055,,W2
QSO_54.0066883-15.6185223,55592.38267300004,19.088,,W2
QSO_54.0066883-15.6185223,55592.77920899998,18.649,0.419,W2
QSO_54.0066883-15.6185223,55592.77920899998,18.659,0.422,W2
QSO_54.0066883-15.6185223,55592.84523749999,18.492,0.361,W2
QSO_54.0066883-15.6185223,55592.84523749999,18.518,0.37,W2
QSO_54.0066883-15.6185223,55592.911266,18.781,0.447,W2
QSO_54.0066883-15.6185223,55592.911266,18.856,0.478,W2
QSO_54.0066883-15.6185223,55592.97744049996,18.356,,W2
QSO_54.0066883-15.6185223,55592.97744049996,18.324,,W2
QSO_54.0066883-15.6185223,55593.10953400002,18.353,,W2
QSO_54.0066883-15.6185223,55593.10953400002,18.362,,W2
QSO_54.0066883-15.6185223,56690.39688899996,18.816,,W2
QSO_54.0066883-15.6185223,56690.52858100003,18.486,,W2
QSO_54.0066883-15.6185223,56690.6601635,18.402,,W2
QSO_54.0066883-15.6185223,56691.05502050003,18.179,,W2
QSO_54.0066883-15.6185223,56880.13027649998,18.245,,W2
QSO_54.0066883-15.6185223,56880.52476849996,18.455,0.535,W2
QSO_54.0066883-15.6185223,57245.10369996877,18.309,0.331,W2
QSO_54.0066883-15.6185223,57245.16921747087,18.373,0.492,W2
QSO_54.0066883-15.6185223,57413.09815799371,18.012999999999998,,W2
QSO_54.0066883-15.6185223,57413.16389159575,18.422,,W2
QSO_54.0066883-15.6185223,57609.541929805855,18.69,,W2
QSO_54.0066883-15.6185223,57776.027969,18.184,,W2
QSO_54.0066883-15.6185223,57776.55148850001,18.146,,W2
QSO_54.0066883-15.6185223,57776.682413999966,18.142,0.33,W2
QSO_54.0066883-15.6185223,57974.0731,18.351,,W2
QSO_54.0066883-15.6185223,58135.22049050004,17.971999999999998,,W2
QSO_54.0066883-15.6185223,58340.68070600004,18.757,,W2
QSO_54.0066883-15.6185223,58341.07300800003,18.188,,W2
QSO_54.0066883-15.6185223,58496.52789500003,18.36,,W2
QSO_54.0066883-15.6185223,58496.98564149998,18.66,,W2
QSO_54.0066883-15.6185223,58497.0510495,18.148,,W2
QSO_54.0066883-15.6185223,58497.116457500015,18.339,,W2
QSO_54.0066883-15.6185223,58499.4044235,18.379,0.477,W2
QSO_54.0066883-15.6185223,58863.95970100003,18.509,0.467,W2
QSO_54.0066883-15.6185223,59068.988545600034,18.211,0.396,W2
QSO_54.0066883-15.6185223,59069.51269419999,17.886,,W2
QSO_54.0066883-15.6185223,59228.59110350002,18.128,,W2
QSO_54.0066883-15.6185223,59228.91788799998,18.841,,W2
QSO_54.0066883-15.6185223,59236.95376449997,18.201,,W2
QSO_54.0066883-15.6185223,59436.09477149998,18.217,,W2
QSO_54.0066883-15.6185223,59436.682677000026,18.188,0.377,W2
QSO_54.0066883-15.6185223,59595.05741800001,18.732,,W2
QSO_54.0066883-15.6185223,59596.167163999984,18.52,,W2
QSO_54.0066883-15.6185223,59596.16731000001,18.206,,W2
QSO_54.0066883-15.6185223,59800.44415899998,17.705,0.265,W2
QSO_54.0066883-15.6185223,59800.50931149996,18.566,0.465,W2
QSO_54.0066883-15.6185223,59959.19229499998,18.219,,W2
QSO_54.0066883-15.6185223,59959.192441000014,18.083,,W2
QSO_54.0066883-15.6185223,59960.16830500001,18.021,,W2
QSO_54.0066883-15.6185223,60163.52714249998,18.757,,W2
QSO_54.0066883-15.6185223,60167.28434300003,18.059,,W2
QSO_54.0066883-15.6185223,60167.47866899999,18.298,0.377,W2
QSO_54.0066883-15.6185223,60167.60820750001,17.779,,W2
QSO_54.0066883-15.6185223,60323.22270160004,18.309,0.525,W2
QSO_54.0066883-15.6185223,60323.61033219996,18.529,,W2
QSO_54.0066883-15.6185223,60323.93354679996,17.863,,W2
QSO_53.9750657-15.8830327,55228.03927149996,19.084000000000003,0.294,W1
QSO_53.9750657-15.8830327,55228.03927149996,19.078000000000003,,W1
QSO_53.9750657-15.8830327,55228.03927149996,19.255000000000003,0.345,W1
QSO_53.9750657-15.8830327,55228.17147450002,18.614,0.181,W1
QSO_53.9750657-15.8830327,55228.17147450002,18.578,0.175,W1
QSO_53.9750657-15.8830327,55228.17147450002,18.614,0.181,W1
QSO_53.9750657-15.8830327,55228.23764899998,19.358,0.338,W1
QSO_53.9750657-15.8830327,55228.23764899998,19.212000000000003,,W1
QSO_53.9750657-15.8830327,55228.23764899998,19.705,0.466,W1
QSO_53.9750657-15.8830327,55228.30382350003,18.862,0.259,W1
QSO_53.9750657-15.8830327,55228.30382350003,18.852,0.273,W1
QSO_53.9750657-15.8830327,55228.30382350003,18.344,0.154,W1
QSO_53.9750657-15.8830327,55228.36985200004,18.641,0.198,W1
QSO_53.9750657-15.8830327,55228.36985200004,18.495,0.173,W1
QSO_53.9750657-15.8830327,55228.36985200004,18.491,0.181,W1
QSO_53.9750657-15.8830327,55228.4360265,18.683,0.229,W1
QSO_53.9750657-15.8830327,55228.4360265,18.689,0.231,W1
QSO_53.9750657-15.8830327,55228.4360265,18.698,0.233,W1
QSO_53.9750657-15.8830327,55228.50205500001,19.645000000000003,0.486,W1
QSO_53.9750657-15.8830327,55228.50205500001,18.821,0.227,W1
QSO_53.9750657-15.8830327,55228.50205500001,19.635,0.481,W1
QSO_53.9750657-15.8830327,55228.50220099996,18.972,0.258,W1
QSO_53.9750657-15.8830327,55228.50220099996,18.976,0.26,W1
QSO_53.9750657-15.8830327,55228.50220099996,18.962000000000003,0.256,W1
QSO_53.9750657-15.8830327,55228.56822949997,18.726,0.224,W1
QSO_53.9750657-15.8830327,55228.56822949997,18.756,0.231,W1
QSO_53.9750657-15.8830327,55228.56822949997,18.756,0.231,W1
QSO_53.9750657-15.8830327,55228.63440400002,19.638,0.493,W1
QSO_53.9750657-15.8830327,55228.63440400002,18.752,0.218,W1
QSO_53.9750657-15.8830327,55228.63440400002,18.971,0.267,W1
QSO_53.9750657-15.8830327,55417.75287599997,19.159,0.306,W1
QSO_53.9750657-15.8830327,55417.75287599997,19.123,0.296,W1
QSO_53.9750657-15.8830327,55417.75287599997,19.119,0.295,W1
QSO_53.9750657-15.8830327,55417.753022,18.808,0.236,W1
QSO_53.9750657-15.8830327,55417.753022,18.46,0.18,W1
QSO_53.9750657-15.8830327,55417.753022,18.461,0.184,W1
QSO_53.9750657-15.8830327,55417.88511549997,19.261000000000003,0.34,W1
QSO_53.9750657-15.8830327,55417.88511549997,19.256,0.338,W1
QSO_53.9750657-15.8830327,55417.88511549997,19.252,0.337,W1
QSO_53.9750657-15.8830327,55418.01731850003,19.07,0.294,W1
QSO_53.9750657-15.8830327,55418.01731850003,19.082,0.297,W1
QSO_53.9750657-15.8830327,55418.01731850003,19.073,0.295,W1
QSO_53.9750657-15.8830327,55418.08349299999,19.261000000000003,0.356,W1
QSO_53.9750657-15.8830327,55418.08349299999,19.258000000000003,0.355,W1
QSO_53.9750657-15.8830327,55418.08349299999,19.001,0.28,W1
QSO_53.9750657-15.8830327,55418.281761000006,19.173,0.34,W1
QSO_53.9750657-15.8830327,55418.281761000006,19.058,0.305,W1
QSO_53.9750657-15.8830327,55418.281761000006,19.164,0.336,W1
QSO_53.9750657-15.8830327,55418.347935499965,19.08,0.286,W1
QSO_53.9750657-15.8830327,55418.347935499965,18.828000000000003,0.227,W1
QSO_53.9750657-15.8830327,55418.347935499965,19.077,0.285,W1
QSO_53.9750657-15.8830327,55418.41396399998,19.135,0.306,W1
QSO_53.9750657-15.8830327,55418.41396399998,19.222,0.331,W1
QSO_53.9750657-15.8830327,55418.41396399998,19.213,0.329,W1
QSO_53.9750657-15.8830327,55418.480138500025,19.519,0.465,W1
QSO_53.9750657-15.8830327,55418.480138500025,19.51,0.461,W1
QSO_53.9750657-15.8830327,55418.480138500025,19.507,0.46,W1
QSO_53.9750657-15.8830327,55418.61223199999,18.835,0.24,W1
QSO_53.9750657-15.8830327,55418.61223199999,18.494,0.176,W1
QSO_53.9750657-15.8830327,55418.61223199999,18.832,0.24,W1
QSO_53.9750657-15.8830327,55418.6123415,19.033,0.28,W1
QSO_53.9750657-15.8830327,55418.6123415,19.107,0.3,W1
QSO_53.9750657-15.8830327,55418.6123415,19.035,0.274,W1
QSO_53.9750657-15.8830327,55418.74443499997,18.894,0.24,W1
QSO_53.9750657-15.8830327,55418.74443499997,18.896,0.24,W1
QSO_53.9750657-15.8830327,55418.74443499997,19.374,,W1
QSO_53.9750657-15.8830327,55418.87663800002,18.414,0.155,W1
QSO_53.9750657-15.8830327,55418.87663800002,18.412,0.155,W1
QSO_53.9750657-15.8830327,55418.87663800002,18.501,0.168,W1
QSO_53.9750657-15.8830327,55591.98617350004,18.79,0.246,W1
QSO_53.9750657-15.8830327,55591.98617350004,18.687,0.224,W1
QSO_53.9750657-15.8830327,55591.98617350004,18.803,0.25,W1
QSO_53.9750657-15.8830327,55592.38256350003,19.277,0.365,W1
QSO_53.9750657-15.8830327,55592.38256350003,19.024,,W1
QSO_53.9750657-15.8830327,55592.38256350003,19.023000000000003,,W1
QSO_53.9750657-15.8830327,55592.77906300003,18.884,0.249,W1
QSO_53.9750657-15.8830327,55592.77906300003,19.102,0.305,W1
QSO_53.9750657-15.8830327,55592.77906300003,19.102,0.305,W1
QSO_53.9750657-15.8830327,55592.84523749999,18.495,0.181,W1
QSO_53.9750657-15.8830327,55592.84523749999,18.697,0.218,W1
QSO_53.9750657-15.8830327,55592.84523749999,18.695,0.218,W1
QSO_53.9750657-15.8830327,55592.97733099996,18.984,0.35,W1
QSO_53.9750657-15.8830327,55592.97733099996,18.98,0.316,W1
QSO_53.9750657-15.8830327,55592.97733099996,18.764000000000003,0.288,W1
QSO_53.9750657-15.8830327,55593.10953400002,18.747,0.242,W1
QSO_53.9750657-15.8830327,55593.10953400002,18.746,0.242,W1
QSO_53.9750657-15.8830327,55593.10953400002,18.649,0.221,W1
QSO_53.9750657-15.8830327,56690.199387499975,18.696,0.262,W1
QSO_53.9750657-15.8830327,56690.33097000004,18.588,0.205,W1
QSO_53.9750657-15.8830327,56690.39688899996,19.008000000000003,0.288,W1
QSO_53.9750657-15.8830327,56690.46266200002,19.004,0.321,W1
QSO_53.9750657-15.8830327,56690.59439050003,18.632,0.338,W1
QSO_53.9750657-15.8830327,56690.6601635,18.348,0.24,W1
QSO_53.9750657-15.8830327,56879.99884000003,18.814,0.228,W1
QSO_53.9750657-15.8830327,57245.16921747087,18.876,0.361,W1
QSO_53.9750657-15.8830327,57245.431469979165,19.292,0.334,W1
QSO_53.9750657-15.8830327,57412.70386618119,19.187,0.396,W1
QSO_53.9750657-15.8830327,57413.032460991606,19.163,0.292,W1
QSO_53.9750657-15.8830327,57413.09804819369,18.846,0.312,W1
QSO_53.9750657-15.8830327,57413.22947879784,18.924,0.253,W1
QSO_53.9750657-15.8830327,57413.55792720823,18.643,0.218,W1
QSO_53.9750657-15.8830327,57608.75411478095,18.757,0.277,W1
QSO_53.9750657-15.8830327,57608.88539898506,19.317,0.398,W1
QSO_53.9750657-15.8830327,57609.14800399339,18.274,0.169,W1
QSO_53.9750657-15.8830327,57609.21373759551,18.435,0.169,W1
QSO_53.9750657-15.8830327,57609.541929805855,18.848,0.249,W1
QSO_53.9750657-15.8830327,57609.60762680795,18.668,0.203,W1
QSO_53.9750657-15.8830327,57775.569748,18.967,0.26,W1
QSO_53.9750657-15.8830327,57775.70067350004,18.576,0.178,W1
QSO_53.9750657-15.8830327,57775.83148949999,18.855,0.252,W1
QSO_53.9750657-15.8830327,57775.96245149997,18.678,0.211,W1
QSO_53.9750657-15.8830327,57776.28971049999,18.498,0.188,W1
QSO_53.9750657-15.8830327,57776.42052650002,19.001,0.296,W1
QSO_53.9750657-15.8830327,57776.682413999966,18.934,0.289,W1
QSO_53.9750657-15.8830327,57973.68065199997,18.671,0.272,W1
QSO_53.9750657-15.8830327,57973.74605999999,18.862,0.268,W1
QSO_53.9750657-15.8830327,57973.87687600002,19.272,0.408,W1
QSO_53.9750657-15.8830327,57980.15819750001,18.799,0.229,W1
QSO_53.9750657-15.8830327,58134.37007699998,18.947000000000003,0.263,W1
QSO_53.9750657-15.8830327,58134.50089300001,19.271,0.349,W1
QSO_53.9750657-15.8830327,58134.762525,18.381,0.21,W1
QSO_53.9750657-15.8830327,58135.08967450001,18.649,0.203,W1
QSO_53.9750657-15.8830327,58135.22049050004,18.781,0.323,W1
QSO_53.9750657-15.8830327,58340.35381199998,18.594,0.189,W1
QSO_53.9750657-15.8830327,58340.41922,18.81,0.244,W1
QSO_53.9750657-15.8830327,58340.48462800002,19.065,0.303,W1
QSO_53.9750657-15.8830327,58340.55003600004,18.871,0.32,W1
QSO_53.9750657-15.8830327,58340.61529800002,18.425,0.199,W1
QSO_53.9750657-15.8830327,58340.81152199999,18.535,0.232,W1
QSO_53.9750657-15.8830327,58496.52789500003,19.602,0.459,W1
QSO_53.9750657-15.8830327,58496.78941750001,18.92,0.316,W1
QSO_53.9750657-15.8830327,58497.05090349997,18.563,0.23,W1
QSO_53.9750657-15.8830327,58497.50865,18.53,0.185,W1
QSO_53.9750657-15.8830327,58499.4044235,18.457,0.19,W1
QSO_53.9750657-15.8830327,58499.79672549999,18.807,0.233,W1
QSO_53.9750657-15.8830327,58499.92743200002,18.747,0.247,W1
QSO_53.9750657-15.8830327,58704.26673249999,18.687,0.213,W1
QSO_53.9750657-15.8830327,58704.46284700003,18.352,0.193,W1
QSO_53.9750657-15.8830327,58704.59351700004,18.455,0.193,W1
QSO_53.9750657-15.8830327,58704.724332999984,19.008000000000003,0.364,W1
QSO_53.9750657-15.8830327,58863.17316699998,18.962000000000003,0.25,W1
QSO_53.9750657-15.8830327,58863.304231600014,18.333,0.355,W1
QSO_53.9750657-15.8830327,58863.56643399997,18.744,0.215,W1
QSO_53.9750657-15.8830327,58863.6974986,18.721,0.212,W1
QSO_53.9750657-15.8830327,58863.76308580001,18.798,0.23,W1
QSO_53.9750657-15.8830327,58863.95970100003,18.721,0.473,W1
QSO_53.9750657-15.8830327,58864.02514180002,19.026000000000003,0.326,W1
QSO_53.9750657-15.8830327,59068.92295840001,18.132,0.269,W1
QSO_53.9750657-15.8830327,59069.11957360004,18.973,0.474,W1
QSO_53.9750657-15.8830327,59069.18516079997,19.029,0.295,W1
QSO_53.9750657-15.8830327,59069.25063819999,18.993,0.295,W1
QSO_53.9750657-15.8830327,59069.51269419999,18.714,0.234,W1
QSO_53.9750657-15.8830327,59228.264465,18.429,0.164,W1
QSO_53.9750657-15.8830327,59228.46043350001,18.69,0.215,W1
QSO_53.9750657-15.8830327,59228.78707200003,18.398,0.16,W1
QSO_53.9750657-15.8830327,59436.2908495,18.658,0.212,W1
QSO_53.9750657-15.8830327,59436.682677000026,18.459,0.194,W1
QSO_53.9750657-15.8830327,59436.81323750002,18.506,0.22,W1
QSO_53.9750657-15.8830327,59436.94390750003,18.938,0.253,W1
QSO_53.9750657-15.8830327,59595.05741800001,18.833,0.233,W1
QSO_53.9750657-15.8830327,59595.38383750002,19.24,0.326,W1
QSO_53.9750657-15.8830327,59595.57966,18.514,0.181,W1
QSO_53.9750657-15.8830327,59596.03660349998,18.285,0.163,W1
QSO_53.9750657-15.8830327,59800.18354899997,18.664,0.256,W1
QSO_53.9750657-15.8830327,59959.06224549997,18.453,0.177,W1
QSO_53.9750657-15.8830327,59959.38749699997,19.26,0.354,W1
QSO_53.9750657-15.8830327,59959.517692500005,19.020000000000003,0.322,W1
QSO_53.9750657-15.8830327,59959.58269900004,19.243,0.347,W1
QSO_53.9750657-15.8830327,59959.90795050003,18.906,0.264,W1
QSO_53.9750657-15.8830327,59960.03814599999,19.057,0.287,W1
QSO_53.9750657-15.8830327,60163.52714249998,18.805,0.264,W1
QSO_53.9750657-15.8830327,60163.65668099999,19.124,0.36,W1
QSO_53.9750657-15.8830327,60163.851007000034,18.226,0.19,W1
QSO_53.9750657-15.8830327,60166.89572749998,19.103,0.446,W1
QSO_53.9750657-15.8830327,60167.154804500016,18.514,0.224,W1
QSO_53.9750657-15.8830327,60167.60820750001,18.364,0.171,W1
QSO_53.9750657-15.8830327,60322.96404939998,19.552,0.465,W1
QSO_53.9750657-15.8830327,60323.2225552,18.342,0.184,W1
QSO_53.9750657-15.8830327,60323.28726399999,18.816000000000003,0.265,W1
QSO_53.9750657-15.8830327,60323.61033219996,18.828000000000003,0.235,W1
QSO_53.9750657-15.8830327,60323.67504100003,18.608,0.198,W1
QSO_53.9750657-15.8830327,60323.93354679996,18.715,0.216,W1
QSO_53.9750657-15.8830327,55228.03927149996,18.994,,W2
QSO_53.9750657-15.8830327,55228.03927149996,18.951,,W2
QSO_53.9750657-15.8830327,55228.03927149996,18.888,,W2
QSO_53.9750657-15.8830327,55228.17147450002,18.831,,W2
QSO_53.9750657-15.8830327,55228.17147450002,18.814,,W2
QSO_53.9750657-15.8830327,55228.17147450002,18.827,,W2
QSO_53.9750657-15.8830327,55228.23764899998,19.003,,W2
QSO_53.9750657-15.8830327,55228.23764899998,18.884,,W2
QSO_53.9750657-15.8830327,55228.23764899998,18.901,,W2
QSO_53.9750657-15.8830327,55228.30382350003,18.741,,W2
QSO_53.9750657-15.8830327,55228.30382350003,18.751,,W2
QSO_53.9750657-15.8830327,55228.30382350003,18.746,,W2
QSO_53.9750657-15.8830327,55228.36985200004,18.838,,W2
QSO_53.9750657-15.8830327,55228.36985200004,18.844,,W2
QSO_53.9750657-15.8830327,55228.36985200004,18.839,,W2
QSO_53.9750657-15.8830327,55228.4360265,18.99,,W2
QSO_53.9750657-15.8830327,55228.4360265,18.99,,W2
QSO_53.9750657-15.8830327,55228.4360265,18.989,,W2
QSO_53.9750657-15.8830327,55228.50205500001,19.104,,W2
QSO_53.9750657-15.8830327,55228.50205500001,19.08,,W2
QSO_53.9750657-15.8830327,55228.50205500001,19.104,,W2
QSO_53.9750657-15.8830327,55228.50220099996,18.405,,W2
QSO_53.9750657-15.8830327,55228.50220099996,18.424,,W2
QSO_53.9750657-15.8830327,55228.50220099996,18.423,,W2
QSO_53.9750657-15.8830327,55228.56822949997,18.97,0.503,W2
QSO_53.9750657-15.8830327,55228.56822949997,18.302,,W2
QSO_53.9750657-15.8830327,55228.56822949997,18.158,,W2
QSO_53.9750657-15.8830327,55228.63440400002,19.098,,W2
QSO_53.9750657-15.8830327,55228.63440400002,19.09,,W2
QSO_53.9750657-15.8830327,55228.63440400002,19.118,,W2
QSO_53.9750657-15.8830327,55417.75287599997,19.064,,W2
QSO_53.9750657-15.8830327,55417.75287599997,19.065,,W2
QSO_53.9750657-15.8830327,55417.75287599997,19.063,,W2
QSO_53.9750657-15.8830327,55417.753022,18.364,,W2
QSO_53.9750657-15.8830327,55417.753022,18.381,,W2
QSO_53.9750657-15.8830327,55417.753022,18.362,,W2
QSO_53.9750657-15.8830327,55417.88511549997,18.471,,W2
QSO_53.9750657-15.8830327,55417.88511549997,18.469,,W2
QSO_53.9750657-15.8830327,55417.88511549997,18.484,,W2
QSO_53.9750657-15.8830327,55418.01731850003,18.89,,W2
QSO_53.9750657-15.8830327,55418.01731850003,18.91,,W2
QSO_53.9750657-15.8830327,55418.01731850003,18.923,,W2
QSO_53.9750657-15.8830327,55418.08349299999,18.287,0.287,W2
QSO_53.9750657-15.8830327,55418.08349299999,18.281,0.288,W2
QSO_53.9750657-15.8830327,55418.08349299999,18.258,0.26,W2
QSO_53.9750657-15.8830327,55418.281761000006,18.623,0.428,W2
QSO_53.9750657-15.8830327,55418.281761000006,18.633,0.387,W2
QSO_53.9750657-15.8830327,55418.281761000006,18.681,0.405,W2
QSO_53.9750657-15.8830327,55418.347935499965,18.922,0.463,W2
QSO_53.9750657-15.8830327,55418.347935499965,18.956,0.477,W2
QSO_53.9750657-15.8830327,55418.347935499965,18.972,0.484,W2
QSO_53.9750657-15.8830327,55418.41396399998,18.408,,W2
QSO_53.9750657-15.8830327,55418.41396399998,18.499,,W2
QSO_53.9750657-15.8830327,55418.41396399998,18.504,,W2
QSO_53.9750657-15.8830327,55418.480138500025,18.498,,W2
QSO_53.9750657-15.8830327,55418.480138500025,18.407,,W2
QSO_53.9750657-15.8830327,55418.480138500025,18.488,,W2
QSO_53.9750657-15.8830327,55418.61223199999,18.618,,W2
QSO_53.9750657-15.8830327,55418.61223199999,18.635,,W2
QSO_53.9750657-15.8830327,55418.61223199999,18.623,,W2
QSO_53.9750657-15.8830327,55418.6123415,18.895,0.517,W2
QSO_53.9750657-15.8830327,55418.6123415,18.899,0.522,W2
QSO_53.9750657-15.8830327,55418.6123415,18.9,0.481,W2
QSO_53.9750657-15.8830327,55418.74443499997,19.028,,W2
QSO_53.9750657-15.8830327,55418.74443499997,19.055,,W2
QSO_53.9750657-15.8830327,55418.74443499997,19.056,,W2
QSO_53.9750657-15.8830327,55418.87663800002,18.621,,W2
QSO_53.9750657-15.8830327,55418.87663800002,18.619,,W2
QSO_53.9750657-15.8830327,55418.87663800002,18.604,,W2
QSO_53.9750657-15.8830327,55591.98617350004,18.239,,W2
QSO_53.9750657-15.8830327,55591.98617350004,18.239,,W2
QSO_53.9750657-15.8830327,55591.98617350004,18.232,,W2
QSO_53.9750657-15.8830327,55592.38256350003,18.475,,W2
QSO_53.9750657-15.8830327,55592.38256350003,18.471,,W2
QSO_53.9750657-15.8830327,55592.38256350003,18.477,,W2
QSO_53.9750657-15.8830327,55592.77906300003,18.717,0.419,W2
QSO_53.9750657-15.8830327,55592.77906300003,18.739,0.428,W2
QSO_53.9750657-15.8830327,55592.77906300003,18.786,0.446,W2
QSO_53.9750657-15.8830327,55592.84523749999,18.481,,W2
QSO_53.9750657-15.8830327,55592.84523749999,18.469,,W2
QSO_53.9750657-15.8830327,55592.84523749999,18.443,,W2
QSO_53.9750657-15.8830327,55592.97733099996,18.212,,W2
QSO_53.9750657-15.8830327,55592.97733099996,18.942,0.533,W2
QSO_53.9750657-15.8830327,55592.97733099996,18.893,0.509,W2
QSO_53.9750657-15.8830327,55593.10953400002,18.338,0.336,W2
QSO_53.9750657-15.8830327,55593.10953400002,18.346,0.339,W2
QSO_53.9750657-15.8830327,55593.10953400002,18.303,0.326,W2
QSO_53.9750657-15.8830327,56690.199387499975,18.052,,W2
QSO_53.9750657-15.8830327,56690.33097000004,17.659,,W2
QSO_53.9750657-15.8830327,56690.39688899996,18.412,,W2
QSO_53.9750657-15.8830327,56690.46266200002,18.266,,W2
QSO_53.9750657-15.8830327,56690.59439050003,18.414,,W2
QSO_53.9750657-15.8830327,56690.6601635,18.353,,W2
QSO_53.9750657-15.8830327,56879.99884000003,18.4,0.396,W2
QSO_53.9750657-15.8830327,57245.16921747087,18.649,,W2
QSO_53.9750657-15.8830327,57245.431469979165,18.756,0.488,W2
QSO_53.9750657-15.8830327,57412.70386618119,18.331,,W2
QSO_53.9750657-15.8830327,57413.032460991606,18.887,,W2
QSO_53.9750657-15.8830327,57413.09804819369,18.284,,W2
QSO_53.9750657-15.8830327,57413.22947879784,18.233,,W2
QSO_53.9750657-15.8830327,57413.55792720823,18.045,,W2
QSO_53.9750657-15.8830327,57608.75411478095,18.86,,W2
QSO_53.9750657-15.8830327,57608.88539898506,18.322,0.443,W2
QSO_53.9750657-15.8830327,57609.14800399339,18.728,0.51,W2
QSO_53.9750657-15.8830327,57609.21373759551,18.568,,W2
QSO_53.9750657-15.8830327,57609.541929805855,18.014,,W2
QSO_53.9750657-15.8830327,57609.60762680795,18.083,,W2
QSO_53.9750657-15.8830327,57775.569748,18.64,,W2
QSO_53.9750657-15.8830327,57775.70067350004,18.693,0.457,W2
QSO_53.9750657-15.8830327,57775.83148949999,18.348,,W2
QSO_53.9750657-15.8830327,57775.96245149997,18.481,,W2
QSO_53.9750657-15.8830327,57776.28971049999,18.658,,W2
QSO_53.9750657-15.8830327,57776.42052650002,18.444,,W2
QSO_53.9750657-15.8830327,57776.682413999966,18.605,0.406,W2
QSO_53.9750657-15.8830327,57973.68065199997,18.185,,W2
QSO_53.9750657-15.8830327,57973.74605999999,18.071,,W2
QSO_53.9750657-15.8830327,57973.87687600002,18.879,0.521,W2
QSO_53.9750657-15.8830327,57980.15819750001,18.425,0.536,W2
QSO_53.9750657-15.8830327,58134.37007699998,18.339,,W2
QSO_53.9750657-15.8830327,58134.50089300001,18.113,0.342,W2
QSO_53.9750657-15.8830327,58134.762525,18.369,0.535,W2
QSO_53.9750657-15.8830327,58135.08967450001,18.868,0.54,W2
QSO_53.9750657-15.8830327,58135.22049050004,18.011,,W2
QSO_53.9750657-15.8830327,58340.35381199998,18.561,,W2
QSO_53.9750657-15.8830327,58340.41922,18.799,0.493,W2
QSO_53.9750657-15.8830327,58340.48462800002,18.009,,W2
QSO_53.9750657-15.8830327,58340.55003600004,18.062,,W2
QSO_53.9750657-15.8830327,58340.61529800002,18.294,,W2
QSO_53.9750657-15.8830327,58340.81152199999,18.427,,W2
QSO_53.9750657-15.8830327,58496.52789500003,18.287,0.453,W2
QSO_53.9750657-15.8830327,58496.78941750001,18.145,,W2
QSO_53.9750657-15.8830327,58497.05090349997,18.576,,W2
QSO_53.9750657-15.8830327,58497.50865,18.533,,W2
QSO_53.9750657-15.8830327,58499.4044235,18.204,,W2
QSO_53.9750657-15.8830327,58499.79672549999,17.639,,W2
QSO_53.9750657-15.8830327,58499.92743200002,17.809,,W2
QSO_53.9750657-15.8830327,58704.26673249999,18.275,,W2
QSO_53.9750657-15.8830327,58704.46284700003,17.669999999999998,,W2
QSO_53.9750657-15.8830327,58704.59351700004,17.97,,W2
QSO_53.9750657-15.8830327,58704.724332999984,18.328,,W2
QSO_53.9750657-15.8830327,58863.17316699998,18.235,,W2
QSO_53.9750657-15.8830327,58863.304231600014,18.215,,W2
QSO_53.9750657-15.8830327,58863.56643399997,18.179,0.285,W2
QSO_53.9750657-15.8830327,58863.6974986,18.19,,W2
QSO_53.9750657-15.8830327,58863.76308580001,18.132,,W2
QSO_53.9750657-15.8830327,58863.95970100003,18.337,,W2
QSO_53.9750657-15.8830327,58864.02514180002,18.016,,W2
QSO_53.9750657-15.8830327,59068.92295840001,18.292,,W2
QSO_53.9750657-15.8830327,59069.11957360004,17.706,,W2
QSO_53.9750657-15.8830327,59069.18516079997,18.829,0.537,W2
QSO_53.9750657-15.8830327,59069.25063819999,17.957,0.4,W2
QSO_53.9750657-15.8830327,59069.51269419999,18.009,,W2
QSO_53.9750657-15.8830327,59228.264465,18.25,,W2
QSO_53.9750657-15.8830327,59228.46043350001,18.827,0.461,W2
QSO_53.9750657-15.8830327,59228.78707200003,18.81,,W2
QSO_53.9750657-15.8830327,59436.2908495,18.02,,W2
QSO_53.9750657-15.8830327,59436.682677000026,17.925,,W2
QSO_53.9750657-15.8830327,59436.81323750002,18.787,,W2
QSO_53.9750657-15.8830327,59436.94390750003,17.988,,W2
QSO_53.9750657-15.8830327,59595.05741800001,18.23,,W2
QSO_53.9750657-15.8830327,59595.38383750002,18.484,0.52,W2
QSO_53.9750657-15.8830327,59595.57966,17.955,,W2
QSO_53.9750657-15.8830327,59596.03660349998,18.317,,W2
QSO_53.9750657-15.8830327,59800.18354899997,18.626,,W2
QSO_53.9750657-15.8830327,59959.06224549997,17.848,,W2
QSO_53.9750657-15.8830327,59959.38749699997,17.736,,W2
QSO_53.9750657-15.8830327,59959.517692500005,18.248,,W2
QSO_53.9750657-15.8830327,59959.58269900004,17.915,,W2
QSO_53.9750657-15.8830327,59959.90795050003,18.439,,W2
QSO_53.9750657-15.8830327,59960.03814599999,18.257,,W2
QSO_53.9750657-15.8830327,60163.52714249998,17.926,,W2
QSO_53.9750657-15.8830327,60163.65668099999,18.167,,W2
QSO_53.9750657-15.8830327,60163.851007000034,18.137,,W2
QSO_53.9750657-15.8830327,60166.89572749998,18.261,,W2
QSO_53.9750657-15.8830327,60167.154804500016,17.549,,W2
QSO_53.9750657-15.8830327,60167.60820750001,18.808,0.538,W2
QSO_53.9750657-15.8830327,60322.96404939998,18.314,,W2
QSO_53.9750657-15.8830327,60323.2225552,18.2,,W2
QSO_53.9750657-15.8830327,60323.28726399999,18.346,0.384,W2
QSO_53.9750657-15.8830327,60323.61033219996,18.784,0.486,W2
QSO_53.9750657-15.8830327,60323.67504100003,18.194,,W2
QSO_53.9750657-15.8830327,60323.93354679996,18.675,,W2
QSO_54.1262276-15.8241522,55228.03927149996,18.471,0.173,W1
QSO_54.1262276-15.8241522,55228.17147450002,18.674,0.277,W1
QSO_54.1262276-15.8241522,55228.30382350003,19.284,,W1
QSO_54.1262276-15.8241522,55228.36985200004,19.321,0.355,W1
QSO_54.1262276-15.8241522,55228.4360265,19.226,0.341,W1
QSO_54.1262276-15.8241522,55228.50205500001,19.445,0.399,W1
QSO_54.1262276-15.8241522,55228.50220099996,19.319000000000003,0.401,W1
QSO_54.1262276-15.8241522,55228.56822949997,19.101,0.295,W1
QSO_54.1262276-15.8241522,55228.63440400002,18.481,0.189,W1
QSO_54.1262276-15.8241522,55228.70046899997,19.189,0.344,W1
QSO_54.1262276-15.8241522,55229.031049499965,19.159,,W1
QSO_54.1262276-15.8241522,55229.0311955,19.108,0.294,W1
QSO_54.1262276-15.8241522,55229.16339849997,19.158,0.313,W1
QSO_54.1262276-15.8241522,55417.88511549997,19.183,0.341,W1
QSO_54.1262276-15.8241522,55418.01731850003,19.231,0.322,W1
QSO_54.1262276-15.8241522,55418.281761000006,19.648000000000003,0.463,W1
QSO_54.1262276-15.8241522,55418.347935499965,19.187,0.336,W1
QSO_54.1262276-15.8241522,55418.41396399998,19.529,0.442,W1
QSO_54.1262276-15.8241522,55418.480138500025,18.578,0.3,W1
QSO_54.1262276-15.8241522,55418.54616700004,19.189,,W1
QSO_54.1262276-15.8241522,55418.61223199999,18.811,0.21,W1
QSO_54.1262276-15.8241522,55418.6123415,19.511000000000003,0.401,W1
QSO_54.1262276-15.8241522,55418.74443499997,19.407,,W1
QSO_54.1262276-15.8241522,55418.87663800002,19.371,,W1
QSO_54.1262276-15.8241522,55419.008841,18.591,0.187,W1
QSO_54.1262276-15.8241522,55592.38256350003,18.682,0.224,W1
QSO_54.1262276-15.8241522,55592.77906300003,19.652,,W1
QSO_54.1262276-15.8241522,55592.84523749999,18.914,0.264,W1
QSO_54.1262276-15.8241522,55592.911266,19.826,,W1
QSO_54.1262276-15.8241522,55592.97733099996,18.933,0.277,W1
QSO_54.1262276-15.8241522,55593.10953400002,18.792,0.227,W1
QSO_54.1262276-15.8241522,56690.199387499975,18.881,0.238,W1
QSO_54.1262276-15.8241522,56690.6601635,18.695,0.315,W1
QSO_54.1262276-15.8241522,56695.13634100001,18.921,0.316,W1
QSO_54.1262276-15.8241522,56879.99884000003,18.775,0.36,W1
QSO_54.1262276-15.8241522,57053.06906595346,19.21,0.335,W1
QSO_54.1262276-15.8241522,57053.397237463854,19.161,0.309,W1
QSO_54.1262276-15.8241522,57413.22947879784,19.555,0.501,W1
QSO_54.1262276-15.8241522,57413.68932121234,18.768,0.222,W1
QSO_54.1262276-15.8241522,57609.60762680795,18.718,0.205,W1
QSO_54.1262276-15.8241522,57610.13269042457,18.585,0.215,W1
QSO_54.1262276-15.8241522,57610.13283682452,18.880000000000003,0.262,W1
QSO_54.1262276-15.8241522,57775.70067350004,18.866,0.225,W1
QSO_54.1262276-15.8241522,57775.96245149997,18.529,0.171,W1
QSO_54.1262276-15.8241522,57776.28971049999,18.341,0.21,W1
QSO_54.1262276-15.8241522,57776.55148850001,18.979,0.28,W1
QSO_54.1262276-15.8241522,57776.81323,18.554,0.18,W1
QSO_54.1262276-15.8241522,57973.28809450003,18.73,0.217,W1
QSO_54.1262276-15.8241522,57973.74605999999,18.714,0.223,W1
QSO_54.1262276-15.8241522,57973.94228399996,18.775,0.323,W1
QSO_54.1262276-15.8241522,57974.138617500015,18.582,0.354,W1
QSO_54.1262276-15.8241522,57974.4002495,18.512,0.198,W1
QSO_54.1262276-15.8241522,57980.158088,18.784,0.357,W1
QSO_54.1262276-15.8241522,58134.762525,18.880000000000003,0.359,W1
QSO_54.1262276-15.8241522,58135.02426649999,18.752,0.442,W1
QSO_54.1262276-15.8241522,58135.15508250002,19.099,0.499,W1
QSO_54.1262276-15.8241522,58135.48212250003,18.673,0.195,W1
QSO_54.1262276-15.8241522,58340.68070600004,19.125,,W1
QSO_54.1262276-15.8241522,58496.98564149998,18.799,0.22,W1
QSO_54.1262276-15.8241522,58497.05090349997,18.571,0.193,W1
QSO_54.1262276-15.8241522,58497.1817195,18.927,0.285,W1
QSO_54.1262276-15.8241522,58497.31253550004,18.685,0.205,W1
QSO_54.1262276-15.8241522,58500.254326,18.712000000000003,0.351,W1
QSO_54.1262276-15.8241522,58704.65892499997,18.758000000000003,0.218,W1
QSO_54.1262276-15.8241522,58704.85500299999,18.918,0.296,W1
QSO_54.1262276-15.8241522,58863.6974986,14.674,0.025,W1
QSO_54.1262276-15.8241522,59228.78707200003,19.31,0.345,W1
QSO_54.1262276-15.8241522,59228.917742000034,18.572,0.233,W1
QSO_54.1262276-15.8241522,59229.37523300003,18.865,0.367,W1
QSO_54.1262276-15.8241522,59236.95365499997,18.942,0.261,W1
QSO_54.1262276-15.8241522,59236.95376449997,19.455,0.44,W1
QSO_54.1262276-15.8241522,59595.57966,18.684,0.233,W1
QSO_54.1262276-15.8241522,59799.85753100003,18.847,0.466,W1
QSO_54.1262276-15.8241522,59799.85764050004,19.482,0.506,W1
QSO_54.1262276-15.8241522,59800.44415899998,18.734,0.254,W1
QSO_54.1262276-15.8241522,59959.58269900004,18.432,0.333,W1
QSO_54.1262276-15.8241522,60163.851007000034,18.734,0.265,W1
QSO_54.1262276-15.8241522,60167.60820750001,18.806,0.341,W1
QSO_54.1262276-15.8241522,60167.86728450004,19.106,0.503,W1
QSO_54.1262276-15.8241522,60323.2225552,19.105,0.333,W1
QSO_54.1262276-15.8241522,60323.61033219996,18.37,0.183,W1
QSO_54.1262276-15.8241522,60323.67504100003,18.925,0.272,W1
QSO_54.1262276-15.8241522,60323.73960339998,18.726,0.245,W1
QSO_54.1262276-15.8241522,60323.93354679996,18.614,0.217,W1
QSO_54.1262276-15.8241522,55228.03927149996,18.827,0.469,W2
QSO_54.1262276-15.8241522,55228.17147450002,18.831,,W2
QSO_54.1262276-15.8241522,55228.30382350003,18.55,,W2
QSO_54.1262276-15.8241522,55228.36985200004,18.502,,W2
QSO_54.1262276-15.8241522,55228.4360265,18.325,,W2
QSO_54.1262276-15.8241522,55228.50205500001,18.24,,W2
QSO_54.1262276-15.8241522,55228.50220099996,18.937,,W2
QSO_54.1262276-15.8241522,55228.56822949997,18.987,,W2
QSO_54.1262276-15.8241522,55228.63440400002,18.741,,W2
QSO_54.1262276-15.8241522,55228.70046899997,18.392,0.301,W2
QSO_54.1262276-15.8241522,55229.031049499965,18.604,0.398,W2
QSO_54.1262276-15.8241522,55229.0311955,19.134,,W2
QSO_54.1262276-15.8241522,55229.16339849997,18.871,,W2
QSO_54.1262276-15.8241522,55417.88511549997,18.688,,W2
QSO_54.1262276-15.8241522,55418.01731850003,18.366,,W2
QSO_54.1262276-15.8241522,55418.281761000006,17.887,,W2
QSO_54.1262276-15.8241522,55418.347935499965,18.812,0.444,W2
QSO_54.1262276-15.8241522,55418.41396399998,18.981,0.495,W2
QSO_54.1262276-15.8241522,55418.480138500025,18.644,0.408,W2
QSO_54.1262276-15.8241522,55418.54616700004,18.524,,W2
QSO_54.1262276-15.8241522,55418.61223199999,18.224,,W2
QSO_54.1262276-15.8241522,55418.6123415,18.357,0.278,W2
QSO_54.1262276-15.8241522,55418.74443499997,18.439,0.411,W2
QSO_54.1262276-15.8241522,55418.87663800002,18.882,,W2
QSO_54.1262276-15.8241522,55419.008841,18.471,,W2
QSO_54.1262276-15.8241522,55592.38256350003,18.575,,W2
QSO_54.1262276-15.8241522,55592.77906300003,18.774,,W2
QSO_54.1262276-15.8241522,55592.84523749999,17.993,,W2
QSO_54.1262276-15.8241522,55592.911266,18.325,0.298,W2
QSO_54.1262276-15.8241522,55592.97733099996,18.509,,W2
QSO_54.1262276-15.8241522,55593.10953400002,18.64,,W2
QSO_54.1262276-15.8241522,56690.199387499975,18.21,,W2
QSO_54.1262276-15.8241522,56690.6601635,18.31,,W2
QSO_54.1262276-15.8241522,56695.13634100001,18.073,,W2
QSO_54.1262276-15.8241522,56879.99884000003,18.312,0.341,W2
QSO_54.1262276-15.8241522,57053.06906595346,18.493,0.387,W2
QSO_54.1262276-15.8241522,57053.397237463854,18.524,0.402,W2
QSO_54.1262276-15.8241522,57413.22947879784,18.472,,W2
QSO_54.1262276-15.8241522,57413.68932121234,18.217,,W2
QSO_54.1262276-15.8241522,57609.60762680795,18.736,,W2
QSO_54.1262276-15.8241522,57610.13269042457,18.78,0.498,W2
QSO_54.1262276-15.8241522,57610.13283682452,18.394,,W2
QSO_54.1262276-15.8241522,57775.70067350004,18.826,,W2
QSO_54.1262276-15.8241522,57775.96245149997,18.693,,W2
QSO_54.1262276-15.8241522,57776.28971049999,18.387,0.408,W2
QSO_54.1262276-15.8241522,57776.55148850001,18.263,,W2
QSO_54.1262276-15.8241522,57776.81323,17.906,,W2
QSO_54.1262276-15.8241522,57973.28809450003,18.621,0.449,W2
QSO_54.1262276-15.8241522,57973.74605999999,18.67,,W2
QSO_54.1262276-15.8241522,57973.94228399996,17.803,,W2
QSO_54.1262276-15.8241522,57974.138617500015,18.434,,W2
QSO_54.1262276-15.8241522,57974.4002495,18.182,0.385,W2
QSO_54.1262276-15.8241522,57980.158088,18.193,,W2
QSO_54.1262276-15.8241522,58134.762525,18.75,0.441,W2
QSO_54.1262276-15.8241522,58135.02426649999,18.78,0.442,W2
QSO_54.1262276-15.8241522,58135.15508250002,18.418,0.428,W2
QSO_54.1262276-15.8241522,58135.48212250003,17.804,,W2
QSO_54.1262276-15.8241522,58340.68070600004,17.869,0.295,W2
QSO_54.1262276-15.8241522,58496.98564149998,18.198,0.384,W2
QSO_54.1262276-15.8241522,58497.05090349997,17.962,,W2
QSO_54.1262276-15.8241522,58497.1817195,17.846,,W2
QSO_54.1262276-15.8241522,58497.31253550004,18.525,0.519,W2
QSO_54.1262276-15.8241522,58500.254326,18.502,,W2
QSO_54.1262276-15.8241522,58704.65892499997,17.954,,W2
QSO_54.1262276-15.8241522,58704.85500299999,17.973,,W2
QSO_54.1262276-15.8241522,58863.6974986,17.864,0.274,W2
QSO_54.1262276-15.8241522,59228.78707200003,18.406,0.356,W2
QSO_54.1262276-15.8241522,59228.917742000034,19.059,,W2
QSO_54.1262276-15.8241522,59229.37523300003,18.264,,W2
QSO_54.1262276-15.8241522,59236.95365499997,18.094,,W2
QSO_54.1262276-15.8241522,59236.95376449997,17.906,,W2
QSO_54.1262276-15.8241522,59595.57966,18.279,,W2
QSO_54.1262276-15.8241522,59799.85753100003,18.149,,W2
QSO_54.1262276-15.8241522,59799.85764050004,18.426,0.465,W2
QSO_54.1262276-15.8241522,59800.44415899998,18.958,,W2
QSO_54.1262276-15.8241522,59959.58269900004,18.539,0.423,W2
QSO_54.1262276-15.8241522,60163.851007000034,18.018,0.411,W2
QSO_54.1262276-15.8241522,60167.60820750001,18.269,,W2
QSO_54.1262276-15.8241522,60167.86728450004,18.094,,W2
QSO_54.1262276-15.8241522,60323.2225552,18.656,0.51,W2
QSO_54.1262276-15.8241522,60323.61033219996,18.414,,W2
QSO_54.1262276-15.8241522,60323.67504100003,18.235,,W2
QSO_54.1262276-15.8241522,60323.73960339998,18.843,0.53,W2
QSO_54.1262276-15.8241522,60323.93354679996,18.344,,W2
QSO_53.8011447-15.8725257,55227.642626000015,18.687,0.191,W1
QSO_53.8011447-15.8725257,55228.03927149996,19.308,0.359,W1
QSO_53.8011447-15.8725257,55228.10540949998,18.947000000000003,0.258,W1
QSO_53.8011447-15.8725257,55228.17147450002,19.037,0.283,W1
QSO_53.8011447-15.8725257,55228.171584000025,19.134,0.288,W1
QSO_53.8011447-15.8725257,55228.23764899998,18.695,0.208,W1
QSO_53.8011447-15.8725257,55228.30382350003,19.054,0.285,W1
QSO_53.8011447-15.8725257,55228.36985200004,19.104,0.383,W1
QSO_53.8011447-15.8725257,55228.4360265,19.603,0.481,W1
QSO_53.8011447-15.8725257,55228.50220099996,18.997,0.256,W1
QSO_53.8011447-15.8725257,55228.63440400002,18.812,0.231,W1
QSO_53.8011447-15.8725257,55417.48857950003,19.113,0.325,W1
QSO_53.8011447-15.8725257,55417.620673,19.146,0.305,W1
QSO_53.8011447-15.8725257,55417.62081900003,19.013,0.246,W1
QSO_53.8011447-15.8725257,55417.75287599997,18.584,0.184,W1
QSO_53.8011447-15.8725257,55417.88511549997,18.952,0.325,W1
QSO_53.8011447-15.8725257,55417.95129000002,18.219,0.167,W1
QSO_53.8011447-15.8725257,55418.01731850003,18.485,0.176,W1
QSO_53.8011447-15.8725257,55418.08349299999,19.49,0.424,W1
QSO_53.8011447-15.8725257,55418.281761000006,18.806,0.215,W1
QSO_53.8011447-15.8725257,55418.347935499965,18.681,0.2,W1
QSO_53.8011447-15.8725257,55418.47999249999,19.326,0.338,W1
QSO_53.8011447-15.8725257,55418.480138500025,18.917,0.235,W1
QSO_53.8011447-15.8725257,55418.61223199999,19.222,0.334,W1
QSO_53.8011447-15.8725257,55591.98617350004,19.037,0.306,W1
QSO_53.8011447-15.8725257,55592.38256350003,18.635,0.199,W1
QSO_53.8011447-15.8725257,55592.38267300004,19.064,0.275,W1
QSO_53.8011447-15.8725257,55592.84523749999,19.594,0.441,W1
QSO_53.8011447-15.8725257,55592.97733099996,19.308,0.365,W1
QSO_53.8011447-15.8725257,56690.39688899996,18.729,0.264,W1
QSO_53.8011447-15.8725257,56879.99884000003,18.801,0.285,W1
QSO_53.8011447-15.8725257,56880.45899549998,18.507,0.244,W1
QSO_53.8011447-15.8725257,56880.7220145,18.98,0.249,W1
QSO_53.8011447-15.8725257,57244.51364095004,18.429,0.192,W1
QSO_53.8011447-15.8725257,57245.300288975006,19.031,0.403,W1
QSO_53.8011447-15.8725257,57412.70386618119,18.734,0.221,W1
QSO_53.8011447-15.8725257,57413.032460991606,18.954,0.316,W1
QSO_53.8011447-15.8725257,57608.622830576765,19.21,0.383,W1
QSO_53.8011447-15.8725257,57609.47634260376,18.52,0.196,W1
QSO_53.8011447-15.8725257,57609.60762680795,18.462,0.205,W1
QSO_53.8011447-15.8725257,57775.30796999998,19.132,0.328,W1
QSO_53.8011447-15.8725257,57775.569748,19.08,0.348,W1
QSO_53.8011447-15.8725257,57775.83148949999,18.55,0.303,W1
QSO_53.8011447-15.8725257,57775.897043500045,18.925,0.271,W1
QSO_53.8011447-15.8725257,57775.96245149997,18.439,0.213,W1
QSO_53.8011447-15.8725257,57776.42052650002,18.982,0.301,W1
QSO_53.8011447-15.8725257,57973.026316500014,18.906,0.256,W1
QSO_53.8011447-15.8725257,57973.61524400004,19.377,0.389,W1
QSO_53.8011447-15.8725257,57973.87687600002,19.075000000000003,0.322,W1
QSO_53.8011447-15.8725257,57974.00769199998,18.526,0.203,W1
QSO_53.8011447-15.8725257,57974.138617500015,18.87,0.233,W1
QSO_53.8011447-15.8725257,58134.50089300001,18.861,0.291,W1
QSO_53.8011447-15.8725257,58134.631708999965,18.86,0.232,W1
QSO_53.8011447-15.8725257,58134.69711699998,18.593,0.21,W1
QSO_53.8011447-15.8725257,58134.762525,18.844,0.255,W1
QSO_53.8011447-15.8725257,58339.96147349996,18.774,0.331,W1
QSO_53.8011447-15.8725257,58340.35381199998,18.832,0.232,W1
QSO_53.8011447-15.8725257,58496.266409,19.07,0.281,W1
QSO_53.8011447-15.8725257,58497.05090349997,18.881,0.241,W1
QSO_53.8011447-15.8725257,58497.0510495,18.757,0.337,W1
QSO_53.8011447-15.8725257,58499.4044235,18.569,0.196,W1
QSO_53.8011447-15.8725257,58499.5350935,19.26,0.357,W1
QSO_53.8011447-15.8725257,58704.46284700003,18.603,0.193,W1
QSO_53.8011447-15.8725257,58704.724332999984,18.832,0.259,W1
QSO_53.8011447-15.8725257,58704.85500299999,18.929,0.263,W1
QSO_53.8011447-15.8725257,58863.304231600014,18.502,0.249,W1
QSO_53.8011447-15.8725257,59068.92295840001,18.821,0.268,W1
QSO_53.8011447-15.8725257,59068.988545600034,18.748,0.226,W1
QSO_53.8011447-15.8725257,59228.003088499965,18.441000000000003,0.162,W1
QSO_53.8011447-15.8725257,59436.02950949999,19.12,0.323,W1
QSO_53.8011447-15.8725257,59436.682677000026,18.502,,W1
QSO_53.8011447-15.8725257,59595.05741800001,18.593,0.176,W1
QSO_53.8011447-15.8725257,59799.85753100003,18.818,0.276,W1
QSO_53.8011447-15.8725257,59800.05309799998,19.006,0.283,W1
QSO_53.8011447-15.8725257,59800.44415899998,18.57,0.247,W1
QSO_53.8011447-15.8725257,59959.38749699997,18.638,0.236,W1
QSO_53.8011447-15.8725257,60166.248034999975,18.604,0.221,W1
QSO_53.8011447-15.8725257,60166.76567799997,18.572,0.209,W1
QSO_53.8011447-15.8725257,60322.70539720002,18.879,0.251,W1
QSO_53.8011447-15.8725257,60322.96404939998,19.221,0.342,W1
QSO_53.8011447-15.8725257,55227.642626000015,18.513,0.341,W2
QSO_53.8011447-15.8725257,55228.03927149996,18.536,,W2
QSO_53.8011447-15.8725257,55228.10540949998,18.656,,W2
QSO_53.8011447-15.8725257,55228.17147450002,18.567,,W2
QSO_53.8011447-15.8725257,55228.171584000025,18.783,,W2
QSO_53.8011447-15.8725257,55228.23764899998,18.586,,W2
QSO_53.8011447-15.8725257,55228.30382350003,18.633,,W2
QSO_53.8011447-15.8725257,55228.36985200004,18.171,,W2
QSO_53.8011447-15.8725257,55228.4360265,18.486,,W2
QSO_53.8011447-15.8725257,55228.50220099996,19.095,,W2
QSO_53.8011447-15.8725257,55228.63440400002,18.43,,W2
QSO_53.8011447-15.8725257,55417.48857950003,18.575,,W2
QSO_53.8011447-15.8725257,55417.620673,18.343,,W2
QSO_53.8011447-15.8725257,55417.62081900003,18.642,,W2
QSO_53.8011447-15.8725257,55417.75287599997,18.265,,W2
QSO_53.8011447-15.8725257,55417.88511549997,18.418,,W2
QSO_53.8011447-15.8725257,55417.95129000002,18.679,,W2
QSO_53.8011447-15.8725257,55418.01731850003,18.403,,W2
QSO_53.8011447-15.8725257,55418.08349299999,18.419,,W2
QSO_53.8011447-15.8725257,55418.281761000006,18.895,,W2
QSO_53.8011447-15.8725257,55418.347935499965,18.754,0.449,W2
QSO_53.8011447-15.8725257,55418.47999249999,18.738,,W2
QSO_53.8011447-15.8725257,55418.480138500025,18.357,,W2
QSO_53.8011447-15.8725257,55418.61223199999,18.307,,W2
QSO_53.8011447-15.8725257,55591.98617350004,18.926,0.512,W2
QSO_53.8011447-15.8725257,55592.38256350003,18.43,,W2
QSO_53.8011447-15.8725257,55592.38267300004,18.494,,W2
QSO_53.8011447-15.8725257,55592.84523749999,18.413,,W2
QSO_53.8011447-15.8725257,55592.97733099996,18.637,,W2
QSO_53.8011447-15.8725257,56690.39688899996,17.925,,W2
QSO_53.8011447-15.8725257,56879.99884000003,18.264,,W2
QSO_53.8011447-15.8725257,56880.45899549998,18.389,0.425,W2
QSO_53.8011447-15.8725257,56880.7220145,18.945,,W2
QSO_53.8011447-15.8725257,57244.51364095004,18.766,,W2
QSO_53.8011447-15.8725257,57245.300288975006,18.654,,W2
QSO_53.8011447-15.8725257,57412.70386618119,18.227,,W2
QSO_53.8011447-15.8725257,57413.032460991606,18.244,,W2
QSO_53.8011447-15.8725257,57608.622830576765,18.67,,W2
QSO_53.8011447-15.8725257,57609.47634260376,18.487,0.391,W2
QSO_53.8011447-15.8725257,57609.60762680795,18.758,0.519,W2
QSO_53.8011447-15.8725257,57775.30796999998,18.392,,W2
QSO_53.8011447-15.8725257,57775.569748,18.451,,W2
QSO_53.8011447-15.8725257,57775.83148949999,18.315,,W2
QSO_53.8011447-15.8725257,57775.897043500045,18.307,0.539,W2
QSO_53.8011447-15.8725257,57775.96245149997,18.221,,W2
QSO_53.8011447-15.8725257,57776.42052650002,18.298,,W2
QSO_53.8011447-15.8725257,57973.026316500014,18.45,,W2
QSO_53.8011447-15.8725257,57973.61524400004,18.265,0.315,W2
QSO_53.8011447-15.8725257,57973.87687600002,18.751,,W2
QSO_53.8011447-15.8725257,57974.00769199998,17.934,,W2
QSO_53.8011447-15.8725257,57974.138617500015,18.22,,W2
QSO_53.8011447-15.8725257,58134.50089300001,18.27,0.36,W2
QSO_53.8011447-15.8725257,58134.631708999965,18.293,0.425,W2
QSO_53.8011447-15.8725257,58134.69711699998,18.273,,W2
QSO_53.8011447-15.8725257,58134.762525,18.418,,W2
QSO_53.8011447-15.8725257,58339.96147349996,18.09,,W2
QSO_53.8011447-15.8725257,58340.35381199998,17.66,0.225,W2
QSO_53.8011447-15.8725257,58496.266409,18.805,,W2
QSO_53.8011447-15.8725257,58497.05090349997,18.309,,W2
QSO_53.8011447-15.8725257,58497.0510495,18.754,,W2
QSO_53.8011447-15.8725257,58499.4044235,18.414,,W2
QSO_53.8011447-15.8725257,58499.5350935,17.886,,W2
QSO_53.8011447-15.8725257,58704.46284700003,18.015,,W2
QSO_53.8011447-15.8725257,58704.724332999984,18.659,,W2
QSO_53.8011447-15.8725257,58704.85500299999,18.713,,W2
QSO_53.8011447-15.8725257,58863.304231600014,18.751,0.448,W2
QSO_53.8011447-15.8725257,59068.92295840001,18.713,0.53,W2
QSO_53.8011447-15.8725257,59068.988545600034,18.738,0.534,W2
QSO_53.8011447-15.8725257,59228.003088499965,18.437,,W2
QSO_53.8011447-15.8725257,59436.02950949999,18.322,,W2
QSO_53.8011447-15.8725257,59436.682677000026,18.33,,W2
QSO_53.8011447-15.8725257,59595.05741800001,18.577,,W2
QSO_53.8011447-15.8725257,59799.85753100003,18.342,,W2
QSO_53.8011447-15.8725257,59800.05309799998,18.407,,W2
QSO_53.8011447-15.8725257,59800.44415899998,18.113,,W2
QSO_53.8011447-15.8725257,59959.38749699997,18.095,,W2
QSO_53.8011447-15.8725257,60166.248034999975,18.33,,W2
QSO_53.8011447-15.8725257,60166.76567799997,18.551,,W2
QSO_53.8011447-15.8725257,60322.70539720002,18.931,,W2
QSO_53.8011447-15.8725257,60322.96404939998,17.955,0.299,W2
QSO_53.8687771-15.9482201,55228.03927149996,18.919,0.241,W1
QSO_53.8687771-15.9482201,55228.10540949998,18.57,0.18,W1
QSO_53.8687771-15.9482201,55228.17147450002,19.133000000000003,0.292,W1
QSO_53.8687771-15.9482201,55228.23764899998,19.102,0.288,W1
QSO_53.8687771-15.9482201,55228.30382350003,19.072000000000003,0.318,W1
QSO_53.8687771-15.9482201,55228.36985200004,18.436,0.165,W1
QSO_53.8687771-15.9482201,55228.4360265,18.781,0.256,W1
QSO_53.8687771-15.9482201,55228.50205500001,18.789,0.222,W1
QSO_53.8687771-15.9482201,55228.63440400002,18.958,0.262,W1
QSO_53.8687771-15.9482201,55417.48857950003,19.088,0.404,W1
QSO_53.8687771-15.9482201,55417.62081900003,19.266,0.353,W1
QSO_53.8687771-15.9482201,55417.75287599997,18.717,0.211,W1
QSO_53.8687771-15.9482201,55417.753022,18.702,0.214,W1
QSO_53.8687771-15.9482201,55417.88511549997,18.65,0.242,W1
QSO_53.8687771-15.9482201,55417.885224999976,19.592,0.464,W1
QSO_53.8687771-15.9482201,55417.95129000002,18.467,0.177,W1
QSO_53.8687771-15.9482201,55418.01731850003,19.066000000000003,0.29,W1
QSO_53.8687771-15.9482201,55418.08349299999,18.704,0.211,W1
QSO_53.8687771-15.9482201,55418.281761000006,19.331000000000003,0.342,W1
QSO_53.8687771-15.9482201,55418.347935499965,18.972,0.267,W1
QSO_53.8687771-15.9482201,55418.480138500025,18.564,0.232,W1
QSO_53.8687771-15.9482201,55418.6123415,18.76,0.222,W1
QSO_53.8687771-15.9482201,55418.74443499997,18.712000000000003,0.207,W1
QSO_53.8687771-15.9482201,55418.74454449997,18.513,0.168,W1
QSO_53.8687771-15.9482201,55592.38256350003,19.273000000000003,0.35,W1
QSO_53.8687771-15.9482201,55592.84523749999,19.056,0.315,W1
QSO_53.8687771-15.9482201,55592.97733099996,18.86,,W1
QSO_53.8687771-15.9482201,56690.199387499975,18.61,0.221,W1
QSO_53.8687771-15.9482201,56690.33097000004,19.187,0.331,W1
QSO_53.8687771-15.9482201,56690.39688899996,18.487,,W1
QSO_53.8687771-15.9482201,56690.46266200002,18.676,0.214,W1
QSO_53.8687771-15.9482201,56690.6601635,18.478,0.178,W1
QSO_53.8687771-15.9482201,57245.16921747087,18.564,0.298,W1
QSO_53.8687771-15.9482201,57412.70386618119,19.117,,W1
QSO_53.8687771-15.9482201,57413.03231459157,18.413,0.165,W1
QSO_53.8687771-15.9482201,57413.032460991606,18.507,0.177,W1
QSO_53.8687771-15.9482201,57413.09804819369,18.91,0.384,W1
QSO_53.8687771-15.9482201,57608.62294037677,18.922,0.507,W1
QSO_53.8687771-15.9482201,57608.75411478095,18.684,0.208,W1
QSO_53.8687771-15.9482201,57608.75422458096,18.838,0.377,W1
QSO_53.8687771-15.9482201,57608.88539898506,18.699,0.238,W1
QSO_53.8687771-15.9482201,57609.082416791294,19.233,0.4,W1
QSO_53.8687771-15.9482201,57609.14800399339,18.744,0.284,W1
QSO_53.8687771-15.9482201,57609.21373759551,18.772,0.248,W1
QSO_53.8687771-15.9482201,57609.8702318162,19.304,0.394,W1
QSO_53.8687771-15.9482201,57775.43878600001,18.978,0.315,W1
QSO_53.8687771-15.9482201,57775.569748,19.093,0.302,W1
QSO_53.8687771-15.9482201,57775.70056400004,18.478,0.206,W1
QSO_53.8687771-15.9482201,57775.70067350004,18.753,0.212,W1
QSO_53.8687771-15.9482201,57775.83148949999,19.511000000000003,0.434,W1
QSO_53.8687771-15.9482201,57775.89689750001,19.168,0.368,W1
QSO_53.8687771-15.9482201,57775.96245149997,18.278,0.155,W1
QSO_53.8687771-15.9482201,57776.02782299997,18.369,0.156,W1
QSO_53.8687771-15.9482201,57776.28971049999,18.338,0.157,W1
QSO_53.8687771-15.9482201,57776.42052650002,18.998,0.363,W1
QSO_53.8687771-15.9482201,57776.55148850001,18.745,0.213,W1
QSO_53.8687771-15.9482201,57973.026316500014,18.464,0.176,W1
QSO_53.8687771-15.9482201,57973.28809450003,18.776000000000003,0.237,W1
QSO_53.8687771-15.9482201,57973.68065199997,18.516,0.208,W1
QSO_53.8687771-15.9482201,57973.87687600002,19.382,0.498,W1
QSO_53.8687771-15.9482201,57974.00780149998,18.473,0.232,W1
QSO_53.8687771-15.9482201,57974.138617500015,18.378,0.162,W1
QSO_53.8687771-15.9482201,57980.15819750001,18.582,0.18,W1
QSO_53.8687771-15.9482201,58134.23926100002,18.684,0.202,W1
QSO_53.8687771-15.9482201,58134.37007699998,18.667,0.222,W1
QSO_53.8687771-15.9482201,58134.50089300001,18.581,0.19,W1
QSO_53.8687771-15.9482201,58134.56630100003,18.763,0.215,W1
QSO_53.8687771-15.9482201,58134.762525,18.654,0.196,W1
QSO_53.8687771-15.9482201,58135.220344500005,18.566000000000003,0.194,W1
QSO_53.8687771-15.9482201,58135.22049050004,19.449,0.438,W1
QSO_53.8687771-15.9482201,58339.83065750001,18.467,0.189,W1
QSO_53.8687771-15.9482201,58339.96147349996,19.14,0.341,W1
QSO_53.8687771-15.9482201,58340.41922,18.72,0.236,W1
QSO_53.8687771-15.9482201,58340.55003600004,19.328000000000003,0.451,W1
QSO_53.8687771-15.9482201,58340.61529800002,18.874,0.254,W1
QSO_53.8687771-15.9482201,58340.61540750002,19.237,0.353,W1
QSO_53.8687771-15.9482201,58340.68070600004,18.561,0.222,W1
QSO_53.8687771-15.9482201,58340.68081550004,18.841,0.235,W1
QSO_53.8687771-15.9482201,58340.81152199999,18.459,0.211,W1
QSO_53.8687771-15.9482201,58496.397115500025,19.122,0.295,W1
QSO_53.8687771-15.9482201,58496.52789500003,18.603,0.223,W1
QSO_53.8687771-15.9482201,58496.78941750001,18.236,0.154,W1
QSO_53.8687771-15.9482201,58496.98564149998,18.244,0.145,W1
QSO_53.8687771-15.9482201,58497.05090349997,19.001,0.267,W1
QSO_53.8687771-15.9482201,58499.27360749997,19.144,0.363,W1
QSO_53.8687771-15.9482201,58499.4044235,18.761000000000003,,W1
QSO_53.8687771-15.9482201,58499.5350935,18.676,0.26,W1
QSO_53.8687771-15.9482201,58499.79672549999,18.553,0.207,W1
QSO_53.8687771-15.9482201,58500.254326,18.254,0.196,W1
QSO_53.8687771-15.9482201,58704.397439000015,18.897,0.336,W1
QSO_53.8687771-15.9482201,58704.46284700003,18.832,0.243,W1
QSO_53.8687771-15.9482201,58704.724332999984,19.21,0.344,W1
QSO_53.8687771-15.9482201,58704.85500299999,18.567,0.206,W1
QSO_53.8687771-15.9482201,58863.17316699998,18.518,0.248,W1
QSO_53.8687771-15.9482201,58863.304231600014,18.567,0.199,W1
QSO_53.8687771-15.9482201,58863.56643399997,18.713,0.223,W1
QSO_53.8687771-15.9482201,58863.6974986,18.333,0.149,W1
QSO_53.8687771-15.9482201,58863.76308580001,18.619,0.202,W1
QSO_53.8687771-15.9482201,58863.8285266,18.955,0.256,W1
QSO_53.8687771-15.9482201,58864.02514180002,18.626,0.19,W1
QSO_53.8687771-15.9482201,58864.156316199966,19.094,0.328,W1
QSO_53.8687771-15.9482201,59068.26774520004,18.768,0.234,W1
QSO_53.8687771-15.9482201,59068.52980120004,19.169,0.348,W1
QSO_53.8687771-15.9482201,59068.726453,18.473,0.184,W1
QSO_53.8687771-15.9482201,59068.79189379999,18.986,0.315,W1
QSO_53.8687771-15.9482201,59068.85748100001,18.493,0.196,W1
QSO_53.8687771-15.9482201,59068.92306820002,18.666,0.234,W1
QSO_53.8687771-15.9482201,59068.988545600034,18.703000000000003,0.241,W1
QSO_53.8687771-15.9482201,59069.05413279997,19.202,0.325,W1
QSO_53.8687771-15.9482201,59228.003088499965,18.538,0.192,W1
QSO_53.8687771-15.9482201,59228.32972699998,19.009,0.262,W1
QSO_53.8687771-15.9482201,59228.46043350001,18.306,0.149,W1
QSO_53.8687771-15.9482201,59228.5256955,18.721,0.234,W1
QSO_53.8687771-15.9482201,59228.59110350002,18.626,0.264,W1
QSO_53.8687771-15.9482201,59436.02961899999,18.375,0.19,W1
QSO_53.8687771-15.9482201,59436.2908495,18.518,0.26,W1
QSO_53.8687771-15.9482201,59436.42141,18.708,0.34,W1
QSO_53.8687771-15.9482201,59436.682677000026,18.966,0.397,W1
QSO_53.8687771-15.9482201,59595.05741800001,18.523,0.194,W1
QSO_53.8687771-15.9482201,59595.38383750002,18.493,0.193,W1
QSO_53.8687771-15.9482201,59595.57966,18.774,0.226,W1
QSO_53.8687771-15.9482201,59595.77548249999,18.626,0.198,W1
QSO_53.8687771-15.9482201,59800.05309799998,19.3,0.382,W1
QSO_53.8687771-15.9482201,59800.11825049996,18.609,0.21,W1
QSO_53.8687771-15.9482201,59800.18354899997,18.765,0.226,W1
QSO_53.8687771-15.9482201,59800.44415899998,19.192,,W1
QSO_53.8687771-15.9482201,59958.801891,18.612,0.213,W1
QSO_53.8687771-15.9482201,59959.06213599997,18.381,0.201,W1
QSO_53.8687771-15.9482201,59959.06224549997,19.108,0.331,W1
QSO_53.8687771-15.9482201,59959.19229499998,18.888,0.265,W1
QSO_53.8687771-15.9482201,59959.45254000003,18.468,0.17,W1
QSO_53.8687771-15.9482201,59959.517692500005,18.668,0.238,W1
QSO_53.8687771-15.9482201,59959.58269900004,18.711,0.211,W1
QSO_53.8687771-15.9482201,60163.26806550003,19.429,0.48,W1
QSO_53.8687771-15.9482201,60163.39760399996,18.964,0.305,W1
QSO_53.8687771-15.9482201,60163.72146850002,18.759,0.253,W1
QSO_53.8687771-15.9482201,60166.3775735,18.647,0.213,W1
QSO_53.8687771-15.9482201,60166.636650500026,18.615,0.219,W1
QSO_53.8687771-15.9482201,60166.70143799997,19.005000000000003,0.295,W1
QSO_53.8687771-15.9482201,60166.765824,18.578,0.214,W1
QSO_53.8687771-15.9482201,60166.83097649999,18.528,0.196,W1
QSO_53.8687771-15.9482201,60166.83108599999,18.858,0.246,W1
QSO_53.8687771-15.9482201,60167.34913049997,18.421,0.229,W1
QSO_53.8687771-15.9482201,60167.47866899999,18.555,0.22,W1
QSO_53.8687771-15.9482201,60322.83466839996,18.792,0.262,W1
QSO_53.8687771-15.9482201,60322.96404939998,19.167,0.316,W1
QSO_53.8687771-15.9482201,60323.15799279997,18.924,0.249,W1
QSO_53.8687771-15.9482201,60323.2225552,18.529,0.185,W1
QSO_53.8687771-15.9482201,60323.28726399999,18.365,0.165,W1
QSO_53.8687771-15.9482201,60323.67504100003,18.804,0.244,W1
QSO_53.8687771-15.9482201,55228.03927149996,18.475,,W2
QSO_53.8687771-15.9482201,55228.10540949998,18.104,,W2
QSO_53.8687771-15.9482201,55228.17147450002,18.452,0.319,W2
QSO_53.8687771-15.9482201,55228.23764899998,18.145,0.274,W2
QSO_53.8687771-15.9482201,55228.30382350003,18.265,,W2
QSO_53.8687771-15.9482201,55228.36985200004,18.312,0.275,W2
QSO_53.8687771-15.9482201,55228.4360265,18.196,0.258,W2
QSO_53.8687771-15.9482201,55228.50205500001,18.906,0.441,W2
QSO_53.8687771-15.9482201,55228.63440400002,18.423,0.324,W2
QSO_53.8687771-15.9482201,55417.48857950003,18.323,0.286,W2
QSO_53.8687771-15.9482201,55417.62081900003,18.355,0.284,W2
QSO_53.8687771-15.9482201,55417.75287599997,18.62,0.369,W2
QSO_53.8687771-15.9482201,55417.753022,18.518,0.364,W2
QSO_53.8687771-15.9482201,55417.88511549997,18.214,0.261,W2
QSO_53.8687771-15.9482201,55417.885224999976,18.412,0.3,W2
QSO_53.8687771-15.9482201,55417.95129000002,18.475,0.402,W2
QSO_53.8687771-15.9482201,55418.01731850003,18.643,0.383,W2
QSO_53.8687771-15.9482201,55418.08349299999,18.436,,W2
QSO_53.8687771-15.9482201,55418.281761000006,18.383,0.294,W2
QSO_53.8687771-15.9482201,55418.347935499965,18.285,0.31,W2
QSO_53.8687771-15.9482201,55418.480138500025,18.22,0.305,W2
QSO_53.8687771-15.9482201,55418.6123415,18.78,0.439,W2
QSO_53.8687771-15.9482201,55418.74443499997,18.06,0.219,W2
QSO_53.8687771-15.9482201,55418.74454449997,17.87,0.188,W2
QSO_53.8687771-15.9482201,55592.38256350003,18.115,0.262,W2
QSO_53.8687771-15.9482201,55592.84523749999,17.947,0.207,W2
QSO_53.8687771-15.9482201,55592.97733099996,18.542,0.371,W2
QSO_53.8687771-15.9482201,56690.199387499975,18.165,0.289,W2
QSO_53.8687771-15.9482201,56690.33097000004,18.69,0.467,W2
QSO_53.8687771-15.9482201,56690.39688899996,18.698,0.525,W2
QSO_53.8687771-15.9482201,56690.46266200002,18.232,,W2
QSO_53.8687771-15.9482201,56690.6601635,18.193,0.375,W2
QSO_53.8687771-15.9482201,57245.16921747087,18.256,0.435,W2
QSO_53.8687771-15.9482201,57412.70386618119,17.993,0.281,W2
QSO_53.8687771-15.9482201,57413.03231459157,18.154,0.273,W2
QSO_53.8687771-15.9482201,57413.032460991606,18.843,,W2
QSO_53.8687771-15.9482201,57413.09804819369,18.71,0.502,W2
QSO_53.8687771-15.9482201,57608.62294037677,18.703,,W2
QSO_53.8687771-15.9482201,57608.75411478095,18.324,0.306,W2
QSO_53.8687771-15.9482201,57608.75422458096,18.04,0.335,W2
QSO_53.8687771-15.9482201,57608.88539898506,18.568,0.54,W2
QSO_53.8687771-15.9482201,57609.082416791294,18.572,0.402,W2
QSO_53.8687771-15.9482201,57609.14800399339,18.262,0.363,W2
QSO_53.8687771-15.9482201,57609.21373759551,18.469,0.42,W2
QSO_53.8687771-15.9482201,57609.8702318162,17.508,,W2
QSO_53.8687771-15.9482201,57775.43878600001,18.279,0.322,W2
QSO_53.8687771-15.9482201,57775.569748,17.817,0.29,W2
QSO_53.8687771-15.9482201,57775.70056400004,18.228,,W2
QSO_53.8687771-15.9482201,57775.70067350004,18.497,0.353,W2
QSO_53.8687771-15.9482201,57775.83148949999,18.511,0.417,W2
QSO_53.8687771-15.9482201,57775.89689750001,18.044,,W2
QSO_53.8687771-15.9482201,57775.96245149997,18.111,,W2
QSO_53.8687771-15.9482201,57776.02782299997,18.703,0.494,W2
QSO_53.8687771-15.9482201,57776.28971049999,18.744,0.535,W2
QSO_53.8687771-15.9482201,57776.42052650002,18.473,0.369,W2
QSO_53.8687771-15.9482201,57776.55148850001,18.781,0.464,W2
QSO_53.8687771-15.9482201,57973.026316500014,18.191,,W2
QSO_53.8687771-15.9482201,57973.28809450003,18.86,0.525,W2
QSO_53.8687771-15.9482201,57973.68065199997,18.297,0.366,W2
QSO_53.8687771-15.9482201,57973.87687600002,18.167,0.347,W2
QSO_53.8687771-15.9482201,57974.00780149998,17.627,,W2
QSO_53.8687771-15.9482201,57974.138617500015,17.768,0.374,W2
QSO_53.8687771-15.9482201,57980.15819750001,17.869,0.289,W2
QSO_53.8687771-15.9482201,58134.23926100002,18.328,0.414,W2
QSO_53.8687771-15.9482201,58134.37007699998,18.353,0.516,W2
QSO_53.8687771-15.9482201,58134.50089300001,18.524,0.362,W2
QSO_53.8687771-15.9482201,58134.56630100003,18.687,0.444,W2
QSO_53.8687771-15.9482201,58134.762525,18.595,0.399,W2
QSO_53.8687771-15.9482201,58135.220344500005,18.564,0.404,W2
QSO_53.8687771-15.9482201,58135.22049050004,18.264,0.307,W2
QSO_53.8687771-15.9482201,58339.83065750001,18.042,,W2
QSO_53.8687771-15.9482201,58339.96147349996,18.168,0.367,W2
QSO_53.8687771-15.9482201,58340.41922,18.239,0.351,W2
QSO_53.8687771-15.9482201,58340.55003600004,17.473,0.342,W2
QSO_53.8687771-15.9482201,58340.61529800002,18.301,0.356,W2
QSO_53.8687771-15.9482201,58340.61540750002,18.139,,W2
QSO_53.8687771-15.9482201,58340.68070600004,18.203,0.302,W2
QSO_53.8687771-15.9482201,58340.68081550004,18.239,,W2
QSO_53.8687771-15.9482201,58340.81152199999,17.842,0.283,W2
QSO_53.8687771-15.9482201,58496.397115500025,17.469,0.279,W2
QSO_53.8687771-15.9482201,58496.52789500003,17.901,,W2
QSO_53.8687771-15.9482201,58496.78941750001,17.551,,W2
QSO_53.8687771-15.9482201,58496.98564149998,18.493,0.404,W2
QSO_53.8687771-15.9482201,58497.05090349997,18.524,0.421,W2
QSO_53.8687771-15.9482201,58499.27360749997,18.123,0.528,W2
QSO_53.8687771-15.9482201,58499.4044235,18.359,,W2
QSO_53.8687771-15.9482201,58499.5350935,17.988,0.354,W2
QSO_53.8687771-15.9482201,58499.79672549999,17.846,0.407,W2
QSO_53.8687771-15.9482201,58500.254326,17.653,0.31,W2
QSO_53.8687771-15.9482201,58704.397439000015,18.511,0.487,W2
QSO_53.8687771-15.9482201,58704.46284700003,18.432,0.437,W2
QSO_53.8687771-15.9482201,58704.724332999984,18.008,0.351,W2
QSO_53.8687771-15.9482201,58704.85500299999,18.24,0.359,W2
QSO_53.8687771-15.9482201,58863.17316699998,18.418,0.362,W2
QSO_53.8687771-15.9482201,58863.304231600014,18.238,,W2
QSO_53.8687771-15.9482201,58863.56643399997,17.811,0.235,W2
QSO_53.8687771-15.9482201,58863.6974986,18.372,0.349,W2
QSO_53.8687771-15.9482201,58863.76308580001,18.466,0.481,W2
QSO_53.8687771-15.9482201,58863.8285266,18.158,0.25,W2
QSO_53.8687771-15.9482201,58864.02514180002,18.259,0.376,W2
QSO_53.8687771-15.9482201,58864.156316199966,18.531,0.37,W2
QSO_53.8687771-15.9482201,59068.26774520004,17.875,0.271,W2
QSO_53.8687771-15.9482201,59068.52980120004,18.193,0.467,W2
QSO_53.8687771-15.9482201,59068.726453,18.146,0.424,W2
QSO_53.8687771-15.9482201,59068.79189379999,17.804,,W2
QSO_53.8687771-15.9482201,59068.85748100001,17.822,0.316,W2
QSO_53.8687771-15.9482201,59068.92306820002,18.051,0.338,W2
QSO_53.8687771-15.9482201,59068.988545600034,17.58,0.257,W2
QSO_53.8687771-15.9482201,59069.05413279997,17.766,,W2
QSO_53.8687771-15.9482201,59228.003088499965,18.851,0.499,W2
QSO_53.8687771-15.9482201,59228.32972699998,18.502,0.357,W2
QSO_53.8687771-15.9482201,59228.46043350001,18.395,0.339,W2
QSO_53.8687771-15.9482201,59228.5256955,18.461,0.368,W2
QSO_53.8687771-15.9482201,59228.59110350002,18.418,0.448,W2
QSO_53.8687771-15.9482201,59436.02961899999,18.262,0.326,W2
QSO_53.8687771-15.9482201,59436.2908495,17.936,0.244,W2
QSO_53.8687771-15.9482201,59436.42141,18.078,,W2
QSO_53.8687771-15.9482201,59436.682677000026,18.201,0.461,W2
QSO_53.8687771-15.9482201,59595.05741800001,18.221,0.318,W2
QSO_53.8687771-15.9482201,59595.38383750002,17.723,0.238,W2
QSO_53.8687771-15.9482201,59595.57966,18.629,0.489,W2
QSO_53.8687771-15.9482201,59595.77548249999,18.313,0.401,W2
QSO_53.8687771-15.9482201,59800.05309799998,17.828,0.314,W2
QSO_53.8687771-15.9482201,59800.11825049996,17.671,,W2
QSO_53.8687771-15.9482201,59800.18354899997,18.356,,W2
QSO_53.8687771-15.9482201,59800.44415899998,17.576,0.197,W2
QSO_53.8687771-15.9482201,59958.801891,17.913,0.225,W2
QSO_53.8687771-15.9482201,59959.06213599997,18.242,0.371,W2
QSO_53.8687771-15.9482201,59959.06224549997,18.201,,W2
QSO_53.8687771-15.9482201,59959.19229499998,18.353,,W2
QSO_53.8687771-15.9482201,59959.45254000003,18.656,0.43,W2
QSO_53.8687771-15.9482201,59959.517692500005,17.910999999999998,0.365,W2
QSO_53.8687771-15.9482201,59959.58269900004,18.567,0.443,W2
QSO_53.8687771-15.9482201,60163.26806550003,18.163,0.364,W2
QSO_53.8687771-15.9482201,60163.39760399996,17.918,0.395,W2
QSO_53.8687771-15.9482201,60163.72146850002,18.156,0.504,W2
QSO_53.8687771-15.9482201,60166.3775735,18.379,0.351,W2
QSO_53.8687771-15.9482201,60166.636650500026,18.525,0.517,W2
QSO_53.8687771-15.9482201,60166.70143799997,18.263,,W2
QSO_53.8687771-15.9482201,60166.765824,18.058,0.312,W2
QSO_53.8687771-15.9482201,60166.83097649999,18.712,0.532,W2
QSO_53.8687771-15.9482201,60166.83108599999,18.094,0.305,W2
QSO_53.8687771-15.9482201,60167.34913049997,17.852999999999998,0.286,W2
QSO_53.8687771-15.9482201,60167.47866899999,17.749,0.257,W2
QSO_53.8687771-15.9482201,60322.83466839996,18.075,,W2
QSO_53.8687771-15.9482201,60322.96404939998,18.334,,W2
QSO_53.8687771-15.9482201,60323.15799279997,18.647,0.44,W2
QSO_53.8687771-15.9482201,60323.2225552,18.358,0.397,W2
QSO_53.8687771-15.9482201,60323.28726399999,17.599,0.252,W2
QSO_53.8687771-15.9482201,60323.67504100003,18.564,,W2
QSO_53.9818855-15.6394295,55228.03927149996,18.557,0.202,W1
QSO_53.9818855-15.6394295,55228.03927149996,18.659,0.219,W1
QSO_53.9818855-15.6394295,55228.039380999966,19.307,0.339,W1
QSO_53.9818855-15.6394295,55228.039380999966,18.746,0.202,W1
QSO_53.9818855-15.6394295,55228.171584000025,18.64,0.196,W1
QSO_53.9818855-15.6394295,55228.171584000025,19.114,0.304,W1
QSO_53.9818855-15.6394295,55228.30382350003,19.662,,W1
QSO_53.9818855-15.6394295,55228.30382350003,19.168,,W1
QSO_53.9818855-15.6394295,55228.36999799999,19.005000000000003,0.296,W1
QSO_53.9818855-15.6394295,55228.36999799999,18.975,0.289,W1
QSO_53.9818855-15.6394295,55228.4360265,18.35,0.167,W1
QSO_53.9818855-15.6394295,55228.4360265,18.532,0.198,W1
QSO_53.9818855-15.6394295,55228.50220099996,18.835,0.217,W1
QSO_53.9818855-15.6394295,55228.50220099996,18.835,0.223,W1
QSO_53.9818855-15.6394295,55228.56822949997,19.263,0.332,W1
QSO_53.9818855-15.6394295,55228.56822949997,18.553,0.172,W1
QSO_53.9818855-15.6394295,55228.56837550001,18.807,0.21,W1
QSO_53.9818855-15.6394295,55228.56837550001,18.806,0.224,W1
QSO_53.9818855-15.6394295,55228.63440400002,18.566000000000003,0.188,W1
QSO_53.9818855-15.6394295,55228.63440400002,18.566000000000003,0.187,W1
QSO_53.9818855-15.6394295,55228.70057849998,19.166,0.353,W1
QSO_53.9818855-15.6394295,55228.70057849998,19.174,0.356,W1
QSO_53.9818855-15.6394295,55229.0311955,19.096,0.283,W1
QSO_53.9818855-15.6394295,55229.0311955,19.123,0.29,W1
QSO_53.9818855-15.6394295,55417.75287599997,18.958,0.256,W1
QSO_53.9818855-15.6394295,55417.75287599997,18.752,0.211,W1
QSO_53.9818855-15.6394295,55417.88511549997,19.595,0.471,W1
QSO_53.9818855-15.6394295,55417.88511549997,19.576,0.468,W1
QSO_53.9818855-15.6394295,55418.01731850003,19.135,0.308,W1
QSO_53.9818855-15.6394295,55418.01731850003,19.149,0.311,W1
QSO_53.9818855-15.6394295,55418.281761000006,19.555,,W1
QSO_53.9818855-15.6394295,55418.281761000006,19.432,0.465,W1
QSO_53.9818855-15.6394295,55418.34778950002,19.222,0.349,W1
QSO_53.9818855-15.6394295,55418.34778950002,19.261000000000003,0.362,W1
QSO_53.9818855-15.6394295,55418.41396399998,18.73,0.205,W1
QSO_53.9818855-15.6394295,55418.41396399998,18.806,0.22,W1
QSO_53.9818855-15.6394295,55418.47999249999,19.068,0.272,W1
QSO_53.9818855-15.6394295,55418.47999249999,19.072000000000003,0.273,W1
QSO_53.9818855-15.6394295,55418.54616700004,19.1,,W1
QSO_53.9818855-15.6394295,55418.54616700004,19.096,,W1
QSO_53.9818855-15.6394295,55418.61223199999,18.769,0.219,W1
QSO_53.9818855-15.6394295,55418.61223199999,19.161,0.309,W1
QSO_53.9818855-15.6394295,55418.74443499997,18.925,0.26,W1
QSO_53.9818855-15.6394295,55418.74443499997,18.929,0.26,W1
QSO_53.9818855-15.6394295,55418.87663800002,19.317,0.382,W1
QSO_53.9818855-15.6394295,55418.87663800002,19.296,0.374,W1
QSO_53.9818855-15.6394295,55592.38267300004,18.417,0.166,W1
QSO_53.9818855-15.6394295,55592.38267300004,18.333,0.153,W1
QSO_53.9818855-15.6394295,55592.77920899998,18.774,0.231,W1
QSO_53.9818855-15.6394295,55592.77920899998,18.725,0.221,W1
QSO_53.9818855-15.6394295,55592.84523749999,18.576,0.248,W1
QSO_53.9818855-15.6394295,55592.84523749999,18.832,0.313,W1
QSO_53.9818855-15.6394295,55592.97744049996,18.959000000000003,0.26,W1
QSO_53.9818855-15.6394295,55592.97744049996,19.397,,W1
QSO_53.9818855-15.6394295,55593.10953400002,19.618,0.495,W1
QSO_53.9818855-15.6394295,55593.10953400002,19.609,0.493,W1
QSO_53.9818855-15.6394295,56690.199387499975,18.932,0.309,W1
QSO_53.9818855-15.6394295,56690.52858100003,18.581,0.214,W1
QSO_53.9818855-15.6394295,56690.59439050003,18.942,0.286,W1
QSO_53.9818855-15.6394295,56690.6601635,18.216,0.19,W1
QSO_53.9818855-15.6394295,56691.05502050003,18.407,0.168,W1
QSO_53.9818855-15.6394295,56695.13648699996,19.007,0.363,W1
QSO_53.9818855-15.6394295,56880.13027649998,18.399,0.18,W1
QSO_53.9818855-15.6394295,56880.45899549998,18.411,0.161,W1
QSO_53.9818855-15.6394295,56880.52476849996,18.965,0.5,W1
QSO_53.9818855-15.6394295,56880.59043200001,18.954,0.365,W1
QSO_53.9818855-15.6394295,56880.984887499966,18.787,0.249,W1
QSO_53.9818855-15.6394295,57053.06906595346,18.58,0.215,W1
QSO_53.9818855-15.6394295,57053.20035645762,18.976,0.278,W1
QSO_53.9818855-15.6394295,57053.397346963866,18.192,0.154,W1
QSO_53.9818855-15.6394295,57244.57915845214,18.938,0.33,W1
QSO_53.9818855-15.6394295,57245.10369996877,19.206000000000003,0.35,W1
QSO_53.9818855-15.6394295,57245.300288975006,18.811,0.252,W1
QSO_53.9818855-15.6394295,57413.09815799371,18.523,0.177,W1
QSO_53.9818855-15.6394295,57413.55803700823,18.55,0.218,W1
QSO_53.9818855-15.6394295,57609.14800399339,19.004,0.31,W1
QSO_53.9818855-15.6394295,57609.47619620381,19.084000000000003,0.313,W1
QSO_53.9818855-15.6394295,57609.60751700794,18.99,0.511,W1
QSO_53.9818855-15.6394295,57609.67321401004,19.459000000000003,0.49,W1
QSO_53.9818855-15.6394295,57775.569748,19.221,0.375,W1
QSO_53.9818855-15.6394295,57775.70067350004,18.985,0.257,W1
QSO_53.9818855-15.6394295,57775.83163550002,18.822000000000003,0.23,W1
QSO_53.9818855-15.6394295,57775.96245149997,18.312,0.185,W1
QSO_53.9818855-15.6394295,57776.027969,18.735,0.238,W1
QSO_53.9818855-15.6394295,57776.28971049999,18.445,0.164,W1
QSO_53.9818855-15.6394295,57776.55148850001,18.472,0.173,W1
QSO_53.9818855-15.6394295,57973.28809450003,18.852,0.244,W1
QSO_53.9818855-15.6394295,57973.61513450004,19.186,0.333,W1
QSO_53.9818855-15.6394295,57973.68065199997,18.728,0.218,W1
QSO_53.9818855-15.6394295,57973.87687600002,18.733,0.235,W1
QSO_53.9818855-15.6394295,57974.00769199998,18.255,,W1
QSO_53.9818855-15.6394295,57974.4002495,18.397,0.16,W1
QSO_53.9818855-15.6394295,57980.158088,18.507,0.184,W1
QSO_53.9818855-15.6394295,58134.50089300001,18.533,0.188,W1
QSO_53.9818855-15.6394295,58134.7626345,18.456,0.168,W1
QSO_53.9818855-15.6394295,58135.22049050004,19.011000000000003,0.272,W1
QSO_53.9818855-15.6394295,58340.35381199998,18.366,0.224,W1
QSO_53.9818855-15.6394295,58340.48448199999,18.98,0.297,W1
QSO_53.9818855-15.6394295,58340.54989,19.031,0.317,W1
QSO_53.9818855-15.6394295,58340.68070600004,18.628,0.205,W1
QSO_53.9818855-15.6394295,58340.81152199999,18.32,0.164,W1
QSO_53.9818855-15.6394295,58496.52789500003,18.743,0.206,W1
QSO_53.9818855-15.6394295,58496.78941750001,19.228,0.416,W1
QSO_53.9818855-15.6394295,58497.0510495,18.742,0.241,W1
QSO_53.9818855-15.6394295,58497.116457500015,19.173,,W1
QSO_53.9818855-15.6394295,58497.1817195,18.492,0.179,W1
QSO_53.9818855-15.6394295,58499.4044235,18.701,0.243,W1
QSO_53.9818855-15.6394295,58499.79672549999,18.185,0.144,W1
QSO_53.9818855-15.6394295,58500.12365599999,18.836,0.266,W1
QSO_53.9818855-15.6394295,58500.38514200003,19.234,0.416,W1
QSO_53.9818855-15.6394295,58500.51595799998,18.774,0.278,W1
QSO_53.9818855-15.6394295,58704.397439000015,18.998,0.311,W1
QSO_53.9818855-15.6394295,58704.46284700003,18.293,0.44,W1
QSO_53.9818855-15.6394295,58704.65892499997,18.521,0.2,W1
QSO_53.9818855-15.6394295,58704.85500299999,18.438,0.183,W1
QSO_53.9818855-15.6394295,58863.56643399997,18.428,0.236,W1
QSO_53.9818855-15.6394295,58863.63202119999,18.995,0.295,W1
QSO_53.9818855-15.6394295,58863.76308580001,18.996,0.256,W1
QSO_53.9818855-15.6394295,58863.95970100003,18.772,0.243,W1
QSO_53.9818855-15.6394295,58864.2873808,18.715,0.208,W1
QSO_53.9818855-15.6394295,59068.79189379999,19.595,0.515,W1
QSO_53.9818855-15.6394295,59068.85748100001,18.872,0.383,W1
QSO_53.9818855-15.6394295,59068.92295840001,18.573,0.2,W1
QSO_53.9818855-15.6394295,59068.988545600034,19.563,0.477,W1
QSO_53.9818855-15.6394295,59069.11957360004,18.799,0.255,W1
QSO_53.9818855-15.6394295,59069.25063819999,18.604,0.26,W1
QSO_53.9818855-15.6394295,59069.51269419999,18.881,0.426,W1
QSO_53.9818855-15.6394295,59228.264465,18.839,0.246,W1
QSO_53.9818855-15.6394295,59228.91788799998,18.569,0.194,W1
QSO_53.9818855-15.6394295,59436.09477149998,18.723,0.208,W1
QSO_53.9818855-15.6394295,59436.81323750002,18.731,0.231,W1
QSO_53.9818855-15.6394295,59436.94390750003,18.32,0.22,W1
QSO_53.9818855-15.6394295,59595.05741800001,18.639,0.207,W1
QSO_53.9818855-15.6394295,59596.03660349998,18.866,0.237,W1
QSO_53.9818855-15.6394295,59596.167163999984,18.874,0.236,W1
QSO_53.9818855-15.6394295,59799.85753100003,19.233,0.361,W1
QSO_53.9818855-15.6394295,59800.11825049996,18.416,0.167,W1
QSO_53.9818855-15.6394295,59800.44415899998,18.733,0.221,W1
QSO_53.9818855-15.6394295,59800.50931149996,18.738,0.246,W1
QSO_53.9818855-15.6394295,59800.57446400003,18.795,0.297,W1
QSO_53.9818855-15.6394295,59959.58284499999,18.657,0.198,W1
QSO_53.9818855-15.6394295,60163.851007000034,18.584,0.209,W1
QSO_53.9818855-15.6394295,60166.76567799997,18.806,0.252,W1
QSO_53.9818855-15.6394295,60167.154804500016,19.173,0.382,W1
QSO_53.9818855-15.6394295,60167.28434300003,18.916,0.253,W1
QSO_53.9818855-15.6394295,60167.60820750001,18.864,0.304,W1
QSO_53.9818855-15.6394295,60323.2225552,18.718,0.216,W1
QSO_53.9818855-15.6394295,60323.61033219996,18.817,0.237,W1
QSO_53.9818855-15.6394295,55228.03927149996,18.418,,W2
QSO_53.9818855-15.6394295,55228.03927149996,18.408,,W2
QSO_53.9818855-15.6394295,55228.039380999966,18.713,,W2
QSO_53.9818855-15.6394295,55228.039380999966,18.677,,W2
QSO_53.9818855-15.6394295,55228.171584000025,18.167,,W2
QSO_53.9818855-15.6394295,55228.171584000025,18.138,,W2
QSO_53.9818855-15.6394295,55228.30382350003,18.614,,W2
QSO_53.9818855-15.6394295,55228.30382350003,18.63,,W2
QSO_53.9818855-15.6394295,55228.36999799999,18.383,0.31,W2
QSO_53.9818855-15.6394295,55228.36999799999,18.383,0.31,W2
QSO_53.9818855-15.6394295,55228.4360265,18.756,,W2
QSO_53.9818855-15.6394295,55228.4360265,18.715,,W2
QSO_53.9818855-15.6394295,55228.50220099996,18.059,,W2
QSO_53.9818855-15.6394295,55228.50220099996,18.042,,W2
QSO_53.9818855-15.6394295,55228.56822949997,18.775,0.432,W2
QSO_53.9818855-15.6394295,55228.56822949997,18.749,0.421,W2
QSO_53.9818855-15.6394295,55228.56837550001,19.029,0.502,W2
QSO_53.9818855-15.6394295,55228.56837550001,18.285,,W2
QSO_53.9818855-15.6394295,55228.63440400002,18.969,,W2
QSO_53.9818855-15.6394295,55228.63440400002,18.953,,W2
QSO_53.9818855-15.6394295,55228.70057849998,18.289,,W2
QSO_53.9818855-15.6394295,55228.70057849998,18.281,,W2
QSO_53.9818855-15.6394295,55229.0311955,19.065,,W2
QSO_53.9818855-15.6394295,55229.0311955,19.063,,W2
QSO_53.9818855-15.6394295,55417.75287599997,18.909,0.541,W2
QSO_53.9818855-15.6394295,55417.75287599997,18.946,0.529,W2
QSO_53.9818855-15.6394295,55417.88511549997,18.488,,W2
QSO_53.9818855-15.6394295,55417.88511549997,18.391,,W2
QSO_53.9818855-15.6394295,55418.01731850003,18.271,0.315,W2
QSO_53.9818855-15.6394295,55418.01731850003,18.279,0.316,W2
QSO_53.9818855-15.6394295,55418.281761000006,18.865,,W2
QSO_53.9818855-15.6394295,55418.281761000006,18.867,,W2
QSO_53.9818855-15.6394295,55418.34778950002,18.709,0.396,W2
QSO_53.9818855-15.6394295,55418.34778950002,18.681,0.386,W2
QSO_53.9818855-15.6394295,55418.41396399998,18.843,0.433,W2
QSO_53.9818855-15.6394295,55418.41396399998,18.817,0.423,W2
QSO_53.9818855-15.6394295,55418.47999249999,18.806,0.441,W2
QSO_53.9818855-15.6394295,55418.47999249999,18.822,0.448,W2
QSO_53.9818855-15.6394295,55418.54616700004,18.388,,W2
QSO_53.9818855-15.6394295,55418.54616700004,18.41,,W2
QSO_53.9818855-15.6394295,55418.61223199999,18.71,0.468,W2
QSO_53.9818855-15.6394295,55418.61223199999,18.688,0.459,W2
QSO_53.9818855-15.6394295,55418.74443499997,18.447,,W2
QSO_53.9818855-15.6394295,55418.74443499997,18.457,,W2
QSO_53.9818855-15.6394295,55418.87663800002,18.493,,W2
QSO_53.9818855-15.6394295,55418.87663800002,18.462,,W2
QSO_53.9818855-15.6394295,55592.38267300004,18.839,,W2
QSO_53.9818855-15.6394295,55592.38267300004,18.84,,W2
QSO_53.9818855-15.6394295,55592.77920899998,18.75,0.428,W2
QSO_53.9818855-15.6394295,55592.77920899998,18.787,0.443,W2
QSO_53.9818855-15.6394295,55592.84523749999,18.691,,W2
QSO_53.9818855-15.6394295,55592.84523749999,18.713,,W2
QSO_53.9818855-15.6394295,55592.97744049996,18.471,,W2
QSO_53.9818855-15.6394295,55592.97744049996,18.451,,W2
QSO_53.9818855-15.6394295,55593.10953400002,19.008,,W2
QSO_53.9818855-15.6394295,55593.10953400002,19.006,,W2
QSO_53.9818855-15.6394295,56690.199387499975,18.674,0.49,W2
QSO_53.9818855-15.6394295,56690.52858100003,18.355,,W2
QSO_53.9818855-15.6394295,56690.59439050003,18.796,,W2
QSO_53.9818855-15.6394295,56690.6601635,18.27,,W2
QSO_53.9818855-15.6394295,56691.05502050003,18.407,,W2
QSO_53.9818855-15.6394295,56695.13648699996,18.4,,W2
QSO_53.9818855-15.6394295,56880.13027649998,18.335,,W2
QSO_53.9818855-15.6394295,56880.45899549998,18.525,0.542,W2
QSO_53.9818855-15.6394295,56880.52476849996,17.966,,W2
QSO_53.9818855-15.6394295,56880.59043200001,18.242,,W2
QSO_53.9818855-15.6394295,56880.984887499966,18.162,,W2
QSO_53.9818855-15.6394295,57053.06906595346,18.354,,W2
QSO_53.9818855-15.6394295,57053.20035645762,18.294,,W2
QSO_53.9818855-15.6394295,57053.397346963866,18.871,0.514,W2
QSO_53.9818855-15.6394295,57244.57915845214,18.281,,W2
QSO_53.9818855-15.6394295,57245.10369996877,17.788999999999998,,W2
QSO_53.9818855-15.6394295,57245.300288975006,18.16,,W2
QSO_53.9818855-15.6394295,57413.09815799371,18.643,,W2
QSO_53.9818855-15.6394295,57413.55803700823,18.988,,W2
QSO_53.9818855-15.6394295,57609.14800399339,18.282,,W2
QSO_53.9818855-15.6394295,57609.47619620381,18.522,0.454,W2
QSO_53.9818855-15.6394295,57609.60751700794,17.988,,W2
QSO_53.9818855-15.6394295,57609.67321401004,18.504,,W2
QSO_53.9818855-15.6394295,57775.569748,18.797,,W2
QSO_53.9818855-15.6394295,57775.70067350004,18.807,,W2
QSO_53.9818855-15.6394295,57775.83163550002,17.958,,W2
QSO_53.9818855-15.6394295,57775.96245149997,18.631,,W2
QSO_53.9818855-15.6394295,57776.027969,18.373,,W2
QSO_53.9818855-15.6394295,57776.28971049999,18.595,0.444,W2
QSO_53.9818855-15.6394295,57776.55148850001,18.559,,W2
QSO_53.9818855-15.6394295,57973.28809450003,18.115,,W2
QSO_53.9818855-15.6394295,57973.61513450004,18.297,0.38,W2
QSO_53.9818855-15.6394295,57973.68065199997,18.31,0.472,W2
QSO_53.9818855-15.6394295,57973.87687600002,17.703,,W2
QSO_53.9818855-15.6394295,57974.00769199998,17.817999999999998,,W2
QSO_53.9818855-15.6394295,57974.4002495,18.931,,W2
QSO_53.9818855-15.6394295,57980.158088,18.756,,W2
QSO_53.9818855-15.6394295,58134.50089300001,,,W2
QSO_53.9818855-15.6394295,58134.7626345,18.036,,W2
QSO_53.9818855-15.6394295,58135.22049050004,18.387,,W2
QSO_53.9818855-15.6394295,58340.35381199998,18.062,,W2
QSO_53.9818855-15.6394295,58340.48448199999,18.436,,W2
QSO_53.9818855-15.6394295,58340.54989,18.914,,W2
QSO_53.9818855-15.6394295,58340.68070600004,18.71,0.458,W2
QSO_53.9818855-15.6394295,58340.81152199999,18.538,0.44,W2
QSO_53.9818855-15.6394295,58496.52789500003,18.62,,W2
QSO_53.9818855-15.6394295,58496.78941750001,18.124,0.309,W2
QSO_53.9818855-15.6394295,58497.0510495,18.219,,W2
QSO_53.9818855-15.6394295,58497.116457500015,18.269,0.368,W2
QSO_53.9818855-15.6394295,58497.1817195,18.806,,W2
QSO_53.9818855-15.6394295,58499.4044235,17.947,,W2
QSO_53.9818855-15.6394295,58499.79672549999,17.745,,W2
QSO_53.9818855-15.6394295,58500.12365599999,18.296,0.5,W2
QSO_53.9818855-15.6394295,58500.38514200003,18.484,,W2
QSO_53.9818855-15.6394295,58500.51595799998,18.327,,W2
QSO_53.9818855-15.6394295,58704.397439000015,17.634999999999998,,W2
QSO_53.9818855-15.6394295,58704.46284700003,18.801,,W2
QSO_53.9818855-15.6394295,58704.65892499997,18.096,,W2
QSO_53.9818855-15.6394295,58704.85500299999,17.957,,W2
QSO_53.9818855-15.6394295,58863.56643399997,18.454,,W2
QSO_53.9818855-15.6394295,58863.63202119999,18.435,,W2
QSO_53.9818855-15.6394295,58863.76308580001,18.703,,W2
QSO_53.9818855-15.6394295,58863.95970100003,18.126,,W2
QSO_53.9818855-15.6394295,58864.2873808,18.043,,W2
QSO_53.9818855-15.6394295,59068.79189379999,17.325,0.344,W2
QSO_53.9818855-15.6394295,59068.85748100001,18.596,,W2
QSO_53.9818855-15.6394295,59068.92295840001,18.296,,W2
QSO_53.9818855-15.6394295,59068.988545600034,18.253,,W2
QSO_53.9818855-15.6394295,59069.11957360004,17.866,,W2
QSO_53.9818855-15.6394295,59069.25063819999,17.899,,W2
QSO_53.9818855-15.6394295,59069.51269419999,18.305,,W2
QSO_53.9818855-15.6394295,59228.264465,18.484,,W2
QSO_53.9818855-15.6394295,59228.91788799998,18.217,,W2
QSO_53.9818855-15.6394295,59436.09477149998,18.244,,W2
QSO_53.9818855-15.6394295,59436.81323750002,18.092,,W2
QSO_53.9818855-15.6394295,59436.94390750003,17.698999999999998,,W2
QSO_53.9818855-15.6394295,59595.05741800001,18.471,,W2
QSO_53.9818855-15.6394295,59596.03660349998,18.577,0.503,W2
QSO_53.9818855-15.6394295,59596.167163999984,19.027,,W2
QSO_53.9818855-15.6394295,59799.85753100003,18.077,,W2
QSO_53.9818855-15.6394295,59800.11825049996,18.22,0.389,W2
QSO_53.9818855-15.6394295,59800.44415899998,17.855999999999998,,W2
QSO_53.9818855-15.6394295,59800.50931149996,18.266,,W2
QSO_53.9818855-15.6394295,59800.57446400003,18.756,,W2
QSO_53.9818855-15.6394295,59959.58284499999,18.396,,W2
QSO_53.9818855-15.6394295,60163.851007000034,17.521,,W2
QSO_53.9818855-15.6394295,60166.76567799997,18.471,,W2
QSO_53.9818855-15.6394295,60167.154804500016,17.802,,W2
QSO_53.9818855-15.6394295,60167.28434300003,18.124,,W2
QSO_53.9818855-15.6394295,60167.60820750001,18.439,,W2
QSO_53.9818855-15.6394295,60323.2225552,18.169,,W2
QSO_53.9818855-15.6394295,60323.61033219996,18.988,0.523,W2
QSO_53.92233-15.9212724,55228.03927149996,19.602,0.467,W1
QSO_53.92233-15.9212724,55228.03927149996,19.226,0.33,W1
QSO_53.92233-15.9212724,55228.17147450002,19.096,0.345,W1
QSO_53.92233-15.9212724,55228.17147450002,18.954,0.304,W1
QSO_53.92233-15.9212724,55228.23764899998,18.876,0.251,W1
QSO_53.92233-15.9212724,55228.23764899998,18.924,0.262,W1
QSO_53.92233-15.9212724,55228.30382350003,18.955,0.253,W1
QSO_53.92233-15.9212724,55228.30382350003,19.16,0.305,W1
QSO_53.92233-15.9212724,55228.36985200004,18.924,0.251,W1
QSO_53.92233-15.9212724,55228.36985200004,18.935,0.254,W1
QSO_53.92233-15.9212724,55228.4360265,18.643,0.198,W1
QSO_53.92233-15.9212724,55228.4360265,18.694,0.208,W1
QSO_53.92233-15.9212724,55228.50205500001,18.936,0.245,W1
QSO_53.92233-15.9212724,55228.50205500001,18.593,0.188,W1
QSO_53.92233-15.9212724,55228.50220099996,19.683,0.499,W1
QSO_53.92233-15.9212724,55228.50220099996,19.106,0.293,W1
QSO_53.92233-15.9212724,55228.63440400002,18.905,0.239,W1
QSO_53.92233-15.9212724,55228.63440400002,18.61,0.182,W1
QSO_53.92233-15.9212724,55417.62081900003,18.887,0.246,W1
QSO_53.92233-15.9212724,55417.62081900003,19.242,0.342,W1
QSO_53.92233-15.9212724,55417.75287599997,18.951,,W1
QSO_53.92233-15.9212724,55417.75287599997,18.949,,W1
QSO_53.92233-15.9212724,55417.753022,18.967,,W1
QSO_53.92233-15.9212724,55417.753022,19.164,0.303,W1
QSO_53.92233-15.9212724,55417.88511549997,19.565,,W1
QSO_53.92233-15.9212724,55417.88511549997,19.104,,W1
QSO_53.92233-15.9212724,55418.01731850003,19.028,,W1
QSO_53.92233-15.9212724,55418.01731850003,19.096,0.33,W1
QSO_53.92233-15.9212724,55418.08349299999,19.05,0.305,W1
QSO_53.92233-15.9212724,55418.08349299999,19.03,0.331,W1
QSO_53.92233-15.9212724,55418.281761000006,18.442,0.204,W1
QSO_53.92233-15.9212724,55418.281761000006,18.728,0.265,W1
QSO_53.92233-15.9212724,55418.347935499965,18.961,0.246,W1
QSO_53.92233-15.9212724,55418.347935499965,18.837000000000003,0.218,W1
QSO_53.92233-15.9212724,55418.41396399998,19.001,0.25,W1
QSO_53.92233-15.9212724,55418.41396399998,18.969,0.243,W1
QSO_53.92233-15.9212724,55418.480138500025,18.99,0.276,W1
QSO_53.92233-15.9212724,55418.480138500025,18.976,0.272,W1
QSO_53.92233-15.9212724,55418.61223199999,19.151000000000003,0.295,W1
QSO_53.92233-15.9212724,55418.61223199999,19.153,0.295,W1
QSO_53.92233-15.9212724,55418.6123415,18.527,0.168,W1
QSO_53.92233-15.9212724,55418.6123415,18.438,0.155,W1
QSO_53.92233-15.9212724,55418.74443499997,19.194000000000003,0.385,W1
QSO_53.92233-15.9212724,55418.74443499997,19.187,0.383,W1
QSO_53.92233-15.9212724,55418.74454449997,19.341,0.42,W1
QSO_53.92233-15.9212724,55418.74454449997,18.902,0.28,W1
QSO_53.92233-15.9212724,55592.38256350003,19.198,0.34,W1
QSO_53.92233-15.9212724,55592.38256350003,19.427,0.42,W1
QSO_53.92233-15.9212724,55592.84523749999,19.450000000000003,0.494,W1
QSO_53.92233-15.9212724,55592.84523749999,19.409,0.475,W1
QSO_53.92233-15.9212724,55592.97733099996,18.876,0.244,W1
QSO_53.92233-15.9212724,55592.97733099996,18.64,0.196,W1
QSO_53.92233-15.9212724,55593.10953400002,18.929,0.256,W1
QSO_53.92233-15.9212724,55593.10953400002,18.919,0.254,W1
QSO_53.92233-15.9212724,56690.46266200002,18.614,0.224,W1
QSO_53.92233-15.9212724,56690.6601635,18.843,0.247,W1
QSO_53.92233-15.9212724,56880.853451000025,18.779,0.237,W1
QSO_53.92233-15.9212724,57413.09804819369,18.49,0.175,W1
QSO_53.92233-15.9212724,57608.75411478095,18.487,0.207,W1
QSO_53.92233-15.9212724,57609.21373759551,19.012,0.287,W1
QSO_53.92233-15.9212724,57609.541929805855,18.999,0.271,W1
QSO_53.92233-15.9212724,57775.70056400004,18.723,0.297,W1
QSO_53.92233-15.9212724,57775.70067350004,18.423,0.154,W1
QSO_53.92233-15.9212724,57775.897043500045,19.115,0.358,W1
QSO_53.92233-15.9212724,57775.96245149997,18.63,0.197,W1
QSO_53.92233-15.9212724,57776.55148850001,18.668,0.212,W1
QSO_53.92233-15.9212724,57973.28809450003,19.127,0.32,W1
QSO_53.92233-15.9212724,57973.61524400004,19.011000000000003,0.295,W1
QSO_53.92233-15.9212724,57973.68065199997,19.248,,W1
QSO_53.92233-15.9212724,57973.74605999999,18.645,0.201,W1
QSO_53.92233-15.9212724,57974.00780149998,18.37,0.171,W1
QSO_53.92233-15.9212724,57974.138617500015,18.807,0.269,W1
QSO_53.92233-15.9212724,57974.26943349997,18.784,0.26,W1
QSO_53.92233-15.9212724,58134.631708999965,18.535,0.191,W1
QSO_53.92233-15.9212724,58135.08967450001,18.829,0.211,W1
QSO_53.92233-15.9212724,58135.220344500005,19.069000000000003,0.33,W1
QSO_53.92233-15.9212724,58340.55003600004,19.133000000000003,0.371,W1
QSO_53.92233-15.9212724,58340.61529800002,18.54,0.206,W1
QSO_53.92233-15.9212724,58340.61540750002,18.557,0.18,W1
QSO_53.92233-15.9212724,58340.68070600004,18.905,0.263,W1
QSO_53.92233-15.9212724,58340.68081550004,18.402,0.355,W1
QSO_53.92233-15.9212724,58499.4044235,18.64,0.202,W1
QSO_53.92233-15.9212724,58499.92743200002,19.0,0.288,W1
QSO_53.92233-15.9212724,58500.254326,18.897,0.274,W1
QSO_53.92233-15.9212724,58704.26673249999,18.625,0.21,W1
QSO_53.92233-15.9212724,58704.59351700004,18.647,0.239,W1
QSO_53.92233-15.9212724,58863.17316699998,18.425,0.17,W1
QSO_53.92233-15.9212724,58864.02514180002,18.652,0.199,W1
QSO_53.92233-15.9212724,59068.988545600034,19.664,0.524,W1
QSO_53.92233-15.9212724,59069.05413279997,18.569,0.189,W1
QSO_53.92233-15.9212724,59069.11957360004,18.981,0.3,W1
QSO_53.92233-15.9212724,59069.51269419999,19.318,0.377,W1
QSO_53.92233-15.9212724,59228.003088499965,18.78,0.205,W1
QSO_53.92233-15.9212724,59228.46043350001,18.835,0.224,W1
QSO_53.92233-15.9212724,59228.59110350002,19.172,0.349,W1
QSO_53.92233-15.9212724,59228.78707200003,19.657,0.469,W1
QSO_53.92233-15.9212724,59436.42141,18.75,0.287,W1
QSO_53.92233-15.9212724,59436.682677000026,19.002,0.29,W1
QSO_53.92233-15.9212724,59595.05741800001,18.6,0.215,W1
QSO_53.92233-15.9212724,59595.38383750002,19.03,0.368,W1
QSO_53.92233-15.9212724,59959.06224549997,19.4,0.405,W1
QSO_53.92233-15.9212724,59959.19229499998,18.288,0.207,W1
QSO_53.92233-15.9212724,59959.58269900004,18.598,0.201,W1
QSO_53.92233-15.9212724,60163.39760399996,18.519,0.261,W1
QSO_53.92233-15.9212724,60166.636650500026,18.252,0.198,W1
QSO_53.92233-15.9212724,60166.83097649999,18.623,0.213,W1
QSO_53.92233-15.9212724,60166.83108599999,18.317,0.176,W1
QSO_53.92233-15.9212724,60167.154804500016,18.932,0.335,W1
QSO_53.92233-15.9212724,60322.83466839996,18.973,0.292,W1
QSO_53.92233-15.9212724,60323.28726399999,18.975,0.282,W1
QSO_53.92233-15.9212724,60323.35182640003,18.881,0.274,W1
QSO_53.92233-15.9212724,55228.03927149996,18.765,,W2
QSO_53.92233-15.9212724,55228.03927149996,18.841,,W2
QSO_53.92233-15.9212724,55228.17147450002,18.481,,W2
QSO_53.92233-15.9212724,55228.17147450002,18.531,,W2
QSO_53.92233-15.9212724,55228.23764899998,19.096,,W2
QSO_53.92233-15.9212724,55228.23764899998,19.095,,W2
QSO_53.92233-15.9212724,55228.30382350003,18.908,0.495,W2
QSO_53.92233-15.9212724,55228.30382350003,18.91,0.496,W2
QSO_53.92233-15.9212724,55228.36985200004,18.51,,W2
QSO_53.92233-15.9212724,55228.36985200004,18.496,,W2
QSO_53.92233-15.9212724,55228.4360265,18.754,0.458,W2
QSO_53.92233-15.9212724,55228.4360265,18.8,0.476,W2
QSO_53.92233-15.9212724,55228.50205500001,18.744,,W2
QSO_53.92233-15.9212724,55228.50205500001,18.721,,W2
QSO_53.92233-15.9212724,55228.50220099996,18.72,0.41,W2
QSO_53.92233-15.9212724,55228.50220099996,18.708,0.406,W2
QSO_53.92233-15.9212724,55228.63440400002,18.401,,W2
QSO_53.92233-15.9212724,55228.63440400002,18.35,,W2
QSO_53.92233-15.9212724,55417.62081900003,19.12,,W2
QSO_53.92233-15.9212724,55417.62081900003,19.12,,W2
QSO_53.92233-15.9212724,55417.75287599997,19.003,,W2
QSO_53.92233-15.9212724,55417.75287599997,18.974,,W2
QSO_53.92233-15.9212724,55417.753022,18.892,0.509,W2
QSO_53.92233-15.9212724,55417.753022,18.853,0.499,W2
QSO_53.92233-15.9212724,55417.88511549997,18.933,,W2
QSO_53.92233-15.9212724,55417.88511549997,18.926,,W2
QSO_53.92233-15.9212724,55418.01731850003,18.81,,W2
QSO_53.92233-15.9212724,55418.01731850003,18.742,,W2
QSO_53.92233-15.9212724,55418.08349299999,19.004,,W2
QSO_53.92233-15.9212724,55418.08349299999,19.057,,W2
QSO_53.92233-15.9212724,55418.281761000006,18.273,,W2
QSO_53.92233-15.9212724,55418.281761000006,18.311,,W2
QSO_53.92233-15.9212724,55418.347935499965,18.71,0.443,W2
QSO_53.92233-15.9212724,55418.347935499965,18.656,0.422,W2
QSO_53.92233-15.9212724,55418.41396399998,19.13,,W2
QSO_53.92233-15.9212724,55418.41396399998,19.156,,W2
QSO_53.92233-15.9212724,55418.480138500025,18.893,0.445,W2
QSO_53.92233-15.9212724,55418.480138500025,18.869,0.436,W2
QSO_53.92233-15.9212724,55418.61223199999,19.062,,W2
QSO_53.92233-15.9212724,55418.61223199999,19.071,,W2
QSO_53.92233-15.9212724,55418.6123415,18.57,0.364,W2
QSO_53.92233-15.9212724,55418.6123415,18.609,0.378,W2
QSO_53.92233-15.9212724,55418.74443499997,19.094,,W2
QSO_53.92233-15.9212724,55418.74443499997,19.095,,W2
QSO_53.92233-15.9212724,55418.74454449997,18.812,,W2
QSO_53.92233-15.9212724,55418.74454449997,18.799,,W2
QSO_53.92233-15.9212724,55592.38256350003,18.563,,W2
QSO_53.92233-15.9212724,55592.38256350003,18.556,,W2
QSO_53.92233-15.9212724,55592.84523749999,18.684,,W2
QSO_53.92233-15.9212724,55592.84523749999,18.749,,W2
QSO_53.92233-15.9212724,55592.97733099996,18.658,,W2
QSO_53.92233-15.9212724,55592.97733099996,18.758,,W2
QSO_53.92233-15.9212724,55593.10953400002,19.051,,W2
QSO_53.92233-15.9212724,55593.10953400002,19.051,,W2
QSO_53.92233-15.9212724,56690.46266200002,18.938,,W2
QSO_53.92233-15.9212724,56690.6601635,18.226,,W2
QSO_53.92233-15.9212724,56880.853451000025,18.603,,W2
QSO_53.92233-15.9212724,57413.09804819369,18.655,0.491,W2
QSO_53.92233-15.9212724,57608.75411478095,18.551,,W2
QSO_53.92233-15.9212724,57609.21373759551,18.725,,W2
QSO_53.92233-15.9212724,57609.541929805855,18.727,,W2
QSO_53.92233-15.9212724,57775.70056400004,18.976,,W2
QSO_53.92233-15.9212724,57775.70067350004,19.055,,W2
QSO_53.92233-15.9212724,57775.897043500045,18.86,,W2
QSO_53.92233-15.9212724,57775.96245149997,18.845,,W2
QSO_53.92233-15.9212724,57776.55148850001,18.898,,W2
QSO_53.92233-15.9212724,57973.28809450003,18.611,,W2
QSO_53.92233-15.9212724,57973.61524400004,18.735,0.502,W2
QSO_53.92233-15.9212724,57973.68065199997,18.019,,W2
QSO_53.92233-15.9212724,57973.74605999999,18.418,,W2
QSO_53.92233-15.9212724,57974.00780149998,17.904,,W2
QSO_53.92233-15.9212724,57974.138617500015,18.082,,W2
QSO_53.92233-15.9212724,57974.26943349997,18.109,,W2
QSO_53.92233-15.9212724,58134.631708999965,18.48,,W2
QSO_53.92233-15.9212724,58135.08967450001,18.934,,W2
QSO_53.92233-15.9212724,58135.220344500005,18.09,,W2
QSO_53.92233-15.9212724,58340.55003600004,18.044,,W2
QSO_53.92233-15.9212724,58340.61529800002,18.659,0.49,W2
QSO_53.92233-15.9212724,58340.61540750002,17.646,,W2
QSO_53.92233-15.9212724,58340.68070600004,18.252,,W2
QSO_53.92233-15.9212724,58340.68081550004,18.553,,W2
QSO_53.92233-15.9212724,58499.4044235,17.848,,W2
QSO_53.92233-15.9212724,58499.92743200002,18.473,,W2
QSO_53.92233-15.9212724,58500.254326,18.249,0.497,W2
QSO_53.92233-15.9212724,58704.26673249999,18.666,,W2
QSO_53.92233-15.9212724,58704.59351700004,18.525,,W2
QSO_53.92233-15.9212724,58863.17316699998,18.893,,W2
QSO_53.92233-15.9212724,58864.02514180002,18.344,,W2
QSO_53.92233-15.9212724,59068.988545600034,18.684,,W2
QSO_53.92233-15.9212724,59069.05413279997,18.608,,W2
QSO_53.92233-15.9212724,59069.11957360004,18.58,,W2
QSO_53.92233-15.9212724,59069.51269419999,18.096,,W2
QSO_53.92233-15.9212724,59228.003088499965,18.949,,W2
QSO_53.92233-15.9212724,59228.46043350001,18.871,,W2
QSO_53.92233-15.9212724,59228.59110350002,18.351,,W2
QSO_53.92233-15.9212724,59228.78707200003,17.878,,W2
QSO_53.92233-15.9212724,59436.42141,18.28,,W2
QSO_53.92233-15.9212724,59436.682677000026,18.425,,W2
QSO_53.92233-15.9212724,59595.05741800001,18.345,,W2
QSO_53.92233-15.9212724,59595.38383750002,18.8,,W2
QSO_53.92233-15.9212724,59959.06224549997,18.901,0.535,W2
QSO_53.92233-15.9212724,59959.19229499998,18.535,,W2
QSO_53.92233-15.9212724,59959.58269900004,18.491,,W2
QSO_53.92233-15.9212724,60163.39760399996,18.125,,W2
QSO_53.92233-15.9212724,60166.636650500026,18.331,0.444,W2
QSO_53.92233-15.9212724,60166.83097649999,18.555,0.397,W2
QSO_53.92233-15.9212724,60166.83108599999,18.572,0.448,W2
QSO_53.92233-15.9212724,60167.154804500016,17.918,,W2
QSO_53.92233-15.9212724,60322.83466839996,18.465,0.4,W2
QSO_53.92233-15.9212724,60323.28726399999,18.708,,W2
QSO_53.92233-15.9212724,60323.35182640003,18.347,,W2
QSO_54.014478-15.9700041,55228.03927149996,18.624,0.199,W1
QSO_54.014478-15.9700041,55228.17147450002,19.026000000000003,0.268,W1
QSO_54.014478-15.9700041,55228.23764899998,19.328000000000003,0.366,W1
QSO_54.014478-15.9700041,55228.30367749999,19.294,,W1
QSO_54.014478-15.9700041,55228.30382350003,19.078000000000003,0.257,W1
QSO_54.014478-15.9700041,55228.36985200004,19.08,0.299,W1
QSO_54.014478-15.9700041,55228.4360265,19.167,,W1
QSO_54.014478-15.9700041,55228.50205500001,19.132,0.305,W1
QSO_54.014478-15.9700041,55228.56822949997,18.788,0.227,W1
QSO_54.014478-15.9700041,55228.63440400002,18.557,0.224,W1
QSO_54.014478-15.9700041,55229.031049499965,18.821,0.235,W1
QSO_54.014478-15.9700041,55417.753022,19.431,0.389,W1
QSO_54.014478-15.9700041,55417.885224999976,19.086,,W1
QSO_54.014478-15.9700041,55418.01731850003,19.194000000000003,,W1
QSO_54.014478-15.9700041,55418.01746449998,19.01,0.265,W1
QSO_54.014478-15.9700041,55418.08349299999,19.11,0.294,W1
QSO_54.014478-15.9700041,55418.281761000006,19.439,0.406,W1
QSO_54.014478-15.9700041,55418.347935499965,19.691000000000003,0.52,W1
QSO_54.014478-15.9700041,55418.41396399998,19.236,0.421,W1
QSO_54.014478-15.9700041,55418.480138500025,19.432,0.449,W1
QSO_54.014478-15.9700041,55418.6123415,19.155,0.317,W1
QSO_54.014478-15.9700041,55418.74454449997,19.607,0.459,W1
QSO_54.014478-15.9700041,55418.87663800002,19.152,0.337,W1
QSO_54.014478-15.9700041,55418.87678399997,18.871,0.232,W1
QSO_54.014478-15.9700041,55592.38256350003,19.316000000000003,0.38,W1
QSO_54.014478-15.9700041,55592.77906300003,18.984,0.274,W1
QSO_54.014478-15.9700041,55592.84512799999,18.985,0.277,W1
QSO_54.014478-15.9700041,55592.84523749999,19.245,0.325,W1
QSO_54.014478-15.9700041,55592.97733099996,18.659,0.209,W1
QSO_54.014478-15.9700041,55593.10953400002,19.006,0.266,W1
QSO_54.014478-15.9700041,56690.19927799997,18.931,0.255,W1
QSO_54.014478-15.9700041,56690.199387499975,19.234,0.337,W1
QSO_54.014478-15.9700041,56690.5942445,19.003,0.305,W1
QSO_54.014478-15.9700041,56690.6601635,18.979,,W1
QSO_54.014478-15.9700041,57053.397237463854,18.535,0.177,W1
QSO_54.014478-15.9700041,57412.70386618119,18.519,0.208,W1
QSO_54.014478-15.9700041,57413.22947879784,18.379,0.191,W1
QSO_54.014478-15.9700041,57609.14800399339,19.455,0.505,W1
QSO_54.014478-15.9700041,57775.83148949999,18.48,0.197,W1
QSO_54.014478-15.9700041,57775.89689750001,19.256,0.397,W1
QSO_54.014478-15.9700041,57776.28960099998,19.144,0.471,W1
QSO_54.014478-15.9700041,57776.28971049999,18.784,0.252,W1
QSO_54.014478-15.9700041,57776.55148850001,19.023000000000003,0.277,W1
QSO_54.014478-15.9700041,57776.682413999966,18.402,0.318,W1
QSO_54.014478-15.9700041,57973.74605999999,18.615,0.201,W1
QSO_54.014478-15.9700041,57973.87687600002,18.875,0.251,W1
QSO_54.014478-15.9700041,57974.138617500015,18.514,0.217,W1
QSO_54.014478-15.9700041,57974.26943349997,19.191000000000003,0.352,W1
QSO_54.014478-15.9700041,58134.69711699998,19.123,0.29,W1
QSO_54.014478-15.9700041,58134.762525,19.261000000000003,0.35,W1
QSO_54.014478-15.9700041,58340.41922,18.453,0.187,W1
QSO_54.014478-15.9700041,58497.37783399997,18.808,0.224,W1
QSO_54.014478-15.9700041,58499.4044235,19.345,0.381,W1
QSO_54.014478-15.9700041,58499.79661599999,18.584,0.332,W1
QSO_54.014478-15.9700041,58499.79672549999,18.951,0.275,W1
QSO_54.014478-15.9700041,58500.38514200003,18.525,0.199,W1
QSO_54.014478-15.9700041,58863.304231600014,19.043,0.348,W1
QSO_54.014478-15.9700041,58863.56643399997,18.854,0.238,W1
QSO_54.014478-15.9700041,58863.6974986,18.806,0.22,W1
QSO_54.014478-15.9700041,58864.02514180002,18.856,0.24,W1
QSO_54.014478-15.9700041,59068.92306820002,18.627,0.196,W1
QSO_54.014478-15.9700041,59069.18516079997,19.214,0.33,W1
QSO_54.014478-15.9700041,59228.59110350002,18.798,0.246,W1
QSO_54.014478-15.9700041,59228.78707200003,18.948,0.243,W1
QSO_54.014478-15.9700041,59595.05741800001,18.768,0.221,W1
QSO_54.014478-15.9700041,59595.57966,18.873,0.242,W1
QSO_54.014478-15.9700041,59799.85764050004,18.604,0.202,W1
QSO_54.014478-15.9700041,59800.11825049996,18.797,0.287,W1
QSO_54.014478-15.9700041,59800.1183965,18.851,0.298,W1
QSO_54.014478-15.9700041,59800.18354899997,18.679,0.252,W1
QSO_54.014478-15.9700041,60166.83108599999,18.44,0.373,W1
QSO_54.014478-15.9700041,60166.89572749998,19.028,0.34,W1
QSO_54.014478-15.9700041,60167.21970149996,18.613,0.237,W1
QSO_54.014478-15.9700041,60167.34913049997,18.991,0.314,W1
QSO_54.014478-15.9700041,60322.96404939998,18.775,0.229,W1
QSO_54.014478-15.9700041,60323.2225552,18.721,0.325,W1
QSO_54.014478-15.9700041,60323.28726399999,19.038,0.3,W1
QSO_54.014478-15.9700041,60323.35182640003,18.799,0.291,W1
QSO_54.014478-15.9700041,60323.67504100003,18.698,0.263,W1
QSO_54.014478-15.9700041,55228.03927149996,18.368,,W2
QSO_54.014478-15.9700041,55228.17147450002,18.565,,W2
QSO_54.014478-15.9700041,55228.23764899998,18.633,,W2
QSO_54.014478-15.9700041,55228.30367749999,18.588,,W2
QSO_54.014478-15.9700041,55228.30382350003,19.168,,W2
QSO_54.014478-15.9700041,55228.36985200004,19.131,,W2
QSO_54.014478-15.9700041,55228.4360265,19.043,,W2
QSO_54.014478-15.9700041,55228.50205500001,18.89,,W2
QSO_54.014478-15.9700041,55228.56822949997,18.35,,W2
QSO_54.014478-15.9700041,55228.63440400002,18.416,,W2
QSO_54.014478-15.9700041,55229.031049499965,18.782,,W2
QSO_54.014478-15.9700041,55417.753022,19.133,,W2
QSO_54.014478-15.9700041,55417.885224999976,18.676,,W2
QSO_54.014478-15.9700041,55418.01731850003,18.891,0.513,W2
QSO_54.014478-15.9700041,55418.01746449998,18.798,,W2
QSO_54.014478-15.9700041,55418.08349299999,19.067,,W2
QSO_54.014478-15.9700041,55418.281761000006,18.831,,W2
QSO_54.014478-15.9700041,55418.347935499965,18.622,,W2
QSO_54.014478-15.9700041,55418.41396399998,18.1,,W2
QSO_54.014478-15.9700041,55418.480138500025,19.174,,W2
QSO_54.014478-15.9700041,55418.6123415,18.718,,W2
QSO_54.014478-15.9700041,55418.74454449997,18.791,,W2
QSO_54.014478-15.9700041,55418.87663800002,18.862,,W2
QSO_54.014478-15.9700041,55418.87678399997,18.774,0.395,W2
QSO_54.014478-15.9700041,55592.38256350003,18.371,,W2
QSO_54.014478-15.9700041,55592.77906300003,19.03,,W2
QSO_54.014478-15.9700041,55592.84512799999,18.478,,W2
QSO_54.014478-15.9700041,55592.84523749999,18.374,,W2
QSO_54.014478-15.9700041,55592.97733099996,18.775,0.459,W2
QSO_54.014478-15.9700041,55593.10953400002,18.257,,W2
QSO_54.014478-15.9700041,56690.19927799997,18.607,,W2
QSO_54.014478-15.9700041,56690.199387499975,18.893,,W2
QSO_54.014478-15.9700041,56690.5942445,18.954,,W2
QSO_54.014478-15.9700041,56690.6601635,18.6,0.509,W2
QSO_54.014478-15.9700041,57053.397237463854,18.493,,W2
QSO_54.014478-15.9700041,57412.70386618119,18.484,,W2
QSO_54.014478-15.9700041,57413.22947879784,18.598,,W2
QSO_54.014478-15.9700041,57609.14800399339,18.631,,W2
QSO_54.014478-15.9700041,57775.83148949999,18.992,,W2
QSO_54.014478-15.9700041,57775.89689750001,18.648,,W2
QSO_54.014478-15.9700041,57776.28960099998,18.749,0.501,W2
QSO_54.014478-15.9700041,57776.28971049999,18.025,,W2
QSO_54.014478-15.9700041,57776.55148850001,18.204,,W2
QSO_54.014478-15.9700041,57776.682413999966,18.987,,W2
QSO_54.014478-15.9700041,57973.74605999999,18.407,0.403,W2
QSO_54.014478-15.9700041,57973.87687600002,18.487,,W2
QSO_54.014478-15.9700041,57974.138617500015,17.998,,W2
QSO_54.014478-15.9700041,57974.26943349997,18.033,,W2
QSO_54.014478-15.9700041,58134.69711699998,18.637,,W2
QSO_54.014478-15.9700041,58134.762525,19.012,,W2
QSO_54.014478-15.9700041,58340.41922,18.371,,W2
QSO_54.014478-15.9700041,58497.37783399997,18.559,0.427,W2
QSO_54.014478-15.9700041,58499.4044235,18.252,0.423,W2
QSO_54.014478-15.9700041,58499.79661599999,18.396,,W2
QSO_54.014478-15.9700041,58499.79672549999,17.993,0.521,W2
QSO_54.014478-15.9700041,58500.38514200003,17.863,0.406,W2
QSO_54.014478-15.9700041,58863.304231600014,18.539,,W2
QSO_54.014478-15.9700041,58863.56643399997,18.532,,W2
QSO_54.014478-15.9700041,58863.6974986,18.765,,W2
QSO_54.014478-15.9700041,58864.02514180002,18.753,,W2
QSO_54.014478-15.9700041,59068.92306820002,18.354,,W2
QSO_54.014478-15.9700041,59069.18516079997,18.29,,W2
QSO_54.014478-15.9700041,59228.59110350002,18.194,,W2
QSO_54.014478-15.9700041,59228.78707200003,18.649,,W2
QSO_54.014478-15.9700041,59595.05741800001,18.41,0.364,W2
QSO_54.014478-15.9700041,59595.57966,18.548,,W2
QSO_54.014478-15.9700041,59799.85764050004,18.973,,W2
QSO_54.014478-15.9700041,59800.11825049996,17.974,,W2
QSO_54.014478-15.9700041,59800.1183965,18.042,,W2
QSO_54.014478-15.9700041,59800.18354899997,18.389,,W2
QSO_54.014478-15.9700041,60166.83108599999,18.805,,W2
QSO_54.014478-15.9700041,60166.89572749998,18.805,,W2
QSO_54.014478-15.9700041,60167.21970149996,18.855,,W2
QSO_54.014478-15.9700041,60167.34913049997,17.843,,W2
QSO_54.014478-15.9700041,60322.96404939998,18.496,,W2
QSO_54.014478-15.9700041,60323.2225552,18.748,,W2
QSO_54.014478-15.9700041,60323.28726399999,18.764,,W2
QSO_54.014478-15.9700041,60323.35182640003,18.466,,W2
QSO_54.014478-15.9700041,60323.67504100003,18.166,,W2
QSO_53.9250689-15.9901312,55228.03927149996,19.337000000000003,0.381,W1
QSO_53.9250689-15.9901312,55228.17147450002,19.235,,W1
QSO_53.9250689-15.9901312,55228.23764899998,18.982,0.276,W1
QSO_53.9250689-15.9901312,55228.30367749999,19.175,0.308,W1
QSO_53.9250689-15.9901312,55228.30382350003,19.777,0.496,W1
QSO_53.9250689-15.9901312,55228.36985200004,19.439,,W1
QSO_53.9250689-15.9901312,55228.4360265,18.888,0.236,W1
QSO_53.9250689-15.9901312,55228.50205500001,19.496,0.411,W1
QSO_53.9250689-15.9901312,55228.63440400002,19.274,0.365,W1
QSO_53.9250689-15.9901312,55417.62081900003,19.651000000000003,0.482,W1
QSO_53.9250689-15.9901312,55417.753022,18.717,0.228,W1
QSO_53.9250689-15.9901312,55417.88511549997,19.022,0.251,W1
QSO_53.9250689-15.9901312,55417.885224999976,18.73,0.202,W1
QSO_53.9250689-15.9901312,55418.01731850003,19.209000000000003,0.333,W1
QSO_53.9250689-15.9901312,55418.01746449998,18.863,0.223,W1
QSO_53.9250689-15.9901312,55418.08349299999,19.229,0.336,W1
QSO_53.9250689-15.9901312,55418.281761000006,19.366,0.421,W1
QSO_53.9250689-15.9901312,55418.347935499965,18.968,0.253,W1
QSO_53.9250689-15.9901312,55418.480138500025,19.071,0.317,W1
QSO_53.9250689-15.9901312,55418.6123415,18.885,0.292,W1
QSO_53.9250689-15.9901312,55418.74454449997,19.585,0.461,W1
QSO_53.9250689-15.9901312,55592.38256350003,18.811,0.235,W1
QSO_53.9250689-15.9901312,55592.84512799999,19.447000000000003,0.398,W1
QSO_53.9250689-15.9901312,55592.84523749999,19.361,0.483,W1
QSO_53.9250689-15.9901312,55592.97733099996,19.193,0.337,W1
QSO_53.9250689-15.9901312,55593.10953400002,19.747,0.518,W1
QSO_53.9250689-15.9901312,56690.33097000004,18.946,0.267,W1
QSO_53.9250689-15.9901312,56690.6601635,19.061,,W1
QSO_53.9250689-15.9901312,56880.853451000025,18.884,0.243,W1
QSO_53.9250689-15.9901312,57053.397237463854,18.656,0.211,W1
QSO_53.9250689-15.9901312,57245.16921747087,18.807,0.367,W1
QSO_53.9250689-15.9901312,57608.75411478095,18.746,0.234,W1
QSO_53.9250689-15.9901312,57609.01682958929,18.499,0.199,W1
QSO_53.9250689-15.9901312,57609.14800399339,18.387,0.244,W1
QSO_53.9250689-15.9901312,57609.60762680795,18.932,0.278,W1
QSO_53.9250689-15.9901312,57776.28971049999,19.438,0.537,W1
QSO_53.9250689-15.9901312,57973.02646249996,18.368,,W1
QSO_53.9250689-15.9901312,57973.28809450003,18.961,0.322,W1
QSO_53.9250689-15.9901312,57973.68065199997,18.763,0.238,W1
QSO_53.9250689-15.9901312,57974.00780149998,18.968,0.407,W1
QSO_53.9250689-15.9901312,57980.15819750001,18.692,0.215,W1
QSO_53.9250689-15.9901312,58134.762525,19.263,0.372,W1
QSO_53.9250689-15.9901312,58339.96147349996,18.782,0.244,W1
QSO_53.9250689-15.9901312,58340.0922895,18.348,0.211,W1
QSO_53.9250689-15.9901312,58496.985495500034,18.638,0.201,W1
QSO_53.9250689-15.9901312,58496.98564149998,18.921,0.267,W1
QSO_53.9250689-15.9901312,58497.05090349997,19.217,0.366,W1
QSO_53.9250689-15.9901312,58497.50865,19.002,0.284,W1
QSO_53.9250689-15.9901312,58499.79661599999,18.312,0.205,W1
QSO_53.9250689-15.9901312,58704.26673249999,19.176,0.322,W1
QSO_53.9250689-15.9901312,58704.3321405,18.563,0.223,W1
QSO_53.9250689-15.9901312,58704.46284700003,18.743,0.222,W1
QSO_53.9250689-15.9901312,58704.59351700004,18.801,0.391,W1
QSO_53.9250689-15.9901312,58704.724332999984,18.373,0.189,W1
QSO_53.9250689-15.9901312,58863.17316699998,19.441000000000003,0.386,W1
QSO_53.9250689-15.9901312,58863.304231600014,18.706000000000003,0.356,W1
QSO_53.9250689-15.9901312,58863.76308580001,18.962000000000003,0.257,W1
QSO_53.9250689-15.9901312,58864.02514180002,18.754,0.225,W1
QSO_53.9250689-15.9901312,58864.156206399966,18.700000000000003,0.204,W1
QSO_53.9250689-15.9901312,59068.92306820002,18.58,0.194,W1
QSO_53.9250689-15.9901312,59228.003088499965,19.270000000000003,0.321,W1
QSO_53.9250689-15.9901312,59436.2908495,18.711,0.222,W1
QSO_53.9250689-15.9901312,59436.682677000026,18.684,0.248,W1
QSO_53.9250689-15.9901312,59595.05730850001,19.414,0.468,W1
QSO_53.9250689-15.9901312,59595.38383750002,18.213,0.205,W1
QSO_53.9250689-15.9901312,59959.06213599997,19.047,0.308,W1
QSO_53.9250689-15.9901312,59959.58269900004,19.167,0.32,W1
QSO_53.9250689-15.9901312,59959.90795050003,18.955,0.26,W1
QSO_53.9250689-15.9901312,59960.03814599999,18.642,0.218,W1
QSO_53.9250689-15.9901312,60163.72146850002,18.815,0.26,W1
QSO_53.9250689-15.9901312,60163.851007000034,18.733,0.242,W1
QSO_53.9250689-15.9901312,60166.636650500026,18.771,0.25,W1
QSO_53.9250689-15.9901312,60167.154804500016,18.825000000000003,0.306,W1
QSO_53.9250689-15.9901312,60167.21970149996,18.603,0.198,W1
QSO_53.9250689-15.9901312,60167.34923999997,18.532,0.208,W1
QSO_53.9250689-15.9901312,60167.47866899999,18.494,0.235,W1
QSO_53.9250689-15.9901312,60322.96404939998,18.803,0.414,W1
QSO_53.9250689-15.9901312,60323.28726399999,18.933,0.287,W1
QSO_53.9250689-15.9901312,60323.35182640003,19.064,0.299,W1
QSO_53.9250689-15.9901312,55228.03927149996,18.906,,W2
QSO_53.9250689-15.9901312,55228.17147450002,18.389,,W2
QSO_53.9250689-15.9901312,55228.23764899998,19.047,,W2
QSO_53.9250689-15.9901312,55228.30367749999,18.943,0.472,W2
QSO_53.9250689-15.9901312,55228.30382350003,18.786,,W2
QSO_53.9250689-15.9901312,55228.36985200004,18.79,0.412,W2
QSO_53.9250689-15.9901312,55228.4360265,18.567,0.377,W2
QSO_53.9250689-15.9901312,55228.50205500001,18.804,,W2
QSO_53.9250689-15.9901312,55228.63440400002,18.656,,W2
QSO_53.9250689-15.9901312,55417.62081900003,19.05,,W2
QSO_53.9250689-15.9901312,55417.753022,18.63,,W2
QSO_53.9250689-15.9901312,55417.88511549997,19.048,,W2
QSO_53.9250689-15.9901312,55417.885224999976,19.014,,W2
QSO_53.9250689-15.9901312,55418.01731850003,18.453,,W2
QSO_53.9250689-15.9901312,55418.01746449998,18.457,,W2
QSO_53.9250689-15.9901312,55418.08349299999,19.035,,W2
QSO_53.9250689-15.9901312,55418.281761000006,18.283,,W2
QSO_53.9250689-15.9901312,55418.347935499965,18.827,,W2
QSO_53.9250689-15.9901312,55418.480138500025,18.695,,W2
QSO_53.9250689-15.9901312,55418.6123415,18.688,,W2
QSO_53.9250689-15.9901312,55418.74454449997,18.318,,W2
QSO_53.9250689-15.9901312,55592.38256350003,18.328,,W2
QSO_53.9250689-15.9901312,55592.84512799999,18.834,,W2
QSO_53.9250689-15.9901312,55592.84523749999,18.215,,W2
QSO_53.9250689-15.9901312,55592.97733099996,18.643,,W2
QSO_53.9250689-15.9901312,55593.10953400002,18.288,,W2
QSO_53.9250689-15.9901312,56690.33097000004,18.301,,W2
QSO_53.9250689-15.9901312,56690.6601635,17.83,,W2
QSO_53.9250689-15.9901312,56880.853451000025,18.611,0.428,W2
QSO_53.9250689-15.9901312,57053.397237463854,18.764,0.518,W2
QSO_53.9250689-15.9901312,57245.16921747087,18.292,0.35,W2
QSO_53.9250689-15.9901312,57608.75411478095,18.409,,W2
QSO_53.9250689-15.9901312,57609.01682958929,18.149,,W2
QSO_53.9250689-15.9901312,57609.14800399339,18.388,,W2
QSO_53.9250689-15.9901312,57609.60762680795,17.969,,W2
QSO_53.9250689-15.9901312,57776.28971049999,18.852,0.481,W2
QSO_53.9250689-15.9901312,57973.02646249996,18.664,,W2
QSO_53.9250689-15.9901312,57973.28809450003,18.617,0.486,W2
QSO_53.9250689-15.9901312,57973.68065199997,18.109,,W2
QSO_53.9250689-15.9901312,57974.00780149998,18.511,,W2
QSO_53.9250689-15.9901312,57980.15819750001,18.249,,W2
QSO_53.9250689-15.9901312,58134.762525,18.538,0.532,W2
QSO_53.9250689-15.9901312,58339.96147349996,17.812,0.239,W2
QSO_53.9250689-15.9901312,58340.0922895,17.983999999999998,,W2
QSO_53.9250689-15.9901312,58496.985495500034,18.535,0.414,W2
QSO_53.9250689-15.9901312,58496.98564149998,18.587,,W2
QSO_53.9250689-15.9901312,58497.05090349997,18.706,0.495,W2
QSO_53.9250689-15.9901312,58497.50865,18.711,,W2
QSO_53.9250689-15.9901312,58499.79661599999,18.089,,W2
QSO_53.9250689-15.9901312,58704.26673249999,18.701,,W2
QSO_53.9250689-15.9901312,58704.3321405,18.846,,W2
QSO_53.9250689-15.9901312,58704.46284700003,17.822,,W2
QSO_53.9250689-15.9901312,58704.59351700004,18.442,,W2
QSO_53.9250689-15.9901312,58704.724332999984,18.344,,W2
QSO_53.9250689-15.9901312,58863.17316699998,18.67,,W2
QSO_53.9250689-15.9901312,58863.304231600014,18.582,0.504,W2
QSO_53.9250689-15.9901312,58863.76308580001,18.681,0.402,W2
QSO_53.9250689-15.9901312,58864.02514180002,18.104,,W2
QSO_53.9250689-15.9901312,58864.156206399966,18.947,,W2
QSO_53.9250689-15.9901312,59068.92306820002,18.215,,W2
QSO_53.9250689-15.9901312,59228.003088499965,17.982,,W2
QSO_53.9250689-15.9901312,59436.2908495,18.063,,W2
QSO_53.9250689-15.9901312,59436.682677000026,17.928,,W2
QSO_53.9250689-15.9901312,59595.05730850001,18.273,,W2
QSO_53.9250689-15.9901312,59595.38383750002,18.236,,W2
QSO_53.9250689-15.9901312,59959.06213599997,18.105,,W2
QSO_53.9250689-15.9901312,59959.58269900004,18.716,,W2
QSO_53.9250689-15.9901312,59959.90795050003,18.709,,W2
QSO_53.9250689-15.9901312,59960.03814599999,19.004,,W2
QSO_53.9250689-15.9901312,60163.72146850002,18.019,,W2
QSO_53.9250689-15.9901312,60163.851007000034,18.184,,W2
QSO_53.9250689-15.9901312,60166.636650500026,18.003999999999998,,W2
QSO_53.9250689-15.9901312,60167.154804500016,17.99,,W2
QSO_53.9250689-15.9901312,60167.21970149996,18.452,,W2
QSO_53.9250689-15.9901312,60167.34923999997,18.376,,W2
QSO_53.9250689-15.9901312,60167.47866899999,18.186,,W2
QSO_53.9250689-15.9901312,60322.96404939998,18.191,,W2
QSO_53.9250689-15.9901312,60323.28726399999,18.809,,W2
QSO_53.9250689-15.9901312,60323.35182640003,18.243,0.448,W2
QSO_53.7774032-15.8192949,55227.642626000015,18.696,0.222,W1
QSO_53.7774032-15.8192949,55228.03927149996,18.765,0.344,W1
QSO_53.7774032-15.8192949,55228.10540949998,19.506,0.478,W1
QSO_53.7774032-15.8192949,55228.171584000025,19.336,0.358,W1
QSO_53.7774032-15.8192949,55228.23764899998,18.872,,W1
QSO_53.7774032-15.8192949,55228.30382350003,18.689,0.206,W1
QSO_53.7774032-15.8192949,55228.36985200004,18.521,0.205,W1
QSO_53.7774032-15.8192949,55228.4360265,18.783,0.214,W1
QSO_53.7774032-15.8192949,55228.50220099996,18.691000000000003,0.189,W1
QSO_53.7774032-15.8192949,55228.63440400002,18.901000000000003,0.3,W1
QSO_53.7774032-15.8192949,55417.488470000026,18.915,0.26,W1
QSO_53.7774032-15.8192949,55417.48857950003,19.478,0.454,W1
QSO_53.7774032-15.8192949,55417.620673,18.772,0.208,W1
QSO_53.7774032-15.8192949,55417.75287599997,19.785,0.532,W1
QSO_53.7774032-15.8192949,55417.88511549997,19.341,0.474,W1
QSO_53.7774032-15.8192949,55417.95129000002,19.085,0.318,W1
QSO_53.7774032-15.8192949,55418.01731850003,18.534,0.173,W1
QSO_53.7774032-15.8192949,55418.08349299999,18.597,0.194,W1
QSO_53.7774032-15.8192949,55418.281761000006,18.877,0.223,W1
QSO_53.7774032-15.8192949,55418.34778950002,19.494,0.503,W1
QSO_53.7774032-15.8192949,55418.347935499965,18.968,0.272,W1
QSO_53.7774032-15.8192949,55418.47999249999,18.916,0.239,W1
QSO_53.7774032-15.8192949,55418.61223199999,19.016,,W1
QSO_53.7774032-15.8192949,55591.98617350004,19.125,0.345,W1
QSO_53.7774032-15.8192949,55592.38267300004,19.207,0.35,W1
QSO_53.7774032-15.8192949,55592.84523749999,19.368,0.433,W1
QSO_53.7774032-15.8192949,55592.97733099996,18.942,0.261,W1
QSO_53.7774032-15.8192949,56690.199387499975,19.111,0.351,W1
QSO_53.7774032-15.8192949,56690.39688899996,18.971,0.307,W1
QSO_53.7774032-15.8192949,56690.6601635,18.807,0.239,W1
QSO_53.7774032-15.8192949,57609.21373759551,18.266,0.167,W1
QSO_53.7774032-15.8192949,57609.60762680795,18.425,0.226,W1
QSO_53.7774032-15.8192949,57775.30796999998,19.253,0.327,W1
QSO_53.7774032-15.8192949,57973.61524400004,18.571,0.197,W1
QSO_53.7774032-15.8192949,58134.37007699998,18.55,0.269,W1
QSO_53.7774032-15.8192949,58134.631708999965,18.522,0.192,W1
QSO_53.7774032-15.8192949,58134.69711699998,18.915,,W1
QSO_53.7774032-15.8192949,58135.08967450001,19.185,0.327,W1
QSO_53.7774032-15.8192949,58135.22049050004,18.667,0.406,W1
QSO_53.7774032-15.8192949,58340.54989,18.63,0.234,W1
QSO_53.7774032-15.8192949,58340.68070600004,18.792,0.439,W1
QSO_53.7774032-15.8192949,58340.81152199999,18.625,0.238,W1
QSO_53.7774032-15.8192949,58496.266409,18.756,0.204,W1
QSO_53.7774032-15.8192949,58499.46983150002,19.07,0.299,W1
QSO_53.7774032-15.8192949,58704.26673249999,18.371,0.183,W1
QSO_53.7774032-15.8192949,58704.397439000015,18.764000000000003,0.223,W1
QSO_53.7774032-15.8192949,58704.59351700004,19.197000000000003,0.341,W1
QSO_53.7774032-15.8192949,58704.85500299999,18.862,0.228,W1
QSO_53.7774032-15.8192949,59068.59538839997,18.319,0.257,W1
QSO_53.7774032-15.8192949,59069.11957360004,18.700000000000003,0.23,W1
QSO_53.7774032-15.8192949,59228.003088499965,18.799,0.289,W1
QSO_53.7774032-15.8192949,59595.77548249999,18.999,0.271,W1
QSO_53.7774032-15.8192949,59799.46647000004,18.57,,W1
QSO_53.7774032-15.8192949,59958.80203700004,18.449,0.196,W1
QSO_53.7774032-15.8192949,59959.517692500005,18.702,0.391,W1
QSO_53.7774032-15.8192949,60163.26806550003,19.351,0.462,W1
QSO_53.7774032-15.8192949,60166.248034999975,18.763,0.236,W1
QSO_53.7774032-15.8192949,60166.3775735,19.007,0.328,W1
QSO_53.7774032-15.8192949,60166.83097649999,18.936,0.275,W1
QSO_53.7774032-15.8192949,60323.28726399999,18.582,0.359,W1
QSO_53.7774032-15.8192949,55227.642626000015,18.824,,W2
QSO_53.7774032-15.8192949,55228.03927149996,19.092,,W2
QSO_53.7774032-15.8192949,55228.10540949998,18.875,,W2
QSO_53.7774032-15.8192949,55228.171584000025,18.985,,W2
QSO_53.7774032-15.8192949,55228.23764899998,18.765,,W2
QSO_53.7774032-15.8192949,55228.30382350003,18.865,,W2
QSO_53.7774032-15.8192949,55228.36985200004,19.004,,W2
QSO_53.7774032-15.8192949,55228.4360265,18.837,,W2
QSO_53.7774032-15.8192949,55228.50220099996,18.928,,W2
QSO_53.7774032-15.8192949,55228.63440400002,18.665,0.427,W2
QSO_53.7774032-15.8192949,55417.488470000026,19.148,,W2
QSO_53.7774032-15.8192949,55417.48857950003,19.065,,W2
QSO_53.7774032-15.8192949,55417.620673,18.619,0.406,W2
QSO_53.7774032-15.8192949,55417.75287599997,18.324,,W2
QSO_53.7774032-15.8192949,55417.88511549997,18.418,,W2
QSO_53.7774032-15.8192949,55417.95129000002,18.661,,W2
QSO_53.7774032-15.8192949,55418.01731850003,18.777,,W2
QSO_53.7774032-15.8192949,55418.08349299999,18.574,,W2
QSO_53.7774032-15.8192949,55418.281761000006,19.127,,W2
QSO_53.7774032-15.8192949,55418.34778950002,18.446,,W2
QSO_53.7774032-15.8192949,55418.347935499965,18.827,,W2
QSO_53.7774032-15.8192949,55418.47999249999,19.131,,W2
QSO_53.7774032-15.8192949,55418.61223199999,18.761,,W2
QSO_53.7774032-15.8192949,55591.98617350004,18.999,,W2
QSO_53.7774032-15.8192949,55592.38267300004,19.015,,W2
QSO_53.7774032-15.8192949,55592.84523749999,18.918,,W2
QSO_53.7774032-15.8192949,55592.97733099996,18.28,,W2
QSO_53.7774032-15.8192949,56690.199387499975,18.404,,W2
QSO_53.7774032-15.8192949,56690.39688899996,18.316,,W2
QSO_53.7774032-15.8192949,56690.6601635,18.269,,W2
QSO_53.7774032-15.8192949,57609.21373759551,18.699,0.489,W2
QSO_53.7774032-15.8192949,57609.60762680795,17.660999999999998,,W2
QSO_53.7774032-15.8192949,57775.30796999998,18.955,,W2
QSO_53.7774032-15.8192949,57973.61524400004,18.599,,W2
QSO_53.7774032-15.8192949,58134.37007699998,18.31,,W2
QSO_53.7774032-15.8192949,58134.631708999965,18.328,,W2
QSO_53.7774032-15.8192949,58134.69711699998,18.883,,W2
QSO_53.7774032-15.8192949,58135.08967450001,18.502,0.431,W2
QSO_53.7774032-15.8192949,58135.22049050004,18.641,,W2
QSO_53.7774032-15.8192949,58340.54989,18.337,,W2
QSO_53.7774032-15.8192949,58340.68070600004,18.197,0.466,W2
QSO_53.7774032-15.8192949,58340.81152199999,18.021,,W2
QSO_53.7774032-15.8192949,58496.266409,17.788,0.19,W2
QSO_53.7774032-15.8192949,58499.46983150002,18.325,,W2
QSO_53.7774032-15.8192949,58704.26673249999,18.195,,W2
QSO_53.7774032-15.8192949,58704.397439000015,17.9,,W2
QSO_53.7774032-15.8192949,58704.59351700004,18.049,,W2
QSO_53.7774032-15.8192949,58704.85500299999,18.452,,W2
QSO_53.7774032-15.8192949,59068.59538839997,18.289,,W2
QSO_53.7774032-15.8192949,59069.11957360004,18.108,,W2
QSO_53.7774032-15.8192949,59228.003088499965,18.862,,W2
QSO_53.7774032-15.8192949,59595.77548249999,18.294,,W2
QSO_53.7774032-15.8192949,59799.46647000004,18.555,,W2
QSO_53.7774032-15.8192949,59958.80203700004,18.393,,W2
QSO_53.7774032-15.8192949,59959.517692500005,18.221,,W2
QSO_53.7774032-15.8192949,60163.26806550003,18.687,,W2
QSO_53.7774032-15.8192949,60166.248034999975,18.197,0.39,W2
QSO_53.7774032-15.8192949,60166.3775735,18.456,,W2
QSO_53.7774032-15.8192949,60166.83097649999,18.469,,W2
QSO_53.7774032-15.8192949,60323.28726399999,18.038,,W2
QSO_53.9146438-15.9500932,55228.03927149996,18.898000000000003,0.254,W1
QSO_53.9146438-15.9500932,55228.17147450002,19.15,,W1
QSO_53.9146438-15.9500932,55228.23764899998,18.576,0.189,W1
QSO_53.9146438-15.9500932,55228.30382350003,19.088,0.294,W1
QSO_53.9146438-15.9500932,55228.36985200004,18.966,0.246,W1
QSO_53.9146438-15.9500932,55228.4360265,19.089,0.315,W1
QSO_53.9146438-15.9500932,55228.50205500001,19.356,,W1
QSO_53.9146438-15.9500932,55228.63440400002,19.516,0.421,W1
QSO_53.9146438-15.9500932,55417.62081900003,19.395000000000003,0.429,W1
QSO_53.9146438-15.9500932,55417.753022,19.145000000000003,0.306,W1
QSO_53.9146438-15.9500932,55417.88511549997,19.031,0.26,W1
QSO_53.9146438-15.9500932,55417.885224999976,18.709000000000003,0.203,W1
QSO_53.9146438-15.9500932,55418.01731850003,18.811,0.234,W1
QSO_53.9146438-15.9500932,55418.08349299999,18.993,0.271,W1
QSO_53.9146438-15.9500932,55418.281761000006,18.639,0.217,W1
QSO_53.9146438-15.9500932,55418.347935499965,18.402,0.155,W1
QSO_53.9146438-15.9500932,55418.41396399998,19.282,0.336,W1
QSO_53.9146438-15.9500932,55418.480138500025,18.734,0.212,W1
QSO_53.9146438-15.9500932,55418.6123415,18.827,0.23,W1
QSO_53.9146438-15.9500932,55418.74443499997,18.934,,W1
QSO_53.9146438-15.9500932,55418.74454449997,18.815,0.234,W1
QSO_53.9146438-15.9500932,55592.38256350003,18.833,0.267,W1
QSO_53.9146438-15.9500932,55592.84512799999,18.527,0.182,W1
QSO_53.9146438-15.9500932,55592.84523749999,19.345,0.365,W1
QSO_53.9146438-15.9500932,55592.97733099996,19.062,0.286,W1
QSO_53.9146438-15.9500932,55593.10953400002,18.862,0.234,W1
QSO_53.9146438-15.9500932,56690.46266200002,18.8,0.256,W1
QSO_53.9146438-15.9500932,56690.6601635,18.794,0.241,W1
QSO_53.9146438-15.9500932,56880.7220145,18.399,0.213,W1
QSO_53.9146438-15.9500932,57413.03231459157,18.411,0.193,W1
QSO_53.9146438-15.9500932,57413.09804819369,18.675,0.256,W1
QSO_53.9146438-15.9500932,57413.22947879784,18.765,0.247,W1
QSO_53.9146438-15.9500932,57413.55792720823,19.148000000000003,0.349,W1
QSO_53.9146438-15.9500932,57608.75422458096,18.941000000000003,0.276,W1
QSO_53.9146438-15.9500932,57609.47634260376,19.071,0.301,W1
QSO_53.9146438-15.9500932,57609.60762680795,18.793,0.249,W1
QSO_53.9146438-15.9500932,57609.8702318162,19.486,0.438,W1
QSO_53.9146438-15.9500932,57775.569748,19.049,0.321,W1
QSO_53.9146438-15.9500932,57775.70056400004,18.776000000000003,0.284,W1
QSO_53.9146438-15.9500932,57775.70067350004,19.006,0.282,W1
QSO_53.9146438-15.9500932,57775.83148949999,19.133000000000003,0.469,W1
QSO_53.9146438-15.9500932,57775.89689750001,18.93,0.269,W1
QSO_53.9146438-15.9500932,57775.897043500045,18.932,0.245,W1
QSO_53.9146438-15.9500932,57776.02782299997,18.885,0.314,W1
QSO_53.9146438-15.9500932,57776.42052650002,18.61,0.195,W1
QSO_53.9146438-15.9500932,57973.026316500014,18.414,0.236,W1
QSO_53.9146438-15.9500932,57973.28809450003,18.349,0.157,W1
QSO_53.9146438-15.9500932,57973.87687600002,18.857,0.251,W1
QSO_53.9146438-15.9500932,57974.26943349997,18.9,0.255,W1
QSO_53.9146438-15.9500932,57980.158088,18.739,0.218,W1
QSO_53.9146438-15.9500932,57980.15819750001,18.991,0.28,W1
QSO_53.9146438-15.9500932,58134.37007699998,19.236,0.376,W1
QSO_53.9146438-15.9500932,58134.50089300001,19.483,0.428,W1
QSO_53.9146438-15.9500932,58134.631708999965,18.386,0.281,W1
QSO_53.9146438-15.9500932,58135.220344500005,19.0,0.295,W1
QSO_53.9146438-15.9500932,58135.22049050004,19.569000000000003,0.45,W1
QSO_53.9146438-15.9500932,58340.41922,18.985,0.288,W1
QSO_53.9146438-15.9500932,58340.55003600004,18.927,0.309,W1
QSO_53.9146438-15.9500932,58340.61529800002,18.988,0.292,W1
QSO_53.9146438-15.9500932,58340.68070600004,19.223,0.374,W1
QSO_53.9146438-15.9500932,58496.52789500003,18.483,0.184,W1
QSO_53.9146438-15.9500932,58496.98564149998,18.467,0.191,W1
QSO_53.9146438-15.9500932,58497.50865,18.69,0.213,W1
QSO_53.9146438-15.9500932,58499.27360749997,18.421,0.167,W1
QSO_53.9146438-15.9500932,58499.4044235,18.721,0.219,W1
QSO_53.9146438-15.9500932,58704.724332999984,18.468,0.253,W1
QSO_53.9146438-15.9500932,58704.85500299999,18.571,0.264,W1
QSO_53.9146438-15.9500932,58863.56643399997,18.869,0.259,W1
QSO_53.9146438-15.9500932,58863.6974986,18.891,0.297,W1
QSO_53.9146438-15.9500932,58863.76308580001,18.924,0.255,W1
QSO_53.9146438-15.9500932,58864.156316199966,18.891,0.311,W1
QSO_53.9146438-15.9500932,59068.79189379999,18.798,0.302,W1
QSO_53.9146438-15.9500932,59069.11957360004,18.757,0.225,W1
QSO_53.9146438-15.9500932,59069.25063819999,18.49,0.205,W1
QSO_53.9146438-15.9500932,59228.5256955,18.92,0.252,W1
QSO_53.9146438-15.9500932,59435.83365049998,18.901000000000003,0.305,W1
QSO_53.9146438-15.9500932,59436.1601795,18.74,0.232,W1
QSO_53.9146438-15.9500932,59436.42141,19.016,0.471,W1
QSO_53.9146438-15.9500932,59436.682677000026,18.863,0.329,W1
QSO_53.9146438-15.9500932,59595.05741800001,18.745,0.201,W1
QSO_53.9146438-15.9500932,59595.57966,19.193,0.378,W1
QSO_53.9146438-15.9500932,59959.06213599997,19.09,0.324,W1
QSO_53.9146438-15.9500932,59959.06224549997,18.974,0.254,W1
QSO_53.9146438-15.9500932,59959.19229499998,18.566000000000003,0.2,W1
QSO_53.9146438-15.9500932,60166.83097649999,18.823,0.257,W1
QSO_53.9146438-15.9500932,60166.83108599999,18.393,0.221,W1
QSO_53.9146438-15.9500932,60167.34913049997,18.582,0.288,W1
QSO_53.9146438-15.9500932,60167.34923999997,19.422,0.384,W1
QSO_53.9146438-15.9500932,60322.96404939998,18.637,0.381,W1
QSO_53.9146438-15.9500932,55228.03927149996,18.733,0.396,W2
QSO_53.9146438-15.9500932,55228.17147450002,18.671,0.391,W2
QSO_53.9146438-15.9500932,55228.23764899998,18.633,,W2
QSO_53.9146438-15.9500932,55228.30382350003,18.29,,W2
QSO_53.9146438-15.9500932,55228.36985200004,19.014,0.504,W2
QSO_53.9146438-15.9500932,55228.4360265,18.637,0.387,W2
QSO_53.9146438-15.9500932,55228.50205500001,18.391,0.293,W2
QSO_53.9146438-15.9500932,55228.63440400002,18.109,,W2
QSO_53.9146438-15.9500932,55417.62081900003,18.64,0.359,W2
QSO_53.9146438-15.9500932,55417.753022,18.227,0.265,W2
QSO_53.9146438-15.9500932,55417.88511549997,18.566,,W2
QSO_53.9146438-15.9500932,55417.885224999976,18.487,0.321,W2
QSO_53.9146438-15.9500932,55418.01731850003,18.572,0.362,W2
QSO_53.9146438-15.9500932,55418.08349299999,18.705,0.405,W2
QSO_53.9146438-15.9500932,55418.281761000006,18.297,,W2
QSO_53.9146438-15.9500932,55418.347935499965,18.771,,W2
QSO_53.9146438-15.9500932,55418.41396399998,18.291,0.269,W2
QSO_53.9146438-15.9500932,55418.480138500025,18.525,,W2
QSO_53.9146438-15.9500932,55418.6123415,18.562,0.361,W2
QSO_53.9146438-15.9500932,55418.74443499997,18.42,,W2
QSO_53.9146438-15.9500932,55418.74454449997,18.445,,W2
QSO_53.9146438-15.9500932,55592.38256350003,18.939,,W2
QSO_53.9146438-15.9500932,55592.84512799999,18.68,0.409,W2
QSO_53.9146438-15.9500932,55592.84523749999,18.996,,W2
QSO_53.9146438-15.9500932,55592.97733099996,18.87,0.518,W2
QSO_53.9146438-15.9500932,55593.10953400002,18.307,,W2
QSO_53.9146438-15.9500932,56690.46266200002,18.404,,W2
QSO_53.9146438-15.9500932,56690.6601635,18.312,,W2
QSO_53.9146438-15.9500932,56880.7220145,18.297,,W2
QSO_53.9146438-15.9500932,57413.03231459157,17.99,0.316,W2
QSO_53.9146438-15.9500932,57413.09804819369,17.876,,W2
QSO_53.9146438-15.9500932,57413.22947879784,18.275,,W2
QSO_53.9146438-15.9500932,57413.55792720823,18.981,0.533,W2
QSO_53.9146438-15.9500932,57608.75422458096,17.910999999999998,,W2
QSO_53.9146438-15.9500932,57609.47634260376,18.254,,W2
QSO_53.9146438-15.9500932,57609.60762680795,17.916999999999998,,W2
QSO_53.9146438-15.9500932,57609.8702318162,18.908,,W2
QSO_53.9146438-15.9500932,57775.569748,18.211,,W2
QSO_53.9146438-15.9500932,57775.70056400004,18.295,,W2
QSO_53.9146438-15.9500932,57775.70067350004,18.054,,W2
QSO_53.9146438-15.9500932,57775.83148949999,18.025,0.316,W2
QSO_53.9146438-15.9500932,57775.89689750001,18.468,0.407,W2
QSO_53.9146438-15.9500932,57775.897043500045,17.963,0.32,W2
QSO_53.9146438-15.9500932,57776.02782299997,17.957,,W2
QSO_53.9146438-15.9500932,57776.42052650002,18.479,0.431,W2
QSO_53.9146438-15.9500932,57973.026316500014,18.331,,W2
QSO_53.9146438-15.9500932,57973.28809450003,18.022,,W2
QSO_53.9146438-15.9500932,57973.87687600002,18.881,,W2
QSO_53.9146438-15.9500932,57974.26943349997,18.081,,W2
QSO_53.9146438-15.9500932,57980.158088,18.028,,W2
QSO_53.9146438-15.9500932,57980.15819750001,18.602,0.444,W2
QSO_53.9146438-15.9500932,58134.37007699998,18.071,,W2
QSO_53.9146438-15.9500932,58134.50089300001,18.66,0.522,W2
QSO_53.9146438-15.9500932,58134.631708999965,18.078,,W2
QSO_53.9146438-15.9500932,58135.220344500005,18.897,,W2
QSO_53.9146438-15.9500932,58135.22049050004,18.58,0.493,W2
QSO_53.9146438-15.9500932,58340.41922,18.158,,W2
QSO_53.9146438-15.9500932,58340.55003600004,17.849,,W2
QSO_53.9146438-15.9500932,58340.61529800002,18.584,,W2
QSO_53.9146438-15.9500932,58340.68070600004,17.957,,W2
QSO_53.9146438-15.9500932,58496.52789500003,18.648,,W2
QSO_53.9146438-15.9500932,58496.98564149998,18.591,,W2
QSO_53.9146438-15.9500932,58497.50865,18.343,0.412,W2
QSO_53.9146438-15.9500932,58499.27360749997,18.349,,W2
QSO_53.9146438-15.9500932,58499.4044235,17.717,0.336,W2
QSO_53.9146438-15.9500932,58704.724332999984,18.3,0.43,W2
QSO_53.9146438-15.9500932,58704.85500299999,18.022,,W2
QSO_53.9146438-15.9500932,58863.56643399997,18.109,,W2
QSO_53.9146438-15.9500932,58863.6974986,18.759,0.535,W2
QSO_53.9146438-15.9500932,58863.76308580001,18.715,0.422,W2
QSO_53.9146438-15.9500932,58864.156316199966,17.988,,W2
QSO_53.9146438-15.9500932,59068.79189379999,18.214,0.346,W2
QSO_53.9146438-15.9500932,59069.11957360004,18.001,,W2
QSO_53.9146438-15.9500932,59069.25063819999,18.317,0.379,W2
QSO_53.9146438-15.9500932,59228.5256955,18.233,0.323,W2
QSO_53.9146438-15.9500932,59435.83365049998,18.021,0.448,W2
QSO_53.9146438-15.9500932,59436.1601795,18.359,0.361,W2
QSO_53.9146438-15.9500932,59436.42141,18.466,,W2
QSO_53.9146438-15.9500932,59436.682677000026,18.169,0.432,W2
QSO_53.9146438-15.9500932,59595.05741800001,18.833,0.496,W2
QSO_53.9146438-15.9500932,59595.57966,18.252,0.377,W2
QSO_53.9146438-15.9500932,59959.06213599997,18.023,,W2
QSO_53.9146438-15.9500932,59959.06224549997,18.271,,W2
QSO_53.9146438-15.9500932,59959.19229499998,18.206,,W2
QSO_53.9146438-15.9500932,60166.83097649999,18.245,,W2
QSO_53.9146438-15.9500932,60166.83108599999,17.983,,W2
QSO_53.9146438-15.9500932,60167.34913049997,18.298,,W2
QSO_53.9146438-15.9500932,60167.34923999997,17.819,0.336,W2
QSO_53.9146438-15.9500932,60322.96404939998,18.238,,W2
QSO_53.852904-15.8231186,55228.03927149996,18.717,,W1
QSO_53.852904-15.8231186,55228.10540949998,19.835,0.542,W1
QSO_53.852904-15.8231186,55228.17147450002,18.974,0.243,W1
QSO_53.852904-15.8231186,55228.171584000025,19.058,0.275,W1
QSO_53.852904-15.8231186,55228.23764899998,19.129,0.326,W1
QSO_53.852904-15.8231186,55228.30382350003,18.971,0.297,W1
QSO_53.852904-15.8231186,55228.36985200004,19.49,0.412,W1
QSO_53.852904-15.8231186,55228.4360265,18.635,0.231,W1
QSO_53.852904-15.8231186,55228.50220099996,19.486,0.451,W1
QSO_53.852904-15.8231186,55228.63440400002,18.803,0.226,W1
QSO_53.852904-15.8231186,55417.620673,19.119,0.298,W1
QSO_53.852904-15.8231186,55417.75287599997,18.651,0.215,W1
QSO_53.852904-15.8231186,55417.88511549997,19.774,0.539,W1
QSO_53.852904-15.8231186,55417.95129000002,19.067,0.288,W1
QSO_53.852904-15.8231186,55418.01731850003,18.772,0.218,W1
QSO_53.852904-15.8231186,55418.08349299999,19.304,0.325,W1
QSO_53.852904-15.8231186,55418.281761000006,18.771,0.225,W1
QSO_53.852904-15.8231186,55418.34778950002,19.779,0.535,W1
QSO_53.852904-15.8231186,55418.347935499965,19.615,0.459,W1
QSO_53.852904-15.8231186,55418.47999249999,18.916,0.273,W1
QSO_53.852904-15.8231186,55418.480138500025,19.424,0.4,W1
QSO_53.852904-15.8231186,55418.61223199999,18.614,0.217,W1
QSO_53.852904-15.8231186,55418.74443499997,19.214,0.322,W1
QSO_53.852904-15.8231186,55591.98617350004,18.805,0.26,W1
QSO_53.852904-15.8231186,55592.38256350003,19.137,0.356,W1
QSO_53.852904-15.8231186,55592.38267300004,19.388,0.373,W1
QSO_53.852904-15.8231186,55592.84523749999,18.94,0.255,W1
QSO_53.852904-15.8231186,55592.97733099996,18.8,0.224,W1
QSO_53.852904-15.8231186,56690.199387499975,18.76,0.232,W1
QSO_53.852904-15.8231186,56690.33097000004,18.802,0.237,W1
QSO_53.852904-15.8231186,56879.99884000003,18.49,0.288,W1
QSO_53.852904-15.8231186,57053.397237463854,18.628,0.197,W1
QSO_53.852904-15.8231186,57244.51364095004,18.706000000000003,0.22,W1
QSO_53.852904-15.8231186,57245.300288975006,19.062,0.321,W1
QSO_53.852904-15.8231186,57413.032460991606,19.384,0.424,W1
QSO_53.852904-15.8231186,57413.55792720823,18.632,0.184,W1
QSO_53.852904-15.8231186,57608.75411478095,19.061,0.307,W1
QSO_53.852904-15.8231186,57608.88539898506,18.585,0.201,W1
QSO_53.852904-15.8231186,57609.082416791294,18.898000000000003,0.294,W1
QSO_53.852904-15.8231186,57609.14800399339,19.007,0.317,W1
QSO_53.852904-15.8231186,57609.47634260376,18.673,0.195,W1
QSO_53.852904-15.8231186,57609.60762680795,18.83,0.328,W1
QSO_53.852904-15.8231186,57609.73880121205,18.521,0.323,W1
QSO_53.852904-15.8231186,57609.870085416245,18.76,0.368,W1
QSO_53.852904-15.8231186,57973.28809450003,18.242,0.225,W1
QSO_53.852904-15.8231186,58134.23926100002,18.68,0.211,W1
QSO_53.852904-15.8231186,58134.69711699998,17.826,,W1
QSO_53.852904-15.8231186,58340.48462800002,18.758000000000003,0.246,W1
QSO_53.852904-15.8231186,58496.98564149998,18.641,0.193,W1
QSO_53.852904-15.8231186,58497.05090349997,18.87,0.255,W1
QSO_53.852904-15.8231186,58704.26673249999,18.81,0.247,W1
QSO_53.852904-15.8231186,58704.397439000015,18.517,0.174,W1
QSO_53.852904-15.8231186,58704.52810900002,18.629,0.202,W1
QSO_53.852904-15.8231186,58863.304231600014,18.564,0.274,W1
QSO_53.852904-15.8231186,58863.56643399997,19.638,0.466,W1
QSO_53.852904-15.8231186,58863.63202119999,19.001,0.311,W1
QSO_53.852904-15.8231186,58863.8285266,18.976,0.248,W1
QSO_53.852904-15.8231186,58864.156316199966,19.178,0.328,W1
QSO_53.852904-15.8231186,59068.79189379999,18.171,0.146,W1
QSO_53.852904-15.8231186,59069.11957360004,18.946,0.32,W1
QSO_53.852904-15.8231186,59436.81323750002,18.558,0.198,W1
QSO_53.852904-15.8231186,59595.38383750002,19.186,0.495,W1
QSO_53.852904-15.8231186,59800.11825049996,18.822000000000003,0.276,W1
QSO_53.852904-15.8231186,59959.06224549997,19.18,0.32,W1
QSO_53.852904-15.8231186,59959.19229499998,18.471,0.318,W1
QSO_53.852904-15.8231186,59959.38749699997,18.603,0.324,W1
QSO_53.852904-15.8231186,60322.96404939998,18.878,0.269,W1
QSO_53.852904-15.8231186,60323.67504100003,19.162,0.34,W1
QSO_53.852904-15.8231186,55228.03927149996,18.846,0.474,W2
QSO_53.852904-15.8231186,55228.10540949998,18.59,,W2
QSO_53.852904-15.8231186,55228.17147450002,18.737,0.402,W2
QSO_53.852904-15.8231186,55228.171584000025,18.719,0.435,W2
QSO_53.852904-15.8231186,55228.23764899998,18.524,,W2
QSO_53.852904-15.8231186,55228.30382350003,18.468,,W2
QSO_53.852904-15.8231186,55228.36985200004,18.787,,W2
QSO_53.852904-15.8231186,55228.4360265,18.318,,W2
QSO_53.852904-15.8231186,55228.50220099996,18.416,,W2
QSO_53.852904-15.8231186,55228.63440400002,18.934,,W2
QSO_53.852904-15.8231186,55417.620673,18.361,,W2
QSO_53.852904-15.8231186,55417.75287599997,18.714,,W2
QSO_53.852904-15.8231186,55417.88511549997,18.449,0.391,W2
QSO_53.852904-15.8231186,55417.95129000002,18.477,,W2
QSO_53.852904-15.8231186,55418.01731850003,18.422,,W2
QSO_53.852904-15.8231186,55418.08349299999,18.807,,W2
QSO_53.852904-15.8231186,55418.281761000006,18.641,,W2
QSO_53.852904-15.8231186,55418.34778950002,19.125,0.543,W2
QSO_53.852904-15.8231186,55418.347935499965,18.407,,W2
QSO_53.852904-15.8231186,55418.47999249999,18.605,,W2
QSO_53.852904-15.8231186,55418.480138500025,19.097,,W2
QSO_53.852904-15.8231186,55418.61223199999,19.095,,W2
QSO_53.852904-15.8231186,55418.74443499997,18.76,,W2
QSO_53.852904-15.8231186,55591.98617350004,18.763,,W2
QSO_53.852904-15.8231186,55592.38256350003,18.925,,W2
QSO_53.852904-15.8231186,55592.38267300004,19.033,,W2
QSO_53.852904-15.8231186,55592.84523749999,18.716,,W2
QSO_53.852904-15.8231186,55592.97733099996,18.55,,W2
QSO_53.852904-15.8231186,56690.199387499975,18.323,,W2
QSO_53.852904-15.8231186,56690.33097000004,18.598,,W2
QSO_53.852904-15.8231186,56879.99884000003,18.765,,W2
QSO_53.852904-15.8231186,57053.397237463854,18.868,0.489,W2
QSO_53.852904-15.8231186,57244.51364095004,18.556,,W2
QSO_53.852904-15.8231186,57245.300288975006,18.534,,W2
QSO_53.852904-15.8231186,57413.032460991606,18.207,,W2
QSO_53.852904-15.8231186,57413.55792720823,18.454,,W2
QSO_53.852904-15.8231186,57608.75411478095,18.322,,W2
QSO_53.852904-15.8231186,57608.88539898506,18.818,,W2
QSO_53.852904-15.8231186,57609.082416791294,18.328,,W2
QSO_53.852904-15.8231186,57609.14800399339,18.377,,W2
QSO_53.852904-15.8231186,57609.47634260376,18.602,,W2
QSO_53.852904-15.8231186,57609.60762680795,18.379,0.327,W2
QSO_53.852904-15.8231186,57609.73880121205,18.425,,W2
QSO_53.852904-15.8231186,57609.870085416245,18.162,,W2
QSO_53.852904-15.8231186,57973.28809450003,18.818,,W2
QSO_53.852904-15.8231186,58134.23926100002,18.795,,W2
QSO_53.852904-15.8231186,58134.69711699998,18.343,,W2
QSO_53.852904-15.8231186,58340.48462800002,17.663,0.321,W2
QSO_53.852904-15.8231186,58496.98564149998,17.58,,W2
QSO_53.852904-15.8231186,58497.05090349997,18.769,,W2
QSO_53.852904-15.8231186,58704.26673249999,18.361,,W2
QSO_53.852904-15.8231186,58704.397439000015,18.709,,W2
QSO_53.852904-15.8231186,58704.52810900002,18.466,0.394,W2
QSO_53.852904-15.8231186,58863.304231600014,17.963,,W2
QSO_53.852904-15.8231186,58863.56643399997,18.48,,W2
QSO_53.852904-15.8231186,58863.63202119999,18.88,,W2
QSO_53.852904-15.8231186,58863.8285266,18.829,,W2
QSO_53.852904-15.8231186,58864.156316199966,18.583,0.366,W2
QSO_53.852904-15.8231186,59068.79189379999,18.333,,W2
QSO_53.852904-15.8231186,59069.11957360004,17.747,,W2
QSO_53.852904-15.8231186,59436.81323750002,18.478,,W2
QSO_53.852904-15.8231186,59595.38383750002,17.633,,W2
QSO_53.852904-15.8231186,59800.11825049996,18.107,,W2
QSO_53.852904-15.8231186,59959.06224549997,18.223,0.483,W2
QSO_53.852904-15.8231186,59959.19229499998,18.312,,W2
QSO_53.852904-15.8231186,59959.38749699997,18.199,,W2
QSO_53.852904-15.8231186,60322.96404939998,18.634,,W2
QSO_53.852904-15.8231186,60323.67504100003,17.335,0.26,W2
QSO_53.7701033-15.813946,55227.642626000015,18.432,0.153,W1
QSO_53.7701033-15.813946,55228.03927149996,19.063,0.319,W1
QSO_53.7701033-15.813946,55228.10540949998,18.336,0.174,W1
QSO_53.7701033-15.813946,55228.171584000025,18.427,0.157,W1
QSO_53.7701033-15.813946,55228.23764899998,18.993,0.275,W1
QSO_53.7701033-15.813946,55228.30382350003,18.486,0.166,W1
QSO_53.7701033-15.813946,55228.36985200004,18.452,0.18,W1
QSO_53.7701033-15.813946,55228.4360265,18.880000000000003,0.234,W1
QSO_53.7701033-15.813946,55228.50220099996,18.938,0.26,W1
QSO_53.7701033-15.813946,55228.63440400002,19.348,0.389,W1
QSO_53.7701033-15.813946,55417.488470000026,19.101,0.349,W1
QSO_53.7701033-15.813946,55417.48857950003,18.729,0.207,W1
QSO_53.7701033-15.813946,55417.620673,18.546,0.183,W1
QSO_53.7701033-15.813946,55417.75287599997,19.125,0.313,W1
QSO_53.7701033-15.813946,55417.88511549997,19.548,0.477,W1
QSO_53.7701033-15.813946,55417.95129000002,18.74,0.256,W1
QSO_53.7701033-15.813946,55418.01731850003,18.633,0.196,W1
QSO_53.7701033-15.813946,55418.08349299999,19.072000000000003,0.307,W1
QSO_53.7701033-15.813946,55418.281761000006,18.815,0.219,W1
QSO_53.7701033-15.813946,55418.34778950002,19.093,0.314,W1
QSO_53.7701033-15.813946,55418.347935499965,19.491,,W1
QSO_53.7701033-15.813946,55418.47999249999,18.923,0.274,W1
QSO_53.7701033-15.813946,55418.61223199999,18.902,0.274,W1
QSO_53.7701033-15.813946,55591.98617350004,19.256,0.348,W1
QSO_53.7701033-15.813946,55592.38267300004,19.094,0.36,W1
QSO_53.7701033-15.813946,55592.84523749999,19.262,0.394,W1
QSO_53.7701033-15.813946,55592.97733099996,19.19,0.328,W1
QSO_53.7701033-15.813946,56690.1336145,18.695,0.222,W1
QSO_53.7701033-15.813946,56690.199387499975,18.838,0.257,W1
QSO_53.7701033-15.813946,56690.33097000004,18.348,0.265,W1
QSO_53.7701033-15.813946,56690.39688899996,18.907,0.396,W1
QSO_53.7701033-15.813946,56690.52858100003,18.89,0.281,W1
QSO_53.7701033-15.813946,56690.6601635,18.955,0.269,W1
QSO_53.7701033-15.813946,56879.99884000003,18.221,0.228,W1
QSO_53.7701033-15.813946,56880.13027649998,18.770000000000003,0.327,W1
QSO_53.7701033-15.813946,56880.7220145,18.747,,W1
QSO_53.7701033-15.813946,57244.51364095004,18.783,0.244,W1
QSO_53.7701033-15.813946,57245.16921747087,18.765,0.244,W1
QSO_53.7701033-15.813946,57413.032460991606,18.569,0.205,W1
QSO_53.7701033-15.813946,57413.09815799371,18.758000000000003,,W1
QSO_53.7701033-15.813946,57608.622830576765,18.52,0.185,W1
QSO_53.7701033-15.813946,57608.75411478095,18.608,0.201,W1
QSO_53.7701033-15.813946,57608.88539898506,19.095,0.293,W1
QSO_53.7701033-15.813946,57609.082416791294,19.018,0.284,W1
QSO_53.7701033-15.813946,57609.21373759551,18.686,0.21,W1
QSO_53.7701033-15.813946,57609.47619620381,18.618,0.3,W1
QSO_53.7701033-15.813946,57609.47634260376,18.9,0.305,W1
QSO_53.7701033-15.813946,57609.60751700794,18.515,0.31,W1
QSO_53.7701033-15.813946,57609.73880121205,18.798,,W1
QSO_53.7701033-15.813946,57775.30796999998,19.505000000000003,0.413,W1
QSO_53.7701033-15.813946,57775.43878600001,18.419,0.188,W1
QSO_53.7701033-15.813946,57775.569748,19.598,0.521,W1
QSO_53.7701033-15.813946,57775.83148949999,18.993,0.278,W1
QSO_53.7701033-15.813946,57775.897043500045,18.924,0.269,W1
QSO_53.7701033-15.813946,57776.28971049999,19.22,0.332,W1
QSO_53.7701033-15.813946,57776.420672499975,19.058,0.324,W1
QSO_53.7701033-15.813946,57973.026316500014,18.512,0.24,W1
QSO_53.7701033-15.813946,57973.61524400004,18.73,0.217,W1
QSO_53.7701033-15.813946,57973.68065199997,18.988,0.292,W1
QSO_53.7701033-15.813946,57973.74605999999,19.187,0.386,W1
QSO_53.7701033-15.813946,57973.87687600002,18.767000000000003,0.308,W1
QSO_53.7701033-15.813946,57974.00769199998,18.985,0.296,W1
QSO_53.7701033-15.813946,57974.138617500015,18.715,0.224,W1
QSO_53.7701033-15.813946,57980.158088,18.633,0.262,W1
QSO_53.7701033-15.813946,58134.23926100002,18.559,0.202,W1
QSO_53.7701033-15.813946,58134.50089300001,18.56,0.409,W1
QSO_53.7701033-15.813946,58134.631708999965,18.529,0.187,W1
QSO_53.7701033-15.813946,58134.7626345,18.862,0.336,W1
QSO_53.7701033-15.813946,58135.08967450001,18.755000000000003,0.21,W1
QSO_53.7701033-15.813946,58339.83065750001,18.364,0.167,W1
QSO_53.7701033-15.813946,58340.35381199998,19.12,,W1
QSO_53.7701033-15.813946,58340.41922,18.611,0.201,W1
QSO_53.7701033-15.813946,58340.54989,18.581,0.442,W1
QSO_53.7701033-15.813946,58340.55003600004,18.831000000000003,0.235,W1
QSO_53.7701033-15.813946,58340.61529800002,18.61,0.306,W1
QSO_53.7701033-15.813946,58340.68070600004,18.902,0.292,W1
QSO_53.7701033-15.813946,58340.81152199999,19.126,0.425,W1
QSO_53.7701033-15.813946,58496.266409,18.736,0.209,W1
QSO_53.7701033-15.813946,58496.52789500003,18.908,0.307,W1
QSO_53.7701033-15.813946,58496.78941750001,19.077,0.32,W1
QSO_53.7701033-15.813946,58496.98564149998,18.983,0.379,W1
QSO_53.7701033-15.813946,58499.27360749997,19.064,0.354,W1
QSO_53.7701033-15.813946,58499.4044235,19.013,0.284,W1
QSO_53.7701033-15.813946,58499.46983150002,19.441000000000003,0.421,W1
QSO_53.7701033-15.813946,58499.5350935,19.08,0.303,W1
QSO_53.7701033-15.813946,58499.53523950004,19.164,0.337,W1
QSO_53.7701033-15.813946,58499.79672549999,18.412,0.19,W1
QSO_53.7701033-15.813946,58704.26673249999,18.843,0.247,W1
QSO_53.7701033-15.813946,58704.46284700003,18.97,0.265,W1
QSO_53.7701033-15.813946,58704.724332999984,18.798,0.251,W1
QSO_53.7701033-15.813946,58704.85500299999,18.918,0.283,W1
QSO_53.7701033-15.813946,58863.63202119999,19.058,0.272,W1
QSO_53.7701033-15.813946,58863.6974986,19.235,0.328,W1
QSO_53.7701033-15.813946,58863.76308580001,18.531,0.188,W1
QSO_53.7701033-15.813946,59068.59538839997,19.189,0.536,W1
QSO_53.7701033-15.813946,59068.726453,19.251,0.356,W1
QSO_53.7701033-15.813946,59068.79189379999,18.606,0.251,W1
QSO_53.7701033-15.813946,59068.85748100001,18.386,0.166,W1
QSO_53.7701033-15.813946,59068.988545600034,18.636,0.309,W1
QSO_53.7701033-15.813946,59069.11957360004,18.624,0.298,W1
QSO_53.7701033-15.813946,59069.25063819999,18.614,0.207,W1
QSO_53.7701033-15.813946,59228.003088499965,18.794,0.321,W1
QSO_53.7701033-15.813946,59228.264465,18.464,,W1
QSO_53.7701033-15.813946,59228.32972699998,19.237,0.374,W1
QSO_53.7701033-15.813946,59228.46043350001,18.961,0.285,W1
QSO_53.7701033-15.813946,59228.59110350002,18.867,0.235,W1
QSO_53.7701033-15.813946,59435.83365049998,18.043,0.184,W1
QSO_53.7701033-15.813946,59436.02950949999,18.612,0.222,W1
QSO_53.7701033-15.813946,59436.42141,18.832,0.32,W1
QSO_53.7701033-15.813946,59436.682677000026,18.82,0.23,W1
QSO_53.7701033-15.813946,59595.05741800001,18.555,0.203,W1
QSO_53.7701033-15.813946,59595.77548249999,18.688,0.211,W1
QSO_53.7701033-15.813946,59799.46647000004,18.472,0.186,W1
QSO_53.7701033-15.813946,59799.85753100003,18.491,0.241,W1
QSO_53.7701033-15.813946,59799.92279300002,18.708,0.247,W1
QSO_53.7701033-15.813946,59800.05309799998,19.041,0.3,W1
QSO_53.7701033-15.813946,59800.11825049996,19.041,0.304,W1
QSO_53.7701033-15.813946,59800.44415899998,18.782,0.255,W1
QSO_53.7701033-15.813946,59958.80203700004,18.974,0.276,W1
QSO_53.7701033-15.813946,59959.06224549997,18.619,0.193,W1
QSO_53.7701033-15.813946,59959.19229499998,18.61,0.272,W1
QSO_53.7701033-15.813946,60163.26806550003,18.599,0.219,W1
QSO_53.7701033-15.813946,60163.39760399996,18.464,0.207,W1
QSO_53.7701033-15.813946,60163.72146850002,19.042,0.331,W1
QSO_53.7701033-15.813946,60166.248034999975,18.69,0.303,W1
QSO_53.7701033-15.813946,60166.70143799997,18.662,0.229,W1
QSO_53.7701033-15.813946,60166.83097649999,18.797,0.255,W1
QSO_53.7701033-15.813946,60166.89572749998,18.788,0.368,W1
QSO_53.7701033-15.813946,60167.08954250003,18.717,0.428,W1
QSO_53.7701033-15.813946,60167.47866899999,19.365,0.469,W1
QSO_53.7701033-15.813946,60322.83477819996,19.029,0.343,W1
QSO_53.7701033-15.813946,60322.96404939998,18.774,0.306,W1
QSO_53.7701033-15.813946,60323.15799279997,18.938,0.264,W1
QSO_53.7701033-15.813946,60323.2225552,18.643,0.216,W1
QSO_53.7701033-15.813946,55227.642626000015,18.948,0.456,W2
QSO_53.7701033-15.813946,55228.03927149996,18.916,,W2
QSO_53.7701033-15.813946,55228.10540949998,18.788,,W2
QSO_53.7701033-15.813946,55228.171584000025,18.307,0.358,W2
QSO_53.7701033-15.813946,55228.23764899998,18.271,,W2
QSO_53.7701033-15.813946,55228.30382350003,18.655,0.433,W2
QSO_53.7701033-15.813946,55228.36985200004,18.991,,W2
QSO_53.7701033-15.813946,55228.4360265,18.475,,W2
QSO_53.7701033-15.813946,55228.50220099996,18.711,,W2
QSO_53.7701033-15.813946,55228.63440400002,18.558,,W2
QSO_53.7701033-15.813946,55417.488470000026,19.04,,W2
QSO_53.7701033-15.813946,55417.48857950003,18.845,,W2
QSO_53.7701033-15.813946,55417.620673,18.45,,W2
QSO_53.7701033-15.813946,55417.75287599997,18.67,,W2
QSO_53.7701033-15.813946,55417.88511549997,18.8,,W2
QSO_53.7701033-15.813946,55417.95129000002,19.015,,W2
QSO_53.7701033-15.813946,55418.01731850003,19.065,,W2
QSO_53.7701033-15.813946,55418.08349299999,18.433,,W2
QSO_53.7701033-15.813946,55418.281761000006,18.439,,W2
QSO_53.7701033-15.813946,55418.34778950002,18.906,0.478,W2
QSO_53.7701033-15.813946,55418.347935499965,18.921,,W2
QSO_53.7701033-15.813946,55418.47999249999,19.039,,W2
QSO_53.7701033-15.813946,55418.61223199999,18.592,,W2
QSO_53.7701033-15.813946,55591.98617350004,18.783,,W2
QSO_53.7701033-15.813946,55592.38267300004,18.631,,W2
QSO_53.7701033-15.813946,55592.84523749999,18.988,,W2
QSO_53.7701033-15.813946,55592.97733099996,18.792,,W2
QSO_53.7701033-15.813946,56690.1336145,18.358,,W2
QSO_53.7701033-15.813946,56690.199387499975,18.642,0.541,W2
QSO_53.7701033-15.813946,56690.33097000004,18.547,,W2
QSO_53.7701033-15.813946,56690.39688899996,18.467,,W2
QSO_53.7701033-15.813946,56690.52858100003,18.414,0.402,W2
QSO_53.7701033-15.813946,56690.6601635,18.352,,W2
QSO_53.7701033-15.813946,56879.99884000003,18.161,,W2
QSO_53.7701033-15.813946,56880.13027649998,18.337,,W2
QSO_53.7701033-15.813946,56880.7220145,17.764,,W2
QSO_53.7701033-15.813946,57244.51364095004,18.571,0.385,W2
QSO_53.7701033-15.813946,57245.16921747087,18.791,,W2
QSO_53.7701033-15.813946,57413.032460991606,18.353,,W2
QSO_53.7701033-15.813946,57413.09815799371,17.877,,W2
QSO_53.7701033-15.813946,57608.622830576765,18.901,,W2
QSO_53.7701033-15.813946,57608.75411478095,18.135,,W2
QSO_53.7701033-15.813946,57608.88539898506,18.036,,W2
QSO_53.7701033-15.813946,57609.082416791294,18.651,,W2
QSO_53.7701033-15.813946,57609.21373759551,18.685,0.483,W2
QSO_53.7701033-15.813946,57609.47619620381,17.867,,W2
QSO_53.7701033-15.813946,57609.47634260376,17.846,,W2
QSO_53.7701033-15.813946,57609.60751700794,18.631,,W2
QSO_53.7701033-15.813946,57609.73880121205,18.752,,W2
QSO_53.7701033-15.813946,57775.30796999998,18.476,,W2
QSO_53.7701033-15.813946,57775.43878600001,18.783,,W2
QSO_53.7701033-15.813946,57775.569748,18.139,,W2
QSO_53.7701033-15.813946,57775.83148949999,18.897,,W2
QSO_53.7701033-15.813946,57775.897043500045,18.548,,W2
QSO_53.7701033-15.813946,57776.28971049999,18.046,,W2
QSO_53.7701033-15.813946,57776.420672499975,19.038,,W2
QSO_53.7701033-15.813946,57973.026316500014,18.671,,W2
QSO_53.7701033-15.813946,57973.61524400004,18.621,,W2
QSO_53.7701033-15.813946,57973.68065199997,18.557,,W2
QSO_53.7701033-15.813946,57973.74605999999,18.293,,W2
QSO_53.7701033-15.813946,57973.87687600002,18.268,0.428,W2
QSO_53.7701033-15.813946,57974.00769199998,18.226,,W2
QSO_53.7701033-15.813946,57974.138617500015,18.66,,W2
QSO_53.7701033-15.813946,57980.158088,18.245,,W2
QSO_53.7701033-15.813946,58134.23926100002,18.777,,W2
QSO_53.7701033-15.813946,58134.50089300001,19.027,,W2
QSO_53.7701033-15.813946,58134.631708999965,18.689,,W2
QSO_53.7701033-15.813946,58134.7626345,17.832,0.298,W2
QSO_53.7701033-15.813946,58135.08967450001,18.578,,W2
QSO_53.7701033-15.813946,58339.83065750001,18.433,0.377,W2
QSO_53.7701033-15.813946,58340.35381199998,17.7,0.459,W2
QSO_53.7701033-15.813946,58340.41922,18.225,,W2
QSO_53.7701033-15.813946,58340.54989,18.25,,W2
QSO_53.7701033-15.813946,58340.55003600004,18.22,,W2
QSO_53.7701033-15.813946,58340.61529800002,18.534,,W2
QSO_53.7701033-15.813946,58340.68070600004,18.148,,W2
QSO_53.7701033-15.813946,58340.81152199999,18.243,,W2
QSO_53.7701033-15.813946,58496.266409,18.782,,W2
QSO_53.7701033-15.813946,58496.52789500003,17.951999999999998,,W2
QSO_53.7701033-15.813946,58496.78941750001,18.427,0.453,W2
QSO_53.7701033-15.813946,58496.98564149998,17.933,,W2
QSO_53.7701033-15.813946,58499.27360749997,17.743,,W2
QSO_53.7701033-15.813946,58499.4044235,18.123,,W2
QSO_53.7701033-15.813946,58499.46983150002,18.047,,W2
QSO_53.7701033-15.813946,58499.5350935,18.214,,W2
QSO_53.7701033-15.813946,58499.53523950004,18.111,,W2
QSO_53.7701033-15.813946,58499.79672549999,18.332,,W2
QSO_53.7701033-15.813946,58704.26673249999,18.532,,W2
QSO_53.7701033-15.813946,58704.46284700003,18.678,,W2
QSO_53.7701033-15.813946,58704.724332999984,18.114,,W2
QSO_53.7701033-15.813946,58704.85500299999,18.46,,W2
QSO_53.7701033-15.813946,58863.63202119999,18.139,0.518,W2
QSO_53.7701033-15.813946,58863.6974986,18.492,,W2
QSO_53.7701033-15.813946,58863.76308580001,18.624,,W2
QSO_53.7701033-15.813946,59068.59538839997,18.516,,W2
QSO_53.7701033-15.813946,59068.726453,17.709,,W2
QSO_53.7701033-15.813946,59068.79189379999,18.573,,W2
QSO_53.7701033-15.813946,59068.85748100001,18.804,,W2
QSO_53.7701033-15.813946,59068.988545600034,18.694,,W2
QSO_53.7701033-15.813946,59069.11957360004,18.602,0.487,W2
QSO_53.7701033-15.813946,59069.25063819999,18.862,,W2
QSO_53.7701033-15.813946,59228.003088499965,18.406,,W2
QSO_53.7701033-15.813946,59228.264465,18.298,,W2
QSO_53.7701033-15.813946,59228.32972699998,18.251,,W2
QSO_53.7701033-15.813946,59228.46043350001,18.123,0.306,W2
QSO_53.7701033-15.813946,59228.59110350002,17.925,,W2
QSO_53.7701033-15.813946,59435.83365049998,18.718,,W2
QSO_53.7701033-15.813946,59436.02950949999,18.216,,W2
QSO_53.7701033-15.813946,59436.42141,18.418,,W2
QSO_53.7701033-15.813946,59436.682677000026,17.942,,W2
QSO_53.7701033-15.813946,59595.05741800001,17.823999999999998,,W2
QSO_53.7701033-15.813946,59595.77548249999,18.454,,W2
QSO_53.7701033-15.813946,59799.46647000004,18.091,,W2
QSO_53.7701033-15.813946,59799.85753100003,18.053,,W2
QSO_53.7701033-15.813946,59799.92279300002,18.757,,W2
QSO_53.7701033-15.813946,59800.05309799998,18.19,,W2
QSO_53.7701033-15.813946,59800.11825049996,18.231,,W2
QSO_53.7701033-15.813946,59800.44415899998,18.34,,W2
QSO_53.7701033-15.813946,59958.80203700004,18.365,,W2
QSO_53.7701033-15.813946,59959.06224549997,18.54,,W2
QSO_53.7701033-15.813946,59959.19229499998,17.983,,W2
QSO_53.7701033-15.813946,60163.26806550003,18.611,,W2
QSO_53.7701033-15.813946,60163.39760399996,18.56,,W2
QSO_53.7701033-15.813946,60163.72146850002,17.834,,W2
QSO_53.7701033-15.813946,60166.248034999975,18.437,,W2
QSO_53.7701033-15.813946,60166.70143799997,17.971999999999998,,W2
QSO_53.7701033-15.813946,60166.83097649999,18.448,,W2
QSO_53.7701033-15.813946,60166.89572749998,17.992,,W2
QSO_53.7701033-15.813946,60167.08954250003,18.168,,W2
QSO_53.7701033-15.813946,60167.47866899999,18.059,,W2
QSO_53.7701033-15.813946,60322.83477819996,18.085,,W2
QSO_53.7701033-15.813946,60322.96404939998,18.26,,W2
QSO_53.7701033-15.813946,60323.15799279997,18.774,,W2
QSO_53.7701033-15.813946,60323.2225552,18.932,,W2
QSO_54.1610164-15.7593519,55228.03927149996,18.841,0.227,W1
QSO_54.1610164-15.7593519,55228.17147450002,18.699,0.242,W1
QSO_54.1610164-15.7593519,55228.171584000025,18.571,0.177,W1
QSO_54.1610164-15.7593519,55228.30382350003,18.495,0.203,W1
QSO_54.1610164-15.7593519,55228.4360265,19.54,,W1
QSO_54.1610164-15.7593519,55228.50220099996,18.699,0.214,W1
QSO_54.1610164-15.7593519,55228.56822949997,18.958,0.26,W1
QSO_54.1610164-15.7593519,55228.63440400002,18.679,0.208,W1
QSO_54.1610164-15.7593519,55228.70046899997,18.892000000000003,0.233,W1
QSO_54.1610164-15.7593519,55228.70057849998,18.789,0.217,W1
QSO_54.1610164-15.7593519,55229.0311955,18.858,,W1
QSO_54.1610164-15.7593519,55229.16339849997,19.172,0.359,W1
QSO_54.1610164-15.7593519,55417.88511549997,18.744,0.23,W1
QSO_54.1610164-15.7593519,55418.01731850003,18.683,0.203,W1
QSO_54.1610164-15.7593519,55418.281761000006,19.06,,W1
QSO_54.1610164-15.7593519,55418.347935499965,18.674,,W1
QSO_54.1610164-15.7593519,55418.41396399998,18.778,0.247,W1
QSO_54.1610164-15.7593519,55418.47999249999,18.925,0.241,W1
QSO_54.1610164-15.7593519,55418.480138500025,19.211,,W1
QSO_54.1610164-15.7593519,55418.54616700004,18.534,0.183,W1
QSO_54.1610164-15.7593519,55418.61223199999,18.936,0.25,W1
QSO_54.1610164-15.7593519,55418.67837000001,19.396,0.357,W1
QSO_54.1610164-15.7593519,55418.74443499997,19.196,0.334,W1
QSO_54.1610164-15.7593519,55418.87663800002,18.795,0.23,W1
QSO_54.1610164-15.7593519,55419.008841,18.918,0.276,W1
QSO_54.1610164-15.7593519,55592.38256350003,19.077,0.305,W1
QSO_54.1610164-15.7593519,55592.38267300004,19.049,0.291,W1
QSO_54.1610164-15.7593519,55592.77906300003,18.664,0.206,W1
QSO_54.1610164-15.7593519,55592.84523749999,18.826,0.229,W1
QSO_54.1610164-15.7593519,55592.911266,18.736,0.216,W1
QSO_54.1610164-15.7593519,55592.97733099996,18.516,0.22,W1
QSO_54.1610164-15.7593519,55593.10953400002,19.001,0.286,W1
QSO_54.1610164-15.7593519,56690.199387499975,18.51,0.178,W1
QSO_54.1610164-15.7593519,56690.59439050003,18.864,0.238,W1
QSO_54.1610164-15.7593519,56690.72593649998,18.947000000000003,0.301,W1
QSO_54.1610164-15.7593519,56690.72608250001,19.031,0.293,W1
QSO_54.1610164-15.7593519,56879.99884000003,18.537,0.189,W1
QSO_54.1610164-15.7593519,56880.45899549998,18.624,0.197,W1
QSO_54.1610164-15.7593519,56880.7220145,18.446,0.188,W1
QSO_54.1610164-15.7593519,56880.853451000025,18.825000000000003,0.275,W1
QSO_54.1610164-15.7593519,56880.984887499966,18.558,0.365,W1
QSO_54.1610164-15.7593519,57053.06906595346,18.775,0.216,W1
QSO_54.1610164-15.7593519,57245.10369996877,18.887,0.344,W1
QSO_54.1610164-15.7593519,57245.23477147291,19.16,0.317,W1
QSO_54.1610164-15.7593519,57245.300288975006,18.649,0.203,W1
QSO_54.1610164-15.7593519,57245.431469979165,18.792,0.258,W1
QSO_54.1610164-15.7593519,57413.09804819369,18.671,0.211,W1
QSO_54.1610164-15.7593519,57413.22947879784,18.784,0.221,W1
QSO_54.1610164-15.7593519,57413.55792720823,18.753,0.216,W1
QSO_54.1610164-15.7593519,57413.68932121234,19.159,0.398,W1
QSO_54.1610164-15.7593519,57413.820751816565,18.926,0.495,W1
QSO_54.1610164-15.7593519,57610.13269042457,18.552,0.242,W1
QSO_54.1610164-15.7593519,57775.83148949999,18.6,0.284,W1
QSO_54.1610164-15.7593519,57775.96245149997,18.552,0.259,W1
QSO_54.1610164-15.7593519,57776.28971049999,18.541,0.191,W1
QSO_54.1610164-15.7593519,57776.48608049999,18.306,0.296,W1
QSO_54.1610164-15.7593519,57974.00769199998,18.692,0.203,W1
QSO_54.1610164-15.7593519,57974.00780149998,18.784,0.375,W1
QSO_54.1610164-15.7593519,57974.0732095,18.950000000000003,0.257,W1
QSO_54.1610164-15.7593519,57980.158088,19.191000000000003,0.34,W1
QSO_54.1610164-15.7593519,58134.631708999965,18.685,0.239,W1
QSO_54.1610164-15.7593519,58134.762525,19.101,0.387,W1
QSO_54.1610164-15.7593519,58135.08967450001,18.950000000000003,0.234,W1
QSO_54.1610164-15.7593519,58340.81152199999,18.587,0.2,W1
QSO_54.1610164-15.7593519,58497.1817195,18.585,0.199,W1
QSO_54.1610164-15.7593519,58497.44324199999,19.37,0.388,W1
QSO_54.1610164-15.7593519,58497.44335149999,18.625,0.309,W1
QSO_54.1610164-15.7593519,58499.79672549999,18.648,0.215,W1
QSO_54.1610164-15.7593519,58499.92743200002,18.449,0.225,W1
QSO_54.1610164-15.7593519,58704.397439000015,19.341,0.481,W1
QSO_54.1610164-15.7593519,58704.59351700004,18.85,0.257,W1
QSO_54.1610164-15.7593519,58704.724332999984,19.174,0.315,W1
QSO_54.1610164-15.7593519,58704.85500299999,18.246,0.141,W1
QSO_54.1610164-15.7593519,58705.11652549997,19.264000000000003,0.456,W1
QSO_54.1610164-15.7593519,58863.76308580001,18.513,0.166,W1
QSO_54.1610164-15.7593519,58864.2873808,18.596,0.192,W1
QSO_54.1610164-15.7593519,59069.18516079997,18.533,0.318,W1
QSO_54.1610164-15.7593519,59069.25063819999,18.823,0.267,W1
QSO_54.1610164-15.7593519,59069.51269419999,18.984,0.281,W1
QSO_54.1610164-15.7593519,59072.98621720002,18.353,0.173,W1
QSO_54.1610164-15.7593519,59228.917742000034,19.404,0.37,W1
QSO_54.1610164-15.7593519,59229.37523300003,19.111,0.318,W1
QSO_54.1610164-15.7593519,59236.95376449997,18.48,0.266,W1
QSO_54.1610164-15.7593519,59436.42141,18.358,0.165,W1
QSO_54.1610164-15.7593519,59436.74793900001,18.419,0.23,W1
QSO_54.1610164-15.7593519,59436.81323750002,18.621,0.282,W1
QSO_54.1610164-15.7593519,59436.94390750003,18.524,0.188,W1
QSO_54.1610164-15.7593519,59595.57966,18.651,0.239,W1
QSO_54.1610164-15.7593519,59595.77548249999,18.615,0.248,W1
QSO_54.1610164-15.7593519,59596.03660349998,19.035,0.277,W1
QSO_54.1610164-15.7593519,59596.29772449998,18.636,0.211,W1
QSO_54.1610164-15.7593519,59800.11825049996,18.494,0.183,W1
QSO_54.1610164-15.7593519,59800.44415899998,19.202,0.339,W1
QSO_54.1610164-15.7593519,59800.63972600001,18.694,0.197,W1
QSO_54.1610164-15.7593519,59800.965634500026,19.054,0.472,W1
QSO_54.1610164-15.7593519,59959.19229499998,18.437,0.163,W1
QSO_54.1610164-15.7593519,59959.58269900004,18.963,0.282,W1
QSO_54.1610164-15.7593519,59960.16830500001,18.904,0.253,W1
QSO_54.1610164-15.7593519,60163.851007000034,18.443,0.257,W1
QSO_54.1610164-15.7593519,60167.08954250003,18.459,0.189,W1
QSO_54.1610164-15.7593519,60167.28434300003,19.141,0.356,W1
QSO_54.1610164-15.7593519,60167.34913049997,19.147,0.397,W1
QSO_54.1610164-15.7593519,60167.73723500004,18.504,0.238,W1
QSO_54.1610164-15.7593519,60323.2225552,18.323,0.284,W1
QSO_54.1610164-15.7593519,60323.73960339998,18.608,0.277,W1
QSO_54.1610164-15.7593519,60323.8688746,19.244,0.411,W1
QSO_54.1610164-15.7593519,60324.0624154,18.683,0.253,W1
QSO_54.1610164-15.7593519,60324.19208920001,18.706000000000003,0.219,W1
QSO_54.1610164-15.7593519,55228.03927149996,18.493,,W2
QSO_54.1610164-15.7593519,55228.17147450002,18.934,,W2
QSO_54.1610164-15.7593519,55228.171584000025,18.491,0.386,W2
QSO_54.1610164-15.7593519,55228.30382350003,18.25,,W2
QSO_54.1610164-15.7593519,55228.4360265,18.675,,W2
QSO_54.1610164-15.7593519,55228.50220099996,18.619,,W2
QSO_54.1610164-15.7593519,55228.56822949997,18.863,,W2
QSO_54.1610164-15.7593519,55228.63440400002,18.953,,W2
QSO_54.1610164-15.7593519,55228.70046899997,19.135,,W2
QSO_54.1610164-15.7593519,55228.70057849998,18.788,,W2
QSO_54.1610164-15.7593519,55229.0311955,18.8,0.471,W2
QSO_54.1610164-15.7593519,55229.16339849997,18.535,,W2
QSO_54.1610164-15.7593519,55417.88511549997,18.938,0.477,W2
QSO_54.1610164-15.7593519,55418.01731850003,18.756,,W2
QSO_54.1610164-15.7593519,55418.281761000006,18.901,0.472,W2
QSO_54.1610164-15.7593519,55418.347935499965,18.434,,W2
QSO_54.1610164-15.7593519,55418.41396399998,19.004,,W2
QSO_54.1610164-15.7593519,55418.47999249999,18.669,,W2
QSO_54.1610164-15.7593519,55418.480138500025,18.392,,W2
QSO_54.1610164-15.7593519,55418.54616700004,18.444,,W2
QSO_54.1610164-15.7593519,55418.61223199999,18.378,,W2
QSO_54.1610164-15.7593519,55418.67837000001,18.958,,W2
QSO_54.1610164-15.7593519,55418.74443499997,18.505,,W2
QSO_54.1610164-15.7593519,55418.87663800002,18.397,,W2
QSO_54.1610164-15.7593519,55419.008841,18.418,,W2
QSO_54.1610164-15.7593519,55592.38256350003,18.403,,W2
QSO_54.1610164-15.7593519,55592.38267300004,18.838,,W2
QSO_54.1610164-15.7593519,55592.77906300003,18.919,0.514,W2
QSO_54.1610164-15.7593519,55592.84523749999,18.596,,W2
QSO_54.1610164-15.7593519,55592.911266,18.683,,W2
QSO_54.1610164-15.7593519,55592.97733099996,18.299,,W2
QSO_54.1610164-15.7593519,55593.10953400002,18.537,,W2
QSO_54.1610164-15.7593519,56690.199387499975,18.438,,W2
QSO_54.1610164-15.7593519,56690.59439050003,18.457,,W2
QSO_54.1610164-15.7593519,56690.72593649998,18.245,,W2
QSO_54.1610164-15.7593519,56690.72608250001,18.618,,W2
QSO_54.1610164-15.7593519,56879.99884000003,18.547,,W2
QSO_54.1610164-15.7593519,56880.45899549998,18.815,,W2
QSO_54.1610164-15.7593519,56880.7220145,18.173,,W2
QSO_54.1610164-15.7593519,56880.853451000025,18.848,,W2
QSO_54.1610164-15.7593519,56880.984887499966,18.981,,W2
QSO_54.1610164-15.7593519,57053.06906595346,18.619,,W2
QSO_54.1610164-15.7593519,57245.10369996877,18.692,0.532,W2
QSO_54.1610164-15.7593519,57245.23477147291,17.803,,W2
QSO_54.1610164-15.7593519,57245.300288975006,18.266,,W2
QSO_54.1610164-15.7593519,57245.431469979165,18.098,,W2
QSO_54.1610164-15.7593519,57413.09804819369,18.423,,W2
QSO_54.1610164-15.7593519,57413.22947879784,18.912,,W2
QSO_54.1610164-15.7593519,57413.55792720823,18.344,,W2
QSO_54.1610164-15.7593519,57413.68932121234,18.944,,W2
QSO_54.1610164-15.7593519,57413.820751816565,18.857,,W2
QSO_54.1610164-15.7593519,57610.13269042457,18.005,,W2
QSO_54.1610164-15.7593519,57775.83148949999,18.086,,W2
QSO_54.1610164-15.7593519,57775.96245149997,18.143,,W2
QSO_54.1610164-15.7593519,57776.28971049999,18.435,,W2
QSO_54.1610164-15.7593519,57776.48608049999,18.644,,W2
QSO_54.1610164-15.7593519,57974.00769199998,18.741,,W2
QSO_54.1610164-15.7593519,57974.00780149998,18.414,,W2
QSO_54.1610164-15.7593519,57974.0732095,18.314,,W2
QSO_54.1610164-15.7593519,57980.158088,17.828,,W2
QSO_54.1610164-15.7593519,58134.631708999965,18.358,,W2
QSO_54.1610164-15.7593519,58134.762525,18.486,,W2
QSO_54.1610164-15.7593519,58135.08967450001,18.206,,W2
QSO_54.1610164-15.7593519,58340.81152199999,18.411,,W2
QSO_54.1610164-15.7593519,58497.1817195,17.953,,W2
QSO_54.1610164-15.7593519,58497.44324199999,18.815,,W2
QSO_54.1610164-15.7593519,58497.44335149999,18.307,,W2
QSO_54.1610164-15.7593519,58499.79672549999,18.054,,W2
QSO_54.1610164-15.7593519,58499.92743200002,18.299,,W2
QSO_54.1610164-15.7593519,58704.397439000015,17.851,,W2
QSO_54.1610164-15.7593519,58704.59351700004,18.646,,W2
QSO_54.1610164-15.7593519,58704.724332999984,18.813,,W2
QSO_54.1610164-15.7593519,58704.85500299999,18.57,,W2
QSO_54.1610164-15.7593519,58705.11652549997,18.055,,W2
QSO_54.1610164-15.7593519,58863.76308580001,18.918,0.518,W2
QSO_54.1610164-15.7593519,58864.2873808,18.59,,W2
QSO_54.1610164-15.7593519,59069.18516079997,18.101,,W2
QSO_54.1610164-15.7593519,59069.25063819999,17.929,,W2
QSO_54.1610164-15.7593519,59069.51269419999,18.463,,W2
QSO_54.1610164-15.7593519,59072.98621720002,18.035,,W2
QSO_54.1610164-15.7593519,59228.917742000034,18.519,,W2
QSO_54.1610164-15.7593519,59229.37523300003,18.496,,W2
QSO_54.1610164-15.7593519,59236.95376449997,18.488,,W2
QSO_54.1610164-15.7593519,59436.42141,18.16,,W2
QSO_54.1610164-15.7593519,59436.74793900001,18.131,,W2
QSO_54.1610164-15.7593519,59436.81323750002,17.771,,W2
QSO_54.1610164-15.7593519,59436.94390750003,17.979,,W2
QSO_54.1610164-15.7593519,59595.57966,18.208,,W2
QSO_54.1610164-15.7593519,59595.77548249999,18.85,,W2
QSO_54.1610164-15.7593519,59596.03660349998,18.538,,W2
QSO_54.1610164-15.7593519,59596.29772449998,18.83,,W2
QSO_54.1610164-15.7593519,59800.11825049996,18.282,,W2
QSO_54.1610164-15.7593519,59800.44415899998,18.114,,W2
QSO_54.1610164-15.7593519,59800.63972600001,18.803,0.498,W2
QSO_54.1610164-15.7593519,59800.965634500026,17.823,,W2
QSO_54.1610164-15.7593519,59959.19229499998,18.62,,W2
QSO_54.1610164-15.7593519,59959.58269900004,19.005,,W2
QSO_54.1610164-15.7593519,59960.16830500001,17.901,,W2
QSO_54.1610164-15.7593519,60163.851007000034,18.161,,W2
QSO_54.1610164-15.7593519,60167.08954250003,18.722,,W2
QSO_54.1610164-15.7593519,60167.28434300003,18.027,0.491,W2
QSO_54.1610164-15.7593519,60167.34913049997,18.306,,W2
QSO_54.1610164-15.7593519,60167.73723500004,18.611,,W2
QSO_54.1610164-15.7593519,60323.2225552,18.425,,W2
QSO_54.1610164-15.7593519,60323.73960339998,18.392,,W2
QSO_54.1610164-15.7593519,60323.8688746,18.602,,W2
QSO_54.1610164-15.7593519,60324.0624154,18.068,,W2
QSO_54.1610164-15.7593519,60324.19208920001,18.332,,W2
QSO_53.7729063-15.8066026,55227.642626000015,18.935,0.312,W1
QSO_53.7729063-15.8066026,55228.03927149996,18.796,0.342,W1
QSO_53.7729063-15.8066026,55228.10540949998,18.772,0.263,W1
QSO_53.7729063-15.8066026,55228.171584000025,18.864,0.255,W1
QSO_53.7729063-15.8066026,55228.23764899998,19.418,0.457,W1
QSO_53.7729063-15.8066026,55228.30382350003,19.462000000000003,0.464,W1
QSO_53.7729063-15.8066026,55228.36985200004,18.825000000000003,0.278,W1
QSO_53.7729063-15.8066026,55228.4360265,18.899,0.38,W1
QSO_53.7729063-15.8066026,55228.50220099996,19.262,0.418,W1
QSO_53.7729063-15.8066026,55228.63440400002,19.174,0.436,W1
QSO_53.7729063-15.8066026,55417.488470000026,19.020000000000003,0.344,W1
QSO_53.7729063-15.8066026,55417.48857950003,19.156,0.351,W1
QSO_53.7729063-15.8066026,55417.620673,18.759,,W1
QSO_53.7729063-15.8066026,55417.75287599997,19.428,0.469,W1
QSO_53.7729063-15.8066026,55417.88511549997,18.973,0.335,W1
QSO_53.7729063-15.8066026,55417.95129000002,18.893,0.316,W1
QSO_53.7729063-15.8066026,55418.01731850003,19.032,0.392,W1
QSO_53.7729063-15.8066026,55418.08349299999,19.03,,W1
QSO_53.7729063-15.8066026,55418.281761000006,19.123,0.33,W1
QSO_53.7729063-15.8066026,55418.34778950002,19.06,0.355,W1
QSO_53.7729063-15.8066026,55418.347935499965,18.606,0.244,W1
QSO_53.7729063-15.8066026,55418.47999249999,19.183,0.415,W1
QSO_53.7729063-15.8066026,55418.61223199999,18.854,0.314,W1
QSO_53.7729063-15.8066026,55591.98617350004,18.45,0.216,W1
QSO_53.7729063-15.8066026,55592.38267300004,19.048,0.297,W1
QSO_53.7729063-15.8066026,55592.84523749999,19.112,0.359,W1
QSO_53.7729063-15.8066026,55592.97733099996,18.89,0.267,W1
QSO_53.7729063-15.8066026,56690.199387499975,19.139000000000003,0.342,W1
QSO_53.7729063-15.8066026,56690.52858100003,18.896,0.27,W1
QSO_53.7729063-15.8066026,57609.14800399339,18.573,0.248,W1
QSO_53.7729063-15.8066026,57775.70067350004,18.284,0.239,W1
QSO_53.7729063-15.8066026,57776.28971049999,19.005000000000003,0.279,W1
QSO_53.7729063-15.8066026,57776.42052650002,18.61,0.226,W1
QSO_53.7729063-15.8066026,57973.61524400004,18.904,0.29,W1
QSO_53.7729063-15.8066026,57973.68065199997,18.891,0.387,W1
QSO_53.7729063-15.8066026,57973.74605999999,18.987,0.327,W1
QSO_53.7729063-15.8066026,57973.87687600002,18.807,,W1
QSO_53.7729063-15.8066026,57974.00769199998,18.491,0.212,W1
QSO_53.7729063-15.8066026,58135.22049050004,19.05,0.352,W1
QSO_53.7729063-15.8066026,58340.35381199998,19.455,0.527,W1
QSO_53.7729063-15.8066026,58340.41922,19.109,0.348,W1
QSO_53.7729063-15.8066026,58340.61529800002,18.34,0.343,W1
QSO_53.7729063-15.8066026,58496.397115500025,18.452,0.247,W1
QSO_53.7729063-15.8066026,58499.46983150002,18.595,0.193,W1
QSO_53.7729063-15.8066026,58499.79672549999,18.880000000000003,0.284,W1
QSO_53.7729063-15.8066026,58704.46284700003,18.624,0.237,W1
QSO_53.7729063-15.8066026,58704.724332999984,18.994,,W1
QSO_53.7729063-15.8066026,58704.85500299999,18.612,0.197,W1
QSO_53.7729063-15.8066026,58863.304231600014,19.07,0.346,W1
QSO_53.7729063-15.8066026,58863.76308580001,18.885,0.27,W1
QSO_53.7729063-15.8066026,59068.26774520004,18.315,0.185,W1
QSO_53.7729063-15.8066026,59069.11957360004,18.667,0.256,W1
QSO_53.7729063-15.8066026,59069.25063819999,18.547,0.267,W1
QSO_53.7729063-15.8066026,59228.32972699998,19.582,0.482,W1
QSO_53.7729063-15.8066026,59435.83365049998,18.700000000000003,0.219,W1
QSO_53.7729063-15.8066026,59595.77548249999,18.867,0.262,W1
QSO_53.7729063-15.8066026,59799.46647000004,18.289,0.161,W1
QSO_53.7729063-15.8066026,59799.92279300002,19.064,0.307,W1
QSO_53.7729063-15.8066026,59959.06224549997,18.629,0.195,W1
QSO_53.7729063-15.8066026,60163.39760399996,18.868,0.33,W1
QSO_53.7729063-15.8066026,60166.636650500026,18.654,0.281,W1
QSO_53.7729063-15.8066026,60322.70539720002,18.869,0.266,W1
QSO_53.7729063-15.8066026,60322.83477819996,18.845,0.26,W1
QSO_53.7729063-15.8066026,60323.15799279997,19.019,,W1
QSO_53.7729063-15.8066026,55227.642626000015,19.109,,W2
QSO_53.7729063-15.8066026,55228.03927149996,18.571,,W2
QSO_53.7729063-15.8066026,55228.10540949998,18.787,0.509,W2
QSO_53.7729063-15.8066026,55228.171584000025,18.256,,W2
QSO_53.7729063-15.8066026,55228.23764899998,18.881,,W2
QSO_53.7729063-15.8066026,55228.30382350003,18.738,,W2
QSO_53.7729063-15.8066026,55228.36985200004,18.842,,W2
QSO_53.7729063-15.8066026,55228.4360265,18.832,,W2
QSO_53.7729063-15.8066026,55228.50220099996,18.644,,W2
QSO_53.7729063-15.8066026,55228.63440400002,18.877,,W2
QSO_53.7729063-15.8066026,55417.488470000026,19.012,,W2
QSO_53.7729063-15.8066026,55417.48857950003,18.977,,W2
QSO_53.7729063-15.8066026,55417.620673,18.538,,W2
QSO_53.7729063-15.8066026,55417.75287599997,18.522,,W2
QSO_53.7729063-15.8066026,55417.88511549997,18.792,,W2
QSO_53.7729063-15.8066026,55417.95129000002,18.514,,W2
QSO_53.7729063-15.8066026,55418.01731850003,18.232,,W2
QSO_53.7729063-15.8066026,55418.08349299999,18.586,0.379,W2
QSO_53.7729063-15.8066026,55418.281761000006,18.676,,W2
QSO_53.7729063-15.8066026,55418.34778950002,18.109,,W2
QSO_53.7729063-15.8066026,55418.347935499965,18.368,,W2
QSO_53.7729063-15.8066026,55418.47999249999,18.745,0.518,W2
QSO_53.7729063-15.8066026,55418.61223199999,18.433,,W2
QSO_53.7729063-15.8066026,55591.98617350004,18.704,0.452,W2
QSO_53.7729063-15.8066026,55592.38267300004,18.345,,W2
QSO_53.7729063-15.8066026,55592.84523749999,18.732,,W2
QSO_53.7729063-15.8066026,55592.97733099996,18.209,,W2
QSO_53.7729063-15.8066026,56690.199387499975,18.147,,W2
QSO_53.7729063-15.8066026,56690.52858100003,18.784,,W2
QSO_53.7729063-15.8066026,57609.14800399339,18.436,,W2
QSO_53.7729063-15.8066026,57775.70067350004,18.278,,W2
QSO_53.7729063-15.8066026,57776.28971049999,18.679,,W2
QSO_53.7729063-15.8066026,57776.42052650002,18.286,,W2
QSO_53.7729063-15.8066026,57973.61524400004,18.672,,W2
QSO_53.7729063-15.8066026,57973.68065199997,18.591,,W2
QSO_53.7729063-15.8066026,57973.74605999999,18.305,0.376,W2
QSO_53.7729063-15.8066026,57973.87687600002,18.002,0.33,W2
QSO_53.7729063-15.8066026,57974.00769199998,17.929,,W2
QSO_53.7729063-15.8066026,58135.22049050004,19.075,,W2
QSO_53.7729063-15.8066026,58340.35381199998,18.652,,W2
QSO_53.7729063-15.8066026,58340.41922,18.296,,W2
QSO_53.7729063-15.8066026,58340.61529800002,18.576,,W2
QSO_53.7729063-15.8066026,58496.397115500025,18.188,,W2
QSO_53.7729063-15.8066026,58499.46983150002,18.356,,W2
QSO_53.7729063-15.8066026,58499.79672549999,18.082,,W2
QSO_53.7729063-15.8066026,58704.46284700003,18.874,,W2
QSO_53.7729063-15.8066026,58704.724332999984,17.826999999999998,,W2
QSO_53.7729063-15.8066026,58704.85500299999,18.541,,W2
QSO_53.7729063-15.8066026,58863.304231600014,18.742,,W2
QSO_53.7729063-15.8066026,58863.76308580001,18.88,,W2
QSO_53.7729063-15.8066026,59068.26774520004,18.218,,W2
QSO_53.7729063-15.8066026,59069.11957360004,18.087,,W2
QSO_53.7729063-15.8066026,59069.25063819999,17.846999999999998,,W2
QSO_53.7729063-15.8066026,59228.32972699998,18.568,,W2
QSO_53.7729063-15.8066026,59435.83365049998,18.43,,W2
QSO_53.7729063-15.8066026,59595.77548249999,18.695,,W2
QSO_53.7729063-15.8066026,59799.46647000004,18.152,,W2
QSO_53.7729063-15.8066026,59799.92279300002,18.874,,W2
QSO_53.7729063-15.8066026,59959.06224549997,18.128,,W2
QSO_53.7729063-15.8066026,60163.39760399996,18.688,,W2
QSO_53.7729063-15.8066026,60166.636650500026,18.201,0.409,W2
QSO_53.7729063-15.8066026,60322.70539720002,18.843,,W2
QSO_53.7729063-15.8066026,60322.83477819996,18.199,0.341,W2
QSO_53.7729063-15.8066026,60323.15799279997,18.139,,W2
QSO_53.8872828-15.6540841,55228.03927149996,19.471,0.404,W1
QSO_53.8872828-15.6540841,55228.039380999966,19.246,0.37,W1
QSO_53.8872828-15.6540841,55228.171584000025,19.153,,W1
QSO_53.8872828-15.6540841,55228.23764899998,19.333,0.359,W1
QSO_53.8872828-15.6540841,55228.30382350003,19.572000000000003,0.46,W1
QSO_53.8872828-15.6540841,55228.36999799999,18.904,0.257,W1
QSO_53.8872828-15.6540841,55228.4360265,18.951,0.316,W1
QSO_53.8872828-15.6540841,55228.50220099996,18.948,0.264,W1
QSO_53.8872828-15.6540841,55228.56822949997,18.877,0.232,W1
QSO_53.8872828-15.6540841,55228.56837550001,19.061,,W1
QSO_53.8872828-15.6540841,55228.63440400002,18.878,0.24,W1
QSO_53.8872828-15.6540841,55417.620673,19.06,,W1
QSO_53.8872828-15.6540841,55417.75287599997,19.29,,W1
QSO_53.8872828-15.6540841,55417.88511549997,19.69,0.476,W1
QSO_53.8872828-15.6540841,55418.01731850003,18.612,0.192,W1
QSO_53.8872828-15.6540841,55418.08334699996,18.629,0.198,W1
QSO_53.8872828-15.6540841,55418.08349299999,19.476,0.424,W1
QSO_53.8872828-15.6540841,55418.281761000006,19.270000000000003,0.333,W1
QSO_53.8872828-15.6540841,55418.34778950002,18.437,0.181,W1
QSO_53.8872828-15.6540841,55418.41396399998,18.711,0.206,W1
QSO_53.8872828-15.6540841,55418.47999249999,18.825000000000003,0.227,W1
QSO_53.8872828-15.6540841,55418.61223199999,19.125,0.305,W1
QSO_53.8872828-15.6540841,55418.74443499997,19.0,0.27,W1
QSO_53.8872828-15.6540841,55418.87663800002,18.801,0.218,W1
QSO_53.8872828-15.6540841,55591.98617350004,19.223,0.329,W1
QSO_53.8872828-15.6540841,55592.38267300004,18.849,0.242,W1
QSO_53.8872828-15.6540841,55592.77920899998,18.691000000000003,0.205,W1
QSO_53.8872828-15.6540841,55592.84523749999,19.327,0.405,W1
QSO_53.8872828-15.6540841,55592.97744049996,19.139000000000003,0.308,W1
QSO_53.8872828-15.6540841,55593.10953400002,19.020000000000003,0.273,W1
QSO_53.8872828-15.6540841,56690.59439050003,18.483,0.181,W1
QSO_53.8872828-15.6540841,56695.07067750004,18.994,0.288,W1
QSO_53.8872828-15.6540841,56880.13027649998,18.614,0.268,W1
QSO_53.8872828-15.6540841,56880.7220145,19.200000000000003,0.388,W1
QSO_53.8872828-15.6540841,57245.16921747087,19.112,0.332,W1
QSO_53.8872828-15.6540841,57413.09815799371,19.153,0.335,W1
QSO_53.8872828-15.6540841,57973.28809450003,19.053,0.323,W1
QSO_53.8872828-15.6540841,57974.138617500015,19.388,0.422,W1
QSO_53.8872828-15.6540841,58134.7626345,18.867,0.229,W1
QSO_53.8872828-15.6540841,58497.0510495,18.911,0.253,W1
QSO_53.8872828-15.6540841,58499.4044235,18.804,0.269,W1
QSO_53.8872828-15.6540841,58499.53523950004,19.321,0.357,W1
QSO_53.8872828-15.6540841,58500.38514200003,18.636,0.217,W1
QSO_53.8872828-15.6540841,58704.85500299999,19.181,0.32,W1
QSO_53.8872828-15.6540841,58863.56643399997,19.154,0.366,W1
QSO_53.8872828-15.6540841,58863.6974986,18.488,0.216,W1
QSO_53.8872828-15.6540841,59069.25063819999,19.133000000000003,0.352,W1
QSO_53.8872828-15.6540841,59228.264465,18.51,0.271,W1
QSO_53.8872828-15.6540841,59228.46043350001,18.971,0.326,W1
QSO_53.8872828-15.6540841,59436.1601795,18.607,0.199,W1
QSO_53.8872828-15.6540841,59436.42141,18.361,0.163,W1
QSO_53.8872828-15.6540841,59595.38383750002,18.625,0.245,W1
QSO_53.8872828-15.6540841,59595.77548249999,18.679,0.234,W1
QSO_53.8872828-15.6540841,59799.85753100003,18.738,0.263,W1
QSO_53.8872828-15.6540841,59959.387643,18.864,0.233,W1
QSO_53.8872828-15.6540841,59959.58284499999,18.779,0.215,W1
QSO_53.8872828-15.6540841,59960.0382555,18.49,0.349,W1
QSO_53.8872828-15.6540841,60166.76567799997,19.214,0.378,W1
QSO_53.8872828-15.6540841,60323.67504100003,18.823,0.326,W1
QSO_53.8872828-15.6540841,55228.03927149996,18.868,0.488,W2
QSO_53.8872828-15.6540841,55228.039380999966,18.647,,W2
QSO_53.8872828-15.6540841,55228.171584000025,18.703,,W2
QSO_53.8872828-15.6540841,55228.23764899998,19.012,,W2
QSO_53.8872828-15.6540841,55228.30382350003,18.871,,W2
QSO_53.8872828-15.6540841,55228.36999799999,19.042,,W2
QSO_53.8872828-15.6540841,55228.4360265,19.02,,W2
QSO_53.8872828-15.6540841,55228.50220099996,18.995,,W2
QSO_53.8872828-15.6540841,55228.56822949997,19.127,,W2
QSO_53.8872828-15.6540841,55228.56837550001,18.647,,W2
QSO_53.8872828-15.6540841,55228.63440400002,18.243,,W2
QSO_53.8872828-15.6540841,55417.620673,18.3,,W2
QSO_53.8872828-15.6540841,55417.75287599997,19.062,,W2
QSO_53.8872828-15.6540841,55417.88511549997,19.032,,W2
QSO_53.8872828-15.6540841,55418.01731850003,18.534,,W2
QSO_53.8872828-15.6540841,55418.08334699996,18.649,,W2
QSO_53.8872828-15.6540841,55418.08349299999,18.832,,W2
QSO_53.8872828-15.6540841,55418.281761000006,18.078,,W2
QSO_53.8872828-15.6540841,55418.34778950002,18.869,,W2
QSO_53.8872828-15.6540841,55418.41396399998,18.739,,W2
QSO_53.8872828-15.6540841,55418.47999249999,18.665,0.474,W2
QSO_53.8872828-15.6540841,55418.61223199999,19.159,,W2
QSO_53.8872828-15.6540841,55418.74443499997,18.999,,W2
QSO_53.8872828-15.6540841,55418.87663800002,18.341,,W2
QSO_53.8872828-15.6540841,55591.98617350004,18.55,,W2
QSO_53.8872828-15.6540841,55592.38267300004,18.897,0.491,W2
QSO_53.8872828-15.6540841,55592.77920899998,18.647,,W2
QSO_53.8872828-15.6540841,55592.84523749999,18.507,,W2
QSO_53.8872828-15.6540841,55592.97744049996,18.542,,W2
QSO_53.8872828-15.6540841,55593.10953400002,18.983,,W2
QSO_53.8872828-15.6540841,56690.59439050003,18.615,,W2
QSO_53.8872828-15.6540841,56695.07067750004,18.87,,W2
QSO_53.8872828-15.6540841,56880.13027649998,18.367,0.323,W2
QSO_53.8872828-15.6540841,56880.7220145,18.78,,W2
QSO_53.8872828-15.6540841,57245.16921747087,18.944,,W2
QSO_53.8872828-15.6540841,57413.09815799371,18.577,,W2
QSO_53.8872828-15.6540841,57973.28809450003,18.592,,W2
QSO_53.8872828-15.6540841,57974.138617500015,18.457,,W2
QSO_53.8872828-15.6540841,58134.7626345,18.933,,W2
QSO_53.8872828-15.6540841,58497.0510495,18.328,,W2
QSO_53.8872828-15.6540841,58499.4044235,17.477,,W2
QSO_53.8872828-15.6540841,58499.53523950004,18.158,0.421,W2
QSO_53.8872828-15.6540841,58500.38514200003,18.179,,W2
QSO_53.8872828-15.6540841,58704.85500299999,17.785,0.411,W2
QSO_53.8872828-15.6540841,58863.56643399997,17.593,,W2
QSO_53.8872828-15.6540841,58863.6974986,18.289,,W2
QSO_53.8872828-15.6540841,59069.25063819999,18.051,,W2
QSO_53.8872828-15.6540841,59228.264465,18.239,,W2
QSO_53.8872828-15.6540841,59228.46043350001,18.083,,W2
QSO_53.8872828-15.6540841,59436.1601795,18.444,,W2
QSO_53.8872828-15.6540841,59436.42141,17.785,,W2
QSO_53.8872828-15.6540841,59595.38383750002,18.859,,W2
QSO_53.8872828-15.6540841,59595.77548249999,18.757,,W2
QSO_53.8872828-15.6540841,59799.85753100003,18.005,,W2
QSO_53.8872828-15.6540841,59959.387643,18.248,,W2
QSO_53.8872828-15.6540841,59959.58284499999,18.513,0.445,W2
QSO_53.8872828-15.6540841,59960.0382555,18.093,,W2
QSO_53.8872828-15.6540841,60166.76567799997,18.242,,W2
QSO_53.8872828-15.6540841,60323.67504100003,18.154,,W2
QSO_53.8785777-15.7834822,55228.03927149996,18.891,0.248,W1
QSO_53.8785777-15.7834822,55228.171584000025,18.635,0.196,W1
QSO_53.8785777-15.7834822,55228.23764899998,18.708,0.227,W1
QSO_53.8785777-15.7834822,55228.30382350003,18.661,0.198,W1
QSO_53.8785777-15.7834822,55228.36985200004,19.018,0.263,W1
QSO_53.8785777-15.7834822,55228.4360265,18.263,0.164,W1
QSO_53.8785777-15.7834822,55228.50220099996,19.179,,W1
QSO_53.8785777-15.7834822,55228.63440400002,19.178,0.345,W1
QSO_53.8785777-15.7834822,55417.620673,19.179,0.318,W1
QSO_53.8785777-15.7834822,55417.75287599997,19.735,0.538,W1
QSO_53.8785777-15.7834822,55417.88511549997,19.629,0.505,W1
QSO_53.8785777-15.7834822,55418.01731850003,19.306,0.422,W1
QSO_53.8785777-15.7834822,55418.08349299999,19.496,0.441,W1
QSO_53.8785777-15.7834822,55418.281761000006,18.888,0.274,W1
QSO_53.8785777-15.7834822,55418.34778950002,18.937,0.233,W1
QSO_53.8785777-15.7834822,55418.347935499965,18.761000000000003,0.208,W1
QSO_53.8785777-15.7834822,55418.41396399998,18.645,0.192,W1
QSO_53.8785777-15.7834822,55418.47999249999,18.618,0.196,W1
QSO_53.8785777-15.7834822,55418.61223199999,19.762,,W1
QSO_53.8785777-15.7834822,55418.74443499997,19.044,,W1
QSO_53.8785777-15.7834822,55591.98617350004,18.34,0.164,W1
QSO_53.8785777-15.7834822,55592.38267300004,18.835,0.232,W1
QSO_53.8785777-15.7834822,55592.84523749999,18.971,0.27,W1
QSO_53.8785777-15.7834822,55592.97733099996,19.116,0.327,W1
QSO_53.8785777-15.7834822,55593.10953400002,19.421,,W1
QSO_53.8785777-15.7834822,56690.199387499975,18.474,0.182,W1
QSO_53.8785777-15.7834822,56690.46266200002,18.770000000000003,0.255,W1
QSO_53.8785777-15.7834822,56690.6601635,18.915,0.279,W1
QSO_53.8785777-15.7834822,56879.99884000003,19.156,0.338,W1
QSO_53.8785777-15.7834822,56880.45899549998,18.815,0.233,W1
QSO_53.8785777-15.7834822,56880.7220145,18.547,0.174,W1
QSO_53.8785777-15.7834822,56880.853451000025,18.779,0.242,W1
QSO_53.8785777-15.7834822,57053.06906595346,18.753,0.224,W1
QSO_53.8785777-15.7834822,57053.397237463854,19.031,0.307,W1
QSO_53.8785777-15.7834822,57245.300288975006,18.35,0.232,W1
QSO_53.8785777-15.7834822,57413.09815799371,18.947000000000003,0.262,W1
QSO_53.8785777-15.7834822,57413.22947879784,18.537,0.18,W1
QSO_53.8785777-15.7834822,57413.55792720823,18.611,0.209,W1
QSO_53.8785777-15.7834822,57608.88539898506,18.567,0.199,W1
QSO_53.8785777-15.7834822,57609.21373759551,18.571,0.191,W1
QSO_53.8785777-15.7834822,57609.47619620381,18.044,0.167,W1
QSO_53.8785777-15.7834822,57609.47634260376,18.449,0.247,W1
QSO_53.8785777-15.7834822,57609.541929805855,18.835,0.225,W1
QSO_53.8785777-15.7834822,57609.60751700794,18.714,0.227,W1
QSO_53.8785777-15.7834822,57775.43878600001,18.576,0.207,W1
QSO_53.8785777-15.7834822,57775.569748,19.234,0.346,W1
QSO_53.8785777-15.7834822,57775.83148949999,18.754,0.276,W1
QSO_53.8785777-15.7834822,57775.96245149997,18.613,0.2,W1
QSO_53.8785777-15.7834822,57776.02782299997,17.534,0.215,W1
QSO_53.8785777-15.7834822,57776.28971049999,18.845,0.306,W1
QSO_53.8785777-15.7834822,57776.420672499975,19.189,0.346,W1
QSO_53.8785777-15.7834822,57973.026316500014,18.741,0.228,W1
QSO_53.8785777-15.7834822,57973.74605999999,19.232,0.361,W1
QSO_53.8785777-15.7834822,57974.00769199998,18.384,,W1
QSO_53.8785777-15.7834822,57974.138617500015,18.424,0.219,W1
QSO_53.8785777-15.7834822,57980.158088,18.936,0.271,W1
QSO_53.8785777-15.7834822,58134.37007699998,19.154,0.34,W1
QSO_53.8785777-15.7834822,58134.69711699998,18.978,0.282,W1
QSO_53.8785777-15.7834822,58134.762525,18.966,0.249,W1
QSO_53.8785777-15.7834822,58134.7626345,18.952,0.298,W1
QSO_53.8785777-15.7834822,58135.08967450001,18.734,0.239,W1
QSO_53.8785777-15.7834822,58340.35381199998,18.45,0.205,W1
QSO_53.8785777-15.7834822,58340.41922,18.857,0.256,W1
QSO_53.8785777-15.7834822,58340.54989,18.624,0.211,W1
QSO_53.8785777-15.7834822,58340.55003600004,19.05,0.419,W1
QSO_53.8785777-15.7834822,58340.68070600004,18.753,0.266,W1
QSO_53.8785777-15.7834822,58340.81152199999,18.687,0.268,W1
QSO_53.8785777-15.7834822,58496.397115500025,18.574,0.193,W1
QSO_53.8785777-15.7834822,58496.52789500003,18.439,0.265,W1
QSO_53.8785777-15.7834822,58499.79672549999,18.628,0.213,W1
QSO_53.8785777-15.7834822,58704.397439000015,18.524,0.187,W1
QSO_53.8785777-15.7834822,58704.52810900002,18.625,0.239,W1
QSO_53.8785777-15.7834822,58863.56643399997,18.508,0.179,W1
QSO_53.8785777-15.7834822,58863.63202119999,18.813,0.311,W1
QSO_53.8785777-15.7834822,58863.76308580001,18.651,0.218,W1
QSO_53.8785777-15.7834822,58863.8285266,19.031,0.493,W1
QSO_53.8785777-15.7834822,58864.02514180002,19.133000000000003,0.301,W1
QSO_53.8785777-15.7834822,58864.156316199966,18.923,0.265,W1
QSO_53.8785777-15.7834822,59068.79189379999,18.98,0.341,W1
QSO_53.8785777-15.7834822,59068.988545600034,19.315,0.361,W1
QSO_53.8785777-15.7834822,59069.51269419999,18.731,0.216,W1
QSO_53.8785777-15.7834822,59228.59110350002,18.872,0.323,W1
QSO_53.8785777-15.7834822,59436.02950949999,18.766,0.241,W1
QSO_53.8785777-15.7834822,59436.1601795,18.401,0.163,W1
QSO_53.8785777-15.7834822,59436.42141,18.809,0.24,W1
QSO_53.8785777-15.7834822,59436.81323750002,18.978,0.335,W1
QSO_53.8785777-15.7834822,59595.05741800001,18.897,0.255,W1
QSO_53.8785777-15.7834822,59595.38383750002,18.884,0.266,W1
QSO_53.8785777-15.7834822,59595.57966,18.68,0.218,W1
QSO_53.8785777-15.7834822,59595.77548249999,18.421,0.168,W1
QSO_53.8785777-15.7834822,59596.03660349998,18.770000000000003,0.222,W1
QSO_53.8785777-15.7834822,59799.92279300002,19.11,0.411,W1
QSO_53.8785777-15.7834822,59800.11825049996,18.658,0.244,W1
QSO_53.8785777-15.7834822,59959.06224549997,18.677,0.211,W1
QSO_53.8785777-15.7834822,59959.19229499998,18.637,0.277,W1
QSO_53.8785777-15.7834822,59959.38749699997,18.547,0.194,W1
QSO_53.8785777-15.7834822,59959.58269900004,18.559,0.336,W1
QSO_53.8785777-15.7834822,60166.3775735,18.791,0.243,W1
QSO_53.8785777-15.7834822,60166.76567799997,18.841,0.402,W1
QSO_53.8785777-15.7834822,60167.154804500016,18.772,0.24,W1
QSO_53.8785777-15.7834822,60322.83477819996,18.925,0.344,W1
QSO_53.8785777-15.7834822,60323.67504100003,19.18,0.331,W1
QSO_53.8785777-15.7834822,60323.93354679996,18.577,0.188,W1
QSO_53.8785777-15.7834822,55228.03927149996,18.956,0.499,W2
QSO_53.8785777-15.7834822,55228.171584000025,18.406,,W2
QSO_53.8785777-15.7834822,55228.23764899998,18.258,,W2
QSO_53.8785777-15.7834822,55228.30382350003,18.371,,W2
QSO_53.8785777-15.7834822,55228.36985200004,18.767,,W2
QSO_53.8785777-15.7834822,55228.4360265,18.97,,W2
QSO_53.8785777-15.7834822,55228.50220099996,18.296,,W2
QSO_53.8785777-15.7834822,55228.63440400002,18.685,0.42,W2
QSO_53.8785777-15.7834822,55417.620673,18.706,,W2
QSO_53.8785777-15.7834822,55417.75287599997,18.918,,W2
QSO_53.8785777-15.7834822,55417.88511549997,18.775,,W2
QSO_53.8785777-15.7834822,55418.01731850003,18.647,,W2
QSO_53.8785777-15.7834822,55418.08349299999,18.21,,W2
QSO_53.8785777-15.7834822,55418.281761000006,18.158,,W2
QSO_53.8785777-15.7834822,55418.34778950002,18.502,,W2
QSO_53.8785777-15.7834822,55418.347935499965,18.409,,W2
QSO_53.8785777-15.7834822,55418.41396399998,18.947,,W2
QSO_53.8785777-15.7834822,55418.47999249999,19.107,,W2
QSO_53.8785777-15.7834822,55418.61223199999,19.112,,W2
QSO_53.8785777-15.7834822,55418.74443499997,18.889,0.467,W2
QSO_53.8785777-15.7834822,55591.98617350004,18.802,,W2
QSO_53.8785777-15.7834822,55592.38267300004,18.258,,W2
QSO_53.8785777-15.7834822,55592.84523749999,18.279,,W2
QSO_53.8785777-15.7834822,55592.97733099996,18.367,,W2
QSO_53.8785777-15.7834822,55593.10953400002,18.984,,W2
QSO_53.8785777-15.7834822,56690.199387499975,17.871,,W2
QSO_53.8785777-15.7834822,56690.46266200002,18.655,0.427,W2
QSO_53.8785777-15.7834822,56690.6601635,18.588,0.478,W2
QSO_53.8785777-15.7834822,56879.99884000003,18.326,0.467,W2
QSO_53.8785777-15.7834822,56880.45899549998,18.587,,W2
QSO_53.8785777-15.7834822,56880.7220145,18.408,,W2
QSO_53.8785777-15.7834822,56880.853451000025,18.911,,W2
QSO_53.8785777-15.7834822,57053.06906595346,18.37,,W2
QSO_53.8785777-15.7834822,57053.397237463854,18.682,,W2
QSO_53.8785777-15.7834822,57245.300288975006,18.071,,W2
QSO_53.8785777-15.7834822,57413.09815799371,19.036,,W2
QSO_53.8785777-15.7834822,57413.22947879784,18.342,,W2
QSO_53.8785777-15.7834822,57413.55792720823,18.286,,W2
QSO_53.8785777-15.7834822,57608.88539898506,18.604,0.408,W2
QSO_53.8785777-15.7834822,57609.21373759551,18.181,,W2
QSO_53.8785777-15.7834822,57609.47619620381,17.989,,W2
QSO_53.8785777-15.7834822,57609.47634260376,18.402,,W2
QSO_53.8785777-15.7834822,57609.541929805855,18.052,,W2
QSO_53.8785777-15.7834822,57609.60751700794,18.061,,W2
QSO_53.8785777-15.7834822,57775.43878600001,18.718,,W2
QSO_53.8785777-15.7834822,57775.569748,18.217,,W2
QSO_53.8785777-15.7834822,57775.83148949999,18.633,,W2
QSO_53.8785777-15.7834822,57775.96245149997,18.616,,W2
QSO_53.8785777-15.7834822,57776.02782299997,18.644,,W2
QSO_53.8785777-15.7834822,57776.28971049999,18.636,0.488,W2
QSO_53.8785777-15.7834822,57776.420672499975,18.872,,W2
QSO_53.8785777-15.7834822,57973.026316500014,18.921,,W2
QSO_53.8785777-15.7834822,57973.74605999999,18.412,0.419,W2
QSO_53.8785777-15.7834822,57974.00769199998,18.294,0.43,W2
QSO_53.8785777-15.7834822,57974.138617500015,18.456,0.452,W2
QSO_53.8785777-15.7834822,57980.158088,18.052,,W2
QSO_53.8785777-15.7834822,58134.37007699998,18.21,,W2
QSO_53.8785777-15.7834822,58134.69711699998,18.83,,W2
QSO_53.8785777-15.7834822,58134.762525,18.584,,W2
QSO_53.8785777-15.7834822,58134.7626345,18.383,,W2
QSO_53.8785777-15.7834822,58135.08967450001,18.948,,W2
QSO_53.8785777-15.7834822,58340.35381199998,18.525,,W2
QSO_53.8785777-15.7834822,58340.41922,18.197,,W2
QSO_53.8785777-15.7834822,58340.54989,18.653,,W2
QSO_53.8785777-15.7834822,58340.55003600004,18.423,,W2
QSO_53.8785777-15.7834822,58340.68070600004,18.531,,W2
QSO_53.8785777-15.7834822,58340.81152199999,18.329,0.407,W2
QSO_53.8785777-15.7834822,58496.397115500025,18.316,,W2
QSO_53.8785777-15.7834822,58496.52789500003,18.572,,W2
QSO_53.8785777-15.7834822,58499.79672549999,18.09,,W2
QSO_53.8785777-15.7834822,58704.397439000015,18.168,,W2
QSO_53.8785777-15.7834822,58704.52810900002,18.542,,W2
QSO_53.8785777-15.7834822,58863.56643399997,18.901,0.532,W2
QSO_53.8785777-15.7834822,58863.63202119999,18.548,,W2
QSO_53.8785777-15.7834822,58863.76308580001,18.29,,W2
QSO_53.8785777-15.7834822,58863.8285266,18.199,,W2
QSO_53.8785777-15.7834822,58864.02514180002,18.567,,W2
QSO_53.8785777-15.7834822,58864.156316199966,18.032,,W2
QSO_53.8785777-15.7834822,59068.79189379999,18.394,,W2
QSO_53.8785777-15.7834822,59068.988545600034,17.954,,W2
QSO_53.8785777-15.7834822,59069.51269419999,18.585,,W2
QSO_53.8785777-15.7834822,59228.59110350002,18.622,,W2
QSO_53.8785777-15.7834822,59436.02950949999,18.086,,W2
QSO_53.8785777-15.7834822,59436.1601795,18.912,,W2
QSO_53.8785777-15.7834822,59436.42141,18.106,0.307,W2
QSO_53.8785777-15.7834822,59436.81323750002,18.058,,W2
QSO_53.8785777-15.7834822,59595.05741800001,17.855999999999998,,W2
QSO_53.8785777-15.7834822,59595.38383750002,18.769,,W2
QSO_53.8785777-15.7834822,59595.57966,18.324,0.389,W2
QSO_53.8785777-15.7834822,59595.77548249999,18.532,0.445,W2
QSO_53.8785777-15.7834822,59596.03660349998,18.91,,W2
QSO_53.8785777-15.7834822,59799.92279300002,18.81,0.498,W2
QSO_53.8785777-15.7834822,59800.11825049996,18.593,,W2
QSO_53.8785777-15.7834822,59959.06224549997,18.738,,W2
QSO_53.8785777-15.7834822,59959.19229499998,18.599,,W2
QSO_53.8785777-15.7834822,59959.38749699997,18.459,0.388,W2
QSO_53.8785777-15.7834822,59959.58269900004,18.672,,W2
QSO_53.8785777-15.7834822,60166.3775735,18.356,,W2
QSO_53.8785777-15.7834822,60166.76567799997,18.332,,W2
QSO_53.8785777-15.7834822,60167.154804500016,18.354,,W2
QSO_53.8785777-15.7834822,60322.83477819996,18.451,,W2
QSO_53.8785777-15.7834822,60323.67504100003,18.009999999999998,,W2
QSO_53.8785777-15.7834822,60323.93354679996,18.432,,W2
QSO_53.8685649-15.6329343,55228.03927149996,19.243,0.326,W1
QSO_53.8685649-15.6329343,55228.039380999966,19.020000000000003,0.283,W1
QSO_53.8685649-15.6329343,55228.171584000025,18.83,,W1
QSO_53.8685649-15.6329343,55228.23764899998,18.765,0.225,W1
QSO_53.8685649-15.6329343,55228.30382350003,19.275,,W1
QSO_53.8685649-15.6329343,55228.36999799999,19.200000000000003,,W1
QSO_53.8685649-15.6329343,55228.4360265,19.436,0.399,W1
QSO_53.8685649-15.6329343,55228.50220099996,19.007,0.295,W1
QSO_53.8685649-15.6329343,55228.56822949997,19.462000000000003,0.447,W1
QSO_53.8685649-15.6329343,55228.56837550001,19.465,0.386,W1
QSO_53.8685649-15.6329343,55228.63440400002,19.326,0.381,W1
QSO_53.8685649-15.6329343,55417.620673,19.468,0.413,W1
QSO_53.8685649-15.6329343,55417.75287599997,19.114,0.29,W1
QSO_53.8685649-15.6329343,55417.88511549997,18.939,0.25,W1
QSO_53.8685649-15.6329343,55418.01731850003,18.969,0.261,W1
QSO_53.8685649-15.6329343,55418.08334699996,19.066000000000003,0.315,W1
QSO_53.8685649-15.6329343,55418.281761000006,19.444000000000003,0.368,W1
QSO_53.8685649-15.6329343,55418.34778950002,18.537,0.174,W1
QSO_53.8685649-15.6329343,55418.41396399998,19.107,,W1
QSO_53.8685649-15.6329343,55418.47999249999,19.249,0.349,W1
QSO_53.8685649-15.6329343,55418.61223199999,18.616,0.187,W1
QSO_53.8685649-15.6329343,55418.74443499997,19.038,0.305,W1
QSO_53.8685649-15.6329343,55418.87663800002,18.839,0.211,W1
QSO_53.8685649-15.6329343,55591.98617350004,19.298,0.409,W1
QSO_53.8685649-15.6329343,55592.11837650001,18.901000000000003,0.254,W1
QSO_53.8685649-15.6329343,55592.38267300004,18.709000000000003,0.202,W1
QSO_53.8685649-15.6329343,55592.84523749999,19.424,,W1
QSO_53.8685649-15.6329343,55592.97744049996,19.278,,W1
QSO_53.8685649-15.6329343,55593.10953400002,19.324,0.368,W1
QSO_53.8685649-15.6329343,56690.199387499975,18.562,0.282,W1
QSO_53.8685649-15.6329343,56690.39688899996,19.059,0.311,W1
QSO_53.8685649-15.6329343,56690.52858100003,19.078000000000003,0.314,W1
QSO_53.8685649-15.6329343,56690.6601635,18.772,0.35,W1
QSO_53.8685649-15.6329343,56880.45899549998,19.175,0.34,W1
QSO_53.8685649-15.6329343,56880.59043200001,18.329,,W1
QSO_53.8685649-15.6329343,56880.7220145,18.695,0.211,W1
QSO_53.8685649-15.6329343,57244.64467595424,19.426,0.496,W1
QSO_53.8685649-15.6329343,57413.22947879784,18.994,0.267,W1
QSO_53.8685649-15.6329343,57608.88539898506,19.398000000000003,0.493,W1
QSO_53.8685649-15.6329343,57609.21359119548,18.503,0.178,W1
QSO_53.8685649-15.6329343,57775.43893199997,18.787,0.212,W1
QSO_53.8685649-15.6329343,57775.96245149997,18.962000000000003,0.27,W1
QSO_53.8685649-15.6329343,57776.28971049999,18.422,0.198,W1
QSO_53.8685649-15.6329343,57776.420672499975,18.819000000000003,0.236,W1
QSO_53.8685649-15.6329343,57973.28809450003,18.893,0.252,W1
QSO_53.8685649-15.6329343,57974.13850800001,18.892000000000003,0.365,W1
QSO_53.8685649-15.6329343,57980.158088,18.387,0.201,W1
QSO_53.8685649-15.6329343,58134.37018649998,18.633,0.375,W1
QSO_53.8685649-15.6329343,58134.501002500016,18.773000000000003,0.222,W1
QSO_53.8685649-15.6329343,58340.41922,18.783,0.297,W1
QSO_53.8685649-15.6329343,58340.68070600004,18.66,0.208,W1
QSO_53.8685649-15.6329343,58496.397115500025,18.92,0.267,W1
QSO_53.8685649-15.6329343,58496.78941750001,18.81,0.347,W1
QSO_53.8685649-15.6329343,58497.0510495,18.987,0.308,W1
QSO_53.8685649-15.6329343,58499.53523950004,18.057,0.168,W1
QSO_53.8685649-15.6329343,58704.52810900002,18.555,0.242,W1
QSO_53.8685649-15.6329343,58704.85500299999,19.18,0.354,W1
QSO_53.8685649-15.6329343,58863.63202119999,19.133000000000003,0.3,W1
QSO_53.8685649-15.6329343,58863.76308580001,18.950000000000003,0.311,W1
QSO_53.8685649-15.6329343,59068.52980120004,19.04,0.352,W1
QSO_53.8685649-15.6329343,59068.85748100001,18.211,0.377,W1
QSO_53.8685649-15.6329343,59228.264465,18.777,0.222,W1
QSO_53.8685649-15.6329343,59435.83354099998,18.28,0.218,W1
QSO_53.8685649-15.6329343,59436.682677000026,19.041,0.282,W1
QSO_53.8685649-15.6329343,59436.81323750002,18.366,0.223,W1
QSO_53.8685649-15.6329343,59595.05741800001,19.053,0.315,W1
QSO_53.8685649-15.6329343,59959.06224549997,18.977,0.341,W1
QSO_53.8685649-15.6329343,59959.192441000014,18.675,0.225,W1
QSO_53.8685649-15.6329343,59959.58284499999,19.1,0.297,W1
QSO_53.8685649-15.6329343,60163.65668099999,18.897,0.292,W1
QSO_53.8685649-15.6329343,60166.3775735,18.658,0.224,W1
QSO_53.8685649-15.6329343,60166.76567799997,19.195,0.369,W1
QSO_53.8685649-15.6329343,60167.08954250003,18.367,0.199,W1
QSO_53.8685649-15.6329343,60167.154804500016,18.634,0.196,W1
QSO_53.8685649-15.6329343,60322.83477819996,18.675,0.191,W1
QSO_53.8685649-15.6329343,60322.96404939998,18.707,0.219,W1
QSO_53.8685649-15.6329343,60323.22270160004,19.431,0.526,W1
QSO_53.8685649-15.6329343,60323.67504100003,19.694000000000003,0.527,W1
QSO_53.8685649-15.6329343,55228.03927149996,18.574,,W2
QSO_53.8685649-15.6329343,55228.039380999966,19.0,,W2
QSO_53.8685649-15.6329343,55228.171584000025,18.816,0.464,W2
QSO_53.8685649-15.6329343,55228.23764899998,18.819,0.475,W2
QSO_53.8685649-15.6329343,55228.30382350003,18.543,,W2
QSO_53.8685649-15.6329343,55228.36999799999,18.578,,W2
QSO_53.8685649-15.6329343,55228.4360265,18.567,,W2
QSO_53.8685649-15.6329343,55228.50220099996,18.775,,W2
QSO_53.8685649-15.6329343,55228.56822949997,18.812,0.444,W2
QSO_53.8685649-15.6329343,55228.56837550001,18.923,0.47,W2
QSO_53.8685649-15.6329343,55228.63440400002,18.2,,W2
QSO_53.8685649-15.6329343,55417.620673,18.138,,W2
QSO_53.8685649-15.6329343,55417.75287599997,18.612,,W2
QSO_53.8685649-15.6329343,55417.88511549997,18.977,,W2
QSO_53.8685649-15.6329343,55418.01731850003,18.52,,W2
QSO_53.8685649-15.6329343,55418.08334699996,18.685,,W2
QSO_53.8685649-15.6329343,55418.281761000006,19.045,,W2
QSO_53.8685649-15.6329343,55418.34778950002,19.059,,W2
QSO_53.8685649-15.6329343,55418.41396399998,18.876,,W2
QSO_53.8685649-15.6329343,55418.47999249999,18.529,,W2
QSO_53.8685649-15.6329343,55418.61223199999,18.703,,W2
QSO_53.8685649-15.6329343,55418.74443499997,18.271,,W2
QSO_53.8685649-15.6329343,55418.87663800002,19.043,0.502,W2
QSO_53.8685649-15.6329343,55591.98617350004,18.946,0.504,W2
QSO_53.8685649-15.6329343,55592.11837650001,18.776,,W2
QSO_53.8685649-15.6329343,55592.38267300004,18.377,,W2
QSO_53.8685649-15.6329343,55592.84523749999,18.52,,W2
QSO_53.8685649-15.6329343,55592.97744049996,18.929,,W2
QSO_53.8685649-15.6329343,55593.10953400002,18.282,,W2
QSO_53.8685649-15.6329343,56690.199387499975,18.1,,W2
QSO_53.8685649-15.6329343,56690.39688899996,18.532,,W2
QSO_53.8685649-15.6329343,56690.52858100003,18.915,,W2
QSO_53.8685649-15.6329343,56690.6601635,17.980999999999998,,W2
QSO_53.8685649-15.6329343,56880.45899549998,18.177,,W2
QSO_53.8685649-15.6329343,56880.59043200001,18.774,,W2
QSO_53.8685649-15.6329343,56880.7220145,18.964,,W2
QSO_53.8685649-15.6329343,57244.64467595424,18.787,,W2
QSO_53.8685649-15.6329343,57413.22947879784,18.612,,W2
QSO_53.8685649-15.6329343,57608.88539898506,18.557,,W2
QSO_53.8685649-15.6329343,57609.21359119548,18.588,,W2
QSO_53.8685649-15.6329343,57775.43893199997,18.057,,W2
QSO_53.8685649-15.6329343,57775.96245149997,17.771,,W2
QSO_53.8685649-15.6329343,57776.28971049999,18.842,,W2
QSO_53.8685649-15.6329343,57776.420672499975,18.982,,W2
QSO_53.8685649-15.6329343,57973.28809450003,18.702,,W2
QSO_53.8685649-15.6329343,57974.13850800001,18.732,,W2
QSO_53.8685649-15.6329343,57980.158088,18.457,,W2
QSO_53.8685649-15.6329343,58134.37018649998,18.389,,W2
QSO_53.8685649-15.6329343,58134.501002500016,18.392,,W2
QSO_53.8685649-15.6329343,58340.41922,18.37,,W2
QSO_53.8685649-15.6329343,58340.68070600004,18.464,,W2
QSO_53.8685649-15.6329343,58496.397115500025,18.352,,W2
QSO_53.8685649-15.6329343,58496.78941750001,18.862,,W2
QSO_53.8685649-15.6329343,58497.0510495,17.969,,W2
QSO_53.8685649-15.6329343,58499.53523950004,18.501,,W2
QSO_53.8685649-15.6329343,58704.52810900002,18.303,,W2
QSO_53.8685649-15.6329343,58704.85500299999,17.925,0.37,W2
QSO_53.8685649-15.6329343,58863.63202119999,18.071,,W2
QSO_53.8685649-15.6329343,58863.76308580001,18.196,,W2
QSO_53.8685649-15.6329343,59068.52980120004,18.113,,W2
QSO_53.8685649-15.6329343,59068.85748100001,18.477,,W2
QSO_53.8685649-15.6329343,59228.264465,17.931,,W2
QSO_53.8685649-15.6329343,59435.83354099998,18.567,,W2
QSO_53.8685649-15.6329343,59436.682677000026,17.855,0.317,W2
QSO_53.8685649-15.6329343,59436.81323750002,17.839,0.409,W2
QSO_53.8685649-15.6329343,59595.05741800001,18.161,,W2
QSO_53.8685649-15.6329343,59959.06224549997,18.122,,W2
QSO_53.8685649-15.6329343,59959.192441000014,18.987,,W2
QSO_53.8685649-15.6329343,59959.58284499999,18.45,,W2
QSO_53.8685649-15.6329343,60163.65668099999,18.709,,W2
QSO_53.8685649-15.6329343,60166.3775735,18.417,,W2
QSO_53.8685649-15.6329343,60166.76567799997,17.439,,W2
QSO_53.8685649-15.6329343,60167.08954250003,18.303,,W2
QSO_53.8685649-15.6329343,60167.154804500016,18.388,,W2
QSO_53.8685649-15.6329343,60322.83477819996,18.827,0.477,W2
QSO_53.8685649-15.6329343,60322.96404939998,18.503,,W2
QSO_53.8685649-15.6329343,60323.22270160004,17.94,,W2
QSO_53.8685649-15.6329343,60323.67504100003,18.677,,W2
QSO_53.9548718-15.9836583,55228.03927149996,18.662,0.197,W1
QSO_53.9548718-15.9836583,55228.17147450002,19.041,,W1
QSO_53.9548718-15.9836583,55228.23764899998,18.658,0.245,W1
QSO_53.9548718-15.9836583,55228.30367749999,19.012,0.276,W1
QSO_53.9548718-15.9836583,55228.30382350003,18.815,0.217,W1
QSO_53.9548718-15.9836583,55228.36985200004,19.124,,W1
QSO_53.9548718-15.9836583,55228.4360265,19.504,0.428,W1
QSO_53.9548718-15.9836583,55228.50205500001,18.786,0.255,W1
QSO_53.9548718-15.9836583,55228.56822949997,19.663,0.473,W1
QSO_53.9548718-15.9836583,55228.63440400002,19.336,0.346,W1
QSO_53.9548718-15.9836583,55417.62081900003,18.877,0.241,W1
QSO_53.9548718-15.9836583,55417.753022,19.56,,W1
QSO_53.9548718-15.9836583,55417.88511549997,19.801,0.538,W1
QSO_53.9548718-15.9836583,55417.885224999976,18.700000000000003,0.217,W1
QSO_53.9548718-15.9836583,55418.01731850003,18.995,0.28,W1
QSO_53.9548718-15.9836583,55418.01746449998,18.950000000000003,0.266,W1
QSO_53.9548718-15.9836583,55418.08349299999,18.872,0.262,W1
QSO_53.9548718-15.9836583,55418.281761000006,19.095,0.331,W1
QSO_53.9548718-15.9836583,55418.347935499965,19.357,0.371,W1
QSO_53.9548718-15.9836583,55418.41396399998,19.255000000000003,0.324,W1
QSO_53.9548718-15.9836583,55418.480138500025,18.94,0.415,W1
QSO_53.9548718-15.9836583,55418.6123415,18.985,0.247,W1
QSO_53.9548718-15.9836583,55418.74454449997,18.778,0.247,W1
QSO_53.9548718-15.9836583,55592.38256350003,19.021,0.273,W1
QSO_53.9548718-15.9836583,55592.84512799999,18.569,0.184,W1
QSO_53.9548718-15.9836583,55592.84523749999,19.747,0.513,W1
QSO_53.9548718-15.9836583,55592.97733099996,19.44,0.403,W1
QSO_53.9548718-15.9836583,55593.10953400002,18.984,0.26,W1
QSO_53.9548718-15.9836583,56690.199387499975,18.886000000000003,0.256,W1
QSO_53.9548718-15.9836583,56690.33097000004,18.883000000000003,0.247,W1
QSO_53.9548718-15.9836583,56690.39688899996,18.571,0.196,W1
QSO_53.9548718-15.9836583,56690.46266200002,18.943,0.291,W1
QSO_53.9548718-15.9836583,56880.853451000025,19.122,0.302,W1
QSO_53.9548718-15.9836583,57245.16921747087,19.118,0.421,W1
QSO_53.9548718-15.9836583,57412.70386618119,19.247,0.336,W1
QSO_53.9548718-15.9836583,57413.22947879784,18.653,0.197,W1
QSO_53.9548718-15.9836583,57608.8855453851,18.842,0.309,W1
QSO_53.9548718-15.9836583,57609.21373759551,19.085,0.349,W1
QSO_53.9548718-15.9836583,57609.541929805855,19.179,0.354,W1
QSO_53.9548718-15.9836583,57609.8702318162,18.265,0.163,W1
QSO_53.9548718-15.9836583,57775.569748,19.079,0.312,W1
QSO_53.9548718-15.9836583,57775.70056400004,19.261000000000003,0.497,W1
QSO_53.9548718-15.9836583,57775.89689750001,18.389,,W1
QSO_53.9548718-15.9836583,57776.02782299997,18.633,0.253,W1
QSO_53.9548718-15.9836583,57776.28971049999,18.526,0.239,W1
QSO_53.9548718-15.9836583,57973.28809450003,18.783,0.238,W1
QSO_53.9548718-15.9836583,57974.00780149998,18.979,0.271,W1
QSO_53.9548718-15.9836583,57974.26943349997,18.557,0.273,W1
QSO_53.9548718-15.9836583,58134.50089300001,18.825000000000003,0.32,W1
QSO_53.9548718-15.9836583,58134.69711699998,18.398,0.163,W1
QSO_53.9548718-15.9836583,58135.220344500005,18.74,0.218,W1
QSO_53.9548718-15.9836583,58340.35381199998,18.516,0.243,W1
QSO_53.9548718-15.9836583,58340.41922,18.835,0.252,W1
QSO_53.9548718-15.9836583,58340.48462800002,18.880000000000003,0.337,W1
QSO_53.9548718-15.9836583,58340.68081550004,18.939,,W1
QSO_53.9548718-15.9836583,58496.52789500003,18.977,0.268,W1
QSO_53.9548718-15.9836583,58499.27360749997,18.801,0.29,W1
QSO_53.9548718-15.9836583,58499.79661599999,18.827,0.235,W1
QSO_53.9548718-15.9836583,58704.397439000015,18.436,0.341,W1
QSO_53.9548718-15.9836583,58863.17316699998,18.701,0.225,W1
QSO_53.9548718-15.9836583,58863.304231600014,18.694,0.242,W1
QSO_53.9548718-15.9836583,58863.56643399997,18.604,0.224,W1
QSO_53.9548718-15.9836583,58863.6974986,18.724,0.211,W1
QSO_53.9548718-15.9836583,58863.76308580001,19.15,0.289,W1
QSO_53.9548718-15.9836583,58864.156206399966,19.009,0.345,W1
QSO_53.9548718-15.9836583,59068.92306820002,18.799,0.23,W1
QSO_53.9548718-15.9836583,59068.988545600034,18.745,0.231,W1
QSO_53.9548718-15.9836583,59228.264465,19.344,0.371,W1
QSO_53.9548718-15.9836583,59228.5256955,19.076,0.271,W1
QSO_53.9548718-15.9836583,59435.83365049998,18.809,0.246,W1
QSO_53.9548718-15.9836583,59595.77548249999,19.052,0.284,W1
QSO_53.9548718-15.9836583,59800.44426849998,18.574,0.225,W1
QSO_53.9548718-15.9836583,59959.38749699997,18.759,0.377,W1
QSO_53.9548718-15.9836583,59960.03814599999,19.565,0.44,W1
QSO_53.9548718-15.9836583,60167.21970149996,18.629,0.219,W1
QSO_53.9548718-15.9836583,60167.60835350004,18.787,0.235,W1
QSO_53.9548718-15.9836583,60322.96404939998,18.908,0.261,W1
QSO_53.9548718-15.9836583,60323.2225552,19.185,0.344,W1
QSO_53.9548718-15.9836583,60323.67504100003,18.551,0.306,W1
QSO_53.9548718-15.9836583,60323.93354679996,18.98,0.276,W1
QSO_53.9548718-15.9836583,55228.03927149996,18.417,,W2
QSO_53.9548718-15.9836583,55228.17147450002,18.725,,W2
QSO_53.9548718-15.9836583,55228.23764899998,18.85,0.469,W2
QSO_53.9548718-15.9836583,55228.30367749999,18.355,,W2
QSO_53.9548718-15.9836583,55228.30382350003,18.704,0.406,W2
QSO_53.9548718-15.9836583,55228.36985200004,18.895,,W2
QSO_53.9548718-15.9836583,55228.4360265,18.393,,W2
QSO_53.9548718-15.9836583,55228.50205500001,18.465,0.301,W2
QSO_53.9548718-15.9836583,55228.56822949997,18.974,,W2
QSO_53.9548718-15.9836583,55228.63440400002,18.792,,W2
QSO_53.9548718-15.9836583,55417.62081900003,18.24,,W2
QSO_53.9548718-15.9836583,55417.753022,18.957,0.496,W2
QSO_53.9548718-15.9836583,55417.88511549997,18.821,,W2
QSO_53.9548718-15.9836583,55417.885224999976,18.763,,W2
QSO_53.9548718-15.9836583,55418.01731850003,18.638,0.436,W2
QSO_53.9548718-15.9836583,55418.01746449998,18.806,,W2
QSO_53.9548718-15.9836583,55418.08349299999,18.554,,W2
QSO_53.9548718-15.9836583,55418.281761000006,18.919,,W2
QSO_53.9548718-15.9836583,55418.347935499965,18.695,,W2
QSO_53.9548718-15.9836583,55418.41396399998,18.517,,W2
QSO_53.9548718-15.9836583,55418.480138500025,18.54,0.341,W2
QSO_53.9548718-15.9836583,55418.6123415,18.628,,W2
QSO_53.9548718-15.9836583,55418.74454449997,18.448,,W2
QSO_53.9548718-15.9836583,55592.38256350003,18.771,,W2
QSO_53.9548718-15.9836583,55592.84512799999,18.759,0.453,W2
QSO_53.9548718-15.9836583,55592.84523749999,18.394,,W2
QSO_53.9548718-15.9836583,55592.97733099996,18.359,,W2
QSO_53.9548718-15.9836583,55593.10953400002,18.666,0.437,W2
QSO_53.9548718-15.9836583,56690.199387499975,18.853,0.461,W2
QSO_53.9548718-15.9836583,56690.33097000004,17.915,,W2
QSO_53.9548718-15.9836583,56690.39688899996,18.278,,W2
QSO_53.9548718-15.9836583,56690.46266200002,18.478,,W2
QSO_53.9548718-15.9836583,56880.853451000025,18.707,0.526,W2
QSO_53.9548718-15.9836583,57245.16921747087,17.878,,W2
QSO_53.9548718-15.9836583,57412.70386618119,18.892,,W2
QSO_53.9548718-15.9836583,57413.22947879784,18.336,,W2
QSO_53.9548718-15.9836583,57608.8855453851,19.041,,W2
QSO_53.9548718-15.9836583,57609.21373759551,18.585,0.441,W2
QSO_53.9548718-15.9836583,57609.541929805855,18.793,,W2
QSO_53.9548718-15.9836583,57609.8702318162,18.588,0.39,W2
QSO_53.9548718-15.9836583,57775.569748,18.124,,W2
QSO_53.9548718-15.9836583,57775.70056400004,17.991,,W2
QSO_53.9548718-15.9836583,57775.89689750001,18.409,,W2
QSO_53.9548718-15.9836583,57776.02782299997,18.231,,W2
QSO_53.9548718-15.9836583,57776.28971049999,18.683,0.393,W2
QSO_53.9548718-15.9836583,57973.28809450003,17.815,,W2
QSO_53.9548718-15.9836583,57974.00780149998,17.683,,W2
QSO_53.9548718-15.9836583,57974.26943349997,18.695,,W2
QSO_53.9548718-15.9836583,58134.50089300001,18.381,0.418,W2
QSO_53.9548718-15.9836583,58134.69711699998,18.455,,W2
QSO_53.9548718-15.9836583,58135.220344500005,18.475,,W2
QSO_53.9548718-15.9836583,58340.35381199998,18.587,,W2
QSO_53.9548718-15.9836583,58340.41922,18.225,,W2
QSO_53.9548718-15.9836583,58340.48462800002,17.656,,W2
QSO_53.9548718-15.9836583,58340.68081550004,18.308,,W2
QSO_53.9548718-15.9836583,58496.52789500003,18.628,0.503,W2
QSO_53.9548718-15.9836583,58499.27360749997,17.274,0.332,W2
QSO_53.9548718-15.9836583,58499.79661599999,18.544,0.511,W2
QSO_53.9548718-15.9836583,58704.397439000015,18.624,,W2
QSO_53.9548718-15.9836583,58863.17316699998,18.531,,W2
QSO_53.9548718-15.9836583,58863.304231600014,18.448,,W2
QSO_53.9548718-15.9836583,58863.56643399997,17.126,,W2
QSO_53.9548718-15.9836583,58863.6974986,18.078,0.285,W2
QSO_53.9548718-15.9836583,58863.76308580001,18.389,,W2
QSO_53.9548718-15.9836583,58864.156206399966,18.645,,W2
QSO_53.9548718-15.9836583,59068.92306820002,18.832,,W2
QSO_53.9548718-15.9836583,59068.988545600034,18.426,,W2
QSO_53.9548718-15.9836583,59228.264465,18.428,,W2
QSO_53.9548718-15.9836583,59228.5256955,17.977999999999998,0.319,W2
QSO_53.9548718-15.9836583,59435.83365049998,18.799,,W2
QSO_53.9548718-15.9836583,59595.77548249999,17.748,0.407,W2
QSO_53.9548718-15.9836583,59800.44426849998,17.825,,W2
QSO_53.9548718-15.9836583,59959.38749699997,18.177,,W2
QSO_53.9548718-15.9836583,59960.03814599999,18.155,0.357,W2
QSO_53.9548718-15.9836583,60167.21970149996,18.174,,W2
QSO_53.9548718-15.9836583,60167.60835350004,18.868,,W2
QSO_53.9548718-15.9836583,60322.96404939998,18.44,,W2
QSO_53.9548718-15.9836583,60323.2225552,17.973,,W2
QSO_53.9548718-15.9836583,60323.67504100003,18.523,,W2
QSO_53.9548718-15.9836583,60323.93354679996,18.371,,W2
QSO_53.8792725-15.9060439,55228.03927149996,18.78,0.23,W1
QSO_53.8792725-15.9060439,55228.03927149996,18.915,0.261,W1
QSO_53.8792725-15.9060439,55228.10540949998,19.301,0.341,W1
QSO_53.8792725-15.9060439,55228.10540949998,19.295,0.34,W1
QSO_53.8792725-15.9060439,55228.17147450002,18.784,0.223,W1
QSO_53.8792725-15.9060439,55228.17147450002,18.786,0.224,W1
QSO_53.8792725-15.9060439,55228.23764899998,19.342,0.426,W1
QSO_53.8792725-15.9060439,55228.23764899998,19.341,0.426,W1
QSO_53.8792725-15.9060439,55228.30382350003,19.043,0.285,W1
QSO_53.8792725-15.9060439,55228.30382350003,19.018,0.278,W1
QSO_53.8792725-15.9060439,55228.36985200004,18.494,0.199,W1
QSO_53.8792725-15.9060439,55228.36985200004,18.577,0.203,W1
QSO_53.8792725-15.9060439,55228.4360265,18.647,0.227,W1
QSO_53.8792725-15.9060439,55228.4360265,18.648,0.228,W1
QSO_53.8792725-15.9060439,55228.50205500001,19.049,,W1
QSO_53.8792725-15.9060439,55228.50205500001,19.035,,W1
QSO_53.8792725-15.9060439,55228.50220099996,19.017000000000003,0.259,W1
QSO_53.8792725-15.9060439,55228.50220099996,19.014000000000003,0.258,W1
QSO_53.8792725-15.9060439,55228.63440400002,19.22,,W1
QSO_53.8792725-15.9060439,55228.63440400002,19.235,,W1
QSO_53.8792725-15.9060439,55417.62081900003,19.706000000000003,0.529,W1
QSO_53.8792725-15.9060439,55417.62081900003,19.709000000000003,0.53,W1
QSO_53.8792725-15.9060439,55417.75287599997,18.921,0.267,W1
QSO_53.8792725-15.9060439,55417.75287599997,18.741,0.226,W1
QSO_53.8792725-15.9060439,55417.753022,19.520000000000003,0.437,W1
QSO_53.8792725-15.9060439,55417.753022,19.502,0.4,W1
QSO_53.8792725-15.9060439,55417.88511549997,19.192,0.37,W1
QSO_53.8792725-15.9060439,55417.88511549997,19.124,0.348,W1
QSO_53.8792725-15.9060439,55417.95129000002,19.015,0.276,W1
QSO_53.8792725-15.9060439,55417.95129000002,19.142000000000003,0.31,W1
QSO_53.8792725-15.9060439,55418.01731850003,19.201,0.341,W1
QSO_53.8792725-15.9060439,55418.01731850003,19.246,0.355,W1
QSO_53.8792725-15.9060439,55418.08349299999,18.852,0.226,W1
QSO_53.8792725-15.9060439,55418.08349299999,19.01,0.261,W1
QSO_53.8792725-15.9060439,55418.281761000006,18.686,0.222,W1
QSO_53.8792725-15.9060439,55418.281761000006,18.700000000000003,0.226,W1
QSO_53.8792725-15.9060439,55418.347935499965,19.433,0.407,W1
QSO_53.8792725-15.9060439,55418.347935499965,19.442,0.411,W1
QSO_53.8792725-15.9060439,55418.480138500025,19.098,,W1
QSO_53.8792725-15.9060439,55418.480138500025,19.102,,W1
QSO_53.8792725-15.9060439,55418.61223199999,18.728,0.352,W1
QSO_53.8792725-15.9060439,55418.61223199999,18.736,0.356,W1
QSO_53.8792725-15.9060439,55418.6123415,18.942,0.305,W1
QSO_53.8792725-15.9060439,55418.6123415,18.948,0.309,W1
QSO_53.8792725-15.9060439,55418.74443499997,19.418,0.395,W1
QSO_53.8792725-15.9060439,55418.74443499997,19.408,0.391,W1
QSO_53.8792725-15.9060439,55591.98617350004,19.415,,W1
QSO_53.8792725-15.9060439,55591.98617350004,19.023000000000003,,W1
QSO_53.8792725-15.9060439,55592.38256350003,18.643,0.196,W1
QSO_53.8792725-15.9060439,55592.38256350003,18.636,0.195,W1
QSO_53.8792725-15.9060439,55592.84523749999,18.897,,W1
QSO_53.8792725-15.9060439,55592.84523749999,18.792,,W1
QSO_53.8792725-15.9060439,55592.97733099996,19.264000000000003,0.342,W1
QSO_53.8792725-15.9060439,55592.97733099996,19.388,0.383,W1
QSO_53.8792725-15.9060439,56690.6601635,18.941000000000003,0.333,W1
QSO_53.8792725-15.9060439,56880.7220145,19.58,0.468,W1
QSO_53.8792725-15.9060439,56880.853451000025,19.093,0.28,W1
QSO_53.8792725-15.9060439,57053.397237463854,18.762,0.215,W1
QSO_53.8792725-15.9060439,57413.032460991606,18.553,0.207,W1
QSO_53.8792725-15.9060439,57413.55792720823,19.227,0.359,W1
QSO_53.8792725-15.9060439,57609.14800399339,18.842,0.311,W1
QSO_53.8792725-15.9060439,57609.21373759551,18.399,0.214,W1
QSO_53.8792725-15.9060439,57609.47634260376,18.675,0.219,W1
QSO_53.8792725-15.9060439,57775.569748,19.008000000000003,0.293,W1
QSO_53.8792725-15.9060439,57776.42052650002,18.569,0.186,W1
QSO_53.8792725-15.9060439,57973.026316500014,18.907,0.251,W1
QSO_53.8792725-15.9060439,57973.02646249996,18.348,0.199,W1
QSO_53.8792725-15.9060439,57973.87687600002,18.882,,W1
QSO_53.8792725-15.9060439,57974.00780149998,18.685,0.228,W1
QSO_53.8792725-15.9060439,58134.762525,19.429,0.391,W1
QSO_53.8792725-15.9060439,58135.22049050004,18.695,0.249,W1
QSO_53.8792725-15.9060439,58340.41922,19.047,0.301,W1
QSO_53.8792725-15.9060439,58340.48462800002,18.617,0.194,W1
QSO_53.8792725-15.9060439,58340.81152199999,18.785,0.248,W1
QSO_53.8792725-15.9060439,58497.05090349997,18.589,0.255,W1
QSO_53.8792725-15.9060439,58499.27360749997,18.772,0.276,W1
QSO_53.8792725-15.9060439,58499.79672549999,19.091,0.399,W1
QSO_53.8792725-15.9060439,58704.26673249999,18.713,0.283,W1
QSO_53.8792725-15.9060439,58704.397439000015,18.798,0.282,W1
QSO_53.8792725-15.9060439,58704.724332999984,18.811,0.224,W1
QSO_53.8792725-15.9060439,58863.56643399997,18.546,0.194,W1
QSO_53.8792725-15.9060439,58863.76308580001,19.436,0.405,W1
QSO_53.8792725-15.9060439,58864.156316199966,18.687,0.232,W1
QSO_53.8792725-15.9060439,59068.988545600034,19.298,0.413,W1
QSO_53.8792725-15.9060439,59069.05413279997,18.683,0.205,W1
QSO_53.8792725-15.9060439,59069.11957360004,19.185,0.326,W1
QSO_53.8792725-15.9060439,59228.264465,18.828000000000003,0.252,W1
QSO_53.8792725-15.9060439,59228.5256955,18.723,0.24,W1
QSO_53.8792725-15.9060439,59228.59110350002,18.187,0.2,W1
QSO_53.8792725-15.9060439,59435.83365049998,18.926,0.298,W1
QSO_53.8792725-15.9060439,59436.02961899999,18.609,,W1
QSO_53.8792725-15.9060439,59436.42141,18.805,0.238,W1
QSO_53.8792725-15.9060439,59595.77548249999,18.616,0.198,W1
QSO_53.8792725-15.9060439,59800.44415899998,18.839,,W1
QSO_53.8792725-15.9060439,60163.72146850002,18.58,0.215,W1
QSO_53.8792725-15.9060439,60163.851007000034,19.301,0.393,W1
QSO_53.8792725-15.9060439,60166.83097649999,18.721,0.231,W1
QSO_53.8792725-15.9060439,60167.47866899999,18.544,0.211,W1
QSO_53.8792725-15.9060439,60323.15799279997,18.993,0.302,W1
QSO_53.8792725-15.9060439,60323.2225552,18.83,,W1
QSO_53.8792725-15.9060439,60323.28726399999,18.906,0.294,W1
QSO_53.8792725-15.9060439,55228.03927149996,18.403,,W2
QSO_53.8792725-15.9060439,55228.03927149996,18.481,,W2
QSO_53.8792725-15.9060439,55228.10540949998,18.757,,W2
QSO_53.8792725-15.9060439,55228.10540949998,18.761,,W2
QSO_53.8792725-15.9060439,55228.17147450002,18.985,,W2
QSO_53.8792725-15.9060439,55228.17147450002,19.095,,W2
QSO_53.8792725-15.9060439,55228.23764899998,18.392,,W2
QSO_53.8792725-15.9060439,55228.23764899998,18.347,,W2
QSO_53.8792725-15.9060439,55228.30382350003,18.452,,W2
QSO_53.8792725-15.9060439,55228.30382350003,18.454,,W2
QSO_53.8792725-15.9060439,55228.36985200004,18.412,,W2
QSO_53.8792725-15.9060439,55228.36985200004,18.41,,W2
QSO_53.8792725-15.9060439,55228.4360265,18.447,,W2
QSO_53.8792725-15.9060439,55228.4360265,18.465,,W2
QSO_53.8792725-15.9060439,55228.50205500001,18.935,,W2
QSO_53.8792725-15.9060439,55228.50205500001,18.968,,W2
QSO_53.8792725-15.9060439,55228.50220099996,18.858,0.46,W2
QSO_53.8792725-15.9060439,55228.50220099996,18.922,0.488,W2
QSO_53.8792725-15.9060439,55228.63440400002,18.463,,W2
QSO_53.8792725-15.9060439,55228.63440400002,18.456,,W2
QSO_53.8792725-15.9060439,55417.62081900003,18.517,,W2
QSO_53.8792725-15.9060439,55417.62081900003,18.511,,W2
QSO_53.8792725-15.9060439,55417.75287599997,18.774,,W2
QSO_53.8792725-15.9060439,55417.75287599997,18.808,,W2
QSO_53.8792725-15.9060439,55417.753022,18.952,0.469,W2
QSO_53.8792725-15.9060439,55417.753022,18.95,0.468,W2
QSO_53.8792725-15.9060439,55417.88511549997,18.459,,W2
QSO_53.8792725-15.9060439,55417.88511549997,18.459,,W2
QSO_53.8792725-15.9060439,55417.95129000002,18.358,0.323,W2
QSO_53.8792725-15.9060439,55417.95129000002,18.353,0.321,W2
QSO_53.8792725-15.9060439,55418.01731850003,18.519,,W2
QSO_53.8792725-15.9060439,55418.01731850003,18.539,,W2
QSO_53.8792725-15.9060439,55418.08349299999,18.421,,W2
QSO_53.8792725-15.9060439,55418.08349299999,18.41,,W2
QSO_53.8792725-15.9060439,55418.281761000006,18.35,,W2
QSO_53.8792725-15.9060439,55418.281761000006,18.376,,W2
QSO_53.8792725-15.9060439,55418.347935499965,18.651,,W2
QSO_53.8792725-15.9060439,55418.347935499965,18.693,,W2
QSO_53.8792725-15.9060439,55418.480138500025,18.664,,W2
QSO_53.8792725-15.9060439,55418.480138500025,18.626,,W2
QSO_53.8792725-15.9060439,55418.61223199999,18.705,,W2
QSO_53.8792725-15.9060439,55418.61223199999,18.649,,W2
QSO_53.8792725-15.9060439,55418.6123415,18.446,,W2
QSO_53.8792725-15.9060439,55418.6123415,18.443,,W2
QSO_53.8792725-15.9060439,55418.74443499997,18.554,0.338,W2
QSO_53.8792725-15.9060439,55418.74443499997,18.605,0.355,W2
QSO_53.8792725-15.9060439,55591.98617350004,18.926,0.52,W2
QSO_53.8792725-15.9060439,55591.98617350004,18.886,0.501,W2
QSO_53.8792725-15.9060439,55592.38256350003,18.375,,W2
QSO_53.8792725-15.9060439,55592.38256350003,18.402,,W2
QSO_53.8792725-15.9060439,55592.84523749999,18.913,,W2
QSO_53.8792725-15.9060439,55592.84523749999,18.911,,W2
QSO_53.8792725-15.9060439,55592.97733099996,18.75,0.476,W2
QSO_53.8792725-15.9060439,55592.97733099996,18.751,0.476,W2
QSO_53.8792725-15.9060439,56690.6601635,18.824,0.538,W2
QSO_53.8792725-15.9060439,56880.7220145,18.777,,W2
QSO_53.8792725-15.9060439,56880.853451000025,18.355,,W2
QSO_53.8792725-15.9060439,57053.397237463854,18.935,,W2
QSO_53.8792725-15.9060439,57413.032460991606,18.562,0.528,W2
QSO_53.8792725-15.9060439,57413.55792720823,18.484,,W2
QSO_53.8792725-15.9060439,57609.14800399339,17.967,,W2
QSO_53.8792725-15.9060439,57609.21373759551,18.176,0.425,W2
QSO_53.8792725-15.9060439,57609.47634260376,18.482,0.437,W2
QSO_53.8792725-15.9060439,57775.569748,18.639,,W2
QSO_53.8792725-15.9060439,57776.42052650002,18.44,,W2
QSO_53.8792725-15.9060439,57973.026316500014,18.723,,W2
QSO_53.8792725-15.9060439,57973.02646249996,18.501,,W2
QSO_53.8792725-15.9060439,57973.87687600002,18.634,,W2
QSO_53.8792725-15.9060439,57974.00780149998,18.694,,W2
QSO_53.8792725-15.9060439,58134.762525,18.679,0.478,W2
QSO_53.8792725-15.9060439,58135.22049050004,19.011,,W2
QSO_53.8792725-15.9060439,58340.41922,18.701,,W2
QSO_53.8792725-15.9060439,58340.48462800002,18.279,,W2
QSO_53.8792725-15.9060439,58340.81152199999,17.826,,W2
QSO_53.8792725-15.9060439,58497.05090349997,17.941,,W2
QSO_53.8792725-15.9060439,58499.27360749997,18.31,,W2
QSO_53.8792725-15.9060439,58499.79672549999,17.918,,W2
QSO_53.8792725-15.9060439,58704.26673249999,18.346,,W2
QSO_53.8792725-15.9060439,58704.397439000015,18.044,,W2
QSO_53.8792725-15.9060439,58704.724332999984,18.969,,W2
QSO_53.8792725-15.9060439,58863.56643399997,18.049,,W2
QSO_53.8792725-15.9060439,58863.76308580001,17.681,0.462,W2
QSO_53.8792725-15.9060439,58864.156316199966,18.505,0.373,W2
QSO_53.8792725-15.9060439,59068.988545600034,18.46,,W2
QSO_53.8792725-15.9060439,59069.05413279997,18.291,,W2
QSO_53.8792725-15.9060439,59069.11957360004,18.663,,W2
QSO_53.8792725-15.9060439,59228.264465,18.714,,W2
QSO_53.8792725-15.9060439,59228.5256955,18.502,0.374,W2
QSO_53.8792725-15.9060439,59228.59110350002,18.603,,W2
QSO_53.8792725-15.9060439,59435.83365049998,18.157,,W2
QSO_53.8792725-15.9060439,59436.02961899999,18.089,0.372,W2
QSO_53.8792725-15.9060439,59436.42141,18.42,,W2
QSO_53.8792725-15.9060439,59595.77548249999,18.273,,W2
QSO_53.8792725-15.9060439,59800.44415899998,14.808,0.064,W2
QSO_53.8792725-15.9060439,60163.72146850002,18.684,,W2
QSO_53.8792725-15.9060439,60163.851007000034,18.177,0.393,W2
QSO_53.8792725-15.9060439,60166.83097649999,18.251,,W2
QSO_53.8792725-15.9060439,60167.47866899999,18.213,,W2
QSO_53.8792725-15.9060439,60323.15799279997,18.813,,W2
QSO_53.8792725-15.9060439,60323.2225552,17.877,0.429,W2
QSO_53.8792725-15.9060439,60323.28726399999,18.631,0.521,W2
QSO_53.7696409-15.8580012,55227.642626000015,18.897,0.235,W1
QSO_53.7696409-15.8580012,55228.03927149996,18.596,0.185,W1
QSO_53.7696409-15.8580012,55228.10540949998,18.700000000000003,0.222,W1
QSO_53.7696409-15.8580012,55228.17147450002,19.176,0.308,W1
QSO_53.7696409-15.8580012,55228.171584000025,19.174,0.281,W1
QSO_53.7696409-15.8580012,55228.23764899998,19.486,0.397,W1
QSO_53.7696409-15.8580012,55228.30382350003,18.681,0.214,W1
QSO_53.7696409-15.8580012,55228.36985200004,19.059,0.297,W1
QSO_53.7696409-15.8580012,55228.4360265,18.64,0.199,W1
QSO_53.7696409-15.8580012,55228.50220099996,18.975,0.269,W1
QSO_53.7696409-15.8580012,55228.63440400002,18.98,0.276,W1
QSO_53.7696409-15.8580012,55417.488470000026,19.26,0.346,W1
QSO_53.7696409-15.8580012,55417.48857950003,18.929,,W1
QSO_53.7696409-15.8580012,55417.620673,19.273000000000003,0.342,W1
QSO_53.7696409-15.8580012,55417.75287599997,19.125,,W1
QSO_53.7696409-15.8580012,55417.88511549997,19.427,0.44,W1
QSO_53.7696409-15.8580012,55417.95129000002,18.609,0.194,W1
QSO_53.7696409-15.8580012,55418.01731850003,19.074,0.333,W1
QSO_53.7696409-15.8580012,55418.08349299999,18.871,0.259,W1
QSO_53.7696409-15.8580012,55418.281761000006,18.96,0.29,W1
QSO_53.7696409-15.8580012,55418.34778950002,19.498,0.446,W1
QSO_53.7696409-15.8580012,55418.347935499965,19.298,0.346,W1
QSO_53.7696409-15.8580012,55418.47999249999,18.804,0.218,W1
QSO_53.7696409-15.8580012,55418.480138500025,18.849,0.222,W1
QSO_53.7696409-15.8580012,55418.61223199999,19.077,0.315,W1
QSO_53.7696409-15.8580012,55591.98617350004,18.901000000000003,0.254,W1
QSO_53.7696409-15.8580012,55592.38256350003,18.675,0.212,W1
QSO_53.7696409-15.8580012,55592.38267300004,18.878,0.233,W1
QSO_53.7696409-15.8580012,55592.84523749999,18.654,0.196,W1
QSO_53.7696409-15.8580012,55592.97733099996,19.628,0.533,W1
QSO_53.7696409-15.8580012,56880.7220145,18.879,0.25,W1
QSO_53.7696409-15.8580012,57244.51364095004,18.709000000000003,0.207,W1
QSO_53.7696409-15.8580012,57245.16921747087,18.752,0.244,W1
QSO_53.7696409-15.8580012,57412.70386618119,18.834000000000003,0.382,W1
QSO_53.7696409-15.8580012,57413.032460991606,18.78,0.222,W1
QSO_53.7696409-15.8580012,57413.09804819369,19.007,0.287,W1
QSO_53.7696409-15.8580012,57608.622830576765,19.111,0.313,W1
QSO_53.7696409-15.8580012,57608.75411478095,19.218,0.376,W1
QSO_53.7696409-15.8580012,57609.082416791294,18.824,0.259,W1
QSO_53.7696409-15.8580012,57609.60762680795,18.638,0.237,W1
QSO_53.7696409-15.8580012,57775.43878600001,18.843,0.327,W1
QSO_53.7696409-15.8580012,57775.70067350004,18.859,0.308,W1
QSO_53.7696409-15.8580012,57775.83148949999,19.049,0.278,W1
QSO_53.7696409-15.8580012,57776.28971049999,18.684,0.221,W1
QSO_53.7696409-15.8580012,57973.28809450003,18.886000000000003,0.396,W1
QSO_53.7696409-15.8580012,57973.74605999999,19.286,0.394,W1
QSO_53.7696409-15.8580012,57974.00769199998,18.979,0.315,W1
QSO_53.7696409-15.8580012,57974.138617500015,19.047,0.283,W1
QSO_53.7696409-15.8580012,58134.37007699998,19.017000000000003,0.292,W1
QSO_53.7696409-15.8580012,58134.56630100003,18.887,0.266,W1
QSO_53.7696409-15.8580012,58134.631708999965,18.708,0.206,W1
QSO_53.7696409-15.8580012,58134.762525,18.967,0.251,W1
QSO_53.7696409-15.8580012,58339.83065750001,18.61,0.285,W1
QSO_53.7696409-15.8580012,58340.41922,18.777,0.236,W1
QSO_53.7696409-15.8580012,58340.48462800002,18.973,0.275,W1
QSO_53.7696409-15.8580012,58340.55003600004,18.89,0.451,W1
QSO_53.7696409-15.8580012,58496.266409,18.755000000000003,0.242,W1
QSO_53.7696409-15.8580012,58496.397115500025,18.657,0.227,W1
QSO_53.7696409-15.8580012,58496.78941750001,18.974,0.281,W1
QSO_53.7696409-15.8580012,58496.98564149998,18.911,0.35,W1
QSO_53.7696409-15.8580012,58499.4044235,18.826,0.274,W1
QSO_53.7696409-15.8580012,58499.46983150002,18.729,0.22,W1
QSO_53.7696409-15.8580012,58500.12365599999,18.416,0.235,W1
QSO_53.7696409-15.8580012,58704.46284700003,18.592,0.229,W1
QSO_53.7696409-15.8580012,58704.724332999984,18.667,0.208,W1
QSO_53.7696409-15.8580012,58863.304231600014,18.76,0.271,W1
QSO_53.7696409-15.8580012,58863.36981880003,18.511,0.168,W1
QSO_53.7696409-15.8580012,58863.63202119999,19.19,0.286,W1
QSO_53.7696409-15.8580012,58863.6974986,19.317,0.409,W1
QSO_53.7696409-15.8580012,58863.76308580001,18.572,0.24,W1
QSO_53.7696409-15.8580012,59068.26774520004,18.622,0.213,W1
QSO_53.7696409-15.8580012,59069.25063819999,18.884,0.27,W1
QSO_53.7696409-15.8580012,59228.32972699998,18.86,0.25,W1
QSO_53.7696409-15.8580012,59228.46043350001,18.651,0.258,W1
QSO_53.7696409-15.8580012,59228.59110350002,18.444,0.189,W1
QSO_53.7696409-15.8580012,59435.83365049998,18.862,0.32,W1
QSO_53.7696409-15.8580012,59436.1601795,18.469,0.197,W1
QSO_53.7696409-15.8580012,59436.42141,18.566000000000003,0.207,W1
QSO_53.7696409-15.8580012,59436.682677000026,18.746,0.225,W1
QSO_53.7696409-15.8580012,59595.05741800001,19.079,0.297,W1
QSO_53.7696409-15.8580012,59799.46647000004,18.47,0.18,W1
QSO_53.7696409-15.8580012,59799.79237849997,19.092,0.324,W1
QSO_53.7696409-15.8580012,59799.85753100003,18.401,0.193,W1
QSO_53.7696409-15.8580012,59958.80203700004,18.518,0.176,W1
QSO_53.7696409-15.8580012,59959.12728850003,18.614,0.251,W1
QSO_53.7696409-15.8580012,59959.19229499998,18.983,,W1
QSO_53.7696409-15.8580012,60163.39760399996,18.493,0.229,W1
QSO_53.7696409-15.8580012,60163.52714249998,18.513,,W1
QSO_53.7696409-15.8580012,60163.59193,19.15,0.366,W1
QSO_53.7696409-15.8580012,60166.248034999975,18.526,0.193,W1
QSO_53.7696409-15.8580012,60166.70143799997,18.438,0.209,W1
QSO_53.7696409-15.8580012,60166.83097649999,18.789,0.245,W1
QSO_53.7696409-15.8580012,60166.89572749998,18.899,0.299,W1
QSO_53.7696409-15.8580012,60167.08954250003,18.739,0.285,W1
QSO_53.7696409-15.8580012,60167.47866899999,18.846,0.276,W1
QSO_53.7696409-15.8580012,60322.70539720002,18.617,0.233,W1
QSO_53.7696409-15.8580012,60322.83477819996,18.87,0.304,W1
QSO_53.7696409-15.8580012,60322.96404939998,18.59,0.394,W1
QSO_53.7696409-15.8580012,60323.2225552,19.115,0.303,W1
QSO_53.7696409-15.8580012,60323.28726399999,19.081000000000003,0.433,W1
QSO_53.7696409-15.8580012,55227.642626000015,18.868,0.442,W2
QSO_53.7696409-15.8580012,55228.03927149996,18.573,,W2
QSO_53.7696409-15.8580012,55228.10540949998,18.331,,W2
QSO_53.7696409-15.8580012,55228.17147450002,18.292,,W2
QSO_53.7696409-15.8580012,55228.171584000025,18.422,,W2
QSO_53.7696409-15.8580012,55228.23764899998,19.056,,W2
QSO_53.7696409-15.8580012,55228.30382350003,18.602,,W2
QSO_53.7696409-15.8580012,55228.36985200004,18.819,,W2
QSO_53.7696409-15.8580012,55228.4360265,18.725,0.412,W2
QSO_53.7696409-15.8580012,55228.50220099996,18.347,,W2
QSO_53.7696409-15.8580012,55228.63440400002,18.998,0.536,W2
QSO_53.7696409-15.8580012,55417.488470000026,18.73,,W2
QSO_53.7696409-15.8580012,55417.48857950003,18.514,,W2
QSO_53.7696409-15.8580012,55417.620673,18.475,,W2
QSO_53.7696409-15.8580012,55417.75287599997,18.59,,W2
QSO_53.7696409-15.8580012,55417.88511549997,18.879,0.463,W2
QSO_53.7696409-15.8580012,55417.95129000002,18.977,0.509,W2
QSO_53.7696409-15.8580012,55418.01731850003,18.311,,W2
QSO_53.7696409-15.8580012,55418.08349299999,18.691,0.485,W2
QSO_53.7696409-15.8580012,55418.281761000006,,,W2
QSO_53.7696409-15.8580012,55418.34778950002,18.458,,W2
QSO_53.7696409-15.8580012,55418.347935499965,18.946,0.491,W2
QSO_53.7696409-15.8580012,55418.47999249999,18.414,,W2
QSO_53.7696409-15.8580012,55418.480138500025,19.134,0.542,W2
QSO_53.7696409-15.8580012,55418.61223199999,19.073,,W2
QSO_53.7696409-15.8580012,55591.98617350004,18.382,0.31,W2
QSO_53.7696409-15.8580012,55592.38256350003,18.967,0.533,W2
QSO_53.7696409-15.8580012,55592.38267300004,18.75,0.45,W2
QSO_53.7696409-15.8580012,55592.84523749999,18.574,,W2
QSO_53.7696409-15.8580012,55592.97733099996,18.761,,W2
QSO_53.7696409-15.8580012,56880.7220145,18.344,,W2
QSO_53.7696409-15.8580012,57244.51364095004,18.775,0.486,W2
QSO_53.7696409-15.8580012,57245.16921747087,17.799,,W2
QSO_53.7696409-15.8580012,57412.70386618119,18.743,,W2
QSO_53.7696409-15.8580012,57413.032460991606,18.537,,W2
QSO_53.7696409-15.8580012,57413.09804819369,17.691,0.253,W2
QSO_53.7696409-15.8580012,57608.622830576765,18.263,,W2
QSO_53.7696409-15.8580012,57608.75411478095,18.113,,W2
QSO_53.7696409-15.8580012,57609.082416791294,18.492,,W2
QSO_53.7696409-15.8580012,57609.60762680795,18.419,,W2
QSO_53.7696409-15.8580012,57775.43878600001,18.834,0.479,W2
QSO_53.7696409-15.8580012,57775.70067350004,18.849,,W2
QSO_53.7696409-15.8580012,57775.83148949999,18.116,0.387,W2
QSO_53.7696409-15.8580012,57776.28971049999,18.676,,W2
QSO_53.7696409-15.8580012,57973.28809450003,18.329,,W2
QSO_53.7696409-15.8580012,57973.74605999999,18.535,,W2
QSO_53.7696409-15.8580012,57974.00769199998,18.34,0.471,W2
QSO_53.7696409-15.8580012,57974.138617500015,18.877,,W2
QSO_53.7696409-15.8580012,58134.37007699998,18.262,,W2
QSO_53.7696409-15.8580012,58134.56630100003,18.734,0.509,W2
QSO_53.7696409-15.8580012,58134.631708999965,18.793,,W2
QSO_53.7696409-15.8580012,58134.762525,18.287,,W2
QSO_53.7696409-15.8580012,58339.83065750001,18.421,0.356,W2
QSO_53.7696409-15.8580012,58340.41922,18.495,,W2
QSO_53.7696409-15.8580012,58340.48462800002,18.006,,W2
QSO_53.7696409-15.8580012,58340.55003600004,17.982,,W2
QSO_53.7696409-15.8580012,58496.266409,18.453,,W2
QSO_53.7696409-15.8580012,58496.397115500025,18.652,,W2
QSO_53.7696409-15.8580012,58496.78941750001,18.496,0.53,W2
QSO_53.7696409-15.8580012,58496.98564149998,18.777,,W2
QSO_53.7696409-15.8580012,58499.4044235,17.878,,W2
QSO_53.7696409-15.8580012,58499.46983150002,18.436,,W2
QSO_53.7696409-15.8580012,58500.12365599999,18.273,,W2
QSO_53.7696409-15.8580012,58704.46284700003,18.555,,W2
QSO_53.7696409-15.8580012,58704.724332999984,18.125,,W2
QSO_53.7696409-15.8580012,58863.304231600014,18.145,,W2
QSO_53.7696409-15.8580012,58863.36981880003,18.309,,W2
QSO_53.7696409-15.8580012,58863.63202119999,18.133,,W2
QSO_53.7696409-15.8580012,58863.6974986,18.227,,W2
QSO_53.7696409-15.8580012,58863.76308580001,18.852,0.535,W2
QSO_53.7696409-15.8580012,59068.26774520004,18.832,,W2
QSO_53.7696409-15.8580012,59069.25063819999,18.199,,W2
QSO_53.7696409-15.8580012,59228.32972699998,18.874,,W2
QSO_53.7696409-15.8580012,59228.46043350001,18.423,,W2
QSO_53.7696409-15.8580012,59228.59110350002,18.95,,W2
QSO_53.7696409-15.8580012,59435.83365049998,18.131,,W2
QSO_53.7696409-15.8580012,59436.1601795,18.586,,W2
QSO_53.7696409-15.8580012,59436.42141,18.654,,W2
QSO_53.7696409-15.8580012,59436.682677000026,18.169,,W2
QSO_53.7696409-15.8580012,59595.05741800001,17.98,,W2
QSO_53.7696409-15.8580012,59799.46647000004,18.362,,W2
QSO_53.7696409-15.8580012,59799.79237849997,18.828,,W2
QSO_53.7696409-15.8580012,59799.85753100003,18.748,,W2
QSO_53.7696409-15.8580012,59958.80203700004,18.052,,W2
QSO_53.7696409-15.8580012,59959.12728850003,18.542,,W2
QSO_53.7696409-15.8580012,59959.19229499998,18.81,,W2
QSO_53.7696409-15.8580012,60163.39760399996,17.906,,W2
QSO_53.7696409-15.8580012,60163.52714249998,18.257,0.527,W2
QSO_53.7696409-15.8580012,60163.59193,18.498,0.497,W2
QSO_53.7696409-15.8580012,60166.248034999975,18.856,,W2
QSO_53.7696409-15.8580012,60166.70143799997,18.534,,W2
QSO_53.7696409-15.8580012,60166.83097649999,17.878,,W2
QSO_53.7696409-15.8580012,60166.89572749998,18.501,,W2
QSO_53.7696409-15.8580012,60167.08954250003,18.667,0.428,W2
QSO_53.7696409-15.8580012,60167.47866899999,18.745,,W2
QSO_53.7696409-15.8580012,60322.70539720002,17.772,,W2
QSO_53.7696409-15.8580012,60322.83477819996,18.544,,W2
QSO_53.7696409-15.8580012,60322.96404939998,18.175,,W2
QSO_53.7696409-15.8580012,60323.2225552,18.42,,W2
QSO_53.7696409-15.8580012,60323.28726399999,18.444,,W2
QSO_53.8342003-15.9544066,55227.64247999998,19.756,0.537,W1
QSO_53.8342003-15.9544066,55227.642626000015,19.468,0.404,W1
QSO_53.8342003-15.9544066,55228.03927149996,19.253,,W1
QSO_53.8342003-15.9544066,55228.10540949998,18.67,0.199,W1
QSO_53.8342003-15.9544066,55228.17147450002,19.338,0.351,W1
QSO_53.8342003-15.9544066,55228.23764899998,18.968,0.293,W1
QSO_53.8342003-15.9544066,55228.30382350003,18.984,,W1
QSO_53.8342003-15.9544066,55228.36985200004,19.197000000000003,0.331,W1
QSO_53.8342003-15.9544066,55228.4360265,19.191000000000003,0.313,W1
QSO_53.8342003-15.9544066,55228.50205500001,19.398000000000003,0.372,W1
QSO_53.8342003-15.9544066,55228.50220099996,18.567,0.192,W1
QSO_53.8342003-15.9544066,55228.63440400002,18.901000000000003,0.291,W1
QSO_53.8342003-15.9544066,55417.48857950003,18.797,0.236,W1
QSO_53.8342003-15.9544066,55417.62081900003,18.767000000000003,0.22,W1
QSO_53.8342003-15.9544066,55417.75287599997,19.084000000000003,0.288,W1
QSO_53.8342003-15.9544066,55417.753022,19.154,0.3,W1
QSO_53.8342003-15.9544066,55417.88511549997,19.195,0.349,W1
QSO_53.8342003-15.9544066,55417.95129000002,18.934,0.284,W1
QSO_53.8342003-15.9544066,55418.01731850003,18.974,,W1
QSO_53.8342003-15.9544066,55418.08349299999,19.233,0.38,W1
QSO_53.8342003-15.9544066,55418.281761000006,18.942,0.28,W1
QSO_53.8342003-15.9544066,55418.347935499965,19.012,0.256,W1
QSO_53.8342003-15.9544066,55418.480138500025,18.959000000000003,0.277,W1
QSO_53.8342003-15.9544066,55418.6123415,19.274,0.346,W1
QSO_53.8342003-15.9544066,55592.38256350003,18.939,0.256,W1
QSO_53.8342003-15.9544066,55592.84523749999,19.009,,W1
QSO_53.8342003-15.9544066,55592.97733099996,19.486,0.403,W1
QSO_53.8342003-15.9544066,56690.199387499975,18.328,0.172,W1
QSO_53.8342003-15.9544066,56690.6601635,18.731,0.233,W1
QSO_53.8342003-15.9544066,57413.03231459157,18.452,0.29,W1
QSO_53.8342003-15.9544066,57609.082416791294,19.344,0.402,W1
QSO_53.8342003-15.9544066,57609.47634260376,18.593,0.186,W1
QSO_53.8342003-15.9544066,57609.60762680795,18.871,0.256,W1
QSO_53.8342003-15.9544066,57609.8702318162,19.507,,W1
QSO_53.8342003-15.9544066,57775.30796999998,18.683,0.201,W1
QSO_53.8342003-15.9544066,57775.70056400004,18.839,0.289,W1
QSO_53.8342003-15.9544066,57775.83148949999,19.353,0.376,W1
QSO_53.8342003-15.9544066,57775.897043500045,19.108,0.351,W1
QSO_53.8342003-15.9544066,57776.42052650002,19.069000000000003,0.281,W1
QSO_53.8342003-15.9544066,57973.026316500014,18.961,0.273,W1
QSO_53.8342003-15.9544066,57973.02646249996,18.685,0.225,W1
QSO_53.8342003-15.9544066,57973.61524400004,19.148000000000003,0.331,W1
QSO_53.8342003-15.9544066,57973.68065199997,18.816000000000003,0.238,W1
QSO_53.8342003-15.9544066,57973.87687600002,19.26,0.362,W1
QSO_53.8342003-15.9544066,57974.00780149998,18.625,0.196,W1
QSO_53.8342003-15.9544066,57974.138617500015,19.054,0.288,W1
QSO_53.8342003-15.9544066,58134.23926100002,19.246,0.339,W1
QSO_53.8342003-15.9544066,58134.56630100003,19.12,0.293,W1
QSO_53.8342003-15.9544066,58134.762525,19.514000000000003,0.454,W1
QSO_53.8342003-15.9544066,58135.220344500005,18.721,0.205,W1
QSO_53.8342003-15.9544066,58339.83065750001,18.633,0.224,W1
QSO_53.8342003-15.9544066,58340.41922,18.874,0.258,W1
QSO_53.8342003-15.9544066,58340.68081550004,18.839,0.322,W1
QSO_53.8342003-15.9544066,58340.81152199999,18.81,0.299,W1
QSO_53.8342003-15.9544066,58496.26629949999,18.638,0.195,W1
QSO_53.8342003-15.9544066,58496.52789500003,19.072000000000003,0.279,W1
QSO_53.8342003-15.9544066,58496.98564149998,18.617,0.229,W1
QSO_53.8342003-15.9544066,58497.05090349997,18.903,0.282,W1
QSO_53.8342003-15.9544066,58500.12365599999,18.966,,W1
QSO_53.8342003-15.9544066,58704.26673249999,18.985,0.276,W1
QSO_53.8342003-15.9544066,58704.397439000015,19.093,0.291,W1
QSO_53.8342003-15.9544066,58863.6974986,19.058,0.282,W1
QSO_53.8342003-15.9544066,58864.02514180002,19.061,0.274,W1
QSO_53.8342003-15.9544066,58864.156316199966,18.655,0.295,W1
QSO_53.8342003-15.9544066,59068.79189379999,18.786,0.261,W1
QSO_53.8342003-15.9544066,59068.85748100001,18.642,0.206,W1
QSO_53.8342003-15.9544066,59228.003088499965,18.513,0.256,W1
QSO_53.8342003-15.9544066,59228.59110350002,18.979,0.326,W1
QSO_53.8342003-15.9544066,59435.83365049998,18.969,0.282,W1
QSO_53.8342003-15.9544066,59436.682677000026,18.429,0.283,W1
QSO_53.8342003-15.9544066,59595.77548249999,18.648,0.202,W1
QSO_53.8342003-15.9544066,59799.85764050004,18.83,0.33,W1
QSO_53.8342003-15.9544066,59800.05309799998,19.064,0.303,W1
QSO_53.8342003-15.9544066,59800.18354899997,18.602,0.303,W1
QSO_53.8342003-15.9544066,59800.44415899998,18.252,0.259,W1
QSO_53.8342003-15.9544066,59958.801891,18.832,0.387,W1
QSO_53.8342003-15.9544066,59959.06213599997,18.737,0.296,W1
QSO_53.8342003-15.9544066,59959.06224549997,18.931,0.277,W1
QSO_53.8342003-15.9544066,59959.90795050003,19.688,0.492,W1
QSO_53.8342003-15.9544066,60163.65668099999,18.585,0.231,W1
QSO_53.8342003-15.9544066,60166.83097649999,18.857,0.26,W1
QSO_53.8342003-15.9544066,60166.83108599999,18.412,0.178,W1
QSO_53.8342003-15.9544066,60167.34913049997,18.583,0.262,W1
QSO_53.8342003-15.9544066,60322.96404939998,18.669,0.231,W1
QSO_53.8342003-15.9544066,60323.35182640003,19.187,0.345,W1
QSO_53.8342003-15.9544066,60323.67504100003,18.54,0.225,W1
QSO_53.8342003-15.9544066,55227.64247999998,18.627,,W2
QSO_53.8342003-15.9544066,55227.642626000015,18.51,,W2
QSO_53.8342003-15.9544066,55228.03927149996,18.693,0.421,W2
QSO_53.8342003-15.9544066,55228.10540949998,19.067,,W2
QSO_53.8342003-15.9544066,55228.17147450002,18.917,0.498,W2
QSO_53.8342003-15.9544066,55228.23764899998,18.918,,W2
QSO_53.8342003-15.9544066,55228.30382350003,18.801,,W2
QSO_53.8342003-15.9544066,55228.36985200004,18.812,,W2
QSO_53.8342003-15.9544066,55228.4360265,18.921,,W2
QSO_53.8342003-15.9544066,55228.50205500001,18.441,,W2
QSO_53.8342003-15.9544066,55228.50220099996,18.449,,W2
QSO_53.8342003-15.9544066,55228.63440400002,18.309,,W2
QSO_53.8342003-15.9544066,55417.48857950003,18.755,,W2
QSO_53.8342003-15.9544066,55417.62081900003,18.483,,W2
QSO_53.8342003-15.9544066,55417.75287599997,19.121,,W2
QSO_53.8342003-15.9544066,55417.753022,18.865,0.474,W2
QSO_53.8342003-15.9544066,55417.88511549997,18.82,0.415,W2
QSO_53.8342003-15.9544066,55417.95129000002,18.382,0.321,W2
QSO_53.8342003-15.9544066,55418.01731850003,18.667,,W2
QSO_53.8342003-15.9544066,55418.08349299999,19.036,,W2
QSO_53.8342003-15.9544066,55418.281761000006,18.557,,W2
QSO_53.8342003-15.9544066,55418.347935499965,18.574,0.361,W2
QSO_53.8342003-15.9544066,55418.480138500025,19.113,,W2
QSO_53.8342003-15.9544066,55418.6123415,18.577,0.426,W2
QSO_53.8342003-15.9544066,55592.38256350003,18.43,,W2
QSO_53.8342003-15.9544066,55592.84523749999,18.481,,W2
QSO_53.8342003-15.9544066,55592.97733099996,18.999,,W2
QSO_53.8342003-15.9544066,56690.199387499975,18.453,,W2
QSO_53.8342003-15.9544066,56690.6601635,18.794,,W2
QSO_53.8342003-15.9544066,57413.03231459157,17.712,,W2
QSO_53.8342003-15.9544066,57609.082416791294,18.432,,W2
QSO_53.8342003-15.9544066,57609.47634260376,18.503,0.47,W2
QSO_53.8342003-15.9544066,57609.60762680795,17.762999999999998,0.298,W2
QSO_53.8342003-15.9544066,57609.8702318162,18.086,0.267,W2
QSO_53.8342003-15.9544066,57775.30796999998,18.513,0.445,W2
QSO_53.8342003-15.9544066,57775.70056400004,18.942,,W2
QSO_53.8342003-15.9544066,57775.83148949999,18.326,0.458,W2
QSO_53.8342003-15.9544066,57775.897043500045,18.436,0.373,W2
QSO_53.8342003-15.9544066,57776.42052650002,18.627,0.406,W2
QSO_53.8342003-15.9544066,57973.026316500014,18.888,,W2
QSO_53.8342003-15.9544066,57973.02646249996,18.481,,W2
QSO_53.8342003-15.9544066,57973.61524400004,18.628,,W2
QSO_53.8342003-15.9544066,57973.68065199997,18.321,0.439,W2
QSO_53.8342003-15.9544066,57973.87687600002,18.079,,W2
QSO_53.8342003-15.9544066,57974.00780149998,18.326,,W2
QSO_53.8342003-15.9544066,57974.138617500015,18.268,,W2
QSO_53.8342003-15.9544066,58134.23926100002,18.633,,W2
QSO_53.8342003-15.9544066,58134.56630100003,18.417,,W2
QSO_53.8342003-15.9544066,58134.762525,18.201,,W2
QSO_53.8342003-15.9544066,58135.220344500005,18.517,,W2
QSO_53.8342003-15.9544066,58339.83065750001,18.207,,W2
QSO_53.8342003-15.9544066,58340.41922,18.16,,W2
QSO_53.8342003-15.9544066,58340.68081550004,18.17,,W2
QSO_53.8342003-15.9544066,58340.81152199999,17.687,,W2
QSO_53.8342003-15.9544066,58496.26629949999,18.898,,W2
QSO_53.8342003-15.9544066,58496.52789500003,17.902,,W2
QSO_53.8342003-15.9544066,58496.98564149998,17.895,,W2
QSO_53.8342003-15.9544066,58497.05090349997,18.32,,W2
QSO_53.8342003-15.9544066,58500.12365599999,17.548,,W2
QSO_53.8342003-15.9544066,58704.26673249999,18.006999999999998,,W2
QSO_53.8342003-15.9544066,58704.397439000015,18.05,,W2
QSO_53.8342003-15.9544066,58863.6974986,18.585,0.422,W2
QSO_53.8342003-15.9544066,58864.02514180002,18.343,,W2
QSO_53.8342003-15.9544066,58864.156316199966,18.421,,W2
QSO_53.8342003-15.9544066,59068.79189379999,18.837,,W2
QSO_53.8342003-15.9544066,59068.85748100001,18.426,,W2
QSO_53.8342003-15.9544066,59228.003088499965,18.292,,W2
QSO_53.8342003-15.9544066,59228.59110350002,18.642,,W2
QSO_53.8342003-15.9544066,59435.83365049998,18.073,,W2
QSO_53.8342003-15.9544066,59436.682677000026,18.74,,W2
QSO_53.8342003-15.9544066,59595.77548249999,18.223,,W2
QSO_53.8342003-15.9544066,59799.85764050004,18.398,,W2
QSO_53.8342003-15.9544066,59800.05309799998,18.419,0.534,W2
QSO_53.8342003-15.9544066,59800.18354899997,18.176,,W2
QSO_53.8342003-15.9544066,59800.44415899998,17.96,,W2
QSO_53.8342003-15.9544066,59958.801891,18.242,,W2
QSO_53.8342003-15.9544066,59959.06213599997,18.607,,W2
QSO_53.8342003-15.9544066,59959.06224549997,18.53,,W2
QSO_53.8342003-15.9544066,59959.90795050003,18.912,0.5,W2
QSO_53.8342003-15.9544066,60163.65668099999,17.98,0.459,W2
QSO_53.8342003-15.9544066,60166.83097649999,18.419,,W2
QSO_53.8342003-15.9544066,60166.83108599999,18.339,,W2
QSO_53.8342003-15.9544066,60167.34913049997,18.683,0.519,W2
QSO_53.8342003-15.9544066,60322.96404939998,18.821,,W2
QSO_53.8342003-15.9544066,60323.35182640003,18.099,,W2
QSO_53.8342003-15.9544066,60323.67504100003,18.706,,W2
QSO_53.8117933-15.7431619,55228.03927149996,19.054,0.283,W1
QSO_53.8117933-15.7431619,55228.10540949998,18.962000000000003,0.246,W1
QSO_53.8117933-15.7431619,55228.171584000025,18.818,0.223,W1
QSO_53.8117933-15.7431619,55228.23764899998,19.597,0.458,W1
QSO_53.8117933-15.7431619,55228.30382350003,18.625,0.213,W1
QSO_53.8117933-15.7431619,55228.36985200004,19.076,0.323,W1
QSO_53.8117933-15.7431619,55228.36999799999,19.609,0.452,W1
QSO_53.8117933-15.7431619,55228.4360265,19.020000000000003,,W1
QSO_53.8117933-15.7431619,55228.50220099996,19.033,0.276,W1
QSO_53.8117933-15.7431619,55228.63440400002,19.536,0.443,W1
QSO_53.8117933-15.7431619,55417.620673,19.349,,W1
QSO_53.8117933-15.7431619,55417.75287599997,18.689,,W1
QSO_53.8117933-15.7431619,55417.88511549997,19.459000000000003,,W1
QSO_53.8117933-15.7431619,55417.95129000002,18.993,0.276,W1
QSO_53.8117933-15.7431619,55418.01731850003,19.442,0.456,W1
QSO_53.8117933-15.7431619,55418.08349299999,19.322000000000003,0.334,W1
QSO_53.8117933-15.7431619,55418.281761000006,19.252,0.335,W1
QSO_53.8117933-15.7431619,55418.34778950002,19.029,,W1
QSO_53.8117933-15.7431619,55418.47999249999,19.341,0.376,W1
QSO_53.8117933-15.7431619,55418.61223199999,19.213,0.324,W1
QSO_53.8117933-15.7431619,55418.74443499997,18.691000000000003,0.188,W1
QSO_53.8117933-15.7431619,55591.98617350004,19.064,0.281,W1
QSO_53.8117933-15.7431619,55592.38267300004,19.554,0.456,W1
QSO_53.8117933-15.7431619,55592.84523749999,19.073,0.293,W1
QSO_53.8117933-15.7431619,55592.97733099996,19.036,0.282,W1
QSO_53.8117933-15.7431619,55592.97744049996,19.566000000000003,0.443,W1
QSO_53.8117933-15.7431619,56880.13027649998,18.649,0.271,W1
QSO_53.8117933-15.7431619,57244.57915845214,18.914,0.289,W1
QSO_53.8117933-15.7431619,57609.21359119548,18.741,0.296,W1
QSO_53.8117933-15.7431619,57973.61524400004,19.404,0.525,W1
QSO_53.8117933-15.7431619,57973.87687600002,18.991,0.346,W1
QSO_53.8117933-15.7431619,57974.138617500015,18.98,0.279,W1
QSO_53.8117933-15.7431619,57980.158088,18.856,0.284,W1
QSO_53.8117933-15.7431619,58134.501002500016,18.888,0.304,W1
QSO_53.8117933-15.7431619,58340.54989,18.815,0.23,W1
QSO_53.8117933-15.7431619,58341.07300800003,18.237,,W1
QSO_53.8117933-15.7431619,58499.4044235,19.163,0.323,W1
QSO_53.8117933-15.7431619,58704.52810900002,18.761000000000003,0.217,W1
QSO_53.8117933-15.7431619,58863.304231600014,19.18,0.38,W1
QSO_53.8117933-15.7431619,59228.003088499965,19.147,0.308,W1
QSO_53.8117933-15.7431619,59800.05309799998,18.752,0.242,W1
QSO_53.8117933-15.7431619,59959.06224549997,18.757,0.462,W1
QSO_53.8117933-15.7431619,59959.387643,18.485,0.182,W1
QSO_53.8117933-15.7431619,60167.34913049997,18.848,0.339,W1
QSO_53.8117933-15.7431619,60322.96404939998,18.817,,W1
QSO_53.8117933-15.7431619,55228.03927149996,19.095,,W2
QSO_53.8117933-15.7431619,55228.10540949998,18.788,,W2
QSO_53.8117933-15.7431619,55228.171584000025,18.804,,W2
QSO_53.8117933-15.7431619,55228.23764899998,18.889,0.468,W2
QSO_53.8117933-15.7431619,55228.30382350003,18.968,,W2
QSO_53.8117933-15.7431619,55228.36985200004,18.556,,W2
QSO_53.8117933-15.7431619,55228.36999799999,19.079,,W2
QSO_53.8117933-15.7431619,55228.4360265,18.797,,W2
QSO_53.8117933-15.7431619,55228.50220099996,18.454,,W2
QSO_53.8117933-15.7431619,55228.63440400002,18.845,,W2
QSO_53.8117933-15.7431619,55417.620673,18.989,0.535,W2
QSO_53.8117933-15.7431619,55417.75287599997,18.512,,W2
QSO_53.8117933-15.7431619,55417.88511549997,18.272,,W2
QSO_53.8117933-15.7431619,55417.95129000002,19.053,,W2
QSO_53.8117933-15.7431619,55418.01731850003,18.778,0.442,W2
QSO_53.8117933-15.7431619,55418.08349299999,19.063,,W2
QSO_53.8117933-15.7431619,55418.281761000006,18.386,,W2
QSO_53.8117933-15.7431619,55418.34778950002,19.08,,W2
QSO_53.8117933-15.7431619,55418.47999249999,18.965,,W2
QSO_53.8117933-15.7431619,55418.61223199999,18.385,,W2
QSO_53.8117933-15.7431619,55418.74443499997,18.876,,W2
QSO_53.8117933-15.7431619,55591.98617350004,19.039,,W2
QSO_53.8117933-15.7431619,55592.38267300004,18.868,0.508,W2
QSO_53.8117933-15.7431619,55592.84523749999,18.57,0.518,W2
QSO_53.8117933-15.7431619,55592.97733099996,18.672,,W2
QSO_53.8117933-15.7431619,55592.97744049996,18.523,,W2
QSO_53.8117933-15.7431619,56880.13027649998,18.549,,W2
QSO_53.8117933-15.7431619,57244.57915845214,18.862,,W2
QSO_53.8117933-15.7431619,57609.21359119548,18.71,,W2
QSO_53.8117933-15.7431619,57973.61524400004,18.431,0.436,W2
QSO_53.8117933-15.7431619,57973.87687600002,18.794,,W2
QSO_53.8117933-15.7431619,57974.138617500015,18.373,,W2
QSO_53.8117933-15.7431619,57980.158088,18.566,,W2
QSO_53.8117933-15.7431619,58134.501002500016,18.845,0.542,W2
QSO_53.8117933-15.7431619,58340.54989,18.948,0.523,W2
QSO_53.8117933-15.7431619,58341.07300800003,18.766,,W2
QSO_53.8117933-15.7431619,58499.4044235,17.512,,W2
QSO_53.8117933-15.7431619,58704.52810900002,18.145,,W2
QSO_53.8117933-15.7431619,58863.304231600014,18.346,,W2
QSO_53.8117933-15.7431619,59228.003088499965,18.333,,W2
QSO_53.8117933-15.7431619,59800.05309799998,18.529,,W2
QSO_53.8117933-15.7431619,59959.06224549997,17.804,,W2
QSO_53.8117933-15.7431619,59959.387643,18.006999999999998,,W2
QSO_53.8117933-15.7431619,60167.34913049997,18.713,,W2
QSO_53.8117933-15.7431619,60322.96404939998,17.852999999999998,,W2
QSO_53.8967336-15.8331963,55228.03927149996,18.583,0.203,W1
QSO_53.8967336-15.8331963,55228.17147450002,18.933,0.261,W1
QSO_53.8967336-15.8331963,55228.171584000025,18.771,0.202,W1
QSO_53.8967336-15.8331963,55228.23764899998,18.906,0.276,W1
QSO_53.8967336-15.8331963,55228.30382350003,18.574,0.196,W1
QSO_53.8967336-15.8331963,55228.36985200004,18.768,0.216,W1
QSO_53.8967336-15.8331963,55228.4360265,18.992,0.262,W1
QSO_53.8967336-15.8331963,55228.50220099996,18.532,0.166,W1
QSO_53.8967336-15.8331963,55228.63440400002,19.479,0.388,W1
QSO_53.8967336-15.8331963,55417.620673,18.934,0.281,W1
QSO_53.8967336-15.8331963,55417.62081900003,19.486,0.535,W1
QSO_53.8967336-15.8331963,55417.75287599997,19.083,0.291,W1
QSO_53.8967336-15.8331963,55417.88511549997,18.784,0.262,W1
QSO_53.8967336-15.8331963,55418.01731850003,18.925,0.251,W1
QSO_53.8967336-15.8331963,55418.08349299999,19.271,0.361,W1
QSO_53.8967336-15.8331963,55418.281761000006,18.809,0.242,W1
QSO_53.8967336-15.8331963,55418.347935499965,18.983,0.258,W1
QSO_53.8967336-15.8331963,55418.41396399998,19.14,0.287,W1
QSO_53.8967336-15.8331963,55418.47999249999,18.306,0.151,W1
QSO_53.8967336-15.8331963,55418.480138500025,18.896,0.245,W1
QSO_53.8967336-15.8331963,55418.61223199999,19.102,0.303,W1
QSO_53.8967336-15.8331963,55418.74443499997,19.542,0.509,W1
QSO_53.8967336-15.8331963,55591.98617350004,18.848,0.243,W1
QSO_53.8967336-15.8331963,55592.38256350003,19.122,0.357,W1
QSO_53.8967336-15.8331963,55592.38267300004,19.678,0.533,W1
QSO_53.8967336-15.8331963,55592.84523749999,18.875,0.246,W1
QSO_53.8967336-15.8331963,55592.97733099996,19.635,0.511,W1
QSO_53.8967336-15.8331963,55593.10953400002,19.241,0.344,W1
QSO_53.8967336-15.8331963,56690.46266200002,19.077,0.337,W1
QSO_53.8967336-15.8331963,56690.6601635,19.292,0.364,W1
QSO_53.8967336-15.8331963,57053.06906595346,18.681,0.207,W1
QSO_53.8967336-15.8331963,57245.16921747087,18.691000000000003,0.246,W1
QSO_53.8967336-15.8331963,57245.300288975006,19.477,0.51,W1
QSO_53.8967336-15.8331963,57412.70386618119,18.982,0.285,W1
QSO_53.8967336-15.8331963,57413.09815799371,18.043,,W1
QSO_53.8967336-15.8331963,57413.22947879784,19.103,0.316,W1
QSO_53.8967336-15.8331963,57609.21373759551,19.298,0.36,W1
QSO_53.8967336-15.8331963,57609.47634260376,19.124,0.312,W1
QSO_53.8967336-15.8331963,57609.541929805855,18.704,0.24,W1
QSO_53.8967336-15.8331963,57609.60762680795,18.725,0.21,W1
QSO_53.8967336-15.8331963,57775.96245149997,18.727,0.229,W1
QSO_53.8967336-15.8331963,57776.02782299997,18.703000000000003,0.214,W1
QSO_53.8967336-15.8331963,57776.28971049999,18.782,0.22,W1
QSO_53.8967336-15.8331963,57776.55148850001,18.721,0.223,W1
QSO_53.8967336-15.8331963,57974.00769199998,18.709000000000003,0.444,W1
QSO_53.8967336-15.8331963,57974.138617500015,18.737,0.212,W1
QSO_53.8967336-15.8331963,57974.26943349997,19.029,0.283,W1
QSO_53.8967336-15.8331963,58134.50089300001,18.589,0.317,W1
QSO_53.8967336-15.8331963,58134.631708999965,18.842,0.244,W1
QSO_53.8967336-15.8331963,58134.762525,18.616,0.273,W1
QSO_53.8967336-15.8331963,58340.41922,19.123,0.332,W1
QSO_53.8967336-15.8331963,58340.55003600004,19.068,0.314,W1
QSO_53.8967336-15.8331963,58340.61529800002,18.82,0.296,W1
QSO_53.8967336-15.8331963,58340.81152199999,18.861,0.321,W1
QSO_53.8967336-15.8331963,58496.397115500025,19.130000000000003,0.443,W1
QSO_53.8967336-15.8331963,58496.52789500003,18.673,0.225,W1
QSO_53.8967336-15.8331963,58496.78941750001,18.03,0.216,W1
QSO_53.8967336-15.8331963,58497.05090349997,19.009,0.306,W1
QSO_53.8967336-15.8331963,58499.27360749997,18.534,0.294,W1
QSO_53.8967336-15.8331963,58499.5350935,18.818,0.253,W1
QSO_53.8967336-15.8331963,58499.79672549999,18.818,0.25,W1
QSO_53.8967336-15.8331963,58499.92743200002,18.729,0.227,W1
QSO_53.8967336-15.8331963,58704.26673249999,19.033,0.297,W1
QSO_53.8967336-15.8331963,58704.397439000015,18.724,0.228,W1
QSO_53.8967336-15.8331963,58704.46284700003,18.798,0.259,W1
QSO_53.8967336-15.8331963,58704.52810900002,18.641,0.215,W1
QSO_53.8967336-15.8331963,58704.59351700004,19.146,0.35,W1
QSO_53.8967336-15.8331963,58863.17316699998,19.502,0.487,W1
QSO_53.8967336-15.8331963,58863.63202119999,18.815,0.224,W1
QSO_53.8967336-15.8331963,58863.6974986,18.862,0.243,W1
QSO_53.8967336-15.8331963,58864.156316199966,18.903,0.277,W1
QSO_53.8967336-15.8331963,59068.85748100001,19.256,0.363,W1
QSO_53.8967336-15.8331963,59068.988545600034,18.742,0.286,W1
QSO_53.8967336-15.8331963,59069.11957360004,19.126,0.346,W1
QSO_53.8967336-15.8331963,59228.46043350001,19.034,0.277,W1
QSO_53.8967336-15.8331963,59228.59110350002,18.706000000000003,0.224,W1
QSO_53.8967336-15.8331963,59436.42141,18.514,0.249,W1
QSO_53.8967336-15.8331963,59436.81323750002,18.784,0.338,W1
QSO_53.8967336-15.8331963,59595.05741800001,18.949,0.255,W1
QSO_53.8967336-15.8331963,59595.77548249999,18.493,0.198,W1
QSO_53.8967336-15.8331963,59596.03660349998,18.925,0.275,W1
QSO_53.8967336-15.8331963,59800.44415899998,19.118,0.327,W1
QSO_53.8967336-15.8331963,59959.517692500005,18.721,0.343,W1
QSO_53.8967336-15.8331963,59959.58269900004,18.736,0.278,W1
QSO_53.8967336-15.8331963,60163.39760399996,18.705,0.237,W1
QSO_53.8967336-15.8331963,60163.851007000034,18.441000000000003,0.223,W1
QSO_53.8967336-15.8331963,60166.636650500026,18.795,0.258,W1
QSO_53.8967336-15.8331963,60166.76567799997,18.979,0.324,W1
QSO_53.8967336-15.8331963,60166.83097649999,18.628,0.232,W1
QSO_53.8967336-15.8331963,60167.34913049997,18.896,0.327,W1
QSO_53.8967336-15.8331963,60322.96404939998,18.959000000000003,0.326,W1
QSO_53.8967336-15.8331963,60323.35182640003,18.717,0.241,W1
QSO_53.8967336-15.8331963,60323.67504100003,18.434,0.17,W1
QSO_53.8967336-15.8331963,60323.93354679996,18.575,0.216,W1
QSO_53.8967336-15.8331963,55228.03927149996,18.362,,W2
QSO_53.8967336-15.8331963,55228.17147450002,18.82,,W2
QSO_53.8967336-15.8331963,55228.171584000025,19.125,,W2
QSO_53.8967336-15.8331963,55228.23764899998,18.7,0.378,W2
QSO_53.8967336-15.8331963,55228.30382350003,18.73,0.479,W2
QSO_53.8967336-15.8331963,55228.36985200004,18.394,,W2
QSO_53.8967336-15.8331963,55228.4360265,18.769,0.446,W2
QSO_53.8967336-15.8331963,55228.50220099996,18.484,,W2
QSO_53.8967336-15.8331963,55228.63440400002,18.915,,W2
QSO_53.8967336-15.8331963,55417.620673,18.982,,W2
QSO_53.8967336-15.8331963,55417.62081900003,18.794,,W2
QSO_53.8967336-15.8331963,55417.75287599997,18.753,,W2
QSO_53.8967336-15.8331963,55417.88511549997,18.828,,W2
QSO_53.8967336-15.8331963,55418.01731850003,18.322,,W2
QSO_53.8967336-15.8331963,55418.08349299999,18.888,0.511,W2
QSO_53.8967336-15.8331963,55418.281761000006,18.792,0.413,W2
QSO_53.8967336-15.8331963,55418.347935499965,18.419,,W2
QSO_53.8967336-15.8331963,55418.41396399998,18.591,,W2
QSO_53.8967336-15.8331963,55418.47999249999,19.024,,W2
QSO_53.8967336-15.8331963,55418.480138500025,18.524,,W2
QSO_53.8967336-15.8331963,55418.61223199999,18.944,,W2
QSO_53.8967336-15.8331963,55418.74443499997,18.811,,W2
QSO_53.8967336-15.8331963,55591.98617350004,18.844,,W2
QSO_53.8967336-15.8331963,55592.38256350003,18.915,,W2
QSO_53.8967336-15.8331963,55592.38267300004,18.7,,W2
QSO_53.8967336-15.8331963,55592.84523749999,18.389,,W2
QSO_53.8967336-15.8331963,55592.97733099996,18.806,,W2
QSO_53.8967336-15.8331963,55593.10953400002,18.475,,W2
QSO_53.8967336-15.8331963,56690.46266200002,18.065,,W2
QSO_53.8967336-15.8331963,56690.6601635,18.391,,W2
QSO_53.8967336-15.8331963,57053.06906595346,18.837,,W2
QSO_53.8967336-15.8331963,57245.16921747087,18.187,,W2
QSO_53.8967336-15.8331963,57245.300288975006,18.961,,W2
QSO_53.8967336-15.8331963,57412.70386618119,18.333,,W2
QSO_53.8967336-15.8331963,57413.09815799371,18.781,,W2
QSO_53.8967336-15.8331963,57413.22947879784,18.153,,W2
QSO_53.8967336-15.8331963,57609.21373759551,18.519,,W2
QSO_53.8967336-15.8331963,57609.47634260376,17.816,0.291,W2
QSO_53.8967336-15.8331963,57609.541929805855,18.991,,W2
QSO_53.8967336-15.8331963,57609.60762680795,18.084,,W2
QSO_53.8967336-15.8331963,57775.96245149997,18.69,,W2
QSO_53.8967336-15.8331963,57776.02782299997,18.075,,W2
QSO_53.8967336-15.8331963,57776.28971049999,18.644,,W2
QSO_53.8967336-15.8331963,57776.55148850001,18.872,,W2
QSO_53.8967336-15.8331963,57974.00769199998,18.34,0.408,W2
QSO_53.8967336-15.8331963,57974.138617500015,18.352,,W2
QSO_53.8967336-15.8331963,57974.26943349997,18.383,,W2
QSO_53.8967336-15.8331963,58134.50089300001,18.646,0.404,W2
QSO_53.8967336-15.8331963,58134.631708999965,18.907,0.515,W2
QSO_53.8967336-15.8331963,58134.762525,18.51,,W2
QSO_53.8967336-15.8331963,58340.41922,18.881,,W2
QSO_53.8967336-15.8331963,58340.55003600004,18.231,,W2
QSO_53.8967336-15.8331963,58340.61529800002,18.815,,W2
QSO_53.8967336-15.8331963,58340.81152199999,18.157,,W2
QSO_53.8967336-15.8331963,58496.397115500025,18.833,,W2
QSO_53.8967336-15.8331963,58496.52789500003,18.648,,W2
QSO_53.8967336-15.8331963,58496.78941750001,18.204,0.359,W2
QSO_53.8967336-15.8331963,58497.05090349997,18.44,,W2
QSO_53.8967336-15.8331963,58499.27360749997,18.478,,W2
QSO_53.8967336-15.8331963,58499.5350935,18.134,,W2
QSO_53.8967336-15.8331963,58499.79672549999,18.222,,W2
QSO_53.8967336-15.8331963,58499.92743200002,18.059,,W2
QSO_53.8967336-15.8331963,58704.26673249999,17.788,,W2
QSO_53.8967336-15.8331963,58704.397439000015,18.683,,W2
QSO_53.8967336-15.8331963,58704.46284700003,18.064,,W2
QSO_53.8967336-15.8331963,58704.52810900002,18.11,,W2
QSO_53.8967336-15.8331963,58704.59351700004,18.522,,W2
QSO_53.8967336-15.8331963,58863.17316699998,18.352,,W2
QSO_53.8967336-15.8331963,58863.63202119999,18.539,0.528,W2
QSO_53.8967336-15.8331963,58863.6974986,18.624,,W2
QSO_53.8967336-15.8331963,58864.156316199966,18.247,0.395,W2
QSO_53.8967336-15.8331963,59068.85748100001,18.379,0.446,W2
QSO_53.8967336-15.8331963,59068.988545600034,18.23,,W2
QSO_53.8967336-15.8331963,59069.11957360004,17.65,0.342,W2
QSO_53.8967336-15.8331963,59228.46043350001,17.862,,W2
QSO_53.8967336-15.8331963,59228.59110350002,17.825,0.354,W2
QSO_53.8967336-15.8331963,59436.42141,18.282,,W2
QSO_53.8967336-15.8331963,59436.81323750002,17.994,,W2
QSO_53.8967336-15.8331963,59595.05741800001,18.339,,W2
QSO_53.8967336-15.8331963,59595.77548249999,18.151,0.456,W2
QSO_53.8967336-15.8331963,59596.03660349998,18.386,,W2
QSO_53.8967336-15.8331963,59800.44415899998,18.811,,W2
QSO_53.8967336-15.8331963,59959.517692500005,18.223,,W2
QSO_53.8967336-15.8331963,59959.58269900004,18.909,,W2
QSO_53.8967336-15.8331963,60163.39760399996,18.085,,W2
QSO_53.8967336-15.8331963,60163.851007000034,18.191,,W2
QSO_53.8967336-15.8331963,60166.636650500026,18.59,,W2
QSO_53.8967336-15.8331963,60166.76567799997,18.639,,W2
QSO_53.8967336-15.8331963,60166.83097649999,18.26,,W2
QSO_53.8967336-15.8331963,60167.34913049997,18.26,,W2
QSO_53.8967336-15.8331963,60322.96404939998,18.406,,W2
QSO_53.8967336-15.8331963,60323.35182640003,18.67,,W2
QSO_53.8967336-15.8331963,60323.67504100003,18.352,,W2
QSO_53.8967336-15.8331963,60323.93354679996,18.103,,W2
QSO_53.9901934-15.8753093,55228.03927149996,18.925,0.25,W1
QSO_53.9901934-15.8753093,55228.03927149996,19.007,0.27,W1
QSO_53.9901934-15.8753093,55228.17147450002,19.545,0.461,W1
QSO_53.9901934-15.8753093,55228.17147450002,19.112,0.31,W1
QSO_53.9901934-15.8753093,55228.23764899998,19.327,0.366,W1
QSO_53.9901934-15.8753093,55228.23764899998,19.339,0.37,W1
QSO_53.9901934-15.8753093,55228.30382350003,19.307,0.335,W1
QSO_53.9901934-15.8753093,55228.30382350003,18.919,0.234,W1
QSO_53.9901934-15.8753093,55228.36985200004,18.714,0.206,W1
QSO_53.9901934-15.8753093,55228.36985200004,19.271,0.344,W1
QSO_53.9901934-15.8753093,55228.4360265,18.946,0.271,W1
QSO_53.9901934-15.8753093,55228.4360265,19.259,0.362,W1
QSO_53.9901934-15.8753093,55228.50205500001,19.152,,W1
QSO_53.9901934-15.8753093,55228.50205500001,19.154,,W1
QSO_53.9901934-15.8753093,55228.50220099996,19.595,0.45,W1
QSO_53.9901934-15.8753093,55228.50220099996,19.047,0.272,W1
QSO_53.9901934-15.8753093,55228.56822949997,19.001,,W1
QSO_53.9901934-15.8753093,55228.56822949997,19.037,0.286,W1
QSO_53.9901934-15.8753093,55228.63440400002,18.749,0.244,W1
QSO_53.9901934-15.8753093,55228.63440400002,18.479,0.19,W1
QSO_53.9901934-15.8753093,55229.031049499965,19.088,,W1
QSO_53.9901934-15.8753093,55229.031049499965,19.082,0.293,W1
QSO_53.9901934-15.8753093,55229.0311955,18.631,0.183,W1
QSO_53.9901934-15.8753093,55229.0311955,18.634,0.184,W1
QSO_53.9901934-15.8753093,55417.75287599997,19.222,0.346,W1
QSO_53.9901934-15.8753093,55417.75287599997,18.972,0.274,W1
QSO_53.9901934-15.8753093,55417.753022,18.636,0.227,W1
QSO_53.9901934-15.8753093,55417.753022,18.618,0.224,W1
QSO_53.9901934-15.8753093,55417.88511549997,19.48,0.43,W1
QSO_53.9901934-15.8753093,55417.88511549997,19.478,0.429,W1
QSO_53.9901934-15.8753093,55418.01731850003,18.83,0.347,W1
QSO_53.9901934-15.8753093,55418.01731850003,18.824,0.347,W1
QSO_53.9901934-15.8753093,55418.08349299999,19.177,0.314,W1
QSO_53.9901934-15.8753093,55418.08349299999,19.239,0.333,W1
QSO_53.9901934-15.8753093,55418.281761000006,18.66,0.192,W1
QSO_53.9901934-15.8753093,55418.281761000006,19.659,0.481,W1
QSO_53.9901934-15.8753093,55418.347935499965,19.178,0.315,W1
QSO_53.9901934-15.8753093,55418.347935499965,19.011000000000003,0.27,W1
QSO_53.9901934-15.8753093,55418.41396399998,18.959000000000003,,W1
QSO_53.9901934-15.8753093,55418.41396399998,19.126,0.33,W1
QSO_53.9901934-15.8753093,55418.480138500025,19.216,0.363,W1
QSO_53.9901934-15.8753093,55418.480138500025,19.638,0.535,W1
QSO_53.9901934-15.8753093,55418.61223199999,19.001,0.269,W1
QSO_53.9901934-15.8753093,55418.61223199999,18.787,0.221,W1
QSO_53.9901934-15.8753093,55418.6123415,19.323,,W1
QSO_53.9901934-15.8753093,55418.6123415,19.319000000000003,,W1
QSO_53.9901934-15.8753093,55418.74443499997,19.004,,W1
QSO_53.9901934-15.8753093,55418.74443499997,19.3,0.368,W1
QSO_53.9901934-15.8753093,55418.87663800002,19.012,0.255,W1
QSO_53.9901934-15.8753093,55418.87663800002,19.334000000000003,0.342,W1
QSO_53.9901934-15.8753093,55591.98617350004,19.076,0.297,W1
QSO_53.9901934-15.8753093,55591.98617350004,19.07,0.295,W1
QSO_53.9901934-15.8753093,55592.38256350003,18.947000000000003,,W1
QSO_53.9901934-15.8753093,55592.38256350003,19.159,0.372,W1
QSO_53.9901934-15.8753093,55592.77906300003,19.056,0.283,W1
QSO_53.9901934-15.8753093,55592.77906300003,19.035,0.278,W1
QSO_53.9901934-15.8753093,55592.84523749999,19.06,0.281,W1
QSO_53.9901934-15.8753093,55592.84523749999,19.04,0.275,W1
QSO_53.9901934-15.8753093,55592.97733099996,18.832,0.233,W1
QSO_53.9901934-15.8753093,55592.97733099996,19.12,0.303,W1
QSO_53.9901934-15.8753093,55593.10953400002,18.854,,W1
QSO_53.9901934-15.8753093,55593.10953400002,18.851,,W1
QSO_53.9901934-15.8753093,56690.33097000004,18.665,0.216,W1
QSO_53.9901934-15.8753093,56690.46266200002,18.604,0.194,W1
QSO_53.9901934-15.8753093,56690.59439050003,18.926,0.361,W1
QSO_53.9901934-15.8753093,56695.13634100001,18.679,0.327,W1
QSO_53.9901934-15.8753093,56880.7220145,18.873,0.335,W1
QSO_53.9901934-15.8753093,56880.984887499966,18.748,0.264,W1
QSO_53.9901934-15.8753093,57053.397237463854,18.701,0.219,W1
QSO_53.9901934-15.8753093,57245.16921747087,18.952,0.366,W1
QSO_53.9901934-15.8753093,57245.431469979165,19.006,0.293,W1
QSO_53.9901934-15.8753093,57412.70386618119,18.882,0.288,W1
QSO_53.9901934-15.8753093,57413.55792720823,18.889000000000003,,W1
QSO_53.9901934-15.8753093,57608.88539898506,18.766,0.221,W1
QSO_53.9901934-15.8753093,57609.21373759551,18.961,0.296,W1
QSO_53.9901934-15.8753093,57609.47634260376,18.856,0.252,W1
QSO_53.9901934-15.8753093,57609.8702318162,18.752,0.216,W1
QSO_53.9901934-15.8753093,57775.569748,18.782,0.233,W1
QSO_53.9901934-15.8753093,57775.70067350004,18.891,0.252,W1
QSO_53.9901934-15.8753093,57775.897043500045,18.919,0.251,W1
QSO_53.9901934-15.8753093,57775.96245149997,19.113,0.288,W1
QSO_53.9901934-15.8753093,57776.42052650002,18.888,0.268,W1
QSO_53.9901934-15.8753093,57776.55148850001,18.648,0.204,W1
QSO_53.9901934-15.8753093,57973.28809450003,19.215,0.345,W1
QSO_53.9901934-15.8753093,57973.61524400004,19.164,0.323,W1
QSO_53.9901934-15.8753093,57973.87687600002,18.869,0.247,W1
QSO_53.9901934-15.8753093,57973.94228399996,18.947000000000003,0.3,W1
QSO_53.9901934-15.8753093,57974.26943349997,19.020000000000003,,W1
QSO_53.9901934-15.8753093,57980.15819750001,19.423,0.386,W1
QSO_53.9901934-15.8753093,58134.37007699998,19.372,0.364,W1
QSO_53.9901934-15.8753093,58134.50089300001,18.707,,W1
QSO_53.9901934-15.8753093,58134.631708999965,19.014000000000003,,W1
QSO_53.9901934-15.8753093,58134.762525,18.534,0.236,W1
QSO_53.9901934-15.8753093,58135.22049050004,19.125,0.344,W1
QSO_53.9901934-15.8753093,58340.48462800002,18.533,0.29,W1
QSO_53.9901934-15.8753093,58496.52789500003,18.837000000000003,0.223,W1
QSO_53.9901934-15.8753093,58497.05090349997,19.43,0.433,W1
QSO_53.9901934-15.8753093,58500.254326,18.684,0.23,W1
QSO_53.9901934-15.8753093,58704.46284700003,18.688,0.216,W1
QSO_53.9901934-15.8753093,58704.59351700004,19.183,0.357,W1
QSO_53.9901934-15.8753093,58704.65892499997,19.022,0.263,W1
QSO_53.9901934-15.8753093,58704.724332999984,19.020000000000003,0.29,W1
QSO_53.9901934-15.8753093,58863.17316699998,19.346,0.401,W1
QSO_53.9901934-15.8753093,58863.304231600014,19.242,0.329,W1
QSO_53.9901934-15.8753093,58863.6974986,18.981,0.314,W1
QSO_53.9901934-15.8753093,58863.95970100003,18.731,0.216,W1
QSO_53.9901934-15.8753093,58864.02514180002,18.727,0.214,W1
QSO_53.9901934-15.8753093,58864.156316199966,18.319,0.151,W1
QSO_53.9901934-15.8753093,58864.2873808,19.14,0.384,W1
QSO_53.9901934-15.8753093,59068.79189379999,18.724,0.246,W1
QSO_53.9901934-15.8753093,59068.92295840001,19.014000000000003,,W1
QSO_53.9901934-15.8753093,59069.18516079997,18.226,0.189,W1
QSO_53.9901934-15.8753093,59069.25063819999,18.685,0.209,W1
QSO_53.9901934-15.8753093,59069.51269419999,19.521,0.489,W1
QSO_53.9901934-15.8753093,59228.264465,18.49,0.165,W1
QSO_53.9901934-15.8753093,59228.59110350002,18.704,0.2,W1
QSO_53.9901934-15.8753093,59228.78707200003,19.51,0.433,W1
QSO_53.9901934-15.8753093,59435.83365049998,18.676,0.259,W1
QSO_53.9901934-15.8753093,59436.1601795,19.453000000000003,0.424,W1
QSO_53.9901934-15.8753093,59436.2908495,19.046,0.365,W1
QSO_53.9901934-15.8753093,59436.42141,18.657,0.201,W1
QSO_53.9901934-15.8753093,59595.38383750002,19.001,0.261,W1
QSO_53.9901934-15.8753093,59595.77548249999,18.517,0.181,W1
QSO_53.9901934-15.8753093,59596.03660349998,18.87,0.263,W1
QSO_53.9901934-15.8753093,59799.85753100003,18.652,0.243,W1
QSO_53.9901934-15.8753093,59800.05309799998,19.331000000000003,0.379,W1
QSO_53.9901934-15.8753093,59800.44415899998,18.85,0.273,W1
QSO_53.9901934-15.8753093,59959.19229499998,19.382,0.522,W1
QSO_53.9901934-15.8753093,59959.517692500005,18.549,0.187,W1
QSO_53.9901934-15.8753093,60163.52714249998,18.771,0.281,W1
QSO_53.9901934-15.8753093,60166.765824,18.562,0.205,W1
QSO_53.9901934-15.8753093,60167.47866899999,18.818,0.275,W1
QSO_53.9901934-15.8753093,60167.60820750001,18.842,0.258,W1
QSO_53.9901934-15.8753093,60322.96404939998,18.965,,W1
QSO_53.9901934-15.8753093,60323.28726399999,19.183,0.313,W1
QSO_53.9901934-15.8753093,60323.35182640003,19.275,0.496,W1
QSO_53.9901934-15.8753093,60323.61033219996,18.978,0.283,W1
QSO_53.9901934-15.8753093,60323.93354679996,18.878,0.266,W1
QSO_53.9901934-15.8753093,60324.0623056,18.612,0.202,W1
QSO_53.9901934-15.8753093,55228.03927149996,18.688,0.521,W2
QSO_53.9901934-15.8753093,55228.03927149996,18.72,0.538,W2
QSO_53.9901934-15.8753093,55228.17147450002,18.909,0.474,W2
QSO_53.9901934-15.8753093,55228.17147450002,18.878,0.461,W2
QSO_53.9901934-15.8753093,55228.23764899998,18.918,0.503,W2
QSO_53.9901934-15.8753093,55228.23764899998,18.928,0.507,W2
QSO_53.9901934-15.8753093,55228.30382350003,18.713,,W2
QSO_53.9901934-15.8753093,55228.30382350003,18.716,,W2
QSO_53.9901934-15.8753093,55228.36985200004,18.799,0.443,W2
QSO_53.9901934-15.8753093,55228.36985200004,18.801,0.444,W2
QSO_53.9901934-15.8753093,55228.4360265,17.682,,W2
QSO_53.9901934-15.8753093,55228.4360265,17.768,,W2
QSO_53.9901934-15.8753093,55228.50205500001,18.447,,W2
QSO_53.9901934-15.8753093,55228.50205500001,18.464,,W2
QSO_53.9901934-15.8753093,55228.50220099996,18.496,,W2
QSO_53.9901934-15.8753093,55228.50220099996,18.495,,W2
QSO_53.9901934-15.8753093,55228.56822949997,18.251,,W2
QSO_53.9901934-15.8753093,55228.56822949997,18.276,,W2
QSO_53.9901934-15.8753093,55228.63440400002,18.812,0.434,W2
QSO_53.9901934-15.8753093,55228.63440400002,18.838,0.445,W2
QSO_53.9901934-15.8753093,55229.031049499965,18.639,,W2
QSO_53.9901934-15.8753093,55229.031049499965,18.636,,W2
QSO_53.9901934-15.8753093,55229.0311955,19.162,,W2
QSO_53.9901934-15.8753093,55229.0311955,19.162,,W2
QSO_53.9901934-15.8753093,55417.75287599997,18.666,,W2
QSO_53.9901934-15.8753093,55417.75287599997,18.686,,W2
QSO_53.9901934-15.8753093,55417.753022,19.155,,W2
QSO_53.9901934-15.8753093,55417.753022,19.154,,W2
QSO_53.9901934-15.8753093,55417.88511549997,18.655,,W2
QSO_53.9901934-15.8753093,55417.88511549997,18.602,,W2
QSO_53.9901934-15.8753093,55418.01731850003,18.718,,W2
QSO_53.9901934-15.8753093,55418.01731850003,18.724,,W2
QSO_53.9901934-15.8753093,55418.08349299999,18.731,,W2
QSO_53.9901934-15.8753093,55418.08349299999,18.748,,W2
QSO_53.9901934-15.8753093,55418.281761000006,18.99,,W2
QSO_53.9901934-15.8753093,55418.281761000006,19.012,,W2
QSO_53.9901934-15.8753093,55418.347935499965,19.053,,W2
QSO_53.9901934-15.8753093,55418.347935499965,19.052,,W2
QSO_53.9901934-15.8753093,55418.41396399998,18.241,,W2
QSO_53.9901934-15.8753093,55418.41396399998,18.264,,W2
QSO_53.9901934-15.8753093,55418.480138500025,18.682,,W2
QSO_53.9901934-15.8753093,55418.480138500025,18.649,,W2
QSO_53.9901934-15.8753093,55418.61223199999,18.42,0.296,W2
QSO_53.9901934-15.8753093,55418.61223199999,18.417,0.296,W2
QSO_53.9901934-15.8753093,55418.6123415,18.737,,W2
QSO_53.9901934-15.8753093,55418.6123415,18.717,,W2
QSO_53.9901934-15.8753093,55418.74443499997,18.436,,W2
QSO_53.9901934-15.8753093,55418.74443499997,18.483,,W2
QSO_53.9901934-15.8753093,55418.87663800002,18.865,,W2
QSO_53.9901934-15.8753093,55418.87663800002,18.861,,W2
QSO_53.9901934-15.8753093,55591.98617350004,18.886,,W2
QSO_53.9901934-15.8753093,55591.98617350004,18.869,,W2
QSO_53.9901934-15.8753093,55592.38256350003,18.256,,W2
QSO_53.9901934-15.8753093,55592.38256350003,18.244,,W2
QSO_53.9901934-15.8753093,55592.77906300003,18.12,,W2
QSO_53.9901934-15.8753093,55592.77906300003,18.104,,W2
QSO_53.9901934-15.8753093,55592.84523749999,18.978,,W2
QSO_53.9901934-15.8753093,55592.84523749999,18.979,,W2
QSO_53.9901934-15.8753093,55592.97733099996,18.404,,W2
QSO_53.9901934-15.8753093,55592.97733099996,18.509,,W2
QSO_53.9901934-15.8753093,55593.10953400002,18.777,0.451,W2
QSO_53.9901934-15.8753093,55593.10953400002,18.853,0.484,W2
QSO_53.9901934-15.8753093,56690.33097000004,18.768,,W2
QSO_53.9901934-15.8753093,56690.46266200002,18.09,,W2
QSO_53.9901934-15.8753093,56690.59439050003,18.898,,W2
QSO_53.9901934-15.8753093,56695.13634100001,18.808,,W2
QSO_53.9901934-15.8753093,56880.7220145,18.439,0.459,W2
QSO_53.9901934-15.8753093,56880.984887499966,18.261,,W2
QSO_53.9901934-15.8753093,57053.397237463854,18.405,,W2
QSO_53.9901934-15.8753093,57245.16921747087,17.831,,W2
QSO_53.9901934-15.8753093,57245.431469979165,17.898,,W2
QSO_53.9901934-15.8753093,57412.70386618119,18.18,0.29,W2
QSO_53.9901934-15.8753093,57413.55792720823,18.014,,W2
QSO_53.9901934-15.8753093,57608.88539898506,18.818,,W2
QSO_53.9901934-15.8753093,57609.21373759551,18.231,,W2
QSO_53.9901934-15.8753093,57609.47634260376,18.859,,W2
QSO_53.9901934-15.8753093,57609.8702318162,17.732,,W2
QSO_53.9901934-15.8753093,57775.569748,18.622,,W2
QSO_53.9901934-15.8753093,57775.70067350004,18.281,,W2
QSO_53.9901934-15.8753093,57775.897043500045,18.147,,W2
QSO_53.9901934-15.8753093,57775.96245149997,18.523,0.443,W2
QSO_53.9901934-15.8753093,57776.42052650002,18.392,,W2
QSO_53.9901934-15.8753093,57776.55148850001,18.709,,W2
QSO_53.9901934-15.8753093,57973.28809450003,18.233,,W2
QSO_53.9901934-15.8753093,57973.61524400004,18.298,,W2
QSO_53.9901934-15.8753093,57973.87687600002,17.820999999999998,,W2
QSO_53.9901934-15.8753093,57973.94228399996,18.829,,W2
QSO_53.9901934-15.8753093,57974.26943349997,18.47,,W2
QSO_53.9901934-15.8753093,57980.15819750001,18.668,0.469,W2
QSO_53.9901934-15.8753093,58134.37007699998,18.388,,W2
QSO_53.9901934-15.8753093,58134.50089300001,18.192,0.367,W2
QSO_53.9901934-15.8753093,58134.631708999965,18.114,0.372,W2
QSO_53.9901934-15.8753093,58134.762525,18.633,0.439,W2
QSO_53.9901934-15.8753093,58135.22049050004,18.424,,W2
QSO_53.9901934-15.8753093,58340.48462800002,17.749,,W2
QSO_53.9901934-15.8753093,58496.52789500003,18.296,,W2
QSO_53.9901934-15.8753093,58497.05090349997,17.873,,W2
QSO_53.9901934-15.8753093,58500.254326,18.003999999999998,,W2
QSO_53.9901934-15.8753093,58704.46284700003,18.118,,W2
QSO_53.9901934-15.8753093,58704.59351700004,18.355,,W2
QSO_53.9901934-15.8753093,58704.65892499997,18.387,,W2
QSO_53.9901934-15.8753093,58704.724332999984,18.108,,W2
QSO_53.9901934-15.8753093,58863.17316699998,18.459,,W2
QSO_53.9901934-15.8753093,58863.304231600014,18.305,0.417,W2
QSO_53.9901934-15.8753093,58863.6974986,18.753,0.488,W2
QSO_53.9901934-15.8753093,58863.95970100003,18.411,,W2
QSO_53.9901934-15.8753093,58864.02514180002,18.328,,W2
QSO_53.9901934-15.8753093,58864.156316199966,18.574,0.402,W2
QSO_53.9901934-15.8753093,58864.2873808,18.349,,W2
QSO_53.9901934-15.8753093,59068.79189379999,18.059,,W2
QSO_53.9901934-15.8753093,59068.92295840001,18.332,0.39,W2
QSO_53.9901934-15.8753093,59069.18516079997,17.934,,W2
QSO_53.9901934-15.8753093,59069.25063819999,17.9,,W2
QSO_53.9901934-15.8753093,59069.51269419999,17.74,,W2
QSO_53.9901934-15.8753093,59228.264465,18.283,,W2
QSO_53.9901934-15.8753093,59228.59110350002,18.149,,W2
QSO_53.9901934-15.8753093,59228.78707200003,18.273,0.413,W2
QSO_53.9901934-15.8753093,59435.83365049998,18.814,,W2
QSO_53.9901934-15.8753093,59436.1601795,18.766,,W2
QSO_53.9901934-15.8753093,59436.2908495,18.31,,W2
QSO_53.9901934-15.8753093,59436.42141,18.334,,W2
QSO_53.9901934-15.8753093,59595.38383750002,18.982,,W2
QSO_53.9901934-15.8753093,59595.77548249999,18.028,0.344,W2
QSO_53.9901934-15.8753093,59596.03660349998,18.159,,W2
QSO_53.9901934-15.8753093,59799.85753100003,18.141,,W2
QSO_53.9901934-15.8753093,59800.05309799998,18.288,0.34,W2
QSO_53.9901934-15.8753093,59800.44415899998,18.748,,W2
QSO_53.9901934-15.8753093,59959.19229499998,18.012,,W2
QSO_53.9901934-15.8753093,59959.517692500005,18.476,,W2
QSO_53.9901934-15.8753093,60163.52714249998,18.075,,W2
QSO_53.9901934-15.8753093,60166.765824,18.257,,W2
QSO_53.9901934-15.8753093,60167.47866899999,18.373,,W2
QSO_53.9901934-15.8753093,60167.60820750001,18.424,,W2
QSO_53.9901934-15.8753093,60322.96404939998,17.84,,W2
QSO_53.9901934-15.8753093,60323.28726399999,18.326,0.463,W2
QSO_53.9901934-15.8753093,60323.35182640003,17.89,,W2
QSO_53.9901934-15.8753093,60323.61033219996,18.914,,W2
QSO_53.9901934-15.8753093,60323.93354679996,18.659,,W2
QSO_53.9901934-15.8753093,60324.0623056,18.922,,W2
QSO_53.8646435-15.7866265,55228.03927149996,19.469,0.444,W1
QSO_53.8646435-15.7866265,55228.171584000025,18.782,0.216,W1
QSO_53.8646435-15.7866265,55228.23764899998,18.867,0.264,W1
QSO_53.8646435-15.7866265,55228.30382350003,19.147,0.313,W1
QSO_53.8646435-15.7866265,55228.36985200004,19.253,0.368,W1
QSO_53.8646435-15.7866265,55228.4360265,18.622,0.205,W1
QSO_53.8646435-15.7866265,55228.50220099996,18.756,0.211,W1
QSO_53.8646435-15.7866265,55228.63440400002,18.678,0.213,W1
QSO_53.8646435-15.7866265,55417.620673,18.928,0.263,W1
QSO_53.8646435-15.7866265,55417.75287599997,19.072000000000003,0.297,W1
QSO_53.8646435-15.7866265,55417.88511549997,18.492,0.169,W1
QSO_53.8646435-15.7866265,55418.01731850003,18.841,0.24,W1
QSO_53.8646435-15.7866265,55418.08349299999,18.901000000000003,0.253,W1
QSO_53.8646435-15.7866265,55418.281761000006,19.264000000000003,0.358,W1
QSO_53.8646435-15.7866265,55418.34778950002,19.714,0.492,W1
QSO_53.8646435-15.7866265,55418.347935499965,18.672,0.2,W1
QSO_53.8646435-15.7866265,55418.41396399998,18.966,0.266,W1
QSO_53.8646435-15.7866265,55418.47999249999,18.934,0.253,W1
QSO_53.8646435-15.7866265,55418.61223199999,18.938,0.272,W1
QSO_53.8646435-15.7866265,55418.74443499997,18.87,0.258,W1
QSO_53.8646435-15.7866265,55591.98617350004,18.457,0.173,W1
QSO_53.8646435-15.7866265,55592.38267300004,19.136000000000003,0.314,W1
QSO_53.8646435-15.7866265,55592.84523749999,18.627,0.223,W1
QSO_53.8646435-15.7866265,55592.97733099996,18.734,0.215,W1
QSO_53.8646435-15.7866265,55593.10953400002,18.906,0.257,W1
QSO_53.8646435-15.7866265,56690.1336145,18.954,0.268,W1
QSO_53.8646435-15.7866265,56690.199387499975,18.65,0.225,W1
QSO_53.8646435-15.7866265,56690.46266200002,18.477,0.209,W1
QSO_53.8646435-15.7866265,56690.52858100003,18.828000000000003,0.229,W1
QSO_53.8646435-15.7866265,56879.99884000003,18.606,0.21,W1
QSO_53.8646435-15.7866265,56880.13027649998,18.464,0.225,W1
QSO_53.8646435-15.7866265,56880.45899549998,18.498,0.198,W1
QSO_53.8646435-15.7866265,56880.7220145,18.684,0.215,W1
QSO_53.8646435-15.7866265,56880.853451000025,18.669,0.219,W1
QSO_53.8646435-15.7866265,57245.16921747087,18.608,0.2,W1
QSO_53.8646435-15.7866265,57245.300288975006,19.041,0.35,W1
QSO_53.8646435-15.7866265,57413.032460991606,18.861,0.229,W1
QSO_53.8646435-15.7866265,57413.22947879784,19.065,0.298,W1
QSO_53.8646435-15.7866265,57608.75411478095,18.914,0.289,W1
QSO_53.8646435-15.7866265,57609.082416791294,19.211,0.483,W1
QSO_53.8646435-15.7866265,57609.14800399339,18.904,0.273,W1
QSO_53.8646435-15.7866265,57609.47619620381,18.925,0.286,W1
QSO_53.8646435-15.7866265,57609.541929805855,18.505,0.224,W1
QSO_53.8646435-15.7866265,57609.60751700794,18.594,0.223,W1
QSO_53.8646435-15.7866265,57609.60762680795,17.348,0.175,W1
QSO_53.8646435-15.7866265,57609.870085416245,18.875,0.375,W1
QSO_53.8646435-15.7866265,57775.43878600001,18.621,0.262,W1
QSO_53.8646435-15.7866265,57775.70067350004,18.401,0.177,W1
QSO_53.8646435-15.7866265,57775.83148949999,18.829,0.276,W1
QSO_53.8646435-15.7866265,57775.897043500045,18.700000000000003,0.322,W1
QSO_53.8646435-15.7866265,57776.02782299997,18.315,0.2,W1
QSO_53.8646435-15.7866265,57776.42052650002,19.097,0.44,W1
QSO_53.8646435-15.7866265,57776.420672499975,18.614,,W1
QSO_53.8646435-15.7866265,57776.55148850001,19.197000000000003,0.316,W1
QSO_53.8646435-15.7866265,57973.026316500014,18.781,0.246,W1
QSO_53.8646435-15.7866265,57973.68065199997,18.546,0.204,W1
QSO_53.8646435-15.7866265,57973.74605999999,18.687,0.223,W1
QSO_53.8646435-15.7866265,57974.138617500015,19.254,0.486,W1
QSO_53.8646435-15.7866265,57974.26943349997,18.632,0.197,W1
QSO_53.8646435-15.7866265,57980.158088,18.973,0.299,W1
QSO_53.8646435-15.7866265,58134.631708999965,18.516,,W1
QSO_53.8646435-15.7866265,58134.69711699998,18.932,0.301,W1
QSO_53.8646435-15.7866265,58134.7626345,18.882,0.235,W1
QSO_53.8646435-15.7866265,58135.08967450001,18.849,0.23,W1
QSO_53.8646435-15.7866265,58340.35381199998,18.689,0.222,W1
QSO_53.8646435-15.7866265,58340.61529800002,19.379,0.436,W1
QSO_53.8646435-15.7866265,58340.68070600004,18.658,0.37,W1
QSO_53.8646435-15.7866265,58340.81152199999,19.083,0.357,W1
QSO_53.8646435-15.7866265,58496.397115500025,18.522,0.169,W1
QSO_53.8646435-15.7866265,58496.78941750001,18.72,0.22,W1
QSO_53.8646435-15.7866265,58496.98564149998,18.488,0.17,W1
QSO_53.8646435-15.7866265,58497.50865,17.996000000000002,0.183,W1
QSO_53.8646435-15.7866265,58499.27360749997,18.776000000000003,0.342,W1
QSO_53.8646435-15.7866265,58499.5350935,19.01,0.377,W1
QSO_53.8646435-15.7866265,58499.79672549999,18.55,0.207,W1
QSO_53.8646435-15.7866265,58704.46284700003,18.798,0.226,W1
QSO_53.8646435-15.7866265,58704.52810900002,19.184,0.494,W1
QSO_53.8646435-15.7866265,58704.59351700004,18.354,0.214,W1
QSO_53.8646435-15.7866265,58704.724332999984,18.065,0.117,W1
QSO_53.8646435-15.7866265,58704.85500299999,18.709000000000003,0.261,W1
QSO_53.8646435-15.7866265,58863.17316699998,18.216,0.133,W1
QSO_53.8646435-15.7866265,58863.63202119999,18.746,0.215,W1
QSO_53.8646435-15.7866265,58863.76308580001,18.613,0.231,W1
QSO_53.8646435-15.7866265,58863.8285266,19.483,0.474,W1
QSO_53.8646435-15.7866265,58864.156316199966,19.726,0.516,W1
QSO_53.8646435-15.7866265,59068.26774520004,19.218,0.367,W1
QSO_53.8646435-15.7866265,59068.85748100001,18.391,0.202,W1
QSO_53.8646435-15.7866265,59069.05398640002,19.130000000000003,0.331,W1
QSO_53.8646435-15.7866265,59228.003088499965,18.783,0.292,W1
QSO_53.8646435-15.7866265,59228.59110350002,18.57,0.2,W1
QSO_53.8646435-15.7866265,59436.02950949999,18.83,0.233,W1
QSO_53.8646435-15.7866265,59436.1601795,18.854,0.255,W1
QSO_53.8646435-15.7866265,59595.38383750002,18.842,0.304,W1
QSO_53.8646435-15.7866265,59595.57966,18.57,0.19,W1
QSO_53.8646435-15.7866265,59799.85753100003,18.84,0.398,W1
QSO_53.8646435-15.7866265,59800.05309799998,18.356,0.182,W1
QSO_53.8646435-15.7866265,59800.11825049996,18.85,0.4,W1
QSO_53.8646435-15.7866265,59959.06224549997,18.402,0.288,W1
QSO_53.8646435-15.7866265,59959.19229499998,18.385,0.275,W1
QSO_53.8646435-15.7866265,59959.517692500005,18.548,0.193,W1
QSO_53.8646435-15.7866265,59959.58269900004,18.979,0.271,W1
QSO_53.8646435-15.7866265,59959.58284499999,19.244,0.353,W1
QSO_53.8646435-15.7866265,60163.39760399996,18.701,0.253,W1
QSO_53.8646435-15.7866265,60163.65668099999,19.064,0.331,W1
QSO_53.8646435-15.7866265,60163.72146850002,18.432,0.198,W1
QSO_53.8646435-15.7866265,60163.851007000034,18.36,0.187,W1
QSO_53.8646435-15.7866265,60323.67504100003,19.002,0.275,W1
QSO_53.8646435-15.7866265,55228.03927149996,18.506,,W2
QSO_53.8646435-15.7866265,55228.171584000025,18.33,,W2
QSO_53.8646435-15.7866265,55228.23764899998,18.805,0.443,W2
QSO_53.8646435-15.7866265,55228.30382350003,18.286,,W2
QSO_53.8646435-15.7866265,55228.36985200004,18.505,0.353,W2
QSO_53.8646435-15.7866265,55228.4360265,18.983,,W2
QSO_53.8646435-15.7866265,55228.50220099996,18.585,0.382,W2
QSO_53.8646435-15.7866265,55228.63440400002,18.108,,W2
QSO_53.8646435-15.7866265,55417.620673,18.671,0.405,W2
QSO_53.8646435-15.7866265,55417.75287599997,18.801,0.452,W2
QSO_53.8646435-15.7866265,55417.88511549997,18.937,0.49,W2
QSO_53.8646435-15.7866265,55418.01731850003,18.861,0.452,W2
QSO_53.8646435-15.7866265,55418.08349299999,18.814,,W2
QSO_53.8646435-15.7866265,55418.281761000006,18.319,,W2
QSO_53.8646435-15.7866265,55418.34778950002,18.856,0.433,W2
QSO_53.8646435-15.7866265,55418.347935499965,18.562,,W2
QSO_53.8646435-15.7866265,55418.41396399998,18.865,0.402,W2
QSO_53.8646435-15.7866265,55418.47999249999,18.301,,W2
QSO_53.8646435-15.7866265,55418.61223199999,19.02,,W2
QSO_53.8646435-15.7866265,55418.74443499997,18.552,,W2
QSO_53.8646435-15.7866265,55591.98617350004,18.684,,W2
QSO_53.8646435-15.7866265,55592.38267300004,18.216,,W2
QSO_53.8646435-15.7866265,55592.84523749999,18.66,,W2
QSO_53.8646435-15.7866265,55592.97733099996,17.804,,W2
QSO_53.8646435-15.7866265,55593.10953400002,18.573,,W2
QSO_53.8646435-15.7866265,56690.1336145,18.4,,W2
QSO_53.8646435-15.7866265,56690.199387499975,17.963,,W2
QSO_53.8646435-15.7866265,56690.46266200002,18.765,0.464,W2
QSO_53.8646435-15.7866265,56690.52858100003,18.314,0.363,W2
QSO_53.8646435-15.7866265,56879.99884000003,18.332,,W2
QSO_53.8646435-15.7866265,56880.13027649998,18.323,,W2
QSO_53.8646435-15.7866265,56880.45899549998,18.599,0.405,W2
QSO_53.8646435-15.7866265,56880.7220145,18.16,,W2
QSO_53.8646435-15.7866265,56880.853451000025,18.232,0.3,W2
QSO_53.8646435-15.7866265,57245.16921747087,18.633,,W2
QSO_53.8646435-15.7866265,57245.300288975006,18.14,0.352,W2
QSO_53.8646435-15.7866265,57413.032460991606,18.014,0.43,W2
QSO_53.8646435-15.7866265,57413.22947879784,18.593,0.492,W2
QSO_53.8646435-15.7866265,57608.75411478095,17.993,,W2
QSO_53.8646435-15.7866265,57609.082416791294,18.439,0.342,W2
QSO_53.8646435-15.7866265,57609.14800399339,18.52,,W2
QSO_53.8646435-15.7866265,57609.47619620381,18.178,,W2
QSO_53.8646435-15.7866265,57609.541929805855,18.364,,W2
QSO_53.8646435-15.7866265,57609.60751700794,17.959,0.426,W2
QSO_53.8646435-15.7866265,57609.60762680795,18.767,,W2
QSO_53.8646435-15.7866265,57609.870085416245,18.214,,W2
QSO_53.8646435-15.7866265,57775.43878600001,18.298,0.381,W2
QSO_53.8646435-15.7866265,57775.70067350004,18.606,0.483,W2
QSO_53.8646435-15.7866265,57775.83148949999,18.325,,W2
QSO_53.8646435-15.7866265,57775.897043500045,18.792,0.502,W2
QSO_53.8646435-15.7866265,57776.02782299997,18.872,,W2
QSO_53.8646435-15.7866265,57776.42052650002,18.068,,W2
QSO_53.8646435-15.7866265,57776.420672499975,18.058,0.436,W2
QSO_53.8646435-15.7866265,57776.55148850001,18.897,,W2
QSO_53.8646435-15.7866265,57973.026316500014,18.581,,W2
QSO_53.8646435-15.7866265,57973.68065199997,18.135,,W2
QSO_53.8646435-15.7866265,57973.74605999999,18.92,,W2
QSO_53.8646435-15.7866265,57974.138617500015,18.325,,W2
QSO_53.8646435-15.7866265,57974.26943349997,18.69,0.517,W2
QSO_53.8646435-15.7866265,57980.158088,18.278,0.352,W2
QSO_53.8646435-15.7866265,58134.631708999965,18.295,,W2
QSO_53.8646435-15.7866265,58134.69711699998,18.22,,W2
QSO_53.8646435-15.7866265,58134.7626345,18.394,0.376,W2
QSO_53.8646435-15.7866265,58135.08967450001,18.32,0.426,W2
QSO_53.8646435-15.7866265,58340.35381199998,18.055,0.382,W2
QSO_53.8646435-15.7866265,58340.61529800002,18.139,,W2
QSO_53.8646435-15.7866265,58340.68070600004,18.12,,W2
QSO_53.8646435-15.7866265,58340.81152199999,17.711,0.269,W2
QSO_53.8646435-15.7866265,58496.397115500025,18.296,,W2
QSO_53.8646435-15.7866265,58496.78941750001,18.052,,W2
QSO_53.8646435-15.7866265,58496.98564149998,17.892,,W2
QSO_53.8646435-15.7866265,58497.50865,18.618,,W2
QSO_53.8646435-15.7866265,58499.27360749997,17.46,0.265,W2
QSO_53.8646435-15.7866265,58499.5350935,18.505,,W2
QSO_53.8646435-15.7866265,58499.79672549999,17.995,,W2
QSO_53.8646435-15.7866265,58704.46284700003,18.53,,W2
QSO_53.8646435-15.7866265,58704.52810900002,17.965,,W2
QSO_53.8646435-15.7866265,58704.59351700004,18.213,0.321,W2
QSO_53.8646435-15.7866265,58704.724332999984,18.269,,W2
QSO_53.8646435-15.7866265,58704.85500299999,17.858999999999998,,W2
QSO_53.8646435-15.7866265,58863.17316699998,18.163,,W2
QSO_53.8646435-15.7866265,58863.63202119999,18.458,,W2
QSO_53.8646435-15.7866265,58863.76308580001,18.506,0.388,W2
QSO_53.8646435-15.7866265,58863.8285266,18.76,0.429,W2
QSO_53.8646435-15.7866265,58864.156316199966,17.987,,W2
QSO_53.8646435-15.7866265,59068.26774520004,18.12,,W2
QSO_53.8646435-15.7866265,59068.85748100001,18.097,0.287,W2
QSO_53.8646435-15.7866265,59069.05398640002,18.776,,W2
QSO_53.8646435-15.7866265,59228.003088499965,18.318,,W2
QSO_53.8646435-15.7866265,59228.59110350002,18.185,0.363,W2
QSO_53.8646435-15.7866265,59436.02950949999,17.955,0.322,W2
QSO_53.8646435-15.7866265,59436.1601795,18.54,,W2
QSO_53.8646435-15.7866265,59595.38383750002,17.908,,W2
QSO_53.8646435-15.7866265,59595.57966,18.27,,W2
QSO_53.8646435-15.7866265,59799.85753100003,18.26,,W2
QSO_53.8646435-15.7866265,59800.05309799998,18.083,,W2
QSO_53.8646435-15.7866265,59800.11825049996,18.052,0.374,W2
QSO_53.8646435-15.7866265,59959.06224549997,18.708,,W2
QSO_53.8646435-15.7866265,59959.19229499998,18.126,,W2
QSO_53.8646435-15.7866265,59959.517692500005,17.924,,W2
QSO_53.8646435-15.7866265,59959.58269900004,18.296,0.314,W2
QSO_53.8646435-15.7866265,59959.58284499999,17.898,,W2
QSO_53.8646435-15.7866265,60163.39760399996,18.006999999999998,,W2
QSO_53.8646435-15.7866265,60163.65668099999,18.204,0.411,W2
QSO_53.8646435-15.7866265,60163.72146850002,18.169,,W2
QSO_53.8646435-15.7866265,60163.851007000034,18.43,,W2
QSO_53.8646435-15.7866265,60323.67504100003,17.961,,W2
QSO_53.9072122-15.9848869,55228.03927149996,19.368,0.511,W1
QSO_53.9072122-15.9848869,55228.10540949998,18.738,0.208,W1
QSO_53.9072122-15.9848869,55228.17147450002,18.69,0.198,W1
QSO_53.9072122-15.9848869,55228.23764899998,19.299,0.414,W1
QSO_53.9072122-15.9848869,55228.30367749999,19.05,0.277,W1
QSO_53.9072122-15.9848869,55228.30382350003,19.089,0.295,W1
QSO_53.9072122-15.9848869,55228.36985200004,18.918,0.262,W1
QSO_53.9072122-15.9848869,55228.4360265,19.108,0.333,W1
QSO_53.9072122-15.9848869,55228.50205500001,18.856,0.249,W1
QSO_53.9072122-15.9848869,55228.63440400002,19.177,0.333,W1
QSO_53.9072122-15.9848869,55417.62081900003,19.591,0.532,W1
QSO_53.9072122-15.9848869,55417.753022,19.288,0.515,W1
QSO_53.9072122-15.9848869,55417.88511549997,18.989,0.25,W1
QSO_53.9072122-15.9848869,55417.885224999976,19.021,0.269,W1
QSO_53.9072122-15.9848869,55417.95129000002,19.434,0.46,W1
QSO_53.9072122-15.9848869,55418.01731850003,19.253,0.39,W1
QSO_53.9072122-15.9848869,55418.08349299999,18.468,0.166,W1
QSO_53.9072122-15.9848869,55418.281761000006,19.189,0.355,W1
QSO_53.9072122-15.9848869,55418.347935499965,18.897,,W1
QSO_53.9072122-15.9848869,55418.480138500025,18.835,0.235,W1
QSO_53.9072122-15.9848869,55418.6123415,18.738,0.222,W1
QSO_53.9072122-15.9848869,55418.74454449997,19.028,0.279,W1
QSO_53.9072122-15.9848869,55592.38256350003,18.677,0.229,W1
QSO_53.9072122-15.9848869,55592.84512799999,18.641,0.202,W1
QSO_53.9072122-15.9848869,55592.84523749999,19.085,0.285,W1
QSO_53.9072122-15.9848869,55592.97733099996,19.212000000000003,0.338,W1
QSO_53.9072122-15.9848869,56690.199387499975,19.078000000000003,0.3,W1
QSO_53.9072122-15.9848869,56880.853451000025,18.783,0.253,W1
QSO_53.9072122-15.9848869,57245.16921747087,18.924,0.279,W1
QSO_53.9072122-15.9848869,57413.032460991606,18.281,0.138,W1
QSO_53.9072122-15.9848869,57608.75411478095,18.577,0.19,W1
QSO_53.9072122-15.9848869,57608.8855453851,19.363,0.388,W1
QSO_53.9072122-15.9848869,57609.47634260376,18.992,0.303,W1
QSO_53.9072122-15.9848869,57609.8702318162,19.04,0.279,W1
QSO_53.9072122-15.9848869,57775.70056400004,19.101,0.292,W1
QSO_53.9072122-15.9848869,57775.89689750001,18.455,0.268,W1
QSO_53.9072122-15.9848869,57776.28960099998,18.336,0.173,W1
QSO_53.9072122-15.9848869,57973.28809450003,19.384,0.415,W1
QSO_53.9072122-15.9848869,57974.00780149998,18.92,0.295,W1
QSO_53.9072122-15.9848869,57980.15819750001,18.862,0.249,W1
QSO_53.9072122-15.9848869,58134.23926100002,18.999,0.256,W1
QSO_53.9072122-15.9848869,58134.50089300001,18.955,0.269,W1
QSO_53.9072122-15.9848869,58134.631708999965,18.551,0.231,W1
QSO_53.9072122-15.9848869,58134.69711699998,18.401,0.271,W1
QSO_53.9072122-15.9848869,58339.96147349996,19.014000000000003,,W1
QSO_53.9072122-15.9848869,58340.41922,18.936,0.288,W1
QSO_53.9072122-15.9848869,58340.68081550004,18.844,0.231,W1
QSO_53.9072122-15.9848869,58497.05090349997,18.82,0.232,W1
QSO_53.9072122-15.9848869,58499.4044235,19.141,0.329,W1
QSO_53.9072122-15.9848869,58863.17316699998,19.323,0.343,W1
QSO_53.9072122-15.9848869,58863.56643399997,18.477,0.184,W1
QSO_53.9072122-15.9848869,59068.726453,18.753,0.248,W1
QSO_53.9072122-15.9848869,59068.792040200016,19.17,0.311,W1
QSO_53.9072122-15.9848869,59069.05413279997,18.621,0.197,W1
QSO_53.9072122-15.9848869,59069.11957360004,18.399,0.182,W1
QSO_53.9072122-15.9848869,59069.51269419999,19.004,0.293,W1
QSO_53.9072122-15.9848869,59228.003088499965,18.975,0.262,W1
QSO_53.9072122-15.9848869,59435.83365049998,18.861,0.252,W1
QSO_53.9072122-15.9848869,59436.02961899999,18.606,0.21,W1
QSO_53.9072122-15.9848869,59436.1601795,18.799,0.236,W1
QSO_53.9072122-15.9848869,59595.05741800001,19.202,0.337,W1
QSO_53.9072122-15.9848869,59595.38383750002,18.54,0.189,W1
QSO_53.9072122-15.9848869,59799.85764050004,18.842,0.276,W1
QSO_53.9072122-15.9848869,59799.92279300002,18.412,0.289,W1
QSO_53.9072122-15.9848869,59800.05309799998,18.571,0.203,W1
QSO_53.9072122-15.9848869,59800.11825049996,18.357,0.257,W1
QSO_53.9072122-15.9848869,59800.44426849998,18.799,0.231,W1
QSO_53.9072122-15.9848869,59959.06213599997,19.045,0.314,W1
QSO_53.9072122-15.9848869,59959.06224549997,18.694,0.222,W1
QSO_53.9072122-15.9848869,59959.58269900004,18.611,0.195,W1
QSO_53.9072122-15.9848869,60163.72146850002,18.76,0.25,W1
QSO_53.9072122-15.9848869,60166.3775735,18.883000000000003,0.275,W1
QSO_53.9072122-15.9848869,60167.34923999997,18.879,0.254,W1
QSO_53.9072122-15.9848869,60323.2225552,19.189,0.375,W1
QSO_53.9072122-15.9848869,60323.67504100003,19.166,0.32,W1
QSO_53.9072122-15.9848869,55228.03927149996,18.332,,W2
QSO_53.9072122-15.9848869,55228.10540949998,18.879,,W2
QSO_53.9072122-15.9848869,55228.17147450002,18.217,,W2
QSO_53.9072122-15.9848869,55228.23764899998,18.581,,W2
QSO_53.9072122-15.9848869,55228.30367749999,18.761,,W2
QSO_53.9072122-15.9848869,55228.30382350003,18.438,,W2
QSO_53.9072122-15.9848869,55228.36985200004,18.827,,W2
QSO_53.9072122-15.9848869,55228.4360265,18.418,0.325,W2
QSO_53.9072122-15.9848869,55228.50205500001,19.057,,W2
QSO_53.9072122-15.9848869,55228.63440400002,18.606,0.361,W2
QSO_53.9072122-15.9848869,55417.62081900003,18.533,,W2
QSO_53.9072122-15.9848869,55417.753022,18.857,0.506,W2
QSO_53.9072122-15.9848869,55417.88511549997,18.886,0.457,W2
QSO_53.9072122-15.9848869,55417.885224999976,18.896,,W2
QSO_53.9072122-15.9848869,55417.95129000002,18.348,,W2
QSO_53.9072122-15.9848869,55418.01731850003,18.516,,W2
QSO_53.9072122-15.9848869,55418.08349299999,18.756,0.448,W2
QSO_53.9072122-15.9848869,55418.281761000006,19.09,,W2
QSO_53.9072122-15.9848869,55418.347935499965,19.113,,W2
QSO_53.9072122-15.9848869,55418.480138500025,18.682,,W2
QSO_53.9072122-15.9848869,55418.6123415,18.281,,W2
QSO_53.9072122-15.9848869,55418.74454449997,18.346,,W2
QSO_53.9072122-15.9848869,55592.38256350003,18.555,0.461,W2
QSO_53.9072122-15.9848869,55592.84512799999,19.006,,W2
QSO_53.9072122-15.9848869,55592.84523749999,18.428,,W2
QSO_53.9072122-15.9848869,55592.97733099996,18.72,,W2
QSO_53.9072122-15.9848869,56690.199387499975,18.559,0.503,W2
QSO_53.9072122-15.9848869,56880.853451000025,18.886,,W2
QSO_53.9072122-15.9848869,57245.16921747087,18.337,,W2
QSO_53.9072122-15.9848869,57413.032460991606,18.343,,W2
QSO_53.9072122-15.9848869,57608.75411478095,18.199,,W2
QSO_53.9072122-15.9848869,57608.8855453851,18.584,,W2
QSO_53.9072122-15.9848869,57609.47634260376,18.083,,W2
QSO_53.9072122-15.9848869,57609.8702318162,18.285,,W2
QSO_53.9072122-15.9848869,57775.70056400004,18.693,,W2
QSO_53.9072122-15.9848869,57775.89689750001,18.791,,W2
QSO_53.9072122-15.9848869,57776.28960099998,18.683,,W2
QSO_53.9072122-15.9848869,57973.28809450003,18.443,,W2
QSO_53.9072122-15.9848869,57974.00780149998,18.786,,W2
QSO_53.9072122-15.9848869,57980.15819750001,18.033,0.458,W2
QSO_53.9072122-15.9848869,58134.23926100002,18.386,,W2
QSO_53.9072122-15.9848869,58134.50089300001,18.143,,W2
QSO_53.9072122-15.9848869,58134.631708999965,18.641,,W2
QSO_53.9072122-15.9848869,58134.69711699998,18.914,,W2
QSO_53.9072122-15.9848869,58339.96147349996,18.393,,W2
QSO_53.9072122-15.9848869,58340.41922,18.31,,W2
QSO_53.9072122-15.9848869,58340.68081550004,18.283,,W2
QSO_53.9072122-15.9848869,58497.05090349997,18.635,,W2
QSO_53.9072122-15.9848869,58499.4044235,18.096,,W2
QSO_53.9072122-15.9848869,58863.17316699998,18.576,,W2
QSO_53.9072122-15.9848869,58863.56643399997,18.732,,W2
QSO_53.9072122-15.9848869,59068.726453,18.317,,W2
QSO_53.9072122-15.9848869,59068.792040200016,18.304,,W2
QSO_53.9072122-15.9848869,59069.05413279997,18.795,,W2
QSO_53.9072122-15.9848869,59069.11957360004,18.627,,W2
QSO_53.9072122-15.9848869,59069.51269419999,18.073,0.317,W2
QSO_53.9072122-15.9848869,59228.003088499965,18.519,,W2
QSO_53.9072122-15.9848869,59435.83365049998,18.418,,W2
QSO_53.9072122-15.9848869,59436.02961899999,18.489,,W2
QSO_53.9072122-15.9848869,59436.1601795,18.651,,W2
QSO_53.9072122-15.9848869,59595.05741800001,18.855,,W2
QSO_53.9072122-15.9848869,59595.38383750002,18.35,0.398,W2
QSO_53.9072122-15.9848869,59799.85764050004,17.923,,W2
QSO_53.9072122-15.9848869,59799.92279300002,18.402,,W2
QSO_53.9072122-15.9848869,59800.05309799998,18.645,,W2
QSO_53.9072122-15.9848869,59800.11825049996,18.792,,W2
QSO_53.9072122-15.9848869,59800.44426849998,18.364,,W2
QSO_53.9072122-15.9848869,59959.06213599997,18.64,,W2
QSO_53.9072122-15.9848869,59959.06224549997,18.941,,W2
QSO_53.9072122-15.9848869,59959.58269900004,18.26,,W2
QSO_53.9072122-15.9848869,60163.72146850002,18.643,,W2
QSO_53.9072122-15.9848869,60166.3775735,18.836,,W2
QSO_53.9072122-15.9848869,60167.34923999997,18.484,,W2
QSO_53.9072122-15.9848869,60323.2225552,18.658,,W2
QSO_53.9072122-15.9848869,60323.67504100003,18.507,,W2
QSO_53.8081649-15.8417281,55228.03927149996,19.002,,W1
QSO_53.8081649-15.8417281,55228.10540949998,18.91,0.239,W1
QSO_53.8081649-15.8417281,55228.17147450002,19.729,0.53,W1
QSO_53.8081649-15.8417281,55228.171584000025,19.389000000000003,,W1
QSO_53.8081649-15.8417281,55228.23764899998,19.093,,W1
QSO_53.8081649-15.8417281,55228.30382350003,19.566000000000003,0.447,W1
QSO_53.8081649-15.8417281,55228.36985200004,19.493,0.456,W1
QSO_53.8081649-15.8417281,55228.4360265,18.602,0.202,W1
QSO_53.8081649-15.8417281,55228.50220099996,19.712000000000003,0.485,W1
QSO_53.8081649-15.8417281,55228.63440400002,18.607,0.206,W1
QSO_53.8081649-15.8417281,55417.488470000026,18.642,0.199,W1
QSO_53.8081649-15.8417281,55417.48857950003,18.828000000000003,0.272,W1
QSO_53.8081649-15.8417281,55417.620673,18.264,0.146,W1
QSO_53.8081649-15.8417281,55417.75287599997,19.285,0.38,W1
QSO_53.8081649-15.8417281,55417.88511549997,18.911,0.26,W1
QSO_53.8081649-15.8417281,55417.95129000002,18.539,0.187,W1
QSO_53.8081649-15.8417281,55418.01731850003,18.977,0.284,W1
QSO_53.8081649-15.8417281,55418.08349299999,18.46,0.169,W1
QSO_53.8081649-15.8417281,55418.281761000006,19.425,,W1
QSO_53.8081649-15.8417281,55418.34778950002,18.745,0.197,W1
QSO_53.8081649-15.8417281,55418.347935499965,18.925,0.242,W1
QSO_53.8081649-15.8417281,55418.47999249999,18.583,0.201,W1
QSO_53.8081649-15.8417281,55418.480138500025,19.231,0.323,W1
QSO_53.8081649-15.8417281,55418.61223199999,19.227,0.364,W1
QSO_53.8081649-15.8417281,55418.74443499997,18.693,0.224,W1
QSO_53.8081649-15.8417281,55591.98617350004,19.125,0.301,W1
QSO_53.8081649-15.8417281,55592.38256350003,18.607,0.213,W1
QSO_53.8081649-15.8417281,55592.38267300004,18.765,0.215,W1
QSO_53.8081649-15.8417281,55592.84523749999,18.669,0.201,W1
QSO_53.8081649-15.8417281,55592.97733099996,18.801,0.233,W1
QSO_53.8081649-15.8417281,56690.199387499975,18.856,0.257,W1
QSO_53.8081649-15.8417281,56690.33097000004,18.75,0.246,W1
QSO_53.8081649-15.8417281,56690.39688899996,18.880000000000003,0.259,W1
QSO_53.8081649-15.8417281,56690.52858100003,18.659,0.201,W1
QSO_53.8081649-15.8417281,56879.99884000003,18.284,0.226,W1
QSO_53.8081649-15.8417281,56880.45899549998,18.696,0.3,W1
QSO_53.8081649-15.8417281,56880.7220145,18.969,0.287,W1
QSO_53.8081649-15.8417281,57244.51364095004,18.706000000000003,0.218,W1
QSO_53.8081649-15.8417281,57245.300288975006,18.777,0.227,W1
QSO_53.8081649-15.8417281,57412.70386618119,18.586,0.2,W1
QSO_53.8081649-15.8417281,57413.032460991606,18.388,0.275,W1
QSO_53.8081649-15.8417281,57413.09804819369,18.519,0.208,W1
QSO_53.8081649-15.8417281,57413.09815799371,18.436,0.221,W1
QSO_53.8081649-15.8417281,57608.88539898506,18.916,0.274,W1
QSO_53.8081649-15.8417281,57609.082416791294,18.912,0.267,W1
QSO_53.8081649-15.8417281,57609.14800399339,18.889000000000003,0.329,W1
QSO_53.8081649-15.8417281,57609.21373759551,18.769,0.297,W1
QSO_53.8081649-15.8417281,57609.60762680795,18.284,0.193,W1
QSO_53.8081649-15.8417281,57609.870085416245,18.814,0.356,W1
QSO_53.8081649-15.8417281,57775.30796999998,18.466,0.169,W1
QSO_53.8081649-15.8417281,57775.43878600001,18.652,0.348,W1
QSO_53.8081649-15.8417281,57775.83148949999,18.499,0.349,W1
QSO_53.8081649-15.8417281,57775.897043500045,18.229,0.146,W1
QSO_53.8081649-15.8417281,57776.02782299997,18.716,0.318,W1
QSO_53.8081649-15.8417281,57776.42052650002,18.654,0.189,W1
QSO_53.8081649-15.8417281,57973.61524400004,18.579,0.19,W1
QSO_53.8081649-15.8417281,57973.87687600002,18.898000000000003,0.254,W1
QSO_53.8081649-15.8417281,57974.00769199998,18.394,0.298,W1
QSO_53.8081649-15.8417281,57974.138617500015,18.936,0.249,W1
QSO_53.8081649-15.8417281,57980.158088,18.886000000000003,0.314,W1
QSO_53.8081649-15.8417281,58134.37007699998,18.695,0.214,W1
QSO_53.8081649-15.8417281,58134.50089300001,18.955,0.346,W1
QSO_53.8081649-15.8417281,58134.56630100003,18.795,0.222,W1
QSO_53.8081649-15.8417281,58134.631708999965,18.854,0.28,W1
QSO_53.8081649-15.8417281,58134.69711699998,18.926,0.321,W1
QSO_53.8081649-15.8417281,58134.762525,18.646,,W1
QSO_53.8081649-15.8417281,58134.7626345,18.777,0.254,W1
QSO_53.8081649-15.8417281,58135.08967450001,18.631,0.184,W1
QSO_53.8081649-15.8417281,58340.48462800002,18.549,0.187,W1
QSO_53.8081649-15.8417281,58340.55003600004,19.084000000000003,0.341,W1
QSO_53.8081649-15.8417281,58496.26629949999,18.608,0.206,W1
QSO_53.8081649-15.8417281,58496.397115500025,18.549,0.18,W1
QSO_53.8081649-15.8417281,58496.52789500003,18.546,0.27,W1
QSO_53.8081649-15.8417281,58496.98564149998,18.993,0.283,W1
QSO_53.8081649-15.8417281,58497.0510495,18.886000000000003,0.338,W1
QSO_53.8081649-15.8417281,58499.27360749997,18.537,0.19,W1
QSO_53.8081649-15.8417281,58499.4044235,18.874,0.338,W1
QSO_53.8081649-15.8417281,58499.5350935,18.566000000000003,0.225,W1
QSO_53.8081649-15.8417281,58500.12365599999,18.628,0.219,W1
QSO_53.8081649-15.8417281,58704.46284700003,18.905,0.246,W1
QSO_53.8081649-15.8417281,58704.724332999984,19.053,0.269,W1
QSO_53.8081649-15.8417281,58704.85500299999,18.853,0.233,W1
QSO_53.8081649-15.8417281,58863.17316699998,18.775,0.233,W1
QSO_53.8081649-15.8417281,58863.304231600014,18.23,0.228,W1
QSO_53.8081649-15.8417281,58863.56643399997,18.881,0.292,W1
QSO_53.8081649-15.8417281,58863.63202119999,18.645,0.211,W1
QSO_53.8081649-15.8417281,58863.6974986,18.658,0.204,W1
QSO_53.8081649-15.8417281,58863.76308580001,18.867,0.262,W1
QSO_53.8081649-15.8417281,58864.156316199966,19.048,0.281,W1
QSO_53.8081649-15.8417281,59068.26774520004,18.932,,W1
QSO_53.8081649-15.8417281,59068.59538839997,18.382,0.337,W1
QSO_53.8081649-15.8417281,59068.726453,19.457,0.428,W1
QSO_53.8081649-15.8417281,59068.79189379999,18.537,0.204,W1
QSO_53.8081649-15.8417281,59068.85748100001,18.427,0.19,W1
QSO_53.8081649-15.8417281,59069.25063819999,18.927,0.343,W1
QSO_53.8081649-15.8417281,59228.264465,19.072000000000003,0.342,W1
QSO_53.8081649-15.8417281,59228.32972699998,19.084000000000003,0.366,W1
QSO_53.8081649-15.8417281,59228.46043350001,18.826,0.255,W1
QSO_53.8081649-15.8417281,59435.83365049998,19.005000000000003,0.292,W1
QSO_53.8081649-15.8417281,59436.02950949999,18.499,0.183,W1
QSO_53.8081649-15.8417281,59436.02961899999,17.915,,W1
QSO_53.8081649-15.8417281,59436.2908495,18.412,0.167,W1
QSO_53.8081649-15.8417281,59436.42141,18.805,0.269,W1
QSO_53.8081649-15.8417281,59436.682677000026,18.813,0.234,W1
QSO_53.8081649-15.8417281,59595.05741800001,18.484,0.192,W1
QSO_53.8081649-15.8417281,59595.38383750002,18.236,0.174,W1
QSO_53.8081649-15.8417281,59595.77548249999,18.752,0.218,W1
QSO_53.8081649-15.8417281,59799.46647000004,18.609,0.211,W1
QSO_53.8081649-15.8417281,59799.85753100003,19.062,0.351,W1
QSO_53.8081649-15.8417281,59800.05309799998,18.908,0.373,W1
QSO_53.8081649-15.8417281,59959.19229499998,18.397,0.173,W1
QSO_53.8081649-15.8417281,59959.517692500005,18.903,0.297,W1
QSO_53.8081649-15.8417281,59959.58269900004,19.04,0.294,W1
QSO_53.8081649-15.8417281,60163.52714249998,18.978,0.312,W1
QSO_53.8081649-15.8417281,60163.72146850002,18.419,0.227,W1
QSO_53.8081649-15.8417281,60166.248034999975,18.819000000000003,0.252,W1
QSO_53.8081649-15.8417281,60166.636650500026,18.585,0.204,W1
QSO_53.8081649-15.8417281,60166.70143799997,18.814,0.259,W1
QSO_53.8081649-15.8417281,60166.83097649999,18.989,0.291,W1
QSO_53.8081649-15.8417281,60166.89572749998,18.759,0.252,W1
QSO_53.8081649-15.8417281,60167.34913049997,18.418,0.199,W1
QSO_53.8081649-15.8417281,60167.47866899999,18.939,0.398,W1
QSO_53.8081649-15.8417281,60322.70539720002,18.752,0.226,W1
QSO_53.8081649-15.8417281,60322.83477819996,18.598,0.192,W1
QSO_53.8081649-15.8417281,60323.15799279997,18.783,,W1
QSO_53.8081649-15.8417281,60323.28726399999,18.356,0.154,W1
QSO_53.8081649-15.8417281,55228.03927149996,18.806,,W2
QSO_53.8081649-15.8417281,55228.10540949998,18.392,0.312,W2
QSO_53.8081649-15.8417281,55228.17147450002,18.445,,W2
QSO_53.8081649-15.8417281,55228.171584000025,18.611,0.332,W2
QSO_53.8081649-15.8417281,55228.23764899998,18.286,0.335,W2
QSO_53.8081649-15.8417281,55228.30382350003,18.487,,W2
QSO_53.8081649-15.8417281,55228.36985200004,18.687,,W2
QSO_53.8081649-15.8417281,55228.4360265,18.901,0.49,W2
QSO_53.8081649-15.8417281,55228.50220099996,18.706,,W2
QSO_53.8081649-15.8417281,55228.63440400002,18.333,,W2
QSO_53.8081649-15.8417281,55417.488470000026,18.587,,W2
QSO_53.8081649-15.8417281,55417.48857950003,18.558,0.352,W2
QSO_53.8081649-15.8417281,55417.620673,19.05,,W2
QSO_53.8081649-15.8417281,55417.75287599997,18.615,,W2
QSO_53.8081649-15.8417281,55417.88511549997,19.018,,W2
QSO_53.8081649-15.8417281,55417.95129000002,18.803,,W2
QSO_53.8081649-15.8417281,55418.01731850003,18.397,,W2
QSO_53.8081649-15.8417281,55418.08349299999,18.823,0.496,W2
QSO_53.8081649-15.8417281,55418.281761000006,18.344,0.306,W2
QSO_53.8081649-15.8417281,55418.34778950002,18.343,0.293,W2
QSO_53.8081649-15.8417281,55418.347935499965,18.487,0.328,W2
QSO_53.8081649-15.8417281,55418.47999249999,19.053,,W2
QSO_53.8081649-15.8417281,55418.480138500025,18.795,0.399,W2
QSO_53.8081649-15.8417281,55418.61223199999,18.774,,W2
QSO_53.8081649-15.8417281,55418.74443499997,18.562,,W2
QSO_53.8081649-15.8417281,55591.98617350004,19.038,,W2
QSO_53.8081649-15.8417281,55592.38256350003,18.747,,W2
QSO_53.8081649-15.8417281,55592.38267300004,18.308,,W2
QSO_53.8081649-15.8417281,55592.84523749999,18.648,0.396,W2
QSO_53.8081649-15.8417281,55592.97733099996,18.514,,W2
QSO_53.8081649-15.8417281,56690.199387499975,18.455,0.431,W2
QSO_53.8081649-15.8417281,56690.33097000004,18.851,,W2
QSO_53.8081649-15.8417281,56690.39688899996,18.384,0.43,W2
QSO_53.8081649-15.8417281,56690.52858100003,18.424,,W2
QSO_53.8081649-15.8417281,56879.99884000003,18.304,,W2
QSO_53.8081649-15.8417281,56880.45899549998,18.727,0.45,W2
QSO_53.8081649-15.8417281,56880.7220145,17.934,,W2
QSO_53.8081649-15.8417281,57244.51364095004,18.252,,W2
QSO_53.8081649-15.8417281,57245.300288975006,18.913,,W2
QSO_53.8081649-15.8417281,57412.70386618119,18.903,0.48,W2
QSO_53.8081649-15.8417281,57413.032460991606,18.972,0.54,W2
QSO_53.8081649-15.8417281,57413.09804819369,18.529,,W2
QSO_53.8081649-15.8417281,57413.09815799371,18.316,,W2
QSO_53.8081649-15.8417281,57608.88539898506,18.604,,W2
QSO_53.8081649-15.8417281,57609.082416791294,18.297,,W2
QSO_53.8081649-15.8417281,57609.14800399339,18.561,,W2
QSO_53.8081649-15.8417281,57609.21373759551,18.775,,W2
QSO_53.8081649-15.8417281,57609.60762680795,18.209,,W2
QSO_53.8081649-15.8417281,57609.870085416245,18.114,,W2
QSO_53.8081649-15.8417281,57775.30796999998,18.724,,W2
QSO_53.8081649-15.8417281,57775.43878600001,18.56,0.54,W2
QSO_53.8081649-15.8417281,57775.83148949999,18.253,,W2
QSO_53.8081649-15.8417281,57775.897043500045,18.69,,W2
QSO_53.8081649-15.8417281,57776.02782299997,18.308,,W2
QSO_53.8081649-15.8417281,57776.42052650002,19.016,,W2
QSO_53.8081649-15.8417281,57973.61524400004,18.147,,W2
QSO_53.8081649-15.8417281,57973.87687600002,18.673,0.489,W2
QSO_53.8081649-15.8417281,57974.00769199998,18.42,,W2
QSO_53.8081649-15.8417281,57974.138617500015,18.231,,W2
QSO_53.8081649-15.8417281,57980.158088,18.184,0.335,W2
QSO_53.8081649-15.8417281,58134.37007699998,18.071,,W2
QSO_53.8081649-15.8417281,58134.50089300001,18.098,,W2
QSO_53.8081649-15.8417281,58134.56630100003,18.347,,W2
QSO_53.8081649-15.8417281,58134.631708999965,18.22,0.39,W2
QSO_53.8081649-15.8417281,58134.69711699998,18.656,,W2
QSO_53.8081649-15.8417281,58134.762525,18.634,0.496,W2
QSO_53.8081649-15.8417281,58134.7626345,18.403,,W2
QSO_53.8081649-15.8417281,58135.08967450001,18.719,,W2
QSO_53.8081649-15.8417281,58340.48462800002,17.924,,W2
QSO_53.8081649-15.8417281,58340.55003600004,18.829,,W2
QSO_53.8081649-15.8417281,58496.26629949999,18.606,,W2
QSO_53.8081649-15.8417281,58496.397115500025,18.347,,W2
QSO_53.8081649-15.8417281,58496.52789500003,17.719,,W2
QSO_53.8081649-15.8417281,58496.98564149998,18.665,0.525,W2
QSO_53.8081649-15.8417281,58497.0510495,18.803,,W2
QSO_53.8081649-15.8417281,58499.27360749997,18.626,,W2
QSO_53.8081649-15.8417281,58499.4044235,18.371,,W2
QSO_53.8081649-15.8417281,58499.5350935,17.783,,W2
QSO_53.8081649-15.8417281,58500.12365599999,18.269,,W2
QSO_53.8081649-15.8417281,58704.46284700003,18.336,0.4,W2
QSO_53.8081649-15.8417281,58704.724332999984,17.262999999999998,,W2
QSO_53.8081649-15.8417281,58704.85500299999,18.534,,W2
QSO_53.8081649-15.8417281,58863.17316699998,17.957,,W2
QSO_53.8081649-15.8417281,58863.304231600014,18.251,,W2
QSO_53.8081649-15.8417281,58863.56643399997,18.561,0.407,W2
QSO_53.8081649-15.8417281,58863.63202119999,18.534,,W2
QSO_53.8081649-15.8417281,58863.6974986,18.56,0.538,W2
QSO_53.8081649-15.8417281,58863.76308580001,18.907,,W2
QSO_53.8081649-15.8417281,58864.156316199966,18.009,,W2
QSO_53.8081649-15.8417281,59068.26774520004,18.263,0.376,W2
QSO_53.8081649-15.8417281,59068.59538839997,18.247,,W2
QSO_53.8081649-15.8417281,59068.726453,17.979,0.339,W2
QSO_53.8081649-15.8417281,59068.79189379999,18.627,,W2
QSO_53.8081649-15.8417281,59068.85748100001,18.461,0.457,W2
QSO_53.8081649-15.8417281,59069.25063819999,17.916,0.431,W2
QSO_53.8081649-15.8417281,59228.264465,18.322,,W2
QSO_53.8081649-15.8417281,59228.32972699998,18.792,0.468,W2
QSO_53.8081649-15.8417281,59228.46043350001,17.774,,W2
QSO_53.8081649-15.8417281,59435.83365049998,18.841,,W2
QSO_53.8081649-15.8417281,59436.02950949999,18.687,,W2
QSO_53.8081649-15.8417281,59436.02961899999,18.218,0.333,W2
QSO_53.8081649-15.8417281,59436.2908495,17.869,,W2
QSO_53.8081649-15.8417281,59436.42141,18.119,,W2
QSO_53.8081649-15.8417281,59436.682677000026,18.175,,W2
QSO_53.8081649-15.8417281,59595.05741800001,18.488,,W2
QSO_53.8081649-15.8417281,59595.38383750002,17.913,,W2
QSO_53.8081649-15.8417281,59595.77548249999,18.86,,W2
QSO_53.8081649-15.8417281,59799.46647000004,18.526,,W2
QSO_53.8081649-15.8417281,59799.85753100003,18.469,0.372,W2
QSO_53.8081649-15.8417281,59800.05309799998,18.446,,W2
QSO_53.8081649-15.8417281,59959.19229499998,18.675,,W2
QSO_53.8081649-15.8417281,59959.517692500005,18.434,,W2
QSO_53.8081649-15.8417281,59959.58269900004,18.868,,W2
QSO_53.8081649-15.8417281,60163.52714249998,17.988,,W2
QSO_53.8081649-15.8417281,60163.72146850002,18.403,,W2
QSO_53.8081649-15.8417281,60166.248034999975,18.445,,W2
QSO_53.8081649-15.8417281,60166.636650500026,18.268,,W2
QSO_53.8081649-15.8417281,60166.70143799997,18.12,,W2
QSO_53.8081649-15.8417281,60166.83097649999,18.148,,W2
QSO_53.8081649-15.8417281,60166.89572749998,18.239,,W2
QSO_53.8081649-15.8417281,60167.34913049997,18.743,,W2
QSO_53.8081649-15.8417281,60167.47866899999,18.151,,W2
QSO_53.8081649-15.8417281,60322.70539720002,18.037,,W2
QSO_53.8081649-15.8417281,60322.83477819996,18.691,,W2
QSO_53.8081649-15.8417281,60323.15799279997,18.425,0.344,W2
QSO_53.8081649-15.8417281,60323.28726399999,18.356,0.319,W2
QSO_53.7872751-15.8186952,55227.642626000015,18.942,0.254,W1
QSO_53.7872751-15.8186952,55228.03927149996,19.525,0.412,W1
QSO_53.7872751-15.8186952,55228.10540949998,18.614,0.181,W1
QSO_53.7872751-15.8186952,55228.171584000025,18.858,0.252,W1
QSO_53.7872751-15.8186952,55228.23764899998,19.349,0.373,W1
QSO_53.7872751-15.8186952,55228.30382350003,18.579,0.189,W1
QSO_53.7872751-15.8186952,55228.36985200004,19.329,,W1
QSO_53.7872751-15.8186952,55228.4360265,18.746,0.225,W1
QSO_53.7872751-15.8186952,55228.50220099996,18.552,0.184,W1
QSO_53.7872751-15.8186952,55228.63440400002,18.64,0.199,W1
QSO_53.7872751-15.8186952,55417.488470000026,18.478,0.177,W1
QSO_53.7872751-15.8186952,55417.48857950003,18.748,0.218,W1
QSO_53.7872751-15.8186952,55417.620673,18.78,0.225,W1
QSO_53.7872751-15.8186952,55417.75287599997,18.467,0.179,W1
QSO_53.7872751-15.8186952,55417.88511549997,18.777,0.246,W1
QSO_53.7872751-15.8186952,55417.95129000002,19.676,0.522,W1
QSO_53.7872751-15.8186952,55418.01731850003,18.429,0.169,W1
QSO_53.7872751-15.8186952,55418.08349299999,19.128,0.32,W1
QSO_53.7872751-15.8186952,55418.281761000006,18.832,0.223,W1
QSO_53.7872751-15.8186952,55418.34778950002,18.44,0.153,W1
QSO_53.7872751-15.8186952,55418.347935499965,18.638,0.187,W1
QSO_53.7872751-15.8186952,55418.47999249999,19.413,0.383,W1
QSO_53.7872751-15.8186952,55418.61223199999,19.448,0.453,W1
QSO_53.7872751-15.8186952,55591.98617350004,18.838,0.251,W1
QSO_53.7872751-15.8186952,55592.38267300004,18.656,0.203,W1
QSO_53.7872751-15.8186952,55592.84523749999,18.865,0.33,W1
QSO_53.7872751-15.8186952,55592.97733099996,18.748,0.221,W1
QSO_53.7872751-15.8186952,56690.199387499975,19.259,0.368,W1
QSO_53.7872751-15.8186952,56690.39688899996,18.691000000000003,0.264,W1
QSO_53.7872751-15.8186952,56879.99884000003,18.654,0.298,W1
QSO_53.7872751-15.8186952,56880.7220145,18.612,0.273,W1
QSO_53.7872751-15.8186952,57244.51364095004,18.968,0.268,W1
QSO_53.7872751-15.8186952,57608.88539898506,18.902,0.528,W1
QSO_53.7872751-15.8186952,57609.082416791294,18.543,0.215,W1
QSO_53.7872751-15.8186952,57609.14800399339,18.662,0.284,W1
QSO_53.7872751-15.8186952,57609.21373759551,19.566000000000003,0.467,W1
QSO_53.7872751-15.8186952,57609.47634260376,18.845,0.254,W1
QSO_53.7872751-15.8186952,57609.60751700794,18.651,0.257,W1
QSO_53.7872751-15.8186952,57775.30796999998,18.923,0.244,W1
QSO_53.7872751-15.8186952,57775.43878600001,18.696,0.226,W1
QSO_53.7872751-15.8186952,57775.70067350004,18.868,0.243,W1
QSO_53.7872751-15.8186952,57775.897043500045,18.939,0.297,W1
QSO_53.7872751-15.8186952,57775.96245149997,18.625,0.194,W1
QSO_53.7872751-15.8186952,57776.28971049999,18.56,0.178,W1
QSO_53.7872751-15.8186952,57776.42052650002,18.504,0.201,W1
QSO_53.7872751-15.8186952,57776.420672499975,18.581,0.193,W1
QSO_53.7872751-15.8186952,57973.026316500014,18.481,0.182,W1
QSO_53.7872751-15.8186952,57973.61524400004,18.276,0.173,W1
QSO_53.7872751-15.8186952,57973.68065199997,18.935,0.36,W1
QSO_53.7872751-15.8186952,57973.87687600002,18.901000000000003,0.317,W1
QSO_53.7872751-15.8186952,57974.138617500015,18.486,0.176,W1
QSO_53.7872751-15.8186952,57980.158088,18.966,0.283,W1
QSO_53.7872751-15.8186952,58134.50089300001,18.745,0.293,W1
QSO_53.7872751-15.8186952,58134.56630100003,18.76,0.23,W1
QSO_53.7872751-15.8186952,58134.69711699998,18.569,0.26,W1
QSO_53.7872751-15.8186952,58135.08967450001,18.598,0.188,W1
QSO_53.7872751-15.8186952,58339.83065750001,18.882,0.251,W1
QSO_53.7872751-15.8186952,58340.55003600004,18.902,,W1
QSO_53.7872751-15.8186952,58340.61529800002,18.69,0.221,W1
QSO_53.7872751-15.8186952,58496.266409,18.812,0.227,W1
QSO_53.7872751-15.8186952,58496.397115500025,18.842,0.28,W1
QSO_53.7872751-15.8186952,58496.52789500003,19.178,0.326,W1
QSO_53.7872751-15.8186952,58496.78941750001,18.827,0.261,W1
QSO_53.7872751-15.8186952,58499.4044235,18.834000000000003,0.374,W1
QSO_53.7872751-15.8186952,58499.5350935,19.192,0.417,W1
QSO_53.7872751-15.8186952,58499.53523950004,19.06,0.289,W1
QSO_53.7872751-15.8186952,58500.12365599999,19.237,0.384,W1
QSO_53.7872751-15.8186952,58704.26662299998,18.684,0.363,W1
QSO_53.7872751-15.8186952,58704.26673249999,18.402,0.196,W1
QSO_53.7872751-15.8186952,58704.397439000015,18.778,0.222,W1
QSO_53.7872751-15.8186952,58704.46284700003,18.824,0.254,W1
QSO_53.7872751-15.8186952,58704.85500299999,19.246,0.348,W1
QSO_53.7872751-15.8186952,58863.304231600014,19.34,0.35,W1
QSO_53.7872751-15.8186952,58863.56643399997,18.627,0.202,W1
QSO_53.7872751-15.8186952,58863.76308580001,18.688,0.211,W1
QSO_53.7872751-15.8186952,58864.02514180002,18.671,0.222,W1
QSO_53.7872751-15.8186952,58864.156316199966,18.807,0.281,W1
QSO_53.7872751-15.8186952,59068.26774520004,18.382,0.174,W1
QSO_53.7872751-15.8186952,59068.52980120004,18.632,0.217,W1
QSO_53.7872751-15.8186952,59068.79189379999,18.579,0.213,W1
QSO_53.7872751-15.8186952,59068.85748100001,18.472,0.186,W1
QSO_53.7872751-15.8186952,59068.988545600034,18.495,0.203,W1
QSO_53.7872751-15.8186952,59069.11957360004,18.888,0.356,W1
QSO_53.7872751-15.8186952,59228.003088499965,18.953000000000003,0.28,W1
QSO_53.7872751-15.8186952,59228.264465,18.62,0.194,W1
QSO_53.7872751-15.8186952,59228.32972699998,18.357,0.329,W1
QSO_53.7872751-15.8186952,59228.46043350001,18.975,0.272,W1
QSO_53.7872751-15.8186952,59228.59110350002,18.571,0.196,W1
QSO_53.7872751-15.8186952,59435.83365049998,18.801,0.361,W1
QSO_53.7872751-15.8186952,59436.02950949999,19.026000000000003,,W1
QSO_53.7872751-15.8186952,59436.1601795,18.764000000000003,0.247,W1
QSO_53.7872751-15.8186952,59436.682677000026,18.272,0.142,W1
QSO_53.7872751-15.8186952,59595.05741800001,18.823,0.228,W1
QSO_53.7872751-15.8186952,59799.46647000004,18.514,0.432,W1
QSO_53.7872751-15.8186952,59799.85753100003,17.927,,W1
QSO_53.7872751-15.8186952,59800.05309799998,19.336,0.384,W1
QSO_53.7872751-15.8186952,59800.11825049996,18.59,0.272,W1
QSO_53.7872751-15.8186952,59800.44415899998,18.757,0.286,W1
QSO_53.7872751-15.8186952,59959.19229499998,18.083,,W1
QSO_53.7872751-15.8186952,60163.52714249998,18.388,0.202,W1
QSO_53.7872751-15.8186952,60163.72146850002,18.625,0.231,W1
QSO_53.7872751-15.8186952,60166.248034999975,18.223,0.147,W1
QSO_53.7872751-15.8186952,60166.3775735,18.518,0.194,W1
QSO_53.7872751-15.8186952,60166.76567799997,18.759,0.362,W1
QSO_53.7872751-15.8186952,60166.83097649999,18.693,0.226,W1
QSO_53.7872751-15.8186952,60166.89572749998,18.502,0.233,W1
QSO_53.7872751-15.8186952,60167.47866899999,18.745,0.251,W1
QSO_53.7872751-15.8186952,60322.70539720002,18.526,0.186,W1
QSO_53.7872751-15.8186952,60322.83477819996,19.493,0.422,W1
QSO_53.7872751-15.8186952,60322.96404939998,18.282,0.187,W1
QSO_53.7872751-15.8186952,60323.28726399999,18.705,0.243,W1
QSO_53.7872751-15.8186952,60323.67504100003,18.546,0.196,W1
QSO_53.7872751-15.8186952,55227.642626000015,18.519,,W2
QSO_53.7872751-15.8186952,55228.03927149996,18.868,0.443,W2
QSO_53.7872751-15.8186952,55228.10540949998,18.921,0.506,W2
QSO_53.7872751-15.8186952,55228.171584000025,18.832,0.468,W2
QSO_53.7872751-15.8186952,55228.23764899998,18.415,,W2
QSO_53.7872751-15.8186952,55228.30382350003,18.302,,W2
QSO_53.7872751-15.8186952,55228.36985200004,18.706,,W2
QSO_53.7872751-15.8186952,55228.4360265,18.504,,W2
QSO_53.7872751-15.8186952,55228.50220099996,18.751,,W2
QSO_53.7872751-15.8186952,55228.63440400002,18.889,,W2
QSO_53.7872751-15.8186952,55417.488470000026,18.232,,W2
QSO_53.7872751-15.8186952,55417.48857950003,18.425,,W2
QSO_53.7872751-15.8186952,55417.620673,18.402,,W2
QSO_53.7872751-15.8186952,55417.75287599997,18.801,,W2
QSO_53.7872751-15.8186952,55417.88511549997,18.999,,W2
QSO_53.7872751-15.8186952,55417.95129000002,18.625,,W2
QSO_53.7872751-15.8186952,55418.01731850003,19.01,,W2
QSO_53.7872751-15.8186952,55418.08349299999,19.091,,W2
QSO_53.7872751-15.8186952,55418.281761000006,18.555,,W2
QSO_53.7872751-15.8186952,55418.34778950002,18.581,,W2
QSO_53.7872751-15.8186952,55418.347935499965,18.388,,W2
QSO_53.7872751-15.8186952,55418.47999249999,18.39,,W2
QSO_53.7872751-15.8186952,55418.61223199999,18.431,,W2
QSO_53.7872751-15.8186952,55591.98617350004,18.171,,W2
QSO_53.7872751-15.8186952,55592.38267300004,18.34,0.322,W2
QSO_53.7872751-15.8186952,55592.84523749999,18.61,,W2
QSO_53.7872751-15.8186952,55592.97733099996,18.348,0.309,W2
QSO_53.7872751-15.8186952,56690.199387499975,18.306,0.443,W2
QSO_53.7872751-15.8186952,56690.39688899996,18.54,,W2
QSO_53.7872751-15.8186952,56879.99884000003,18.843,,W2
QSO_53.7872751-15.8186952,56880.7220145,18.249,,W2
QSO_53.7872751-15.8186952,57244.51364095004,18.672,0.444,W2
QSO_53.7872751-15.8186952,57608.88539898506,18.842,,W2
QSO_53.7872751-15.8186952,57609.082416791294,18.306,,W2
QSO_53.7872751-15.8186952,57609.14800399339,18.808,,W2
QSO_53.7872751-15.8186952,57609.21373759551,18.496,,W2
QSO_53.7872751-15.8186952,57609.47634260376,18.529,,W2
QSO_53.7872751-15.8186952,57609.60751700794,18.154,,W2
QSO_53.7872751-15.8186952,57775.30796999998,18.574,,W2
QSO_53.7872751-15.8186952,57775.43878600001,18.944,,W2
QSO_53.7872751-15.8186952,57775.70067350004,18.639,,W2
QSO_53.7872751-15.8186952,57775.897043500045,18.533,0.467,W2
QSO_53.7872751-15.8186952,57775.96245149997,18.713,,W2
QSO_53.7872751-15.8186952,57776.28971049999,18.084,,W2
QSO_53.7872751-15.8186952,57776.42052650002,18.341,,W2
QSO_53.7872751-15.8186952,57776.420672499975,18.513,,W2
QSO_53.7872751-15.8186952,57973.026316500014,18.535,,W2
QSO_53.7872751-15.8186952,57973.61524400004,18.604,,W2
QSO_53.7872751-15.8186952,57973.68065199997,18.331,,W2
QSO_53.7872751-15.8186952,57973.87687600002,18.558,,W2
QSO_53.7872751-15.8186952,57974.138617500015,18.166,,W2
QSO_53.7872751-15.8186952,57980.158088,18.628,0.509,W2
QSO_53.7872751-15.8186952,58134.50089300001,18.385,,W2
QSO_53.7872751-15.8186952,58134.56630100003,18.824,0.519,W2
QSO_53.7872751-15.8186952,58134.69711699998,18.651,0.521,W2
QSO_53.7872751-15.8186952,58135.08967450001,18.683,,W2
QSO_53.7872751-15.8186952,58339.83065750001,18.18,,W2
QSO_53.7872751-15.8186952,58340.55003600004,18.302,,W2
QSO_53.7872751-15.8186952,58340.61529800002,18.288,,W2
QSO_53.7872751-15.8186952,58496.266409,18.028,,W2
QSO_53.7872751-15.8186952,58496.397115500025,18.692,0.466,W2
QSO_53.7872751-15.8186952,58496.52789500003,18.585,,W2
QSO_53.7872751-15.8186952,58496.78941750001,18.152,,W2
QSO_53.7872751-15.8186952,58499.4044235,17.7,,W2
QSO_53.7872751-15.8186952,58499.5350935,18.191,,W2
QSO_53.7872751-15.8186952,58499.53523950004,18.545,,W2
QSO_53.7872751-15.8186952,58500.12365599999,18.151,0.516,W2
QSO_53.7872751-15.8186952,58704.26662299998,18.431,,W2
QSO_53.7872751-15.8186952,58704.26673249999,18.704,,W2
QSO_53.7872751-15.8186952,58704.397439000015,18.306,0.429,W2
QSO_53.7872751-15.8186952,58704.46284700003,18.916,,W2
QSO_53.7872751-15.8186952,58704.85500299999,18.148,,W2
QSO_53.7872751-15.8186952,58863.304231600014,18.185,,W2
QSO_53.7872751-15.8186952,58863.56643399997,18.459,0.383,W2
QSO_53.7872751-15.8186952,58863.76308580001,18.803,,W2
QSO_53.7872751-15.8186952,58864.02514180002,18.852,,W2
QSO_53.7872751-15.8186952,58864.156316199966,18.428,,W2
QSO_53.7872751-15.8186952,59068.26774520004,18.237,,W2
QSO_53.7872751-15.8186952,59068.52980120004,18.082,,W2
QSO_53.7872751-15.8186952,59068.79189379999,18.406,,W2
QSO_53.7872751-15.8186952,59068.85748100001,18.133,,W2
QSO_53.7872751-15.8186952,59068.988545600034,18.555,,W2
QSO_53.7872751-15.8186952,59069.11957360004,18.059,,W2
QSO_53.7872751-15.8186952,59228.003088499965,18.358,,W2
QSO_53.7872751-15.8186952,59228.264465,18.855,,W2
QSO_53.7872751-15.8186952,59228.32972699998,18.874,0.526,W2
QSO_53.7872751-15.8186952,59228.46043350001,18.495,,W2
QSO_53.7872751-15.8186952,59228.59110350002,18.287,,W2
QSO_53.7872751-15.8186952,59435.83365049998,17.979,,W2
QSO_53.7872751-15.8186952,59436.02950949999,18.26,,W2
QSO_53.7872751-15.8186952,59436.1601795,18.357,,W2
QSO_53.7872751-15.8186952,59436.682677000026,17.913,,W2
QSO_53.7872751-15.8186952,59595.05741800001,18.079,,W2
QSO_53.7872751-15.8186952,59799.46647000004,17.945,,W2
QSO_53.7872751-15.8186952,59799.85753100003,18.792,,W2
QSO_53.7872751-15.8186952,59800.05309799998,18.636,,W2
QSO_53.7872751-15.8186952,59800.11825049996,18.765,,W2
QSO_53.7872751-15.8186952,59800.44415899998,18.452,0.482,W2
QSO_53.7872751-15.8186952,59959.19229499998,18.646,,W2
QSO_53.7872751-15.8186952,60163.52714249998,18.478,,W2
QSO_53.7872751-15.8186952,60163.72146850002,17.891,,W2
QSO_53.7872751-15.8186952,60166.248034999975,18.199,,W2
QSO_53.7872751-15.8186952,60166.3775735,18.347,,W2
QSO_53.7872751-15.8186952,60166.76567799997,18.141,,W2
QSO_53.7872751-15.8186952,60166.83097649999,18.646,,W2
QSO_53.7872751-15.8186952,60166.89572749998,18.656,,W2
QSO_53.7872751-15.8186952,60167.47866899999,18.404,0.53,W2
QSO_53.7872751-15.8186952,60322.70539720002,18.278,,W2
QSO_53.7872751-15.8186952,60322.83477819996,18.41,,W2
QSO_53.7872751-15.8186952,60322.96404939998,18.349,,W2
QSO_53.7872751-15.8186952,60323.28726399999,18.729,0.498,W2
QSO_53.7872751-15.8186952,60323.67504100003,18.317,,W2
QSO_54.0169864-15.9723822,55228.03927149996,19.069000000000003,,W1
QSO_54.0169864-15.9723822,55228.17147450002,18.805,0.227,W1
QSO_54.0169864-15.9723822,55228.23764899998,19.165,0.291,W1
QSO_54.0169864-15.9723822,55228.30367749999,19.495,0.407,W1
QSO_54.0169864-15.9723822,55228.30382350003,19.603,0.443,W1
QSO_54.0169864-15.9723822,55228.36985200004,18.673,0.191,W1
QSO_54.0169864-15.9723822,55228.4360265,19.098,0.317,W1
QSO_54.0169864-15.9723822,55228.50205500001,19.343,0.367,W1
QSO_54.0169864-15.9723822,55228.56822949997,19.358,0.367,W1
QSO_54.0169864-15.9723822,55228.63440400002,19.373,0.376,W1
QSO_54.0169864-15.9723822,55229.031049499965,19.61,0.437,W1
QSO_54.0169864-15.9723822,55417.753022,18.909,0.251,W1
QSO_54.0169864-15.9723822,55417.885224999976,19.015,0.273,W1
QSO_54.0169864-15.9723822,55418.01731850003,19.079,0.274,W1
QSO_54.0169864-15.9723822,55418.01746449998,18.918,0.231,W1
QSO_54.0169864-15.9723822,55418.08349299999,18.937,0.263,W1
QSO_54.0169864-15.9723822,55418.281761000006,19.509,0.434,W1
QSO_54.0169864-15.9723822,55418.347935499965,19.015,0.259,W1
QSO_54.0169864-15.9723822,55418.41396399998,19.588,0.49,W1
QSO_54.0169864-15.9723822,55418.480138500025,19.441000000000003,0.39,W1
QSO_54.0169864-15.9723822,55418.6123415,19.146,0.32,W1
QSO_54.0169864-15.9723822,55418.74454449997,19.545,0.411,W1
QSO_54.0169864-15.9723822,55418.87663800002,19.241,0.349,W1
QSO_54.0169864-15.9723822,55418.87678399997,19.079,,W1
QSO_54.0169864-15.9723822,55592.38256350003,18.696,0.228,W1
QSO_54.0169864-15.9723822,55592.77906300003,18.732,0.218,W1
QSO_54.0169864-15.9723822,55592.84512799999,18.784,0.223,W1
QSO_54.0169864-15.9723822,55592.84523749999,19.395000000000003,0.422,W1
QSO_54.0169864-15.9723822,55592.97733099996,19.438,0.416,W1
QSO_54.0169864-15.9723822,55593.10953400002,19.393,,W1
QSO_54.0169864-15.9723822,56690.33097000004,18.893,0.256,W1
QSO_54.0169864-15.9723822,56690.39688899996,19.277,0.408,W1
QSO_54.0169864-15.9723822,56690.59439050003,18.18,0.409,W1
QSO_54.0169864-15.9723822,56695.13634100001,18.619,0.212,W1
QSO_54.0169864-15.9723822,57053.06906595346,18.615,0.249,W1
QSO_54.0169864-15.9723822,57053.397237463854,18.809,0.245,W1
QSO_54.0169864-15.9723822,57413.09804819369,19.152,0.453,W1
QSO_54.0169864-15.9723822,57609.541929805855,18.67,0.225,W1
QSO_54.0169864-15.9723822,57609.60762680795,18.812,0.259,W1
QSO_54.0169864-15.9723822,57775.569748,18.79,0.209,W1
QSO_54.0169864-15.9723822,57775.70056400004,18.656,0.263,W1
QSO_54.0169864-15.9723822,57776.02782299997,19.384,0.476,W1
QSO_54.0169864-15.9723822,57776.42052650002,19.049,0.287,W1
QSO_54.0169864-15.9723822,57973.74605999999,19.074,0.305,W1
QSO_54.0169864-15.9723822,57974.00780149998,18.774,0.235,W1
QSO_54.0169864-15.9723822,58340.48462800002,18.93,0.251,W1
QSO_54.0169864-15.9723822,58340.68081550004,19.1,,W1
QSO_54.0169864-15.9723822,58497.05090349997,18.539,0.192,W1
QSO_54.0169864-15.9723822,58497.1817195,19.022,0.277,W1
QSO_54.0169864-15.9723822,58497.37783399997,18.824,0.24,W1
QSO_54.0169864-15.9723822,58499.79661599999,18.865,0.237,W1
QSO_54.0169864-15.9723822,58499.79672549999,18.927,0.269,W1
QSO_54.0169864-15.9723822,58704.46284700003,19.343,0.4,W1
QSO_54.0169864-15.9723822,58704.724332999984,18.654,0.29,W1
QSO_54.0169864-15.9723822,58863.17316699998,18.497,0.19,W1
QSO_54.0169864-15.9723822,58863.76308580001,19.130000000000003,0.375,W1
QSO_54.0169864-15.9723822,58864.2873808,18.843,0.243,W1
QSO_54.0169864-15.9723822,59068.79189379999,18.929,0.315,W1
QSO_54.0169864-15.9723822,59228.5256955,18.8,0.245,W1
QSO_54.0169864-15.9723822,59436.682677000026,18.85,0.248,W1
QSO_54.0169864-15.9723822,59595.05741800001,19.268,,W1
QSO_54.0169864-15.9723822,59595.57966,19.455,0.425,W1
QSO_54.0169864-15.9723822,59800.11825049996,18.815,0.38,W1
QSO_54.0169864-15.9723822,59800.1183965,18.892000000000003,0.252,W1
QSO_54.0169864-15.9723822,59800.44426849998,19.224,0.335,W1
QSO_54.0169864-15.9723822,59959.517692500005,18.652,0.226,W1
QSO_54.0169864-15.9723822,59959.90795050003,18.745,0.218,W1
QSO_54.0169864-15.9723822,59960.03814599999,18.805,0.235,W1
QSO_54.0169864-15.9723822,60163.52714249998,18.796,0.262,W1
QSO_54.0169864-15.9723822,60166.89572749998,18.586,0.409,W1
QSO_54.0169864-15.9723822,60167.154804500016,18.943,0.349,W1
QSO_54.0169864-15.9723822,60167.21970149996,18.776000000000003,0.272,W1
QSO_54.0169864-15.9723822,60167.60820750001,18.719,0.334,W1
QSO_54.0169864-15.9723822,60167.60835350004,19.01,0.279,W1
QSO_54.0169864-15.9723822,60323.2225552,19.491,0.426,W1
QSO_54.0169864-15.9723822,55228.03927149996,18.239,0.306,W2
QSO_54.0169864-15.9723822,55228.17147450002,18.524,,W2
QSO_54.0169864-15.9723822,55228.23764899998,18.511,,W2
QSO_54.0169864-15.9723822,55228.30367749999,18.529,0.317,W2
QSO_54.0169864-15.9723822,55228.30382350003,18.488,,W2
QSO_54.0169864-15.9723822,55228.36985200004,18.167,0.257,W2
QSO_54.0169864-15.9723822,55228.4360265,18.497,0.363,W2
QSO_54.0169864-15.9723822,55228.50205500001,18.756,0.423,W2
QSO_54.0169864-15.9723822,55228.56822949997,18.582,0.386,W2
QSO_54.0169864-15.9723822,55228.63440400002,18.904,0.475,W2
QSO_54.0169864-15.9723822,55229.031049499965,18.501,,W2
QSO_54.0169864-15.9723822,55417.753022,18.703,0.379,W2
QSO_54.0169864-15.9723822,55417.885224999976,18.454,,W2
QSO_54.0169864-15.9723822,55418.01731850003,18.258,,W2
QSO_54.0169864-15.9723822,55418.01746449998,18.532,,W2
QSO_54.0169864-15.9723822,55418.08349299999,18.717,0.408,W2
QSO_54.0169864-15.9723822,55418.281761000006,18.716,0.469,W2
QSO_54.0169864-15.9723822,55418.347935499965,18.635,,W2
QSO_54.0169864-15.9723822,55418.41396399998,18.464,0.335,W2
QSO_54.0169864-15.9723822,55418.480138500025,18.353,,W2
QSO_54.0169864-15.9723822,55418.6123415,18.535,,W2
QSO_54.0169864-15.9723822,55418.74454449997,18.275,0.292,W2
QSO_54.0169864-15.9723822,55418.87663800002,18.469,,W2
QSO_54.0169864-15.9723822,55418.87678399997,18.368,0.276,W2
QSO_54.0169864-15.9723822,55592.38256350003,18.132,,W2
QSO_54.0169864-15.9723822,55592.77906300003,18.475,0.339,W2
QSO_54.0169864-15.9723822,55592.84512799999,18.379,0.37,W2
QSO_54.0169864-15.9723822,55592.84523749999,18.428,,W2
QSO_54.0169864-15.9723822,55592.97733099996,18.794,0.539,W2
QSO_54.0169864-15.9723822,55593.10953400002,18.612,0.383,W2
QSO_54.0169864-15.9723822,56690.33097000004,18.752,0.524,W2
QSO_54.0169864-15.9723822,56690.39688899996,17.848,,W2
QSO_54.0169864-15.9723822,56690.59439050003,18.27,,W2
QSO_54.0169864-15.9723822,56695.13634100001,18.58,,W2
QSO_54.0169864-15.9723822,57053.06906595346,18.278,,W2
QSO_54.0169864-15.9723822,57053.397237463854,18.142,,W2
QSO_54.0169864-15.9723822,57413.09804819369,18.415,,W2
QSO_54.0169864-15.9723822,57609.541929805855,18.195,0.417,W2
QSO_54.0169864-15.9723822,57609.60762680795,18.232,,W2
QSO_54.0169864-15.9723822,57775.569748,18.602,0.449,W2
QSO_54.0169864-15.9723822,57775.70056400004,18.918,,W2
QSO_54.0169864-15.9723822,57776.02782299997,18.478,0.399,W2
QSO_54.0169864-15.9723822,57776.42052650002,18.085,,W2
QSO_54.0169864-15.9723822,57973.74605999999,18.474,,W2
QSO_54.0169864-15.9723822,57974.00780149998,18.587,0.502,W2
QSO_54.0169864-15.9723822,58340.48462800002,18.008,,W2
QSO_54.0169864-15.9723822,58340.68081550004,18.147,0.406,W2
QSO_54.0169864-15.9723822,58497.05090349997,18.199,0.365,W2
QSO_54.0169864-15.9723822,58497.1817195,18.373,0.492,W2
QSO_54.0169864-15.9723822,58497.37783399997,18.573,,W2
QSO_54.0169864-15.9723822,58499.79661599999,17.878999999999998,0.293,W2
QSO_54.0169864-15.9723822,58499.79672549999,17.836,,W2
QSO_54.0169864-15.9723822,58704.46284700003,18.191,0.396,W2
QSO_54.0169864-15.9723822,58704.724332999984,18.403,,W2
QSO_54.0169864-15.9723822,58863.17316699998,18.531,,W2
QSO_54.0169864-15.9723822,58863.76308580001,18.296,0.343,W2
QSO_54.0169864-15.9723822,58864.2873808,18.119,,W2
QSO_54.0169864-15.9723822,59068.79189379999,18.121,,W2
QSO_54.0169864-15.9723822,59228.5256955,18.738,0.521,W2
QSO_54.0169864-15.9723822,59436.682677000026,18.466,0.459,W2
QSO_54.0169864-15.9723822,59595.05741800001,17.962,,W2
QSO_54.0169864-15.9723822,59595.57966,18.573,0.41,W2
QSO_54.0169864-15.9723822,59800.11825049996,17.889,,W2
QSO_54.0169864-15.9723822,59800.1183965,18.146,,W2
QSO_54.0169864-15.9723822,59800.44426849998,18.769,0.488,W2
QSO_54.0169864-15.9723822,59959.517692500005,18.624,,W2
QSO_54.0169864-15.9723822,59959.90795050003,18.699,0.443,W2
QSO_54.0169864-15.9723822,59960.03814599999,18.336,,W2
QSO_54.0169864-15.9723822,60163.52714249998,17.910999999999998,,W2
QSO_54.0169864-15.9723822,60166.89572749998,18.217,0.314,W2
QSO_54.0169864-15.9723822,60167.154804500016,18.324,0.362,W2
QSO_54.0169864-15.9723822,60167.21970149996,17.934,,W2
QSO_54.0169864-15.9723822,60167.60820750001,18.186,,W2
QSO_54.0169864-15.9723822,60167.60835350004,18.028,,W2
QSO_54.0169864-15.9723822,60323.2225552,18.05,,W2
QSO_53.9432167-15.6904164,55228.03927149996,19.271,0.434,W1
QSO_53.9432167-15.6904164,55228.171584000025,18.809,0.238,W1
QSO_53.9432167-15.6904164,55228.23764899998,18.932,,W1
QSO_53.9432167-15.6904164,55228.30382350003,18.861,0.227,W1
QSO_53.9432167-15.6904164,55228.36985200004,19.692,,W1
QSO_53.9432167-15.6904164,55228.36999799999,19.053,0.283,W1
QSO_53.9432167-15.6904164,55228.4360265,19.245,0.346,W1
QSO_53.9432167-15.6904164,55228.50220099996,19.021,0.354,W1
QSO_53.9432167-15.6904164,55228.56822949997,19.176,0.337,W1
QSO_53.9432167-15.6904164,55228.63440400002,18.65,0.202,W1
QSO_53.9432167-15.6904164,55229.0311955,19.069000000000003,0.304,W1
QSO_53.9432167-15.6904164,55417.75287599997,18.813,0.262,W1
QSO_53.9432167-15.6904164,55417.88511549997,19.428,0.441,W1
QSO_53.9432167-15.6904164,55418.01731850003,18.928,0.248,W1
QSO_53.9432167-15.6904164,55418.08334699996,18.832,0.241,W1
QSO_53.9432167-15.6904164,55418.08349299999,19.119,0.319,W1
QSO_53.9432167-15.6904164,55418.281761000006,19.261000000000003,0.369,W1
QSO_53.9432167-15.6904164,55418.34778950002,19.014000000000003,,W1
QSO_53.9432167-15.6904164,55418.41396399998,18.891,0.259,W1
QSO_53.9432167-15.6904164,55418.47999249999,19.169,0.307,W1
QSO_53.9432167-15.6904164,55418.61223199999,19.614,0.539,W1
QSO_53.9432167-15.6904164,55418.74443499997,19.169,0.311,W1
QSO_53.9432167-15.6904164,55418.87663800002,19.15,,W1
QSO_53.9432167-15.6904164,55592.38267300004,18.733,0.217,W1
QSO_53.9432167-15.6904164,55592.77920899998,18.89,,W1
QSO_53.9432167-15.6904164,55592.84523749999,19.001,,W1
QSO_53.9432167-15.6904164,55592.97733099996,19.036,,W1
QSO_53.9432167-15.6904164,55592.97744049996,19.183,0.385,W1
QSO_53.9432167-15.6904164,55593.10953400002,19.61,0.506,W1
QSO_53.9432167-15.6904164,56690.199387499975,18.834000000000003,0.288,W1
QSO_53.9432167-15.6904164,56690.39688899996,18.476,0.169,W1
QSO_53.9432167-15.6904164,56690.46266200002,18.492,0.186,W1
QSO_53.9432167-15.6904164,56695.13648699996,18.767000000000003,0.233,W1
QSO_53.9432167-15.6904164,56879.99884000003,19.115,0.43,W1
QSO_53.9432167-15.6904164,56880.45899549998,18.481,0.216,W1
QSO_53.9432167-15.6904164,56880.52476849996,18.76,0.248,W1
QSO_53.9432167-15.6904164,56880.7220145,18.76,0.475,W1
QSO_53.9432167-15.6904164,56880.853451000025,18.82,0.231,W1
QSO_53.9432167-15.6904164,56880.984887499966,19.289,0.34,W1
QSO_53.9432167-15.6904164,57244.57915845214,18.827,0.271,W1
QSO_53.9432167-15.6904164,57245.300288975006,18.287,0.183,W1
QSO_53.9432167-15.6904164,57245.431469979165,18.571,0.213,W1
QSO_53.9432167-15.6904164,57413.032460991606,18.907,0.282,W1
QSO_53.9432167-15.6904164,57413.09815799371,18.26,0.156,W1
QSO_53.9432167-15.6904164,57413.16389159575,18.866,0.248,W1
QSO_53.9432167-15.6904164,57413.55792720823,18.592,0.188,W1
QSO_53.9432167-15.6904164,57608.88539898506,18.468,0.221,W1
QSO_53.9432167-15.6904164,57609.14800399339,18.55,0.231,W1
QSO_53.9432167-15.6904164,57609.21359119548,18.875,0.327,W1
QSO_53.9432167-15.6904164,57609.21373759551,18.421,0.197,W1
QSO_53.9432167-15.6904164,57609.541929805855,19.255000000000003,0.335,W1
QSO_53.9432167-15.6904164,57609.60751700794,17.966,,W1
QSO_53.9432167-15.6904164,57609.73880121205,18.723,0.341,W1
QSO_53.9432167-15.6904164,57775.569748,18.487,0.164,W1
QSO_53.9432167-15.6904164,57775.70067350004,19.148000000000003,0.313,W1
QSO_53.9432167-15.6904164,57775.83148949999,19.336,0.361,W1
QSO_53.9432167-15.6904164,57775.897043500045,18.781,0.243,W1
QSO_53.9432167-15.6904164,57775.96245149997,18.974,0.263,W1
QSO_53.9432167-15.6904164,57776.02782299997,18.633,0.318,W1
QSO_53.9432167-15.6904164,57776.027969,19.273000000000003,0.352,W1
QSO_53.9432167-15.6904164,57776.28971049999,18.619,0.197,W1
QSO_53.9432167-15.6904164,57776.682413999966,19.069000000000003,0.287,W1
QSO_53.9432167-15.6904164,57973.61513450004,18.857,0.254,W1
QSO_53.9432167-15.6904164,57973.61524400004,18.353,0.19,W1
QSO_53.9432167-15.6904164,57973.94228399996,18.75,0.261,W1
QSO_53.9432167-15.6904164,57974.138617500015,19.068,0.305,W1
QSO_53.9432167-15.6904164,57974.26943349997,19.321,0.376,W1
QSO_53.9432167-15.6904164,58134.37007699998,18.51,0.219,W1
QSO_53.9432167-15.6904164,58134.501002500016,18.312,0.187,W1
QSO_53.9432167-15.6904164,58135.08967450001,18.313,0.18,W1
QSO_53.9432167-15.6904164,58135.22049050004,18.396,0.179,W1
QSO_53.9432167-15.6904164,58340.35381199998,18.701,0.223,W1
QSO_53.9432167-15.6904164,58340.48448199999,18.595,0.277,W1
QSO_53.9432167-15.6904164,58340.61529800002,18.844,0.372,W1
QSO_53.9432167-15.6904164,58496.78941750001,19.242,0.361,W1
QSO_53.9432167-15.6904164,58496.98564149998,19.015,0.273,W1
QSO_53.9432167-15.6904164,58497.0510495,19.015,0.29,W1
QSO_53.9432167-15.6904164,58499.53523950004,18.934,0.347,W1
QSO_53.9432167-15.6904164,58499.79672549999,18.597,0.23,W1
QSO_53.9432167-15.6904164,58500.38514200003,18.785,0.321,W1
QSO_53.9432167-15.6904164,58863.304231600014,18.718,0.244,W1
QSO_53.9432167-15.6904164,58863.63202119999,18.545,0.19,W1
QSO_53.9432167-15.6904164,58863.6974986,19.037,,W1
QSO_53.9432167-15.6904164,58863.76308580001,18.966,0.269,W1
QSO_53.9432167-15.6904164,58863.95970100003,19.153,0.328,W1
QSO_53.9432167-15.6904164,58864.156316199966,18.997,0.321,W1
QSO_53.9432167-15.6904164,58864.2873808,18.728,0.234,W1
QSO_53.9432167-15.6904164,59068.52980120004,18.78,0.23,W1
QSO_53.9432167-15.6904164,59068.85748100001,19.084000000000003,0.312,W1
QSO_53.9432167-15.6904164,59068.988545600034,18.957,0.303,W1
QSO_53.9432167-15.6904164,59069.05398640002,19.144,0.421,W1
QSO_53.9432167-15.6904164,59069.11957360004,18.625,0.325,W1
QSO_53.9432167-15.6904164,59069.51269419999,18.649,0.213,W1
QSO_53.9432167-15.6904164,59228.264465,18.426,,W1
QSO_53.9432167-15.6904164,59228.59110350002,19.067,0.305,W1
QSO_53.9432167-15.6904164,59435.83354099998,18.821,0.231,W1
QSO_53.9432167-15.6904164,59435.83365049998,18.647,0.295,W1
QSO_53.9432167-15.6904164,59436.09477149998,18.601,0.207,W1
QSO_53.9432167-15.6904164,59436.1601795,18.847,0.286,W1
QSO_53.9432167-15.6904164,59436.682677000026,18.825000000000003,0.259,W1
QSO_53.9432167-15.6904164,59436.94390750003,18.89,0.249,W1
QSO_53.9432167-15.6904164,59595.05741800001,18.852,0.355,W1
QSO_53.9432167-15.6904164,59595.38383750002,18.91,0.237,W1
QSO_53.9432167-15.6904164,59959.06224549997,18.983,0.323,W1
QSO_53.9432167-15.6904164,59959.19229499998,18.162,0.147,W1
QSO_53.9432167-15.6904164,59959.387643,18.714,0.207,W1
QSO_53.9432167-15.6904164,59959.517692500005,18.54,0.203,W1
QSO_53.9432167-15.6904164,59959.58284499999,18.841,0.231,W1
QSO_53.9432167-15.6904164,59960.03814599999,18.975,0.282,W1
QSO_53.9432167-15.6904164,59960.0382555,18.821,0.248,W1
QSO_53.9432167-15.6904164,60163.52714249998,18.262,0.256,W1
QSO_53.9432167-15.6904164,60163.65668099999,18.844,0.261,W1
QSO_53.9432167-15.6904164,60166.636650500026,18.492,0.197,W1
QSO_53.9432167-15.6904164,60166.89572749998,18.821,0.292,W1
QSO_53.9432167-15.6904164,60167.08954250003,19.148000000000003,0.404,W1
QSO_53.9432167-15.6904164,60167.154804500016,18.398,0.192,W1
QSO_53.9432167-15.6904164,60167.60820750001,18.424,0.276,W1
QSO_53.9432167-15.6904164,60322.96404939998,18.626,0.196,W1
QSO_53.9432167-15.6904164,60323.22270160004,18.74,0.222,W1
QSO_53.9432167-15.6904164,60323.61033219996,18.867,0.278,W1
QSO_53.9432167-15.6904164,60323.93354679996,18.718,0.23,W1
QSO_53.9432167-15.6904164,55228.03927149996,18.207,,W2
QSO_53.9432167-15.6904164,55228.171584000025,18.705,0.401,W2
QSO_53.9432167-15.6904164,55228.23764899998,18.444,,W2
QSO_53.9432167-15.6904164,55228.30382350003,18.309,,W2
QSO_53.9432167-15.6904164,55228.36985200004,18.407,0.301,W2
QSO_53.9432167-15.6904164,55228.36999799999,18.315,,W2
QSO_53.9432167-15.6904164,55228.4360265,18.533,,W2
QSO_53.9432167-15.6904164,55228.50220099996,18.911,0.52,W2
QSO_53.9432167-15.6904164,55228.56822949997,18.365,,W2
QSO_53.9432167-15.6904164,55228.63440400002,18.225,,W2
QSO_53.9432167-15.6904164,55229.0311955,18.573,,W2
QSO_53.9432167-15.6904164,55417.75287599997,18.573,,W2
QSO_53.9432167-15.6904164,55417.88511549997,18.351,,W2
QSO_53.9432167-15.6904164,55418.01731850003,18.645,0.403,W2
QSO_53.9432167-15.6904164,55418.08334699996,18.326,,W2
QSO_53.9432167-15.6904164,55418.08349299999,19.049,,W2
QSO_53.9432167-15.6904164,55418.281761000006,18.612,,W2
QSO_53.9432167-15.6904164,55418.34778950002,18.385,0.282,W2
QSO_53.9432167-15.6904164,55418.41396399998,18.828,,W2
QSO_53.9432167-15.6904164,55418.47999249999,19.009,0.528,W2
QSO_53.9432167-15.6904164,55418.61223199999,18.505,,W2
QSO_53.9432167-15.6904164,55418.74443499997,18.631,,W2
QSO_53.9432167-15.6904164,55418.87663800002,18.711,0.478,W2
QSO_53.9432167-15.6904164,55592.38267300004,18.476,,W2
QSO_53.9432167-15.6904164,55592.77920899998,18.339,,W2
QSO_53.9432167-15.6904164,55592.84523749999,18.476,,W2
QSO_53.9432167-15.6904164,55592.97733099996,18.831,,W2
QSO_53.9432167-15.6904164,55592.97744049996,18.422,,W2
QSO_53.9432167-15.6904164,55593.10953400002,18.572,,W2
QSO_53.9432167-15.6904164,56690.199387499975,18.291,,W2
QSO_53.9432167-15.6904164,56690.39688899996,17.515,,W2
QSO_53.9432167-15.6904164,56690.46266200002,18.582,,W2
QSO_53.9432167-15.6904164,56695.13648699996,18.455,0.411,W2
QSO_53.9432167-15.6904164,56879.99884000003,18.037,0.41,W2
QSO_53.9432167-15.6904164,56880.45899549998,18.486,,W2
QSO_53.9432167-15.6904164,56880.52476849996,18.591,,W2
QSO_53.9432167-15.6904164,56880.7220145,18.891,0.538,W2
QSO_53.9432167-15.6904164,56880.853451000025,17.815,,W2
QSO_53.9432167-15.6904164,56880.984887499966,18.161,,W2
QSO_53.9432167-15.6904164,57244.57915845214,18.559,,W2
QSO_53.9432167-15.6904164,57245.300288975006,18.225,,W2
QSO_53.9432167-15.6904164,57245.431469979165,18.506,,W2
QSO_53.9432167-15.6904164,57413.032460991606,18.714,0.466,W2
QSO_53.9432167-15.6904164,57413.09815799371,18.446,,W2
QSO_53.9432167-15.6904164,57413.16389159575,18.58,,W2
QSO_53.9432167-15.6904164,57413.55792720823,18.297,,W2
QSO_53.9432167-15.6904164,57608.88539898506,18.848,,W2
QSO_53.9432167-15.6904164,57609.14800399339,18.683,0.54,W2
QSO_53.9432167-15.6904164,57609.21359119548,18.226,,W2
QSO_53.9432167-15.6904164,57609.21373759551,18.703,,W2
QSO_53.9432167-15.6904164,57609.541929805855,18.329,0.503,W2
QSO_53.9432167-15.6904164,57609.60751700794,18.586,,W2
QSO_53.9432167-15.6904164,57609.73880121205,17.941,,W2
QSO_53.9432167-15.6904164,57775.569748,18.081,,W2
QSO_53.9432167-15.6904164,57775.70067350004,18.436,0.485,W2
QSO_53.9432167-15.6904164,57775.83148949999,18.442,0.369,W2
QSO_53.9432167-15.6904164,57775.897043500045,18.507,,W2
QSO_53.9432167-15.6904164,57775.96245149997,18.674,,W2
QSO_53.9432167-15.6904164,57776.02782299997,18.843,,W2
QSO_53.9432167-15.6904164,57776.027969,18.123,,W2
QSO_53.9432167-15.6904164,57776.28971049999,17.923,,W2
QSO_53.9432167-15.6904164,57776.682413999966,18.805,,W2
QSO_53.9432167-15.6904164,57973.61513450004,18.875,,W2
QSO_53.9432167-15.6904164,57973.61524400004,,,W2
QSO_53.9432167-15.6904164,57973.94228399996,18.321,,W2
QSO_53.9432167-15.6904164,57974.138617500015,17.956,,W2
QSO_53.9432167-15.6904164,57974.26943349997,18.544,,W2
QSO_53.9432167-15.6904164,58134.37007699998,18.578,0.396,W2
QSO_53.9432167-15.6904164,58134.501002500016,18.272,,W2
QSO_53.9432167-15.6904164,58135.08967450001,18.819,0.492,W2
QSO_53.9432167-15.6904164,58135.22049050004,18.029,,W2
QSO_53.9432167-15.6904164,58340.35381199998,18.544,,W2
QSO_53.9432167-15.6904164,58340.48448199999,18.631,,W2
QSO_53.9432167-15.6904164,58340.61529800002,18.433,,W2
QSO_53.9432167-15.6904164,58496.78941750001,18.757,,W2
QSO_53.9432167-15.6904164,58496.98564149998,18.565,,W2
QSO_53.9432167-15.6904164,58497.0510495,18.558,,W2
QSO_53.9432167-15.6904164,58499.53523950004,18.37,,W2
QSO_53.9432167-15.6904164,58499.79672549999,17.945,,W2
QSO_53.9432167-15.6904164,58500.38514200003,17.971,,W2
QSO_53.9432167-15.6904164,58863.304231600014,18.395,,W2
QSO_53.9432167-15.6904164,58863.63202119999,18.66,,W2
QSO_53.9432167-15.6904164,58863.6974986,18.156,0.463,W2
QSO_53.9432167-15.6904164,58863.76308580001,17.973,,W2
QSO_53.9432167-15.6904164,58863.95970100003,18.015,,W2
QSO_53.9432167-15.6904164,58864.156316199966,19.059,,W2
QSO_53.9432167-15.6904164,58864.2873808,18.0,,W2
QSO_53.9432167-15.6904164,59068.52980120004,18.08,0.304,W2
QSO_53.9432167-15.6904164,59068.85748100001,18.304,,W2
QSO_53.9432167-15.6904164,59068.988545600034,18.326,0.353,W2
QSO_53.9432167-15.6904164,59069.05398640002,18.667,,W2
QSO_53.9432167-15.6904164,59069.11957360004,18.707,,W2
QSO_53.9432167-15.6904164,59069.51269419999,18.4,0.366,W2
QSO_53.9432167-15.6904164,59228.264465,18.23,0.473,W2
QSO_53.9432167-15.6904164,59228.59110350002,17.849999999999998,0.277,W2
QSO_53.9432167-15.6904164,59435.83354099998,18.359,,W2
QSO_53.9432167-15.6904164,59435.83365049998,18.63,,W2
QSO_53.9432167-15.6904164,59436.09477149998,18.455,,W2
QSO_53.9432167-15.6904164,59436.1601795,18.576,0.405,W2
QSO_53.9432167-15.6904164,59436.682677000026,18.009,,W2
QSO_53.9432167-15.6904164,59436.94390750003,18.388,,W2
QSO_53.9432167-15.6904164,59595.05741800001,18.59,,W2
QSO_53.9432167-15.6904164,59595.38383750002,18.169,,W2
QSO_53.9432167-15.6904164,59959.06224549997,18.655,,W2
QSO_53.9432167-15.6904164,59959.19229499998,18.304,,W2
QSO_53.9432167-15.6904164,59959.387643,18.716,,W2
QSO_53.9432167-15.6904164,59959.517692500005,18.423,,W2
QSO_53.9432167-15.6904164,59959.58284499999,18.72,0.439,W2
QSO_53.9432167-15.6904164,59960.03814599999,18.5,,W2
QSO_53.9432167-15.6904164,59960.0382555,18.481,,W2
QSO_53.9432167-15.6904164,60163.52714249998,17.787,,W2
QSO_53.9432167-15.6904164,60163.65668099999,18.157,,W2
QSO_53.9432167-15.6904164,60166.636650500026,18.179,,W2
QSO_53.9432167-15.6904164,60166.89572749998,18.061,,W2
QSO_53.9432167-15.6904164,60167.08954250003,18.501,,W2
QSO_53.9432167-15.6904164,60167.154804500016,18.425,0.374,W2
QSO_53.9432167-15.6904164,60167.60820750001,18.414,,W2
QSO_53.9432167-15.6904164,60322.96404939998,18.216,,W2
QSO_53.9432167-15.6904164,60323.22270160004,18.278,,W2
QSO_53.9432167-15.6904164,60323.61033219996,18.217,,W2
QSO_53.9432167-15.6904164,60323.93354679996,18.995,,W2
QSO_53.8182133-15.928109,55227.642626000015,18.49,0.164,W1
QSO_53.8182133-15.928109,55228.03927149996,18.93,0.248,W1
QSO_53.8182133-15.928109,55228.10540949998,18.68,0.2,W1
QSO_53.8182133-15.928109,55228.17147450002,18.426,0.16,W1
QSO_53.8182133-15.928109,55228.23764899998,18.814,0.222,W1
QSO_53.8182133-15.928109,55228.30382350003,18.907,,W1
QSO_53.8182133-15.928109,55228.36985200004,18.539,0.204,W1
QSO_53.8182133-15.928109,55228.4360265,18.714,0.216,W1
QSO_53.8182133-15.928109,55228.50205500001,18.731,0.216,W1
QSO_53.8182133-15.928109,55228.50220099996,18.552,0.184,W1
QSO_53.8182133-15.928109,55228.63440400002,19.686,0.529,W1
QSO_53.8182133-15.928109,55417.48857950003,19.222,,W1
QSO_53.8182133-15.928109,55417.62081900003,19.23,0.327,W1
QSO_53.8182133-15.928109,55417.75287599997,19.185,,W1
QSO_53.8182133-15.928109,55417.753022,18.826,0.227,W1
QSO_53.8182133-15.928109,55417.88511549997,19.201,0.333,W1
QSO_53.8182133-15.928109,55417.95129000002,18.633,0.215,W1
QSO_53.8182133-15.928109,55418.01731850003,19.027,,W1
QSO_53.8182133-15.928109,55418.08349299999,19.529,0.452,W1
QSO_53.8182133-15.928109,55418.281761000006,19.026000000000003,0.269,W1
QSO_53.8182133-15.928109,55418.347935499965,19.254,0.35,W1
QSO_53.8182133-15.928109,55418.480138500025,19.245,,W1
QSO_53.8182133-15.928109,55418.61223199999,18.782,0.232,W1
QSO_53.8182133-15.928109,55418.6123415,19.172,0.359,W1
QSO_53.8182133-15.928109,55591.98617350004,19.129,0.316,W1
QSO_53.8182133-15.928109,55592.38256350003,18.880000000000003,0.245,W1
QSO_53.8182133-15.928109,55592.84523749999,18.837000000000003,0.245,W1
QSO_53.8182133-15.928109,55592.97733099996,18.812,0.262,W1
QSO_53.8182133-15.928109,56690.199387499975,18.950000000000003,0.283,W1
QSO_53.8182133-15.928109,56879.99884000003,19.038,0.307,W1
QSO_53.8182133-15.928109,56880.7220145,19.399,0.454,W1
QSO_53.8182133-15.928109,57608.88539898506,18.54,0.228,W1
QSO_53.8182133-15.928109,57609.082416791294,18.449,0.179,W1
QSO_53.8182133-15.928109,57609.14800399339,19.041,0.331,W1
QSO_53.8182133-15.928109,57609.47634260376,18.79,0.252,W1
QSO_53.8182133-15.928109,57775.30796999998,19.121,0.293,W1
QSO_53.8182133-15.928109,57775.43878600001,18.824,0.255,W1
QSO_53.8182133-15.928109,57775.569748,18.619,0.285,W1
QSO_53.8182133-15.928109,57775.70067350004,19.020000000000003,0.304,W1
QSO_53.8182133-15.928109,57775.83148949999,18.729,0.226,W1
QSO_53.8182133-15.928109,57775.897043500045,19.122,0.295,W1
QSO_53.8182133-15.928109,57775.96245149997,18.493,0.189,W1
QSO_53.8182133-15.928109,57776.02782299997,18.655,0.217,W1
QSO_53.8182133-15.928109,57776.28971049999,18.63,0.193,W1
QSO_53.8182133-15.928109,57776.42052650002,18.303,0.167,W1
QSO_53.8182133-15.928109,57973.02646249996,18.686,0.228,W1
QSO_53.8182133-15.928109,57973.28809450003,18.455,0.194,W1
QSO_53.8182133-15.928109,57973.74605999999,18.66,0.211,W1
QSO_53.8182133-15.928109,57974.00780149998,18.986,0.285,W1
QSO_53.8182133-15.928109,57974.138617500015,18.418,0.165,W1
QSO_53.8182133-15.928109,57980.15819750001,19.474,0.401,W1
QSO_53.8182133-15.928109,58134.23926100002,18.68,0.238,W1
QSO_53.8182133-15.928109,58134.50089300001,19.035,0.312,W1
QSO_53.8182133-15.928109,58134.56630100003,18.726,0.254,W1
QSO_53.8182133-15.928109,58134.631708999965,18.596,0.224,W1
QSO_53.8182133-15.928109,58134.69711699998,18.423,0.201,W1
QSO_53.8182133-15.928109,58134.762525,19.200000000000003,0.325,W1
QSO_53.8182133-15.928109,58339.96147349996,18.922,,W1
QSO_53.8182133-15.928109,58340.55003600004,19.385,0.392,W1
QSO_53.8182133-15.928109,58340.68070600004,18.631,0.428,W1
QSO_53.8182133-15.928109,58496.397115500025,19.167,0.333,W1
QSO_53.8182133-15.928109,58496.52789500003,19.023000000000003,0.412,W1
QSO_53.8182133-15.928109,58496.78941750001,19.265,0.47,W1
QSO_53.8182133-15.928109,58496.98564149998,18.835,0.232,W1
QSO_53.8182133-15.928109,58497.05090349997,18.786,0.232,W1
QSO_53.8182133-15.928109,58499.27360749997,18.838,0.386,W1
QSO_53.8182133-15.928109,58499.4044235,18.788,0.247,W1
QSO_53.8182133-15.928109,58499.46968549999,18.82,0.392,W1
QSO_53.8182133-15.928109,58499.46983150002,18.575,0.303,W1
QSO_53.8182133-15.928109,58500.254326,18.347,0.177,W1
QSO_53.8182133-15.928109,58704.46284700003,19.648000000000003,0.488,W1
QSO_53.8182133-15.928109,58704.59351700004,17.886,,W1
QSO_53.8182133-15.928109,58704.724332999984,18.916,0.28,W1
QSO_53.8182133-15.928109,58704.85500299999,18.751,0.217,W1
QSO_53.8182133-15.928109,58863.17316699998,19.25,0.414,W1
QSO_53.8182133-15.928109,58863.304231600014,19.337000000000003,0.467,W1
QSO_53.8182133-15.928109,58863.56643399997,18.661,0.191,W1
QSO_53.8182133-15.928109,58863.76308580001,18.447,0.185,W1
QSO_53.8182133-15.928109,58864.02514180002,18.693,0.23,W1
QSO_53.8182133-15.928109,58864.156316199966,18.795,0.216,W1
QSO_53.8182133-15.928109,59068.26774520004,18.794,0.243,W1
QSO_53.8182133-15.928109,59068.52980120004,18.901000000000003,0.252,W1
QSO_53.8182133-15.928109,59068.726453,18.576,0.203,W1
QSO_53.8182133-15.928109,59068.79189379999,18.48,0.181,W1
QSO_53.8182133-15.928109,59068.85748100001,18.312,0.163,W1
QSO_53.8182133-15.928109,59068.92295840001,18.975,0.346,W1
QSO_53.8182133-15.928109,59068.988545600034,18.974,0.376,W1
QSO_53.8182133-15.928109,59069.11957360004,18.62,0.305,W1
QSO_53.8182133-15.928109,59228.003088499965,19.14,0.498,W1
QSO_53.8182133-15.928109,59228.32972699998,18.611,0.194,W1
QSO_53.8182133-15.928109,59228.46043350001,18.808,0.264,W1
QSO_53.8182133-15.928109,59228.59110350002,18.756,0.237,W1
QSO_53.8182133-15.928109,59435.83365049998,18.772,0.281,W1
QSO_53.8182133-15.928109,59436.1601795,18.881,0.258,W1
QSO_53.8182133-15.928109,59436.2908495,18.844,0.238,W1
QSO_53.8182133-15.928109,59436.682677000026,18.618,0.212,W1
QSO_53.8182133-15.928109,59595.05741800001,18.979,0.256,W1
QSO_53.8182133-15.928109,59595.38383750002,18.748,0.235,W1
QSO_53.8182133-15.928109,59595.77548249999,18.944000000000003,0.276,W1
QSO_53.8182133-15.928109,59799.92279300002,19.389000000000003,0.422,W1
QSO_53.8182133-15.928109,59800.05309799998,18.476,0.194,W1
QSO_53.8182133-15.928109,59800.11825049996,18.731,0.243,W1
QSO_53.8182133-15.928109,59800.18354899997,19.093,0.297,W1
QSO_53.8182133-15.928109,59800.44415899998,18.843,0.283,W1
QSO_53.8182133-15.928109,59958.801891,18.507,0.229,W1
QSO_53.8182133-15.928109,59958.80203700004,18.977,0.263,W1
QSO_53.8182133-15.928109,59959.06224549997,18.566000000000003,0.215,W1
QSO_53.8182133-15.928109,59959.38749699997,19.166,0.366,W1
QSO_53.8182133-15.928109,59959.517692500005,18.454,0.292,W1
QSO_53.8182133-15.928109,59959.90795050003,18.796,0.242,W1
QSO_53.8182133-15.928109,60163.26806550003,18.318,0.164,W1
QSO_53.8182133-15.928109,60163.39760399996,18.369,0.18,W1
QSO_53.8182133-15.928109,60163.65668099999,18.522,0.27,W1
QSO_53.8182133-15.928109,60166.248034999975,18.627,0.243,W1
QSO_53.8182133-15.928109,60166.3775735,19.26,0.377,W1
QSO_53.8182133-15.928109,60166.76567799997,18.503,0.191,W1
QSO_53.8182133-15.928109,60166.765824,18.636,0.203,W1
QSO_53.8182133-15.928109,60167.34913049997,18.645,0.235,W1
QSO_53.8182133-15.928109,60167.47866899999,18.695,0.265,W1
QSO_53.8182133-15.928109,60322.70539720002,19.31,0.364,W1
QSO_53.8182133-15.928109,60322.96404939998,18.595,0.332,W1
QSO_53.8182133-15.928109,60323.15799279997,18.782,0.224,W1
QSO_53.8182133-15.928109,60323.2225552,18.495,0.267,W1
QSO_53.8182133-15.928109,60323.28726399999,18.152,0.298,W1
QSO_53.8182133-15.928109,60323.67504100003,18.851,,W1
QSO_53.8182133-15.928109,55227.642626000015,18.499,0.344,W2
QSO_53.8182133-15.928109,55228.03927149996,18.35,,W2
QSO_53.8182133-15.928109,55228.10540949998,18.384,0.29,W2
QSO_53.8182133-15.928109,55228.17147450002,18.818,,W2
QSO_53.8182133-15.928109,55228.23764899998,18.869,,W2
QSO_53.8182133-15.928109,55228.30382350003,18.292,,W2
QSO_53.8182133-15.928109,55228.36985200004,18.504,,W2
QSO_53.8182133-15.928109,55228.4360265,18.756,0.457,W2
QSO_53.8182133-15.928109,55228.50205500001,18.596,,W2
QSO_53.8182133-15.928109,55228.50220099996,18.886,0.454,W2
QSO_53.8182133-15.928109,55228.63440400002,18.938,,W2
QSO_53.8182133-15.928109,55417.48857950003,19.095,,W2
QSO_53.8182133-15.928109,55417.62081900003,18.517,0.353,W2
QSO_53.8182133-15.928109,55417.75287599997,18.727,0.376,W2
QSO_53.8182133-15.928109,55417.753022,18.919,0.517,W2
QSO_53.8182133-15.928109,55417.88511549997,18.862,,W2
QSO_53.8182133-15.928109,55417.95129000002,18.765,0.446,W2
QSO_53.8182133-15.928109,55418.01731850003,18.314,,W2
QSO_53.8182133-15.928109,55418.08349299999,18.293,,W2
QSO_53.8182133-15.928109,55418.281761000006,18.599,,W2
QSO_53.8182133-15.928109,55418.347935499965,18.768,,W2
QSO_53.8182133-15.928109,55418.480138500025,18.564,0.321,W2
QSO_53.8182133-15.928109,55418.61223199999,18.753,,W2
QSO_53.8182133-15.928109,55418.6123415,18.513,,W2
QSO_53.8182133-15.928109,55591.98617350004,18.631,0.456,W2
QSO_53.8182133-15.928109,55592.38256350003,18.746,,W2
QSO_53.8182133-15.928109,55592.84523749999,18.424,,W2
QSO_53.8182133-15.928109,55592.97733099996,18.179,,W2
QSO_53.8182133-15.928109,56690.199387499975,18.668,,W2
QSO_53.8182133-15.928109,56879.99884000003,18.831,0.489,W2
QSO_53.8182133-15.928109,56880.7220145,18.386,0.42,W2
QSO_53.8182133-15.928109,57608.88539898506,18.733,,W2
QSO_53.8182133-15.928109,57609.082416791294,18.271,0.337,W2
QSO_53.8182133-15.928109,57609.14800399339,18.286,,W2
QSO_53.8182133-15.928109,57609.47634260376,18.497,,W2
QSO_53.8182133-15.928109,57775.30796999998,18.465,,W2
QSO_53.8182133-15.928109,57775.43878600001,18.662,,W2
QSO_53.8182133-15.928109,57775.569748,18.489,0.509,W2
QSO_53.8182133-15.928109,57775.70067350004,18.2,0.389,W2
QSO_53.8182133-15.928109,57775.83148949999,18.146,,W2
QSO_53.8182133-15.928109,57775.897043500045,17.933,,W2
QSO_53.8182133-15.928109,57775.96245149997,19.025,,W2
QSO_53.8182133-15.928109,57776.02782299997,18.111,,W2
QSO_53.8182133-15.928109,57776.28971049999,18.859,0.527,W2
QSO_53.8182133-15.928109,57776.42052650002,18.76,0.486,W2
QSO_53.8182133-15.928109,57973.02646249996,18.477,0.463,W2
QSO_53.8182133-15.928109,57973.28809450003,18.128,,W2
QSO_53.8182133-15.928109,57973.74605999999,18.238,,W2
QSO_53.8182133-15.928109,57974.00780149998,18.176,,W2
QSO_53.8182133-15.928109,57974.138617500015,18.322,,W2
QSO_53.8182133-15.928109,57980.15819750001,18.167,0.388,W2
QSO_53.8182133-15.928109,58134.23926100002,18.303,,W2
QSO_53.8182133-15.928109,58134.50089300001,18.158,,W2
QSO_53.8182133-15.928109,58134.56630100003,18.572,0.414,W2
QSO_53.8182133-15.928109,58134.631708999965,18.164,,W2
QSO_53.8182133-15.928109,58134.69711699998,17.953,,W2
QSO_53.8182133-15.928109,58134.762525,18.846,0.447,W2
QSO_53.8182133-15.928109,58339.96147349996,18.213,0.391,W2
QSO_53.8182133-15.928109,58340.55003600004,18.478,0.419,W2
QSO_53.8182133-15.928109,58340.68070600004,17.752,0.247,W2
QSO_53.8182133-15.928109,58496.397115500025,18.152,,W2
QSO_53.8182133-15.928109,58496.52789500003,18.36,,W2
QSO_53.8182133-15.928109,58496.78941750001,18.576,0.49,W2
QSO_53.8182133-15.928109,58496.98564149998,18.552,0.526,W2
QSO_53.8182133-15.928109,58497.05090349997,18.338,,W2
QSO_53.8182133-15.928109,58499.27360749997,18.098,,W2
QSO_53.8182133-15.928109,58499.4044235,17.877,,W2
QSO_53.8182133-15.928109,58499.46968549999,17.676,,W2
QSO_53.8182133-15.928109,58499.46983150002,18.502,,W2
QSO_53.8182133-15.928109,58500.254326,18.276,,W2
QSO_53.8182133-15.928109,58704.46284700003,16.769,,W2
QSO_53.8182133-15.928109,58704.59351700004,18.57,0.464,W2
QSO_53.8182133-15.928109,58704.724332999984,18.377,,W2
QSO_53.8182133-15.928109,58704.85500299999,18.351,0.339,W2
QSO_53.8182133-15.928109,58863.17316699998,18.043,,W2
QSO_53.8182133-15.928109,58863.304231600014,18.398,0.443,W2
QSO_53.8182133-15.928109,58863.56643399997,18.623,,W2
QSO_53.8182133-15.928109,58863.76308580001,18.205,,W2
QSO_53.8182133-15.928109,58864.02514180002,18.628,,W2
QSO_53.8182133-15.928109,58864.156316199966,18.58,0.475,W2
QSO_53.8182133-15.928109,59068.26774520004,18.34,0.417,W2
QSO_53.8182133-15.928109,59068.52980120004,18.251,0.538,W2
QSO_53.8182133-15.928109,59068.726453,18.312,,W2
QSO_53.8182133-15.928109,59068.79189379999,18.008,,W2
QSO_53.8182133-15.928109,59068.85748100001,18.361,,W2
QSO_53.8182133-15.928109,59068.92295840001,18.109,0.32,W2
QSO_53.8182133-15.928109,59068.988545600034,17.858999999999998,,W2
QSO_53.8182133-15.928109,59069.11957360004,17.803,,W2
QSO_53.8182133-15.928109,59228.003088499965,18.821,0.494,W2
QSO_53.8182133-15.928109,59228.32972699998,18.574,,W2
QSO_53.8182133-15.928109,59228.46043350001,18.062,,W2
QSO_53.8182133-15.928109,59228.59110350002,18.582,,W2
QSO_53.8182133-15.928109,59435.83365049998,18.668,,W2
QSO_53.8182133-15.928109,59436.1601795,18.634,,W2
QSO_53.8182133-15.928109,59436.2908495,17.903,,W2
QSO_53.8182133-15.928109,59436.682677000026,18.272,,W2
QSO_53.8182133-15.928109,59595.05741800001,18.574,0.426,W2
QSO_53.8182133-15.928109,59595.38383750002,18.667,0.539,W2
QSO_53.8182133-15.928109,59595.77548249999,18.436,0.407,W2
QSO_53.8182133-15.928109,59799.92279300002,18.282,0.377,W2
QSO_53.8182133-15.928109,59800.05309799998,18.311,,W2
QSO_53.8182133-15.928109,59800.11825049996,18.431,,W2
QSO_53.8182133-15.928109,59800.18354899997,18.57,,W2
QSO_53.8182133-15.928109,59800.44415899998,18.018,,W2
QSO_53.8182133-15.928109,59958.801891,18.334,,W2
QSO_53.8182133-15.928109,59958.80203700004,19.048,,W2
QSO_53.8182133-15.928109,59959.06224549997,18.51,0.468,W2
QSO_53.8182133-15.928109,59959.38749699997,18.147,,W2
QSO_53.8182133-15.928109,59959.517692500005,18.462,,W2
QSO_53.8182133-15.928109,59959.90795050003,18.606,,W2
QSO_53.8182133-15.928109,60163.26806550003,18.234,0.47,W2
QSO_53.8182133-15.928109,60163.39760399996,18.226,0.475,W2
QSO_53.8182133-15.928109,60163.65668099999,18.103,,W2
QSO_53.8182133-15.928109,60166.248034999975,18.626,,W2
QSO_53.8182133-15.928109,60166.3775735,18.723,0.516,W2
QSO_53.8182133-15.928109,60166.76567799997,18.48,0.463,W2
QSO_53.8182133-15.928109,60166.765824,18.509,0.54,W2
QSO_53.8182133-15.928109,60167.34913049997,18.387,,W2
QSO_53.8182133-15.928109,60167.47866899999,18.392,,W2
QSO_53.8182133-15.928109,60322.70539720002,18.648,,W2
QSO_53.8182133-15.928109,60322.96404939998,18.262,,W2
QSO_53.8182133-15.928109,60323.15799279997,18.176,,W2
QSO_53.8182133-15.928109,60323.2225552,18.046,,W2
QSO_53.8182133-15.928109,60323.28726399999,18.545,0.52,W2
QSO_53.8182133-15.928109,60323.67504100003,18.129,0.387,W2
QSO_54.0564515-15.7248075,55228.03927149996,18.92,,W1
QSO_54.0564515-15.7248075,55228.171584000025,19.381,,W1
QSO_54.0564515-15.7248075,55228.30382350003,19.201,0.378,W1
QSO_54.0564515-15.7248075,55228.36985200004,18.471,0.165,W1
QSO_54.0564515-15.7248075,55228.4360265,19.393,,W1
QSO_54.0564515-15.7248075,55228.50220099996,18.917,0.242,W1
QSO_54.0564515-15.7248075,55228.56822949997,19.122,0.296,W1
QSO_54.0564515-15.7248075,55228.63440400002,19.377,,W1
QSO_54.0564515-15.7248075,55228.70057849998,19.163,0.334,W1
QSO_54.0564515-15.7248075,55229.0311955,19.065,0.299,W1
QSO_54.0564515-15.7248075,55417.88511549997,19.48,0.434,W1
QSO_54.0564515-15.7248075,55418.01731850003,19.380000000000003,0.362,W1
QSO_54.0564515-15.7248075,55418.281761000006,19.174,0.334,W1
QSO_54.0564515-15.7248075,55418.34778950002,19.368,,W1
QSO_54.0564515-15.7248075,55418.347935499965,18.009,0.222,W1
QSO_54.0564515-15.7248075,55418.41396399998,19.442,,W1
QSO_54.0564515-15.7248075,55418.47999249999,18.973,0.27,W1
QSO_54.0564515-15.7248075,55418.54616700004,19.165,0.331,W1
QSO_54.0564515-15.7248075,55418.61223199999,18.654,0.227,W1
QSO_54.0564515-15.7248075,55418.74443499997,18.85,,W1
QSO_54.0564515-15.7248075,55418.87663800002,18.996,0.247,W1
QSO_54.0564515-15.7248075,55419.008841,19.297,0.33,W1
QSO_54.0564515-15.7248075,55592.38267300004,18.82,0.222,W1
QSO_54.0564515-15.7248075,55592.77906300003,19.009,0.29,W1
QSO_54.0564515-15.7248075,55592.77920899998,19.107,,W1
QSO_54.0564515-15.7248075,55592.84523749999,18.784,0.218,W1
QSO_54.0564515-15.7248075,55592.911266,19.182,0.311,W1
QSO_54.0564515-15.7248075,55592.97733099996,19.49,0.494,W1
QSO_54.0564515-15.7248075,55593.10953400002,18.977,,W1
QSO_54.0564515-15.7248075,56690.72608250001,18.274,,W1
QSO_54.0564515-15.7248075,56695.13648699996,19.011000000000003,0.31,W1
QSO_54.0564515-15.7248075,56880.7220145,19.006,0.323,W1
QSO_54.0564515-15.7248075,56880.984887499966,18.971,0.323,W1
QSO_54.0564515-15.7248075,57053.06906595346,18.84,0.237,W1
QSO_54.0564515-15.7248075,57245.10369996877,18.617,0.2,W1
QSO_54.0564515-15.7248075,57245.300288975006,18.847,0.265,W1
QSO_54.0564515-15.7248075,57413.09815799371,19.292,0.333,W1
QSO_54.0564515-15.7248075,57609.47619620381,18.969,0.257,W1
QSO_54.0564515-15.7248075,57609.73880121205,19.001,0.275,W1
QSO_54.0564515-15.7248075,57775.70067350004,19.061,0.279,W1
QSO_54.0564515-15.7248075,57776.28971049999,18.576,0.252,W1
QSO_54.0564515-15.7248075,57776.42052650002,18.577,0.197,W1
QSO_54.0564515-15.7248075,57776.55148850001,18.789,0.228,W1
QSO_54.0564515-15.7248075,57776.682413999966,18.915,0.264,W1
QSO_54.0564515-15.7248075,57973.74605999999,18.712000000000003,0.219,W1
QSO_54.0564515-15.7248075,57974.00769199998,18.75,0.226,W1
QSO_54.0564515-15.7248075,57974.0732095,19.222,0.358,W1
QSO_54.0564515-15.7248075,57974.138617500015,18.535,0.181,W1
QSO_54.0564515-15.7248075,58135.22049050004,18.877,0.234,W1
QSO_54.0564515-15.7248075,58340.48462800002,19.103,0.292,W1
QSO_54.0564515-15.7248075,58340.81152199999,18.924,0.248,W1
QSO_54.0564515-15.7248075,58496.78941750001,18.731,0.227,W1
QSO_54.0564515-15.7248075,58497.50865,18.848,0.23,W1
QSO_54.0564515-15.7248075,58499.53523950004,18.401,0.178,W1
QSO_54.0564515-15.7248075,58499.79672549999,19.004,0.39,W1
QSO_54.0564515-15.7248075,58499.92743200002,18.398,0.161,W1
QSO_54.0564515-15.7248075,58500.12365599999,18.683,0.327,W1
QSO_54.0564515-15.7248075,58704.46284700003,18.469,0.204,W1
QSO_54.0564515-15.7248075,58704.52810900002,18.195,0.276,W1
QSO_54.0564515-15.7248075,58704.724332999984,19.018,0.262,W1
QSO_54.0564515-15.7248075,58864.2873808,19.49,0.422,W1
QSO_54.0564515-15.7248075,59068.79189379999,18.715,0.235,W1
QSO_54.0564515-15.7248075,59069.05398640002,18.658,0.289,W1
QSO_54.0564515-15.7248075,59228.91788799998,18.969,0.466,W1
QSO_54.0564515-15.7248075,59229.37523300003,18.774,0.235,W1
QSO_54.0564515-15.7248075,59799.85753100003,18.079,0.185,W1
QSO_54.0564515-15.7248075,59800.50931149996,18.685,0.262,W1
QSO_54.0564515-15.7248075,59800.965634500026,18.812,0.229,W1
QSO_54.0564515-15.7248075,59959.06224549997,19.013,0.264,W1
QSO_54.0564515-15.7248075,59960.16830500001,18.924,0.262,W1
QSO_54.0564515-15.7248075,60166.89572749998,18.623,0.203,W1
QSO_54.0564515-15.7248075,60167.154804500016,18.541,0.303,W1
QSO_54.0564515-15.7248075,60167.47866899999,18.881,0.355,W1
QSO_54.0564515-15.7248075,60324.0624154,18.988,0.308,W1
QSO_54.0564515-15.7248075,55228.03927149996,18.206,,W2
QSO_54.0564515-15.7248075,55228.171584000025,18.876,0.491,W2
QSO_54.0564515-15.7248075,55228.30382350003,19.114,,W2
QSO_54.0564515-15.7248075,55228.36985200004,18.809,,W2
QSO_54.0564515-15.7248075,55228.4360265,18.313,,W2
QSO_54.0564515-15.7248075,55228.50220099996,18.998,,W2
QSO_54.0564515-15.7248075,55228.56822949997,18.484,,W2
QSO_54.0564515-15.7248075,55228.63440400002,18.913,,W2
QSO_54.0564515-15.7248075,55228.70057849998,18.158,,W2
QSO_54.0564515-15.7248075,55229.0311955,19.149,,W2
QSO_54.0564515-15.7248075,55417.88511549997,18.657,,W2
QSO_54.0564515-15.7248075,55418.01731850003,18.905,0.484,W2
QSO_54.0564515-15.7248075,55418.281761000006,,,W2
QSO_54.0564515-15.7248075,55418.34778950002,19.191,,W2
QSO_54.0564515-15.7248075,55418.347935499965,18.968,0.474,W2
QSO_54.0564515-15.7248075,55418.41396399998,18.398,,W2
QSO_54.0564515-15.7248075,55418.47999249999,18.94,,W2
QSO_54.0564515-15.7248075,55418.54616700004,18.968,,W2
QSO_54.0564515-15.7248075,55418.61223199999,18.945,0.516,W2
QSO_54.0564515-15.7248075,55418.74443499997,18.54,,W2
QSO_54.0564515-15.7248075,55418.87663800002,18.62,,W2
QSO_54.0564515-15.7248075,55419.008841,18.641,,W2
QSO_54.0564515-15.7248075,55592.38267300004,19.064,,W2
QSO_54.0564515-15.7248075,55592.77906300003,18.399,,W2
QSO_54.0564515-15.7248075,55592.77920899998,18.541,,W2
QSO_54.0564515-15.7248075,55592.84523749999,18.801,0.47,W2
QSO_54.0564515-15.7248075,55592.911266,18.627,,W2
QSO_54.0564515-15.7248075,55592.97733099996,18.625,,W2
QSO_54.0564515-15.7248075,55593.10953400002,18.285,,W2
QSO_54.0564515-15.7248075,56690.72608250001,18.398,0.403,W2
QSO_54.0564515-15.7248075,56695.13648699996,18.142,,W2
QSO_54.0564515-15.7248075,56880.7220145,18.488,,W2
QSO_54.0564515-15.7248075,56880.984887499966,18.555,,W2
QSO_54.0564515-15.7248075,57053.06906595346,18.524,,W2
QSO_54.0564515-15.7248075,57245.10369996877,18.212,0.367,W2
QSO_54.0564515-15.7248075,57245.300288975006,18.71,,W2
QSO_54.0564515-15.7248075,57413.09815799371,18.405,,W2
QSO_54.0564515-15.7248075,57609.47619620381,18.883,0.513,W2
QSO_54.0564515-15.7248075,57609.73880121205,18.804,0.531,W2
QSO_54.0564515-15.7248075,57775.70067350004,17.777,,W2
QSO_54.0564515-15.7248075,57776.28971049999,18.374,0.503,W2
QSO_54.0564515-15.7248075,57776.42052650002,18.721,0.522,W2
QSO_54.0564515-15.7248075,57776.55148850001,18.065,,W2
QSO_54.0564515-15.7248075,57776.682413999966,18.163,,W2
QSO_54.0564515-15.7248075,57973.74605999999,18.346,,W2
QSO_54.0564515-15.7248075,57974.00769199998,18.019,,W2
QSO_54.0564515-15.7248075,57974.0732095,18.506,,W2
QSO_54.0564515-15.7248075,57974.138617500015,17.844,0.312,W2
QSO_54.0564515-15.7248075,58135.22049050004,18.698,,W2
QSO_54.0564515-15.7248075,58340.48462800002,17.841,,W2
QSO_54.0564515-15.7248075,58340.81152199999,18.641,,W2
QSO_54.0564515-15.7248075,58496.78941750001,18.586,,W2
QSO_54.0564515-15.7248075,58497.50865,18.289,,W2
QSO_54.0564515-15.7248075,58499.53523950004,18.227,,W2
QSO_54.0564515-15.7248075,58499.79672549999,18.136,,W2
QSO_54.0564515-15.7248075,58499.92743200002,18.005,,W2
QSO_54.0564515-15.7248075,58500.12365599999,17.891,0.441,W2
QSO_54.0564515-15.7248075,58704.46284700003,18.211,,W2
QSO_54.0564515-15.7248075,58704.52810900002,18.18,0.368,W2
QSO_54.0564515-15.7248075,58704.724332999984,18.7,,W2
QSO_54.0564515-15.7248075,58864.2873808,18.212,,W2
QSO_54.0564515-15.7248075,59068.79189379999,18.585,,W2
QSO_54.0564515-15.7248075,59069.05398640002,18.044,,W2
QSO_54.0564515-15.7248075,59228.91788799998,18.689,,W2
QSO_54.0564515-15.7248075,59229.37523300003,18.712,0.467,W2
QSO_54.0564515-15.7248075,59799.85753100003,18.537,,W2
QSO_54.0564515-15.7248075,59800.50931149996,18.308,,W2
QSO_54.0564515-15.7248075,59800.965634500026,18.389,,W2
QSO_54.0564515-15.7248075,59959.06224549997,18.706,,W2
QSO_54.0564515-15.7248075,59960.16830500001,18.898,,W2
QSO_54.0564515-15.7248075,60166.89572749998,17.348,,W2
QSO_54.0564515-15.7248075,60167.154804500016,18.391,,W2
QSO_54.0564515-15.7248075,60167.47866899999,18.227,,W2
QSO_54.0564515-15.7248075,60324.0624154,18.581,,W2
QSO_54.1110114-15.7002098,55228.03927149996,19.393,0.443,W1
QSO_54.1110114-15.7002098,55228.171584000025,19.242,,W1
QSO_54.1110114-15.7002098,55228.30382350003,18.415,0.226,W1
QSO_54.1110114-15.7002098,55228.4360265,19.231,0.311,W1
QSO_54.1110114-15.7002098,55228.50220099996,18.879,0.26,W1
QSO_54.1110114-15.7002098,55228.56822949997,19.096,,W1
QSO_54.1110114-15.7002098,55228.63440400002,19.496,0.427,W1
QSO_54.1110114-15.7002098,55228.70057849998,19.288,,W1
QSO_54.1110114-15.7002098,55229.0311955,19.339,,W1
QSO_54.1110114-15.7002098,55229.16339849997,18.56,0.192,W1
QSO_54.1110114-15.7002098,55417.88511549997,18.638,0.213,W1
QSO_54.1110114-15.7002098,55418.01731850003,18.703000000000003,0.209,W1
QSO_54.1110114-15.7002098,55418.281761000006,19.284,,W1
QSO_54.1110114-15.7002098,55418.34778950002,19.534,0.474,W1
QSO_54.1110114-15.7002098,55418.347935499965,18.596,0.193,W1
QSO_54.1110114-15.7002098,55418.41396399998,19.061,0.31,W1
QSO_54.1110114-15.7002098,55418.47999249999,18.758000000000003,0.237,W1
QSO_54.1110114-15.7002098,55418.54616700004,19.206000000000003,0.343,W1
QSO_54.1110114-15.7002098,55418.61223199999,19.555,0.404,W1
QSO_54.1110114-15.7002098,55418.67837000001,18.963,0.24,W1
QSO_54.1110114-15.7002098,55418.74443499997,19.148000000000003,0.379,W1
QSO_54.1110114-15.7002098,55418.87663800002,19.292,0.382,W1
QSO_54.1110114-15.7002098,55419.008841,19.185,0.37,W1
QSO_54.1110114-15.7002098,55592.38267300004,19.176,,W1
QSO_54.1110114-15.7002098,55592.77906300003,18.829,0.3,W1
QSO_54.1110114-15.7002098,55592.77920899998,18.869,0.295,W1
QSO_54.1110114-15.7002098,55592.84523749999,19.598,0.478,W1
QSO_54.1110114-15.7002098,55592.911266,18.757,0.223,W1
QSO_54.1110114-15.7002098,55592.97733099996,19.347,0.366,W1
QSO_54.1110114-15.7002098,55593.10953400002,19.451,,W1
QSO_54.1110114-15.7002098,56690.33097000004,18.668,0.225,W1
QSO_54.1110114-15.7002098,56690.52858100003,18.928,0.304,W1
QSO_54.1110114-15.7002098,56690.59439050003,19.205,0.373,W1
QSO_54.1110114-15.7002098,56690.72608250001,18.835,0.394,W1
QSO_54.1110114-15.7002098,56880.52476849996,18.774,0.432,W1
QSO_54.1110114-15.7002098,56880.7220145,18.808,0.266,W1
QSO_54.1110114-15.7002098,57053.06906595346,18.474,0.173,W1
QSO_54.1110114-15.7002098,57053.397237463854,19.182,0.331,W1
QSO_54.1110114-15.7002098,57245.10369996877,19.01,0.307,W1
QSO_54.1110114-15.7002098,57245.16921747087,18.686,0.203,W1
QSO_54.1110114-15.7002098,57245.300288975006,18.733,0.29,W1
QSO_54.1110114-15.7002098,57245.431469979165,18.676,0.298,W1
QSO_54.1110114-15.7002098,57413.22947879784,18.509,0.191,W1
QSO_54.1110114-15.7002098,57413.55792720823,19.016,0.308,W1
QSO_54.1110114-15.7002098,57413.68932121234,19.037,0.276,W1
QSO_54.1110114-15.7002098,57609.47619620381,18.816000000000003,0.262,W1
QSO_54.1110114-15.7002098,57609.80449821415,19.164,0.303,W1
QSO_54.1110114-15.7002098,57609.870085416245,18.657,0.229,W1
QSO_54.1110114-15.7002098,57610.13269042457,18.951,0.316,W1
QSO_54.1110114-15.7002098,57775.70067350004,18.879,0.219,W1
QSO_54.1110114-15.7002098,57775.83148949999,18.649,0.274,W1
QSO_54.1110114-15.7002098,57776.42052650002,18.962000000000003,0.309,W1
QSO_54.1110114-15.7002098,57776.420672499975,18.55,0.188,W1
QSO_54.1110114-15.7002098,57776.55148850001,19.363,0.388,W1
QSO_54.1110114-15.7002098,57776.682413999966,19.557,0.472,W1
QSO_54.1110114-15.7002098,57776.81323,19.012,0.348,W1
QSO_54.1110114-15.7002098,57973.68065199997,18.811,0.396,W1
QSO_54.1110114-15.7002098,57973.74605999999,18.823,0.242,W1
QSO_54.1110114-15.7002098,57974.00769199998,18.636,0.26,W1
QSO_54.1110114-15.7002098,57974.138617500015,18.965,0.26,W1
QSO_54.1110114-15.7002098,58134.762525,18.68,0.256,W1
QSO_54.1110114-15.7002098,58135.15508250002,19.031,0.264,W1
QSO_54.1110114-15.7002098,58340.35381199998,19.088,,W1
QSO_54.1110114-15.7002098,58340.68070600004,18.6,0.212,W1
QSO_54.1110114-15.7002098,58496.98564149998,18.91,0.246,W1
QSO_54.1110114-15.7002098,58497.50865,18.989,0.289,W1
QSO_54.1110114-15.7002098,58497.77024549996,18.894,0.251,W1
QSO_54.1110114-15.7002098,58500.51595799998,18.911,,W1
QSO_54.1110114-15.7002098,58704.26662299998,18.559,0.232,W1
QSO_54.1110114-15.7002098,58704.397439000015,19.024,0.278,W1
QSO_54.1110114-15.7002098,58704.46284700003,18.594,0.216,W1
QSO_54.1110114-15.7002098,58704.85500299999,18.986,0.516,W1
QSO_54.1110114-15.7002098,58705.11652549997,18.857,0.266,W1
QSO_54.1110114-15.7002098,58864.02514180002,19.094,0.476,W1
QSO_54.1110114-15.7002098,58864.2873808,19.078000000000003,0.313,W1
QSO_54.1110114-15.7002098,59068.79189379999,18.831000000000003,0.249,W1
QSO_54.1110114-15.7002098,59069.05398640002,18.806,0.284,W1
QSO_54.1110114-15.7002098,59069.51269419999,19.0,0.457,W1
QSO_54.1110114-15.7002098,59228.91788799998,18.728,0.26,W1
QSO_54.1110114-15.7002098,59229.04855799999,18.594,0.209,W1
QSO_54.1110114-15.7002098,59436.682677000026,19.113,0.341,W1
QSO_54.1110114-15.7002098,59436.94390750003,18.628,0.289,W1
QSO_54.1110114-15.7002098,59596.29772449998,18.768,0.223,W1
QSO_54.1110114-15.7002098,59800.44415899998,19.276000000000003,0.353,W1
QSO_54.1110114-15.7002098,59800.50931149996,19.053,0.418,W1
QSO_54.1110114-15.7002098,59800.965634500026,19.029,0.383,W1
QSO_54.1110114-15.7002098,59959.19229499998,18.884,0.261,W1
QSO_54.1110114-15.7002098,59959.517692500005,18.811,0.274,W1
QSO_54.1110114-15.7002098,59959.58269900004,19.311,0.389,W1
QSO_54.1110114-15.7002098,59959.58284499999,18.73,0.204,W1
QSO_54.1110114-15.7002098,59960.298500499965,18.938,0.305,W1
QSO_54.1110114-15.7002098,60167.28434300003,18.663,0.33,W1
QSO_54.1110114-15.7002098,60167.34913049997,19.399,0.408,W1
QSO_54.1110114-15.7002098,60167.47866899999,18.844,0.254,W1
QSO_54.1110114-15.7002098,55228.03927149996,18.88,0.453,W2
QSO_54.1110114-15.7002098,55228.171584000025,18.64,,W2
QSO_54.1110114-15.7002098,55228.30382350003,18.976,0.493,W2
QSO_54.1110114-15.7002098,55228.4360265,18.802,,W2
QSO_54.1110114-15.7002098,55228.50220099996,18.767,0.43,W2
QSO_54.1110114-15.7002098,55228.56822949997,18.547,0.35,W2
QSO_54.1110114-15.7002098,55228.63440400002,19.086,,W2
QSO_54.1110114-15.7002098,55228.70057849998,18.168,0.275,W2
QSO_54.1110114-15.7002098,55229.0311955,18.918,0.511,W2
QSO_54.1110114-15.7002098,55229.16339849997,18.842,,W2
QSO_54.1110114-15.7002098,55417.88511549997,17.965,,W2
QSO_54.1110114-15.7002098,55418.01731850003,18.268,,W2
QSO_54.1110114-15.7002098,55418.281761000006,18.164,,W2
QSO_54.1110114-15.7002098,55418.34778950002,19.064,,W2
QSO_54.1110114-15.7002098,55418.347935499965,18.772,0.411,W2
QSO_54.1110114-15.7002098,55418.41396399998,18.885,,W2
QSO_54.1110114-15.7002098,55418.47999249999,18.276,,W2
QSO_54.1110114-15.7002098,55418.54616700004,18.954,,W2
QSO_54.1110114-15.7002098,55418.61223199999,18.674,0.397,W2
QSO_54.1110114-15.7002098,55418.67837000001,18.445,0.29,W2
QSO_54.1110114-15.7002098,55418.74443499997,18.882,0.468,W2
QSO_54.1110114-15.7002098,55418.87663800002,18.299,,W2
QSO_54.1110114-15.7002098,55419.008841,18.145,,W2
QSO_54.1110114-15.7002098,55592.38267300004,19.014,0.535,W2
QSO_54.1110114-15.7002098,55592.77906300003,18.352,,W2
QSO_54.1110114-15.7002098,55592.77920899998,18.837,0.468,W2
QSO_54.1110114-15.7002098,55592.84523749999,18.349,,W2
QSO_54.1110114-15.7002098,55592.911266,18.469,,W2
QSO_54.1110114-15.7002098,55592.97733099996,18.416,,W2
QSO_54.1110114-15.7002098,55593.10953400002,18.873,,W2
QSO_54.1110114-15.7002098,56690.33097000004,18.838,,W2
QSO_54.1110114-15.7002098,56690.52858100003,17.974999999999998,,W2
QSO_54.1110114-15.7002098,56690.59439050003,17.437,0.398,W2
QSO_54.1110114-15.7002098,56690.72608250001,18.21,,W2
QSO_54.1110114-15.7002098,56880.52476849996,18.841,,W2
QSO_54.1110114-15.7002098,56880.7220145,18.691,,W2
QSO_54.1110114-15.7002098,57053.06906595346,18.3,,W2
QSO_54.1110114-15.7002098,57053.397237463854,18.612,0.381,W2
QSO_54.1110114-15.7002098,57245.10369996877,18.07,,W2
QSO_54.1110114-15.7002098,57245.16921747087,18.473,0.386,W2
QSO_54.1110114-15.7002098,57245.300288975006,18.348,,W2
QSO_54.1110114-15.7002098,57245.431469979165,17.865,,W2
QSO_54.1110114-15.7002098,57413.22947879784,17.926,,W2
QSO_54.1110114-15.7002098,57413.55792720823,18.5,,W2
QSO_54.1110114-15.7002098,57413.68932121234,18.126,0.269,W2
QSO_54.1110114-15.7002098,57609.47619620381,18.396,0.396,W2
QSO_54.1110114-15.7002098,57609.80449821415,18.325,,W2
QSO_54.1110114-15.7002098,57609.870085416245,18.842,0.537,W2
QSO_54.1110114-15.7002098,57610.13269042457,18.341,,W2
QSO_54.1110114-15.7002098,57775.70067350004,17.884,,W2
QSO_54.1110114-15.7002098,57775.83148949999,17.811,,W2
QSO_54.1110114-15.7002098,57776.42052650002,17.877,,W2
QSO_54.1110114-15.7002098,57776.420672499975,18.635,,W2
QSO_54.1110114-15.7002098,57776.55148850001,18.356,,W2
QSO_54.1110114-15.7002098,57776.682413999966,18.525,,W2
QSO_54.1110114-15.7002098,57776.81323,18.377,,W2
QSO_54.1110114-15.7002098,57973.68065199997,18.732,,W2
QSO_54.1110114-15.7002098,57973.74605999999,18.759,0.491,W2
QSO_54.1110114-15.7002098,57974.00769199998,18.586,,W2
QSO_54.1110114-15.7002098,57974.138617500015,18.634,,W2
QSO_54.1110114-15.7002098,58134.762525,18.558,,W2
QSO_54.1110114-15.7002098,58135.15508250002,18.807,0.528,W2
QSO_54.1110114-15.7002098,58340.35381199998,18.133,,W2
QSO_54.1110114-15.7002098,58340.68070600004,18.418,,W2
QSO_54.1110114-15.7002098,58496.98564149998,18.546,,W2
QSO_54.1110114-15.7002098,58497.50865,17.732,,W2
QSO_54.1110114-15.7002098,58497.77024549996,18.669,,W2
QSO_54.1110114-15.7002098,58500.51595799998,18.405,,W2
QSO_54.1110114-15.7002098,58704.26662299998,18.109,0.353,W2
QSO_54.1110114-15.7002098,58704.397439000015,18.202,,W2
QSO_54.1110114-15.7002098,58704.46284700003,18.208,,W2
QSO_54.1110114-15.7002098,58704.85500299999,18.019,,W2
QSO_54.1110114-15.7002098,58705.11652549997,18.087,,W2
QSO_54.1110114-15.7002098,58864.02514180002,18.34,,W2
QSO_54.1110114-15.7002098,58864.2873808,17.711,0.319,W2
QSO_54.1110114-15.7002098,59068.79189379999,18.367,,W2
QSO_54.1110114-15.7002098,59069.05398640002,17.708,,W2
QSO_54.1110114-15.7002098,59069.51269419999,18.072,,W2
QSO_54.1110114-15.7002098,59228.91788799998,17.986,0.298,W2
QSO_54.1110114-15.7002098,59229.04855799999,18.379,,W2
QSO_54.1110114-15.7002098,59436.682677000026,18.268,,W2
QSO_54.1110114-15.7002098,59436.94390750003,18.274,,W2
QSO_54.1110114-15.7002098,59596.29772449998,18.02,,W2
QSO_54.1110114-15.7002098,59800.44415899998,17.924,0.411,W2
QSO_54.1110114-15.7002098,59800.50931149996,17.309,,W2
QSO_54.1110114-15.7002098,59800.965634500026,18.353,,W2
QSO_54.1110114-15.7002098,59959.19229499998,18.244,,W2
QSO_54.1110114-15.7002098,59959.517692500005,18.767,0.473,W2
QSO_54.1110114-15.7002098,59959.58269900004,18.271,,W2
QSO_54.1110114-15.7002098,59959.58284499999,18.99,0.524,W2
QSO_54.1110114-15.7002098,59960.298500499965,18.248,0.329,W2
QSO_54.1110114-15.7002098,60167.28434300003,18.425,0.437,W2
QSO_54.1110114-15.7002098,60167.34913049997,18.174,0.331,W2
QSO_54.1110114-15.7002098,60167.47866899999,18.508,,W2
QSO_53.8067132-15.9211209,55227.642626000015,18.551,0.186,W1
QSO_53.8067132-15.9211209,55227.642626000015,18.851,0.245,W1
QSO_53.8067132-15.9211209,55228.03927149996,19.205,0.35,W1
QSO_53.8067132-15.9211209,55228.03927149996,19.199,0.348,W1
QSO_53.8067132-15.9211209,55228.10540949998,19.084000000000003,0.318,W1
QSO_53.8067132-15.9211209,55228.10540949998,19.008000000000003,0.297,W1
QSO_53.8067132-15.9211209,55228.17147450002,19.613,,W1
QSO_53.8067132-15.9211209,55228.17147450002,19.308,0.34,W1
QSO_53.8067132-15.9211209,55228.23764899998,18.907,0.232,W1
QSO_53.8067132-15.9211209,55228.23764899998,18.919,0.235,W1
QSO_53.8067132-15.9211209,55228.30382350003,18.823,0.222,W1
QSO_53.8067132-15.9211209,55228.30382350003,18.823,0.222,W1
QSO_53.8067132-15.9211209,55228.36985200004,19.305,0.376,W1
QSO_53.8067132-15.9211209,55228.36985200004,19.31,0.379,W1
QSO_53.8067132-15.9211209,55228.4360265,19.122,0.372,W1
QSO_53.8067132-15.9211209,55228.4360265,19.142000000000003,0.384,W1
QSO_53.8067132-15.9211209,55228.50205500001,19.741,0.527,W1
QSO_53.8067132-15.9211209,55228.50205500001,19.746,0.508,W1
QSO_53.8067132-15.9211209,55228.50220099996,19.114,0.283,W1
QSO_53.8067132-15.9211209,55228.50220099996,19.611,0.447,W1
QSO_53.8067132-15.9211209,55228.63440400002,19.031,0.286,W1
QSO_53.8067132-15.9211209,55228.63440400002,19.039,0.288,W1
QSO_53.8067132-15.9211209,55417.48857950003,19.062,0.291,W1
QSO_53.8067132-15.9211209,55417.48857950003,19.274,0.353,W1
QSO_53.8067132-15.9211209,55417.62081900003,19.128,,W1
QSO_53.8067132-15.9211209,55417.62081900003,19.153,,W1
QSO_53.8067132-15.9211209,55417.75287599997,19.07,0.33,W1
QSO_53.8067132-15.9211209,55417.75287599997,19.071,0.332,W1
QSO_53.8067132-15.9211209,55417.753022,18.784,,W1
QSO_53.8067132-15.9211209,55417.753022,18.775,,W1
QSO_53.8067132-15.9211209,55417.88511549997,19.087000000000003,0.332,W1
QSO_53.8067132-15.9211209,55417.88511549997,18.902,0.281,W1
QSO_53.8067132-15.9211209,55417.95129000002,18.751,0.276,W1
QSO_53.8067132-15.9211209,55417.95129000002,19.263,0.414,W1
QSO_53.8067132-15.9211209,55418.01731850003,18.913,,W1
QSO_53.8067132-15.9211209,55418.01731850003,19.284,0.413,W1
QSO_53.8067132-15.9211209,55418.08349299999,19.244,,W1
QSO_53.8067132-15.9211209,55418.08349299999,19.242,,W1
QSO_53.8067132-15.9211209,55418.281761000006,19.419,,W1
QSO_53.8067132-15.9211209,55418.281761000006,19.346,,W1
QSO_53.8067132-15.9211209,55418.347935499965,19.31,0.392,W1
QSO_53.8067132-15.9211209,55418.347935499965,19.282,0.361,W1
QSO_53.8067132-15.9211209,55418.480138500025,19.136000000000003,0.301,W1
QSO_53.8067132-15.9211209,55418.480138500025,18.902,0.243,W1
QSO_53.8067132-15.9211209,55418.61223199999,19.292,0.391,W1
QSO_53.8067132-15.9211209,55418.61223199999,19.253,0.376,W1
QSO_53.8067132-15.9211209,55418.6123415,19.113,0.303,W1
QSO_53.8067132-15.9211209,55418.6123415,19.098,0.299,W1
QSO_53.8067132-15.9211209,55591.98617350004,19.502,0.47,W1
QSO_53.8067132-15.9211209,55591.98617350004,19.254,,W1
QSO_53.8067132-15.9211209,55592.38256350003,19.41,0.39,W1
QSO_53.8067132-15.9211209,55592.38256350003,19.405,0.388,W1
QSO_53.8067132-15.9211209,55592.84523749999,19.069000000000003,0.286,W1
QSO_53.8067132-15.9211209,55592.84523749999,18.997,0.268,W1
QSO_53.8067132-15.9211209,55592.97733099996,19.380000000000003,0.386,W1
QSO_53.8067132-15.9211209,55592.97733099996,18.929,0.255,W1
QSO_53.8067132-15.9211209,56879.99884000003,18.539,0.306,W1
QSO_53.8067132-15.9211209,56880.7220145,19.152,0.352,W1
QSO_53.8067132-15.9211209,57412.70386618119,18.869,0.285,W1
QSO_53.8067132-15.9211209,57413.032460991606,19.039,0.267,W1
QSO_53.8067132-15.9211209,57608.75411478095,18.899,0.287,W1
QSO_53.8067132-15.9211209,57609.14800399339,18.759,0.348,W1
QSO_53.8067132-15.9211209,57609.60762680795,18.757,0.215,W1
QSO_53.8067132-15.9211209,57775.30796999998,18.958,0.284,W1
QSO_53.8067132-15.9211209,57775.43878600001,18.712000000000003,0.39,W1
QSO_53.8067132-15.9211209,57775.569748,19.167,0.311,W1
QSO_53.8067132-15.9211209,57775.70067350004,18.563,0.179,W1
QSO_53.8067132-15.9211209,57775.83148949999,18.802,0.226,W1
QSO_53.8067132-15.9211209,57775.897043500045,19.226,0.371,W1
QSO_53.8067132-15.9211209,57776.28971049999,19.182,0.326,W1
QSO_53.8067132-15.9211209,57973.28809450003,18.597,0.238,W1
QSO_53.8067132-15.9211209,57973.61524400004,19.003,0.283,W1
QSO_53.8067132-15.9211209,57974.00780149998,19.011000000000003,0.392,W1
QSO_53.8067132-15.9211209,58134.50089300001,18.97,0.262,W1
QSO_53.8067132-15.9211209,58134.56630100003,18.543,0.188,W1
QSO_53.8067132-15.9211209,58134.631708999965,18.898000000000003,0.296,W1
QSO_53.8067132-15.9211209,58134.69711699998,18.729,0.242,W1
QSO_53.8067132-15.9211209,58135.22049050004,18.42,,W1
QSO_53.8067132-15.9211209,58340.41922,18.891,0.248,W1
QSO_53.8067132-15.9211209,58340.81152199999,18.739,0.225,W1
QSO_53.8067132-15.9211209,58496.98564149998,18.837000000000003,0.27,W1
QSO_53.8067132-15.9211209,58499.5350935,18.504,0.186,W1
QSO_53.8067132-15.9211209,58500.254326,19.053,0.335,W1
QSO_53.8067132-15.9211209,58704.724332999984,19.048,0.302,W1
QSO_53.8067132-15.9211209,58864.156316199966,18.585,0.188,W1
QSO_53.8067132-15.9211209,59068.59538839997,19.031,0.298,W1
QSO_53.8067132-15.9211209,59068.988545600034,18.745,0.306,W1
QSO_53.8067132-15.9211209,59069.11957360004,18.759,0.376,W1
QSO_53.8067132-15.9211209,59228.264465,19.181,0.289,W1
QSO_53.8067132-15.9211209,59436.1601795,18.54,0.219,W1
QSO_53.8067132-15.9211209,59436.682677000026,18.941000000000003,0.283,W1
QSO_53.8067132-15.9211209,59594.79618750001,18.495,0.185,W1
QSO_53.8067132-15.9211209,59595.05741800001,18.506,0.192,W1
QSO_53.8067132-15.9211209,59595.77548249999,19.097,0.326,W1
QSO_53.8067132-15.9211209,59799.85764050004,18.868,0.315,W1
QSO_53.8067132-15.9211209,59800.44415899998,18.904,0.327,W1
QSO_53.8067132-15.9211209,59958.80203700004,18.829,0.258,W1
QSO_53.8067132-15.9211209,59959.06224549997,18.481,0.177,W1
QSO_53.8067132-15.9211209,59959.517692500005,19.089,0.427,W1
QSO_53.8067132-15.9211209,60163.26806550003,18.633,0.238,W1
QSO_53.8067132-15.9211209,60163.52714249998,18.63,0.24,W1
QSO_53.8067132-15.9211209,60166.248034999975,18.516,0.203,W1
QSO_53.8067132-15.9211209,60166.70143799997,18.866,0.264,W1
QSO_53.8067132-15.9211209,60167.08954250003,18.913,0.316,W1
QSO_53.8067132-15.9211209,60322.70539720002,18.612,0.196,W1
QSO_53.8067132-15.9211209,60322.96404939998,19.143,0.336,W1
QSO_53.8067132-15.9211209,60323.2225552,18.826,0.239,W1
QSO_53.8067132-15.9211209,60323.35182640003,18.880000000000003,0.245,W1
QSO_53.8067132-15.9211209,55227.642626000015,18.272,0.248,W2
QSO_53.8067132-15.9211209,55227.642626000015,18.287,0.251,W2
QSO_53.8067132-15.9211209,55228.03927149996,18.268,,W2
QSO_53.8067132-15.9211209,55228.03927149996,18.277,,W2
QSO_53.8067132-15.9211209,55228.10540949998,19.03,,W2
QSO_53.8067132-15.9211209,55228.10540949998,19.029,,W2
QSO_53.8067132-15.9211209,55228.17147450002,18.843,,W2
QSO_53.8067132-15.9211209,55228.17147450002,18.841,,W2
QSO_53.8067132-15.9211209,55228.23764899998,18.311,,W2
QSO_53.8067132-15.9211209,55228.23764899998,18.333,,W2
QSO_53.8067132-15.9211209,55228.30382350003,18.297,,W2
QSO_53.8067132-15.9211209,55228.30382350003,18.299,,W2
QSO_53.8067132-15.9211209,55228.36985200004,19.127,,W2
QSO_53.8067132-15.9211209,55228.36985200004,19.109,,W2
QSO_53.8067132-15.9211209,55228.4360265,18.322,,W2
QSO_53.8067132-15.9211209,55228.4360265,18.307,,W2
QSO_53.8067132-15.9211209,55228.50205500001,18.453,,W2
QSO_53.8067132-15.9211209,55228.50205500001,18.462,,W2
QSO_53.8067132-15.9211209,55228.50220099996,18.901,,W2
QSO_53.8067132-15.9211209,55228.50220099996,18.875,,W2
QSO_53.8067132-15.9211209,55228.63440400002,18.061,0.257,W2
QSO_53.8067132-15.9211209,55228.63440400002,18.068,0.259,W2
QSO_53.8067132-15.9211209,55417.48857950003,19.057,,W2
QSO_53.8067132-15.9211209,55417.48857950003,19.085,,W2
QSO_53.8067132-15.9211209,55417.62081900003,18.964,,W2
QSO_53.8067132-15.9211209,55417.62081900003,18.961,,W2
QSO_53.8067132-15.9211209,55417.75287599997,18.433,,W2
QSO_53.8067132-15.9211209,55417.75287599997,18.447,,W2
QSO_53.8067132-15.9211209,55417.753022,18.57,,W2
QSO_53.8067132-15.9211209,55417.753022,18.456,,W2
QSO_53.8067132-15.9211209,55417.88511549997,18.452,,W2
QSO_53.8067132-15.9211209,55417.88511549997,18.442,,W2
QSO_53.8067132-15.9211209,55417.95129000002,19.036,,W2
QSO_53.8067132-15.9211209,55417.95129000002,19.056,,W2
QSO_53.8067132-15.9211209,55418.01731850003,18.549,,W2
QSO_53.8067132-15.9211209,55418.01731850003,18.566,,W2
QSO_53.8067132-15.9211209,55418.08349299999,18.601,0.365,W2
QSO_53.8067132-15.9211209,55418.08349299999,18.626,0.373,W2
QSO_53.8067132-15.9211209,55418.281761000006,19.035,,W2
QSO_53.8067132-15.9211209,55418.281761000006,19.103,,W2
QSO_53.8067132-15.9211209,55418.347935499965,19.039,,W2
QSO_53.8067132-15.9211209,55418.347935499965,19.038,,W2
QSO_53.8067132-15.9211209,55418.480138500025,18.505,,W2
QSO_53.8067132-15.9211209,55418.480138500025,18.483,,W2
QSO_53.8067132-15.9211209,55418.61223199999,18.872,0.499,W2
QSO_53.8067132-15.9211209,55418.61223199999,18.728,0.398,W2
QSO_53.8067132-15.9211209,55418.6123415,18.79,,W2
QSO_53.8067132-15.9211209,55418.6123415,18.716,,W2
QSO_53.8067132-15.9211209,55591.98617350004,18.152,,W2
QSO_53.8067132-15.9211209,55591.98617350004,18.212,,W2
QSO_53.8067132-15.9211209,55592.38256350003,18.322,,W2
QSO_53.8067132-15.9211209,55592.38256350003,18.325,,W2
QSO_53.8067132-15.9211209,55592.84523749999,18.807,,W2
QSO_53.8067132-15.9211209,55592.84523749999,18.9,,W2
QSO_53.8067132-15.9211209,55592.97733099996,18.393,,W2
QSO_53.8067132-15.9211209,55592.97733099996,18.399,,W2
QSO_53.8067132-15.9211209,56879.99884000003,18.275,,W2
QSO_53.8067132-15.9211209,56880.7220145,18.436,,W2
QSO_53.8067132-15.9211209,57412.70386618119,18.372,,W2
QSO_53.8067132-15.9211209,57413.032460991606,18.47,,W2
QSO_53.8067132-15.9211209,57608.75411478095,18.596,,W2
QSO_53.8067132-15.9211209,57609.14800399339,18.186,,W2
QSO_53.8067132-15.9211209,57609.60762680795,18.224,,W2
QSO_53.8067132-15.9211209,57775.30796999998,18.517,,W2
QSO_53.8067132-15.9211209,57775.43878600001,18.615,,W2
QSO_53.8067132-15.9211209,57775.569748,18.636,0.481,W2
QSO_53.8067132-15.9211209,57775.70067350004,18.521,,W2
QSO_53.8067132-15.9211209,57775.83148949999,17.961,,W2
QSO_53.8067132-15.9211209,57775.897043500045,18.583,,W2
QSO_53.8067132-15.9211209,57776.28971049999,18.111,0.537,W2
QSO_53.8067132-15.9211209,57973.28809450003,18.092,,W2
QSO_53.8067132-15.9211209,57973.61524400004,18.476,,W2
QSO_53.8067132-15.9211209,57974.00780149998,17.854,,W2
QSO_53.8067132-15.9211209,58134.50089300001,18.412,,W2
QSO_53.8067132-15.9211209,58134.56630100003,18.338,,W2
QSO_53.8067132-15.9211209,58134.631708999965,18.401,0.336,W2
QSO_53.8067132-15.9211209,58134.69711699998,18.712,,W2
QSO_53.8067132-15.9211209,58135.22049050004,18.338,,W2
QSO_53.8067132-15.9211209,58340.41922,17.992,0.339,W2
QSO_53.8067132-15.9211209,58340.81152199999,17.905,,W2
QSO_53.8067132-15.9211209,58496.98564149998,18.743,,W2
QSO_53.8067132-15.9211209,58499.5350935,17.969,,W2
QSO_53.8067132-15.9211209,58500.254326,18.294,,W2
QSO_53.8067132-15.9211209,58704.724332999984,17.749,0.454,W2
QSO_53.8067132-15.9211209,58864.156316199966,18.44,,W2
QSO_53.8067132-15.9211209,59068.59538839997,18.387,0.357,W2
QSO_53.8067132-15.9211209,59068.988545600034,18.144,,W2
QSO_53.8067132-15.9211209,59069.11957360004,18.431,,W2
QSO_53.8067132-15.9211209,59228.264465,17.897,0.342,W2
QSO_53.8067132-15.9211209,59436.1601795,18.178,,W2
QSO_53.8067132-15.9211209,59436.682677000026,18.571,0.498,W2
QSO_53.8067132-15.9211209,59594.79618750001,18.097,,W2
QSO_53.8067132-15.9211209,59595.05741800001,18.791,,W2
QSO_53.8067132-15.9211209,59595.77548249999,18.088,,W2
QSO_53.8067132-15.9211209,59799.85764050004,18.298,0.42,W2
QSO_53.8067132-15.9211209,59800.44415899998,18.672,,W2
QSO_53.8067132-15.9211209,59958.80203700004,18.644,,W2
QSO_53.8067132-15.9211209,59959.06224549997,17.947,,W2
QSO_53.8067132-15.9211209,59959.517692500005,18.358,,W2
QSO_53.8067132-15.9211209,60163.26806550003,18.731,,W2
QSO_53.8067132-15.9211209,60163.52714249998,18.009,,W2
QSO_53.8067132-15.9211209,60166.248034999975,18.554,,W2
QSO_53.8067132-15.9211209,60166.70143799997,18.831,,W2
QSO_53.8067132-15.9211209,60167.08954250003,18.313,0.418,W2
QSO_53.8067132-15.9211209,60322.70539720002,18.848,0.49,W2
QSO_53.8067132-15.9211209,60322.96404939998,18.24,,W2
QSO_53.8067132-15.9211209,60323.2225552,18.606,,W2
QSO_53.8067132-15.9211209,60323.35182640003,18.381,,W2
QSO_53.7974534-15.8278175,55227.642626000015,19.141,0.293,W1
QSO_53.7974534-15.8278175,55228.03927149996,18.739,0.209,W1
QSO_53.7974534-15.8278175,55228.10540949998,18.644,0.193,W1
QSO_53.7974534-15.8278175,55228.17147450002,19.811,0.526,W1
QSO_53.7974534-15.8278175,55228.171584000025,19.363,0.355,W1
QSO_53.7974534-15.8278175,55228.23764899998,19.562,0.48,W1
QSO_53.7974534-15.8278175,55228.30382350003,18.248,0.153,W1
QSO_53.7974534-15.8278175,55228.36985200004,18.772,0.231,W1
QSO_53.7974534-15.8278175,55228.4360265,19.011000000000003,,W1
QSO_53.7974534-15.8278175,55228.50220099996,18.837000000000003,0.251,W1
QSO_53.7974534-15.8278175,55228.63440400002,18.992,0.281,W1
QSO_53.7974534-15.8278175,55417.488470000026,19.531,0.445,W1
QSO_53.7974534-15.8278175,55417.48857950003,19.207,0.322,W1
QSO_53.7974534-15.8278175,55417.620673,18.922,0.257,W1
QSO_53.7974534-15.8278175,55417.75287599997,18.502,0.162,W1
QSO_53.7974534-15.8278175,55417.88511549997,18.678,0.208,W1
QSO_53.7974534-15.8278175,55417.95129000002,19.489,0.417,W1
QSO_53.7974534-15.8278175,55418.01731850003,19.164,0.33,W1
QSO_53.7974534-15.8278175,55418.08349299999,19.24,0.37,W1
QSO_53.7974534-15.8278175,55418.281761000006,19.284,,W1
QSO_53.7974534-15.8278175,55418.34778950002,19.154,0.355,W1
QSO_53.7974534-15.8278175,55418.347935499965,19.029,0.281,W1
QSO_53.7974534-15.8278175,55418.47999249999,19.343,0.348,W1
QSO_53.7974534-15.8278175,55418.61223199999,19.395000000000003,0.418,W1
QSO_53.7974534-15.8278175,55591.98617350004,19.273000000000003,,W1
QSO_53.7974534-15.8278175,55592.38256350003,18.962000000000003,0.266,W1
QSO_53.7974534-15.8278175,55592.38267300004,18.992,0.275,W1
QSO_53.7974534-15.8278175,55592.84523749999,18.979,0.275,W1
QSO_53.7974534-15.8278175,55592.97733099996,19.462000000000003,0.421,W1
QSO_53.7974534-15.8278175,56690.199387499975,19.306,0.361,W1
QSO_53.7974534-15.8278175,56690.33097000004,18.992,0.267,W1
QSO_53.7974534-15.8278175,56690.39688899996,18.326,0.195,W1
QSO_53.7974534-15.8278175,56690.52858100003,18.725,0.212,W1
QSO_53.7974534-15.8278175,56690.6601635,19.020000000000003,0.286,W1
QSO_53.7974534-15.8278175,56879.99884000003,18.743,0.263,W1
QSO_53.7974534-15.8278175,56880.13027649998,18.603,0.279,W1
QSO_53.7974534-15.8278175,56880.7220145,18.718,0.2,W1
QSO_53.7974534-15.8278175,57245.16921747087,18.872,0.283,W1
QSO_53.7974534-15.8278175,57245.300288975006,18.603,0.215,W1
QSO_53.7974534-15.8278175,57413.09815799371,18.844,0.249,W1
QSO_53.7974534-15.8278175,57608.75411478095,18.131,0.15,W1
QSO_53.7974534-15.8278175,57609.14800399339,19.278,0.468,W1
QSO_53.7974534-15.8278175,57609.60762680795,18.61,0.323,W1
QSO_53.7974534-15.8278175,57609.73880121205,18.996,0.316,W1
QSO_53.7974534-15.8278175,57609.870085416245,18.8,0.266,W1
QSO_53.7974534-15.8278175,57609.8702318162,18.363,0.16,W1
QSO_53.7974534-15.8278175,57775.30796999998,18.822000000000003,0.232,W1
QSO_53.7974534-15.8278175,57775.43878600001,18.798,0.228,W1
QSO_53.7974534-15.8278175,57775.569748,18.864,0.31,W1
QSO_53.7974534-15.8278175,57775.70067350004,18.807,0.267,W1
QSO_53.7974534-15.8278175,57775.897043500045,18.629,0.189,W1
QSO_53.7974534-15.8278175,57776.02782299997,18.777,0.323,W1
QSO_53.7974534-15.8278175,57973.026316500014,18.481,0.18,W1
QSO_53.7974534-15.8278175,57973.68065199997,18.584,0.231,W1
QSO_53.7974534-15.8278175,57974.138617500015,18.659,0.209,W1
QSO_53.7974534-15.8278175,57980.158088,18.761000000000003,0.315,W1
QSO_53.7974534-15.8278175,58134.50089300001,18.595,0.269,W1
QSO_53.7974534-15.8278175,58134.631708999965,18.484,0.195,W1
QSO_53.7974534-15.8278175,58134.7626345,18.817,0.327,W1
QSO_53.7974534-15.8278175,58135.22049050004,18.649,0.325,W1
QSO_53.7974534-15.8278175,58339.96147349996,18.667,0.445,W1
QSO_53.7974534-15.8278175,58340.35381199998,18.565,0.188,W1
QSO_53.7974534-15.8278175,58340.48462800002,19.133000000000003,0.306,W1
QSO_53.7974534-15.8278175,58340.61529800002,18.135,0.223,W1
QSO_53.7974534-15.8278175,58340.81152199999,18.894,0.307,W1
QSO_53.7974534-15.8278175,58496.26629949999,19.435,0.414,W1
QSO_53.7974534-15.8278175,58496.266409,18.788,0.238,W1
QSO_53.7974534-15.8278175,58496.397115500025,19.097,0.341,W1
QSO_53.7974534-15.8278175,58496.52789500003,18.802,0.26,W1
QSO_53.7974534-15.8278175,58496.78941750001,18.834000000000003,0.246,W1
QSO_53.7974534-15.8278175,58497.0510495,18.863,0.342,W1
QSO_53.7974534-15.8278175,58499.53523950004,19.043,0.3,W1
QSO_53.7974534-15.8278175,58704.26662299998,18.893,0.289,W1
QSO_53.7974534-15.8278175,58704.46284700003,18.37,0.162,W1
QSO_53.7974534-15.8278175,58704.59351700004,19.07,0.319,W1
QSO_53.7974534-15.8278175,58704.85500299999,18.988,0.262,W1
QSO_53.7974534-15.8278175,58863.17316699998,18.643,0.269,W1
QSO_53.7974534-15.8278175,58863.304231600014,18.87,0.236,W1
QSO_53.7974534-15.8278175,58863.56643399997,18.714,0.206,W1
QSO_53.7974534-15.8278175,58863.63202119999,19.209000000000003,0.369,W1
QSO_53.7974534-15.8278175,58863.6974986,18.498,0.179,W1
QSO_53.7974534-15.8278175,58863.76308580001,18.488,0.206,W1
QSO_53.7974534-15.8278175,58864.02514180002,18.956000000000003,0.247,W1
QSO_53.7974534-15.8278175,58864.156316199966,18.549,0.288,W1
QSO_53.7974534-15.8278175,59068.26774520004,18.56,0.215,W1
QSO_53.7974534-15.8278175,59068.726453,19.019,0.312,W1
QSO_53.7974534-15.8278175,59068.79189379999,17.82,0.304,W1
QSO_53.7974534-15.8278175,59228.003088499965,18.617,0.191,W1
QSO_53.7974534-15.8278175,59228.264465,18.716,0.265,W1
QSO_53.7974534-15.8278175,59228.46043350001,18.616,0.306,W1
QSO_53.7974534-15.8278175,59436.02950949999,18.522,0.182,W1
QSO_53.7974534-15.8278175,59436.02961899999,18.348,0.172,W1
QSO_53.7974534-15.8278175,59436.1601795,18.789,0.243,W1
QSO_53.7974534-15.8278175,59436.682677000026,19.391,0.409,W1
QSO_53.7974534-15.8278175,59595.05741800001,18.613,0.206,W1
QSO_53.7974534-15.8278175,59595.77548249999,18.812,0.304,W1
QSO_53.7974534-15.8278175,59799.92279300002,18.24,0.274,W1
QSO_53.7974534-15.8278175,59800.05309799998,18.977,0.294,W1
QSO_53.7974534-15.8278175,59800.11825049996,18.457,0.18,W1
QSO_53.7974534-15.8278175,59958.80203700004,18.789,0.221,W1
QSO_53.7974534-15.8278175,59959.06224549997,18.381,0.165,W1
QSO_53.7974534-15.8278175,59959.38749699997,18.644,0.293,W1
QSO_53.7974534-15.8278175,59959.517692500005,18.967,0.37,W1
QSO_53.7974534-15.8278175,60163.26806550003,19.042,,W1
QSO_53.7974534-15.8278175,60163.72146850002,18.365,0.191,W1
QSO_53.7974534-15.8278175,60166.248034999975,18.898000000000003,0.271,W1
QSO_53.7974534-15.8278175,60166.636650500026,18.45,0.185,W1
QSO_53.7974534-15.8278175,60167.47866899999,18.755000000000003,0.249,W1
QSO_53.7974534-15.8278175,60322.70539720002,18.804,0.337,W1
QSO_53.7974534-15.8278175,60322.83477819996,18.105,0.152,W1
QSO_53.7974534-15.8278175,60323.15799279997,19.035,0.289,W1
QSO_53.7974534-15.8278175,60323.67504100003,19.581000000000003,0.496,W1
QSO_53.7974534-15.8278175,55227.642626000015,18.957,,W2
QSO_53.7974534-15.8278175,55228.03927149996,18.654,,W2
QSO_53.7974534-15.8278175,55228.10540949998,18.568,,W2
QSO_53.7974534-15.8278175,55228.17147450002,18.48,,W2
QSO_53.7974534-15.8278175,55228.171584000025,18.979,,W2
QSO_53.7974534-15.8278175,55228.23764899998,18.877,,W2
QSO_53.7974534-15.8278175,55228.30382350003,18.755,,W2
QSO_53.7974534-15.8278175,55228.36985200004,18.666,,W2
QSO_53.7974534-15.8278175,55228.4360265,18.209,,W2
QSO_53.7974534-15.8278175,55228.50220099996,18.328,,W2
QSO_53.7974534-15.8278175,55228.63440400002,18.827,,W2
QSO_53.7974534-15.8278175,55417.488470000026,18.265,,W2
QSO_53.7974534-15.8278175,55417.48857950003,18.601,,W2
QSO_53.7974534-15.8278175,55417.620673,18.128,,W2
QSO_53.7974534-15.8278175,55417.75287599997,18.596,0.365,W2
QSO_53.7974534-15.8278175,55417.88511549997,18.944,,W2
QSO_53.7974534-15.8278175,55417.95129000002,18.653,,W2
QSO_53.7974534-15.8278175,55418.01731850003,19.067,0.525,W2
QSO_53.7974534-15.8278175,55418.08349299999,18.759,0.476,W2
QSO_53.7974534-15.8278175,55418.281761000006,18.323,,W2
QSO_53.7974534-15.8278175,55418.34778950002,18.459,,W2
QSO_53.7974534-15.8278175,55418.347935499965,18.565,,W2
QSO_53.7974534-15.8278175,55418.47999249999,18.445,,W2
QSO_53.7974534-15.8278175,55418.61223199999,19.003,,W2
QSO_53.7974534-15.8278175,55591.98617350004,18.602,0.387,W2
QSO_53.7974534-15.8278175,55592.38256350003,18.219,,W2
QSO_53.7974534-15.8278175,55592.38267300004,18.559,,W2
QSO_53.7974534-15.8278175,55592.84523749999,18.236,,W2
QSO_53.7974534-15.8278175,55592.97733099996,18.355,,W2
QSO_53.7974534-15.8278175,56690.199387499975,18.148,,W2
QSO_53.7974534-15.8278175,56690.33097000004,18.374,0.341,W2
QSO_53.7974534-15.8278175,56690.39688899996,18.522,,W2
QSO_53.7974534-15.8278175,56690.52858100003,18.314,,W2
QSO_53.7974534-15.8278175,56690.6601635,18.14,,W2
QSO_53.7974534-15.8278175,56879.99884000003,18.328,,W2
QSO_53.7974534-15.8278175,56880.13027649998,17.923,0.302,W2
QSO_53.7974534-15.8278175,56880.7220145,18.459,0.48,W2
QSO_53.7974534-15.8278175,57245.16921747087,18.147,,W2
QSO_53.7974534-15.8278175,57245.300288975006,18.368,,W2
QSO_53.7974534-15.8278175,57413.09815799371,17.965,,W2
QSO_53.7974534-15.8278175,57608.75411478095,18.469,,W2
QSO_53.7974534-15.8278175,57609.14800399339,18.361,0.449,W2
QSO_53.7974534-15.8278175,57609.60762680795,18.692,,W2
QSO_53.7974534-15.8278175,57609.73880121205,18.453,,W2
QSO_53.7974534-15.8278175,57609.870085416245,18.369,,W2
QSO_53.7974534-15.8278175,57609.8702318162,18.937,,W2
QSO_53.7974534-15.8278175,57775.30796999998,18.017,,W2
QSO_53.7974534-15.8278175,57775.43878600001,18.459,,W2
QSO_53.7974534-15.8278175,57775.569748,17.95,,W2
QSO_53.7974534-15.8278175,57775.70067350004,18.453,,W2
QSO_53.7974534-15.8278175,57775.897043500045,18.686,0.425,W2
QSO_53.7974534-15.8278175,57776.02782299997,18.851,0.49,W2
QSO_53.7974534-15.8278175,57973.026316500014,18.716,,W2
QSO_53.7974534-15.8278175,57973.68065199997,17.817,,W2
QSO_53.7974534-15.8278175,57974.138617500015,18.556,,W2
QSO_53.7974534-15.8278175,57980.158088,17.964,,W2
QSO_53.7974534-15.8278175,58134.50089300001,18.45,,W2
QSO_53.7974534-15.8278175,58134.631708999965,18.389,,W2
QSO_53.7974534-15.8278175,58134.7626345,18.537,,W2
QSO_53.7974534-15.8278175,58135.22049050004,18.863,0.463,W2
QSO_53.7974534-15.8278175,58339.96147349996,18.539,,W2
QSO_53.7974534-15.8278175,58340.35381199998,18.87,0.529,W2
QSO_53.7974534-15.8278175,58340.48462800002,18.371,,W2
QSO_53.7974534-15.8278175,58340.61529800002,18.412,,W2
QSO_53.7974534-15.8278175,58340.81152199999,18.149,,W2
QSO_53.7974534-15.8278175,58496.26629949999,18.162,,W2
QSO_53.7974534-15.8278175,58496.266409,17.721999999999998,0.196,W2
QSO_53.7974534-15.8278175,58496.397115500025,18.201,,W2
QSO_53.7974534-15.8278175,58496.52789500003,18.789,,W2
QSO_53.7974534-15.8278175,58496.78941750001,18.552,0.489,W2
QSO_53.7974534-15.8278175,58497.0510495,18.143,,W2
QSO_53.7974534-15.8278175,58499.53523950004,18.093,,W2
QSO_53.7974534-15.8278175,58704.26662299998,18.366,,W2
QSO_53.7974534-15.8278175,58704.46284700003,18.772,,W2
QSO_53.7974534-15.8278175,58704.59351700004,18.196,,W2
QSO_53.7974534-15.8278175,58704.85500299999,18.612,0.441,W2
QSO_53.7974534-15.8278175,58863.17316699998,18.806,,W2
QSO_53.7974534-15.8278175,58863.304231600014,18.075,,W2
QSO_53.7974534-15.8278175,58863.56643399997,17.898,,W2
QSO_53.7974534-15.8278175,58863.63202119999,17.895,0.258,W2
QSO_53.7974534-15.8278175,58863.6974986,18.445,,W2
QSO_53.7974534-15.8278175,58863.76308580001,18.138,,W2
QSO_53.7974534-15.8278175,58864.02514180002,18.334,,W2
QSO_53.7974534-15.8278175,58864.156316199966,18.77,0.451,W2
QSO_53.7974534-15.8278175,59068.26774520004,18.624,,W2
QSO_53.7974534-15.8278175,59068.726453,18.688,,W2
QSO_53.7974534-15.8278175,59068.79189379999,18.588,,W2
QSO_53.7974534-15.8278175,59228.003088499965,18.396,0.526,W2
QSO_53.7974534-15.8278175,59228.264465,18.361,,W2
QSO_53.7974534-15.8278175,59228.46043350001,18.305,,W2
QSO_53.7974534-15.8278175,59436.02950949999,18.293,,W2
QSO_53.7974534-15.8278175,59436.02961899999,18.188,,W2
QSO_53.7974534-15.8278175,59436.1601795,18.341,,W2
QSO_53.7974534-15.8278175,59436.682677000026,18.536,0.511,W2
QSO_53.7974534-15.8278175,59595.05741800001,18.006999999999998,,W2
QSO_53.7974534-15.8278175,59595.77548249999,18.115,,W2
QSO_53.7974534-15.8278175,59799.92279300002,18.262,,W2
QSO_53.7974534-15.8278175,59800.05309799998,17.989,,W2
QSO_53.7974534-15.8278175,59800.11825049996,18.565,,W2
QSO_53.7974534-15.8278175,59958.80203700004,18.183,,W2
QSO_53.7974534-15.8278175,59959.06224549997,18.156,,W2
QSO_53.7974534-15.8278175,59959.38749699997,18.275,,W2
QSO_53.7974534-15.8278175,59959.517692500005,18.2,,W2
QSO_53.7974534-15.8278175,60163.26806550003,17.913,,W2
QSO_53.7974534-15.8278175,60163.72146850002,18.568,,W2
QSO_53.7974534-15.8278175,60166.248034999975,18.487,,W2
QSO_53.7974534-15.8278175,60166.636650500026,18.638,,W2
QSO_53.7974534-15.8278175,60167.47866899999,18.245,,W2
QSO_53.7974534-15.8278175,60322.70539720002,18.471,,W2
QSO_53.7974534-15.8278175,60322.83477819996,17.994,,W2
QSO_53.7974534-15.8278175,60323.15799279997,18.202,,W2
QSO_53.7974534-15.8278175,60323.67504100003,18.741,0.53,W2
QSO_54.0465987-15.8381687,55228.03927149996,19.074,0.278,W1
QSO_54.0465987-15.8381687,55228.17147450002,18.768,0.23,W1
QSO_54.0465987-15.8381687,55228.30382350003,18.793,0.266,W1
QSO_54.0465987-15.8381687,55228.36985200004,19.297,0.352,W1
QSO_54.0465987-15.8381687,55228.4360265,19.276000000000003,0.343,W1
QSO_54.0465987-15.8381687,55228.50205500001,18.795,0.218,W1
QSO_54.0465987-15.8381687,55228.50220099996,19.047,0.309,W1
QSO_54.0465987-15.8381687,55228.56822949997,19.261000000000003,0.376,W1
QSO_54.0465987-15.8381687,55228.63440400002,19.219,0.37,W1
QSO_54.0465987-15.8381687,55228.70046899997,19.366,0.38,W1
QSO_54.0465987-15.8381687,55229.031049499965,19.529,0.456,W1
QSO_54.0465987-15.8381687,55229.0311955,18.926,,W1
QSO_54.0465987-15.8381687,55417.75287599997,18.636,0.199,W1
QSO_54.0465987-15.8381687,55417.88511549997,19.055,0.271,W1
QSO_54.0465987-15.8381687,55418.01731850003,18.869,0.226,W1
QSO_54.0465987-15.8381687,55418.281761000006,18.489,0.18,W1
QSO_54.0465987-15.8381687,55418.347935499965,18.609,0.189,W1
QSO_54.0465987-15.8381687,55418.41396399998,19.198,0.321,W1
QSO_54.0465987-15.8381687,55418.480138500025,18.678,0.201,W1
QSO_54.0465987-15.8381687,55418.54616700004,19.666,0.488,W1
QSO_54.0465987-15.8381687,55418.61223199999,18.485,0.188,W1
QSO_54.0465987-15.8381687,55418.6123415,18.783,0.218,W1
QSO_54.0465987-15.8381687,55418.74443499997,18.897,0.238,W1
QSO_54.0465987-15.8381687,55418.87663800002,19.287,0.396,W1
QSO_54.0465987-15.8381687,55592.38256350003,19.348,0.399,W1
QSO_54.0465987-15.8381687,55592.77906300003,19.386000000000003,0.381,W1
QSO_54.0465987-15.8381687,55592.84523749999,19.28,0.357,W1
QSO_54.0465987-15.8381687,55592.97733099996,18.692,0.212,W1
QSO_54.0465987-15.8381687,55593.10953400002,19.386000000000003,,W1
QSO_54.0465987-15.8381687,56690.199387499975,18.841,0.264,W1
QSO_54.0465987-15.8381687,56690.33097000004,18.596,0.219,W1
QSO_54.0465987-15.8381687,56690.39688899996,18.954,0.285,W1
QSO_54.0465987-15.8381687,56690.59439050003,18.615,0.194,W1
QSO_54.0465987-15.8381687,56690.6601635,19.159,0.39,W1
QSO_54.0465987-15.8381687,56691.05502050003,18.34,0.165,W1
QSO_54.0465987-15.8381687,56695.13634100001,18.779,0.375,W1
QSO_54.0465987-15.8381687,56695.13648699996,19.245,0.343,W1
QSO_54.0465987-15.8381687,56880.7220145,18.988,0.336,W1
QSO_54.0465987-15.8381687,56880.984887499966,18.823,0.24,W1
QSO_54.0465987-15.8381687,57053.397237463854,18.619,0.211,W1
QSO_54.0465987-15.8381687,57245.10369996877,18.581,0.217,W1
QSO_54.0465987-15.8381687,57245.16921747087,18.679,0.228,W1
QSO_54.0465987-15.8381687,57245.300288975006,18.886000000000003,,W1
QSO_54.0465987-15.8381687,57413.22947879784,18.78,0.22,W1
QSO_54.0465987-15.8381687,57609.14800399339,18.991,0.362,W1
QSO_54.0465987-15.8381687,57609.67321401004,18.69,0.209,W1
QSO_54.0465987-15.8381687,57609.8702318162,18.762,0.227,W1
QSO_54.0465987-15.8381687,57775.569748,18.964,0.251,W1
QSO_54.0465987-15.8381687,57775.70067350004,18.474,0.163,W1
QSO_54.0465987-15.8381687,57775.96245149997,18.517,0.169,W1
QSO_54.0465987-15.8381687,57776.55148850001,18.968,0.327,W1
QSO_54.0465987-15.8381687,57973.28809450003,18.419,0.176,W1
QSO_54.0465987-15.8381687,57973.87687600002,19.03,0.286,W1
QSO_54.0465987-15.8381687,57973.94228399996,18.941000000000003,0.278,W1
QSO_54.0465987-15.8381687,57974.00780149998,19.072000000000003,0.346,W1
QSO_54.0465987-15.8381687,57974.26943349997,18.834000000000003,0.239,W1
QSO_54.0465987-15.8381687,57974.4002495,18.727,0.244,W1
QSO_54.0465987-15.8381687,57980.158088,18.944000000000003,0.263,W1
QSO_54.0465987-15.8381687,58135.08967450001,19.149,0.298,W1
QSO_54.0465987-15.8381687,58340.48462800002,18.55,0.265,W1
QSO_54.0465987-15.8381687,58340.61529800002,18.34,,W1
QSO_54.0465987-15.8381687,58340.68070600004,18.953000000000003,0.276,W1
QSO_54.0465987-15.8381687,58496.52789500003,19.116,0.277,W1
QSO_54.0465987-15.8381687,58496.98564149998,19.687,0.52,W1
QSO_54.0465987-15.8381687,58497.05090349997,18.771,0.219,W1
QSO_54.0465987-15.8381687,58497.50865,18.673,0.211,W1
QSO_54.0465987-15.8381687,58499.5350935,18.593,0.218,W1
QSO_54.0465987-15.8381687,58500.51595799998,19.176,0.373,W1
QSO_54.0465987-15.8381687,58704.397439000015,18.593,0.241,W1
QSO_54.0465987-15.8381687,58704.52810900002,18.419,0.297,W1
QSO_54.0465987-15.8381687,58704.724332999984,18.724,0.269,W1
QSO_54.0465987-15.8381687,58704.85500299999,18.811,0.28,W1
QSO_54.0465987-15.8381687,58863.56643399997,18.663,0.195,W1
QSO_54.0465987-15.8381687,58863.76308580001,18.983,0.271,W1
QSO_54.0465987-15.8381687,58864.2873808,19.373,0.42,W1
QSO_54.0465987-15.8381687,59068.52980120004,19.249,0.452,W1
QSO_54.0465987-15.8381687,59068.79189379999,18.377,0.276,W1
QSO_54.0465987-15.8381687,59068.988545600034,18.623,0.238,W1
QSO_54.0465987-15.8381687,59069.18516079997,18.724,0.229,W1
QSO_54.0465987-15.8381687,59228.59110350002,18.499,0.176,W1
QSO_54.0465987-15.8381687,59228.78707200003,18.663,0.247,W1
QSO_54.0465987-15.8381687,59436.682677000026,18.927,0.335,W1
QSO_54.0465987-15.8381687,59436.81323750002,18.685,0.225,W1
QSO_54.0465987-15.8381687,59436.94390750003,18.409,0.168,W1
QSO_54.0465987-15.8381687,59799.85753100003,18.727,0.238,W1
QSO_54.0465987-15.8381687,59959.06224549997,19.041,0.348,W1
QSO_54.0465987-15.8381687,59959.19229499998,19.138,0.324,W1
QSO_54.0465987-15.8381687,59959.58269900004,18.526,0.177,W1
QSO_54.0465987-15.8381687,60163.65668099999,18.761000000000003,0.253,W1
QSO_54.0465987-15.8381687,60167.08954250003,19.42,0.448,W1
QSO_54.0465987-15.8381687,60167.154804500016,18.383,0.214,W1
QSO_54.0465987-15.8381687,60323.35182640003,18.385,0.284,W1
QSO_54.0465987-15.8381687,60323.67504100003,18.794,0.271,W1
QSO_54.0465987-15.8381687,60323.93354679996,19.3,0.398,W1
QSO_54.0465987-15.8381687,60324.0623056,18.596,0.248,W1
QSO_54.0465987-15.8381687,55228.03927149996,18.873,0.452,W2
QSO_54.0465987-15.8381687,55228.17147450002,18.5,,W2
QSO_54.0465987-15.8381687,55228.30382350003,18.465,,W2
QSO_54.0465987-15.8381687,55228.36985200004,18.27,,W2
QSO_54.0465987-15.8381687,55228.4360265,18.385,,W2
QSO_54.0465987-15.8381687,55228.50205500001,18.498,,W2
QSO_54.0465987-15.8381687,55228.50220099996,18.438,,W2
QSO_54.0465987-15.8381687,55228.56822949997,18.525,,W2
QSO_54.0465987-15.8381687,55228.63440400002,18.749,,W2
QSO_54.0465987-15.8381687,55228.70046899997,18.735,,W2
QSO_54.0465987-15.8381687,55229.031049499965,18.387,,W2
QSO_54.0465987-15.8381687,55229.0311955,18.78,,W2
QSO_54.0465987-15.8381687,55417.75287599997,18.938,,W2
QSO_54.0465987-15.8381687,55417.88511549997,18.048,0.263,W2
QSO_54.0465987-15.8381687,55418.01731850003,18.538,,W2
QSO_54.0465987-15.8381687,55418.281761000006,18.676,0.394,W2
QSO_54.0465987-15.8381687,55418.347935499965,19.012,0.529,W2
QSO_54.0465987-15.8381687,55418.41396399998,18.635,0.403,W2
QSO_54.0465987-15.8381687,55418.480138500025,18.538,,W2
QSO_54.0465987-15.8381687,55418.54616700004,18.622,,W2
QSO_54.0465987-15.8381687,55418.61223199999,18.681,0.37,W2
QSO_54.0465987-15.8381687,55418.6123415,18.722,,W2
QSO_54.0465987-15.8381687,55418.74443499997,18.441,,W2
QSO_54.0465987-15.8381687,55418.87663800002,19.074,,W2
QSO_54.0465987-15.8381687,55592.38256350003,18.801,0.524,W2
QSO_54.0465987-15.8381687,55592.77906300003,18.155,,W2
QSO_54.0465987-15.8381687,55592.84523749999,18.405,,W2
QSO_54.0465987-15.8381687,55592.97733099996,18.304,,W2
QSO_54.0465987-15.8381687,55593.10953400002,18.196,,W2
QSO_54.0465987-15.8381687,56690.199387499975,18.036,,W2
QSO_54.0465987-15.8381687,56690.33097000004,18.271,,W2
QSO_54.0465987-15.8381687,56690.39688899996,18.632,,W2
QSO_54.0465987-15.8381687,56690.59439050003,18.603,,W2
QSO_54.0465987-15.8381687,56690.6601635,17.73,,W2
QSO_54.0465987-15.8381687,56691.05502050003,18.704,,W2
QSO_54.0465987-15.8381687,56695.13634100001,18.4,,W2
QSO_54.0465987-15.8381687,56695.13648699996,18.51,,W2
QSO_54.0465987-15.8381687,56880.7220145,17.595,,W2
QSO_54.0465987-15.8381687,56880.984887499966,17.724999999999998,0.283,W2
QSO_54.0465987-15.8381687,57053.397237463854,17.863,,W2
QSO_54.0465987-15.8381687,57245.10369996877,18.839,,W2
QSO_54.0465987-15.8381687,57245.16921747087,18.894,,W2
QSO_54.0465987-15.8381687,57245.300288975006,17.966,0.287,W2
QSO_54.0465987-15.8381687,57413.22947879784,18.772,,W2
QSO_54.0465987-15.8381687,57609.14800399339,17.845,,W2
QSO_54.0465987-15.8381687,57609.67321401004,18.235,0.512,W2
QSO_54.0465987-15.8381687,57609.8702318162,17.697,,W2
QSO_54.0465987-15.8381687,57775.569748,18.541,,W2
QSO_54.0465987-15.8381687,57775.70067350004,18.372,,W2
QSO_54.0465987-15.8381687,57775.96245149997,18.486,0.494,W2
QSO_54.0465987-15.8381687,57776.55148850001,18.302,,W2
QSO_54.0465987-15.8381687,57973.28809450003,18.617,,W2
QSO_54.0465987-15.8381687,57973.87687600002,18.564,,W2
QSO_54.0465987-15.8381687,57973.94228399996,18.192,,W2
QSO_54.0465987-15.8381687,57974.00780149998,18.07,,W2
QSO_54.0465987-15.8381687,57974.26943349997,18.352,0.339,W2
QSO_54.0465987-15.8381687,57974.4002495,18.164,,W2
QSO_54.0465987-15.8381687,57980.158088,18.058,,W2
QSO_54.0465987-15.8381687,58135.08967450001,18.565,,W2
QSO_54.0465987-15.8381687,58340.48462800002,18.98,,W2
QSO_54.0465987-15.8381687,58340.61529800002,18.46,0.455,W2
QSO_54.0465987-15.8381687,58340.68070600004,18.874,,W2
QSO_54.0465987-15.8381687,58496.52789500003,18.349,,W2
QSO_54.0465987-15.8381687,58496.98564149998,17.948999999999998,0.48,W2
QSO_54.0465987-15.8381687,58497.05090349997,18.761,,W2
QSO_54.0465987-15.8381687,58497.50865,18.291,,W2
QSO_54.0465987-15.8381687,58499.5350935,17.643,,W2
QSO_54.0465987-15.8381687,58500.51595799998,17.548,0.366,W2
QSO_54.0465987-15.8381687,58704.397439000015,17.672,,W2
QSO_54.0465987-15.8381687,58704.52810900002,18.142,,W2
QSO_54.0465987-15.8381687,58704.724332999984,18.587,,W2
QSO_54.0465987-15.8381687,58704.85500299999,18.288,,W2
QSO_54.0465987-15.8381687,58863.56643399997,18.381,0.385,W2
QSO_54.0465987-15.8381687,58863.76308580001,18.801,0.447,W2
QSO_54.0465987-15.8381687,58864.2873808,18.234,,W2
QSO_54.0465987-15.8381687,59068.52980120004,18.39,,W2
QSO_54.0465987-15.8381687,59068.79189379999,18.354,0.441,W2
QSO_54.0465987-15.8381687,59068.988545600034,18.082,,W2
QSO_54.0465987-15.8381687,59069.18516079997,17.857,,W2
QSO_54.0465987-15.8381687,59228.59110350002,18.824,,W2
QSO_54.0465987-15.8381687,59228.78707200003,18.441,,W2
QSO_54.0465987-15.8381687,59436.682677000026,17.971,,W2
QSO_54.0465987-15.8381687,59436.81323750002,18.624,,W2
QSO_54.0465987-15.8381687,59436.94390750003,18.548,,W2
QSO_54.0465987-15.8381687,59799.85753100003,18.2,,W2
QSO_54.0465987-15.8381687,59959.06224549997,18.716,0.449,W2
QSO_54.0465987-15.8381687,59959.19229499998,18.023,,W2
QSO_54.0465987-15.8381687,59959.58269900004,18.14,,W2
QSO_54.0465987-15.8381687,60163.65668099999,18.44,,W2
QSO_54.0465987-15.8381687,60167.08954250003,18.307,0.339,W2
QSO_54.0465987-15.8381687,60167.154804500016,17.927,,W2
QSO_54.0465987-15.8381687,60323.35182640003,18.263,,W2
QSO_54.0465987-15.8381687,60323.67504100003,18.214,,W2
QSO_54.0465987-15.8381687,60323.93354679996,18.332,,W2
QSO_54.0465987-15.8381687,60324.0623056,18.355,0.337,W2
QSO_53.8275344-15.904424,55228.03927149996,19.270000000000003,,W1
QSO_53.8275344-15.904424,55228.03927149996,19.118,,W1
QSO_53.8275344-15.904424,55228.10540949998,18.763,0.22,W1
QSO_53.8275344-15.904424,55228.10540949998,18.998,0.273,W1
QSO_53.8275344-15.904424,55228.17147450002,19.36,0.379,W1
QSO_53.8275344-15.904424,55228.17147450002,19.059,0.287,W1
QSO_53.8275344-15.904424,55228.23764899998,18.627,0.196,W1
QSO_53.8275344-15.904424,55228.23764899998,18.704,0.21,W1
QSO_53.8275344-15.904424,55228.30382350003,19.336,0.363,W1
QSO_53.8275344-15.904424,55228.30382350003,19.145000000000003,0.304,W1
QSO_53.8275344-15.904424,55228.36985200004,18.988,0.278,W1
QSO_53.8275344-15.904424,55228.36985200004,19.004,0.282,W1
QSO_53.8275344-15.904424,55228.4360265,18.597,0.201,W1
QSO_53.8275344-15.904424,55228.4360265,18.579,0.198,W1
QSO_53.8275344-15.904424,55228.50205500001,19.393,0.381,W1
QSO_53.8275344-15.904424,55228.50205500001,19.391,0.38,W1
QSO_53.8275344-15.904424,55228.50220099996,19.168,0.315,W1
QSO_53.8275344-15.904424,55228.50220099996,19.031,0.277,W1
QSO_53.8275344-15.904424,55228.63440400002,19.173,0.327,W1
QSO_53.8275344-15.904424,55228.63440400002,19.154,0.321,W1
QSO_53.8275344-15.904424,55417.48857950003,19.168,0.334,W1
QSO_53.8275344-15.904424,55417.48857950003,19.229,,W1
QSO_53.8275344-15.904424,55417.620673,19.077,0.286,W1
QSO_53.8275344-15.904424,55417.620673,18.973,0.261,W1
QSO_53.8275344-15.904424,55417.62081900003,18.863,0.236,W1
QSO_53.8275344-15.904424,55417.62081900003,18.865,0.237,W1
QSO_53.8275344-15.904424,55417.75287599997,19.532,0.503,W1
QSO_53.8275344-15.904424,55417.75287599997,19.323,0.413,W1
QSO_53.8275344-15.904424,55417.88511549997,18.74,0.233,W1
QSO_53.8275344-15.904424,55417.88511549997,19.192,0.353,W1
QSO_53.8275344-15.904424,55417.95129000002,18.493,0.181,W1
QSO_53.8275344-15.904424,55417.95129000002,19.16,0.335,W1
QSO_53.8275344-15.904424,55418.01731850003,18.781,0.234,W1
QSO_53.8275344-15.904424,55418.01731850003,18.501,0.181,W1
QSO_53.8275344-15.904424,55418.08349299999,19.245,0.348,W1
QSO_53.8275344-15.904424,55418.08349299999,18.634,0.198,W1
QSO_53.8275344-15.904424,55418.281761000006,19.101,,W1
QSO_53.8275344-15.904424,55418.281761000006,19.28,,W1
QSO_53.8275344-15.904424,55418.347935499965,18.965,0.26,W1
QSO_53.8275344-15.904424,55418.347935499965,18.921,0.249,W1
QSO_53.8275344-15.904424,55418.480138500025,19.423,0.405,W1
QSO_53.8275344-15.904424,55418.480138500025,19.42,0.405,W1
QSO_53.8275344-15.904424,55418.61223199999,18.824,0.288,W1
QSO_53.8275344-15.904424,55418.61223199999,19.06,0.358,W1
QSO_53.8275344-15.904424,55418.6123415,18.957,0.265,W1
QSO_53.8275344-15.904424,55418.6123415,19.077,0.295,W1
QSO_53.8275344-15.904424,55418.74443499997,19.512,0.437,W1
QSO_53.8275344-15.904424,55418.74443499997,19.597,0.49,W1
QSO_53.8275344-15.904424,55591.98617350004,18.849,0.259,W1
QSO_53.8275344-15.904424,55591.98617350004,19.125,0.333,W1
QSO_53.8275344-15.904424,55592.38256350003,18.924,0.262,W1
QSO_53.8275344-15.904424,55592.38256350003,18.914,0.26,W1
QSO_53.8275344-15.904424,55592.84523749999,19.079,,W1
QSO_53.8275344-15.904424,55592.84523749999,19.001,,W1
QSO_53.8275344-15.904424,55592.97733099996,19.209000000000003,0.344,W1
QSO_53.8275344-15.904424,55592.97733099996,19.208,0.328,W1
QSO_53.8275344-15.904424,56690.46266200002,18.978,0.28,W1
QSO_53.8275344-15.904424,56690.6601635,18.713,0.218,W1
QSO_53.8275344-15.904424,56879.99884000003,18.713,0.298,W1
QSO_53.8275344-15.904424,57245.16921747087,18.962000000000003,0.279,W1
QSO_53.8275344-15.904424,57412.70386618119,18.601,0.375,W1
QSO_53.8275344-15.904424,57413.032460991606,18.629,0.186,W1
QSO_53.8275344-15.904424,57608.75411478095,18.649,0.229,W1
QSO_53.8275344-15.904424,57609.21373759551,19.155,0.367,W1
QSO_53.8275344-15.904424,57609.8702318162,18.722,0.209,W1
QSO_53.8275344-15.904424,57775.30796999998,19.05,0.277,W1
QSO_53.8275344-15.904424,57775.70067350004,18.681,0.23,W1
QSO_53.8275344-15.904424,57775.897043500045,18.757,0.229,W1
QSO_53.8275344-15.904424,57776.02782299997,18.883000000000003,0.276,W1
QSO_53.8275344-15.904424,57776.28971049999,19.07,0.299,W1
QSO_53.8275344-15.904424,57776.42052650002,19.022,0.285,W1
QSO_53.8275344-15.904424,57973.026316500014,18.881,0.322,W1
QSO_53.8275344-15.904424,57973.61524400004,18.886000000000003,0.25,W1
QSO_53.8275344-15.904424,57973.68065199997,18.469,0.18,W1
QSO_53.8275344-15.904424,57974.138617500015,19.085,0.389,W1
QSO_53.8275344-15.904424,58134.37007699998,18.844,0.309,W1
QSO_53.8275344-15.904424,58134.56630100003,18.657,0.225,W1
QSO_53.8275344-15.904424,58134.762525,19.481,0.402,W1
QSO_53.8275344-15.904424,58135.22049050004,18.727,0.257,W1
QSO_53.8275344-15.904424,58340.41922,18.29,0.159,W1
QSO_53.8275344-15.904424,58340.48462800002,18.952,0.28,W1
QSO_53.8275344-15.904424,58340.55003600004,18.668,0.231,W1
QSO_53.8275344-15.904424,58340.61529800002,19.532,0.44,W1
QSO_53.8275344-15.904424,58496.397115500025,18.534,0.177,W1
QSO_53.8275344-15.904424,58496.78941750001,18.576,0.207,W1
QSO_53.8275344-15.904424,58497.05090349997,18.377,0.213,W1
QSO_53.8275344-15.904424,58499.79672549999,19.396,0.491,W1
QSO_53.8275344-15.904424,58704.26673249999,18.336,0.146,W1
QSO_53.8275344-15.904424,58704.397439000015,18.752,0.267,W1
QSO_53.8275344-15.904424,58704.59351700004,18.653,0.273,W1
QSO_53.8275344-15.904424,58704.85500299999,18.803,0.227,W1
QSO_53.8275344-15.904424,58863.17316699998,18.58,0.209,W1
QSO_53.8275344-15.904424,58863.304231600014,19.168,0.35,W1
QSO_53.8275344-15.904424,58863.6974986,18.689,0.207,W1
QSO_53.8275344-15.904424,58863.76308580001,18.667,0.214,W1
QSO_53.8275344-15.904424,58864.156316199966,18.698,0.252,W1
QSO_53.8275344-15.904424,59068.52980120004,19.020000000000003,0.303,W1
QSO_53.8275344-15.904424,59068.59538839997,18.586,0.24,W1
QSO_53.8275344-15.904424,59068.85748100001,18.942,0.276,W1
QSO_53.8275344-15.904424,59228.003088499965,19.479,0.443,W1
QSO_53.8275344-15.904424,59228.264465,19.306,0.371,W1
QSO_53.8275344-15.904424,59436.02961899999,18.774,0.255,W1
QSO_53.8275344-15.904424,59436.2908495,19.0,0.266,W1
QSO_53.8275344-15.904424,59436.682677000026,18.828000000000003,0.307,W1
QSO_53.8275344-15.904424,59595.38383750002,18.441000000000003,0.241,W1
QSO_53.8275344-15.904424,59799.85764050004,18.568,0.209,W1
QSO_53.8275344-15.904424,59800.05309799998,18.787,0.275,W1
QSO_53.8275344-15.904424,59800.11825049996,19.07,,W1
QSO_53.8275344-15.904424,59800.18354899997,18.998,0.389,W1
QSO_53.8275344-15.904424,59959.06224549997,18.785,0.234,W1
QSO_53.8275344-15.904424,59959.38749699997,18.729,0.271,W1
QSO_53.8275344-15.904424,59959.517692500005,18.918,0.284,W1
QSO_53.8275344-15.904424,60163.26806550003,18.545,0.227,W1
QSO_53.8275344-15.904424,60163.65668099999,18.811,0.259,W1
QSO_53.8275344-15.904424,60163.72146850002,18.775,0.252,W1
QSO_53.8275344-15.904424,60166.248034999975,18.484,0.191,W1
QSO_53.8275344-15.904424,60166.636650500026,18.237,0.256,W1
QSO_53.8275344-15.904424,60166.83097649999,18.548,0.196,W1
QSO_53.8275344-15.904424,60167.47866899999,18.453,0.299,W1
QSO_53.8275344-15.904424,60322.83477819996,18.831000000000003,0.25,W1
QSO_53.8275344-15.904424,60323.67504100003,18.916,0.282,W1
QSO_53.8275344-15.904424,55228.03927149996,18.56,,W2
QSO_53.8275344-15.904424,55228.03927149996,18.539,,W2
QSO_53.8275344-15.904424,55228.10540949998,18.346,0.286,W2
QSO_53.8275344-15.904424,55228.10540949998,18.342,0.285,W2
QSO_53.8275344-15.904424,55228.17147450002,18.183,,W2
QSO_53.8275344-15.904424,55228.17147450002,18.254,,W2
QSO_53.8275344-15.904424,55228.23764899998,18.738,0.449,W2
QSO_53.8275344-15.904424,55228.23764899998,18.763,0.458,W2
QSO_53.8275344-15.904424,55228.30382350003,19.162,,W2
QSO_53.8275344-15.904424,55228.30382350003,19.137,,W2
QSO_53.8275344-15.904424,55228.36985200004,18.435,,W2
QSO_53.8275344-15.904424,55228.36985200004,18.435,,W2
QSO_53.8275344-15.904424,55228.4360265,19.014,,W2
QSO_53.8275344-15.904424,55228.4360265,19.015,,W2
QSO_53.8275344-15.904424,55228.50205500001,18.668,,W2
QSO_53.8275344-15.904424,55228.50205500001,18.687,,W2
QSO_53.8275344-15.904424,55228.50220099996,18.633,,W2
QSO_53.8275344-15.904424,55228.50220099996,18.441,,W2
QSO_53.8275344-15.904424,55228.63440400002,18.835,,W2
QSO_53.8275344-15.904424,55228.63440400002,18.821,,W2
QSO_53.8275344-15.904424,55417.48857950003,18.655,,W2
QSO_53.8275344-15.904424,55417.48857950003,18.562,,W2
QSO_53.8275344-15.904424,55417.620673,18.911,0.526,W2
QSO_53.8275344-15.904424,55417.620673,18.926,0.534,W2
QSO_53.8275344-15.904424,55417.62081900003,18.621,,W2
QSO_53.8275344-15.904424,55417.62081900003,18.688,,W2
QSO_53.8275344-15.904424,55417.75287599997,19.038,0.524,W2
QSO_53.8275344-15.904424,55417.75287599997,18.332,,W2
QSO_53.8275344-15.904424,55417.88511549997,18.878,,W2
QSO_53.8275344-15.904424,55417.88511549997,18.781,,W2
QSO_53.8275344-15.904424,55417.95129000002,18.908,0.52,W2
QSO_53.8275344-15.904424,55417.95129000002,18.915,0.525,W2
QSO_53.8275344-15.904424,55418.01731850003,18.929,0.464,W2
QSO_53.8275344-15.904424,55418.01731850003,18.88,0.444,W2
QSO_53.8275344-15.904424,55418.08349299999,18.568,0.341,W2
QSO_53.8275344-15.904424,55418.08349299999,18.584,0.346,W2
QSO_53.8275344-15.904424,55418.281761000006,18.707,,W2
QSO_53.8275344-15.904424,55418.281761000006,18.732,,W2
QSO_53.8275344-15.904424,55418.347935499965,18.663,,W2
QSO_53.8275344-15.904424,55418.347935499965,18.65,,W2
QSO_53.8275344-15.904424,55418.480138500025,18.305,0.309,W2
QSO_53.8275344-15.904424,55418.480138500025,18.318,0.313,W2
QSO_53.8275344-15.904424,55418.61223199999,18.942,,W2
QSO_53.8275344-15.904424,55418.61223199999,18.868,,W2
QSO_53.8275344-15.904424,55418.6123415,18.546,,W2
QSO_53.8275344-15.904424,55418.6123415,18.462,,W2
QSO_53.8275344-15.904424,55418.74443499997,18.979,,W2
QSO_53.8275344-15.904424,55418.74443499997,18.914,,W2
QSO_53.8275344-15.904424,55591.98617350004,18.765,,W2
QSO_53.8275344-15.904424,55591.98617350004,18.873,,W2
QSO_53.8275344-15.904424,55592.38256350003,18.809,,W2
QSO_53.8275344-15.904424,55592.38256350003,18.769,,W2
QSO_53.8275344-15.904424,55592.84523749999,18.882,,W2
QSO_53.8275344-15.904424,55592.84523749999,18.879,,W2
QSO_53.8275344-15.904424,55592.97733099996,18.576,,W2
QSO_53.8275344-15.904424,55592.97733099996,18.571,,W2
QSO_53.8275344-15.904424,56690.46266200002,18.749,,W2
QSO_53.8275344-15.904424,56690.6601635,18.729,0.456,W2
QSO_53.8275344-15.904424,56879.99884000003,18.879,,W2
QSO_53.8275344-15.904424,57245.16921747087,17.695,0.299,W2
QSO_53.8275344-15.904424,57412.70386618119,18.402,,W2
QSO_53.8275344-15.904424,57413.032460991606,18.131,,W2
QSO_53.8275344-15.904424,57608.75411478095,18.219,,W2
QSO_53.8275344-15.904424,57609.21373759551,18.619,,W2
QSO_53.8275344-15.904424,57609.8702318162,17.939,,W2
QSO_53.8275344-15.904424,57775.30796999998,18.715,0.444,W2
QSO_53.8275344-15.904424,57775.70067350004,18.744,,W2
QSO_53.8275344-15.904424,57775.897043500045,18.025,,W2
QSO_53.8275344-15.904424,57776.02782299997,18.407,0.464,W2
QSO_53.8275344-15.904424,57776.28971049999,18.235,,W2
QSO_53.8275344-15.904424,57776.42052650002,18.816,,W2
QSO_53.8275344-15.904424,57973.026316500014,18.76,,W2
QSO_53.8275344-15.904424,57973.61524400004,18.226,,W2
QSO_53.8275344-15.904424,57973.68065199997,18.137,,W2
QSO_53.8275344-15.904424,57974.138617500015,18.348,0.428,W2
QSO_53.8275344-15.904424,58134.37007699998,18.079,,W2
QSO_53.8275344-15.904424,58134.56630100003,18.252,,W2
QSO_53.8275344-15.904424,58134.762525,17.815,,W2
QSO_53.8275344-15.904424,58135.22049050004,18.504,0.413,W2
QSO_53.8275344-15.904424,58340.41922,18.472,,W2
QSO_53.8275344-15.904424,58340.48462800002,18.492,,W2
QSO_53.8275344-15.904424,58340.55003600004,18.202,,W2
QSO_53.8275344-15.904424,58340.61529800002,18.188,0.345,W2
QSO_53.8275344-15.904424,58496.397115500025,18.511,,W2
QSO_53.8275344-15.904424,58496.78941750001,18.243,,W2
QSO_53.8275344-15.904424,58497.05090349997,18.744,,W2
QSO_53.8275344-15.904424,58499.79672549999,17.727999999999998,,W2
QSO_53.8275344-15.904424,58704.26673249999,18.129,,W2
QSO_53.8275344-15.904424,58704.397439000015,18.361,0.383,W2
QSO_53.8275344-15.904424,58704.59351700004,18.854,,W2
QSO_53.8275344-15.904424,58704.85500299999,18.488,0.379,W2
QSO_53.8275344-15.904424,58863.17316699998,18.811,,W2
QSO_53.8275344-15.904424,58863.304231600014,18.767,0.534,W2
QSO_53.8275344-15.904424,58863.6974986,18.862,,W2
QSO_53.8275344-15.904424,58863.76308580001,18.186,,W2
QSO_53.8275344-15.904424,58864.156316199966,18.68,,W2
QSO_53.8275344-15.904424,59068.52980120004,17.613,,W2
QSO_53.8275344-15.904424,59068.59538839997,18.759,,W2
QSO_53.8275344-15.904424,59068.85748100001,17.779,0.342,W2
QSO_53.8275344-15.904424,59228.003088499965,18.484,,W2
QSO_53.8275344-15.904424,59228.264465,18.468,,W2
QSO_53.8275344-15.904424,59436.02961899999,18.319,0.339,W2
QSO_53.8275344-15.904424,59436.2908495,18.219,,W2
QSO_53.8275344-15.904424,59436.682677000026,17.925,,W2
QSO_53.8275344-15.904424,59595.38383750002,18.569,,W2
QSO_53.8275344-15.904424,59799.85764050004,19.033,,W2
QSO_53.8275344-15.904424,59800.05309799998,18.776,,W2
QSO_53.8275344-15.904424,59800.11825049996,18.543,,W2
QSO_53.8275344-15.904424,59800.18354899997,18.893,,W2
QSO_53.8275344-15.904424,59959.06224549997,18.486,,W2
QSO_53.8275344-15.904424,59959.38749699997,18.066,,W2
QSO_53.8275344-15.904424,59959.517692500005,18.132,,W2
QSO_53.8275344-15.904424,60163.26806550003,17.921,,W2
QSO_53.8275344-15.904424,60163.65668099999,18.58,,W2
QSO_53.8275344-15.904424,60163.72146850002,18.536,,W2
QSO_53.8275344-15.904424,60166.248034999975,18.842,,W2
QSO_53.8275344-15.904424,60166.636650500026,18.484,,W2
QSO_53.8275344-15.904424,60166.83097649999,18.642,,W2
QSO_53.8275344-15.904424,60167.47866899999,18.476,0.413,W2
QSO_53.8275344-15.904424,60322.83477819996,18.694,,W2
QSO_53.8275344-15.904424,60323.67504100003,18.06,,W2
QSO_53.8954294-15.9611404,55228.03927149996,18.71,0.216,W1
QSO_53.8954294-15.9611404,55228.10540949998,18.91,0.253,W1
QSO_53.8954294-15.9611404,55228.17147450002,18.869,0.228,W1
QSO_53.8954294-15.9611404,55228.23764899998,19.343,0.424,W1
QSO_53.8954294-15.9611404,55228.30367749999,18.678,0.204,W1
QSO_53.8954294-15.9611404,55228.30382350003,19.132,0.306,W1
QSO_53.8954294-15.9611404,55228.36985200004,18.866,0.272,W1
QSO_53.8954294-15.9611404,55228.4360265,18.725,0.243,W1
QSO_53.8954294-15.9611404,55228.50205500001,18.752,0.253,W1
QSO_53.8954294-15.9611404,55228.63440400002,18.581,0.188,W1
QSO_53.8954294-15.9611404,55417.62081900003,19.463,0.437,W1
QSO_53.8954294-15.9611404,55417.753022,19.244,0.357,W1
QSO_53.8954294-15.9611404,55417.88511549997,19.11,0.285,W1
QSO_53.8954294-15.9611404,55417.885224999976,18.333,0.145,W1
QSO_53.8954294-15.9611404,55417.95129000002,19.391,0.405,W1
QSO_53.8954294-15.9611404,55418.01731850003,18.784,0.233,W1
QSO_53.8954294-15.9611404,55418.08349299999,18.909,0.263,W1
QSO_53.8954294-15.9611404,55418.281761000006,18.524,0.186,W1
QSO_53.8954294-15.9611404,55418.347935499965,19.426,0.43,W1
QSO_53.8954294-15.9611404,55418.480138500025,18.685,,W1
QSO_53.8954294-15.9611404,55418.6123415,18.908,0.256,W1
QSO_53.8954294-15.9611404,55418.74443499997,18.657,0.211,W1
QSO_53.8954294-15.9611404,55418.74454449997,19.54,0.444,W1
QSO_53.8954294-15.9611404,55592.38256350003,19.079,0.292,W1
QSO_53.8954294-15.9611404,55592.84512799999,18.835,0.241,W1
QSO_53.8954294-15.9611404,55592.84523749999,18.787,0.275,W1
QSO_53.8954294-15.9611404,55592.97733099996,18.882,0.251,W1
QSO_53.8954294-15.9611404,56690.199387499975,18.962000000000003,0.281,W1
QSO_53.8954294-15.9611404,56690.39688899996,18.663,0.2,W1
QSO_53.8954294-15.9611404,56690.46266200002,18.924,0.258,W1
QSO_53.8954294-15.9611404,56690.6601635,18.575,0.227,W1
QSO_53.8954294-15.9611404,56880.853451000025,18.832,0.263,W1
QSO_53.8954294-15.9611404,57245.16921747087,19.221,0.463,W1
QSO_53.8954294-15.9611404,57413.03231459157,18.673,0.232,W1
QSO_53.8954294-15.9611404,57413.032460991606,18.793,0.236,W1
QSO_53.8954294-15.9611404,57413.09804819369,18.501,0.2,W1
QSO_53.8954294-15.9611404,57413.55792720823,18.74,0.218,W1
QSO_53.8954294-15.9611404,57608.75411478095,18.712000000000003,0.345,W1
QSO_53.8954294-15.9611404,57608.75422458096,18.533,0.261,W1
QSO_53.8954294-15.9611404,57609.14800399339,18.854,0.264,W1
QSO_53.8954294-15.9611404,57609.21373759551,18.632,0.204,W1
QSO_53.8954294-15.9611404,57609.47634260376,19.351,0.412,W1
QSO_53.8954294-15.9611404,57609.60762680795,18.763,0.268,W1
QSO_53.8954294-15.9611404,57609.8702318162,19.562,0.456,W1
QSO_53.8954294-15.9611404,57775.43878600001,18.346,0.157,W1
QSO_53.8954294-15.9611404,57775.569748,18.649,0.203,W1
QSO_53.8954294-15.9611404,57775.83148949999,19.077,0.292,W1
QSO_53.8954294-15.9611404,57775.897043500045,19.253,0.363,W1
QSO_53.8954294-15.9611404,57776.28971049999,19.116,,W1
QSO_53.8954294-15.9611404,57973.61524400004,18.333,0.162,W1
QSO_53.8954294-15.9611404,57973.87687600002,18.867,0.367,W1
QSO_53.8954294-15.9611404,57980.158088,19.03,,W1
QSO_53.8954294-15.9611404,57980.15819750001,18.762,0.23,W1
QSO_53.8954294-15.9611404,58134.23926100002,18.651,0.192,W1
QSO_53.8954294-15.9611404,58134.37007699998,18.802,0.229,W1
QSO_53.8954294-15.9611404,58134.50089300001,18.209,0.227,W1
QSO_53.8954294-15.9611404,58134.69711699998,19.041,0.296,W1
QSO_53.8954294-15.9611404,58134.762525,18.753,0.216,W1
QSO_53.8954294-15.9611404,58135.220344500005,18.799,0.222,W1
QSO_53.8954294-15.9611404,58339.96147349996,18.393,0.168,W1
QSO_53.8954294-15.9611404,58340.55003600004,19.137,0.321,W1
QSO_53.8954294-15.9611404,58340.61540750002,19.029,0.29,W1
QSO_53.8954294-15.9611404,58340.68070600004,19.189,0.336,W1
QSO_53.8954294-15.9611404,58340.68081550004,19.003,0.271,W1
QSO_53.8954294-15.9611404,58340.81152199999,18.763,0.222,W1
QSO_53.8954294-15.9611404,58496.52789500003,18.896,0.281,W1
QSO_53.8954294-15.9611404,58496.98564149998,19.065,0.282,W1
QSO_53.8954294-15.9611404,58497.37783399997,18.756,0.227,W1
QSO_53.8954294-15.9611404,58499.5350935,19.133000000000003,0.372,W1
QSO_53.8954294-15.9611404,58499.92743200002,18.857,0.27,W1
QSO_53.8954294-15.9611404,58500.12365599999,18.561,0.212,W1
QSO_53.8954294-15.9611404,58704.26673249999,18.56,0.204,W1
QSO_53.8954294-15.9611404,58704.46284700003,19.232,0.352,W1
QSO_53.8954294-15.9611404,58863.17316699998,18.893,0.25,W1
QSO_53.8954294-15.9611404,58863.304231600014,18.444,0.281,W1
QSO_53.8954294-15.9611404,58863.76308580001,18.872,0.238,W1
QSO_53.8954294-15.9611404,58863.8285266,18.647,0.198,W1
QSO_53.8954294-15.9611404,59068.26774520004,18.536,0.188,W1
QSO_53.8954294-15.9611404,59068.52980120004,18.412,0.189,W1
QSO_53.8954294-15.9611404,59068.85748100001,18.707,0.233,W1
QSO_53.8954294-15.9611404,59068.92295840001,18.13,0.234,W1
QSO_53.8954294-15.9611404,59068.92306820002,19.207,0.324,W1
QSO_53.8954294-15.9611404,59068.988545600034,18.419,0.177,W1
QSO_53.8954294-15.9611404,59069.05413279997,18.829,0.231,W1
QSO_53.8954294-15.9611404,59069.51269419999,18.247,0.149,W1
QSO_53.8954294-15.9611404,59228.003088499965,18.568,0.186,W1
QSO_53.8954294-15.9611404,59228.264465,18.883000000000003,0.239,W1
QSO_53.8954294-15.9611404,59228.46043350001,18.564,0.343,W1
QSO_53.8954294-15.9611404,59228.59110350002,18.788,0.28,W1
QSO_53.8954294-15.9611404,59435.83365049998,18.353,0.167,W1
QSO_53.8954294-15.9611404,59436.2908495,18.739,0.222,W1
QSO_53.8954294-15.9611404,59436.42141,18.886000000000003,0.291,W1
QSO_53.8954294-15.9611404,59594.79618750001,19.387,0.421,W1
QSO_53.8954294-15.9611404,59595.57966,18.85,0.239,W1
QSO_53.8954294-15.9611404,59595.77548249999,18.551,0.188,W1
QSO_53.8954294-15.9611404,59799.85764050004,19.42,0.4,W1
QSO_53.8954294-15.9611404,59800.05309799998,18.958,0.274,W1
QSO_53.8954294-15.9611404,59800.18354899997,18.546,0.23,W1
QSO_53.8954294-15.9611404,59800.44426849998,19.116,0.312,W1
QSO_53.8954294-15.9611404,59959.06213599997,18.601,0.223,W1
QSO_53.8954294-15.9611404,59959.06224549997,18.458,0.183,W1
QSO_53.8954294-15.9611404,59959.38749699997,18.409,0.174,W1
QSO_53.8954294-15.9611404,59959.45254000003,18.693,0.204,W1
QSO_53.8954294-15.9611404,59959.517692500005,18.915,,W1
QSO_53.8954294-15.9611404,59959.58269900004,18.62,0.211,W1
QSO_53.8954294-15.9611404,59959.90795050003,19.088,0.433,W1
QSO_53.8954294-15.9611404,60163.72146850002,18.151,0.253,W1
QSO_53.8954294-15.9611404,60163.851007000034,18.141,0.168,W1
QSO_53.8954294-15.9611404,60166.636650500026,18.436,0.232,W1
QSO_53.8954294-15.9611404,60166.83097649999,19.044,0.324,W1
QSO_53.8954294-15.9611404,60167.34913049997,18.681,0.323,W1
QSO_53.8954294-15.9611404,60167.34923999997,19.097,0.31,W1
QSO_53.8954294-15.9611404,60167.47866899999,19.146,0.377,W1
QSO_53.8954294-15.9611404,60322.96404939998,19.18,0.322,W1
QSO_53.8954294-15.9611404,60323.2225552,19.12,0.318,W1
QSO_53.8954294-15.9611404,60323.35182640003,19.209000000000003,0.35,W1
QSO_53.8954294-15.9611404,60323.67504100003,18.836,0.242,W1
QSO_53.8954294-15.9611404,60323.93354679996,19.248,0.394,W1
QSO_53.8954294-15.9611404,55228.03927149996,18.517,0.319,W2
QSO_53.8954294-15.9611404,55228.10540949998,18.337,0.276,W2
QSO_53.8954294-15.9611404,55228.17147450002,18.572,0.369,W2
QSO_53.8954294-15.9611404,55228.23764899998,18.824,,W2
QSO_53.8954294-15.9611404,55228.30367749999,18.359,0.296,W2
QSO_53.8954294-15.9611404,55228.30382350003,18.873,0.517,W2
QSO_53.8954294-15.9611404,55228.36985200004,18.663,0.399,W2
QSO_53.8954294-15.9611404,55228.4360265,18.398,0.303,W2
QSO_53.8954294-15.9611404,55228.50205500001,18.326,,W2
QSO_53.8954294-15.9611404,55228.63440400002,18.959,0.533,W2
QSO_53.8954294-15.9611404,55417.62081900003,18.858,0.436,W2
QSO_53.8954294-15.9611404,55417.753022,18.607,0.396,W2
QSO_53.8954294-15.9611404,55417.88511549997,19.035,0.505,W2
QSO_53.8954294-15.9611404,55417.885224999976,18.069,0.233,W2
QSO_53.8954294-15.9611404,55417.95129000002,18.475,0.317,W2
QSO_53.8954294-15.9611404,55418.01731850003,18.779,,W2
QSO_53.8954294-15.9611404,55418.08349299999,18.405,0.333,W2
QSO_53.8954294-15.9611404,55418.281761000006,18.874,0.494,W2
QSO_53.8954294-15.9611404,55418.347935499965,18.624,0.351,W2
QSO_53.8954294-15.9611404,55418.480138500025,18.702,0.392,W2
QSO_53.8954294-15.9611404,55418.6123415,17.774,0.257,W2
QSO_53.8954294-15.9611404,55418.74443499997,18.963,0.514,W2
QSO_53.8954294-15.9611404,55418.74454449997,18.757,0.452,W2
QSO_53.8954294-15.9611404,55592.38256350003,18.943,0.534,W2
QSO_53.8954294-15.9611404,55592.84512799999,18.331,0.299,W2
QSO_53.8954294-15.9611404,55592.84523749999,18.204,0.346,W2
QSO_53.8954294-15.9611404,55592.97733099996,18.7,0.446,W2
QSO_53.8954294-15.9611404,56690.199387499975,18.197,0.294,W2
QSO_53.8954294-15.9611404,56690.39688899996,17.896,,W2
QSO_53.8954294-15.9611404,56690.46266200002,18.827,0.504,W2
QSO_53.8954294-15.9611404,56690.6601635,18.649,0.526,W2
QSO_53.8954294-15.9611404,56880.853451000025,18.193,0.295,W2
QSO_53.8954294-15.9611404,57245.16921747087,17.971999999999998,,W2
QSO_53.8954294-15.9611404,57413.03231459157,18.145,,W2
QSO_53.8954294-15.9611404,57413.032460991606,18.113,0.41,W2
QSO_53.8954294-15.9611404,57413.09804819369,18.14,,W2
QSO_53.8954294-15.9611404,57413.55792720823,18.572,,W2
QSO_53.8954294-15.9611404,57608.75411478095,18.725,0.514,W2
QSO_53.8954294-15.9611404,57608.75422458096,18.213,0.331,W2
QSO_53.8954294-15.9611404,57609.14800399339,18.622,0.448,W2
QSO_53.8954294-15.9611404,57609.21373759551,18.148,0.311,W2
QSO_53.8954294-15.9611404,57609.47634260376,18.541,0.515,W2
QSO_53.8954294-15.9611404,57609.60762680795,17.575,,W2
QSO_53.8954294-15.9611404,57609.8702318162,18.494,0.433,W2
QSO_53.8954294-15.9611404,57775.43878600001,18.675,,W2
QSO_53.8954294-15.9611404,57775.569748,18.206,,W2
QSO_53.8954294-15.9611404,57775.83148949999,18.072,0.278,W2
QSO_53.8954294-15.9611404,57775.897043500045,18.365,0.473,W2
QSO_53.8954294-15.9611404,57776.28971049999,18.046,,W2
QSO_53.8954294-15.9611404,57973.61524400004,18.85,0.521,W2
QSO_53.8954294-15.9611404,57973.87687600002,18.165,,W2
QSO_53.8954294-15.9611404,57980.158088,18.175,0.379,W2
QSO_53.8954294-15.9611404,57980.15819750001,18.418,0.433,W2
QSO_53.8954294-15.9611404,58134.23926100002,18.328,0.324,W2
QSO_53.8954294-15.9611404,58134.37007699998,18.238,,W2
QSO_53.8954294-15.9611404,58134.50089300001,18.761,0.436,W2
QSO_53.8954294-15.9611404,58134.69711699998,17.971,,W2
QSO_53.8954294-15.9611404,58134.762525,18.694,0.483,W2
QSO_53.8954294-15.9611404,58135.220344500005,18.865,0.518,W2
QSO_53.8954294-15.9611404,58339.96147349996,18.644,0.513,W2
QSO_53.8954294-15.9611404,58340.55003600004,18.439,,W2
QSO_53.8954294-15.9611404,58340.61540750002,18.219,,W2
QSO_53.8954294-15.9611404,58340.68070600004,18.255,0.332,W2
QSO_53.8954294-15.9611404,58340.68081550004,17.918,,W2
QSO_53.8954294-15.9611404,58340.81152199999,17.991,0.397,W2
QSO_53.8954294-15.9611404,58496.52789500003,18.587,,W2
QSO_53.8954294-15.9611404,58496.98564149998,18.026,,W2
QSO_53.8954294-15.9611404,58497.37783399997,17.942999999999998,,W2
QSO_53.8954294-15.9611404,58499.5350935,17.683,,W2
QSO_53.8954294-15.9611404,58499.92743200002,18.158,,W2
QSO_53.8954294-15.9611404,58500.12365599999,17.498,,W2
QSO_53.8954294-15.9611404,58704.26673249999,17.506999999999998,,W2
QSO_53.8954294-15.9611404,58704.46284700003,18.11,,W2
QSO_53.8954294-15.9611404,58863.17316699998,18.076,,W2
QSO_53.8954294-15.9611404,58863.304231600014,17.961,,W2
QSO_53.8954294-15.9611404,58863.76308580001,17.993,0.326,W2
QSO_53.8954294-15.9611404,58863.8285266,18.777,0.479,W2
QSO_53.8954294-15.9611404,59068.26774520004,18.588,0.474,W2
QSO_53.8954294-15.9611404,59068.52980120004,18.61,0.473,W2
QSO_53.8954294-15.9611404,59068.85748100001,18.355,,W2
QSO_53.8954294-15.9611404,59068.92295840001,17.884999999999998,,W2
QSO_53.8954294-15.9611404,59068.92306820002,17.892,0.257,W2
QSO_53.8954294-15.9611404,59068.988545600034,18.052,0.364,W2
QSO_53.8954294-15.9611404,59069.05413279997,18.711,0.493,W2
QSO_53.8954294-15.9611404,59069.51269419999,18.611,0.48,W2
QSO_53.8954294-15.9611404,59228.003088499965,17.887,,W2
QSO_53.8954294-15.9611404,59228.264465,18.145,,W2
QSO_53.8954294-15.9611404,59228.46043350001,18.804,0.455,W2
QSO_53.8954294-15.9611404,59228.59110350002,18.104,,W2
QSO_53.8954294-15.9611404,59435.83365049998,17.987,0.35,W2
QSO_53.8954294-15.9611404,59436.2908495,18.287,,W2
QSO_53.8954294-15.9611404,59436.42141,18.186,,W2
QSO_53.8954294-15.9611404,59594.79618750001,18.336,,W2
QSO_53.8954294-15.9611404,59595.57966,18.458,0.464,W2
QSO_53.8954294-15.9611404,59595.77548249999,18.255,0.458,W2
QSO_53.8954294-15.9611404,59799.85764050004,18.291,,W2
QSO_53.8954294-15.9611404,59800.05309799998,18.199,,W2
QSO_53.8954294-15.9611404,59800.18354899997,18.539,0.506,W2
QSO_53.8954294-15.9611404,59800.44426849998,17.608,,W2
QSO_53.8954294-15.9611404,59959.06213599997,18.099,,W2
QSO_53.8954294-15.9611404,59959.06224549997,18.255,,W2
QSO_53.8954294-15.9611404,59959.38749699997,18.643,,W2
QSO_53.8954294-15.9611404,59959.45254000003,18.678,0.44,W2
QSO_53.8954294-15.9611404,59959.517692500005,18.677,0.498,W2
QSO_53.8954294-15.9611404,59959.58269900004,17.985,,W2
QSO_53.8954294-15.9611404,59959.90795050003,18.749,0.447,W2
QSO_53.8954294-15.9611404,60163.72146850002,17.88,0.275,W2
QSO_53.8954294-15.9611404,60163.851007000034,18.464,0.433,W2
QSO_53.8954294-15.9611404,60166.636650500026,18.153,,W2
QSO_53.8954294-15.9611404,60166.83097649999,18.225,0.33,W2
QSO_53.8954294-15.9611404,60167.34913049997,18.063,,W2
QSO_53.8954294-15.9611404,60167.34923999997,17.958,,W2
QSO_53.8954294-15.9611404,60167.47866899999,18.529,0.516,W2
QSO_53.8954294-15.9611404,60322.96404939998,18.419,0.324,W2
QSO_53.8954294-15.9611404,60323.2225552,18.134,,W2
QSO_53.8954294-15.9611404,60323.35182640003,17.834,0.238,W2
QSO_53.8954294-15.9611404,60323.67504100003,18.1,0.32,W2
QSO_53.8954294-15.9611404,60323.93354679996,18.584,0.418,W2
