oid,MHPS_ratio_W1,MHPS_low_W1,MHPS_high_W1,MHPS_non_zero_W1,MHPS_PN_flag_W1,MHPS_ratio_W2,MHPS_low_W2,MHPS_high_W2,MHPS_non_zero_W2,MHPS_PN_flag_W2,GP_DRW_sigma_W1,GP_DRW_tau_W1,GP_DRW_sigma_W2,GP_DRW_tau_W2,iqr_W1,iqr_W2,Amplitude_W1,AndersonDarling_W1,Autocor_length_W1,Beyond1Std_W1,Con_W1,Eta_e_W1,Gskew_W1,MaxSlope_W1,Mean_W1,Meanvariance_W1,MedianAbsDev_W1,MedianBRP_W1,PairSlopeTrend_W1,PercentAmplitude_W1,Q31_W1,Rcs_W1,Skew_W1,SmallKurtosis_W1,Std_W1,StetsonK_W1,Pvar_W1,ExcessVar_W1,SF_ML_amplitude_W1,SF_ML_gamma_W1,IAR_phi_W1,LinearTrend_W1,Amplitude_W2,AndersonDarling_W2,Autocor_length_W2,Beyond1Std_W2,Con_W2,Eta_e_W2,Gskew_W2,MaxSlope_W2,Mean_W2,Meanvariance_W2,MedianAbsDev_W2,MedianBRP_W2,PairSlopeTrend_W2,PercentAmplitude_W2,Q31_W2,Rcs_W2,Skew_W2,SmallKurtosis_W2,Std_W2,StetsonK_W2,Pvar_W2,ExcessVar_W2,SF_ML_amplitude_W2,SF_ML_gamma_W2,IAR_phi_W2,LinearTrend_W2
QSO_134.556292+0.015861,,,,,,,,,,,0.2573629384157286,1.0,0.052922068352600424,1.0,0.5438749999999999,0.28650000000000375,0.871500000000001,0.3446353142391091,1.0,0.0,0.0,0.6315553751192035,-0.0659999999999954,0.0032912632988899393,18.971312500000003,0.026736472184844845,0.308250000000001,0.375,0.03333333333333333,0.047876141325922925,0.5438749999999999,0.3937008842567547,-0.35047222574592574,2.1975979505462266,0.5072259689662494,,1.0,0.0007039705999499052,0.25490911028107344,0.2566819681944169,0.9977375387905241,-0.00022012363774266385,0.39124999999999943,0.2104455003815803,1.0,0.0,0.0,0.9410002642922486,-0.16750000000000398,0.0018170970797769166,18.5878125,0.0129263878566478,0.1664999999999992,0.25,0.03333333333333333,0.025519112472130515,0.28650000000000375,0.2946514769858948,-0.4797647368552328,1.3232583813131917,0.24027327378164617,,1.0,0.00016104621142785719,15.0,3.0,0.9975988876149435,-1.4174962961187203e-05
QSO_134.566247-0.1160813,,,,,,,,,,,0.13821119721582356,1.0,0.013390674414350745,1.0,0.4634999999999998,0.26950000000000074,,,,,,,,,,,,,,,,,,,,,,,,,,,,,,,,,,,,,,,,,,,,,,,,,,,,
QSO_134.6906451-0.0316765,,,,,,,,,,,0.005093120709715981,1.0,0.003967396628772225,1.0,0.07774999999999821,0.08024999999999949,,,,,,,,,,,,,,,,,,,,,,,,,,,,,,,,,,,,,,,,,,,,,,,,,,,,
