oid,time,magnitude,error,band
QSO_20.224694+21.785058,55209.83071724996,19.2655,0.1058716250937898,W1
QSO_20.224694+21.785058,55396.65795650003,19.238,0.0617634938790649,W1
QSO_20.224694+21.785058,55571.64052600001,18.556,0.0,W1
QSO_20.224694+21.785058,56672.53125225002,18.81,0.204353859762912,W1
QSO_20.224694+21.785058,56861.78081400002,19.0015,0.0816152367821108,W1
QSO_20.224694+21.785058,57036.07338832906,18.573,0.0,W1
QSO_20.224694+21.785058,57223.00254253596,18.631,0.0,W1
QSO_20.224694+21.785058,57395.50047507439,18.893,0.0980978347629809,W1
QSO_20.224694+21.785058,57587.34451120781,18.778,0.1570211120506722,W1
QSO_20.224694+21.785058,57755.48474700001,18.955,0.1079058546576033,W1
QSO_20.224694+21.785058,58118.41808050005,18.846000000000004,0.0779102047231298,W1
QSO_20.224694+21.785058,58479.044796500006,18.738,0.161076413888288,W1
QSO_20.224694+21.785058,58842.74937499997,18.880000000000003,0.067831753452244,W1
QSO_20.224694+21.785058,59130.56046939999,18.821,0.1240750619584773,W1
QSO_20.224694+21.785058,59414.729168000005,19.003,0.0730985994928317,W1
QSO_20.224694+21.785058,59939.09086899999,18.475,0.0,W1
QSO_20.224694+21.785058,60145.57323050001,18.912,0.0815179602453693,W1
QSO_20.224694+21.785058,60509.70996789994,18.689,0.2786000717874985,W1
QSO_20.224694+21.785058,55209.83071724996,18.457,0.0745116165439993,W2
QSO_20.224694+21.785058,55396.65795650003,18.511,0.0516152655665784,W2
QSO_20.224694+21.785058,55571.64052600001,18.519,0.0,W2
QSO_20.224694+21.785058,56672.53125225002,18.203,0.1400071426749367,W2
QSO_20.224694+21.785058,56861.78081400002,18.404,0.2468322747839108,W2
QSO_20.224694+21.785058,57036.07338832906,12.746,0.0,W2
QSO_20.224694+21.785058,57223.00254253596,18.864,0.0,W2
QSO_20.224694+21.785058,57395.50047507439,18.388,0.3598031354731313,W2
QSO_20.224694+21.785058,57587.34451120781,18.144,0.164916814047433,W2
QSO_20.224694+21.785058,57755.48474700001,18.526,0.1000940374174736,W2
QSO_20.224694+21.785058,58118.41808050005,18.1745,0.14398123913282,W2
QSO_20.224694+21.785058,58479.044796500006,18.242,0.079042768545005,W2
QSO_20.224694+21.785058,58842.74937499997,18.488,0.1184054669149023,W2
QSO_20.224694+21.785058,59130.56046939999,18.1495,0.0995325524640055,W2
QSO_20.224694+21.785058,59414.729168000005,18.377,0.1131063639353781,W2
QSO_20.224694+21.785058,59939.09086899999,18.44,0.0,W2
QSO_20.224694+21.785058,60145.57323050001,18.206,0.1327857609423464,W2
QSO_20.224694+21.785058,60509.70996789994,16.268,0.8994398256692879,W2
QSO_20.1492941+21.871361,55209.86380450002,18.048,0.0262101635043377,W1
QSO_20.1492941+21.871361,55396.55874950001,18.1005,0.0313041013169083,W1
QSO_20.1492941+21.871361,55571.64052600001,18.008499999999998,0.0894490078200995,W1
QSO_20.1492941+21.871361,56672.56413874996,17.878999999999998,0.0453265064559358,W1
QSO_20.1492941+21.871361,56861.51786799998,17.962,0.0378322410603554,W1
QSO_20.1492941+21.871361,57035.61378030002,17.936999999999998,0.093427666475053,W1
QSO_20.1492941+21.871361,57223.06795054013,17.944,0.0603469560296193,W1
QSO_20.1492941+21.871361,57395.53326867639,18.0155,0.0509195904097824,W1
QSO_20.1492941+21.871361,57587.47585031608,17.867,0.0583973061910422,W1
QSO_20.1492941+21.871361,57755.48474700001,17.889,0.0614207866405998,W1
QSO_20.1492941+21.871361,58118.41815350003,18.0,0.0316666035821745,W1
QSO_20.1492941+21.871361,58119.07223349995,17.814500000000002,0.0463154941677176,W1
QSO_20.1492941+21.871361,58479.044796500006,17.9635,0.0820194019221468,W1
QSO_20.1492941+21.871361,58762.81561600002,17.947000000000003,0.0308037673758924,W1
QSO_20.1492941+21.871361,59210.48802519997,17.985,0.0315582018653086,W1
QSO_20.1492941+21.871361,59414.925118249965,18.026,0.0557413493922598,W1
QSO_20.1492941+21.871361,59778.53466900002,17.866999999999997,0.0688667416041555,W1
QSO_20.1492941+21.871361,60225.29131099999,17.9595,0.0432608255057332,W1
QSO_20.1492941+21.871361,60509.64597279998,17.860500000000002,0.1381023674268073,W1
QSO_20.1492941+21.871361,55209.86380450002,18.0265,0.0385128358177799,W2
QSO_20.1492941+21.871361,55396.55874950001,18.3385,0.0615714613237093,W2
QSO_20.1492941+21.871361,55571.64052600001,18.0645,0.0137885822331369,W2
QSO_20.1492941+21.871361,56672.56413874996,18.196,0.0858860073003744,W2
QSO_20.1492941+21.871361,56861.51786799998,18.184,0.12626487064223,W2
QSO_20.1492941+21.871361,57035.61378030002,18.198,0.0677898054721174,W2
QSO_20.1492941+21.871361,57223.06795054013,18.126,0.0672204501716759,W2
QSO_20.1492941+21.871361,57395.53326867639,18.0615,0.0933161209947136,W2
QSO_20.1492941+21.871361,57587.47585031608,17.996000000000002,0.0877555527419035,W2
QSO_20.1492941+21.871361,57755.48474700001,18.141,0.0563156886677547,W2
QSO_20.1492941+21.871361,58118.41815350003,18.22,0.0640019913208642,W2
QSO_20.1492941+21.871361,58119.07223349995,18.270000000000003,0.0381837661840737,W2
QSO_20.1492941+21.871361,58479.044796500006,18.276000000000003,0.0786433581288197,W2
QSO_20.1492941+21.871361,58762.81561600002,18.112,0.0654608272019166,W2
QSO_20.1492941+21.871361,59210.48802519997,18.119,0.0670617391849957,W2
QSO_20.1492941+21.871361,59414.925118249965,18.106,0.0642388491304859,W2
QSO_20.1492941+21.871361,59778.53466900002,18.008,0.1026611869636739,W2
QSO_20.1492941+21.871361,60225.29131099999,18.0445,0.0709800928710604,W2
QSO_20.1492941+21.871361,60509.64597279998,17.7505,0.1162875785538849,W2
QSO_20.1470699+21.6300492,55209.76461574997,18.4325,0.0690155029572159,W1
QSO_20.1470699+21.6300492,55396.49270275002,18.493,0.0394422559749783,W1
QSO_20.1470699+21.6300492,55571.57442450002,18.272,0.154773372629145,W1
QSO_20.1470699+21.6300492,56672.53117924996,18.3955,0.0860642474405023,W1
QSO_20.1470699+21.6300492,56861.41929975001,18.463,0.120704054405807,W1
QSO_20.1470699+21.6300492,57035.54811679573,18.441000000000003,0.0925441502910173,W1
QSO_20.1470699+21.6300492,57222.9697655339,18.449,0.0652787293074859,W1
QSO_20.1470699+21.6300492,57395.40183806809,18.475,0.1477956547248788,W1
QSO_20.1470699+21.6300492,57587.443075014045,18.458,0.080881846213319,W1
QSO_20.1470699+21.6300492,57755.38658024994,18.506500000000003,0.0650021845786738,W1
QSO_20.1470699+21.6300492,58118.28719149996,18.378,0.0760616142945719,W1
QSO_20.1470699+21.6300492,58119.07223349995,18.6705,0.220970869120796,W1
QSO_20.1470699+21.6300492,58478.91403525005,18.5145,0.0802128932039707,W1
QSO_20.1470699+21.6300492,58762.75046350005,18.4695,0.0522393431678592,W1
QSO_20.1470699+21.6300492,59050.50184899999,18.338,0.0632929985365619,W1
QSO_20.1470699+21.6300492,59414.729168000005,18.526,0.0938022822118321,W1
QSO_20.1470699+21.6300492,59778.3392115,18.501,0.0985412115328933,W1
QSO_20.1470699+21.6300492,60305.07450750001,18.393,0.0534464017230614,W1
QSO_20.1470699+21.6300492,60509.48628699996,18.374,0.079778393064789,W1
QSO_20.1470699+21.6300492,55209.76461574997,18.2765,0.0612314704114641,W2
QSO_20.1470699+21.6300492,55396.49270275002,18.278,0.0430913482497528,W2
QSO_20.1470699+21.6300492,55571.57442450002,18.1505,0.0498176361843873,W2
QSO_20.1470699+21.6300492,56672.53117924996,18.269,0.0805457823034514,W2
QSO_20.1470699+21.6300492,56861.41929975001,18.198500000000003,0.0760873264742561,W2
QSO_20.1470699+21.6300492,57035.54811679573,18.433,0.0320514418482878,W2
QSO_20.1470699+21.6300492,57222.9697655339,18.1725,0.088591661130577,W2
QSO_20.1470699+21.6300492,57395.40183806809,17.972,0.0797709974679838,W2
QSO_20.1470699+21.6300492,57587.443075014045,18.1305,0.0801954156264559,W2
QSO_20.1470699+21.6300492,57755.38658024994,18.427,0.1001965119153354,W2
QSO_20.1470699+21.6300492,58118.28719149996,18.205,0.0821389728451623,W2
QSO_20.1470699+21.6300492,58119.07223349995,17.7975,0.0350017856687329,W2
QSO_20.1470699+21.6300492,58478.91403525005,18.221,0.0841187467622486,W2
QSO_20.1470699+21.6300492,58762.75046350005,18.247,0.0668674061108998,W2
QSO_20.1470699+21.6300492,59050.50184899999,18.174,0.0701511931782734,W2
QSO_20.1470699+21.6300492,59414.729168000005,18.009,0.0496024611097892,W2
QSO_20.1470699+21.6300492,59778.3392115,18.069,0.0767520905377857,W2
QSO_20.1470699+21.6300492,60305.07450750001,18.1275,0.0915689869616228,W2
QSO_20.1470699+21.6300492,60509.48628699996,17.423,0.1012843127043868,W2
QSO_20.4367397+21.8171169,55210.06218200004,18.208,0.060517986969222,W1
QSO_20.4367397+21.8171169,55396.82317375001,18.156,0.0342992262492364,W1
QSO_20.4367397+21.8171169,56672.794581500064,18.2405,0.0793634396656015,W1
QSO_20.4367397+21.8171169,56861.747909250014,18.259,0.0483942248620638,W1
QSO_20.4367397+21.8171169,57035.84360256456,18.102,0.0544366030350903,W1
QSO_20.4367397+21.8171169,57223.1991497984,18.1155,0.0747250515779904,W1
QSO_20.4367397+21.8171169,57395.8946570993,18.078,0.1568791636897648,W1
QSO_20.4367397+21.8171169,57587.47585031608,18.221,0.0691880928158883,W1
QSO_20.4367397+21.8171169,57755.71387575007,18.1785,0.0613764001876944,W1
QSO_20.4367397+21.8171169,57955.5496055,18.115,0.0338732140346852,W1
QSO_20.4367397+21.8171169,58119.07223349995,18.0955,0.143189123190275,W1
QSO_20.4367397+21.8171169,58479.14290849999,18.1015,0.053262829440427,W1
QSO_20.4367397+21.8171169,58843.01086100001,18.324,0.0624149609297223,W1
QSO_20.4367397+21.8171169,59210.6190898,18.079,0.046439044874856,W1
QSO_20.4367397+21.8171169,59415.12110500004,18.086,0.0542976171152741,W1
QSO_20.4367397+21.8171169,59779.056254,18.189,0.0534199399689159,W1
QSO_20.4367397+21.8171169,60305.39702149999,18.246,0.0553914126249961,W1
QSO_20.4367397+21.8171169,60509.86970859996,18.156,0.0817820047216769,W1
QSO_20.4367397+21.8171169,55210.06218200004,18.198,0.0985793680780551,W2
QSO_20.4367397+21.8171169,55396.82317375001,18.3285,0.0588312627507844,W2
QSO_20.4367397+21.8171169,56672.794581500064,18.3845,0.0856626674379956,W2
QSO_20.4367397+21.8171169,56861.747909250014,18.4545,0.0716645588837328,W2
QSO_20.4367397+21.8171169,57035.84360256456,18.138,0.1003338178282875,W2
QSO_20.4367397+21.8171169,57223.1991497984,18.264,0.1472599113183268,W2
QSO_20.4367397+21.8171169,57395.8946570993,18.475,0.1087910290419203,W2
QSO_20.4367397+21.8171169,57587.47585031608,18.318,0.0582265981720886,W2
QSO_20.4367397+21.8171169,57755.71387575007,18.2325,0.1350986907782601,W2
QSO_20.4367397+21.8171169,57955.5496055,18.101,0.0789706363271293,W2
QSO_20.4367397+21.8171169,58119.07223349995,18.126,0.2920351006300443,W2
QSO_20.4367397+21.8171169,58479.14290849999,18.143,0.0742813839397192,W2
QSO_20.4367397+21.8171169,58843.01086100001,18.402,0.0800082922073606,W2
QSO_20.4367397+21.8171169,59210.6190898,18.121,0.0760043741431301,W2
QSO_20.4367397+21.8171169,59415.12110500004,18.068,0.0573497363740733,W2
QSO_20.4367397+21.8171169,59779.056254,18.216,0.1463694331953804,W2
QSO_20.4367397+21.8171169,60305.39702149999,18.21,0.056213439805929,W2
QSO_20.4367397+21.8171169,60509.86970859996,18.088,0.1776440469236374,W2
QSO_20.3181582+21.766429,55209.96299324998,17.7725,0.0316468165855585,W1
QSO_20.3181582+21.766429,55396.65795650003,17.729,0.0271873871406244,W1
QSO_20.3181582+21.766429,56672.63000299997,17.749000000000002,0.057864978053493,W1
QSO_20.3181582+21.766429,56861.61647275007,17.7835,0.0355092580520546,W1
QSO_20.3181582+21.766429,57035.646612052085,17.739,0.0599647683018953,W1
QSO_20.3181582+21.766429,57223.1991497984,17.8545,0.0684420544315759,W1
QSO_20.3181582+21.766429,57395.69749288678,17.6495,0.0629610402756549,W1
QSO_20.3181582+21.766429,57587.44305671399,17.752000000000002,0.0547192943291029,W1
QSO_20.3181582+21.766429,57755.615709,17.756999999999998,0.0497408096852891,W1
QSO_20.3181582+21.766429,58118.48341550001,17.8385,0.0433198196952118,W1
QSO_20.3181582+21.766429,58119.07223349995,17.746499999999997,0.0760139789775538,W1
QSO_20.3181582+21.766429,58479.20831650001,17.833,0.0467915510426389,W1
QSO_20.3181582+21.766429,58842.88011800003,17.744999999999997,0.0326913686764181,W1
QSO_20.3181582+21.766429,59050.76394160002,17.804000000000002,0.0482494915387426,W1
QSO_20.3181582+21.766429,59414.990398500006,17.825,0.0380393558382973,W1
QSO_20.3181582+21.766429,59778.69765974998,17.8195,0.0452288514114607,W1
QSO_20.3181582+21.766429,60225.420612249945,17.7225,0.0347877176994174,W1
QSO_20.3181582+21.766429,60509.86970859996,17.658,0.0613557708145279,W1
QSO_20.3181582+21.766429,55209.96299324998,18.0925,0.0958418697647328,W2
QSO_20.3181582+21.766429,55396.65795650003,18.13,0.1068591692068408,W2
QSO_20.3181582+21.766429,56672.63000299997,18.191000000000003,0.0719529167040654,W2
QSO_20.3181582+21.766429,56861.61647275007,18.0335,0.0547804276601563,W2
QSO_20.3181582+21.766429,57035.646612052085,18.166,0.1149566494379513,W2
QSO_20.3181582+21.766429,57223.1991497984,18.262,0.1012504229529346,W2
QSO_20.3181582+21.766429,57395.69749288678,18.0705,0.0649712186992,W2
QSO_20.3181582+21.766429,57587.44305671399,18.218,0.0638540205272934,W2
QSO_20.3181582+21.766429,57755.615709,18.171,0.0676432990931733,W2
QSO_20.3181582+21.766429,58118.48341550001,18.09,0.0454476278860237,W2
QSO_20.3181582+21.766429,58119.07223349995,17.878,0.0608111831820432,W2
QSO_20.3181582+21.766429,58479.20831650001,18.086,0.0912454611637027,W2
QSO_20.3181582+21.766429,58842.88011800003,18.1385,0.0761835632058147,W2
QSO_20.3181582+21.766429,59050.76394160002,18.073,0.0697313620521897,W2
QSO_20.3181582+21.766429,59414.990398500006,18.025,0.0802256742870685,W2
QSO_20.3181582+21.766429,59778.69765974998,17.8845,0.1191541396679108,W2
QSO_20.3181582+21.766429,60225.420612249945,18.0425,0.0791543176703543,W2
QSO_20.3181582+21.766429,60509.86970859996,17.68,0.0736757532576068,W2
QSO_20.2284078+21.6481272,55209.86380450002,17.566000000000003,0.0310261032583199,W1
QSO_20.2284078+21.6481272,55396.525717000026,17.506,0.0345400169709224,W1
QSO_20.2284078+21.6481272,55571.64052600001,17.68,0.0,W1
QSO_20.2284078+21.6481272,56672.53117924996,17.447000000000003,0.0426878202769828,W1
QSO_20.2284078+21.6481272,56861.45220450001,17.541,0.0427517953190889,W1
QSO_20.2284078+21.6481272,57035.61378030002,17.584,0.05975338042574,W1
QSO_20.2284078+21.6481272,57222.9697655339,17.607999999999997,0.0464317375294094,W1
QSO_20.2284078+21.6481272,57395.36904446608,17.533,0.0222524608001408,W1
QSO_20.2284078+21.6481272,57587.47594181611,17.521,0.043300842520244,W1
QSO_20.2284078+21.6481272,57755.48474700001,17.586,0.0218025770642284,W1
QSO_20.2284078+21.6481272,58118.4180075,17.527,0.0322383248139616,W1
QSO_20.2284078+21.6481272,58119.07223349995,17.631,0.0084852813742388,W1
QSO_20.2284078+21.6481272,58478.8812765,17.473,0.0343327665080468,W1
QSO_20.2284078+21.6481272,58762.81561600002,17.5865,0.0313847096529503,W1
QSO_20.2284078+21.6481272,59210.55355749998,17.552500000000002,0.0246277533398379,W1
QSO_20.2284078+21.6481272,59414.79450299996,17.5505,0.0365572558612411,W1
QSO_20.2284078+21.6481272,59778.37178774999,17.5025,0.0522622406415471,W1
QSO_20.2284078+21.6481272,60305.13896650002,17.570999999999998,0.0231360549151543,W1
QSO_20.2284078+21.6481272,60509.80580500003,17.606,0.0756171113033675,W1
QSO_20.2284078+21.6481272,55209.86380450002,18.247,0.0541037903962066,W2
QSO_20.2284078+21.6481272,55396.525717000026,18.257,0.063326055706398,W2
QSO_20.2284078+21.6481272,55571.64052600001,18.035,0.0,W2
QSO_20.2284078+21.6481272,56672.53117924996,17.9365,0.0930277071461776,W2
QSO_20.2284078+21.6481272,56861.45220450001,18.067,0.050588126348215,W2
QSO_20.2284078+21.6481272,57035.61378030002,18.009,0.0760503132522979,W2
QSO_20.2284078+21.6481272,57222.9697655339,18.148,0.079537088439922,W2
QSO_20.2284078+21.6481272,57395.36904446608,18.066,0.0838061069185969,W2
QSO_20.2284078+21.6481272,57587.47594181611,17.993,0.0885615887778595,W2
QSO_20.2284078+21.6481272,57755.48474700001,18.153,0.0600695564768612,W2
QSO_20.2284078+21.6481272,58118.4180075,18.078,0.0503703079387055,W2
QSO_20.2284078+21.6481272,58119.07223349995,18.200000000000003,0.1859690834520619,W2
QSO_20.2284078+21.6481272,58478.8812765,18.216,0.0643634221584581,W2
QSO_20.2284078+21.6481272,58762.81561600002,17.956,0.0741297617313317,W2
QSO_20.2284078+21.6481272,59210.55355749998,18.0475,0.088620200586486,W2
QSO_20.2284078+21.6481272,59414.79450299996,17.816,0.0848250228762672,W2
QSO_20.2284078+21.6481272,59778.37178774999,18.028,0.066912358140145,W2
QSO_20.2284078+21.6481272,60305.13896650002,18.059,0.0628473046653848,W2
QSO_20.2284078+21.6481272,60509.80580500003,17.553,0.0738779625650957,W2
QSO_20.3721867+21.8318502,55209.99600749999,18.385,0.0541935618755616,W1
QSO_20.3721867+21.8318502,55396.724094499965,18.299,0.0610421703701276,W1
QSO_20.3721867+21.8318502,56672.43250149999,18.521,0.1504972006630273,W1
QSO_20.3721867+21.8318502,56861.68219100004,18.3535,0.0771350277111507,W1
QSO_20.3721867+21.8318502,57222.93687903175,18.221,0.0418790144565493,W1
QSO_20.3721867+21.8318502,57395.59898398063,18.228,0.1054920020665074,W1
QSO_20.3721867+21.8318502,57587.41013501192,18.2765,0.1205617061923054,W1
QSO_20.3721867+21.8318502,57755.74663450004,18.483,0.0523210091645797,W1
QSO_20.3721867+21.8318502,57955.41878949996,18.411,0.1497099041265675,W1
QSO_20.3721867+21.8318502,58119.00682550002,18.432,0.0,W1
QSO_20.3721867+21.8318502,58479.33905950007,18.2635,0.0457575130443078,W1
QSO_20.3721867+21.8318502,58843.20690250008,18.245,0.0625975159251547,W1
QSO_20.3721867+21.8318502,59050.50184899999,18.21,0.0432112550452465,W1
QSO_20.3721867+21.8318502,59414.859838,18.174,0.081942684643167,W1
QSO_20.3721867+21.8318502,59778.925803,18.21,0.0742972009841156,W1
QSO_20.3721867+21.8318502,60145.57323050001,18.393,0.1166021455919785,W1
QSO_20.3721867+21.8318502,60509.86972690002,18.203,0.1150469333576516,W1
QSO_20.3721867+21.8318502,55209.99600749999,18.213,0.0669238889492847,W2
QSO_20.3721867+21.8318502,55396.724094499965,18.32,0.092273687030275,W2
QSO_20.3721867+21.8318502,56672.43250149999,18.087,0.2950308207377407,W2
QSO_20.3721867+21.8318502,56861.68219100004,18.151,0.0802990504302511,W2
QSO_20.3721867+21.8318502,57222.93687903175,18.379,0.1145260766036372,W2
QSO_20.3721867+21.8318502,57395.59898398063,18.272,0.0686235200204713,W2
QSO_20.3721867+21.8318502,57587.41013501192,18.1655,0.0887419010389121,W2
QSO_20.3721867+21.8318502,57755.74663450004,18.281,0.121991934159599,W2
QSO_20.3721867+21.8318502,57955.41878949996,18.164,0.0830868385517514,W2
QSO_20.3721867+21.8318502,58119.00682550002,18.145,0.0,W2
QSO_20.3721867+21.8318502,58479.33905950007,18.008,0.1031799001592607,W2
QSO_20.3721867+21.8318502,58843.20690250008,18.2235,0.1048615706538863,W2
QSO_20.3721867+21.8318502,59050.50184899999,18.008,0.0827142643204638,W2
QSO_20.3721867+21.8318502,59414.859838,18.081,0.0824036203873909,W2
QSO_20.3721867+21.8318502,59778.925803,17.959,0.220468860655011,W2
QSO_20.3721867+21.8318502,60145.57323050001,18.235,0.0947912731190672,W2
QSO_20.3721867+21.8318502,60509.86972690002,17.759999999999998,0.0709413269892799,W2
QSO_20.0496203+21.8051208,55209.76461574997,17.75,0.0391464046880425,W1
QSO_20.0496203+21.8051208,55396.525717000026,17.802999999999997,0.0463462655600312,W1
QSO_20.0496203+21.8051208,55571.574479250026,17.854499999999998,0.0364159992311077,W1
QSO_20.0496203+21.8051208,56672.49827450004,17.674,0.0549358491503126,W1
QSO_20.0496203+21.8051208,56861.41922674995,17.8475,0.0307345546123938,W1
QSO_20.0496203+21.8051208,57035.54811679573,17.814999999999998,0.0517589379172427,W1
QSO_20.0496203+21.8051208,57223.03524653796,17.8155,0.1494349852438002,W1
QSO_20.0496203+21.8051208,57395.40191126814,17.9235,0.0452143333192033,W1
QSO_20.0496203+21.8051208,57587.34451120781,17.807000000000002,0.0581215174197303,W1
QSO_20.0496203+21.8051208,57755.353930999976,17.822,0.0626120285406074,W1
QSO_20.0496203+21.8051208,58118.28733749999,17.787,0.0377988471357043,W1
QSO_20.0496203+21.8051208,58119.07223349995,18.018,0.0353553390593278,W1
QSO_20.0496203+21.8051208,58478.91408999998,17.805999999999997,0.0272040897660628,W1
QSO_20.0496203+21.8051208,58842.48785249999,17.874000000000002,0.0284798306368562,W1
QSO_20.0496203+21.8051208,59210.422511199926,17.884,0.0358823424541933,W1
QSO_20.0496203+21.8051208,59414.663887749964,17.8395,0.0388150380359774,W1
QSO_20.0496203+21.8051208,59778.30663525001,17.724,0.0423636164650752,W1
QSO_20.0496203+21.8051208,60145.57323050001,17.77,0.0385744518624983,W1
QSO_20.0496203+21.8051208,60509.55013569997,17.918,0.1146665597368084,W1
QSO_20.0496203+21.8051208,55209.76461574997,18.206,0.0798665699776822,W2
QSO_20.0496203+21.8051208,55396.525717000026,17.968,0.060701760162665,W2
QSO_20.0496203+21.8051208,55571.574479250026,18.358,0.2029396462005384,W2
QSO_20.0496203+21.8051208,56672.49827450004,17.753999999999998,0.0495137286966561,W2
QSO_20.0496203+21.8051208,56861.41922674995,18.205,0.0742032797237635,W2
QSO_20.0496203+21.8051208,57035.54811679573,18.048,0.1150575808609769,W2
QSO_20.0496203+21.8051208,57223.03524653796,18.1555,0.1117884079327914,W2
QSO_20.0496203+21.8051208,57395.40191126814,18.308,0.1447117757712722,W2
QSO_20.0496203+21.8051208,57587.34451120781,18.037,0.071556130997853,W2
QSO_20.0496203+21.8051208,57755.353930999976,18.257,0.0776705610214237,W2
QSO_20.0496203+21.8051208,58118.28733749999,18.215,0.0933944751723427,W2
QSO_20.0496203+21.8051208,58119.07223349995,18.243,0.1131370849898477,W2
QSO_20.0496203+21.8051208,58478.91408999998,18.043,0.1050388706710609,W2
QSO_20.0496203+21.8051208,58842.48785249999,17.983999999999998,0.0381281810810636,W2
QSO_20.0496203+21.8051208,59210.422511199926,18.1175,0.065757603172561,W2
QSO_20.0496203+21.8051208,59414.663887749964,18.0965,0.0838703659301067,W2
QSO_20.0496203+21.8051208,59778.30663525001,18.0285,0.0839335987552065,W2
QSO_20.0496203+21.8051208,60145.57323050001,18.121,0.0720547025353471,W2
QSO_20.0496203+21.8051208,60509.55013569997,17.5775,0.1040203931327889,W2
QSO_20.3961329+21.8401036,55210.02909475005,17.384999999999998,0.0276800289017189,W1
QSO_20.3961329+21.8401036,55396.724094499965,17.454,0.0202444463208457,W1
QSO_20.3961329+21.8401036,56672.794581500064,17.442999999999998,0.016106704378175,W1
QSO_20.3961329+21.8401036,56861.71507749999,17.539,0.0426705795851629,W1
QSO_20.3961329+21.8401036,57035.84360256456,17.4135,0.0605977870625237,W1
QSO_20.3961329+21.8401036,57223.13361404425,17.403,0.0109493378795252,W1
QSO_20.3961329+21.8401036,57395.8946570993,17.533,0.0343143118829454,W1
QSO_20.3961329+21.8401036,57587.60707962442,17.430999999999997,0.026035857758346,W1
QSO_20.3961329+21.8401036,57755.71387575007,17.473999999999997,0.0351814215442611,W1
QSO_20.3961329+21.8401036,58036.98380649996,17.464,0.0298979313226867,W1
QSO_20.3961329+21.8401036,58119.07223349995,17.537,0.0601040764008571,W1
QSO_20.3961329+21.8401036,58479.27372450002,17.487000000000002,0.0184700670635686,W1
QSO_20.3961329+21.8401036,58842.88011800003,17.539,0.0446174417450364,W1
QSO_20.3961329+21.8401036,59050.76394160002,17.512,0.0306158825477635,W1
QSO_20.3961329+21.8401036,59414.990398500006,17.527,0.0497093967354783,W1
QSO_20.3961329+21.8401036,59779.056254,17.463,0.0201947989338359,W1
QSO_20.3961329+21.8401036,60305.39702149999,17.522,0.0295415432317514,W1
QSO_20.3961329+21.8401036,60509.8377568,17.5265,0.0518581130479009,W1
QSO_20.3961329+21.8401036,55210.02909475005,18.18,0.0540416598560777,W2
QSO_20.3961329+21.8401036,55396.724094499965,18.297,0.0841007426319329,W2
QSO_20.3961329+21.8401036,56672.794581500064,17.863500000000002,0.1188753821507277,W2
QSO_20.3961329+21.8401036,56861.71507749999,18.182,0.0751162485011102,W2
QSO_20.3961329+21.8401036,57035.84360256456,18.1025,0.0686118498329552,W2
QSO_20.3961329+21.8401036,57223.13361404425,18.226,0.096712936053043,W2
QSO_20.3961329+21.8401036,57395.8946570993,18.296,0.0637009262099068,W2
QSO_20.3961329+21.8401036,57587.60707962442,18.148,0.0538793478708137,W2
QSO_20.3961329+21.8401036,57755.71387575007,17.999499999999998,0.1095691847646956,W2
QSO_20.3961329+21.8401036,58036.98380649996,18.0805,0.0772350757376353,W2
QSO_20.3961329+21.8401036,58119.07223349995,18.163,0.3167838379715735,W2
QSO_20.3961329+21.8401036,58479.27372450002,18.111,0.0707110836498289,W2
QSO_20.3961329+21.8401036,58842.88011800003,17.962,0.0837162207236142,W2
QSO_20.3961329+21.8401036,59050.76394160002,17.980999999999998,0.0580727833867743,W2
QSO_20.3961329+21.8401036,59414.990398500006,18.199,0.0548188144014491,W2
QSO_20.3961329+21.8401036,59779.056254,17.832,0.0896332414331963,W2
QSO_20.3961329+21.8401036,60305.39702149999,18.168,0.0741438219058695,W2
QSO_20.3961329+21.8401036,60509.8377568,17.497,0.0833386664960108,W2
QSO_20.2367513+21.7865115,55209.86380450002,17.92,0.0940678767279178,W1
QSO_20.2367513+21.7865115,55396.65795650003,17.973,0.0326704068654176,W1
QSO_20.2367513+21.7865115,55571.64052600001,17.884,0.0,W1
QSO_20.2367513+21.7865115,56672.63000299997,18.051,0.0549228985154747,W1
QSO_20.2367513+21.7865115,56861.550754500015,17.951,0.0641640086029545,W1
QSO_20.2367513+21.7865115,57035.646612052085,17.9615,0.0508980099991641,W1
QSO_20.2367513+21.7865115,57223.00254253596,17.92,0.0579601753292575,W1
QSO_20.2367513+21.7865115,57395.43475977024,17.9725,0.0906300988348503,W1
QSO_20.2367513+21.7865115,57587.54149242025,17.855,0.0507734923150444,W1
QSO_20.2367513+21.7865115,57755.48474700001,17.984,0.0279554760310072,W1
QSO_20.2367513+21.7865115,58036.9184715,17.985999999999997,0.0540856231324889,W1
QSO_20.2367513+21.7865115,58119.07223349995,17.905,0.0424264068711932,W1
QSO_20.2367513+21.7865115,58479.044796500006,17.985500000000002,0.0606582478514456,W1
QSO_20.2367513+21.7865115,58842.68376625,18.031,0.0326651901638041,W1
QSO_20.2367513+21.7865115,59050.63289530005,17.9345,0.0328907490793384,W1
QSO_20.2367513+21.7865115,59414.925118249965,18.005,0.0572913917742322,W1
QSO_20.2367513+21.7865115,59858.68251874996,17.951999999999998,0.0622616549079366,W1
QSO_20.2367513+21.7865115,60225.356098500015,18.05,0.0596264894503282,W1
QSO_20.2367513+21.7865115,60509.74186479999,17.8065,0.0509855190044008,W1
QSO_20.2367513+21.7865115,55209.86380450002,18.344,0.0598699780033197,W2
QSO_20.2367513+21.7865115,55396.65795650003,18.288,0.0957624412412334,W2
QSO_20.2367513+21.7865115,55571.64052600001,18.182,0.0,W2
QSO_20.2367513+21.7865115,56672.63000299997,18.289,0.1113057669706874,W2
QSO_20.2367513+21.7865115,56861.550754500015,18.318,0.0697624254165521,W2
QSO_20.2367513+21.7865115,57035.646612052085,18.372,0.0735617831315962,W2
QSO_20.2367513+21.7865115,57223.00254253596,18.129,0.0930756612504108,W2
QSO_20.2367513+21.7865115,57395.43475977024,18.2675,0.1310660174336808,W2
QSO_20.2367513+21.7865115,57587.54149242025,18.02,0.0847338484484584,W2
QSO_20.2367513+21.7865115,57755.48474700001,18.275,0.0644697845347449,W2
QSO_20.2367513+21.7865115,58036.9184715,18.0255,0.0746957563621824,W2
QSO_20.2367513+21.7865115,58119.07223349995,18.1495,0.1424820164090888,W2
QSO_20.2367513+21.7865115,58479.044796500006,18.027,0.0571157247920265,W2
QSO_20.2367513+21.7865115,58842.68376625,18.1355,0.0758778250606691,W2
QSO_20.2367513+21.7865115,59050.63289530005,18.174,0.0593277032675292,W2
QSO_20.2367513+21.7865115,59414.925118249965,17.985,0.051319072773392,W2
QSO_20.2367513+21.7865115,59858.68251874996,18.0535,0.0877260918284862,W2
QSO_20.2367513+21.7865115,60225.356098500015,18.2495,0.0548431139168558,W2
QSO_20.2367513+21.7865115,60509.74186479999,17.5435,0.0618310496733129,W2
QSO_20.3165076+21.7621582,55209.96299324998,17.95,0.0311913609834514,W1
QSO_20.3165076+21.7621582,55396.65795650003,17.871000000000002,0.0397956274096995,W1
QSO_20.3165076+21.7621582,56672.63000299997,17.764,0.077072719438415,W1
QSO_20.3165076+21.7621582,56861.58364100004,17.89,0.0382027506772503,W1
QSO_20.3165076+21.7621582,57035.646612052085,17.75,0.0586164539346675,W1
QSO_20.3165076+21.7621582,57223.1991497984,17.8345,0.0460408936586691,W1
QSO_20.3165076+21.7621582,57395.69749288678,17.7185,0.0784427427420083,W1
QSO_20.3165076+21.7621582,57587.54149242025,17.947,0.0530663812250895,W1
QSO_20.3165076+21.7621582,57755.615709,17.871000000000002,0.0675176144268111,W1
QSO_20.3165076+21.7621582,58118.48341550001,17.9075,0.0367547273887692,W1
QSO_20.3165076+21.7621582,58119.07223349995,17.74,0.0247487373415292,W1
QSO_20.3165076+21.7621582,58479.11020450002,17.9705,0.0516572740118305,W1
QSO_20.3165076+21.7621582,58842.88011800003,17.8705,0.0492905106826798,W1
QSO_20.3165076+21.7621582,59210.48802519997,17.857,0.0359065788217508,W1
QSO_20.3165076+21.7621582,59414.990398500006,17.942,0.0353729924178405,W1
QSO_20.3165076+21.7621582,59778.925803,17.886,0.0461816060866308,W1
QSO_20.3165076+21.7621582,60145.57323050001,17.866999999999997,0.0446646235021923,W1
QSO_20.3165076+21.7621582,60509.86970859996,17.842,0.0630816491591762,W1
QSO_20.3165076+21.7621582,55209.96299324998,18.122,0.1029849697771476,W2
QSO_20.3165076+21.7621582,55396.65795650003,18.093,0.1057634546504334,W2
QSO_20.3165076+21.7621582,56672.63000299997,18.101,0.0963991943157361,W2
QSO_20.3165076+21.7621582,56861.58364100004,18.116,0.0513911079057427,W2
QSO_20.3165076+21.7621582,57035.646612052085,18.047,0.0749277646929027,W2
QSO_20.3165076+21.7621582,57223.1991497984,17.9785,0.1127545884752466,W2
QSO_20.3165076+21.7621582,57395.69749288678,18.3165,0.1009891816721715,W2
QSO_20.3165076+21.7621582,57587.54149242025,18.132,0.0613944850848497,W2
QSO_20.3165076+21.7621582,57755.615709,18.032,0.0778139598380586,W2
QSO_20.3165076+21.7621582,58118.48341550001,17.993,0.0488344208113158,W2
QSO_20.3165076+21.7621582,58119.07223349995,17.962,0.1350573952066298,W2
QSO_20.3165076+21.7621582,58479.11020450002,17.89,0.0993613169009765,W2
QSO_20.3165076+21.7621582,58842.88011800003,17.97,0.0547701161674867,W2
QSO_20.3165076+21.7621582,59210.48802519997,18.114,0.0617301432416394,W2
QSO_20.3165076+21.7621582,59414.990398500006,17.948,0.0771450389658146,W2
QSO_20.3165076+21.7621582,59778.925803,17.912,0.0810777370879526,W2
QSO_20.3165076+21.7621582,60145.57323050001,18.012,0.0596535826746887,W2
QSO_20.3165076+21.7621582,60509.86970859996,17.396,0.0983585397022625,W2
QSO_20.0127551+21.7605545,55209.73160149996,17.744,0.0290688707844868,W1
QSO_20.0127551+21.7605545,55396.39351399997,17.735,0.0441882456298132,W1
QSO_20.0127551+21.7605545,55571.574479250026,17.9255,0.0215667568261896,W1
QSO_20.0127551+21.7605545,56672.43250149999,17.729,0.0393266947668223,W1
QSO_20.0127551+21.7605545,56861.32067674995,17.793,0.0254099717958651,W1
QSO_20.0127551+21.7605545,57035.41678978747,17.744999999999997,0.0529976620860665,W1
QSO_20.0127551+21.7605545,57222.93687903175,17.676000000000002,0.0977191895177193,W1
QSO_20.0127551+21.7605545,57395.40191126814,17.768,0.0632123776447301,W1
QSO_20.0127551+21.7605545,57587.27885080365,17.6935,0.0255720659227122,W1
QSO_20.0127551+21.7605545,57755.353930999976,17.683,0.0301495147252288,W1
QSO_20.0127551+21.7605545,58118.41815350003,17.781,0.0673230546615028,W1
QSO_20.0127551+21.7605545,58119.07223349995,17.631,0.0176776695296626,W1
QSO_20.0127551+21.7605545,58478.750569999975,17.811999999999998,0.0356204518864176,W1
QSO_20.0127551+21.7605545,58842.48785249999,17.819,0.0449776930938343,W1
QSO_20.0127551+21.7605545,59210.422511199926,17.755,0.0349868508626204,W1
QSO_20.0127551+21.7605545,59414.729168000005,17.783,0.0425005645249321,W1
QSO_20.0127551+21.7605545,59778.27398599997,17.7485,0.0314299506343073,W1
QSO_20.0127551+21.7605545,60145.57323050001,17.841,0.0356187035351159,W1
QSO_20.0127551+21.7605545,60509.5821058,17.863,0.0299577501971526,W1
QSO_20.0127551+21.7605545,55209.73160149996,18.238,0.0718164975218335,W2
QSO_20.0127551+21.7605545,55396.39351399997,18.155,0.1099544608966564,W2
QSO_20.0127551+21.7605545,55571.574479250026,18.0665,0.0123743686707646,W2
QSO_20.0127551+21.7605545,56672.43250149999,17.97,0.0999839637287674,W2
QSO_20.0127551+21.7605545,56861.32067674995,18.321,0.0939667494382986,W2
QSO_20.0127551+21.7605545,57035.41678978747,18.047,0.1287430374012526,W2
QSO_20.0127551+21.7605545,57222.93687903175,18.228,0.1420181396864501,W2
QSO_20.0127551+21.7605545,57395.40191126814,18.165,0.1429620729315122,W2
QSO_20.0127551+21.7605545,57587.27885080365,18.3725,0.0884012317661794,W2
QSO_20.0127551+21.7605545,57755.353930999976,18.143,0.0601105167994947,W2
QSO_20.0127551+21.7605545,58118.41815350003,18.354,0.0658676358657684,W2
QSO_20.0127551+21.7605545,58119.07223349995,18.101,0.0084852813742388,W2
QSO_20.0127551+21.7605545,58478.750569999975,18.182,0.0642997056614426,W2
QSO_20.0127551+21.7605545,58842.48785249999,18.099,0.0730917298810188,W2
QSO_20.0127551+21.7605545,59210.422511199926,18.0295,0.0615027936975798,W2
QSO_20.0127551+21.7605545,59414.729168000005,18.3065,0.0479378019777282,W2
QSO_20.0127551+21.7605545,59778.27398599997,17.7665,0.1422740464627158,W2
QSO_20.0127551+21.7605545,60145.57323050001,18.194,0.0664308452091077,W2
QSO_20.0127551+21.7605545,60509.5821058,17.391,0.1292519039995159,W2
QSO_20.2376273+21.8347851,55209.83077200004,17.861,0.0609540482658865,W1
QSO_20.2376273+21.8347851,55396.59189149999,17.902,0.0265704720760661,W1
QSO_20.2376273+21.8347851,55571.64052600001,18.251,0.0,W1
QSO_20.2376273+21.8347851,56672.63000299997,17.929000000000002,0.0446356810558951,W1
QSO_20.2376273+21.8347851,56861.58364100004,17.825,0.0456069181618578,W1
QSO_20.2376273+21.8347851,57035.646612052085,17.9485,0.0628076801633366,W1
QSO_20.2376273+21.8347851,57223.13361404425,17.846,0.0898574871671804,W1
QSO_20.2376273+21.8347851,57395.53326867639,17.965,0.1044638206022297,W1
QSO_20.2376273+21.8347851,57587.54149242025,17.924,0.0359368574857002,W1
QSO_20.2376273+21.8347851,57755.550228,17.965,0.0565733506166993,W1
QSO_20.2376273+21.8347851,58036.9184715,17.829,0.0408250558503621,W1
QSO_20.2376273+21.8347851,58119.07223349995,17.9465,0.0045961940777131,W1
QSO_20.2376273+21.8347851,58479.01209250004,18.0,0.0334584165040242,W1
QSO_20.2376273+21.8347851,58842.88011800003,17.9095,0.0363667838659129,W1
QSO_20.2376273+21.8347851,59210.48802519997,17.942,0.0281151035498545,W1
QSO_20.2376273+21.8347851,59414.859838,17.912,0.0238525049132599,W1
QSO_20.2376273+21.8347851,59778.50209275004,17.9345,0.0539230418693571,W1
QSO_20.2376273+21.8347851,60225.35615325002,17.8595,0.0373829368163412,W1
QSO_20.2376273+21.8347851,60509.80580500003,18.048,0.0952312553734334,W1
QSO_20.2376273+21.8347851,55209.83077200004,18.3875,0.1329904507850093,W2
QSO_20.2376273+21.8347851,55396.59189149999,18.379,0.070668477288633,W2
QSO_20.2376273+21.8347851,55571.64052600001,18.872,0.0,W2
QSO_20.2376273+21.8347851,56672.63000299997,18.329,0.1140248297853593,W2
QSO_20.2376273+21.8347851,56861.58364100004,18.283,0.0558311288723821,W2
QSO_20.2376273+21.8347851,57035.646612052085,18.1275,0.104397490091956,W2
QSO_20.2376273+21.8347851,57223.13361404425,17.969,0.0774139005605581,W2
QSO_20.2376273+21.8347851,57395.53326867639,18.3605,0.0603041672904333,W2
QSO_20.2376273+21.8347851,57587.54149242025,18.32,0.0815331229977893,W2
QSO_20.2376273+21.8347851,57755.550228,18.243,0.0599397697693277,W2
QSO_20.2376273+21.8347851,58036.9184715,18.324,0.0817249225326215,W2
QSO_20.2376273+21.8347851,58119.07223349995,18.0165,0.034294678887548,W2
QSO_20.2376273+21.8347851,58479.01209250004,18.13,0.0683814038023561,W2
QSO_20.2376273+21.8347851,58842.88011800003,18.156,0.1039881291583774,W2
QSO_20.2376273+21.8347851,59210.48802519997,18.088,0.058408184657507,W2
QSO_20.2376273+21.8347851,59414.859838,18.081,0.0748720762620209,W2
QSO_20.2376273+21.8347851,59778.50209275004,17.8935,0.057239263913273,W2
QSO_20.2376273+21.8347851,60225.35615325002,18.2135,0.0819018469660065,W2
QSO_20.2376273+21.8347851,60509.80580500003,17.746,0.1173468022572405,W2
QSO_20.3725491+21.9267981,55210.02909475005,17.405,0.0259088837009553,W1
QSO_20.3725491+21.9267981,55396.75707224994,17.4265,0.026422876504608,W1
QSO_20.3725491+21.9267981,56672.76169500004,17.351,0.0682344184415629,W1
QSO_20.3725491+21.9267981,56861.71507749999,17.383,0.0220170004664962,W1
QSO_20.3725491+21.9267981,57035.84360256456,17.484,0.0348711635434635,W1
QSO_20.3725491+21.9267981,57223.13361404425,17.35,0.042855104713441,W1
QSO_20.3725491+21.9267981,57395.86179029723,17.3295,0.0310531951001169,W1
QSO_20.3725491+21.9267981,57587.672740028574,17.469,0.0397928083024132,W1
QSO_20.3725491+21.9267981,57755.68117175002,17.375500000000002,0.030112679015657,W1
QSO_20.3725491+21.9267981,57955.5496055,17.457,0.0399252031676046,W1
QSO_20.3725491+21.9267981,58119.07223349995,17.2935,0.0053033008588993,W1
QSO_20.3725491+21.9267981,58479.11020450002,17.439999999999998,0.0297559809580827,W1
QSO_20.3725491+21.9267981,58763.01196774997,17.442,0.0342625348784398,W1
QSO_20.3725491+21.9267981,59050.89496960003,17.488999999999997,0.0158292297278646,W1
QSO_20.3725491+21.9267981,59415.05575175002,17.393,0.0401835076332852,W1
QSO_20.3725491+21.9267981,59778.925803,17.436999999999998,0.0268505532076297,W1
QSO_20.3725491+21.9267981,60145.767611250056,17.4055,0.0266503747975868,W1
QSO_20.3725491+21.9267981,60509.8377568,17.490499999999997,0.0223478394017387,W1
QSO_20.3725491+21.9267981,55210.02909475005,18.0625,0.0615812283507336,W2
QSO_20.3725491+21.9267981,55396.75707224994,18.191000000000003,0.0648897926116674,W2
QSO_20.3725491+21.9267981,56672.76169500004,18.03,0.1200302440021625,W2
QSO_20.3725491+21.9267981,56861.71507749999,17.966,0.0761089317795163,W2
QSO_20.3725491+21.9267981,57035.84360256456,17.902,0.1042892237362038,W2
QSO_20.3725491+21.9267981,57223.13361404425,18.126,0.1216336795464151,W2
QSO_20.3725491+21.9267981,57395.86179029723,18.130000000000003,0.0666919396540152,W2
QSO_20.3725491+21.9267981,57587.672740028574,18.331,0.0535780842426374,W2
QSO_20.3725491+21.9267981,57755.68117175002,18.337000000000003,0.130564519491323,W2
QSO_20.3725491+21.9267981,57955.5496055,18.096,0.0619148695358428,W2
QSO_20.3725491+21.9267981,58119.07223349995,17.9775,0.0540936687607704,W2
QSO_20.3725491+21.9267981,58479.11020450002,17.936,0.0584595608487579,W2
QSO_20.3725491+21.9267981,58763.01196774997,18.011499999999998,0.0564883786392946,W2
QSO_20.3725491+21.9267981,59050.89496960003,17.953,0.07798890018629,W2
QSO_20.3725491+21.9267981,59415.05575175002,17.8885,0.0902362383812689,W2
QSO_20.3725491+21.9267981,59778.925803,17.823,0.0802439214939792,W2
QSO_20.3725491+21.9267981,60145.767611250056,17.945,0.0675815822146065,W2
QSO_20.3725491+21.9267981,60509.8377568,17.793999999999997,0.106039475528552,W2
QSO_20.2195141+21.7377126,55209.83071724996,18.335,0.0948057956503131,W1
QSO_20.2195141+21.7377126,55396.59189149999,18.484,0.0847548194144407,W1
QSO_20.2195141+21.7377126,55571.64052600001,18.859,0.0,W1
QSO_20.2195141+21.7377126,56672.63000299997,18.886000000000003,0.2324224429782976,W1
QSO_20.2195141+21.7377126,56861.550754500015,18.628500000000003,0.0800720987610541,W1
QSO_20.2195141+21.7377126,57035.67944380416,18.496,0.0927519969844663,W1
QSO_20.2195141+21.7377126,57223.03524653796,18.6015,0.1101581354908247,W1
QSO_20.2195141+21.7377126,57395.56606227848,18.411,0.1569067493768192,W1
QSO_20.2195141+21.7377126,57587.377414609895,18.514000000000003,0.0863835921920362,W1
QSO_20.2195141+21.7377126,57755.48474700001,18.418,0.1056851311149093,W1
QSO_20.2195141+21.7377126,57955.22251074999,18.4285,0.0558103756698286,W1
QSO_20.2195141+21.7377126,58119.07223349995,18.8085,0.1339967350348512,W1
QSO_20.2195141+21.7377126,58479.07750049997,18.549,0.0473950261618616,W1
QSO_20.2195141+21.7377126,58842.61815750003,18.423,0.064864142922242,W1
QSO_20.2195141+21.7377126,59210.48802519997,18.461,0.0636461218103193,W1
QSO_20.2195141+21.7377126,59414.990398500006,18.856,0.1004074176646108,W1
QSO_20.2195141+21.7377126,59778.46951649996,18.419,0.1490722133106675,W1
QSO_20.2195141+21.7377126,60305.13896650002,18.447,0.0773691862709075,W1
QSO_20.2195141+21.7377126,60509.71020580001,18.144,0.0268700576850877,W1
QSO_20.2195141+21.7377126,55209.83071724996,18.1995,0.0938966229967041,W2
QSO_20.2195141+21.7377126,55396.59189149999,18.168,0.0651257928594136,W2
QSO_20.2195141+21.7377126,55571.64052600001,18.806,0.0,W2
QSO_20.2195141+21.7377126,56672.63000299997,18.213,0.1076002230480959,W2
QSO_20.2195141+21.7377126,56861.550754500015,18.348,0.0669096704520355,W2
QSO_20.2195141+21.7377126,57035.67944380416,18.437,0.0943633879192127,W2
QSO_20.2195141+21.7377126,57223.03524653796,18.1855,0.0954735032080356,W2
QSO_20.2195141+21.7377126,57395.56606227848,18.132,0.1291326759577142,W2
QSO_20.2195141+21.7377126,57587.377414609895,18.3765,0.1414264384759795,W2
QSO_20.2195141+21.7377126,57755.48474700001,18.477,0.1006606746876425,W2
QSO_20.2195141+21.7377126,57955.22251074999,18.315,0.0423574257380156,W2
QSO_20.2195141+21.7377126,58119.07223349995,18.243,0.0007071067811861,W2
QSO_20.2195141+21.7377126,58479.07750049997,18.233,0.0724902750025642,W2
QSO_20.2195141+21.7377126,58842.61815750003,18.16,0.0938183493068743,W2
QSO_20.2195141+21.7377126,59210.48802519997,18.086,0.0804398401361644,W2
QSO_20.2195141+21.7377126,59414.990398500006,18.125,0.1036872068697821,W2
QSO_20.2195141+21.7377126,59778.46951649996,18.126,0.0549513434391972,W2
QSO_20.2195141+21.7377126,60305.13896650002,18.327,0.0872195947077072,W2
QSO_20.2195141+21.7377126,60509.71020580001,17.668999999999997,0.1654629867976521,W2
QSO_20.3153236+21.6804302,55209.92983300003,17.307000000000002,0.0412497495523843,W1
QSO_20.3153236+21.6804302,55396.62492400005,17.3275,0.0309653610985395,W1
QSO_20.3153236+21.6804302,55571.64052600001,17.346,0.0,W1
QSO_20.3153236+21.6804302,56672.59704349996,17.378500000000003,0.0583395067417869,W1
QSO_20.3153236+21.6804302,56861.550754500015,17.36,0.029497728726124,W1
QSO_20.3153236+21.6804302,57035.646612052085,17.278,0.0229727675057882,W1
QSO_20.3153236+21.6804302,57223.00254253596,17.371000000000002,0.0468351117943901,W1
QSO_20.3153236+21.6804302,57395.46755337224,17.369500000000002,0.0136768254926193,W1
QSO_20.3153236+21.6804302,57587.57428602234,17.375999999999998,0.0525178541069604,W1
QSO_20.3153236+21.6804302,57755.582932000056,17.3295,0.020994308752612,W1
QSO_20.3153236+21.6804302,58118.48341550001,17.380000000000003,0.0363201368905734,W1
QSO_20.3153236+21.6804302,58119.07223349995,17.511,0.1067731239591685,W1
QSO_20.3153236+21.6804302,58478.88138600001,17.349,0.0288625041905263,W1
QSO_20.3153236+21.6804302,58683.01307450001,17.412,0.0305938071680696,W1
QSO_20.3153236+21.6804302,59210.55355749998,17.3795,0.0353578608865783,W1
QSO_20.3153236+21.6804302,59414.990398500006,17.389,0.0235602738776592,W1
QSO_20.3153236+21.6804302,59778.925803,17.363999999999997,0.0264838382789634,W1
QSO_20.3153236+21.6804302,60305.267993999965,17.427999999999997,0.0260524030312695,W1
QSO_20.3153236+21.6804302,60509.8377568,17.3595,0.0609571798706089,W1
QSO_20.3153236+21.6804302,55209.92983300003,17.834,0.0981081539758202,W2
QSO_20.3153236+21.6804302,55396.62492400005,18.108,0.0603339472037525,W2
QSO_20.3153236+21.6804302,55571.64052600001,17.812,0.0,W2
QSO_20.3153236+21.6804302,56672.59704349996,17.808,0.1001326854104093,W2
QSO_20.3153236+21.6804302,56861.550754500015,17.938,0.0680797767328889,W2
QSO_20.3153236+21.6804302,57035.646612052085,17.9375,0.0622928912226348,W2
QSO_20.3153236+21.6804302,57223.00254253596,17.901,0.0864718899706835,W2
QSO_20.3153236+21.6804302,57395.46755337224,17.7815,0.0815901001619956,W2
QSO_20.3153236+21.6804302,57587.57428602234,17.95,0.0598266161503389,W2
QSO_20.3153236+21.6804302,57755.582932000056,17.933500000000002,0.0862746834245134,W2
QSO_20.3153236+21.6804302,58118.48341550001,17.802,0.0856945828126697,W2
QSO_20.3153236+21.6804302,58119.07223349995,18.17,0.1180868324581533,W2
QSO_20.3153236+21.6804302,58478.88138600001,17.851,0.0501122709892866,W2
QSO_20.3153236+21.6804302,58683.01307450001,17.807,0.0708117671744632,W2
QSO_20.3153236+21.6804302,59210.55355749998,18.012500000000003,0.0750670025356315,W2
QSO_20.3153236+21.6804302,59414.990398500006,17.781,0.0653668101230473,W2
QSO_20.3153236+21.6804302,59778.925803,17.953,0.0605246834885193,W2
QSO_20.3153236+21.6804302,60305.267993999965,18.005,0.0631031935565628,W2
QSO_20.3153236+21.6804302,60509.8377568,17.402,0.2006691237391099,W2
QSO_20.362128+21.8729821,55209.99600749999,17.774,0.0302422227368145,W1
QSO_20.362128+21.8729821,55396.72398499996,17.753999999999998,0.0279604213413169,W1
QSO_20.362128+21.8729821,56672.794581500064,17.6795,0.0555451101291485,W1
QSO_20.362128+21.8729821,56861.64930450001,17.735,0.0347458519812412,W1
QSO_20.362128+21.8729821,57035.810770812495,17.833,0.0616067184250388,W1
QSO_20.362128+21.8729821,57223.13361404425,17.731,0.027240264315898,W1
QSO_20.362128+21.8729821,57395.82892349517,17.692999999999998,0.0501735762638266,W1
QSO_20.362128+21.8729821,57587.60707962442,17.889,0.0429300826926759,W1
QSO_20.362128+21.8729821,57755.648413000046,17.8295,0.0466375814124188,W1
QSO_20.362128+21.8729821,58118.4180075,17.741999999999997,0.0491432561676958,W1
QSO_20.362128+21.8729821,58119.07223349995,17.706,0.0353553390593278,W1
QSO_20.362128+21.8729821,58479.20831650001,17.831,0.0323407973528528,W1
QSO_20.362128+21.8729821,58842.74937499997,17.797,0.044418182829361,W1
QSO_20.362128+21.8729821,59050.76394160002,17.795,0.0384695364411781,W1
QSO_20.362128+21.8729821,59414.925118249965,17.704,0.0301158546130453,W1
QSO_20.362128+21.8729821,59778.925803,17.704,0.0673638442871752,W1
QSO_20.362128+21.8729821,60225.61499299999,17.805,0.0377449483036998,W1
QSO_20.362128+21.8729821,60509.8377568,17.741,0.0947958820796522,W1
QSO_20.362128+21.8729821,55209.99600749999,18.327,0.0575335135731527,W2
QSO_20.362128+21.8729821,55396.72398499996,18.254,0.0799060212678977,W2
QSO_20.362128+21.8729821,56672.794581500064,18.212,0.0924366650038665,W2
QSO_20.362128+21.8729821,56861.64930450001,18.128,0.1039806446185866,W2
QSO_20.362128+21.8729821,57035.810770812495,18.07,0.0480500225257288,W2
QSO_20.362128+21.8729821,57223.13361404425,18.263,0.1924069437416439,W2
QSO_20.362128+21.8729821,57395.82892349517,18.182,0.1116061640773408,W2
QSO_20.362128+21.8729821,57587.60707962442,17.904,0.1574050570979221,W2
QSO_20.362128+21.8729821,57755.648413000046,18.083,0.0905641706195116,W2
QSO_20.362128+21.8729821,58118.4180075,18.181,0.0458862107566842,W2
QSO_20.362128+21.8729821,58119.07223349995,17.801000000000002,0.0169705627484765,W2
QSO_20.362128+21.8729821,58479.20831650001,18.066,0.0608652750122872,W2
QSO_20.362128+21.8729821,58842.74937499997,18.152,0.0897170994997556,W2
QSO_20.362128+21.8729821,59050.76394160002,17.911,0.0574714848637969,W2
QSO_20.362128+21.8729821,59414.925118249965,18.0685,0.0737421213619664,W2
QSO_20.362128+21.8729821,59778.925803,18.113,0.077171606113411,W2
QSO_20.362128+21.8729821,60225.61499299999,18.0475,0.041641470029756,W2
QSO_20.362128+21.8729821,60509.8377568,17.8485,0.0877985910626848,W2
QSO_20.3092742+21.784195,55209.96299324998,17.5895,0.0456675924480368,W1
QSO_20.3092742+21.784195,55396.69097075004,17.6785,0.0311432249929732,W1
QSO_20.3092742+21.784195,56672.695849,17.615000000000002,0.0391718081731688,W1
QSO_20.3092742+21.784195,56861.61647275007,17.686,0.040909622611584,W1
QSO_20.3092742+21.784195,57035.646612052085,17.764499999999998,0.0462493032042104,W1
QSO_20.3092742+21.784195,57223.1991497984,17.787,0.0567760790135085,W1
QSO_20.3092742+21.784195,57395.69749288678,17.6525,0.0686899906450338,W1
QSO_20.3092742+21.784195,57587.54149242025,17.752000000000002,0.0667345815389432,W1
QSO_20.3092742+21.784195,57755.615709,17.639,0.0432452095398801,W1
QSO_20.3092742+21.784195,58118.48341550001,17.704,0.0484002724192993,W1
QSO_20.3092742+21.784195,58119.07223349995,17.7465,0.0816708332270468,W1
QSO_20.3092742+21.784195,58479.20831650001,17.637,0.0530110346734055,W1
QSO_20.3092742+21.784195,58842.74937499997,17.648,0.0243627523835815,W1
QSO_20.3092742+21.784195,59050.76394160002,17.672,0.0308214267040559,W1
QSO_20.3092742+21.784195,59414.990398500006,17.555999999999997,0.0466304494382674,W1
QSO_20.3092742+21.784195,59778.69765974998,17.6205,0.0629333695268256,W1
QSO_20.3092742+21.784195,60225.420612249945,17.7355,0.0322825016395781,W1
QSO_20.3092742+21.784195,60509.86970859996,17.968,0.0774388124863772,W1
QSO_20.3092742+21.784195,55209.96299324998,18.3495,0.0972670550597682,W2
QSO_20.3092742+21.784195,55396.69097075004,18.15,0.0611628251846903,W2
QSO_20.3092742+21.784195,56672.695849,17.8905,0.0952332662466223,W2
QSO_20.3092742+21.784195,56861.61647275007,18.1085,0.0801609889130524,W2
QSO_20.3092742+21.784195,57035.646612052085,18.257,0.0687235744668451,W2
QSO_20.3092742+21.784195,57223.1991497984,18.323500000000003,0.0980629049811055,W2
QSO_20.3092742+21.784195,57395.69749288678,18.207,0.1084435336938076,W2
QSO_20.3092742+21.784195,57587.54149242025,18.324,0.1100201677774775,W2
QSO_20.3092742+21.784195,57755.615709,18.194,0.1131328412996036,W2
QSO_20.3092742+21.784195,58118.48341550001,18.0045,0.0826430225070224,W2
QSO_20.3092742+21.784195,58119.07223349995,18.026,0.2715290039756344,W2
QSO_20.3092742+21.784195,58479.20831650001,17.961,0.0977710338308266,W2
QSO_20.3092742+21.784195,58842.74937499997,18.06,0.0577830578783935,W2
QSO_20.3092742+21.784195,59050.76394160002,17.977999999999998,0.0503412208705204,W2
QSO_20.3092742+21.784195,59414.990398500006,18.182,0.061424917130139,W2
QSO_20.3092742+21.784195,59778.69765974998,18.211,0.1199049998957508,W2
QSO_20.3092742+21.784195,60225.420612249945,18.1145,0.0755140699198459,W2
QSO_20.3092742+21.784195,60509.86970859996,17.628999999999998,0.0921598940111152,W2
QSO_20.1178651+21.7063611,55209.76461574997,17.9185,0.0402787909451116,W1
QSO_20.1178651+21.7063611,55396.49270275002,17.858,0.031829942736826,W1
QSO_20.1178651+21.7063611,55571.57442450002,18.020000000000003,0.0749533188057739,W1
QSO_20.1178651+21.7063611,56672.46538800001,17.8225,0.0711212515488513,W1
QSO_20.1178651+21.7063611,56861.35350849998,17.8705,0.0312365156092577,W1
QSO_20.1178651+21.7063611,57035.54811679573,17.869999999999997,0.0457686074957362,W1
QSO_20.1178651+21.7063611,57223.00254253596,17.95,0.0550445883401752,W1
QSO_20.1178651+21.7063611,57395.43463167017,17.895,0.07212396196281,W1
QSO_20.1178651+21.7063611,57587.27892400363,17.917,0.0299607910442967,W1
QSO_20.1178651+21.7063611,57755.41933899999,17.771,0.0779362054901331,W1
QSO_20.1178651+21.7063611,58118.4180075,17.927,0.0305916919414369,W1
QSO_20.1178651+21.7063611,58119.07223349995,17.9765,0.0611647365726357,W1
QSO_20.1178651+21.7063611,58478.94673925002,17.938499999999998,0.0351738290598118,W1
QSO_20.1178651+21.7063611,58683.01307450001,17.819,0.0260226315046605,W1
QSO_20.1178651+21.7063611,59050.436316699976,17.938499999999998,0.0394488001396341,W1
QSO_20.1178651+21.7063611,59414.663887749964,17.886499999999998,0.0535094544800261,W1
QSO_20.1178651+21.7063611,59778.3392115,17.968,0.0304481389125397,W1
QSO_20.1178651+21.7063611,60145.57323050001,17.953,0.0306055757731572,W1
QSO_20.1178651+21.7063611,60509.677997800005,18.0995,0.1013786676735262,W1
QSO_20.1178651+21.7063611,55209.76461574997,18.140500000000003,0.1388003746392638,W2
QSO_20.1178651+21.7063611,55396.49270275002,18.175,0.0726882931630874,W2
QSO_20.1178651+21.7063611,55571.57442450002,18.417,0.0106066017177973,W2
QSO_20.1178651+21.7063611,56672.46538800001,18.1005,0.0699771726172186,W2
QSO_20.1178651+21.7063611,56861.35350849998,18.1875,0.0704102561184567,W2
QSO_20.1178651+21.7063611,57035.54811679573,18.052,0.0827937759004044,W2
QSO_20.1178651+21.7063611,57223.00254253596,18.074,0.1368491966505712,W2
QSO_20.1178651+21.7063611,57395.43463167017,18.113,0.0784750057700681,W2
QSO_20.1178651+21.7063611,57587.27892400363,18.115,0.0639787777313696,W2
QSO_20.1178651+21.7063611,57755.41933899999,18.089,0.1101004903250738,W2
QSO_20.1178651+21.7063611,58118.4180075,18.155,0.0689764559780361,W2
QSO_20.1178651+21.7063611,58119.07223349995,18.055,0.1873832970144354,W2
QSO_20.1178651+21.7063611,58478.94673925002,18.0575,0.1014904166151812,W2
QSO_20.1178651+21.7063611,58683.01307450001,17.973,0.0832253768938661,W2
QSO_20.1178651+21.7063611,59050.436316699976,17.9455,0.0693922446771781,W2
QSO_20.1178651+21.7063611,59414.663887749964,17.937,0.03421701168847,W2
QSO_20.1178651+21.7063611,59778.3392115,17.962,0.1333684213090533,W2
QSO_20.1178651+21.7063611,60145.57323050001,18.058,0.0753701871533586,W2
QSO_20.1178651+21.7063611,60509.677997800005,17.4625,0.0735873127148461,W2
QSO_20.2576687+21.9629913,55209.99600749999,17.8395,0.0297575413924271,W1
QSO_20.2576687+21.9629913,55396.72398499996,17.820999999999998,0.0172870554153678,W1
QSO_20.2576687+21.9629913,56672.7288085,17.723,0.0589456681773562,W1
QSO_20.2576687+21.9629913,56861.58358624996,17.8,0.0261694531425052,W1
QSO_20.2576687+21.9629913,57035.67944380416,17.747999999999998,0.0345919149959985,W1
QSO_20.2576687+21.9629913,57223.10078229219,17.92,0.0574739876749407,W1
QSO_20.2576687+21.9629913,57395.82892349517,17.951,0.0575264674792519,W1
QSO_20.2576687+21.9629913,57587.672740028574,17.8915,0.0577429649394625,W1
QSO_20.2576687+21.9629913,57755.48481999998,17.8045,0.0448254838233788,W1
QSO_20.2576687+21.9629913,58118.41815350003,17.804000000000002,0.0578370334620517,W1
QSO_20.2576687+21.9629913,58119.07223349995,17.868499999999997,0.1191474926299331,W1
QSO_20.2576687+21.9629913,58479.04485125001,17.7745,0.0555280001107216,W1
QSO_20.2576687+21.9629913,58762.88122475,17.894,0.0454636595088594,W1
QSO_20.2576687+21.9629913,59130.69151569997,17.819,0.0424123076580126,W1
QSO_20.2576687+21.9629913,59494.843456,17.838,0.0294349720981281,W1
QSO_20.2576687+21.9629913,59778.53466900002,17.834,0.052524860844764,W1
QSO_20.2576687+21.9629913,60145.96199200001,17.966,0.0324463353725481,W1
QSO_20.2576687+21.9629913,60509.86970859996,17.731,0.0488782978427034,W1
QSO_20.2576687+21.9629913,55209.99600749999,18.1575,0.0441371796487706,W2
QSO_20.2576687+21.9629913,55396.72398499996,18.347,0.0449560524793815,W2
QSO_20.2576687+21.9629913,56672.7288085,18.4115,0.0684360445050707,W2
QSO_20.2576687+21.9629913,56861.58358624996,18.0575,0.061968387251231,W2
QSO_20.2576687+21.9629913,57035.67944380416,18.063,0.1055353145819287,W2
QSO_20.2576687+21.9629913,57223.10078229219,18.235,0.0880460737972521,W2
QSO_20.2576687+21.9629913,57395.82892349517,18.207,0.0702361696957323,W2
QSO_20.2576687+21.9629913,57587.672740028574,18.254,0.0780670660193849,W2
QSO_20.2576687+21.9629913,57755.48481999998,18.2935,0.0471445012700314,W2
QSO_20.2576687+21.9629913,58118.41815350003,18.192,0.0715227825281814,W2
QSO_20.2576687+21.9629913,58119.07223349995,18.5685,0.0166170093578828,W2
QSO_20.2576687+21.9629913,58479.04485125001,18.232,0.0493574159968783,W2
QSO_20.2576687+21.9629913,58762.88122475,18.0865,0.0583062676700315,W2
QSO_20.2576687+21.9629913,59130.69151569997,18.1295,0.0617773281358536,W2
QSO_20.2576687+21.9629913,59494.843456,18.138,0.0605479835257781,W2
QSO_20.2576687+21.9629913,59778.53466900002,17.881,0.0864581735731839,W2
QSO_20.2576687+21.9629913,60145.96199200001,18.012999999999998,0.1015733891872655,W2
QSO_20.2576687+21.9629913,60509.86970859996,17.79,0.1174105957739758,W2
QSO_20.2731218+21.8969741,55209.92997899998,18.071,0.0842614264000034,W1
QSO_20.2731218+21.8969741,55396.62492400005,17.944,0.0527123296684379,W1
QSO_20.2731218+21.8969741,56672.69592199998,18.009,0.0702766295771438,W1
QSO_20.2731218+21.8969741,56861.64930450001,17.88,0.0652732082555801,W1
QSO_20.2731218+21.8969741,57035.67944380416,17.927999999999997,0.0616857454792863,W1
QSO_20.2731218+21.8969741,57223.13361404425,18.109,0.0973629909154397,W1
QSO_20.2731218+21.8969741,57395.56613547853,18.1675,0.0482832624985098,W1
QSO_20.2731218+21.8969741,57587.57428602234,17.8885,0.0645009330968968,W1
QSO_20.2731218+21.8969741,57755.615709,17.905,0.0562541508908934,W1
QSO_20.2731218+21.8969741,58118.48356150005,18.0845,0.0452778651157985,W1
QSO_20.2731218+21.8969741,58119.07223349995,18.3625,0.0661144840409426,W1
QSO_20.2731218+21.8969741,58479.01209250004,18.045,0.0415631857166714,W1
QSO_20.2731218+21.8969741,58842.74937499997,18.077,0.0458699805004439,W1
QSO_20.2731218+21.8969741,59130.69151569997,17.972,0.0400871453757525,W1
QSO_20.2731218+21.8969741,59414.990398500006,18.045,0.0408703605363394,W1
QSO_20.2731218+21.8969741,59778.66502874999,17.966,0.0416383499503631,W1
QSO_20.2731218+21.8969741,60305.267993999965,18.051,0.0500263380789867,W1
QSO_20.2731218+21.8969741,60509.8377568,17.916,0.1400554784256478,W1
QSO_20.2731218+21.8969741,55209.92997899998,18.321,0.0513422101145248,W2
QSO_20.2731218+21.8969741,55396.62492400005,18.449,0.0898960819811159,W2
QSO_20.2731218+21.8969741,56672.69592199998,18.221,0.0975122628155915,W2
QSO_20.2731218+21.8969741,56861.64930450001,18.22,0.0884570927619706,W2
QSO_20.2731218+21.8969741,57035.67944380416,18.196,0.0974166310236606,W2
QSO_20.2731218+21.8969741,57223.13361404425,18.111,0.1072393211466762,W2
QSO_20.2731218+21.8969741,57395.56613547853,18.309,0.1006947739458208,W2
QSO_20.2731218+21.8969741,57587.57428602234,18.173,0.0756049675028771,W2
QSO_20.2731218+21.8969741,57755.615709,18.101,0.0872572470371019,W2
QSO_20.2731218+21.8969741,58118.48356150005,18.126,0.0786677370160235,W2
QSO_20.2731218+21.8969741,58119.07223349995,17.9735,0.0632860569161954,W2
QSO_20.2731218+21.8969741,58479.01209250004,17.936,0.0790917491224239,W2
QSO_20.2731218+21.8969741,58842.74937499997,18.1465,0.0537499881347875,W2
QSO_20.2731218+21.8969741,59130.69151569997,18.144,0.0660128434473171,W2
QSO_20.2731218+21.8969741,59414.990398500006,18.137,0.0663238429838634,W2
QSO_20.2731218+21.8969741,59778.66502874999,18.193,0.109228097723807,W2
QSO_20.2731218+21.8969741,60305.267993999965,18.1,0.0956527772761316,W2
QSO_20.2731218+21.8969741,60509.8377568,17.474999999999998,0.0945250309784741,W2
QSO_20.3293308+21.6653943,55209.89681875002,18.3045,0.0847303512436659,W1
QSO_20.3293308+21.6653943,55396.62492400005,18.2915,0.0410187048005969,W1
QSO_20.3293308+21.6653943,55571.64052600001,18.509,0.0,W1
QSO_20.3293308+21.6653943,56672.63000299997,18.213,0.0642114562294855,W1
QSO_20.3293308+21.6653943,56861.550754500015,18.3385,0.0659819459208349,W1
QSO_20.3293308+21.6653943,57035.646612052085,18.248,0.1008086057834348,W1
QSO_20.3293308+21.6653943,57223.00254253596,18.323,0.0420805142470987,W1
QSO_20.3293308+21.6653943,57395.46755337224,18.3115,0.0570928824129787,W1
QSO_20.3293308+21.6653943,57587.508717118224,18.156,0.028044050171115,W1
QSO_20.3293308+21.6653943,57755.615709,18.122,0.0665031026317901,W1
QSO_20.3293308+21.6653943,58118.48341550001,18.27,0.0601857131581853,W1
QSO_20.3293308+21.6653943,58119.07223349995,18.299,0.1513208511739214,W1
QSO_20.3293308+21.6653943,58479.01209250004,18.334,0.0648262955334684,W1
QSO_20.3293308+21.6653943,58683.01307450001,18.43,0.0711356138341096,W1
QSO_20.3293308+21.6653943,59130.62598339996,18.3715,0.0559220648077439,W1
QSO_20.3293308+21.6653943,59414.99054450004,18.415,0.0604378983383402,W1
QSO_20.3293308+21.6653943,59858.64994249997,18.278,0.0585880080519893,W1
QSO_20.3293308+21.6653943,60305.526049000015,18.305,0.0721087657712076,W1
QSO_20.3293308+21.6653943,60509.9336488,18.069,0.1110936181785435,W1
QSO_20.3293308+21.6653943,55209.89681875002,18.23,0.0998830175129885,W2
QSO_20.3293308+21.6653943,55396.62492400005,18.4795,0.0591465145649783,W2
QSO_20.3293308+21.6653943,55571.64052600001,18.59,0.0,W2
QSO_20.3293308+21.6653943,56672.63000299997,18.2145,0.0385261229917804,W2
QSO_20.3293308+21.6653943,56861.550754500015,18.3425,0.0910949774788656,W2
QSO_20.3293308+21.6653943,57035.646612052085,18.1475,0.1109943692265512,W2
QSO_20.3293308+21.6653943,57223.00254253596,18.155,0.0982399929250432,W2
QSO_20.3293308+21.6653943,57395.46755337224,18.2615,0.1155579259906445,W2
QSO_20.3293308+21.6653943,57587.508717118224,18.1975,0.1059303187093998,W2
QSO_20.3293308+21.6653943,57755.615709,18.116,0.069496093323493,W2
QSO_20.3293308+21.6653943,58118.48341550001,18.201,0.046188913945712,W2
QSO_20.3293308+21.6653943,58119.07223349995,17.801000000000002,0.2064751801064717,W2
QSO_20.3293308+21.6653943,58479.01209250004,18.065,0.0764856994622016,W2
QSO_20.3293308+21.6653943,58683.01307450001,18.177,0.0709641203029416,W2
QSO_20.3293308+21.6653943,59130.62598339996,18.114,0.0861794203549279,W2
QSO_20.3293308+21.6653943,59414.99054450004,18.058,0.0897379823791547,W2
QSO_20.3293308+21.6653943,59858.64994249997,18.0875,0.1069398195248149,W2
QSO_20.3293308+21.6653943,60305.526049000015,18.169,0.051878731885331,W2
QSO_20.3293308+21.6653943,60509.9336488,17.701,0.0931736443421636,W2
QSO_20.3864148+21.7720001,55210.02909475005,17.7935,0.0308040683189734,W1
QSO_20.3864148+21.7720001,55396.79015950001,17.785,0.0328064349738603,W1
QSO_20.3864148+21.7720001,56672.6628895,17.7695,0.0396117734088309,W1
QSO_20.3864148+21.7720001,56861.58364100004,17.833,0.034489689658103,W1
QSO_20.3864148+21.7720001,57035.810770812495,17.849,0.0398198567457697,W1
QSO_20.3864148+21.7720001,57223.1991497984,17.758499999999998,0.0358681355543906,W1
QSO_20.3864148+21.7720001,57395.86179029723,17.7695,0.0804524531771543,W1
QSO_20.3864148+21.7720001,57587.47594181611,17.823,0.046821601752509,W1
QSO_20.3864148+21.7720001,57755.681117000015,17.759999999999998,0.0261314079243683,W1
QSO_20.3864148+21.7720001,58118.4180075,17.784,0.0371543790619285,W1
QSO_20.3864148+21.7720001,58119.07223349995,17.694499999999998,0.0328804653251744,W1
QSO_20.3864148+21.7720001,58479.241020499976,17.8275,0.0324883169884304,W1
QSO_20.3864148+21.7720001,58762.88122475,17.741,0.0453269702825565,W1
QSO_20.3864148+21.7720001,59130.75702970001,17.7985,0.0393249014467898,W1
QSO_20.3864148+21.7720001,59415.05575175002,17.713,0.026181609507149,W1
QSO_20.3864148+21.7720001,59778.925803,17.798000000000002,0.0793159022244531,W1
QSO_20.3864148+21.7720001,60145.96199200001,17.723,0.0315575521274255,W1
QSO_20.3864148+21.7720001,60509.86970859996,17.817999999999998,0.1187245875831665,W1
QSO_20.3864148+21.7720001,55210.02909475005,17.989,0.0434575407868377,W2
QSO_20.3864148+21.7720001,55396.79015950001,18.122,0.0506484757209325,W2
QSO_20.3864148+21.7720001,56672.6628895,17.835,0.0608566926232198,W2
QSO_20.3864148+21.7720001,56861.58364100004,17.923,0.1039501990223414,W2
QSO_20.3864148+21.7720001,57035.810770812495,17.948999999999998,0.0865886020549525,W2
QSO_20.3864148+21.7720001,57223.1991497984,18.2405,0.0971556597539344,W2
QSO_20.3864148+21.7720001,57395.86179029723,18.0985,0.2021883060691471,W2
QSO_20.3864148+21.7720001,57587.47594181611,18.116,0.1561481504788294,W2
QSO_20.3864148+21.7720001,57755.681117000015,18.136,0.1031560938491601,W2
QSO_20.3864148+21.7720001,58118.4180075,18.034,0.077738190212851,W2
QSO_20.3864148+21.7720001,58119.07223349995,17.993000000000002,0.0799030662740808,W2
QSO_20.3864148+21.7720001,58479.241020499976,18.097,0.0709296852850034,W2
QSO_20.3864148+21.7720001,58762.88122475,18.117,0.0762418398826264,W2
QSO_20.3864148+21.7720001,59130.75702970001,17.8415,0.0681319777514073,W2
QSO_20.3864148+21.7720001,59415.05575175002,17.895,0.0802130726642425,W2
QSO_20.3864148+21.7720001,59778.925803,17.971,0.0886818421989668,W2
QSO_20.3864148+21.7720001,60145.96199200001,17.953,0.0778480229379726,W2
QSO_20.3864148+21.7720001,60509.86970859996,17.656,0.1327836092312093,W2
QSO_20.2859928+21.8191634,55209.92997899998,17.893,0.0476540459276908,W1
QSO_20.2859928+21.8191634,55396.69097075004,17.8855,0.0362928546176281,W1
QSO_20.2859928+21.8191634,56672.695849,17.752499999999998,0.0543740474586641,W1
QSO_20.2859928+21.8191634,56861.58364100004,17.834,0.0484899394710111,W1
QSO_20.2859928+21.8191634,57035.646612052085,17.894,0.1039806829265658,W1
QSO_20.2859928+21.8191634,57223.13361404425,17.811,0.1509365429576283,W1
QSO_20.2859928+21.8191634,57395.56606227848,17.863999999999997,0.0554027396150346,W1
QSO_20.2859928+21.8191634,57587.44300181407,17.927500000000002,0.0580804768995143,W1
QSO_20.2859928+21.8191634,57755.615709,17.889,0.0354571555055282,W1
QSO_20.2859928+21.8191634,58118.41815350003,17.887,0.0569566828674123,W1
QSO_20.2859928+21.8191634,58119.07223349995,17.900499999999997,0.0668215908221287,W1
QSO_20.2859928+21.8191634,58479.01209250004,17.813000000000002,0.0516771605800845,W1
QSO_20.2859928+21.8191634,58843.01086100001,17.863,0.0442892349468799,W1
QSO_20.2859928+21.8191634,59210.48802519997,17.932000000000002,0.0301701980675644,W1
QSO_20.2859928+21.8191634,59414.925118249965,17.7505,0.0565412721106895,W1
QSO_20.2859928+21.8191634,59778.69765974998,17.835,0.04589949890794,W1
QSO_20.2859928+21.8191634,60225.420612249945,17.928,0.0379086682650502,W1
QSO_20.2859928+21.8191634,60509.8377568,17.799,0.1346808470256834,W1
QSO_20.2859928+21.8191634,55209.92997899998,18.147,0.0823788298347234,W2
QSO_20.2859928+21.8191634,55396.69097075004,18.2525,0.0953493667315684,W2
QSO_20.2859928+21.8191634,56672.695849,18.041,0.1590846065370157,W2
QSO_20.2859928+21.8191634,56861.58364100004,18.119,0.1104549025603859,W2
QSO_20.2859928+21.8191634,57035.646612052085,18.343,0.0949079220712108,W2
QSO_20.2859928+21.8191634,57223.13361404425,18.207,0.0841557603494851,W2
QSO_20.2859928+21.8191634,57395.56606227848,18.383,0.0955683322154835,W2
QSO_20.2859928+21.8191634,57587.44300181407,18.294,0.127042408027792,W2
QSO_20.2859928+21.8191634,57755.615709,17.977,0.1353728276617423,W2
QSO_20.2859928+21.8191634,58118.41815350003,18.08,0.0534783635352536,W2
QSO_20.2859928+21.8191634,58119.07223349995,18.323,0.0042426406871194,W2
QSO_20.2859928+21.8191634,58479.01209250004,18.102,0.0647331922263041,W2
QSO_20.2859928+21.8191634,58843.01086100001,18.248,0.0625583253193503,W2
QSO_20.2859928+21.8191634,59210.48802519997,18.042,0.0614510308125769,W2
QSO_20.2859928+21.8191634,59414.925118249965,18.0075,0.0618704915605777,W2
QSO_20.2859928+21.8191634,59778.69765974998,18.2095,0.0894582360657754,W2
QSO_20.2859928+21.8191634,60225.420612249945,18.119,0.1018463462316679,W2
QSO_20.2859928+21.8191634,60509.8377568,17.6415,0.0950080162309905,W2
QSO_20.3738218+21.8680425,55209.99600749999,17.762999999999998,0.0278316825662825,W1
QSO_20.3738218+21.8680425,55396.724094499965,17.727,0.035054479999671,W1
QSO_20.3738218+21.8680425,56672.794581500064,17.7425,0.0388870634492205,W1
QSO_20.3738218+21.8680425,56861.71507749999,17.727,0.035296170960145,W1
QSO_20.3738218+21.8680425,57035.84360256456,17.932,0.0420883557234063,W1
QSO_20.3738218+21.8680425,57223.13361404425,17.750999999999998,0.0739856202244731,W1
QSO_20.3738218+21.8680425,57395.86179029723,17.8095,0.0604918115058494,W1
QSO_20.3738218+21.8680425,57587.672740028574,17.7315,0.0488101006547405,W1
QSO_20.3738218+21.8680425,57755.648413000046,17.732,0.0408191254193423,W1
QSO_20.3738218+21.8680425,58118.4180075,17.823,0.0268875505250334,W1
QSO_20.3738218+21.8680425,58119.07223349995,17.6795,0.1467246570962083,W1
QSO_20.3738218+21.8680425,58479.20831650001,17.883,0.0491283235124349,W1
QSO_20.3738218+21.8680425,58842.88011800003,17.745,0.0390867503443063,W1
QSO_20.3738218+21.8680425,59050.76394160002,17.88,0.0303030713550155,W1
QSO_20.3738218+21.8680425,59414.925118249965,17.7635,0.0527300954196269,W1
QSO_20.3738218+21.8680425,59778.925803,17.842,0.0778258581547988,W1
QSO_20.3738218+21.8680425,60225.61499299999,17.7235,0.0396666549272753,W1
QSO_20.3738218+21.8680425,60509.8377568,17.8705,0.0358654894478427,W1
QSO_20.3738218+21.8680425,55209.99600749999,18.329,0.0706489506638443,W2
QSO_20.3738218+21.8680425,55396.724094499965,18.311,0.0822175195928016,W2
QSO_20.3738218+21.8680425,56672.794581500064,18.1645,0.0682033995025446,W2
QSO_20.3738218+21.8680425,56861.71507749999,18.05,0.1016806553501045,W2
QSO_20.3738218+21.8680425,57035.84360256456,18.1,0.0745222282275562,W2
QSO_20.3738218+21.8680425,57223.13361404425,18.161,0.0468481803275217,W2
QSO_20.3738218+21.8680425,57395.86179029723,18.3455,0.1552393611789848,W2
QSO_20.3738218+21.8680425,57587.672740028574,18.301,0.0986772704512228,W2
QSO_20.3738218+21.8680425,57755.648413000046,18.1585,0.0827467763722551,W2
QSO_20.3738218+21.8680425,58118.4180075,18.174,0.0900693052327316,W2
QSO_20.3738218+21.8680425,58119.07223349995,18.3115,0.0816708332270455,W2
QSO_20.3738218+21.8680425,58479.20831650001,18.151,0.0901196998969314,W2
QSO_20.3738218+21.8680425,58842.88011800003,18.0565,0.0821923830290153,W2
QSO_20.3738218+21.8680425,59050.76394160002,18.187,0.0522503338773077,W2
QSO_20.3738218+21.8680425,59414.925118249965,18.126,0.1122837504940052,W2
QSO_20.3738218+21.8680425,59778.925803,17.848,0.1142988766180979,W2
QSO_20.3738218+21.8680425,60225.61499299999,18.0905,0.0852947983402664,W2
QSO_20.3738218+21.8680425,60509.8377568,17.552,0.0817386587443989,W2
QSO_20.3157551+21.7249742,55209.929906000005,17.740499999999997,0.0495425574632558,W1
QSO_20.3157551+21.7249742,55396.65795650003,17.707,0.0349282187609841,W1
QSO_20.3157551+21.7249742,56672.63000299997,17.771,0.0471083980430322,W1
QSO_20.3157551+21.7249742,56861.51786799998,17.768,0.0549216230020387,W1
QSO_20.3157551+21.7249742,57035.67944380416,17.8095,0.0614943538510292,W1
QSO_20.3157551+21.7249742,57223.0680782901,17.7035,0.1210921748702817,W1
QSO_20.3157551+21.7249742,57395.69749288678,17.826,0.1350048031552951,W1
QSO_20.3157551+21.7249742,57587.508717118224,17.7555,0.0414901861513657,W1
QSO_20.3157551+21.7249742,57755.615709,17.734,0.0312386714720086,W1
QSO_20.3157551+21.7249742,58118.4180075,17.805999999999997,0.0539091009921049,W1
QSO_20.3157551+21.7249742,58119.07223349995,17.878,0.0558614357137376,W1
QSO_20.3157551+21.7249742,58479.01209250004,17.826,0.0468200829117143,W1
QSO_20.3157551+21.7249742,58682.94773950006,17.881999999999998,0.0486321402926548,W1
QSO_20.3157551+21.7249742,59210.48802519997,17.781,0.050006814350461,W1
QSO_20.3157551+21.7249742,59414.99054450004,17.875999999999998,0.0394176517836255,W1
QSO_20.3157551+21.7249742,59858.715040250034,17.876,0.0631267097311549,W1
QSO_20.3157551+21.7249742,60305.46153525,17.7965,0.0486796962602311,W1
QSO_20.3157551+21.7249742,60509.86970859996,17.782,0.0522274683936574,W1
QSO_20.3157551+21.7249742,55209.929906000005,18.085,0.073899966170493,W2
QSO_20.3157551+21.7249742,55396.65795650003,18.24,0.1003319658977965,W2
QSO_20.3157551+21.7249742,56672.63000299997,18.112,0.0810236620947365,W2
QSO_20.3157551+21.7249742,56861.51786799998,18.094,0.0988388256128884,W2
QSO_20.3157551+21.7249742,57035.67944380416,17.989,0.0837868321166973,W2
QSO_20.3157551+21.7249742,57223.0680782901,18.1075,0.1531827914375263,W2
QSO_20.3157551+21.7249742,57395.69749288678,17.883499999999998,0.1649645795314858,W2
QSO_20.3157551+21.7249742,57587.508717118224,18.1685,0.1227941621169346,W2
QSO_20.3157551+21.7249742,57755.615709,18.354,0.1026029143089578,W2
QSO_20.3157551+21.7249742,58118.4180075,18.025,0.0876875945998066,W2
QSO_20.3157551+21.7249742,58119.07223349995,18.186,0.0933380951166252,W2
QSO_20.3157551+21.7249742,58479.01209250004,18.203,0.0783874810028358,W2
QSO_20.3157551+21.7249742,58682.94773950006,18.113,0.0882773767996626,W2
QSO_20.3157551+21.7249742,59210.48802519997,18.065,0.0592678040135839,W2
QSO_20.3157551+21.7249742,59414.99054450004,18.136,0.0631156524901153,W2
QSO_20.3157551+21.7249742,59858.715040250034,17.9575,0.0933230401070114,W2
QSO_20.3157551+21.7249742,60305.46153525,18.074,0.0703270188281822,W2
QSO_20.3157551+21.7249742,60509.86970859996,17.84,0.0681287582214221,W2
QSO_20.2779658+21.7769296,55209.92997899998,18.056,0.0494359404533259,W1
QSO_20.2779658+21.7769296,55396.65795650003,18.009999999999998,0.0607543161983732,W1
QSO_20.2779658+21.7769296,55571.64052600001,18.339,0.0,W1
QSO_20.2779658+21.7769296,56672.63000299997,18.045,0.0524586189823879,W1
QSO_20.2779658+21.7769296,56861.58358624996,18.069000000000003,0.072955390479388,W1
QSO_20.2779658+21.7769296,57035.646612052085,18.0835,0.0828494375169501,W1
QSO_20.2779658+21.7769296,57223.0680782901,18.234,0.1032350114670046,W1
QSO_20.2779658+21.7769296,57395.56606227848,18.182,0.0608852034569974,W1
QSO_20.2779658+21.7769296,57587.44300181407,18.297,0.0265941722939444,W1
QSO_20.2779658+21.7769296,57755.615709,18.075,0.0534048132107404,W1
QSO_20.2779658+21.7769296,58118.48341550001,18.0855,0.0450075309538927,W1
QSO_20.2779658+21.7769296,58119.07223349995,17.875500000000002,0.016617009357884,W1
QSO_20.2779658+21.7769296,58479.044796500006,18.041,0.0466583822011611,W1
QSO_20.2779658+21.7769296,58842.74937499997,18.14,0.0480121466112714,W1
QSO_20.2779658+21.7769296,59050.63289530005,18.037,0.0448475279444624,W1
QSO_20.2779658+21.7769296,59494.843456,18.0725,0.0474615772847824,W1
QSO_20.2779658+21.7769296,59778.925803,18.311,0.0592124815374401,W1
QSO_20.2779658+21.7769296,60225.35615325002,18.0695,0.0552604461321254,W1
QSO_20.2779658+21.7769296,60509.77388980001,17.828500000000002,0.1205826917383876,W1
QSO_20.2779658+21.7769296,55209.92997899998,18.078,0.0800814571578292,W2
QSO_20.2779658+21.7769296,55396.65795650003,18.421,0.0925541187991705,W2
QSO_20.2779658+21.7769296,55571.64052600001,18.469,0.0,W2
QSO_20.2779658+21.7769296,56672.63000299997,18.386,0.1968637480009153,W2
QSO_20.2779658+21.7769296,56861.58358624996,18.086,0.077452204616783,W2
QSO_20.2779658+21.7769296,57035.646612052085,18.088,0.0978578269576586,W2
QSO_20.2779658+21.7769296,57223.0680782901,18.131500000000003,0.1203050328370593,W2
QSO_20.2779658+21.7769296,57395.56606227848,18.185,0.1184193903041222,W2
QSO_20.2779658+21.7769296,57587.44300181407,18.4255,0.1470969068335568,W2
QSO_20.2779658+21.7769296,57755.615709,18.124,0.0949432579081959,W2
QSO_20.2779658+21.7769296,58118.48341550001,18.271,0.089750715663437,W2
QSO_20.2779658+21.7769296,58119.07223349995,17.8155,0.0392444263558536,W2
QSO_20.2779658+21.7769296,58479.044796500006,18.234,0.0806349656488125,W2
QSO_20.2779658+21.7769296,58842.74937499997,17.910999999999998,0.0867618383426296,W2
QSO_20.2779658+21.7769296,59050.63289530005,18.285,0.0531298336227323,W2
QSO_20.2779658+21.7769296,59494.843456,18.217,0.0555464310812079,W2
QSO_20.2779658+21.7769296,59778.925803,18.175,0.1355539263209114,W2
QSO_20.2779658+21.7769296,60225.35615325002,18.2205,0.0380142111178646,W2
QSO_20.2779658+21.7769296,60509.77388980001,17.622,0.1103953124004819,W2
QSO_20.0428627+21.885354,55209.797739499976,17.738999999999997,0.0580464787044508,W1
QSO_20.0428627+21.885354,55396.45954249999,17.834,0.0275525566387719,W1
QSO_20.0428627+21.885354,55571.574479250026,17.8915,0.0279307178568675,W1
QSO_20.0428627+21.885354,56672.63000299997,17.677999999999997,0.0623684349132264,W1
QSO_20.0428627+21.885354,56861.38639500001,17.801000000000002,0.0418840121445918,W1
QSO_20.0428627+21.885354,57035.54811679573,17.841,0.0458688414643748,W1
QSO_20.0428627+21.885354,57223.00241478589,17.9805,0.0364412787491739,W1
QSO_20.0428627+21.885354,57395.40191126814,17.8695,0.1039262715672753,W1
QSO_20.0428627+21.885354,57587.34451120781,17.823999999999998,0.0669559273695205,W1
QSO_20.0428627+21.885354,57755.353930999976,17.887999999999998,0.0670010339170476,W1
QSO_20.0428627+21.885354,58118.28733749999,17.899,0.0330263463852052,W1
QSO_20.0428627+21.885354,58119.07223349995,18.0115,0.0173241161390702,W1
QSO_20.0428627+21.885354,58478.81597799999,17.859499999999997,0.0581259345829125,W1
QSO_20.0428627+21.885354,58682.94768474997,17.9785,0.0425062236941177,W1
QSO_20.0428627+21.885354,59050.63276719999,17.939999999999998,0.037223904250079,W1
QSO_20.0428627+21.885354,59414.859838,17.927999999999997,0.0380678769996339,W1
QSO_20.0428627+21.885354,59778.40436399998,17.823999999999998,0.0666778703333147,W1
QSO_20.0428627+21.885354,60225.29163950001,17.944000000000003,0.0386836847926332,W1
QSO_20.0428627+21.885354,60509.64597279998,17.8355,0.0580151640457841,W1
QSO_20.0428627+21.885354,55209.797739499976,18.346,0.0741706407591121,W2
QSO_20.0428627+21.885354,55396.45954249999,18.219,0.0621996360123823,W2
QSO_20.0428627+21.885354,55571.574479250026,18.488,0.0346482322781404,W2
QSO_20.0428627+21.885354,56672.63000299997,18.081,0.087622506833026,W2
QSO_20.0428627+21.885354,56861.38639500001,17.935,0.0696132279285309,W2
QSO_20.0428627+21.885354,57035.54811679573,17.976,0.043198873378593,W2
QSO_20.0428627+21.885354,57223.00241478589,18.0615,0.0620769274519528,W2
QSO_20.0428627+21.885354,57395.40191126814,18.3965,0.1345369300485,W2
QSO_20.0428627+21.885354,57587.34451120781,17.999,0.0700648179702281,W2
QSO_20.0428627+21.885354,57755.353930999976,18.144,0.0726768596317007,W2
QSO_20.0428627+21.885354,58118.28733749999,18.081,0.0839845417875175,W2
QSO_20.0428627+21.885354,58119.07223349995,18.2675,0.0873276874765385,W2
QSO_20.0428627+21.885354,58478.81597799999,18.157,0.0783740865910384,W2
QSO_20.0428627+21.885354,58682.94768474997,18.105,0.0669123654374699,W2
QSO_20.0428627+21.885354,59050.63276719999,18.065,0.0540046869154219,W2
QSO_20.0428627+21.885354,59414.859838,18.165,0.1025624781580765,W2
QSO_20.0428627+21.885354,59778.40436399998,18.058,0.0688615920379531,W2
QSO_20.0428627+21.885354,60225.29163950001,18.336,0.0676727743108677,W2
QSO_20.0428627+21.885354,60509.64597279998,17.667499999999997,0.1331412505296255,W2
QSO_20.4062482+21.8077585,55210.02909475005,18.244,0.0627870629809817,W1
QSO_20.4062482+21.8077585,55396.79015950001,18.234,0.0661728196267238,W1
QSO_20.4062482+21.8077585,56672.794581500064,18.1195,0.0907706715564824,W1
QSO_20.4062482+21.8077585,56861.71507749999,18.1535,0.0602246098896757,W1
QSO_20.4062482+21.8077585,57035.87643431662,18.127,0.0557148089980659,W1
QSO_20.4062482+21.8077585,57223.1991497984,18.138,0.0890464922261272,W1
QSO_20.4062482+21.8077585,57395.96029920347,18.2745,0.0845653408613717,W1
QSO_20.4062482+21.8077585,57587.34462100781,18.443,0.094911158458845,W1
QSO_20.4062482+21.8077585,57755.681117000015,18.277,0.0570674281707585,W1
QSO_20.4062482+21.8077585,58118.48341550001,18.187,0.0580186103204697,W1
QSO_20.4062482+21.8077585,58119.07223349995,18.34,0.0325269119345807,W1
QSO_20.4062482+21.8077585,58479.241020499976,18.147,0.0413709226479268,W1
QSO_20.4062482+21.8077585,58843.01086100001,18.374,0.0588726822672606,W1
QSO_20.4062482+21.8077585,59050.76394160002,18.1875,0.0401688503062568,W1
QSO_20.4062482+21.8077585,59415.12110500004,18.152,0.0625623655784919,W1
QSO_20.4062482+21.8077585,59858.97588749994,18.2035,0.1059298024489566,W1
QSO_20.4062482+21.8077585,60305.267993999965,18.204,0.0371398398448849,W1
QSO_20.4062482+21.8077585,60509.70991300003,18.4955,0.0229809703885619,W1
QSO_20.4062482+21.8077585,55210.02909475005,18.4335,0.079665224737067,W2
QSO_20.4062482+21.8077585,55396.79015950001,18.375,0.045617704522066,W2
QSO_20.4062482+21.8077585,56672.794581500064,18.2845,0.0754618188961219,W2
QSO_20.4062482+21.8077585,56861.71507749999,18.186,0.1127766620677235,W2
QSO_20.4062482+21.8077585,57035.87643431662,18.171,0.1019346958387743,W2
QSO_20.4062482+21.8077585,57223.1991497984,18.4295,0.0876024532465549,W2
QSO_20.4062482+21.8077585,57395.96029920347,18.519,0.0959895827681315,W2
QSO_20.4062482+21.8077585,57587.34462100781,18.224,0.1830468792413574,W2
QSO_20.4062482+21.8077585,57755.681117000015,18.361,0.0862671704146949,W2
QSO_20.4062482+21.8077585,58118.48341550001,18.3245,0.0737311965985352,W2
QSO_20.4062482+21.8077585,58119.07223349995,17.7835,0.3362292744542035,W2
QSO_20.4062482+21.8077585,58479.241020499976,18.104,0.0749506319000862,W2
QSO_20.4062482+21.8077585,58843.01086100001,18.163,0.0854553840742264,W2
QSO_20.4062482+21.8077585,59050.76394160002,17.983999999999998,0.0710168905123418,W2
QSO_20.4062482+21.8077585,59415.12110500004,18.497,0.1079883122484511,W2
QSO_20.4062482+21.8077585,59858.97588749994,18.0625,0.1190547979792286,W2
QSO_20.4062482+21.8077585,60305.267993999965,18.052,0.0773945657964096,W2
QSO_20.4062482+21.8077585,60509.70991300003,17.958,0.0685893577750947,W2
QSO_20.4100141+21.7471988,55209.96299324998,18.0355,0.05307685727111,W1
QSO_20.4100141+21.7471988,55396.757127000026,17.936999999999998,0.0434196456111748,W1
QSO_20.4100141+21.7471988,56672.6628895,17.793,0.0683125984801568,W1
QSO_20.4100141+21.7471988,56861.58364100004,17.926000000000002,0.0596281616008562,W1
QSO_20.4100141+21.7471988,57035.810770812495,17.927,0.0519790830323729,W1
QSO_20.4100141+21.7471988,57223.1991497984,18.042,0.0625831668883716,W1
QSO_20.4100141+21.7471988,57395.86179029723,17.9045,0.073860604444378,W1
QSO_20.4100141+21.7471988,57587.6071528244,17.963,0.0998695144770164,W1
QSO_20.4100141+21.7471988,57755.648413000046,17.9595,0.0417699533157506,W1
QSO_20.4100141+21.7471988,58036.98380649996,18.053,0.0414164303110306,W1
QSO_20.4100141+21.7471988,58119.07223349995,17.7515,0.0583363094478898,W1
QSO_20.4100141+21.7471988,58479.11020450002,17.9345,0.0491575974571083,W1
QSO_20.4100141+21.7471988,58762.88122475,17.909,0.0558391621197798,W1
QSO_20.4100141+21.7471988,59050.89496960003,17.967,0.0612323340894491,W1
QSO_20.4100141+21.7471988,59414.990398500006,17.948,0.0494012027664783,W1
QSO_20.4100141+21.7471988,59778.925803,17.852,0.0688846075929692,W1
QSO_20.4100141+21.7471988,60305.332507749976,18.1065,0.051708975190332,W1
QSO_20.4100141+21.7471988,60509.96561889994,18.073500000000003,0.0661749574990418,W1
QSO_20.4100141+21.7471988,55209.96299324998,18.108,0.0739553011898003,W2
QSO_20.4100141+21.7471988,55396.757127000026,18.255000000000003,0.0695871214870385,W2
QSO_20.4100141+21.7471988,56672.6628895,18.2415,0.1067293435648213,W2
QSO_20.4100141+21.7471988,56861.58364100004,18.26,0.0955890826782679,W2
QSO_20.4100141+21.7471988,57035.810770812495,18.119,0.120489429511085,W2
QSO_20.4100141+21.7471988,57223.1991497984,18.3255,0.0904982095177907,W2
QSO_20.4100141+21.7471988,57395.86179029723,18.0975,0.106275585154823,W2
QSO_20.4100141+21.7471988,57587.6071528244,18.224,0.0727749098247464,W2
QSO_20.4100141+21.7471988,57755.648413000046,18.117,0.1021004407434171,W2
QSO_20.4100141+21.7471988,58036.98380649996,18.172,0.0902283223038786,W2
QSO_20.4100141+21.7471988,58119.07223349995,17.902,0.0487903679018723,W2
QSO_20.4100141+21.7471988,58479.11020450002,18.231,0.0774600268397675,W2
QSO_20.4100141+21.7471988,58762.88122475,18.036,0.0814725355716769,W2
QSO_20.4100141+21.7471988,59050.89496960003,17.951999999999998,0.0549574896315218,W2
QSO_20.4100141+21.7471988,59414.990398500006,17.926,0.0782719021686212,W2
QSO_20.4100141+21.7471988,59778.925803,18.032,0.0791290727286226,W2
QSO_20.4100141+21.7471988,60305.332507749976,18.0045,0.0669039492685922,W2
QSO_20.4100141+21.7471988,60509.96561889994,17.749000000000002,0.1308994724015337,W2
QSO_20.2605492+21.6088102,55209.79762999997,18.039,0.0386860837107808,W1
QSO_20.2605492+21.6088102,55396.59189149999,18.0175,0.0455523275525472,W1
QSO_20.2605492+21.6088102,55571.64052600001,18.062,0.0,W1
QSO_20.2605492+21.6088102,56672.56408399996,17.965,0.0533145800362757,W1
QSO_20.2605492+21.6088102,56861.45220450001,18.095,0.0501479404150735,W1
QSO_20.2605492+21.6088102,57035.61378030002,18.164,0.0664853608473103,W1
QSO_20.2605492+21.6088102,57223.00254253596,18.094,0.0411912980139004,W1
QSO_20.2605492+21.6088102,57395.36904446608,18.169,0.0768031446756574,W1
QSO_20.2605492+21.6088102,57587.443075014045,17.9985,0.08465480226706,W1
QSO_20.2605492+21.6088102,57755.51745100006,18.031,0.0564998770893451,W1
QSO_20.2605492+21.6088102,58118.4180075,18.082,0.0496625822333992,W1
QSO_20.2605492+21.6088102,58119.07223349995,18.048,0.0565685424949238,W1
QSO_20.2605492+21.6088102,58479.01209250004,17.988,0.0505750185255732,W1
QSO_20.2605492+21.6088102,58842.68376625,18.0265,0.0319395840022857,W1
QSO_20.2605492+21.6088102,59210.71734250001,18.099,0.050855993071122,W1
QSO_20.2605492+21.6088102,59414.859838,18.056,0.0514624981115359,W1
QSO_20.2605492+21.6088102,59858.64994249997,18.027,0.050882034958141,W1
QSO_20.2605492+21.6088102,60225.420612249945,18.1085,0.039023222846099,W1
QSO_20.2605492+21.6088102,60509.80580500003,17.951999999999998,0.0578128074020665,W1
QSO_20.2605492+21.6088102,55209.79762999997,18.187,0.0690644795034023,W2
QSO_20.2605492+21.6088102,55396.59189149999,18.377,0.070075788102145,W2
QSO_20.2605492+21.6088102,55571.64052600001,17.996,0.0,W2
QSO_20.2605492+21.6088102,56672.56408399996,18.09,0.1182334998798023,W2
QSO_20.2605492+21.6088102,56861.45220450001,18.251,0.0944879513624207,W2
QSO_20.2605492+21.6088102,57035.61378030002,18.144,0.0772005075588686,W2
QSO_20.2605492+21.6088102,57223.00254253596,17.98,0.0779666146688148,W2
QSO_20.2605492+21.6088102,57395.36904446608,18.231,0.1016724862518932,W2
QSO_20.2605492+21.6088102,57587.443075014045,18.1965,0.1052264578035154,W2
QSO_20.2605492+21.6088102,57755.51745100006,18.1275,0.0965730239680488,W2
QSO_20.2605492+21.6088102,58118.4180075,18.181,0.0598659911978119,W2
QSO_20.2605492+21.6088102,58119.07223349995,17.7915,0.0236880771697494,W2
QSO_20.2605492+21.6088102,58479.01209250004,18.262,0.0596096633593243,W2
QSO_20.2605492+21.6088102,58842.68376625,18.256,0.0850497967665365,W2
QSO_20.2605492+21.6088102,59210.71734250001,17.9735,0.0552601093692367,W2
QSO_20.2605492+21.6088102,59414.859838,17.816,0.0876236885062334,W2
QSO_20.2605492+21.6088102,59858.64994249997,17.9005,0.1690797669521475,W2
QSO_20.2605492+21.6088102,60225.420612249945,18.1225,0.1020490758845414,W2
QSO_20.2605492+21.6088102,60509.80580500003,17.61,0.1336232028872763,W2
QSO_20.1682533+21.7641992,55209.83071724996,17.627,0.0198859592426414,W1
QSO_20.1682533+21.7641992,55396.525717000026,17.654,0.0200583764875875,W1
QSO_20.1682533+21.7641992,55571.64052600001,17.9535,0.0024748737341534,W1
QSO_20.1682533+21.7641992,56672.49827450004,17.564999999999998,0.0694102604559277,W1
QSO_20.1682533+21.7641992,56861.45205849998,17.67,0.033625653448937,W1
QSO_20.1682533+21.7641992,57035.58094854788,17.591,0.0475827404370531,W1
QSO_20.1682533+21.7641992,57223.00254253596,17.694,0.1055711109878961,W1
QSO_20.1682533+21.7641992,57395.50047507439,17.576,0.0625116199110752,W1
QSO_20.1682533+21.7641992,57587.37735970989,17.6365,0.0609577049836606,W1
QSO_20.1682533+21.7641992,57755.41933899999,17.621000000000002,0.0198903833009509,W1
QSO_20.1682533+21.7641992,58118.41815350003,17.689999999999998,0.036058378297222,W1
QSO_20.1682533+21.7641992,58119.07223349995,17.5845,0.0265165042944952,W1
QSO_20.1682533+21.7641992,58478.94673925002,17.612000000000002,0.0250875727403367,W1
QSO_20.1682533+21.7641992,58842.61815750003,17.569,0.0551229091314229,W1
QSO_20.1682533+21.7641992,59050.436316699976,17.634999999999998,0.0205583802863941,W1
QSO_20.1682533+21.7641992,59414.663887749964,17.6935,0.0472784280180652,W1
QSO_20.1682533+21.7641992,59778.37178774999,17.6035,0.0441820629611158,W1
QSO_20.1682533+21.7641992,60145.44354599996,17.677,0.0318082362245355,W1
QSO_20.1682533+21.7641992,60509.67792460003,17.541,0.0889263461732897,W1
QSO_20.1682533+21.7641992,55209.83071724996,18.1185,0.0514182786079037,W2
QSO_20.1682533+21.7641992,55396.525717000026,18.209,0.0428767354637342,W2
QSO_20.1682533+21.7641992,55571.64052600001,18.298,0.0035355339059332,W2
QSO_20.1682533+21.7641992,56672.49827450004,17.861,0.0823289639740347,W2
QSO_20.1682533+21.7641992,56861.45205849998,17.973,0.0887635390379396,W2
QSO_20.1682533+21.7641992,57035.58094854788,17.697499999999998,0.0942781788114303,W2
QSO_20.1682533+21.7641992,57223.00254253596,17.955,0.0802917420934212,W2
QSO_20.1682533+21.7641992,57395.50047507439,17.936,0.0852029988932793,W2
QSO_20.1682533+21.7641992,57587.37735970989,18.153,0.0872114886353855,W2
QSO_20.1682533+21.7641992,57755.41933899999,18.014,0.0897425401699399,W2
QSO_20.1682533+21.7641992,58118.41815350003,17.979,0.0840605315420473,W2
QSO_20.1682533+21.7641992,58119.07223349995,18.2675,0.116319065505186,W2
QSO_20.1682533+21.7641992,58478.94673925002,18.0625,0.0588523037687747,W2
QSO_20.1682533+21.7641992,58842.61815750003,17.982,0.0739664588650629,W2
QSO_20.1682533+21.7641992,59050.436316699976,17.9165,0.0553121867222766,W2
QSO_20.1682533+21.7641992,59414.663887749964,18.0135,0.084526802101094,W2
QSO_20.1682533+21.7641992,59778.37178774999,17.969,0.1347279594103427,W2
QSO_20.1682533+21.7641992,60145.44354599996,17.922,0.0633048864663624,W2
QSO_20.1682533+21.7641992,60509.67792460003,17.645,0.1021852773338219,W2
QSO_20.1246639+21.8612081,55209.86380450002,17.901,0.0274745425504161,W1
QSO_20.1246639+21.8612081,55396.49270275002,17.965,0.0626172788542518,W1
QSO_20.1246639+21.8612081,55571.64052600001,18.122,0.0,W1
QSO_20.1246639+21.8612081,56672.49827450004,18.07,0.075044312469495,W1
QSO_20.1246639+21.8612081,56861.51786799998,17.987000000000002,0.0433376093498501,W1
QSO_20.1246639+21.8612081,57035.58094854788,17.947499999999998,0.0394104998699584,W1
QSO_20.1246639+21.8612081,57223.06795054013,17.902,0.0711814910262706,W1
QSO_20.1246639+21.8612081,57395.53326867639,18.039,0.0420162728892032,W1
QSO_20.1246639+21.8612081,57587.41020821199,18.08,0.0665192052321963,W1
QSO_20.1246639+21.8612081,57755.45204299996,18.006500000000003,0.0448595140410594,W1
QSO_20.1246639+21.8612081,58118.41815350003,18.026,0.0519206880888132,W1
QSO_20.1246639+21.8612081,58119.07223349995,18.0855,0.0321733585439882,W1
QSO_20.1246639+21.8612081,58478.88138600001,18.063,0.0321953021647799,W1
QSO_20.1246639+21.8612081,58683.01307450001,18.038,0.0389374274864076,W1
QSO_20.1246639+21.8612081,59210.48802519997,17.917,0.0430884076779477,W1
QSO_20.1246639+21.8612081,59414.925118249965,18.076,0.0729184126775084,W1
QSO_20.1246639+21.8612081,59778.53466900002,17.919,0.0511738980704668,W1
QSO_20.1246639+21.8612081,60145.57323050001,17.95,0.032628720807514,W1
QSO_20.1246639+21.8612081,60509.64597279998,18.09,0.078729647667667,W1
QSO_20.1246639+21.8612081,55209.86380450002,18.269,0.0982750475639875,W2
QSO_20.1246639+21.8612081,55396.49270275002,18.274,0.0776039923562547,W2
QSO_20.1246639+21.8612081,55571.64052600001,18.628,0.0,W2
QSO_20.1246639+21.8612081,56672.49827450004,18.068,0.0976367389082435,W2
QSO_20.1246639+21.8612081,56861.51786799998,18.354,0.0619709800379493,W2
QSO_20.1246639+21.8612081,57035.58094854788,18.101,0.1335135760887257,W2
QSO_20.1246639+21.8612081,57223.06795054013,18.163,0.0946962614056029,W2
QSO_20.1246639+21.8612081,57395.53326867639,18.1865,0.1032383468000143,W2
QSO_20.1246639+21.8612081,57587.41020821199,18.14,0.0801838266992784,W2
QSO_20.1246639+21.8612081,57755.45204299996,18.2545,0.0711472346616508,W2
QSO_20.1246639+21.8612081,58118.41815350003,18.216,0.0345459395444348,W2
QSO_20.1246639+21.8612081,58119.07223349995,17.831,0.1343502884254449,W2
QSO_20.1246639+21.8612081,58478.88138600001,18.303,0.0671317687117686,W2
QSO_20.1246639+21.8612081,58683.01307450001,18.241,0.0721516838437016,W2
QSO_20.1246639+21.8612081,59210.48802519997,18.15,0.0612869750278344,W2
QSO_20.1246639+21.8612081,59414.925118249965,18.162,0.1106018546617987,W2
QSO_20.1246639+21.8612081,59778.53466900002,18.072,0.0575205970361569,W2
QSO_20.1246639+21.8612081,60145.57323050001,18.034,0.0874905339301136,W2
QSO_20.1246639+21.8612081,60509.64597279998,17.7085,0.1099246901291972,W2
QSO_20.3509658+21.7799178,55209.99600749999,18.235,0.0389897788528769,W1
QSO_20.3509658+21.7799178,55396.757127000026,18.2875,0.0607681681032893,W1
QSO_20.3509658+21.7799178,56672.695849,18.367,0.0709586799430433,W1
QSO_20.3509658+21.7799178,56861.64930450001,18.264,0.0330825073340902,W1
QSO_20.3509658+21.7799178,57035.67944380416,18.33,0.0562765454046551,W1
QSO_20.3509658+21.7799178,57223.1991497984,18.2795,0.0575306681499338,W1
QSO_20.3509658+21.7799178,57395.82892349517,18.635,0.1508436011238128,W1
QSO_20.3509658+21.7799178,57587.44305671399,18.2575,0.0658731617390571,W1
QSO_20.3509658+21.7799178,57755.648413000046,18.295,0.0662874304638517,W1
QSO_20.3509658+21.7799178,58118.48341550001,18.3825,0.0501724431583527,W1
QSO_20.3509658+21.7799178,58119.07223349995,18.4525,0.0350017856687341,W1
QSO_20.3509658+21.7799178,58479.241020499976,18.371,0.0493734118356864,W1
QSO_20.3509658+21.7799178,58843.07621425002,18.408,0.0421901216606534,W1
QSO_20.3509658+21.7799178,59210.7501178,18.183,0.0643043889898611,W1
QSO_20.3509658+21.7799178,59414.990398500006,18.495,0.0784233638656235,W1
QSO_20.3509658+21.7799178,59938.89552099997,18.374,0.0835446145715371,W1
QSO_20.3509658+21.7799178,60225.61499299999,18.2715,0.0557926842440867,W1
QSO_20.3509658+21.7799178,60509.614021000016,18.366,0.0,W1
QSO_20.3509658+21.7799178,55209.99600749999,18.009,0.0791931893041078,W2
QSO_20.3509658+21.7799178,55396.757127000026,18.3945,0.0896482968584994,W2
QSO_20.3509658+21.7799178,56672.695849,18.2265,0.0826812543132652,W2
QSO_20.3509658+21.7799178,56861.64930450001,18.259,0.0747938715111564,W2
QSO_20.3509658+21.7799178,57035.67944380416,18.109,0.1525875746252922,W2
QSO_20.3509658+21.7799178,57223.1991497984,18.4755,0.1124634302702356,W2
QSO_20.3509658+21.7799178,57395.82892349517,18.186,0.1753827813669293,W2
QSO_20.3509658+21.7799178,57587.44305671399,18.244,0.1389319471449961,W2
QSO_20.3509658+21.7799178,57755.648413000046,18.4465,0.069507868259644,W2
QSO_20.3509658+21.7799178,58118.48341550001,18.165,0.0893946111432772,W2
QSO_20.3509658+21.7799178,58119.07223349995,18.288,0.147078210486802,W2
QSO_20.3509658+21.7799178,58479.241020499976,18.322000000000003,0.06562037902602,W2
QSO_20.3509658+21.7799178,58843.07621425002,18.1525,0.0806677714570812,W2
QSO_20.3509658+21.7799178,59210.7501178,18.1995,0.0631442556491435,W2
QSO_20.3509658+21.7799178,59414.990398500006,18.298,0.0821980697259167,W2
QSO_20.3509658+21.7799178,59938.89552099997,18.06,0.0822291117680196,W2
QSO_20.3509658+21.7799178,60225.61499299999,18.3305,0.0637493268700528,W2
QSO_20.3509658+21.7799178,60509.614021000016,17.887,0.0,W2
QSO_20.3368877+21.8814226,55209.96299324998,17.7175,0.0407404271873455,W1
QSO_20.3368877+21.8814226,55396.72398499996,17.769,0.035872149448475,W1
QSO_20.3368877+21.8814226,56672.76169500004,17.828,0.0689606264472708,W1
QSO_20.3368877+21.8814226,56861.61647275007,17.7395,0.0505812218120519,W1
QSO_20.3368877+21.8814226,57035.810770812495,17.79,0.0425752634897831,W1
QSO_20.3368877+21.8814226,57223.13361404425,17.875999999999998,0.0486099578275893,W1
QSO_20.3368877+21.8814226,57395.82892349517,17.721,0.0535154809895171,W1
QSO_20.3368877+21.8814226,57587.60707962442,17.782,0.0679632842055179,W1
QSO_20.3368877+21.8814226,57755.68117175002,17.759,0.0383097898715197,W1
QSO_20.3368877+21.8814226,57955.5496055,17.843,0.0452635734199557,W1
QSO_20.3368877+21.8814226,58119.07223349995,17.700499999999998,0.0788424061022996,W1
QSO_20.3368877+21.8814226,58479.01209250004,17.814,0.0511454372115267,W1
QSO_20.3368877+21.8814226,58842.88011800003,17.7545,0.0297478715214771,W1
QSO_20.3368877+21.8814226,59050.89496960003,17.793,0.0285386244030862,W1
QSO_20.3368877+21.8814226,59415.05575175002,17.845,0.0326012495512552,W1
QSO_20.3368877+21.8814226,59778.925803,17.711,0.0483286360708831,W1
QSO_20.3368877+21.8814226,60145.96199200001,17.752000000000002,0.0373163612215181,W1
QSO_20.3368877+21.8814226,60509.86970859996,17.753999999999998,0.0558823048916197,W1
QSO_20.3368877+21.8814226,55209.96299324998,18.208,0.062268051079066,W2
QSO_20.3368877+21.8814226,55396.72398499996,18.206,0.0721533162569962,W2
QSO_20.3368877+21.8814226,56672.76169500004,18.29,0.0742043664483433,W2
QSO_20.3368877+21.8814226,56861.61647275007,18.313,0.0743573533687153,W2
QSO_20.3368877+21.8814226,57035.810770812495,18.189,0.0914335776690621,W2
QSO_20.3368877+21.8814226,57223.13361404425,18.199,0.0829016767019824,W2
QSO_20.3368877+21.8814226,57395.82892349517,18.402,0.1114660847372295,W2
QSO_20.3368877+21.8814226,57587.60707962442,18.198,0.1802124523999383,W2
QSO_20.3368877+21.8814226,57755.68117175002,18.2475,0.0744325802320462,W2
QSO_20.3368877+21.8814226,57955.5496055,18.05,0.084211661932668,W2
QSO_20.3368877+21.8814226,58119.07223349995,18.3405,0.1962221317792668,W2
QSO_20.3368877+21.8814226,58479.01209250004,18.188,0.1003430853914475,W2
QSO_20.3368877+21.8814226,58842.88011800003,18.146,0.0519785677126421,W2
QSO_20.3368877+21.8814226,59050.89496960003,18.071,0.0507844124473155,W2
QSO_20.3368877+21.8814226,59415.05575175002,18.0235,0.0777780631907392,W2
QSO_20.3368877+21.8814226,59778.925803,18.148,0.0848258119993221,W2
QSO_20.3368877+21.8814226,60145.96199200001,17.956,0.0872515138359596,W2
QSO_20.3368877+21.8814226,60509.86970859996,17.805,0.0487430815603608,W2
QSO_20.4186529+21.7344124,55209.96299324998,17.4715,0.0314897378198512,W1
QSO_20.4186529+21.7344124,55396.757127000026,17.471,0.0425922405883199,W1
QSO_20.4186529+21.7344124,56672.6628895,17.3735,0.0241427084307122,W1
QSO_20.4186529+21.7344124,56861.58364100004,17.463,0.0208433967464197,W1
QSO_20.4186529+21.7344124,57035.810770812495,17.279,0.0860632014020425,W1
QSO_20.4186529+21.7344124,57223.13361404425,17.517,0.0750283522697575,W1
QSO_20.4186529+21.7344124,57395.86179029723,17.433999999999997,0.0911062922167373,W1
QSO_20.4186529+21.7344124,57587.60722602446,17.503999999999998,0.0333624975298101,W1
QSO_20.4186529+21.7344124,57755.648413000046,17.457,0.0346540185259947,W1
QSO_20.4186529+21.7344124,57955.5496055,17.474,0.0353147708053873,W1
QSO_20.4186529+21.7344124,58119.07223349995,17.2365,0.0038890872965244,W1
QSO_20.4186529+21.7344124,58479.01209250004,17.463,0.030565389883272,W1
QSO_20.4186529+21.7344124,58683.01307450001,17.483,0.0268371991694227,W1
QSO_20.4186529+21.7344124,59050.89496960003,17.48,0.0228801779772428,W1
QSO_20.4186529+21.7344124,59414.99047149998,17.44,0.0234472377730017,W1
QSO_20.4186529+21.7344124,59778.925803,17.394,0.0285605270207624,W1
QSO_20.4186529+21.7344124,60305.332507749976,17.475,0.0423419741325024,W1
QSO_20.4186529+21.7344124,60509.90167869999,17.4105,0.0810717846063554,W1
QSO_20.4186529+21.7344124,55209.96299324998,18.132,0.0821498003593074,W2
QSO_20.4186529+21.7344124,55396.757127000026,18.093,0.0567289894211128,W2
QSO_20.4186529+21.7344124,56672.6628895,18.003999999999998,0.06925596644975,W2
QSO_20.4186529+21.7344124,56861.58364100004,17.987,0.101365018329871,W2
QSO_20.4186529+21.7344124,57035.810770812495,18.032,0.0913001010668145,W2
QSO_20.4186529+21.7344124,57223.13361404425,18.053,0.0558293422126309,W2
QSO_20.4186529+21.7344124,57395.86179029723,18.3975,0.1194409818619564,W2
QSO_20.4186529+21.7344124,57587.60722602446,18.069,0.0572480943549237,W2
QSO_20.4186529+21.7344124,57755.648413000046,18.141,0.055161589897319,W2
QSO_20.4186529+21.7344124,57955.5496055,18.15,0.0469077581832449,W2
QSO_20.4186529+21.7344124,58119.07223349995,17.944000000000003,0.1838477631085022,W2
QSO_20.4186529+21.7344124,58479.01209250004,18.206,0.0662035110117103,W2
QSO_20.4186529+21.7344124,58683.01307450001,18.091,0.0836140870640562,W2
QSO_20.4186529+21.7344124,59050.89496960003,17.852999999999998,0.0545855804150969,W2
QSO_20.4186529+21.7344124,59414.99047149998,18.003500000000003,0.0993776259348308,W2
QSO_20.4186529+21.7344124,59778.925803,17.663,0.0702675662322066,W2
QSO_20.4186529+21.7344124,60305.332507749976,18.0425,0.061827751846865,W2
QSO_20.4186529+21.7344124,60509.90167869999,17.532,0.092293538355739,W2
QSO_20.153075+21.6241394,55209.76461574997,17.916,0.0469950130332996,W1
QSO_20.153075+21.6241394,55396.49270275002,17.913,0.0383940406602065,W1
QSO_20.153075+21.6241394,55571.57442450002,18.096,0.0752707612556159,W1
QSO_20.153075+21.6241394,56672.49827450004,17.794,0.0515622068932101,W1
QSO_20.153075+21.6241394,56861.38639500001,17.887,0.0500068582402078,W1
QSO_20.153075+21.6241394,57035.54811679573,17.939,0.052570470047239,W1
QSO_20.153075+21.6241394,57222.9697655339,17.9195,0.0625949123082304,W1
QSO_20.153075+21.6241394,57395.36904446608,17.95,0.068696666585796,W1
QSO_20.153075+21.6241394,57587.443075014045,18.0455,0.0539296416639311,W1
QSO_20.153075+21.6241394,57755.45204299996,17.964,0.0466917658693691,W1
QSO_20.153075+21.6241394,58118.4180075,17.967,0.0494753421922445,W1
QSO_20.153075+21.6241394,58119.07223349995,17.9515,0.03783021279348,W1
QSO_20.153075+21.6241394,58478.88138600001,17.968,0.0356867440894192,W1
QSO_20.153075+21.6241394,58762.75046350005,18.0295,0.0354794724981925,W1
QSO_20.153075+21.6241394,59210.35699719996,17.945,0.0367741399214599,W1
QSO_20.153075+21.6241394,59414.5986075,17.927999999999997,0.0448272937052904,W1
QSO_20.153075+21.6241394,59778.37178774999,18.0725,0.0421101374003336,W1
QSO_20.153075+21.6241394,60305.01004849999,17.902,0.0406802827677678,W1
QSO_20.153075+21.6241394,60509.74193800005,18.173,0.1370061670685479,W1
QSO_20.153075+21.6241394,55209.76461574997,18.1365,0.0614623372195068,W2
QSO_20.153075+21.6241394,55396.49270275002,18.2785,0.0589883751249707,W2
QSO_20.153075+21.6241394,55571.57442450002,18.362,0.0873071983000251,W2
QSO_20.153075+21.6241394,56672.49827450004,18.038,0.0769735849797609,W2
QSO_20.153075+21.6241394,56861.38639500001,18.113,0.1197206396160186,W2
QSO_20.153075+21.6241394,57035.54811679573,18.316,0.1546035950582595,W2
QSO_20.153075+21.6241394,57222.9697655339,18.129,0.088574992502822,W2
QSO_20.153075+21.6241394,57395.36904446608,18.192,0.1442192774909096,W2
QSO_20.153075+21.6241394,57587.443075014045,18.1655,0.0670205046748753,W2
QSO_20.153075+21.6241394,57755.45204299996,18.0575,0.0840441788585025,W2
QSO_20.153075+21.6241394,58118.4180075,18.081,0.062287005681243,W2
QSO_20.153075+21.6241394,58119.07223349995,18.2855,0.2718825573662282,W2
QSO_20.153075+21.6241394,58478.88138600001,18.143,0.0680536302675513,W2
QSO_20.153075+21.6241394,58762.75046350005,17.939999999999998,0.0799189882176593,W2
QSO_20.153075+21.6241394,59210.35699719996,17.933,0.0714868011250509,W2
QSO_20.153075+21.6241394,59414.5986075,18.138,0.0695667204746508,W2
QSO_20.153075+21.6241394,59778.37178774999,18.015500000000003,0.1510042424900705,W2
QSO_20.153075+21.6241394,60305.01004849999,18.132,0.0753059165712027,W2
QSO_20.153075+21.6241394,60509.74193800005,17.6125,0.0991807412981194,W2
QSO_20.2228203+21.7970678,55209.83071724996,18.056,0.0346477849219833,W1
QSO_20.2228203+21.7970678,55396.65795650003,18.098,0.0729005845021531,W1
QSO_20.2228203+21.7970678,55571.64052600001,18.322,0.0,W1
QSO_20.2228203+21.7970678,56672.53125225002,18.212,0.0356942390828507,W1
QSO_20.2228203+21.7970678,56861.550754500015,18.14,0.0639647090198963,W1
QSO_20.2228203+21.7970678,57035.61378030002,17.978,0.0564825110319837,W1
QSO_20.2228203+21.7970678,57223.00254253596,18.187,0.0496620649964182,W1
QSO_20.2228203+21.7970678,57395.50047507439,18.047,0.0652633150517593,W1
QSO_20.2228203+21.7970678,57587.54149242025,18.091,0.0748597133068575,W1
QSO_20.2228203+21.7970678,57755.51752399995,18.226,0.0859633875554004,W1
QSO_20.2228203+21.7970678,58118.4180075,18.303,0.0719593523050353,W1
QSO_20.2228203+21.7970678,58119.13764149997,18.591,0.0,W1
QSO_20.2228203+21.7970678,58479.14290849999,18.22,0.0403539465232338,W1
QSO_20.2228203+21.7970678,58842.74937499997,18.253,0.0725597937696276,W1
QSO_20.2228203+21.7970678,59130.49493709998,18.1185,0.0489674330480384,W1
QSO_20.2228203+21.7970678,59414.859838,18.23,0.0474755484823894,W1
QSO_20.2228203+21.7970678,59778.46951649996,18.217,0.049311083849352,W1
QSO_20.2228203+21.7970678,60145.57323050001,18.2845,0.0362745574779428,W1
QSO_20.2228203+21.7970678,60509.8377568,18.1125,0.1716797072312272,W1
QSO_20.2228203+21.7970678,55209.83071724996,18.338,0.0317126000195505,W2
QSO_20.2228203+21.7970678,55396.65795650003,18.212,0.0684687649932405,W2
QSO_20.2228203+21.7970678,55571.64052600001,18.446,0.0,W2
QSO_20.2228203+21.7970678,56672.53125225002,18.1535,0.0531113871447963,W2
QSO_20.2228203+21.7970678,56861.550754500015,18.2565,0.0899987166575168,W2
QSO_20.2228203+21.7970678,57035.61378030002,18.492,0.1046904085036116,W2
QSO_20.2228203+21.7970678,57223.00254253596,18.295,0.1339662940072211,W2
QSO_20.2228203+21.7970678,57395.50047507439,18.154,0.0883499205138891,W2
QSO_20.2228203+21.7970678,57587.54149242025,18.187,0.070117934805163,W2
QSO_20.2228203+21.7970678,57755.51752399995,18.2455,0.0813749654377808,W2
QSO_20.2228203+21.7970678,58118.4180075,18.129,0.0679360659576788,W2
QSO_20.2228203+21.7970678,58119.13764149997,18.56,0.0,W2
QSO_20.2228203+21.7970678,58479.14290849999,18.1875,0.0935254243508149,W2
QSO_20.2228203+21.7970678,58842.74937499997,18.078,0.0749647613803265,W2
QSO_20.2228203+21.7970678,59130.49493709998,18.229,0.0677058475327165,W2
QSO_20.2228203+21.7970678,59414.859838,18.192,0.0840178182160057,W2
QSO_20.2228203+21.7970678,59778.46951649996,18.341,0.1197695088650374,W2
QSO_20.2228203+21.7970678,60145.57323050001,18.089,0.0787116801853334,W2
QSO_20.2228203+21.7970678,60509.8377568,17.618,0.0590448717078797,W2
QSO_20.1470096+21.6492323,55209.76461574997,17.5415,0.0352185108410246,W1
QSO_20.1470096+21.6492323,55396.49270275002,17.519,0.0232428911249702,W1
QSO_20.1470096+21.6492323,55571.57442450002,17.7195,0.070463199615118,W1
QSO_20.1470096+21.6492323,56672.49827450004,17.54,0.0512170667714329,W1
QSO_20.1470096+21.6492323,56861.41922674995,17.477999999999998,0.0186236677375859,W1
QSO_20.1470096+21.6492323,57035.54811679573,17.457,0.034017223104834,W1
QSO_20.1470096+21.6492323,57223.00254253596,17.567,0.0498820766843563,W1
QSO_20.1470096+21.6492323,57395.40183806809,17.506500000000003,0.0470342664684189,W1
QSO_20.1470096+21.6492323,57587.443075014045,17.634999999999998,0.0397539060580845,W1
QSO_20.1470096+21.6492323,57755.41933899999,17.497,0.0236670493755717,W1
QSO_20.1470096+21.6492323,58118.54882350003,17.527,0.0444464088454763,W1
QSO_20.1470096+21.6492323,58119.07223349995,17.447000000000003,0.066468037431535,W1
QSO_20.1470096+21.6492323,58478.94668450002,17.570999999999998,0.0274522400084487,W1
QSO_20.1470096+21.6492323,58683.01307450001,17.522,0.0449759310117131,W1
QSO_20.1470096+21.6492323,59130.42942310002,17.527,0.0247046959098871,W1
QSO_20.1470096+21.6492323,59414.5986075,17.541,0.0202862783239138,W1
QSO_20.1470096+21.6492323,59778.3392115,17.448,0.0415587573863885,W1
QSO_20.1470096+21.6492323,60305.01004849999,17.479,0.0312443799139298,W1
QSO_20.1470096+21.6492323,60509.67807099998,17.609,0.057110858387636,W1
QSO_20.1470096+21.6492323,55209.76461574997,18.2205,0.065126887493641,W2
QSO_20.1470096+21.6492323,55396.49270275002,18.152,0.0217671851142068,W2
QSO_20.1470096+21.6492323,55571.57442450002,18.2785,0.0837827361393742,W2
QSO_20.1470096+21.6492323,56672.49827450004,18.155,0.1040597064024815,W2
QSO_20.1470096+21.6492323,56861.41922674995,18.005499999999998,0.0611510343330349,W2
QSO_20.1470096+21.6492323,57035.54811679573,18.148,0.0551518169065468,W2
QSO_20.1470096+21.6492323,57223.00254253596,18.165,0.0972939401359204,W2
QSO_20.1470096+21.6492323,57395.40183806809,18.3585,0.0718305941730907,W2
QSO_20.1470096+21.6492323,57587.443075014045,18.022,0.0931300229350074,W2
QSO_20.1470096+21.6492323,57755.41933899999,17.913999999999998,0.0911137118652141,W2
QSO_20.1470096+21.6492323,58118.54882350003,18.229,0.0692828149286996,W2
QSO_20.1470096+21.6492323,58119.07223349995,18.0955,0.0038890872965257,W2
QSO_20.1470096+21.6492323,58478.94668450002,18.206,0.0845634961959881,W2
QSO_20.1470096+21.6492323,58683.01307450001,18.143,0.0679637812040763,W2
QSO_20.1470096+21.6492323,59130.42942310002,18.0855,0.0636288250323703,W2
QSO_20.1470096+21.6492323,59414.5986075,18.146,0.0590668634845037,W2
QSO_20.1470096+21.6492323,59778.3392115,18.141,0.0927721222494487,W2
QSO_20.1470096+21.6492323,60305.01004849999,17.982,0.0876542413628851,W2
QSO_20.1470096+21.6492323,60509.67807099998,17.549,0.1367032708334361,W2
QSO_20.0756046+21.6705002,55209.69851424998,18.9725,0.0971347860792758,W1
QSO_20.0756046+21.6705002,55396.459688500014,19.08,0.0737902381666113,W1
QSO_20.0756046+21.6705002,55571.57442450002,18.966,0.0459619407771239,W1
QSO_20.0756046+21.6705002,56672.49827450004,18.951,0.0494470886631305,W1
QSO_20.0756046+21.6705002,56861.45205849998,18.959000000000003,0.0739087768037718,W1
QSO_20.0756046+21.6705002,57035.449621539454,18.8245,0.1495963086294434,W1
QSO_20.0756046+21.6705002,57222.77304877145,18.493,0.0579827560572961,W1
QSO_20.0756046+21.6705002,57395.43470487023,19.15,0.1528709362441018,W1
QSO_20.0756046+21.6705002,57587.34462100781,18.528,0.0474817703810475,W1
QSO_20.0756046+21.6705002,57755.74663450004,19.279,0.148955126228101,W1
QSO_20.0756046+21.6705002,58118.450711500045,18.811,0.0487380267822738,W1
QSO_20.0756046+21.6705002,58119.07223349995,18.694000000000003,0.0197989898732236,W1
QSO_20.0756046+21.6705002,58479.01209250004,18.862,0.0855900119510018,W1
QSO_20.0756046+21.6705002,58842.68376625,18.866,0.0702950256063685,W1
QSO_20.0756046+21.6705002,59050.17416920003,18.606,0.0909903084466934,W1
QSO_20.0756046+21.6705002,59414.859838,18.937,0.1044724076731009,W1
QSO_20.0756046+21.6705002,59858.74754350005,18.9345,0.0880347942577259,W1
QSO_20.0756046+21.6705002,60145.41124349998,18.866,0.0683816934566554,W1
QSO_20.0756046+21.6705002,60509.9336488,18.503,0.0,W1
QSO_20.0756046+21.6705002,55209.69851424998,18.1095,0.0777112227642735,W2
QSO_20.0756046+21.6705002,55396.459688500014,18.431,0.091904942234967,W2
QSO_20.0756046+21.6705002,55571.57442450002,17.962,0.2248599564173231,W2
QSO_20.0756046+21.6705002,56672.49827450004,18.311,0.0406274404963295,W2
QSO_20.0756046+21.6705002,56861.45205849998,18.08,0.1002647224962973,W2
QSO_20.0756046+21.6705002,57035.449621539454,18.113,0.0650710793699503,W2
QSO_20.0756046+21.6705002,57222.77304877145,18.0265,0.0639931636973828,W2
QSO_20.0756046+21.6705002,57395.43470487023,17.903,0.0711795135425087,W2
QSO_20.0756046+21.6705002,57587.34462100781,18.144,0.0418710542640763,W2
QSO_20.0756046+21.6705002,57755.74663450004,18.386,0.0551066306422442,W2
QSO_20.0756046+21.6705002,58118.450711500045,18.1495,0.0675703808316984,W2
QSO_20.0756046+21.6705002,58119.07223349995,18.2195,0.1375322689407845,W2
QSO_20.0756046+21.6705002,58479.01209250004,18.203,0.1028168288343167,W2
QSO_20.0756046+21.6705002,58842.68376625,18.3625,0.0371302371913901,W2
QSO_20.0756046+21.6705002,59050.17416920003,18.121,0.0876535780767598,W2
QSO_20.0756046+21.6705002,59414.859838,18.055,0.1466853994574586,W2
QSO_20.0756046+21.6705002,59858.74754350005,17.975,0.3146625176280138,W2
QSO_20.0756046+21.6705002,60145.41124349998,18.025,0.0777606905833533,W2
QSO_20.0756046+21.6705002,60509.9336488,17.855999999999998,0.0,W2
QSO_20.2591161+21.8010883,55209.86380450002,17.914,0.0706506115778465,W1
QSO_20.2591161+21.8010883,55396.65795650003,17.853,0.0477099700068224,W1
QSO_20.2591161+21.8010883,55571.64052600001,18.067,0.0,W1
QSO_20.2591161+21.8010883,56672.43250149999,17.895,0.0757271945868857,W1
QSO_20.2591161+21.8010883,56861.71507749999,17.896,0.0515593009653445,W1
QSO_20.2591161+21.8010883,57035.646612052085,17.8445,0.061330917826831,W1
QSO_20.2591161+21.8010883,57223.00254253596,17.811999999999998,0.0407785346584309,W1
QSO_20.2591161+21.8010883,57395.50047507439,17.846,0.0767939580956728,W1
QSO_20.2591161+21.8010883,57587.34451120781,17.79,0.0670627169148402,W1
QSO_20.2591161+21.8010883,57755.550228,17.8355,0.0244945194172388,W1
QSO_20.2591161+21.8010883,58118.41815350003,17.833,0.0391066215156058,W1
QSO_20.2591161+21.8010883,58119.07223349995,17.906,0.0806101730552657,W1
QSO_20.2591161+21.8010883,58478.88138600001,17.762,0.0743004710617638,W1
QSO_20.2591161+21.8010883,58843.01086100001,17.852,0.0410804690609978,W1
QSO_20.2591161+21.8010883,59130.49493709998,17.8885,0.0343179830166828,W1
QSO_20.2591161+21.8010883,59414.990398500006,17.804000000000002,0.0413556344998302,W1
QSO_20.2591161+21.8010883,59778.46951649996,17.853,0.0687288003678228,W1
QSO_20.2591161+21.8010883,60145.37879499997,17.863,0.0581502948412425,W1
QSO_20.2591161+21.8010883,60509.86970859996,17.884999999999998,0.035693136595149,W1
QSO_20.2591161+21.8010883,55209.86380450002,18.341,0.0920004025756085,W2
QSO_20.2591161+21.8010883,55396.65795650003,18.338,0.0593246470366011,W2
QSO_20.2591161+21.8010883,55571.64052600001,18.451,0.0,W2
QSO_20.2591161+21.8010883,56672.43250149999,18.195,0.0819477882556933,W2
QSO_20.2591161+21.8010883,56861.71507749999,18.149,0.0754902345353624,W2
QSO_20.2591161+21.8010883,57035.646612052085,18.1085,0.0953285012372905,W2
QSO_20.2591161+21.8010883,57223.00254253596,18.242,0.1632999965979455,W2
QSO_20.2591161+21.8010883,57395.50047507439,17.987,0.093007698606083,W2
QSO_20.2591161+21.8010883,57587.34451120781,18.109,0.2069758246752508,W2
QSO_20.2591161+21.8010883,57755.550228,18.0885,0.1169595727876375,W2
QSO_20.2591161+21.8010883,58118.41815350003,18.211,0.103509063372607,W2
QSO_20.2591161+21.8010883,58119.07223349995,18.164,0.1060660171779823,W2
QSO_20.2591161+21.8010883,58478.88138600001,18.148,0.1403498485927223,W2
QSO_20.2591161+21.8010883,58843.01086100001,17.918,0.1148415022747384,W2
QSO_20.2591161+21.8010883,59130.49493709998,18.018,0.0808422245969132,W2
QSO_20.2591161+21.8010883,59414.990398500006,18.031,0.1003490901544003,W2
QSO_20.2591161+21.8010883,59778.46951649996,18.056,0.1286991530663663,W2
QSO_20.2591161+21.8010883,60145.37879499997,18.221,0.1101269500636221,W2
QSO_20.2591161+21.8010883,60509.86970859996,17.969,0.042196190805789,W2
QSO_20.1964329+21.8649519,55209.797739499976,17.9095,0.0286352305298581,W1
QSO_20.1964329+21.8649519,55396.59189149999,17.9675,0.0302485841556733,W1
QSO_20.1964329+21.8649519,55571.64052600001,17.935000000000002,0.0169705627484765,W1
QSO_20.1964329+21.8649519,56672.66296249997,17.9465,0.0456571590429693,W1
QSO_20.1964329+21.8649519,56861.550754500015,17.9735,0.0444411023048942,W1
QSO_20.1964329+21.8649519,57035.646612052085,17.8765,0.0489047024515536,W1
QSO_20.1964329+21.8649519,57223.03524653796,17.864,0.0821639339189467,W1
QSO_20.1964329+21.8649519,57395.53326867639,17.909,0.0356620421456765,W1
QSO_20.1964329+21.8649519,57587.54149242025,17.95,0.0654789040872439,W1
QSO_20.1964329+21.8649519,57755.48474700001,17.939999999999998,0.044001122320142,W1
QSO_20.1964329+21.8649519,58118.28733749999,17.923000000000002,0.0474453138476207,W1
QSO_20.1964329+21.8649519,58119.07223349995,17.956000000000003,0.0261629509039028,W1
QSO_20.1964329+21.8649519,58479.01209250004,18.044,0.0474761660732618,W1
QSO_20.1964329+21.8649519,58762.81561600002,17.845,0.0344019553736077,W1
QSO_20.1964329+21.8649519,59130.62598339996,17.927500000000002,0.0257580270581109,W1
QSO_20.1964329+21.8649519,59414.859838,17.973,0.0417541659043784,W1
QSO_20.1964329+21.8649519,59778.53466900002,17.891,0.0498307650290192,W1
QSO_20.1964329+21.8649519,60145.57323050001,17.929000000000002,0.0219182556977345,W1
QSO_20.1964329+21.8649519,60509.64597279998,17.9285,0.0892836836822665,W1
QSO_20.1964329+21.8649519,55209.797739499976,18.376,0.0553904902032711,W2
QSO_20.1964329+21.8649519,55396.59189149999,18.228,0.0559918165715838,W2
QSO_20.1964329+21.8649519,55571.64052600001,18.57,0.0021213203435597,W2
QSO_20.1964329+21.8649519,56672.66296249997,18.214,0.0819571153103866,W2
QSO_20.1964329+21.8649519,56861.550754500015,18.49,0.0539570463166972,W2
QSO_20.1964329+21.8649519,57035.646612052085,18.1195,0.1306330739131559,W2
QSO_20.1964329+21.8649519,57223.03524653796,18.4135,0.0566820649013554,W2
QSO_20.1964329+21.8649519,57395.53326867639,18.2575,0.0747723498151222,W2
QSO_20.1964329+21.8649519,57587.54149242025,18.258,0.1022820943379507,W2
QSO_20.1964329+21.8649519,57755.48474700001,18.121,0.1410330590008548,W2
QSO_20.1964329+21.8649519,58118.28733749999,18.184,0.0948109058831006,W2
QSO_20.1964329+21.8649519,58119.07223349995,18.1465,0.0590434162290772,W2
QSO_20.1964329+21.8649519,58479.01209250004,18.227,0.0793658755001215,W2
QSO_20.1964329+21.8649519,58762.81561600002,18.2225,0.0724424975542329,W2
QSO_20.1964329+21.8649519,59130.62598339996,18.019,0.0691178394666089,W2
QSO_20.1964329+21.8649519,59414.859838,17.93,0.0847767718012254,W2
QSO_20.1964329+21.8649519,59778.53466900002,18.065,0.1198921036704701,W2
QSO_20.1964329+21.8649519,60145.57323050001,17.957,0.0497602597668657,W2
QSO_20.1964329+21.8649519,60509.64597279998,17.755,0.0824385069119703,W2
QSO_20.2249331+21.9642421,55209.92997899998,17.5445,0.0263971332150919,W1
QSO_20.2249331+21.9642421,55396.65795650003,17.5415,0.0213595805099969,W1
QSO_20.2249331+21.9642421,56672.7288085,17.536,0.0492708553558793,W1
QSO_20.2249331+21.9642421,56861.58358624996,17.631500000000003,0.0315894801259792,W1
QSO_20.2249331+21.9642421,57035.646612052085,17.5765,0.0433234338652306,W1
QSO_20.2249331+21.9642421,57223.10078229219,17.64,0.0680393744936081,W1
QSO_20.2249331+21.9642421,57395.69756608684,17.613500000000002,0.0337072646101695,W1
QSO_20.2249331+21.9642421,57587.60707962442,17.505,0.0426276184485518,W1
QSO_20.2249331+21.9642421,57755.48489299997,17.576999999999998,0.0370799751103451,W1
QSO_20.2249331+21.9642421,58118.48356150005,17.591,0.0661570452002629,W1
QSO_20.2249331+21.9642421,58119.07223349995,17.506999999999998,0.036062445840514,W1
QSO_20.2249331+21.9642421,58478.81597799999,17.589000000000002,0.0461856687728996,W1
QSO_20.2249331+21.9642421,58842.74937499997,17.573999999999998,0.0203891411575445,W1
QSO_20.2249331+21.9642421,59210.48802519997,17.598,0.0369801713829715,W1
QSO_20.2249331+21.9642421,59494.843456,17.618000000000002,0.0363301842636356,W1
QSO_20.2249331+21.9642421,59778.53466900002,17.477,0.0465323780701729,W1
QSO_20.2249331+21.9642421,60225.55020549997,17.689,0.046250537779554,W1
QSO_20.2249331+21.9642421,60509.90167869999,17.604499999999998,0.0321071700772645,W1
QSO_20.2249331+21.9642421,55209.92997899998,18.0995,0.0649923336198607,W2
QSO_20.2249331+21.9642421,55396.65795650003,18.2375,0.0553440171098819,W2
QSO_20.2249331+21.9642421,56672.7288085,18.2445,0.0745260021737379,W2
QSO_20.2249331+21.9642421,56861.58358624996,18.212,0.0835769469447529,W2
QSO_20.2249331+21.9642421,57035.646612052085,18.0825,0.0613016204669585,W2
QSO_20.2249331+21.9642421,57223.10078229219,18.2115,0.1388373682220132,W2
QSO_20.2249331+21.9642421,57395.69756608684,18.178,0.1457607669157756,W2
QSO_20.2249331+21.9642421,57587.60707962442,18.142,0.0757395544596043,W2
QSO_20.2249331+21.9642421,57755.48489299997,18.359,0.0356543765602658,W2
QSO_20.2249331+21.9642421,58118.48356150005,18.0645,0.1086519992657497,W2
QSO_20.2249331+21.9642421,58119.07223349995,17.939,0.2863782463805525,W2
QSO_20.2249331+21.9642421,58478.81597799999,18.1455,0.0949514876134124,W2
QSO_20.2249331+21.9642421,58842.74937499997,18.079,0.0884540080539604,W2
QSO_20.2249331+21.9642421,59210.48802519997,18.152,0.0594741082335247,W2
QSO_20.2249331+21.9642421,59494.843456,18.0905,0.051284779850506,W2
QSO_20.2249331+21.9642421,59778.53466900002,17.831,0.1034218237551944,W2
QSO_20.2249331+21.9642421,60225.55020549997,18.033,0.0788997244975033,W2
QSO_20.2249331+21.9642421,60509.90167869999,17.6385,0.1279390950297724,W2
QSO_20.2715537+21.9233647,55209.99600749999,17.646,0.0402003435101253,W1
QSO_20.2715537+21.9233647,55396.69097075004,17.634500000000003,0.0303318356620503,W1
QSO_20.2715537+21.9233647,56672.69592199998,17.564999999999998,0.0262596365763035,W1
QSO_20.2715537+21.9233647,56861.68219100004,17.6585,0.0371340165506666,W1
QSO_20.2715537+21.9233647,57035.67944380416,17.552999999999997,0.0600478429273963,W1
QSO_20.2715537+21.9233647,57223.10078229219,17.6075,0.0520383138765193,W1
QSO_20.2715537+21.9233647,57395.82892349517,17.544,0.0428628567619554,W1
QSO_20.2715537+21.9233647,57587.57428602234,17.6385,0.0634220504358027,W1
QSO_20.2715537+21.9233647,57755.48489299997,17.628999999999998,0.0263040155597562,W1
QSO_20.2715537+21.9233647,58118.48356150005,17.656,0.0413489763745392,W1
QSO_20.2715537+21.9233647,58119.07223349995,17.564999999999998,0.0459619407771252,W1
QSO_20.2715537+21.9233647,58479.04485125001,17.571,0.0536631026680621,W1
QSO_20.2715537+21.9233647,58762.88122475,17.6475,0.0390472970415367,W1
QSO_20.2715537+21.9233647,59210.6190898,17.63,0.0440390355545311,W1
QSO_20.2715537+21.9233647,59574.56580699997,17.575,0.0400714800843848,W1
QSO_20.2715537+21.9233647,59778.79538850003,17.608,0.0479798262112212,W1
QSO_20.2715537+21.9233647,60225.61499299999,17.634999999999998,0.0335933981522693,W1
QSO_20.2715537+21.9233647,60509.8377568,17.59,0.0568632619144866,W1
QSO_20.2715537+21.9233647,55209.99600749999,18.092,0.0849470246373633,W2
QSO_20.2715537+21.9233647,55396.69097075004,18.0365,0.082660436033118,W2
QSO_20.2715537+21.9233647,56672.69592199998,17.932,0.0451771375911858,W2
QSO_20.2715537+21.9233647,56861.68219100004,17.964,0.078620307667789,W2
QSO_20.2715537+21.9233647,57035.67944380416,18.062,0.0980132673829945,W2
QSO_20.2715537+21.9233647,57223.10078229219,18.096,0.1523435445155311,W2
QSO_20.2715537+21.9233647,57395.82892349517,18.036,0.0767005080167604,W2
QSO_20.2715537+21.9233647,57587.57428602234,18.0695,0.1093947151543605,W2
QSO_20.2715537+21.9233647,57755.48489299997,18.044,0.0729791296246275,W2
QSO_20.2715537+21.9233647,58118.48356150005,17.8905,0.1086792554057838,W2
QSO_20.2715537+21.9233647,58119.07223349995,18.4435,0.0293449314192411,W2
QSO_20.2715537+21.9233647,58479.04485125001,18.0855,0.0775486518437155,W2
QSO_20.2715537+21.9233647,58762.88122475,18.2425,0.075907883885256,W2
QSO_20.2715537+21.9233647,59210.6190898,18.026,0.0947390135177436,W2
QSO_20.2715537+21.9233647,59574.56580699997,18.117,0.0586916326109817,W2
QSO_20.2715537+21.9233647,59778.79538850003,17.788999999999998,0.1033849808038062,W2
QSO_20.2715537+21.9233647,60225.61499299999,18.1815,0.0556904449252892,W2
QSO_20.2715537+21.9233647,60509.8377568,17.769,0.1332552722881634,W2
QSO_20.3801872+21.8712545,55209.99600749999,17.341,0.0334328666734471,W1
QSO_20.3801872+21.8712545,55396.724094499965,17.365000000000002,0.0273406002233583,W1
QSO_20.3801872+21.8712545,56672.794581500064,17.319,0.0373025666875817,W1
QSO_20.3801872+21.8712545,56861.71507749999,17.288,0.0363588219953501,W1
QSO_20.3801872+21.8712545,57035.84360256456,17.319499999999998,0.0325203962441265,W1
QSO_20.3801872+21.8712545,57223.13361404425,17.38,0.0586722421593037,W1
QSO_20.3801872+21.8712545,57395.86179029723,17.411,0.0421567291759548,W1
QSO_20.3801872+21.8712545,57587.672740028574,17.3305,0.0733281879508019,W1
QSO_20.3801872+21.8712545,57755.681117000015,17.392,0.026006066613117,W1
QSO_20.3801872+21.8712545,58036.98380649996,17.3455,0.035724493439192,W1
QSO_20.3801872+21.8712545,58119.07223349995,17.3405,0.0328804653251744,W1
QSO_20.3801872+21.8712545,58479.241020499976,17.3435,0.0238064428278693,W1
QSO_20.3801872+21.8712545,58842.88011800003,17.386,0.0222234543714123,W1
QSO_20.3801872+21.8712545,59050.82945559999,17.3845,0.0191493301447633,W1
QSO_20.3801872+21.8712545,59414.925118249965,17.400000000000002,0.0312432955771075,W1
QSO_20.3801872+21.8712545,59778.99102850004,17.415999999999997,0.0550620014165847,W1
QSO_20.3801872+21.8712545,60225.61499299999,17.425,0.0356797230718508,W1
QSO_20.3801872+21.8712545,60509.8377568,17.402,0.0752311253552824,W1
QSO_20.3801872+21.8712545,55209.99600749999,17.919999999999998,0.083963624910071,W2
QSO_20.3801872+21.8712545,55396.724094499965,18.201,0.0569942781946365,W2
QSO_20.3801872+21.8712545,56672.794581500064,18.003500000000003,0.0884758807895207,W2
QSO_20.3801872+21.8712545,56861.71507749999,17.935,0.0485483640444241,W2
QSO_20.3801872+21.8712545,57035.84360256456,18.083,0.1009600787440264,W2
QSO_20.3801872+21.8712545,57223.13361404425,18.119,0.130460292809728,W2
QSO_20.3801872+21.8712545,57395.86179029723,18.057,0.0704239805537645,W2
QSO_20.3801872+21.8712545,57587.672740028574,17.9225,0.0979117138227279,W2
QSO_20.3801872+21.8712545,57755.681117000015,18.098,0.0875306569849019,W2
QSO_20.3801872+21.8712545,58036.98380649996,17.9805,0.0549852219743497,W2
QSO_20.3801872+21.8712545,58119.07223349995,18.0435,0.2054145199346918,W2
QSO_20.3801872+21.8712545,58479.241020499976,18.0985,0.0605652101399828,W2
QSO_20.3801872+21.8712545,58842.88011800003,17.9795,0.0816277125418231,W2
QSO_20.3801872+21.8712545,59050.82945559999,17.9755,0.0771946349159574,W2
QSO_20.3801872+21.8712545,59414.925118249965,18.1505,0.0900715090142887,W2
QSO_20.3801872+21.8712545,59778.99102850004,18.063,0.0710376027185603,W2
QSO_20.3801872+21.8712545,60225.61499299999,17.841,0.072506750464862,W2
QSO_20.3801872+21.8712545,60509.8377568,17.691000000000003,0.1172152973204689,W2
QSO_20.1935534+21.856068,55209.797739499976,17.59,0.0321155291505852,W1
QSO_20.1935534+21.856068,55396.59189149999,17.637,0.0186762638332519,W1
QSO_20.1935534+21.856068,55571.64052600001,17.829,0.005656854249493,W1
QSO_20.1935534+21.856068,56672.63000299997,17.624000000000002,0.0456957232721445,W1
QSO_20.1935534+21.856068,56861.51786799998,17.561,0.0253657838481864,W1
QSO_20.1935534+21.856068,57035.646612052085,17.575499999999998,0.0376484561436451,W1
QSO_20.1935534+21.856068,57223.03524653796,17.601,0.0338515276749211,W1
QSO_20.1935534+21.856068,57395.50047507439,17.57,0.0540595719348967,W1
QSO_20.1935534+21.856068,57587.54149242025,17.595,0.0339505728879043,W1
QSO_20.1935534+21.856068,57755.550228,17.551000000000002,0.027489361578618,W1
QSO_20.1935534+21.856068,58118.28733749999,17.578,0.0172058939208851,W1
QSO_20.1935534+21.856068,58119.07223349995,17.65,0.0120208152801721,W1
QSO_20.1935534+21.856068,58479.01209250004,17.607,0.0331798316594368,W1
QSO_20.1935534+21.856068,58842.61815750003,17.586,0.0266691443293416,W1
QSO_20.1935534+21.856068,59210.48802519997,17.594,0.0272709512760501,W1
QSO_20.1935534+21.856068,59414.859838,17.646,0.0257251915732707,W1
QSO_20.1935534+21.856068,59778.50209275004,17.5865,0.0486277610374825,W1
QSO_20.1935534+21.856068,60145.57323050001,17.608,0.039601289898336,W1
QSO_20.1935534+21.856068,60509.74186479999,17.835500000000003,0.0738417978594178,W1
QSO_20.1935534+21.856068,55209.797739499976,18.003999999999998,0.0440439555732615,W2
QSO_20.1935534+21.856068,55396.59189149999,18.139,0.0573827419503191,W2
QSO_20.1935534+21.856068,55571.64052600001,18.105,0.0056568542494917,W2
QSO_20.1935534+21.856068,56672.63000299997,18.252,0.1027099002782124,W2
QSO_20.1935534+21.856068,56861.51786799998,18.203,0.0670548403571795,W2
QSO_20.1935534+21.856068,57035.646612052085,18.146500000000003,0.0855701352510035,W2
QSO_20.1935534+21.856068,57223.03524653796,18.312,0.0761130068701454,W2
QSO_20.1935534+21.856068,57395.50047507439,18.074,0.0993457900760311,W2
QSO_20.1935534+21.856068,57587.54149242025,17.988,0.0727236071167401,W2
QSO_20.1935534+21.856068,57755.550228,18.133,0.0828831044302757,W2
QSO_20.1935534+21.856068,58118.28733749999,18.336,0.0915472622689971,W2
QSO_20.1935534+21.856068,58119.07223349995,18.122,0.1689985207035854,W2
QSO_20.1935534+21.856068,58479.01209250004,18.267,0.0782686048853334,W2
QSO_20.1935534+21.856068,58842.61815750003,18.065,0.0598265542430166,W2
QSO_20.1935534+21.856068,59210.48802519997,18.051,0.0729522714219767,W2
QSO_20.1935534+21.856068,59414.859838,18.12,0.0614398977622606,W2
QSO_20.1935534+21.856068,59778.50209275004,17.902,0.0608912117585246,W2
QSO_20.1935534+21.856068,60145.57323050001,18.116,0.0588493991557196,W2
QSO_20.1935534+21.856068,60509.74186479999,17.712,0.1199154022788721,W2
QSO_20.093589+21.9094321,55209.86380450002,17.378,0.043611166967848,W1
QSO_20.093589+21.9094321,55396.49262975005,17.435000000000002,0.0528230087616148,W1
QSO_20.093589+21.9094321,55571.64052600001,17.384,0.0,W1
QSO_20.093589+21.9094321,56672.564211750025,17.445,0.029369984678239,W1
QSO_20.093589+21.9094321,56861.41922674995,17.459,0.0303560659628476,W1
QSO_20.093589+21.9094321,57035.54811679573,17.405,0.0485200734837056,W1
QSO_20.093589+21.9094321,57223.06795054013,17.343,0.030702940477027,W1
QSO_20.093589+21.9094321,57395.467626572296,17.436,0.0405907501778422,W1
QSO_20.093589+21.9094321,57587.47585031608,17.587,0.0489055211607032,W1
QSO_20.093589+21.9094321,57755.38663500002,17.4215,0.0287304716285686,W1
QSO_20.093589+21.9094321,58118.352745500015,17.4595,0.0226030922959913,W1
QSO_20.093589+21.9094321,58119.07223349995,17.475,0.0403050865276334,W1
QSO_20.093589+21.9094321,58478.750569999975,17.461,0.0230148679802459,W1
QSO_20.093589+21.9094321,58683.01307450001,17.42,0.0319371141348002,W1
QSO_20.093589+21.9094321,59050.63276719999,17.522,0.0237257376781308,W1
QSO_20.093589+21.9094321,59414.925118249965,17.4145,0.0251796460908305,W1
QSO_20.093589+21.9094321,59778.46951649996,17.4665,0.0409468069573196,W1
QSO_20.093589+21.9094321,60225.35615325002,17.477,0.0302881829008855,W1
QSO_20.093589+21.9094321,60509.74186479999,17.406,0.0411249788922611,W1
QSO_20.093589+21.9094321,55209.86380450002,18.158,0.080763440263808,W2
QSO_20.093589+21.9094321,55396.49262975005,18.092,0.0674224691913005,W2
QSO_20.093589+21.9094321,55571.64052600001,18.307,0.0,W2
QSO_20.093589+21.9094321,56672.564211750025,17.9665,0.0826928291933466,W2
QSO_20.093589+21.9094321,56861.41922674995,18.1345,0.0636659167713254,W2
QSO_20.093589+21.9094321,57035.54811679573,18.027,0.062637130768352,W2
QSO_20.093589+21.9094321,57223.06795054013,18.284,0.1037750426413725,W2
QSO_20.093589+21.9094321,57395.467626572296,18.2005,0.0645689089268203,W2
QSO_20.093589+21.9094321,57587.47585031608,18.0245,0.1230936428978971,W2
QSO_20.093589+21.9094321,57755.38663500002,18.061,0.0544263630973079,W2
QSO_20.093589+21.9094321,58118.352745500015,18.217,0.0655340696562809,W2
QSO_20.093589+21.9094321,58119.07223349995,17.743,0.0127279220613583,W2
QSO_20.093589+21.9094321,58478.750569999975,18.133,0.0608607493776966,W2
QSO_20.093589+21.9094321,58683.01307450001,18.028,0.0585309541404596,W2
QSO_20.093589+21.9094321,59050.63276719999,17.93,0.0814613163180931,W2
QSO_20.093589+21.9094321,59414.925118249965,18.0,0.0505367581200337,W2
QSO_20.093589+21.9094321,59778.46951649996,18.0385,0.0860426405917437,W2
QSO_20.093589+21.9094321,60225.35615325002,18.011000000000003,0.0454517150219604,W2
QSO_20.093589+21.9094321,60509.74186479999,17.750999999999998,0.163262300313648,W2
QSO_20.2036205+21.6102501,55209.79762999997,17.9235,0.0305139807963838,W1
QSO_20.2036205+21.6102501,55396.525717000026,17.948999999999998,0.0411401931919111,W1
QSO_20.2036205+21.6102501,55571.64052600001,18.081,0.0056568542494917,W1
QSO_20.2036205+21.6102501,56672.53117924996,18.0415,0.0978762671533554,W1
QSO_20.2036205+21.6102501,56861.41929975001,17.9795,0.0442484350005738,W1
QSO_20.2036205+21.6102501,57035.54811679573,17.826999999999998,0.0456186554864899,W1
QSO_20.2036205+21.6102501,57223.00254253596,17.975,0.079030458755335,W1
QSO_20.2036205+21.6102501,57395.40183806809,17.899,0.0429536223370627,W1
QSO_20.2036205+21.6102501,57587.443075014045,17.8925,0.0611314541582319,W1
QSO_20.2036205+21.6102501,57755.51745100006,17.9605,0.0259005733348524,W1
QSO_20.2036205+21.6102501,58118.48341550001,17.881999999999998,0.0560316399700595,W1
QSO_20.2036205+21.6102501,58119.07223349995,17.801000000000002,0.120208152801713,W1
QSO_20.2036205+21.6102501,58478.881331250006,17.950000000000003,0.0485539584428136,W1
QSO_20.2036205+21.6102501,58762.81561600002,17.9805,0.0574621310208533,W1
QSO_20.2036205+21.6102501,59210.48802519997,17.935000000000002,0.029930556882459,W1
QSO_20.2036205+21.6102501,59414.72922275001,17.951500000000003,0.0547254488867782,W1
QSO_20.2036205+21.6102501,59778.40436399998,17.945,0.0554649575501053,W1
QSO_20.2036205+21.6102501,60305.267993999965,17.902,0.0588038715714262,W1
QSO_20.2036205+21.6102501,60509.74193800005,17.977999999999998,0.1356156966855237,W1
QSO_20.2036205+21.6102501,55209.79762999997,18.206,0.082515769154089,W2
QSO_20.2036205+21.6102501,55396.525717000026,18.221,0.0520369539053792,W2
QSO_20.2036205+21.6102501,55571.64052600001,17.8975,0.001767766952966,W2
QSO_20.2036205+21.6102501,56672.53117924996,18.2995,0.0807843870280636,W2
QSO_20.2036205+21.6102501,56861.41929975001,18.294,0.0881304771347575,W2
QSO_20.2036205+21.6102501,57035.54811679573,18.096,0.0788870283209565,W2
QSO_20.2036205+21.6102501,57223.00254253596,18.23,0.1268608199503849,W2
QSO_20.2036205+21.6102501,57395.40183806809,18.161,0.124238799482589,W2
QSO_20.2036205+21.6102501,57587.443075014045,18.0835,0.0795548160075805,W2
QSO_20.2036205+21.6102501,57755.51745100006,18.089,0.0831432380437965,W2
QSO_20.2036205+21.6102501,58118.48341550001,18.2225,0.0401667301499325,W2
QSO_20.2036205+21.6102501,58119.07223349995,18.5525,0.100762716319083,W2
QSO_20.2036205+21.6102501,58478.881331250006,18.128,0.0756015067838488,W2
QSO_20.2036205+21.6102501,58762.81561600002,18.2215,0.0590113889289484,W2
QSO_20.2036205+21.6102501,59210.48802519997,17.93,0.0595506855049332,W2
QSO_20.2036205+21.6102501,59414.72922275001,18.1735,0.0705106859698408,W2
QSO_20.2036205+21.6102501,59778.40436399998,18.059,0.1055141790590597,W2
QSO_20.2036205+21.6102501,60305.267993999965,18.096,0.0560679675677609,W2
QSO_20.2036205+21.6102501,60509.74193800005,17.569,0.0818492803114358,W2
QSO_20.1376819+21.6449358,55209.73160149996,18.307,0.0685452000102448,W1
QSO_20.1376819+21.6449358,55396.49270275002,18.176,0.0598252615647962,W1
QSO_20.1376819+21.6449358,55571.57442450002,18.5065,0.1700591808753652,W1
QSO_20.1376819+21.6449358,56672.49827450004,18.32,0.0705451435887021,W1
QSO_20.1376819+21.6449358,56861.35350849998,18.2765,0.0559526585606084,W1
QSO_20.1376819+21.6449358,57035.54811679573,18.298,0.0463748666616684,W1
QSO_20.1376819+21.6449358,57223.00254253596,18.291,0.0864945778647422,W1
QSO_20.1376819+21.6449358,57395.30332916184,18.0775,0.0738263728848532,W1
QSO_20.1376819+21.6449358,57587.41020821199,17.939999999999998,0.0422865416355907,W1
QSO_20.1376819+21.6449358,57755.41933899999,18.291,0.0945587800526679,W1
QSO_20.1376819+21.6449358,58118.28719149996,18.2555,0.0657147654152855,W1
QSO_20.1376819+21.6449358,58119.07223349995,18.757,0.0912167747730655,W1
QSO_20.1376819+21.6449358,58478.97938850008,18.245,0.070041241495308,W1
QSO_20.1376819+21.6449358,58842.55300499997,18.2355,0.0582331226566464,W1
QSO_20.1376819+21.6449358,59050.370784399965,18.358,0.0464894973457883,W1
QSO_20.1376819+21.6449358,59414.79450299996,18.2845,0.0423516446856573,W1
QSO_20.1376819+21.6449358,59778.3392115,18.301,0.089030504474721,W1
QSO_20.1376819+21.6449358,60305.01004849999,18.341,0.0497945110763559,W1
QSO_20.1376819+21.6449358,60509.67807099998,18.227,0.0650817150175806,W1
QSO_20.1376819+21.6449358,55209.73160149996,18.182,0.1076744955045871,W2
QSO_20.1376819+21.6449358,55396.49270275002,18.313,0.0686854874085898,W2
QSO_20.1376819+21.6449358,55571.57442450002,18.2345,0.145310443533836,W2
QSO_20.1376819+21.6449358,56672.49827450004,18.218,0.072262723686337,W2
QSO_20.1376819+21.6449358,56861.35350849998,18.192,0.1098761302558478,W2
QSO_20.1376819+21.6449358,57035.54811679573,18.137,0.0896751950294312,W2
QSO_20.1376819+21.6449358,57223.00254253596,18.205,0.0869570008682452,W2
QSO_20.1376819+21.6449358,57395.30332916184,18.174,0.1916389472709322,W2
QSO_20.1376819+21.6449358,57587.41020821199,18.184,0.0574607991611082,W2
QSO_20.1376819+21.6449358,57755.41933899999,18.398,0.0534528588028728,W2
QSO_20.1376819+21.6449358,58118.28719149996,18.194,0.0610175618747821,W2
QSO_20.1376819+21.6449358,58119.07223349995,18.144,0.0721248916810268,W2
QSO_20.1376819+21.6449358,58478.97938850008,18.2245,0.0698201563118076,W2
QSO_20.1376819+21.6449358,58842.55300499997,18.299,0.0678167683324368,W2
QSO_20.1376819+21.6449358,59050.370784399965,18.032,0.0553463033670623,W2
QSO_20.1376819+21.6449358,59414.79450299996,18.148,0.0729332035947202,W2
QSO_20.1376819+21.6449358,59778.3392115,17.925,0.1155901657570967,W2
QSO_20.1376819+21.6449358,60305.01004849999,18.163,0.069798469685018,W2
QSO_20.1376819+21.6449358,60509.67807099998,17.526,0.1023751271875478,W2
QSO_20.2955537+21.7766558,55209.96299324998,17.525,0.0329148142938706,W1
QSO_20.2955537+21.7766558,55396.65795650003,17.383,0.0360629093877441,W1
QSO_20.2955537+21.7766558,56672.695849,17.458,0.0457598906531976,W1
QSO_20.2955537+21.7766558,56861.58364100004,17.438000000000002,0.0242449929768559,W1
QSO_20.2955537+21.7766558,57035.646612052085,17.459,0.0293656567587888,W1
QSO_20.2955537+21.7766558,57223.13361404425,17.487000000000002,0.0548598213631802,W1
QSO_20.2955537+21.7766558,57395.82892349517,17.516,0.0540195520159138,W1
QSO_20.2955537+21.7766558,57587.34456610781,17.418,0.0425821089191223,W1
QSO_20.2955537+21.7766558,57755.615709,17.451999999999998,0.0297740462006843,W1
QSO_20.2955537+21.7766558,58118.48341550001,17.466,0.0385999705433503,W1
QSO_20.2955537+21.7766558,58119.07223349995,17.469,0.0353553390593266,W1
QSO_20.2955537+21.7766558,58479.01209250004,17.511,0.042210662694145,W1
QSO_20.2955537+21.7766558,58842.88011800003,17.482499999999998,0.0213307290077015,W1
QSO_20.2955537+21.7766558,59210.48802519997,17.462,0.0286000416990491,W1
QSO_20.2955537+21.7766558,59414.925118249965,17.4975,0.0285109456777129,W1
QSO_20.2955537+21.7766558,59778.69765974998,17.426000000000002,0.0281595454508769,W1
QSO_20.2955537+21.7766558,60225.420612249945,17.4715,0.0281480461133628,W1
QSO_20.2955537+21.7766558,60509.8377568,17.3995,0.046578206243639,W1
QSO_20.2955537+21.7766558,55209.96299324998,17.9545,0.082825213552396,W2
QSO_20.2955537+21.7766558,55396.65795650003,17.807,0.0831336942488366,W2
QSO_20.2955537+21.7766558,56672.695849,17.67,0.1302277385539997,W2
QSO_20.2955537+21.7766558,56861.58364100004,17.861,0.0987724886184853,W2
QSO_20.2955537+21.7766558,57035.646612052085,17.7405,0.0963719600687876,W2
QSO_20.2955537+21.7766558,57223.13361404425,17.729,0.0397139773883198,W2
QSO_20.2955537+21.7766558,57395.82892349517,17.84,0.0643724164530123,W2
QSO_20.2955537+21.7766558,57587.34456610781,18.011499999999998,0.0716725958787596,W2
QSO_20.2955537+21.7766558,57755.615709,17.82,0.0497562232874432,W2
QSO_20.2955537+21.7766558,58118.48341550001,17.8965,0.0823395537618624,W2
QSO_20.2955537+21.7766558,58119.07223349995,17.941000000000003,0.3132483040656402,W2
QSO_20.2955537+21.7766558,58479.01209250004,17.806,0.0645169067353335,W2
QSO_20.2955537+21.7766558,58842.88011800003,17.8175,0.0722840466385046,W2
QSO_20.2955537+21.7766558,59210.48802519997,17.839,0.047190651341027,W2
QSO_20.2955537+21.7766558,59414.925118249965,17.8445,0.0696657740096196,W2
QSO_20.2955537+21.7766558,59778.69765974998,18.034,0.0671492442250842,W2
QSO_20.2955537+21.7766558,60225.420612249945,17.911,0.0657976875988767,W2
QSO_20.2955537+21.7766558,60509.8377568,17.622,0.2251998938443355,W2
