oid,time,magnitude,error,band
QSO_351.862048+24.903036,55371.37143174997,18.893,0.086151842358077,W1
QSO_351.862048+24.903036,55550.82581700002,18.955,0.0660719731418777,W1
QSO_351.862048+24.903036,56648.63280425,18.9315,0.0995240514025638,W1
QSO_351.862048+24.903036,56836.17159274999,18.856,0.0663317302465421,W1
QSO_351.862048+24.903036,57012.76532699997,18.758000000000003,0.1219527072676839,W1
QSO_351.862048+24.903036,57197.88987059142,18.732,0.0930031666127557,W1
QSO_351.862048+24.903036,57371.76366747028,18.904,0.0998014030968763,W1
QSO_351.862048+24.903036,57562.39546082985,18.856,0.1164302366226229,W1
QSO_351.862048+24.903036,57734.35757050586,18.839,0.0940770101923514,W1
QSO_351.862048+24.903036,57929.41003925002,18.548,0.0840993697954984,W1
QSO_351.862048+24.903036,58094.871382999976,18.921,0.0878220860197876,W1
QSO_351.862048+24.903036,58293.12956449993,18.381,0.0813172798364531,W1
QSO_351.862048+24.903036,58455.21341724996,18.665,0.0682137815987357,W1
QSO_351.862048+24.903036,58660.23002999998,18.579,0.1042332240698713,W1
QSO_351.862048+24.903036,58819.28483900001,18.791,0.0966319436414837,W1
QSO_351.862048+24.903036,59024.8782622,18.611,0.0544673112976947,W1
QSO_351.862048+24.903036,59187.001366,18.574,0.0837267657102333,W1
QSO_351.862048+24.903036,59389.353017499925,18.606,0.0388908729652611,W1
QSO_351.862048+24.903036,59550.96530849995,18.721000000000004,0.0611561592170827,W1
QSO_351.862048+24.903036,59756.23765849997,18.83,0.0969827311729909,W1
QSO_351.862048+24.903036,59914.81099599999,18.619,0.0905238526645578,W1
QSO_351.862048+24.903036,60119.9689915,18.712000000000003,0.1075685692223715,W1
QSO_351.862048+24.903036,60281.65337000003,18.701,0.0660841214749135,W1
QSO_351.862048+24.903036,60483.76197699996,16.856,0.0,W1
QSO_351.862048+24.903036,55371.37143174997,18.414,0.074619061728072,W2
QSO_351.862048+24.903036,55550.82581700002,18.346,0.0598590631234445,W2
QSO_351.862048+24.903036,56648.63280425,18.2135,0.0787976913759582,W2
QSO_351.862048+24.903036,56836.17159274999,18.421,0.0847942247259504,W2
QSO_351.862048+24.903036,57012.76532699997,18.358,0.0300249082672002,W2
QSO_351.862048+24.903036,57197.88987059142,18.24,0.1112607792530681,W2
QSO_351.862048+24.903036,57371.76366747028,18.418,0.0777841317333532,W2
QSO_351.862048+24.903036,57562.39546082985,18.1355,0.0493173397498283,W2
QSO_351.862048+24.903036,57734.35757050586,18.294,0.071844351336296,W2
QSO_351.862048+24.903036,57929.41003925002,18.2265,0.0897199253231966,W2
QSO_351.862048+24.903036,58094.871382999976,18.161,0.1230437485626828,W2
QSO_351.862048+24.903036,58293.12956449993,17.9895,0.3927978169491273,W2
QSO_351.862048+24.903036,58455.21341724996,18.289,0.1234754388532391,W2
QSO_351.862048+24.903036,58660.23002999998,17.977,0.0869281312349462,W2
QSO_351.862048+24.903036,58819.28483900001,18.068,0.0771199364499646,W2
QSO_351.862048+24.903036,59024.8782622,17.881,0.1186259330837908,W2
QSO_351.862048+24.903036,59187.001366,18.3425,0.0829997873435474,W2
QSO_351.862048+24.903036,59389.353017499925,17.8415,0.0130814754519507,W2
QSO_351.862048+24.903036,59550.96530849995,18.271,0.0679721271510937,W2
QSO_351.862048+24.903036,59756.23765849997,18.053,0.1210078184593042,W2
QSO_351.862048+24.903036,59914.81099599999,18.286,0.0633532132541802,W2
QSO_351.862048+24.903036,60119.9689915,17.913,0.0809172993212581,W2
QSO_351.862048+24.903036,60281.65337000003,18.146,0.0468187996428787,W2
QSO_351.862048+24.903036,60483.76197699996,18.103,0.0,W2
QSO_352.0121219+24.8786934,55371.53668549997,17.926000000000002,0.0485310105966398,W1
QSO_352.0121219+24.8786934,55550.99105250005,18.022,0.0259319243226198,W1
QSO_352.0121219+24.8786934,56648.731628000016,17.836,0.0370246230938989,W1
QSO_352.0121219+24.8786934,56836.46744350003,17.983,0.0510891525562552,W1
QSO_352.0121219+24.8786934,57012.89650799996,17.956,0.0268512990779904,W1
QSO_352.0121219+24.8786934,57197.95546109557,17.901,0.0539099480092973,W1
QSO_352.0121219+24.8786934,57371.894738978575,17.936,0.0482947432152012,W1
QSO_352.0121219+24.8786934,57562.39538762988,17.877000000000002,0.0512793940920939,W1
QSO_352.0121219+24.8786934,57734.52161171627,17.8705,0.044051126388676,W1
QSO_352.0121219+24.8786934,57929.60624500002,17.9895,0.0313222128611392,W1
QSO_352.0121219+24.8786934,58094.96949499996,17.8935,0.0367860745089465,W1
QSO_352.0121219+24.8786934,58293.65268250004,17.881999999999998,0.0548345876249653,W1
QSO_352.0121219+24.8786934,58455.31147450003,17.918,0.0351505903222121,W1
QSO_352.0121219+24.8786934,58660.13197275,17.9265,0.0606773637928663,W1
QSO_352.0121219+24.8786934,58819.35024700002,17.8,0.0470162623527204,W1
QSO_352.0121219+24.8786934,59024.94377619996,17.8935,0.0675517018429215,W1
QSO_352.0121219+24.8786934,59187.09967360001,17.93,0.0470773799579341,W1
QSO_352.0121219+24.8786934,59389.32044125002,17.828,0.1136076031786605,W1
QSO_352.0121219+24.8786934,59551.16089375004,17.933999999999997,0.047510209429132,W1
QSO_352.0121219+24.8786934,59756.20502749998,17.874,0.0418816925622046,W1
QSO_352.0121219+24.8786934,59917.41494249999,17.881999999999998,0.0755999506462993,W1
QSO_352.0121219+24.8786934,60120.03383375002,18.127,0.0623496339351871,W1
QSO_352.0121219+24.8786934,60281.8791955,17.902,0.034643793380995,W1
QSO_352.0121219+24.8786934,60484.56256540001,17.770000000000003,0.0544050736332286,W1
QSO_352.0121219+24.8786934,55371.53668549997,18.441,0.04730331918018,W2
QSO_352.0121219+24.8786934,55550.99105250005,18.3135,0.0722281140759121,W2
QSO_352.0121219+24.8786934,56648.731628000016,18.159,0.0687107910508895,W2
QSO_352.0121219+24.8786934,56836.46744350003,18.164,0.098789213186336,W2
QSO_352.0121219+24.8786934,57012.89650799996,18.165,0.1055363396201889,W2
QSO_352.0121219+24.8786934,57197.95546109557,18.282,0.0970047517560903,W2
QSO_352.0121219+24.8786934,57371.894738978575,18.238,0.0743778620986808,W2
QSO_352.0121219+24.8786934,57562.39538762988,18.215,0.0371704704945252,W2
QSO_352.0121219+24.8786934,57734.52161171627,18.1945,0.0654196345752786,W2
QSO_352.0121219+24.8786934,57929.60624500002,18.179,0.1019986468455998,W2
QSO_352.0121219+24.8786934,58094.96949499996,18.1295,0.1125911436348349,W2
QSO_352.0121219+24.8786934,58293.65268250004,17.94,0.0313797386859737,W2
QSO_352.0121219+24.8786934,58455.31147450003,18.3425,0.0844592505294713,W2
QSO_352.0121219+24.8786934,58660.13197275,17.845,0.0880979929722621,W2
QSO_352.0121219+24.8786934,58819.35024700002,18.189,0.0752431670307905,W2
QSO_352.0121219+24.8786934,59024.94377619996,17.891,0.1438331009799203,W2
QSO_352.0121219+24.8786934,59187.09967360001,18.197,0.0758872067488858,W2
QSO_352.0121219+24.8786934,59389.32044125002,17.9815,0.0985068109161746,W2
QSO_352.0121219+24.8786934,59551.16089375004,18.217,0.0538394000709515,W2
QSO_352.0121219+24.8786934,59756.20502749998,17.756999999999998,0.0917035709330612,W2
QSO_352.0121219+24.8786934,59917.41494249999,18.196,0.0830168806275917,W2
QSO_352.0121219+24.8786934,60120.03383375002,17.950499999999998,0.076151207250711,W2
QSO_352.0121219+24.8786934,60281.8791955,18.2655,0.0711476516702583,W2
QSO_352.0121219+24.8786934,60484.56256540001,17.794,0.0999546193326047,W2
QSO_351.9396852+24.9262171,55371.470511000014,18.496,0.0751656816885452,W1
QSO_351.9396852+24.9262171,55550.92500574999,18.4335,0.0590344306316237,W1
QSO_351.9396852+24.9262171,56648.73155500004,18.4375,0.0414610929706477,W1
QSO_351.9396852+24.9262171,56836.336007,18.363,0.0667926176481415,W1
QSO_351.9396852+24.9262171,57012.86382224997,18.318,0.052709546538519,W1
QSO_351.9396852+24.9262171,57197.88987059142,18.374,0.0562433640530151,W1
QSO_351.9396852+24.9262171,57371.86196197651,18.529,0.0715966759004914,W1
QSO_351.9396852+24.9262171,57562.296951923614,18.3575,0.0629003244044512,W1
QSO_351.9396852+24.9262171,57734.42315771004,18.372,0.0901062149768849,W1
QSO_351.9396852+24.9262171,57929.50813300003,18.384,0.105425976345207,W1
QSO_351.9396852+24.9262171,58095.00219900001,18.37,0.0527123571147467,W1
QSO_351.9396852+24.9262171,58293.3911965,18.311,0.1330559093013156,W1
QSO_351.9396852+24.9262171,58455.31147450003,18.346,0.1217577266542049,W1
QSO_351.9396852+24.9262171,58660.13197275,18.491,0.1017712917935768,W1
QSO_351.9396852+24.9262171,58819.317543000056,18.336,0.0741369610922919,W1
QSO_351.9396852+24.9262171,59024.81282140002,18.486,0.1324760402282917,W1
QSO_351.9396852+24.9262171,59187.06687999996,18.329,0.0409367949472788,W1
QSO_351.9396852+24.9262171,59389.09182350004,18.5445,0.1492510468975012,W1
QSO_351.9396852+24.9262171,59551.12850000003,18.51,0.0932510244916661,W1
QSO_351.9396852+24.9262171,59756.172396499984,18.427,0.0951503178680857,W1
QSO_351.9396852+24.9262171,59917.34984475002,18.3795,0.0816160278376739,W1
QSO_351.9396852+24.9262171,60119.90409449997,18.326,0.0700611561256851,W1
QSO_351.9396852+24.9262171,60281.81468174998,18.442500000000003,0.0835124900838191,W1
QSO_351.9396852+24.9262171,60484.53054039999,18.108,0.1123278930433373,W1
QSO_351.9396852+24.9262171,55371.470511000014,18.352,0.0630337804790534,W2
QSO_351.9396852+24.9262171,55550.92500574999,18.505000000000003,0.0683427026097154,W2
QSO_351.9396852+24.9262171,56648.73155500004,18.271500000000003,0.0537517916170318,W2
QSO_351.9396852+24.9262171,56836.336007,18.24,0.1050383168704351,W2
QSO_351.9396852+24.9262171,57012.86382224997,18.267,0.0748265587133933,W2
QSO_351.9396852+24.9262171,57197.88987059142,18.4125,0.0961094428243137,W2
QSO_351.9396852+24.9262171,57371.86196197651,18.504,0.1557731555820835,W2
QSO_351.9396852+24.9262171,57562.296951923614,18.307,0.0927329648926301,W2
QSO_351.9396852+24.9262171,57734.42315771004,18.306,0.0550487933281197,W2
QSO_351.9396852+24.9262171,57929.50813300003,18.249,0.0979170724971892,W2
QSO_351.9396852+24.9262171,58095.00219900001,18.279,0.08996172025429,W2
QSO_351.9396852+24.9262171,58293.3911965,18.207,0.1678475871140248,W2
QSO_351.9396852+24.9262171,58455.31147450003,18.227,0.0761268415212401,W2
QSO_351.9396852+24.9262171,58660.13197275,17.832,0.0779194295410331,W2
QSO_351.9396852+24.9262171,58819.317543000056,18.3735,0.0716583281970771,W2
QSO_351.9396852+24.9262171,59024.81282140002,17.857,0.0615868574867166,W2
QSO_351.9396852+24.9262171,59187.06687999996,18.2505,0.0808505422689617,W2
QSO_351.9396852+24.9262171,59389.09182350004,18.0175,0.1001480154571224,W2
QSO_351.9396852+24.9262171,59551.12850000003,18.143,0.0779243116562953,W2
QSO_351.9396852+24.9262171,59756.172396499984,18.14,0.093310814449765,W2
QSO_351.9396852+24.9262171,59917.34984475002,18.37,0.0773480768991707,W2
QSO_351.9396852+24.9262171,60119.90409449997,18.222,0.0455460552483754,W2
QSO_351.9396852+24.9262171,60281.81468174998,18.2945,0.083062873776435,W2
QSO_351.9396852+24.9262171,60484.53054039999,17.682,0.0872612085552246,W2
QSO_351.8731828+24.8702955,55371.40444599997,18.551,0.055594940876573,W1
QSO_351.8731828+24.8702955,55550.89184550003,18.494,0.0925138477006873,W1
QSO_351.8731828+24.8702955,56648.599899500005,18.5,0.0590379062160099,W1
QSO_351.8731828+24.8702955,56836.20442450002,18.325,0.1251749393133417,W1
QSO_351.8731828+24.8702955,57012.73249525003,18.422,0.0680542913714784,W1
QSO_351.8731828+24.8702955,57197.82428008727,18.313,0.0696492338623393,W1
QSO_351.8731828+24.8702955,57371.73089046822,18.407,0.0443218121516642,W1
QSO_351.8731828+24.8702955,57562.19851621735,18.528,0.089469334596878,W1
QSO_351.8731828+24.8702955,57734.35751560586,18.434,0.0559481518882301,W1
QSO_351.8731828+24.8702955,57929.41003925002,18.2705,0.0914139157896652,W1
QSO_351.8731828+24.8702955,58094.80597499996,18.486,0.0834928430823892,W1
QSO_351.8731828+24.8702955,58293.325788499984,18.297,0.0593534497733704,W1
QSO_351.8731828+24.8702955,58455.21341724996,18.418,0.0379734393183434,W1
QSO_351.8731828+24.8702955,58660.00128450002,18.4375,0.080401635757038,W1
QSO_351.8731828+24.8702955,58819.28483900001,18.468,0.040243025817801,W1
QSO_351.8731828+24.8702955,59024.68175679998,18.554,0.1214409372269826,W1
QSO_351.8731828+24.8702955,59187.001366,18.4715,0.0785855388815034,W1
QSO_351.8731828+24.8702955,59388.92850424998,18.3725,0.0109601551083923,W1
QSO_351.8731828+24.8702955,59551.03058874999,18.436,0.0427217187696097,W1
QSO_351.8731828+24.8702955,59755.97679300001,18.329,0.0704649461929499,W1
QSO_351.8731828+24.8702955,59916.04787150005,18.4695,0.0781242663965556,W1
QSO_351.8731828+24.8702955,60119.93661600004,18.532,0.0886786840227122,W1
QSO_351.8731828+24.8702955,60281.75016800005,18.537,0.0859262004355847,W1
QSO_351.8731828+24.8702955,60484.01806719998,18.158,0.1129034330088556,W1
QSO_351.8731828+24.8702955,55371.40444599997,18.226,0.0573508395610857,W2
QSO_351.8731828+24.8702955,55550.89184550003,18.279,0.0490675827211922,W2
QSO_351.8731828+24.8702955,56648.599899500005,18.224,0.0713731145564033,W2
QSO_351.8731828+24.8702955,56836.20442450002,18.066,0.1097937460271153,W2
QSO_351.8731828+24.8702955,57012.73249525003,18.244,0.1221706148937563,W2
QSO_351.8731828+24.8702955,57197.82428008727,18.171,0.0761230468186192,W2
QSO_351.8731828+24.8702955,57371.73089046822,18.138,0.0718518279877776,W2
QSO_351.8731828+24.8702955,57562.19851621735,18.063,0.1227087405659016,W2
QSO_351.8731828+24.8702955,57734.35751560586,18.2205,0.079104324591619,W2
QSO_351.8731828+24.8702955,57929.41003925002,18.0285,0.072093578077385,W2
QSO_351.8731828+24.8702955,58094.80597499996,18.176,0.0809415665161149,W2
QSO_351.8731828+24.8702955,58293.325788499984,17.808,0.0584817236408094,W2
QSO_351.8731828+24.8702955,58455.21341724996,18.094,0.0767759298398775,W2
QSO_351.8731828+24.8702955,58660.00128450002,17.9,0.0738307428376754,W2
QSO_351.8731828+24.8702955,58819.28483900001,18.206,0.0830748216699385,W2
QSO_351.8731828+24.8702955,59024.68175679998,17.871,0.0848744897619165,W2
QSO_351.8731828+24.8702955,59187.001366,18.108,0.0483853647141212,W2
QSO_351.8731828+24.8702955,59388.92850424998,17.932499999999997,0.0562149891043314,W2
QSO_351.8731828+24.8702955,59551.03058874999,18.038,0.0574943032604744,W2
QSO_351.8731828+24.8702955,59755.97679300001,18.101,0.0757220388030713,W2
QSO_351.8731828+24.8702955,59916.04787150005,18.086,0.0852896242224107,W2
QSO_351.8731828+24.8702955,60119.93661600004,18.0525,0.0938694039610351,W2
QSO_351.8731828+24.8702955,60281.75016800005,17.9545,0.0763620874700121,W2
QSO_351.8731828+24.8702955,60484.01806719998,17.549,0.091570656791274,W2
QSO_351.7665815+24.8619627,55371.33830800004,17.7655,0.0205689565313632,W1
QSO_351.7665815+24.8619627,55550.726755999945,17.883,0.059331163154756,W1
QSO_351.7665815+24.8619627,56648.46820750002,17.675,0.0426948309821293,W1
QSO_351.7665815+24.8619627,56836.07298799999,17.744999999999997,0.0412737855936318,W1
QSO_351.7665815+24.8619627,57012.6996635,17.621,0.0218464435095759,W1
QSO_351.7665815+24.8619627,57197.693208578974,17.765,0.0284141297141072,W1
QSO_351.7665815+24.8619627,57371.69811346616,17.741,0.0300128481059992,W1
QSO_351.7665815+24.8619627,57562.1328558132,17.691499999999998,0.0355529404420236,W1
QSO_351.7665815+24.8619627,57734.2590798996,17.6645,0.0328456248143408,W1
QSO_351.7665815+24.8619627,57929.37728049997,17.761499999999998,0.0568449558008448,W1
QSO_351.7665815+24.8619627,58094.70786300006,17.7455,0.0373978540800928,W1
QSO_351.7665815+24.8619627,58293.2276765,17.694,0.054608581946634,W1
QSO_351.7665815+24.8619627,58455.18076799999,17.7765,0.0230508194600055,W1
QSO_351.7665815+24.8619627,58660.06661949998,17.78,0.0505137105819718,W1
QSO_351.7665815+24.8619627,58819.18683650003,17.8395,0.0425948016737916,W1
QSO_351.7665815+24.8619627,59024.61616959997,17.893,0.0669765841603523,W1
QSO_351.7665815+24.8619627,59186.93585200004,17.7085,0.0356193465299719,W1
QSO_351.7665815+24.8619627,59388.86322400003,17.709,0.0452434941282496,W1
QSO_351.7665815+24.8619627,59550.932677499964,17.862000000000002,0.0477987108018623,W1
QSO_351.7665815+24.8619627,59755.91164049995,17.847,0.0450222167379614,W1
QSO_351.7665815+24.8619627,59917.284747000034,17.784,0.0478388091548733,W1
QSO_351.7665815+24.8619627,60119.83934349997,17.875999999999998,0.0752783065764752,W1
QSO_351.7665815+24.8619627,60281.71790200002,17.703,0.0400682175620845,W1
QSO_351.7665815+24.8619627,60484.01806719998,17.795,0.1079402056696209,W1
QSO_351.7665815+24.8619627,55371.33830800004,18.277,0.0857792342996663,W2
QSO_351.7665815+24.8619627,55550.726755999945,18.214,0.0598956799514944,W2
QSO_351.7665815+24.8619627,56648.46820750002,18.141,0.0720807078519936,W2
QSO_351.7665815+24.8619627,56836.07298799999,18.206,0.0865850042614943,W2
QSO_351.7665815+24.8619627,57012.6996635,18.126,0.0810278530644547,W2
QSO_351.7665815+24.8619627,57197.693208578974,18.229,0.0861021558798339,W2
QSO_351.7665815+24.8619627,57371.69811346616,18.065,0.0867902635132067,W2
QSO_351.7665815+24.8619627,57562.1328558132,18.0965,0.0836861558753009,W2
QSO_351.7665815+24.8619627,57734.2590798996,18.1375,0.0844714332328239,W2
QSO_351.7665815+24.8619627,57929.37728049997,17.966,0.0751018575003308,W2
QSO_351.7665815+24.8619627,58094.70786300006,18.049,0.0659749184827437,W2
QSO_351.7665815+24.8619627,58293.2276765,18.0965,0.0527359337046734,W2
QSO_351.7665815+24.8619627,58455.18076799999,18.066,0.0725533767432768,W2
QSO_351.7665815+24.8619627,58660.06661949998,17.767,0.0940049970102864,W2
QSO_351.7665815+24.8619627,58819.18683650003,18.2215,0.0633671327938902,W2
QSO_351.7665815+24.8619627,59024.61616959997,17.803,0.0896822618653122,W2
QSO_351.7665815+24.8619627,59186.93585200004,18.0415,0.1098351115814571,W2
QSO_351.7665815+24.8619627,59388.86322400003,18.161,0.1029031359754695,W2
QSO_351.7665815+24.8619627,59550.932677499964,18.176,0.0943380672057533,W2
QSO_351.7665815+24.8619627,59755.91164049995,18.253,0.0933862944976401,W2
QSO_351.7665815+24.8619627,59917.284747000034,17.971999999999998,0.0565818736043046,W2
QSO_351.7665815+24.8619627,60119.83934349997,17.916999999999998,0.091494060109451,W2
QSO_351.7665815+24.8619627,60281.71790200002,18.122,0.0873663753752317,W2
QSO_351.7665815+24.8619627,60484.01806719998,17.69,0.0858792640862743,W2
QSO_351.76119+24.9065722,55371.272243,17.6655,0.0265718853967386,W1
QSO_351.76119+24.9065722,55550.79280275002,17.762,0.1638486080960104,W1
QSO_351.76119+24.9065722,56648.53412650002,17.564,0.022548353633413,W1
QSO_351.76119+24.9065722,56836.07298799999,17.594,0.0450786540172949,W1
QSO_351.76119+24.9065722,57012.6996635,17.651,0.0268146082103189,W1
QSO_351.76119+24.9065722,57197.693208578974,17.6155,0.0189177405915956,W1
QSO_351.76119+24.9065722,57371.66535471408,17.6935,0.0417014631186852,W1
QSO_351.76119+24.9065722,57562.1328558132,17.5335,0.0182549302067098,W1
QSO_351.76119+24.9065722,57734.29187350169,17.642,0.0378741440679592,W1
QSO_351.76119+24.9065722,57929.37728049997,17.6645,0.0341682926442371,W1
QSO_351.76119+24.9065722,58094.80597499996,17.665,0.0461596840489349,W1
QSO_351.76119+24.9065722,58293.2276765,17.567500000000003,0.0480216482818288,W1
QSO_351.76119+24.9065722,58455.18076799999,17.677,0.0248462867037099,W1
QSO_351.76119+24.9065722,58660.00128450002,17.6465,0.0280050976400218,W1
QSO_351.76119+24.9065722,58819.15413249998,17.664,0.0328480176293135,W1
QSO_351.76119+24.9065722,59024.55058240004,17.637999999999998,0.0534129036058231,W1
QSO_351.76119+24.9065722,59186.93585200004,17.661,0.0262075936125957,W1
QSO_351.76119+24.9065722,59388.79792550002,17.661,0.0503577869404458,W1
QSO_351.76119+24.9065722,59550.90002825,17.544,0.0334634497494774,W1
QSO_351.76119+24.9065722,59755.91164049995,17.6835,0.0535361297396442,W1
QSO_351.76119+24.9065722,59916.04787150005,17.56,0.0272147133918401,W1
QSO_351.76119+24.9065722,60119.87171900002,17.533,0.0373383984659223,W1
QSO_351.76119+24.9065722,60281.71790200002,17.63,0.0459926822650993,W1
QSO_351.76119+24.9065722,60484.01806719998,17.572,0.0709559863577412,W1
QSO_351.76119+24.9065722,55371.272243,18.135,0.0652877508220906,W2
QSO_351.76119+24.9065722,55550.79280275002,18.4205,0.0752239523024415,W2
QSO_351.76119+24.9065722,56648.53412650002,18.065,0.0530644355205806,W2
QSO_351.76119+24.9065722,56836.07298799999,18.143,0.0604262182033997,W2
QSO_351.76119+24.9065722,57012.6996635,17.967,0.0943294520105653,W2
QSO_351.76119+24.9065722,57197.693208578974,18.264,0.065730524707224,W2
QSO_351.76119+24.9065722,57371.66535471408,18.0435,0.0820697012304681,W2
QSO_351.76119+24.9065722,57562.1328558132,18.046,0.0732210630493308,W2
QSO_351.76119+24.9065722,57734.29187350169,18.087,0.0444834616698581,W2
QSO_351.76119+24.9065722,57929.37728049997,18.32,0.0797930918062459,W2
QSO_351.76119+24.9065722,58094.80597499996,18.11,0.0484530658508879,W2
QSO_351.76119+24.9065722,58293.2276765,17.9555,0.1060684832933337,W2
QSO_351.76119+24.9065722,58455.18076799999,18.085500000000003,0.0583761896143358,W2
QSO_351.76119+24.9065722,58660.00128450002,18.061,0.0714496282895582,W2
QSO_351.76119+24.9065722,58819.15413249998,18.238,0.0707509495296964,W2
QSO_351.76119+24.9065722,59024.55058240004,18.021,0.0906198136021256,W2
QSO_351.76119+24.9065722,59186.93585200004,17.9715,0.0725414951494558,W2
QSO_351.76119+24.9065722,59388.79792550002,18.127,0.0966970864639274,W2
QSO_351.76119+24.9065722,59550.90002825,18.1595,0.1242262291144667,W2
QSO_351.76119+24.9065722,59755.91164049995,18.049,0.0936847168532572,W2
QSO_351.76119+24.9065722,59916.04787150005,17.9715,0.083726693136171,W2
QSO_351.76119+24.9065722,60119.87171900002,18.014000000000003,0.0759823663753635,W2
QSO_351.76119+24.9065722,60281.71790200002,18.048,0.0604497046468036,W2
QSO_351.76119+24.9065722,60484.01806719998,17.596,0.077275921217414,W2
QSO_351.7657962+24.807626,55371.23922875,18.1805,0.0780581269347117,W1
QSO_351.7657962+24.807626,55550.82581700002,18.31,0.0473895428929535,W1
QSO_351.7657962+24.807626,56648.43532099999,18.1785,0.0580873512983623,W1
QSO_351.7657962+24.807626,56836.07298799999,18.13,0.0608092432147994,W1
QSO_351.7657962+24.807626,57012.6996635,18.157,0.0403700339976378,W1
QSO_351.7657962+24.807626,57197.627654574855,18.207,0.0443327524257277,W1
QSO_351.7657962+24.807626,57371.66535471408,18.2545,0.052743483009752,W1
QSO_351.7657962+24.807626,57562.06719540914,18.102,0.0517674537834791,W1
QSO_351.7657962+24.807626,57734.32466710377,18.26,0.0299205255171466,W1
QSO_351.7657962+24.807626,57929.34464949998,18.203,0.0457609276566811,W1
QSO_351.7657962+24.807626,58094.70786300006,18.1755,0.031759367663767,W1
QSO_351.7657962+24.807626,58293.19497250003,18.303,0.0715137904338888,W1
QSO_351.7657962+24.807626,58455.14806400003,18.124,0.0589276806952092,W1
QSO_351.7657962+24.807626,58660.09932349995,18.1975,0.0413124560311247,W1
QSO_351.7657962+24.807626,58819.15413249998,18.154,0.0469247670285506,W1
QSO_351.7657962+24.807626,59024.68164699998,18.416,0.0277956936069308,W1
QSO_351.7657962+24.807626,59186.90305839999,18.204,0.0533025471500394,W1
QSO_351.7657962+24.807626,59389.02648849999,18.252,0.0584446556819165,W1
QSO_351.7657962+24.807626,59550.93260449998,18.084000000000003,0.0309962942080118,W1
QSO_351.7657962+24.807626,59755.94421675002,18.2355,0.0647447964849299,W1
QSO_351.7657962+24.807626,59914.74598950004,18.202,0.0641313570273529,W1
QSO_351.7657962+24.807626,60119.90409449997,18.072,0.0621508408898834,W1
QSO_351.7657962+24.807626,60281.65331525003,18.2755,0.0705714234671879,W1
QSO_351.7657962+24.807626,60484.01806719998,17.959,0.0924589999224882,W1
QSO_351.7657962+24.807626,55371.23922875,18.3705,0.0975806260892138,W2
QSO_351.7657962+24.807626,55550.82581700002,18.388,0.0652144042774424,W2
QSO_351.7657962+24.807626,56648.43532099999,18.1385,0.0702460780016179,W2
QSO_351.7657962+24.807626,56836.07298799999,18.177,0.1230373826561026,W2
QSO_351.7657962+24.807626,57012.6996635,18.292,0.06477000379024,W2
QSO_351.7657962+24.807626,57197.627654574855,18.238,0.052415278139291,W2
QSO_351.7657962+24.807626,57371.66535471408,18.059,0.0858063706035373,W2
QSO_351.7657962+24.807626,57562.06719540914,18.145,0.0812391725433129,W2
QSO_351.7657962+24.807626,57734.32466710377,18.0985,0.080235229978044,W2
QSO_351.7657962+24.807626,57929.34464949998,18.3495,0.1076436449442092,W2
QSO_351.7657962+24.807626,58094.70786300006,18.1325,0.0711256766608689,W2
QSO_351.7657962+24.807626,58293.19497250003,17.851,0.0980573402785703,W2
QSO_351.7657962+24.807626,58455.14806400003,18.13,0.0855303303785059,W2
QSO_351.7657962+24.807626,58660.09932349995,17.9335,0.0657316553131296,W2
QSO_351.7657962+24.807626,58819.15413249998,18.346,0.0671462713554616,W2
QSO_351.7657962+24.807626,59024.68164699998,18.101,0.0857125510028544,W2
QSO_351.7657962+24.807626,59186.90305839999,18.124,0.0649459348635215,W2
QSO_351.7657962+24.807626,59389.02648849999,18.1085,0.0929861598622395,W2
QSO_351.7657962+24.807626,59550.93260449998,18.1575,0.0882548786816406,W2
QSO_351.7657962+24.807626,59755.94421675002,18.107,0.1110769721859577,W2
QSO_351.7657962+24.807626,59914.74598950004,18.146,0.0918407140342456,W2
QSO_351.7657962+24.807626,60119.90409449997,18.025,0.066282597384603,W2
QSO_351.7657962+24.807626,60281.65331525003,18.1835,0.0637256307816449,W2
QSO_351.7657962+24.807626,60484.01806719998,17.145,0.1533161826157037,W2
QSO_351.8089275+24.9468852,55371.33830800004,18.217,0.0520948331713401,W1
QSO_351.8089275+24.9468852,55550.82581700002,18.247,0.0587517283982532,W1
QSO_351.8089275+24.9468852,56648.599899500005,18.099,0.0599332453130254,W1
QSO_351.8089275+24.9468852,56836.10587449994,18.2825,0.0800325496282604,W1
QSO_351.8089275+24.9468852,57012.76532699997,18.109,0.067241035644392,W1
QSO_351.8089275+24.9468852,57197.82428008727,18.169,0.0569535247545616,W1
QSO_351.8089275+24.9468852,57371.69811346616,18.127,0.0890745220213294,W1
QSO_351.8089275+24.9468852,57562.296951923614,18.056,0.0526252639212173,W1
QSO_351.8089275+24.9468852,57734.35757050586,18.178,0.0433542706936457,W1
QSO_351.8089275+24.9468852,57929.344503500026,18.156,0.0355598650166167,W1
QSO_351.8089275+24.9468852,58094.87143774998,18.195,0.0476113536879598,W1
QSO_351.8089275+24.9468852,58293.26038049997,18.094,0.0676836169246299,W1
QSO_351.8089275+24.9468852,58455.27882524997,18.121,0.074549480212809,W1
QSO_351.8089275+24.9468852,58660.00128450002,18.2015,0.0776157087884204,W1
QSO_351.8089275+24.9468852,58819.25218975004,18.151000000000003,0.0640989937518523,W1
QSO_351.8089275+24.9468852,59024.61616959997,18.088,0.0552245695901721,W1
QSO_351.8089275+24.9468852,59187.03408639999,18.075,0.0757141010242767,W1
QSO_351.8089275+24.9468852,59388.92850424998,18.14,0.0312599984005119,W1
QSO_351.8089275+24.9468852,59551.03058874999,18.327,0.0583978809547056,W1
QSO_351.8089275+24.9468852,59756.0419455,18.273,0.1036489935049797,W1
QSO_351.8089275+24.9468852,59914.81099599999,18.086,0.0571663757206242,W1
QSO_351.8089275+24.9468852,60119.90409449997,18.044,0.0582287388283887,W1
QSO_351.8089275+24.9468852,60281.75016800005,18.22,0.0445268570640237,W1
QSO_351.8089275+24.9468852,60484.274303800026,18.094,0.1241893393170282,W1
QSO_351.8089275+24.9468852,55371.33830800004,18.302,0.0712872793337712,W2
QSO_351.8089275+24.9468852,55550.82581700002,18.248,0.0795296088113474,W2
QSO_351.8089275+24.9468852,56648.599899500005,18.281,0.059400588211822,W2
QSO_351.8089275+24.9468852,56836.10587449994,18.2405,0.0814969999447833,W2
QSO_351.8089275+24.9468852,57012.76532699997,18.212,0.0581348984365537,W2
QSO_351.8089275+24.9468852,57197.82428008727,18.615,0.0830508249155811,W2
QSO_351.8089275+24.9468852,57371.69811346616,18.27,0.0806226613531607,W2
QSO_351.8089275+24.9468852,57562.296951923614,18.0405,0.0959750009647575,W2
QSO_351.8089275+24.9468852,57734.35757050586,18.309,0.0831454240032619,W2
QSO_351.8089275+24.9468852,57929.344503500026,18.1735,0.0846671660090262,W2
QSO_351.8089275+24.9468852,58094.87143774998,18.296,0.0925929896287785,W2
QSO_351.8089275+24.9468852,58293.26038049997,17.948999999999998,0.1054396509857653,W2
QSO_351.8089275+24.9468852,58455.27882524997,18.1765,0.1255874713614498,W2
QSO_351.8089275+24.9468852,58660.00128450002,17.837,0.0870557045787836,W2
QSO_351.8089275+24.9468852,58819.25218975004,18.2455,0.0991334504594689,W2
QSO_351.8089275+24.9468852,59024.61616959997,17.915,0.1623958735716102,W2
QSO_351.8089275+24.9468852,59187.03408639999,18.228,0.0819417707530155,W2
QSO_351.8089275+24.9468852,59388.92850424998,17.871499999999997,0.1982796320855976,W2
QSO_351.8089275+24.9468852,59551.03058874999,18.287,0.1644958146789,W2
QSO_351.8089275+24.9468852,59756.0419455,17.875999999999998,0.0903954180101082,W2
QSO_351.8089275+24.9468852,59914.81099599999,18.38,0.0996923663137483,W2
QSO_351.8089275+24.9468852,60119.90409449997,18.053,0.0871368260053175,W2
QSO_351.8089275+24.9468852,60281.75016800005,18.1885,0.0542692915008111,W2
QSO_351.8089275+24.9468852,60484.274303800026,17.558,0.1304412204788043,W2
QSO_352.0338619+24.9305179,55371.56969974998,17.849,0.0302176808532952,W1
QSO_352.0338619+24.9305179,55551.05709925004,17.9075,0.0415918425384202,W1
QSO_352.0338619+24.9305179,56648.79740099999,17.820999999999998,0.0467987527532438,W1
QSO_352.0338619+24.9305179,56836.43463000005,17.869,0.0619624224580914,W1
QSO_352.0338619+24.9305179,57012.896654,17.826,0.0332836938839677,W1
QSO_352.0338619+24.9305179,57197.92270234348,17.833,0.0479608431624368,W1
QSO_352.0338619+24.9305179,57371.96025648274,17.925,0.0391752236467287,W1
QSO_352.0338619+24.9305179,57562.39538762988,17.829,0.0403983690302021,W1
QSO_352.0338619+24.9305179,57734.52161171627,17.845499999999998,0.0641748371421558,W1
QSO_352.0338619+24.9305179,57929.704357,17.82,0.0499123800268018,W1
QSO_352.0338619+24.9305179,58095.002308500014,17.829,0.0485035414855541,W1
QSO_352.0338619+24.9305179,58293.522012500034,17.743000000000002,0.1107521918518999,W1
QSO_352.0338619+24.9305179,58455.3441785,17.785,0.0401550338912435,W1
QSO_352.0338619+24.9305179,58660.19732600001,17.756,0.0361638535816033,W1
QSO_352.0338619+24.9305179,58819.44828600004,17.839,0.0450077925351698,W1
QSO_352.0338619+24.9305179,59024.81282140002,17.756,0.0503560125506378,W1
QSO_352.0338619+24.9305179,59187.09967360001,17.718,0.0313589335923495,W1
QSO_352.0338619+24.9305179,59389.38572149997,17.936,0.075048478015734,W1
QSO_352.0338619+24.9305179,59551.16089375004,17.811,0.0364024724435031,W1
QSO_352.0338619+24.9305179,59756.172396499984,17.781,0.0347638430174383,W1
QSO_352.0338619+24.9305179,59917.773025750015,17.764,0.0295856476500852,W1
QSO_352.0338619+24.9305179,60120.03377900002,17.862000000000002,0.0535374858456255,W1
QSO_352.0338619+24.9305179,60281.943836999984,17.825000000000003,0.0433263015127968,W1
QSO_352.0338619+24.9305179,60484.56256540001,17.907,0.1088361195831877,W1
QSO_352.0338619+24.9305179,55371.56969974998,18.2515,0.0408859298116083,W2
QSO_352.0338619+24.9305179,55551.05709925004,18.272,0.0553814215405478,W2
QSO_352.0338619+24.9305179,56648.79740099999,18.21,0.0601503055624763,W2
QSO_352.0338619+24.9305179,56836.43463000005,18.213,0.095453972874365,W2
QSO_352.0338619+24.9305179,57012.896654,18.184,0.0572981247722156,W2
QSO_352.0338619+24.9305179,57197.92270234348,18.238,0.1059500313521355,W2
QSO_352.0338619+24.9305179,57371.96025648274,18.277,0.0471778160105935,W2
QSO_352.0338619+24.9305179,57562.39538762988,17.955,0.0663706506529268,W2
QSO_352.0338619+24.9305179,57734.52161171627,18.212000000000003,0.060810536063221,W2
QSO_352.0338619+24.9305179,57929.704357,17.985,0.0953732357355335,W2
QSO_352.0338619+24.9305179,58095.002308500014,18.324,0.0901221949003407,W2
QSO_352.0338619+24.9305179,58293.522012500034,18.149,0.1007104364006034,W2
QSO_352.0338619+24.9305179,58455.3441785,18.199,0.0753812747904332,W2
QSO_352.0338619+24.9305179,58660.19732600001,17.977999999999998,0.0789942237881862,W2
QSO_352.0338619+24.9305179,58819.44828600004,17.990000000000002,0.0918108304502412,W2
QSO_352.0338619+24.9305179,59024.81282140002,17.75,0.1171831387188451,W2
QSO_352.0338619+24.9305179,59187.09967360001,18.076,0.1085492435330849,W2
QSO_352.0338619+24.9305179,59389.38572149997,17.909,0.1117663378916669,W2
QSO_352.0338619+24.9305179,59551.16089375004,18.0415,0.0745484339205057,W2
QSO_352.0338619+24.9305179,59756.172396499984,17.889,0.0987827961556391,W2
QSO_352.0338619+24.9305179,59917.773025750015,18.116,0.1206247976034573,W2
QSO_352.0338619+24.9305179,60120.03377900002,18.222,0.1627566643134026,W2
QSO_352.0338619+24.9305179,60281.943836999984,18.278,0.0844937093593144,W2
QSO_352.0338619+24.9305179,60484.56256540001,17.545,0.0762603059216212,W2
QSO_351.9482012+24.8089251,55371.40444599997,17.816000000000003,0.0347630119589078,W1
QSO_351.9482012+24.8089251,55550.924932750015,17.97,0.0592741090190312,W1
QSO_351.9482012+24.8089251,56648.66570900001,17.964,0.0439475107793796,W1
QSO_351.9482012+24.8089251,56836.27028875003,17.855,0.048555237730971,W1
QSO_351.9482012+24.8089251,57012.8636945,17.903,0.0472907672454852,W1
QSO_351.9482012+24.8089251,57197.82428008727,17.826,0.0546559211981057,W1
QSO_351.9482012+24.8089251,57371.76366747028,17.935000000000002,0.0421815656280653,W1
QSO_351.9482012+24.8089251,57562.3298004257,17.902,0.0465685317370877,W1
QSO_351.9482012+24.8089251,57734.45595131204,17.9485,0.0725903491953049,W1
QSO_351.9482012+24.8089251,57929.50813300003,17.906,0.0549608152197258,W1
QSO_351.9482012+24.8089251,58094.80597499996,17.877000000000002,0.0340891358830439,W1
QSO_351.9482012+24.8089251,58293.423900500056,18.009,0.0360129220635528,W1
QSO_351.9482012+24.8089251,58455.3441785,17.911,0.0351834518556498,W1
QSO_351.9482012+24.8089251,58660.19732600001,17.891,0.0350911940241819,W1
QSO_351.9482012+24.8089251,58819.28483900001,17.913,0.0596524998326851,W1
QSO_351.9482012+24.8089251,59024.7472891,17.845,0.0568147861201203,W1
QSO_351.9482012+24.8089251,59187.099618700006,17.898,0.0273600799452301,W1
QSO_351.9482012+24.8089251,59389.22245700001,17.764,0.0475831144186437,W1
QSO_351.9482012+24.8089251,59551.09586900003,17.876,0.0571932163809658,W1
QSO_351.9482012+24.8089251,59756.107244000006,17.951999999999998,0.0742870278043211,W1
QSO_351.9482012+24.8089251,59916.112969249945,17.872,0.0709566191195368,W1
QSO_351.9482012+24.8089251,60120.00144000001,17.856499999999997,0.0524706928781306,W1
QSO_351.9482012+24.8089251,60281.81468174998,17.988500000000002,0.0607750243764901,W1
QSO_351.9482012+24.8089251,60484.274377,17.9895,0.0456987417769894,W1
QSO_351.9482012+24.8089251,55371.40444599997,18.464,0.0768864054600081,W2
QSO_351.9482012+24.8089251,55550.924932750015,18.1515,0.0755462507342356,W2
QSO_351.9482012+24.8089251,56648.66570900001,18.265,0.0630390261252093,W2
QSO_351.9482012+24.8089251,56836.27028875003,18.179,0.0880014204430814,W2
QSO_351.9482012+24.8089251,57012.8636945,18.413,0.0684612454577744,W2
QSO_351.9482012+24.8089251,57197.82428008727,18.361,0.0743332698814585,W2
QSO_351.9482012+24.8089251,57371.76366747028,18.265,0.0974484866776177,W2
QSO_351.9482012+24.8089251,57562.3298004257,18.31,0.068538962155356,W2
QSO_351.9482012+24.8089251,57734.45595131204,18.2465,0.0426238934905799,W2
QSO_351.9482012+24.8089251,57929.50813300003,18.373,0.1037043853904507,W2
QSO_351.9482012+24.8089251,58094.80597499996,18.201,0.1136226696594351,W2
QSO_351.9482012+24.8089251,58293.423900500056,18.188,0.0794831976187655,W2
QSO_351.9482012+24.8089251,58455.3441785,18.401,0.0665608232766562,W2
QSO_351.9482012+24.8089251,58660.19732600001,17.884999999999998,0.0526917332495789,W2
QSO_351.9482012+24.8089251,58819.28483900001,18.135,0.0873997440024309,W2
QSO_351.9482012+24.8089251,59024.7472891,17.9725,0.1300810970005827,W2
QSO_351.9482012+24.8089251,59187.099618700006,18.277,0.0717157866354012,W2
QSO_351.9482012+24.8089251,59389.22245700001,18.163,0.0633473668662627,W2
QSO_351.9482012+24.8089251,59551.09586900003,18.3445,0.1326296686265936,W2
QSO_351.9482012+24.8089251,59756.107244000006,18.052,0.0447576809050693,W2
QSO_351.9482012+24.8089251,59916.112969249945,18.0565,0.0930314127056018,W2
QSO_351.9482012+24.8089251,60120.00144000001,18.074,0.0961935981930885,W2
QSO_351.9482012+24.8089251,60281.81468174998,18.28,0.085849873676,W2
QSO_351.9482012+24.8089251,60484.274377,17.7805,0.2461870477909025,W2
QSO_352.0062182+24.7906039,55371.47062050002,18.3195,0.0561799373731217,W1
QSO_352.0062182+24.7906039,55550.95801999999,18.542,0.0858789622615578,W1
QSO_352.0062182+24.7906039,56648.731628000016,17.987000000000002,0.0557617310464603,W1
QSO_352.0062182+24.7906039,56836.27028875003,18.032,0.0437415269572924,W1
QSO_352.0062182+24.7906039,57012.8636945,18.064,0.05924779030459,W1
QSO_352.0062182+24.7906039,57197.85716658933,18.0515,0.0473080123489394,W1
QSO_352.0062182+24.7906039,57371.82913022445,18.147,0.0360099009018765,W1
QSO_352.0062182+24.7906039,57562.26415832152,18.0865,0.0537094846394412,W1
QSO_352.0062182+24.7906039,57734.45595131204,18.174,0.072294869146823,W1
QSO_352.0062182+24.7906039,57929.704357,18.059,0.0608671620825628,W1
QSO_352.0062182+24.7906039,58094.871382999976,18.019,0.0345173760441879,W1
QSO_352.0062182+24.7906039,58293.522012500034,18.216,0.0583115688955063,W1
QSO_352.0062182+24.7906039,58455.3441785,17.981,0.0475117763882516,W1
QSO_352.0062182+24.7906039,58660.1320275,18.032,0.0641272064814235,W1
QSO_352.0062182+24.7906039,58819.38287800002,18.0405,0.0416267030571411,W1
QSO_352.0062182+24.7906039,59024.84554180001,17.9475,0.0793707676036964,W1
QSO_352.0062182+24.7906039,59187.06682510004,18.213,0.0661666797858928,W1
QSO_352.0062182+24.7906039,59389.22245700001,18.188,0.0875523388438998,W1
QSO_352.0062182+24.7906039,59551.12850000003,18.064,0.0787827223560457,W1
QSO_352.0062182+24.7906039,59756.107244000006,18.0125,0.0683281946746728,W1
QSO_352.0062182+24.7906039,59917.41494249999,18.087,0.0680660737651674,W1
QSO_352.0062182+24.7906039,60120.03388850002,18.076,0.0591795774670708,W1
QSO_352.0062182+24.7906039,60281.782434,17.996000000000002,0.0869533538933372,W1
QSO_352.0062182+24.7906039,60484.40242210001,18.009,0.1243676505366246,W1
QSO_352.0062182+24.7906039,55371.47062050002,18.48,0.0775799351373317,W2
QSO_352.0062182+24.7906039,55550.95801999999,18.413,0.0830998209800332,W2
QSO_352.0062182+24.7906039,56648.731628000016,18.061,0.0431818491318205,W2
QSO_352.0062182+24.7906039,56836.27028875003,18.173,0.1025126996423513,W2
QSO_352.0062182+24.7906039,57012.8636945,18.187,0.0739008204840891,W2
QSO_352.0062182+24.7906039,57197.85716658933,18.009,0.0797438898158535,W2
QSO_352.0062182+24.7906039,57371.82913022445,18.2205,0.0648304412379794,W2
QSO_352.0062182+24.7906039,57562.26415832152,17.988500000000002,0.0482011167531417,W2
QSO_352.0062182+24.7906039,57734.45595131204,18.057,0.0622893885828811,W2
QSO_352.0062182+24.7906039,57929.704357,17.987,0.0643439877558936,W2
QSO_352.0062182+24.7906039,58094.871382999976,17.97,0.0584351154862681,W2
QSO_352.0062182+24.7906039,58293.522012500034,17.703,0.0576512082057276,W2
QSO_352.0062182+24.7906039,58455.3441785,18.065,0.1085754696377702,W2
QSO_352.0062182+24.7906039,58660.1320275,17.985,0.0951434467683558,W2
QSO_352.0062182+24.7906039,58819.38287800002,18.067500000000003,0.073570021288616,W2
QSO_352.0062182+24.7906039,59024.84554180001,17.9185,0.1242351522189875,W2
QSO_352.0062182+24.7906039,59187.06682510004,17.9895,0.0755914181637043,W2
QSO_352.0062182+24.7906039,59389.22245700001,17.719,0.0699950064356446,W2
QSO_352.0062182+24.7906039,59551.12850000003,18.009999999999998,0.0711351358736163,W2
QSO_352.0062182+24.7906039,59756.107244000006,17.930999999999997,0.0633198570503362,W2
QSO_352.0062182+24.7906039,59917.41494249999,17.87,0.0838240531070092,W2
QSO_352.0062182+24.7906039,60120.03388850002,17.898,0.1528995289902476,W2
QSO_352.0062182+24.7906039,60281.782434,18.014,0.0903041288370861,W2
QSO_352.0062182+24.7906039,60484.40242210001,17.682499999999997,0.1142784428490346,W2
QSO_351.751089+24.8079243,55371.23922875,17.631,0.0331073240750052,W1
QSO_351.751089+24.8079243,55550.75978850001,17.762999999999998,0.0409219814401591,W1
QSO_351.751089+24.8079243,56648.43532099999,17.6345,0.0322857987780135,W1
QSO_351.751089+24.8079243,56836.07298799999,17.591,0.0497876423206238,W1
QSO_351.751089+24.8079243,57012.66683174997,17.657,0.0336342009748805,W1
QSO_351.751089+24.8079243,57197.627654574855,17.611,0.0337389768291152,W1
QSO_351.751089+24.8079243,57371.63259596199,17.551000000000002,0.0445672868673474,W1
QSO_351.751089+24.8079243,57562.06719540914,17.55,0.0383773818937898,W1
QSO_351.751089+24.8079243,57734.2590798996,17.6235,0.0279362821445214,W1
QSO_351.751089+24.8079243,57929.37735350003,17.652,0.0298051744248641,W1
QSO_351.751089+24.8079243,58094.675159000006,17.616,0.0263897816116263,W1
QSO_351.751089+24.8079243,58293.2276765,17.634,0.013256025883432,W1
QSO_351.751089+24.8079243,58455.14806400003,17.611,0.0269038477399327,W1
QSO_351.751089+24.8079243,58659.93594949998,17.598,0.0444808539752822,W1
QSO_351.751089+24.8079243,58819.15413249998,17.701999999999998,0.0282324540393374,W1
QSO_351.751089+24.8079243,59024.64890829993,17.6635,0.0365949108483678,W1
QSO_351.751089+24.8079243,59186.90305839999,17.666,0.0219056785518605,W1
QSO_351.751089+24.8079243,59389.02648849999,17.6445,0.0534125307161157,W1
QSO_351.751089+24.8079243,59550.93260449998,17.698,0.026833710746138,W1
QSO_351.751089+24.8079243,59755.91164050003,17.527,0.0512799144853971,W1
QSO_351.751089+24.8079243,59914.77849275005,17.5625,0.0457906619544011,W1
QSO_351.751089+24.8079243,60119.87171900002,17.6325,0.0271358465257061,W1
QSO_351.751089+24.8079243,60281.65331525003,17.591,0.0466733626148551,W1
QSO_351.751089+24.8079243,60483.954017199925,17.6055,0.0730603504974816,W1
QSO_351.751089+24.8079243,55371.23922875,18.377,0.0745097246946602,W2
QSO_351.751089+24.8079243,55550.75978850001,18.31,0.0784633217657104,W2
QSO_351.751089+24.8079243,56648.43532099999,18.2115,0.0636861199556072,W2
QSO_351.751089+24.8079243,56836.07298799999,18.34,0.0737237828595501,W2
QSO_351.751089+24.8079243,57012.66683174997,18.209,0.0805243407960686,W2
QSO_351.751089+24.8079243,57197.627654574855,18.18,0.0398306897596789,W2
QSO_351.751089+24.8079243,57371.63259596199,18.216,0.0686502153747963,W2
QSO_351.751089+24.8079243,57562.06719540914,18.079,0.0569049453246746,W2
QSO_351.751089+24.8079243,57734.2590798996,18.157,0.0671560343126841,W2
QSO_351.751089+24.8079243,57929.37735350003,18.25,0.0817903070112081,W2
QSO_351.751089+24.8079243,58094.675159000006,18.076,0.0825458535212139,W2
QSO_351.751089+24.8079243,58293.2276765,18.083,0.1093073520959236,W2
QSO_351.751089+24.8079243,58455.14806400003,18.203,0.1115930288884354,W2
QSO_351.751089+24.8079243,58659.93594949998,17.919999999999998,0.066696602122551,W2
QSO_351.751089+24.8079243,58819.15413249998,18.272,0.0720991389985566,W2
QSO_351.751089+24.8079243,59024.64890829993,17.967,0.0683615017526312,W2
QSO_351.751089+24.8079243,59186.90305839999,18.271,0.0740490222823819,W2
QSO_351.751089+24.8079243,59389.02648849999,17.822000000000003,0.0949561473622167,W2
QSO_351.751089+24.8079243,59550.93260449998,18.169,0.0614717028772558,W2
QSO_351.751089+24.8079243,59755.91164050003,18.028,0.1212752992852841,W2
QSO_351.751089+24.8079243,59914.77849275005,18.165,0.0688320680203854,W2
QSO_351.751089+24.8079243,60119.87171900002,18.122,0.0475311699962469,W2
QSO_351.751089+24.8079243,60281.65331525003,18.2065,0.0931509999747522,W2
QSO_351.751089+24.8079243,60483.954017199925,17.878,0.0955762251546629,W2
QSO_351.8218006+24.7891615,55371.272243,17.792,0.0418581930993238,W1
QSO_351.8218006+24.7891615,55550.85883125003,17.908,0.0500112887256466,W1
QSO_351.8218006+24.7891615,56648.5339805,17.743000000000002,0.0398803471951775,W1
QSO_351.8218006+24.7891615,56836.07298799999,17.633,0.055173600573774,W1
QSO_351.8218006+24.7891615,57012.73249525003,17.79,0.0498387377583051,W1
QSO_351.8218006+24.7891615,57197.693208578974,17.820999999999998,0.0336467634136063,W1
QSO_351.8218006+24.7891615,57371.69811346616,17.697,0.0252196179715847,W1
QSO_351.8218006+24.7891615,57562.1328558132,17.801,0.0572436111589626,W1
QSO_351.8218006+24.7891615,57734.29187350169,17.767,0.0388634164606411,W1
QSO_351.8218006+24.7891615,57929.41003925002,17.7565,0.0338322728350489,W1
QSO_351.8218006+24.7891615,58094.77327099999,17.6735,0.03432423018478,W1
QSO_351.8218006+24.7891615,58293.2276765,17.73,0.0402517540450561,W1
QSO_351.8218006+24.7891615,58455.14806400003,17.781,0.0491342341258265,W1
QSO_351.8218006+24.7891615,58660.09932349995,17.7035,0.0176746697405445,W1
QSO_351.8218006+24.7891615,58819.15413249998,17.831,0.0188562233259911,W1
QSO_351.8218006+24.7891615,59024.58344919998,17.8035,0.0701716088421807,W1
QSO_351.8218006+24.7891615,59187.001366,17.8015,0.0307122134479051,W1
QSO_351.8218006+24.7891615,59388.993839250026,17.8525,0.0857520380926131,W1
QSO_351.8218006+24.7891615,59550.93253150001,17.728,0.0353930596328265,W1
QSO_351.8218006+24.7891615,59755.91164050003,17.88,0.0580071876515486,W1
QSO_351.8218006+24.7891615,59914.745916499975,17.7335,0.038788212938507,W1
QSO_351.8218006+24.7891615,60119.93661600004,17.785,0.0275703225440905,W1
QSO_351.8218006+24.7891615,60281.68558125007,17.855,0.0371673128369339,W1
QSO_351.8218006+24.7891615,60484.01806719998,17.942999999999998,0.1500007407389116,W1
QSO_351.8218006+24.7891615,55371.272243,18.202,0.0934065024115711,W2
QSO_351.8218006+24.7891615,55550.85883125003,18.2735,0.086475175628616,W2
QSO_351.8218006+24.7891615,56648.5339805,18.237,0.040234648949667,W2
QSO_351.8218006+24.7891615,56836.07298799999,18.163,0.0533844662291189,W2
QSO_351.8218006+24.7891615,57012.73249525003,18.1895,0.0596919692700389,W2
QSO_351.8218006+24.7891615,57197.693208578974,18.389,0.071409013123076,W2
QSO_351.8218006+24.7891615,57371.69811346616,18.303,0.0618029891466069,W2
QSO_351.8218006+24.7891615,57562.1328558132,18.2445,0.1012159722198398,W2
QSO_351.8218006+24.7891615,57734.29187350169,18.152,0.0836034879691094,W2
QSO_351.8218006+24.7891615,57929.41003925002,18.1665,0.0666011613943337,W2
QSO_351.8218006+24.7891615,58094.77327099999,18.221,0.084200031203258,W2
QSO_351.8218006+24.7891615,58293.2276765,18.023,0.0342601701580604,W2
QSO_351.8218006+24.7891615,58455.14806400003,18.253,0.0795671379983531,W2
QSO_351.8218006+24.7891615,58660.09932349995,18.047,0.0700921535225074,W2
QSO_351.8218006+24.7891615,58819.15413249998,18.297,0.0625982195916149,W2
QSO_351.8218006+24.7891615,59024.58344919998,17.933500000000002,0.1372062487188541,W2
QSO_351.8218006+24.7891615,59187.001366,18.2715,0.0544641120938627,W2
QSO_351.8218006+24.7891615,59388.993839250026,18.021500000000003,0.1047567066711844,W2
QSO_351.8218006+24.7891615,59550.93253150001,18.292,0.0974733082961836,W2
QSO_351.8218006+24.7891615,59755.91164050003,17.889,0.0624201881075501,W2
QSO_351.8218006+24.7891615,59914.745916499975,18.0895,0.0794128044997691,W2
QSO_351.8218006+24.7891615,60119.93661600004,18.189,0.0682585422343824,W2
QSO_351.8218006+24.7891615,60281.68558125007,18.3415,0.1021958110506312,W2
QSO_351.8218006+24.7891615,60484.01806719998,17.558,0.1864445106608271,W2
QSO_351.7175899+24.8831044,55371.23922875,17.956,0.0274283588427136,W1
QSO_351.7175899+24.8831044,55550.726755999945,18.12,0.0446582131303974,W1
QSO_351.7175899+24.8831044,56648.50109399996,17.8615,0.0519470673160127,W1
QSO_351.7175899+24.8831044,56836.072969750014,18.0185,0.0452632706714285,W1
QSO_351.7175899+24.8831044,57012.66683174997,17.884999999999998,0.0292416892276913,W1
QSO_351.7175899+24.8831044,57197.627599824846,17.935499999999998,0.0425296249689556,W1
QSO_351.7175899+24.8831044,57371.63259596199,17.951,0.0446041021199387,W1
QSO_351.7175899+24.8831044,57562.06719540914,17.834,0.0349618446096941,W1
QSO_351.7175899+24.8831044,57734.29187350169,17.971,0.0522789863302697,W1
QSO_351.7175899+24.8831044,57929.3772075,17.98,0.0584051756091992,W1
QSO_351.7175899+24.8831044,58094.74056700003,17.923000000000002,0.0315274767996833,W1
QSO_351.7175899+24.8831044,58293.26038049997,17.974,0.0521462558579231,W1
QSO_351.7175899+24.8831044,58455.11536000006,17.938000000000002,0.0393162627740545,W1
QSO_351.7175899+24.8831044,58659.93587650001,18.019,0.0271753343995185,W1
QSO_351.7175899+24.8831044,58819.15413249998,17.953,0.0347047760955405,W1
QSO_351.7175899+24.8831044,59024.61616959997,17.988999999999997,0.0657668909909632,W1
QSO_351.7175899+24.8831044,59186.90305839999,17.930999999999997,0.0296337016499556,W1
QSO_351.7175899+24.8831044,59388.83057475006,17.8345,0.0535784325778573,W1
QSO_351.7175899+24.8831044,59550.90002825,17.9765,0.0485135290408766,W1
QSO_351.7175899+24.8831044,59755.91164050003,17.956,0.0589561460790461,W1
QSO_351.7175899+24.8831044,59916.04787150005,17.955,0.0343763311430573,W1
QSO_351.7175899+24.8831044,60119.87171900002,18.036,0.0567931686032748,W1
QSO_351.7175899+24.8831044,60281.62104925,17.9445,0.0297753937685812,W1
QSO_351.7175899+24.8831044,60483.954017199925,18.1,0.1025823968727004,W1
QSO_351.7175899+24.8831044,55371.23922875,18.121,0.049023199125293,W2
QSO_351.7175899+24.8831044,55550.726755999945,18.3065,0.0998284979352089,W2
QSO_351.7175899+24.8831044,56648.50109399996,17.997999999999998,0.0565681195412886,W2
QSO_351.7175899+24.8831044,56836.072969750014,18.14,0.096389823357422,W2
QSO_351.7175899+24.8831044,57012.66683174997,18.1245,0.0664160349544751,W2
QSO_351.7175899+24.8831044,57197.627599824846,18.0305,0.0758774011152201,W2
QSO_351.7175899+24.8831044,57371.63259596199,18.153,0.0737753145505803,W2
QSO_351.7175899+24.8831044,57562.06719540914,18.02,0.0832140794594612,W2
QSO_351.7175899+24.8831044,57734.29187350169,17.998,0.1179121972102088,W2
QSO_351.7175899+24.8831044,57929.3772075,18.116,0.0924960006851639,W2
QSO_351.7175899+24.8831044,58094.74056700003,18.29,0.1105045737071354,W2
QSO_351.7175899+24.8831044,58293.26038049997,18.044,0.1219747514857068,W2
QSO_351.7175899+24.8831044,58455.11536000006,18.197,0.0933590831294834,W2
QSO_351.7175899+24.8831044,58659.93587650001,17.734,0.0763683631233864,W2
QSO_351.7175899+24.8831044,58819.15413249998,18.182,0.0668811675889484,W2
QSO_351.7175899+24.8831044,59024.61616959997,17.966,0.0633825236738822,W2
QSO_351.7175899+24.8831044,59186.90305839999,18.187,0.0851799086020379,W2
QSO_351.7175899+24.8831044,59388.83057475006,18.047,0.0835465813184477,W2
QSO_351.7175899+24.8831044,59550.90002825,18.1895,0.0696421532829715,W2
QSO_351.7175899+24.8831044,59755.91164050003,17.729,0.0548262750782641,W2
QSO_351.7175899+24.8831044,59916.04787150005,18.136000000000003,0.0509243994627466,W2
QSO_351.7175899+24.8831044,60119.87171900002,18.06,0.0799909744908761,W2
QSO_351.7175899+24.8831044,60281.62104925,18.284,0.0800480866764193,W2
QSO_351.7175899+24.8831044,60483.954017199925,17.787,0.0865574365078752,W2
QSO_351.8008256+24.8065344,55371.272243,17.622999999999998,0.0368572391324678,W1
QSO_351.8008256+24.8065344,55550.85883125003,17.6995,0.0387748949302489,W1
QSO_351.8008256+24.8065344,56648.46820750002,17.578,0.0314052319302468,W1
QSO_351.8008256+24.8065344,56836.07298799999,17.595,0.0607315485366074,W1
QSO_351.8008256+24.8065344,57012.66683174997,17.5975,0.0488107823831152,W1
QSO_351.8008256+24.8065344,57197.66043157692,17.586,0.0246565294484939,W1
QSO_351.8008256+24.8065344,57371.69811346616,17.695,0.021200518711288,W1
QSO_351.8008256+24.8065344,57562.1328558132,17.567999999999998,0.0428767816280302,W1
QSO_351.8008256+24.8065344,57734.32466710377,17.585,0.0303944744003588,W1
QSO_351.8008256+24.8065344,57929.34464949998,17.645,0.0257729315367885,W1
QSO_351.8008256+24.8065344,58094.74056700003,17.582,0.0330390728808019,W1
QSO_351.8008256+24.8065344,58293.19497250003,17.67,0.0396441900860664,W1
QSO_351.8008256+24.8065344,58455.18071325008,17.637999999999998,0.0419340425106238,W1
QSO_351.8008256+24.8065344,58660.06661949998,17.606,0.0315345501976405,W1
QSO_351.8008256+24.8065344,58819.15413249998,17.642,0.030724612620252,W1
QSO_351.8008256+24.8065344,59024.61616959997,17.587,0.0808534381683847,W1
QSO_351.8008256+24.8065344,59186.93585200004,17.613999999999997,0.033785852013769,W1
QSO_351.8008256+24.8065344,59388.86322400003,17.729,0.0501523044766122,W1
QSO_351.8008256+24.8065344,59550.93260449998,17.5955,0.0227269801117525,W1
QSO_351.8008256+24.8065344,59755.94421675002,17.6425,0.048430987465413,W1
QSO_351.8008256+24.8065344,59914.74598950004,17.683999999999997,0.0441374296625906,W1
QSO_351.8008256+24.8065344,60119.904167499946,17.6915,0.0385204671426617,W1
QSO_351.8008256+24.8065344,60281.65337000003,17.634999999999998,0.0340584519910328,W1
QSO_351.8008256+24.8065344,60484.14618550004,17.5605,0.1015340921809024,W1
QSO_351.8008256+24.8065344,55371.272243,18.248,0.0718571890718095,W2
QSO_351.8008256+24.8065344,55550.85883125003,18.1695,0.0648354175257686,W2
QSO_351.8008256+24.8065344,56648.46820750002,17.979,0.0648283751317448,W2
QSO_351.8008256+24.8065344,56836.07298799999,17.991,0.0611518607123862,W2
QSO_351.8008256+24.8065344,57012.66683174997,18.2455,0.0859787973163323,W2
QSO_351.8008256+24.8065344,57197.66043157692,18.273,0.0614535120519447,W2
QSO_351.8008256+24.8065344,57371.69811346616,18.105,0.0575313810787663,W2
QSO_351.8008256+24.8065344,57562.1328558132,18.130000000000003,0.079425497934997,W2
QSO_351.8008256+24.8065344,57734.32466710377,17.9785,0.0621998719779558,W2
QSO_351.8008256+24.8065344,57929.34464949998,18.097,0.1348279051235316,W2
QSO_351.8008256+24.8065344,58094.74056700003,18.098,0.1055618127598912,W2
QSO_351.8008256+24.8065344,58293.19497250003,18.011,0.1044981900327304,W2
QSO_351.8008256+24.8065344,58455.18071325008,18.379,0.0661048316005188,W2
QSO_351.8008256+24.8065344,58660.06661949998,17.999,0.0710212582046932,W2
QSO_351.8008256+24.8065344,58819.15413249998,18.131,0.0723554984858015,W2
QSO_351.8008256+24.8065344,59024.61616959997,18.045,0.1382511084896907,W2
QSO_351.8008256+24.8065344,59186.93585200004,18.2285,0.0905314555524458,W2
QSO_351.8008256+24.8065344,59388.86322400003,17.919,0.1107389702567604,W2
QSO_351.8008256+24.8065344,59550.93260449998,18.043,0.0910440312431299,W2
QSO_351.8008256+24.8065344,59755.94421675002,18.0665,0.0896392073815919,W2
QSO_351.8008256+24.8065344,59914.74598950004,18.141,0.0801800753169777,W2
QSO_351.8008256+24.8065344,60119.904167499946,17.987000000000002,0.0773541189738609,W2
QSO_351.8008256+24.8065344,60281.65337000003,18.159,0.04794604196775,W2
QSO_351.8008256+24.8065344,60484.14618550004,17.5285,0.1187462499407873,W2
QSO_351.9125831+24.9575259,55371.43747850003,17.7795,0.033727540848123,W1
QSO_351.9125831+24.9575259,55550.92500574999,17.787,0.0461870652888879,W1
QSO_351.9125831+24.9575259,56648.69866850001,17.671499999999998,0.0224029992603074,W1
QSO_351.9125831+24.9575259,56836.270215749966,17.6935,0.0475733538863931,W1
QSO_351.9125831+24.9575259,57012.86382224997,17.7605,0.0410831009121215,W1
QSO_351.9125831+24.9575259,57197.88979759144,17.761,0.0518727565300179,W1
QSO_351.9125831+24.9575259,57371.82918497445,17.776,0.0366917680731412,W1
QSO_351.9125831+24.9575259,57562.362594027785,17.719,0.0431297114720444,W1
QSO_351.9125831+24.9575259,57734.45595131204,17.75,0.0516487648197652,W1
QSO_351.9125831+24.9575259,57929.60624500002,17.776,0.0304368362350622,W1
QSO_351.9125831+24.9575259,58094.90408700003,17.679000000000002,0.0244510092194953,W1
QSO_351.9125831+24.9575259,58293.325788499984,17.7,0.0773845462608652,W1
QSO_351.9125831+24.9575259,58455.3441785,17.698999999999998,0.021479119258074,W1
QSO_351.9125831+24.9575259,58660.13197275,17.7605,0.0470348005304317,W1
QSO_351.9125831+24.9575259,58819.38295099999,17.7135,0.0366121674003229,W1
QSO_351.9125831+24.9575259,59024.81282140002,17.712,0.0262989044090024,W1
QSO_351.9125831+24.9575259,59187.06687999996,17.7165,0.0576391231588276,W1
QSO_351.9125831+24.9575259,59389.28773724997,17.6635,0.0701049808026028,W1
QSO_351.9125831+24.9575259,59551.12850000003,17.776,0.0383920814212089,W1
QSO_351.9125831+24.9575259,59756.20502749998,17.704,0.0180251560326116,W1
QSO_351.9125831+24.9575259,59917.67540649997,17.744999999999997,0.0412154767188884,W1
QSO_351.9125831+24.9575259,60120.001385250005,17.8155,0.0552407820364628,W1
QSO_351.9125831+24.9575259,60281.81468174998,17.715,0.0435723310416991,W1
QSO_351.9125831+24.9575259,60484.53054039999,17.497999999999998,0.1016515617194348,W1
QSO_351.9125831+24.9575259,55371.43747850003,18.211,0.087003309142522,W2
QSO_351.9125831+24.9575259,55550.92500574999,18.1295,0.0885461969821402,W2
QSO_351.9125831+24.9575259,56648.69866850001,18.171,0.0715733242258646,W2
QSO_351.9125831+24.9575259,56836.270215749966,18.165,0.0657676212128736,W2
QSO_351.9125831+24.9575259,57012.86382224997,18.178,0.0834697494549617,W2
QSO_351.9125831+24.9575259,57197.88979759144,18.406,0.0583118381919855,W2
QSO_351.9125831+24.9575259,57371.82918497445,18.102,0.056874663563706,W2
QSO_351.9125831+24.9575259,57562.362594027785,18.0585,0.0784482266921122,W2
QSO_351.9125831+24.9575259,57734.45595131204,18.078,0.0735666860179706,W2
QSO_351.9125831+24.9575259,57929.60624500002,18.132,0.0422201492181163,W2
QSO_351.9125831+24.9575259,58094.90408700003,18.0935,0.0705661956106673,W2
QSO_351.9125831+24.9575259,58293.325788499984,18.273,0.1215539386445373,W2
QSO_351.9125831+24.9575259,58455.3441785,18.119,0.0707462015527156,W2
QSO_351.9125831+24.9575259,58660.13197275,17.8345,0.0778093561111869,W2
QSO_351.9125831+24.9575259,58819.38295099999,17.994,0.0581957303090577,W2
QSO_351.9125831+24.9575259,59024.81282140002,17.724999999999998,0.0891007352107106,W2
QSO_351.9125831+24.9575259,59187.06687999996,18.131,0.0589546033370562,W2
QSO_351.9125831+24.9575259,59389.28773724997,17.89,0.1266453929503775,W2
QSO_351.9125831+24.9575259,59551.12850000003,18.14,0.0827740490769968,W2
QSO_351.9125831+24.9575259,59756.20502749998,18.1195,0.1261770829033545,W2
QSO_351.9125831+24.9575259,59917.67540649997,18.209,0.0737037519989074,W2
QSO_351.9125831+24.9575259,60120.001385250005,17.914499999999997,0.0790908085683793,W2
QSO_351.9125831+24.9575259,60281.81468174998,17.977999999999998,0.041905919159542,W2
QSO_351.9125831+24.9575259,60484.53054039999,17.686,0.0412712006125335,W2
QSO_351.9255847+25.0535526,55371.50359825,18.2795,0.0405429980869391,W1
QSO_351.9255847+25.0535526,55550.99105250005,18.1625,0.0755590894598394,W1
QSO_351.9255847+25.0535526,57929.31179949998,18.235,0.0,W1
QSO_351.9255847+25.0535526,55371.50359825,18.4495,0.0784493207004837,W2
QSO_351.9255847+25.0535526,55550.99105250005,18.4055,0.0665885050140038,W2
QSO_351.9255847+25.0535526,57929.31179949998,17.814,0.0,W2
QSO_352.0154345+24.8710916,55371.53668549997,17.525,0.0350499221314416,W1
QSO_352.0154345+24.8710916,55551.05709925004,17.671,0.0320236457775949,W1
QSO_352.0154345+24.8710916,56648.731628000016,17.591,0.0233264690939456,W1
QSO_352.0154345+24.8710916,56836.50034825003,17.735500000000002,0.0357841445335781,W1
QSO_352.0154345+24.8710916,57012.89650799996,17.57,0.0340524108080305,W1
QSO_352.0154345+24.8710916,57197.92270234348,17.651,0.0461025053549154,W1
QSO_352.0154345+24.8710916,57371.894665978514,17.567999999999998,0.0548109658965001,W1
QSO_352.0154345+24.8710916,57562.428254431936,17.575499999999998,0.0196705463469117,W1
QSO_352.0154345+24.8710916,57734.48874491413,17.639,0.037619291852174,W1
QSO_352.0154345+24.8710916,57929.60624500002,17.691000000000003,0.0464897626624122,W1
QSO_352.0154345+24.8710916,58094.96949499996,17.573,0.0275126549165207,W1
QSO_352.0154345+24.8710916,58293.58742049997,17.715,0.0633595874180402,W1
QSO_352.0154345+24.8710916,58455.3441785,17.663,0.0385575179937613,W1
QSO_352.0154345+24.8710916,58660.19738075001,17.6175,0.0373485718110683,W1
QSO_352.0154345+24.8710916,58819.35024700002,17.564999999999998,0.0229945604909356,W1
QSO_352.0154345+24.8710916,59024.94377619996,17.6945,0.0344083644899753,W1
QSO_352.0154345+24.8710916,59187.197871400014,17.586,0.0292513731754163,W1
QSO_352.0154345+24.8710916,59389.32044125002,17.5255,0.0456023702440454,W1
QSO_352.0154345+24.8710916,59551.16089375004,17.5375,0.0254849759662431,W1
QSO_352.0154345+24.8710916,59756.172396499984,17.611,0.0443927786116948,W1
QSO_352.0154345+24.8710916,59917.57769600005,17.624499999999998,0.0374558940622168,W1
QSO_352.0154345+24.8710916,60120.03388850002,17.654,0.0501623959300142,W1
QSO_352.0154345+24.8710916,60281.91146150003,17.634,0.0290990179351185,W1
QSO_352.0154345+24.8710916,60484.59459040003,17.591,0.0800658985146379,W1
QSO_352.0154345+24.8710916,55371.53668549997,18.207,0.0703309298281135,W2
QSO_352.0154345+24.8710916,55551.05709925004,18.271500000000003,0.090289195859133,W2
QSO_352.0154345+24.8710916,56648.731628000016,18.186,0.0777443738503152,W2
QSO_352.0154345+24.8710916,56836.50034825003,18.247,0.1165161104740456,W2
QSO_352.0154345+24.8710916,57012.89650799996,18.128,0.0838530315837215,W2
QSO_352.0154345+24.8710916,57197.92270234348,18.1855,0.0736653514211397,W2
QSO_352.0154345+24.8710916,57371.894665978514,18.3,0.0751518870185505,W2
QSO_352.0154345+24.8710916,57562.428254431936,18.1115,0.0473125578901711,W2
QSO_352.0154345+24.8710916,57734.48874491413,18.224,0.0455216364372139,W2
QSO_352.0154345+24.8710916,57929.60624500002,18.0755,0.0725376339104975,W2
QSO_352.0154345+24.8710916,58094.96949499996,18.296,0.0483998763676871,W2
QSO_352.0154345+24.8710916,58293.58742049997,18.211,0.050565951507858,W2
QSO_352.0154345+24.8710916,58455.3441785,18.175,0.0505737776641973,W2
QSO_352.0154345+24.8710916,58660.19738075001,17.803,0.0493681246827735,W2
QSO_352.0154345+24.8710916,58819.35024700002,18.144,0.0691636524406651,W2
QSO_352.0154345+24.8710916,59024.94377619996,17.9645,0.0821882248066899,W2
QSO_352.0154345+24.8710916,59187.197871400014,18.1715,0.0644996052241723,W2
QSO_352.0154345+24.8710916,59389.32044125002,18.0955,0.0882628244045872,W2
QSO_352.0154345+24.8710916,59551.16089375004,18.154,0.0751608674776974,W2
QSO_352.0154345+24.8710916,59756.172396499984,18.051,0.0730317029079127,W2
QSO_352.0154345+24.8710916,59917.57769600005,17.989,0.1273617839071045,W2
QSO_352.0154345+24.8710916,60120.03388850002,17.995,0.0793436164197631,W2
QSO_352.0154345+24.8710916,60281.91146150003,18.122,0.0940514874631833,W2
QSO_352.0154345+24.8710916,60484.59459040003,17.651,0.1882948032862469,W2
QSO_351.7108566+24.8747199,55371.23922875,17.6035,0.0343967218673329,W1
QSO_351.7108566+24.8747199,55550.726755999945,17.607,0.0339171932801048,W1
QSO_351.7108566+24.8747199,56648.50109399996,17.5105,0.0302086130554578,W1
QSO_351.7108566+24.8747199,56836.07298799999,17.627000000000002,0.0290323125408183,W1
QSO_351.7108566+24.8747199,57012.63400000003,17.496000000000002,0.0269449615196835,W1
QSO_351.7108566+24.8747199,57197.627654574855,17.572,0.039215120743996,W1
QSO_351.7108566+24.8747199,57371.59981895984,17.56,0.0266896713515042,W1
QSO_351.7108566+24.8747199,57562.06719540914,17.586,0.0515446310077492,W1
QSO_351.7108566+24.8747199,57734.2590798996,17.566000000000003,0.0328859209434114,W1
QSO_351.7108566+24.8747199,57929.3772075,17.523,0.0484403015052275,W1
QSO_351.7108566+24.8747199,58094.70786300006,17.603,0.0339962126839425,W1
QSO_351.7108566+24.8747199,58293.2276765,17.5335,0.0474396790476933,W1
QSO_351.7108566+24.8747199,58455.08265600001,17.5035,0.0201391522797127,W1
QSO_351.7108566+24.8747199,58659.93594949998,17.609,0.0387084642758498,W1
QSO_351.7108566+24.8747199,58819.18683650003,17.54,0.0321248558866921,W1
QSO_351.7108566+24.8747199,59024.583376,17.634,0.029521585323285,W1
QSO_351.7108566+24.8747199,59186.87031970002,17.592,0.0225380722129039,W1
QSO_351.7108566+24.8747199,59388.83057475006,17.684,0.0767989334032381,W1
QSO_351.7108566+24.8747199,59550.90002825,17.563,0.0321252882246762,W1
QSO_351.7108566+24.8747199,59755.84648799997,17.685000000000002,0.0419708854045022,W1
QSO_351.7108566+24.8747199,59914.77849275005,17.613,0.0162033339904913,W1
QSO_351.7108566+24.8747199,60119.806895000045,17.5445,0.0368479341975859,W1
QSO_351.7108566+24.8747199,60281.62104925,17.5465,0.0330440485340178,W1
QSO_351.7108566+24.8747199,60483.954017199925,17.6935,0.0682190100582916,W1
QSO_351.7108566+24.8747199,55371.23922875,18.3445,0.0857176296116445,W2
QSO_351.7108566+24.8747199,55550.726755999945,18.503,0.0861863620301959,W2
QSO_351.7108566+24.8747199,56648.50109399996,18.2085,0.0672163292073391,W2
QSO_351.7108566+24.8747199,56836.07298799999,18.198,0.0790861036907379,W2
QSO_351.7108566+24.8747199,57012.63400000003,18.129,0.0729861348215867,W2
QSO_351.7108566+24.8747199,57197.627654574855,18.089,0.0943478943540652,W2
QSO_351.7108566+24.8747199,57371.59981895984,18.138,0.0623662417094077,W2
QSO_351.7108566+24.8747199,57562.06719540914,18.029,0.080369815775287,W2
QSO_351.7108566+24.8747199,57734.2590798996,18.262500000000003,0.0857722679217731,W2
QSO_351.7108566+24.8747199,57929.3772075,18.136,0.0923411178380261,W2
QSO_351.7108566+24.8747199,58094.70786300006,18.1075,0.0615036650142508,W2
QSO_351.7108566+24.8747199,58293.2276765,18.169,0.0637280100054854,W2
QSO_351.7108566+24.8747199,58455.08265600001,18.362,0.0828217605889137,W2
QSO_351.7108566+24.8747199,58659.93594949998,17.843,0.0631345282281405,W2
QSO_351.7108566+24.8747199,58819.18683650003,18.0705,0.0782008483661474,W2
QSO_351.7108566+24.8747199,59024.583376,17.917,0.1092840381757555,W2
QSO_351.7108566+24.8747199,59186.87031970002,18.038,0.0941822995873194,W2
QSO_351.7108566+24.8747199,59388.83057475006,18.012500000000003,0.0946085685865714,W2
QSO_351.7108566+24.8747199,59550.90002825,18.211,0.0792168992679569,W2
QSO_351.7108566+24.8747199,59755.84648799997,17.915,0.0672071380059303,W2
QSO_351.7108566+24.8747199,59914.77849275005,18.1485,0.0742698096781566,W2
QSO_351.7108566+24.8747199,60119.806895000045,17.9405,0.1098775728641589,W2
QSO_351.7108566+24.8747199,60281.62104925,18.169,0.0767398616479125,W2
QSO_351.7108566+24.8747199,60483.954017199925,17.6925,0.1696805277027435,W2
QSO_351.8680758+24.9892306,55371.37137699997,18.0155,0.0221389603220192,W1
QSO_351.8680758+24.9892306,55550.89199149998,18.1585,0.0317258059880246,W1
QSO_351.8680758+24.9892306,56648.69872325001,17.9895,0.0334072840988215,W1
QSO_351.8680758+24.9892306,56836.20442450002,18.086,0.0796799665529063,W1
QSO_351.8680758+24.9892306,57012.76532699997,18.014,0.0357154418617201,W1
QSO_351.8680758+24.9892306,57197.85703883936,17.96,0.0603930128408909,W1
QSO_351.8680758+24.9892306,57371.76366747028,18.09,0.0587603084934458,W1
QSO_351.8680758+24.9892306,57562.3298004257,17.924,0.0453026036663801,W1
QSO_351.8680758+24.9892306,57734.45595131204,18.0755,0.0411116042012471,W1
QSO_351.8680758+24.9892306,57929.50813300003,18.12,0.0532157340465459,W1
QSO_351.8680758+24.9892306,58094.87143774998,18.0365,0.0452549618724185,W1
QSO_351.8680758+24.9892306,58293.293084500016,17.854999999999997,0.0783856651435709,W1
QSO_351.8680758+24.9892306,58455.40958650001,18.116,0.0411533753236101,W1
QSO_351.8680758+24.9892306,58660.00121149996,17.993000000000002,0.026307069796849,W1
QSO_351.8680758+24.9892306,58819.31759774998,18.0365,0.0389845871134659,W1
QSO_351.8680758+24.9892306,59024.74716099994,18.0615,0.0827839949193977,W1
QSO_351.8680758+24.9892306,59187.06687999996,18.1145,0.0428473482800236,W1
QSO_351.8680758+24.9892306,59389.18975299996,18.149,0.1596282180568338,W1
QSO_351.8680758+24.9892306,59550.99793950003,18.055,0.0401013293804061,W1
QSO_351.8680758+24.9892306,59756.04201849997,18.0745,0.0661693962493236,W1
QSO_351.8680758+24.9892306,59917.41494249999,18.003,0.0283028061411242,W1
QSO_351.8680758+24.9892306,60119.9689915,17.814999999999998,0.0961798731231723,W1
QSO_351.8680758+24.9892306,60281.8470755,18.006,0.033574543928399,W1
QSO_351.8680758+24.9892306,60484.40242210001,18.1045,0.0575948945219972,W1
QSO_351.8680758+24.9892306,55371.37137699997,18.2775,0.0636578562200117,W2
QSO_351.8680758+24.9892306,55550.89199149998,18.37,0.0567273066658618,W2
QSO_351.8680758+24.9892306,56648.69872325001,18.135,0.0697404717394247,W2
QSO_351.8680758+24.9892306,56836.20442450002,18.231,0.0313817770031235,W2
QSO_351.8680758+24.9892306,57012.76532699997,18.404,0.1074797763724687,W2
QSO_351.8680758+24.9892306,57197.85703883936,18.248,0.1058073201626426,W2
QSO_351.8680758+24.9892306,57371.76366747028,18.23,0.0997811956345179,W2
QSO_351.8680758+24.9892306,57562.3298004257,18.155,0.0444308569226628,W2
QSO_351.8680758+24.9892306,57734.45595131204,18.1725,0.0640423375588368,W2
QSO_351.8680758+24.9892306,57929.50813300003,18.228,0.0937673239691076,W2
QSO_351.8680758+24.9892306,58094.87143774998,18.6145,0.0837518207375327,W2
QSO_351.8680758+24.9892306,58293.293084500016,18.1765,0.2011968485712437,W2
QSO_351.8680758+24.9892306,58455.40958650001,18.26,0.0966955922766909,W2
QSO_351.8680758+24.9892306,58660.00121149996,17.7705,0.0861004204833369,W2
QSO_351.8680758+24.9892306,58819.31759774998,18.2445,0.0701148982623047,W2
QSO_351.8680758+24.9892306,59024.74716099994,18.0405,0.1359664310422626,W2
QSO_351.8680758+24.9892306,59187.06687999996,18.219,0.1090577780735209,W2
QSO_351.8680758+24.9892306,59389.18975299996,17.733,0.0840307562741169,W2
QSO_351.8680758+24.9892306,59550.99793950003,18.354,0.1048108945442236,W2
QSO_351.8680758+24.9892306,59756.04201849997,18.215,0.0557144146518653,W2
QSO_351.8680758+24.9892306,59917.41494249999,18.11,0.0733515254169381,W2
QSO_351.8680758+24.9892306,60119.9689915,17.977,0.0904671821398654,W2
QSO_351.8680758+24.9892306,60281.8470755,18.243,0.0782872585841571,W2
QSO_351.8680758+24.9892306,60484.40242210001,17.7705,0.0613382017995306,W2
QSO_351.7799296+24.9456308,55371.30527550006,17.5835,0.0291422318860495,W1
QSO_351.7799296+24.9456308,55550.82581700002,17.708,0.0263325265293417,W1
QSO_351.7799296+24.9456308,56648.599899500005,17.576,0.0245595269567535,W1
QSO_351.7799296+24.9456308,56836.13865149996,17.624000000000002,0.0251966868416991,W1
QSO_351.7799296+24.9456308,57012.73249525003,17.591,0.0463350319432845,W1
QSO_351.7799296+24.9456308,57197.75874433312,17.597,0.0259636832368254,W1
QSO_351.7799296+24.9456308,57371.66535471408,17.604,0.0378898587938371,W1
QSO_351.7799296+24.9456308,57562.23130981944,17.5995,0.0414744455011712,W1
QSO_351.7799296+24.9456308,57734.35757050586,17.664,0.0418857341557969,W1
QSO_351.7799296+24.9456308,57929.409966250045,17.5385,0.0481890132706617,W1
QSO_351.7799296+24.9456308,58094.80597499996,17.588,0.0199070438788519,W1
QSO_351.7799296+24.9456308,58293.26038049997,17.603,0.0194903052823708,W1
QSO_351.7799296+24.9456308,58455.14806400003,17.595,0.0339146628705907,W1
QSO_351.7799296+24.9456308,58660.00121149996,17.555500000000002,0.0378725988048664,W1
QSO_351.7799296+24.9456308,58819.2195405,17.576999999999998,0.0443832873366892,W1
QSO_351.7799296+24.9456308,59024.68164699998,17.601,0.0394909950838446,W1
QSO_351.7799296+24.9456308,59186.93585200004,17.5385,0.0326664540809409,W1
QSO_351.7799296+24.9456308,59388.79792550002,17.532,0.0638076555722036,W1
QSO_351.7799296+24.9456308,59550.99793950003,17.601,0.0535750182349491,W1
QSO_351.7799296+24.9456308,59755.97679300001,17.625,0.0385585262313059,W1
QSO_351.7799296+24.9456308,59916.04787150005,17.5905,0.052026185314064,W1
QSO_351.7799296+24.9456308,60119.90409449997,17.548000000000002,0.04253464579802,W1
QSO_351.7799296+24.9456308,60281.71790200002,17.567,0.0265574239968104,W1
QSO_351.7799296+24.9456308,60484.01806719998,17.547,0.0079302515022467,W1
QSO_351.7799296+24.9456308,55371.30527550006,18.2955,0.0816806249351456,W2
QSO_351.7799296+24.9456308,55550.82581700002,18.387,0.0896377885324193,W2
QSO_351.7799296+24.9456308,56648.599899500005,18.162,0.0612476130125526,W2
QSO_351.7799296+24.9456308,56836.13865149996,18.087,0.0616526222492023,W2
QSO_351.7799296+24.9456308,57012.73249525003,18.466,0.0689114896282018,W2
QSO_351.7799296+24.9456308,57197.75874433312,18.312,0.0893803870430363,W2
QSO_351.7799296+24.9456308,57371.66535471408,18.2575,0.1001119708403514,W2
QSO_351.7799296+24.9456308,57562.23130981944,18.025,0.0592545659672144,W2
QSO_351.7799296+24.9456308,57734.35757050586,18.146,0.0580884840218603,W2
QSO_351.7799296+24.9456308,57929.409966250045,18.264,0.0899714621421704,W2
QSO_351.7799296+24.9456308,58094.80597499996,18.266,0.0697538033477368,W2
QSO_351.7799296+24.9456308,58293.26038049997,18.068,0.0988556118791444,W2
QSO_351.7799296+24.9456308,58455.14806400003,18.452,0.0794663266413659,W2
QSO_351.7799296+24.9456308,58660.00121149996,17.860500000000002,0.060322924536277,W2
QSO_351.7799296+24.9456308,58819.2195405,18.229,0.0635718281373632,W2
QSO_351.7799296+24.9456308,59024.68164699998,17.91,0.0901022459529732,W2
QSO_351.7799296+24.9456308,59186.93585200004,18.263,0.1029408850272096,W2
QSO_351.7799296+24.9456308,59388.79792550002,17.7815,0.1279898464474848,W2
QSO_351.7799296+24.9456308,59550.99793950003,18.303,0.1070366013063026,W2
QSO_351.7799296+24.9456308,59755.97679300001,17.887999999999998,0.0986592144888989,W2
QSO_351.7799296+24.9456308,59916.04787150005,18.042,0.1149265541431668,W2
QSO_351.7799296+24.9456308,60119.90409449997,17.878,0.06696503230953,W2
QSO_351.7799296+24.9456308,60281.71790200002,18.36,0.0576426463713388,W2
QSO_351.7799296+24.9456308,60484.01806719998,17.698,0.1059772861757901,W2
QSO_351.6706483+24.8247548,55371.20621449999,17.75,0.038713729409453,W1
QSO_351.6706483+24.8247548,55550.69361399997,17.768,0.0299992737202344,W1
QSO_351.6706483+24.8247548,56648.40243449996,17.6105,0.0215825833581563,W1
QSO_351.6706483+24.8247548,56835.94146025001,17.6875,0.0228188518554287,W1
QSO_351.6706483+24.8247548,57012.60116825,17.6585,0.0466819109525861,W1
QSO_351.6706483+24.8247548,57197.561991070725,17.731,0.0258501722423405,W1
QSO_351.6706483+24.8247548,57371.59981895984,17.698,0.0279052436632742,W1
QSO_351.6706483+24.8247548,57562.00149840496,17.807000000000002,0.0520724802616608,W1
QSO_351.6706483+24.8247548,57734.16062589336,17.7565,0.0415245720924797,W1
QSO_351.6706483+24.8247548,57929.37728049997,17.808500000000002,0.0697815520033769,W1
QSO_351.6706483+24.8247548,58094.64245499996,17.667499999999997,0.0424250087300019,W1
QSO_351.6706483+24.8247548,58293.129564500014,17.7205,0.0627843531463055,W1
QSO_351.6706483+24.8247548,58455.08265600001,17.733,0.0616413367407909,W1
QSO_351.6706483+24.8247548,58660.00128450002,17.6725,0.0444408594677734,W1
QSO_351.6706483+24.8247548,58819.12142849993,17.7785,0.0277731697566794,W1
QSO_351.6706483+24.8247548,59024.55058240004,17.689999999999998,0.0383442040793173,W1
QSO_351.6706483+24.8247548,59186.83758099997,17.759,0.0636023758114862,W1
QSO_351.6706483+24.8247548,59388.79792550002,17.798000000000002,0.0433080362730856,W1
QSO_351.6706483+24.8247548,59550.86732425003,17.624,0.0408840388125932,W1
QSO_351.6706483+24.8247548,59755.78128074999,17.75,0.0318050310485619,W1
QSO_351.6706483+24.8247548,59914.81099599999,17.728,0.0306029482966012,W1
QSO_351.6706483+24.8247548,60119.77450125003,17.7695,0.0406209542144975,W1
QSO_351.6706483+24.8247548,60281.58872850004,17.72,0.0445557249081266,W1
QSO_351.6706483+24.8247548,60483.954017199925,17.638,0.0451520066409419,W1
QSO_351.6706483+24.8247548,55371.20621449999,18.057,0.0615781454886446,W2
QSO_351.6706483+24.8247548,55550.69361399997,18.189,0.0880990580372305,W2
QSO_351.6706483+24.8247548,56648.40243449996,18.058,0.0685738795685947,W2
QSO_351.6706483+24.8247548,56835.94146025001,18.2415,0.0810018271398863,W2
QSO_351.6706483+24.8247548,57012.60116825,18.0225,0.0581593237963134,W2
QSO_351.6706483+24.8247548,57197.561991070725,18.033,0.0536712451362022,W2
QSO_351.6706483+24.8247548,57371.59981895984,18.0435,0.1071715420785148,W2
QSO_351.6706483+24.8247548,57562.00149840496,18.037,0.0557884541399636,W2
QSO_351.6706483+24.8247548,57734.16062589336,17.974,0.069740222362424,W2
QSO_351.6706483+24.8247548,57929.37728049997,18.0485,0.0844057107072737,W2
QSO_351.6706483+24.8247548,58094.64245499996,18.101,0.0543633395330455,W2
QSO_351.6706483+24.8247548,58293.129564500014,17.944499999999998,0.0709304236558616,W2
QSO_351.6706483+24.8247548,58455.08265600001,18.119,0.0789014830471984,W2
QSO_351.6706483+24.8247548,58660.00128450002,17.8285,0.0565499295423964,W2
QSO_351.6706483+24.8247548,58819.12142849993,18.141,0.0802392545015404,W2
QSO_351.6706483+24.8247548,59024.55058240004,18.059,0.0886674961218592,W2
QSO_351.6706483+24.8247548,59186.83758099997,18.102,0.0656662096470206,W2
QSO_351.6706483+24.8247548,59388.79792550002,18.23,0.1189728881088305,W2
QSO_351.6706483+24.8247548,59550.86732425003,18.0925,0.0698727017113582,W2
QSO_351.6706483+24.8247548,59755.78128074999,17.8175,0.0976307533515949,W2
QSO_351.6706483+24.8247548,59914.81099599999,17.99,0.0729153217653749,W2
QSO_351.6706483+24.8247548,60119.77450125003,18.003,0.0699735192967866,W2
QSO_351.6706483+24.8247548,60281.58872850004,18.229,0.063694106034241,W2
QSO_351.6706483+24.8247548,60483.954017199925,17.661499999999997,0.1049440988759678,W2
QSO_351.9807941+25.0386756,55371.50359825,17.692,0.0394714348497265,W1
QSO_351.9807941+25.0386756,55551.024085000034,17.82,0.0273792135997429,W1
QSO_351.9807941+25.0386756,56648.79740099999,17.740000000000002,0.027406811557784,W1
QSO_351.9807941+25.0386756,56836.336007,17.705,0.033081916860129,W1
QSO_351.9807941+25.0386756,57012.962317499965,17.686999999999998,0.0429565838126578,W1
QSO_351.9807941+25.0386756,57197.95546109557,17.779,0.0500833715136951,W1
QSO_351.9807941+25.0386756,57371.96025648274,17.820999999999998,0.0318331483415219,W1
QSO_351.9807941+25.0386756,57562.39538762988,17.799,0.0398379626498752,W1
QSO_351.9807941+25.0386756,57734.55447851833,17.804000000000002,0.0553756517787137,W1
QSO_351.9807941+25.0386756,57929.76976500002,17.766,0.0429164792630592,W1
QSO_351.9807941+25.0386756,58095.002308500014,17.805999999999997,0.0460629041039029,W1
QSO_351.9807941+25.0386756,58293.45653150005,17.786499999999997,0.0228322688316344,W1
QSO_351.9807941+25.0386756,58455.44229050006,17.785,0.0421590322469572,W1
QSO_351.9807941+25.0386756,58660.06661949998,17.777,0.0650634425430715,W1
QSO_351.9807941+25.0386756,58819.41565499996,17.784,0.0569177808578109,W1
QSO_351.9807941+25.0386756,59025.0092902,17.894,0.0555191238570511,W1
QSO_351.9807941+25.0386756,59187.19794459999,17.878500000000003,0.0383605202504982,W1
QSO_351.9807941+25.0386756,59389.41835249997,17.8125,0.053664596233354,W1
QSO_351.9807941+25.0386756,59551.19328749997,17.85,0.0563367544679143,W1
QSO_351.9807941+25.0386756,59756.172396499984,17.857,0.0679912848445652,W1
QSO_351.9807941+25.0386756,59917.74044950003,17.743000000000002,0.0382123844593687,W1
QSO_351.9807941+25.0386756,60120.03377900002,17.756,0.0614197816241635,W1
QSO_351.9807941+25.0386756,60282.00835075,17.8235,0.0316308426078352,W1
QSO_351.9807941+25.0386756,60484.53046720001,17.8425,0.052727154083809,W1
QSO_351.9807941+25.0386756,55371.50359825,18.316000000000003,0.0614526204704261,W2
QSO_351.9807941+25.0386756,55551.024085000034,18.545,0.075013427297926,W2
QSO_351.9807941+25.0386756,56648.79740099999,18.223,0.0554595074924095,W2
QSO_351.9807941+25.0386756,56836.336007,18.303,0.0984439567575819,W2
QSO_351.9807941+25.0386756,57012.962317499965,18.315,0.0534313013124834,W2
QSO_351.9807941+25.0386756,57197.95546109557,18.356,0.0497588172570041,W2
QSO_351.9807941+25.0386756,57371.96025648274,18.446,0.0685899679523448,W2
QSO_351.9807941+25.0386756,57562.39538762988,18.21,0.0890982846303917,W2
QSO_351.9807941+25.0386756,57734.55447851833,18.202,0.0986900984759368,W2
QSO_351.9807941+25.0386756,57929.76976500002,18.2315,0.08608843761452,W2
QSO_351.9807941+25.0386756,58095.002308500014,18.343,0.0403044387582973,W2
QSO_351.9807941+25.0386756,58293.45653150005,18.203,0.0300062493490936,W2
QSO_351.9807941+25.0386756,58455.44229050006,18.1625,0.0868347914145016,W2
QSO_351.9807941+25.0386756,58660.06661949998,17.913,0.0596035544552815,W2
QSO_351.9807941+25.0386756,58819.41565499996,18.221,0.0399808694993736,W2
QSO_351.9807941+25.0386756,59025.0092902,18.084,0.1087533674170789,W2
QSO_351.9807941+25.0386756,59187.19794459999,18.139,0.095718442604493,W2
QSO_351.9807941+25.0386756,59389.41835249997,17.858,0.0934250789155163,W2
QSO_351.9807941+25.0386756,59551.19328749997,18.312,0.0754226681785488,W2
QSO_351.9807941+25.0386756,59756.172396499984,17.727,0.1127259444225392,W2
QSO_351.9807941+25.0386756,59917.74044950003,18.087,0.0744655689676979,W2
QSO_351.9807941+25.0386756,60120.03377900002,18.171,0.0544378932818466,W2
QSO_351.9807941+25.0386756,60282.00835075,18.0805,0.0731611803420222,W2
QSO_351.9807941+25.0386756,60484.53046720001,17.662499999999998,0.116548908824356,W2
QSO_351.9569479+24.7616283,55371.37143174997,17.621000000000002,0.0260288301696407,W1
QSO_351.9569479+24.7616283,55550.924932750015,17.619999999999997,0.0286688855730387,W1
QSO_351.9569479+24.7616283,56648.69866850001,17.5805,0.0383641799434625,W1
QSO_351.9569479+24.7616283,56836.27028875003,17.5415,0.051461208691596,W1
QSO_351.9569479+24.7616283,57012.83088100002,17.456,0.0323076641307287,W1
QSO_351.9569479+24.7616283,57197.82433483727,17.6175,0.0396473094108355,W1
QSO_351.9569479+24.7616283,57371.79637147236,17.564500000000002,0.031578567158598,W1
QSO_351.9569479+24.7616283,57562.1328558132,17.6,0.0214602894092831,W1
QSO_351.9569479+24.7616283,57734.39030920794,17.567999999999998,0.0299298803960988,W1
QSO_351.9569479+24.7616283,57929.50813300003,17.616,0.0653279538001037,W1
QSO_351.9569479+24.7616283,58094.871382999976,17.555,0.0269368181332255,W1
QSO_351.9569479+24.7616283,58293.423900500056,17.565,0.0752333407177668,W1
QSO_351.9569479+24.7616283,58455.24606650001,17.601,0.0265389737862945,W1
QSO_351.9569479+24.7616283,58660.23008475007,17.587,0.0419609813795309,W1
QSO_351.9569479+24.7616283,58819.317543000056,17.5375,0.0285233416436174,W1
QSO_351.9569479+24.7616283,59024.7472891,17.573,0.0188985263149004,W1
QSO_351.9569479+24.7616283,59187.03408639999,17.628999999999998,0.044564273306055,W1
QSO_351.9569479+24.7616283,59389.18975299996,17.587,0.0291690246665878,W1
QSO_351.9569479+24.7616283,59551.09586900003,17.5435,0.0220617294745312,W1
QSO_351.9569479+24.7616283,59756.172396499984,17.543,0.0327146284340852,W1
QSO_351.9569479+24.7616283,59914.81099599999,17.591,0.0340094395030063,W1
QSO_351.9569479+24.7616283,60120.00144000001,17.646,0.0767618069094259,W1
QSO_351.9569479+24.7616283,60281.75016800005,17.6055,0.0254988652616079,W1
QSO_351.9569479+24.7616283,60484.274303800026,17.572,0.0590488611236494,W1
QSO_351.9569479+24.7616283,55371.37143174997,18.2355,0.1028910871270451,W2
QSO_351.9569479+24.7616283,55550.924932750015,18.384,0.081652562727694,W2
QSO_351.9569479+24.7616283,56648.69866850001,18.2495,0.0654022988384917,W2
QSO_351.9569479+24.7616283,56836.27028875003,18.194,0.056385467985998,W2
QSO_351.9569479+24.7616283,57012.83088100002,18.046,0.0706722193322359,W2
QSO_351.9569479+24.7616283,57197.82433483727,18.1265,0.0857193012752152,W2
QSO_351.9569479+24.7616283,57371.79637147236,18.174,0.0730028979216322,W2
QSO_351.9569479+24.7616283,57562.1328558132,18.164,0.0584261150417975,W2
QSO_351.9569479+24.7616283,57734.39030920794,18.0915,0.076958815327159,W2
QSO_351.9569479+24.7616283,57929.50813300003,18.247,0.0744178912590516,W2
QSO_351.9569479+24.7616283,58094.871382999976,18.203,0.0928471710822141,W2
QSO_351.9569479+24.7616283,58293.423900500056,18.112,0.1378951728803576,W2
QSO_351.9569479+24.7616283,58455.24606650001,18.156,0.0772219024773556,W2
QSO_351.9569479+24.7616283,58660.23008475007,18.068,0.0671207797487041,W2
QSO_351.9569479+24.7616283,58819.317543000056,18.2395,0.105540243772485,W2
QSO_351.9569479+24.7616283,59024.7472891,17.929499999999997,0.0983110398016164,W2
QSO_351.9569479+24.7616283,59187.03408639999,18.176,0.0772670002739193,W2
QSO_351.9569479+24.7616283,59389.18975299996,17.886,0.1167926025054669,W2
QSO_351.9569479+24.7616283,59551.09586900003,18.1705,0.0850762185511495,W2
QSO_351.9569479+24.7616283,59756.172396499984,18.014,0.0598198942918359,W2
QSO_351.9569479+24.7616283,59914.81099599999,18.185,0.0566304895412268,W2
QSO_351.9569479+24.7616283,60120.00144000001,18.152,0.0701712026773461,W2
QSO_351.9569479+24.7616283,60281.75016800005,18.096,0.0580661091550606,W2
QSO_351.9569479+24.7616283,60484.274303800026,17.708,0.1837978454715944,W2
QSO_351.6960383+24.8018222,55371.20621449999,18.132,0.0473455710191535,W1
QSO_351.6960383+24.8018222,55550.69366874997,18.323,0.0474459426806114,W1
QSO_351.6960383+24.8018222,56648.40236149998,18.142,0.0259992150587949,W1
QSO_351.6960383+24.8018222,56835.94146025001,18.16,0.0600808122448423,W1
QSO_351.6960383+24.8018222,57012.63400000003,18.078,0.0463658542921635,W1
QSO_351.6960383+24.8018222,57197.561991070725,18.145,0.0489261237968236,W1
QSO_351.6960383+24.8018222,57371.53428320569,18.2625,0.0558987800502937,W1
QSO_351.6960383+24.8018222,57562.03434690704,18.3055,0.070978588809897,W1
QSO_351.6960383+24.8018222,57734.22628629751,18.182,0.0468002304916769,W1
QSO_351.6960383+24.8018222,57929.3445765,18.367,0.0647091449294455,W1
QSO_351.6960383+24.8018222,58094.60975099999,18.317,0.0511556835546684,W1
QSO_351.6960383+24.8018222,58293.03152550001,18.3015,0.1101913109097083,W1
QSO_351.6960383+24.8018222,58455.11536000006,18.201,0.053582420719721,W1
QSO_351.6960383+24.8018222,58659.80513350003,18.136,0.0474630782993782,W1
QSO_351.6960383+24.8018222,58819.08872449996,18.189,0.0595716490236162,W1
QSO_351.6960383+24.8018222,59024.64890829993,18.174,0.1225623486103091,W1
QSO_351.6960383+24.8018222,59186.87031970002,18.367,0.0676423314204943,W1
QSO_351.6960383+24.8018222,59388.66725550001,18.236,0.0873455665732386,W1
QSO_351.6960383+24.8018222,59550.93253150001,18.291,0.0527821600897649,W1
QSO_351.6960383+24.8018222,59755.87906425004,18.0745,0.0618061809206813,W1
QSO_351.6960383+24.8018222,59915.91763949998,18.1705,0.0412759738651739,W1
QSO_351.6960383+24.8018222,60119.77455600003,18.251,0.0607713337590901,W1
QSO_351.6960383+24.8018222,60281.65331525003,18.379,0.0594663686464879,W1
QSO_351.6960383+24.8018222,60483.954017199925,18.5785,0.1212885892200911,W1
QSO_351.6960383+24.8018222,55371.20621449999,18.437,0.0661050046755141,W2
QSO_351.6960383+24.8018222,55550.69366874997,18.253,0.0756711941866232,W2
QSO_351.6960383+24.8018222,56648.40236149998,18.2445,0.0709762679720086,W2
QSO_351.6960383+24.8018222,56835.94146025001,18.2065,0.0930968098271901,W2
QSO_351.6960383+24.8018222,57012.63400000003,18.483,0.0625621075117609,W2
QSO_351.6960383+24.8018222,57197.561991070725,18.357,0.0624971344196571,W2
QSO_351.6960383+24.8018222,57371.53428320569,18.305,0.0781385099429923,W2
QSO_351.6960383+24.8018222,57562.03434690704,18.224,0.0546343220285429,W2
QSO_351.6960383+24.8018222,57734.22628629751,18.4035,0.0660640953852701,W2
QSO_351.6960383+24.8018222,57929.3445765,18.292,0.0972056353658315,W2
QSO_351.6960383+24.8018222,58094.60975099999,18.336,0.0601754678979059,W2
QSO_351.6960383+24.8018222,58293.03152550001,18.322000000000003,0.0931915764534275,W2
QSO_351.6960383+24.8018222,58455.11536000006,18.4,0.0638643672747755,W2
QSO_351.6960383+24.8018222,58659.80513350003,17.639,0.1004110110969492,W2
QSO_351.6960383+24.8018222,58819.08872449996,18.319,0.0620628604531998,W2
QSO_351.6960383+24.8018222,59024.64890829993,17.9075,0.1012289233464182,W2
QSO_351.6960383+24.8018222,59186.87031970002,18.4175,0.1024063669895579,W2
QSO_351.6960383+24.8018222,59388.66725550001,17.736,0.1361315834037055,W2
QSO_351.6960383+24.8018222,59550.93253150001,18.27,0.0616210517561505,W2
QSO_351.6960383+24.8018222,59755.87906425004,17.9685,0.0824788457727193,W2
QSO_351.6960383+24.8018222,59915.91763949998,18.198,0.0876131015063131,W2
QSO_351.6960383+24.8018222,60119.77455600003,17.791999999999998,0.0789788914516059,W2
QSO_351.6960383+24.8018222,60281.65331525003,18.4025,0.0818805471403311,W2
QSO_351.6960383+24.8018222,60483.954017199925,17.6205,0.1358862115889614,W2
QSO_352.0551231+24.8846613,55371.56969974998,17.608,0.0208433085933959,W1
QSO_352.0551231+24.8846613,55551.09018650002,17.648,0.041247979748508,W1
QSO_352.0551231+24.8846613,56648.89620649994,17.567500000000003,0.035050173301105,W1
QSO_352.0551231+24.8846613,56836.46744350003,17.622999999999998,0.0328638792670743,W1
QSO_352.0551231+24.8846613,57012.92948575002,17.654,0.0239272140892766,W1
QSO_352.0551231+24.8846613,57197.95546109557,17.625,0.0168676288962918,W1
QSO_352.0551231+24.8846613,57371.927442980654,17.612000000000002,0.0275423634989696,W1
QSO_352.0551231+24.8846613,57562.428254431936,17.587,0.019400612009823,W1
QSO_352.0551231+24.8846613,57734.55447851833,17.642,0.0533770309966423,W1
QSO_352.0551231+24.8846613,57929.73706099997,17.616,0.0321558973768594,W1
QSO_352.0551231+24.8846613,58095.03490300007,17.6235,0.029846576833668,W1
QSO_352.0551231+24.8846613,58293.58742049997,17.680999999999997,0.0370227256660477,W1
QSO_352.0551231+24.8846613,58455.37688249996,17.656,0.0614371304668439,W1
QSO_352.0551231+24.8846613,58660.26278874995,17.6285,0.0468335594272923,W1
QSO_352.0551231+24.8846613,58819.38295099999,17.7085,0.0304414567927795,W1
QSO_352.0551231+24.8846613,59024.94377619996,17.654999999999998,0.0561496326791188,W1
QSO_352.0551231+24.8846613,59187.23066499998,17.7255,0.0310805248256444,W1
QSO_352.0551231+24.8846613,59389.38572149997,17.677,0.0356048936918856,W1
QSO_352.0551231+24.8846613,59551.226174,17.564,0.0412982929429291,W1
QSO_352.0551231+24.8846613,59756.20502749998,17.7045,0.0339119954809503,W1
QSO_352.0551231+24.8846613,59917.57769600005,17.6175,0.0603599950298208,W1
QSO_352.0551231+24.8846613,60120.03388850002,17.671,0.0422080817354524,W1
QSO_352.0551231+24.8846613,60281.91157100003,17.67,0.032741661319806,W1
QSO_352.0551231+24.8846613,60484.59459040003,17.8,0.0959565620871247,W1
QSO_352.0551231+24.8846613,55371.56969974998,18.1995,0.0665425645799336,W2
QSO_352.0551231+24.8846613,55551.09018650002,18.259,0.0766218014860194,W2
QSO_352.0551231+24.8846613,56648.89620649994,18.183,0.0556498518044691,W2
QSO_352.0551231+24.8846613,56836.46744350003,18.028,0.0816057849189102,W2
QSO_352.0551231+24.8846613,57012.92948575002,18.1695,0.096030988801455,W2
QSO_352.0551231+24.8846613,57197.95546109557,18.0755,0.0185918114917685,W2
QSO_352.0551231+24.8846613,57371.927442980654,18.2125,0.0740950202205545,W2
QSO_352.0551231+24.8846613,57562.428254431936,18.085,0.0692667999640481,W2
QSO_352.0551231+24.8846613,57734.55447851833,18.145,0.077923154656079,W2
QSO_352.0551231+24.8846613,57929.73706099997,18.1385,0.0636833529616999,W2
QSO_352.0551231+24.8846613,58095.03490300007,18.2125,0.0591579672357288,W2
QSO_352.0551231+24.8846613,58293.58742049997,17.976,0.0916240575942211,W2
QSO_352.0551231+24.8846613,58455.37688249996,17.863500000000002,0.0998934882762634,W2
QSO_352.0551231+24.8846613,58660.26278874995,17.8615,0.071187708691913,W2
QSO_352.0551231+24.8846613,58819.38295099999,18.2885,0.0796621446589698,W2
QSO_352.0551231+24.8846613,59024.94377619996,17.8435,0.1242370151665759,W2
QSO_352.0551231+24.8846613,59187.23066499998,18.207,0.0499969139672639,W2
QSO_352.0551231+24.8846613,59389.38572149997,17.753999999999998,0.1196385226141418,W2
QSO_352.0551231+24.8846613,59551.226174,17.9105,0.0952952464711647,W2
QSO_352.0551231+24.8846613,59756.20502749998,17.833,0.0665464916195813,W2
QSO_352.0551231+24.8846613,59917.57769600005,18.0875,0.0899066682732712,W2
QSO_352.0551231+24.8846613,60120.03388850002,17.89,0.0937553364371503,W2
QSO_352.0551231+24.8846613,60281.91157100003,18.176,0.0681875642880143,W2
QSO_352.0551231+24.8846613,60484.59459040003,17.72,0.0648903088803627,W2
QSO_351.8400455+25.0096376,55371.37137699997,17.395,0.0168976780453296,W1
QSO_351.8400455+25.0096376,55550.89199149998,17.4725,0.0212138608593999,W1
QSO_351.8400455+25.0096376,56648.66576375001,17.393,0.0230070418482989,W1
QSO_351.8400455+25.0096376,56836.20442450002,17.454,0.0287987223456039,W1
QSO_351.8400455+25.0096376,57012.83099050003,17.425,0.0322401535064846,W1
QSO_351.8400455+25.0096376,57197.82428008727,17.418,0.0476929038000155,W1
QSO_351.8400455+25.0096376,57371.76366747028,17.493000000000002,0.0570306116630944,W1
QSO_351.8400455+25.0096376,57562.296951923614,17.4605,0.0301102989364239,W1
QSO_351.8400455+25.0096376,57734.42315771004,17.509,0.0411327220889439,W1
QSO_351.8400455+25.0096376,57929.475429000064,17.4155,0.0224681873867128,W1
QSO_351.8400455+25.0096376,58094.83873375001,17.4575,0.0236351103283491,W1
QSO_351.8400455+25.0096376,58293.293084500016,17.433,0.0653347151214416,W1
QSO_351.8400455+25.0096376,58455.27882524997,17.467,0.030704262507201,W1
QSO_351.8400455+25.0096376,58660.19732600001,17.458,0.0272623468460722,W1
QSO_351.8400455+25.0096376,58819.28489375001,17.3825,0.0233394662563478,W1
QSO_351.8400455+25.0096376,59024.74716099994,17.493499999999997,0.0337066165611441,W1
QSO_351.8400455+25.0096376,59187.001366,17.502000000000002,0.0360238073928071,W1
QSO_351.8400455+25.0096376,59389.28773724997,17.5805,0.047815400238835,W1
QSO_351.8400455+25.0096376,59551.06323799996,17.401,0.0165024834976805,W1
QSO_351.8400455+25.0096376,59756.04209150003,17.47,0.0480704154180854,W1
QSO_351.8400455+25.0096376,59917.41494249999,17.462,0.0413412072511158,W1
QSO_351.8400455+25.0096376,60119.9689915,17.448,0.029745880899771,W1
QSO_351.8400455+25.0096376,60281.8470755,17.418,0.0293735280167049,W1
QSO_351.8400455+25.0096376,60484.40234890003,17.536,0.0456889645481433,W1
QSO_351.8400455+25.0096376,55371.37137699997,18.192,0.0534884472111344,W2
QSO_351.8400455+25.0096376,55550.89199149998,18.2075,0.0432363857050454,W2
QSO_351.8400455+25.0096376,56648.66576375001,18.065,0.0643746283363058,W2
QSO_351.8400455+25.0096376,56836.20442450002,18.078,0.0850889277512265,W2
QSO_351.8400455+25.0096376,57012.83099050003,18.179,0.0876006923046927,W2
QSO_351.8400455+25.0096376,57197.82428008727,18.261,0.0928889289310435,W2
QSO_351.8400455+25.0096376,57371.76366747028,18.122,0.0591293772947024,W2
QSO_351.8400455+25.0096376,57562.296951923614,18.0235,0.0591084268311124,W2
QSO_351.8400455+25.0096376,57734.42315771004,18.121,0.0821100944971572,W2
QSO_351.8400455+25.0096376,57929.475429000064,18.021,0.1088193797418796,W2
QSO_351.8400455+25.0096376,58094.83873375001,18.1855,0.0912621811830385,W2
QSO_351.8400455+25.0096376,58293.293084500016,18.037,0.1120569051866063,W2
QSO_351.8400455+25.0096376,58455.27882524997,18.1675,0.0869226554610903,W2
QSO_351.8400455+25.0096376,58660.19732600001,17.815,0.0685158732622515,W2
QSO_351.8400455+25.0096376,58819.28489375001,17.988999999999997,0.0930244019523941,W2
QSO_351.8400455+25.0096376,59024.74716099994,17.875500000000002,0.0584404055427406,W2
QSO_351.8400455+25.0096376,59187.001366,18.046,0.072824890656108,W2
QSO_351.8400455+25.0096376,59389.28773724997,17.7775,0.0790209624087181,W2
QSO_351.8400455+25.0096376,59551.06323799996,18.276,0.0637208417945993,W2
QSO_351.8400455+25.0096376,59756.04209150003,17.901,0.0750685737098285,W2
QSO_351.8400455+25.0096376,59917.41494249999,18.224,0.1204121022994173,W2
QSO_351.8400455+25.0096376,60119.9689915,17.869,0.1104436446683709,W2
QSO_351.8400455+25.0096376,60281.8470755,17.996,0.0814146296799656,W2
QSO_351.8400455+25.0096376,60484.40234890003,17.543,0.1619280818873108,W2
QSO_352.0421956+24.9978162,55371.53668549997,17.83,0.0221931387461847,W1
QSO_352.0421956+24.9978162,55551.05717225002,17.742,0.0141994663871221,W1
QSO_352.0421956+24.9978162,56648.83036049999,17.735500000000002,0.0417632563579356,W1
QSO_352.0421956+24.9978162,56836.50034825003,17.7715,0.0443039614481594,W1
QSO_352.0421956+24.9978162,57012.99514925,17.765500000000003,0.0392478694279018,W1
QSO_352.0421956+24.9978162,57197.95546109557,17.676000000000002,0.0444084755111019,W1
QSO_352.0421956+24.9978162,57372.02573748689,17.7355,0.0398689962907818,W1
QSO_352.0421956+24.9978162,57562.428254431936,17.8475,0.0366935507503245,W1
QSO_352.0421956+24.9978162,57734.55447851833,17.737000000000002,0.0419164263765661,W1
QSO_352.0421956+24.9978162,57929.83517300004,17.841,0.0556155770600332,W1
QSO_352.0421956+24.9978162,58095.00219900001,17.708,0.0444623881493716,W1
QSO_352.0421956+24.9978162,58293.65268250004,17.782,0.0713820145414792,W1
QSO_352.0421956+24.9978162,58455.40958650001,17.897,0.0529858578016078,W1
QSO_352.0421956+24.9978162,58660.19732600001,17.756999999999998,0.0338959541083188,W1
QSO_352.0421956+24.9978162,58819.41565499996,17.701,0.0329066936709631,W1
QSO_352.0421956+24.9978162,59024.8782622,17.887,0.0510298871517077,W1
QSO_352.0421956+24.9978162,59187.19794459999,17.77,0.0431568253474935,W1
QSO_352.0421956+24.9978162,59389.41835249997,17.717,0.0452360578070848,W1
QSO_352.0421956+24.9978162,59551.226174,17.6475,0.0359564875926445,W1
QSO_352.0421956+24.9978162,59756.367963500015,17.747,0.0549667203460858,W1
QSO_352.0421956+24.9978162,59917.67540649997,17.816000000000003,0.054858541118113,W1
QSO_352.0421956+24.9978162,60120.06622750004,17.7705,0.0640645065539415,W1
QSO_352.0421956+24.9978162,60281.943836999984,17.673000000000002,0.0628079220277541,W1
QSO_352.0421956+24.9978162,60484.53054039999,17.649,0.0975682735319218,W1
QSO_352.0421956+24.9978162,55371.53668549997,18.274,0.0295190516007443,W2
QSO_352.0421956+24.9978162,55551.05717225002,18.433,0.0467878443081107,W2
QSO_352.0421956+24.9978162,56648.83036049999,18.2645,0.0590556339499845,W2
QSO_352.0421956+24.9978162,56836.50034825003,18.436,0.0991380300389309,W2
QSO_352.0421956+24.9978162,57012.99514925,18.2975,0.1013605934641634,W2
QSO_352.0421956+24.9978162,57197.95546109557,18.289,0.0782077412337201,W2
QSO_352.0421956+24.9978162,57372.02573748689,18.277,0.0742858298835275,W2
QSO_352.0421956+24.9978162,57562.428254431936,18.0915,0.0778393518669965,W2
QSO_352.0421956+24.9978162,57734.55447851833,18.219,0.0717155344958758,W2
QSO_352.0421956+24.9978162,57929.83517300004,18.072,0.0782288826242207,W2
QSO_352.0421956+24.9978162,58095.00219900001,18.251,0.0467949069195512,W2
QSO_352.0421956+24.9978162,58293.65268250004,18.07,0.0688520733166401,W2
QSO_352.0421956+24.9978162,58455.40958650001,18.366,0.0780525454404727,W2
QSO_352.0421956+24.9978162,58660.19732600001,17.956,0.0640215032581123,W2
QSO_352.0421956+24.9978162,58819.41565499996,18.165,0.0750248844267401,W2
QSO_352.0421956+24.9978162,59024.8782622,17.778,0.0987313351637153,W2
QSO_352.0421956+24.9978162,59187.19794459999,18.127,0.0652114571491737,W2
QSO_352.0421956+24.9978162,59389.41835249997,18.061,0.0920939787712852,W2
QSO_352.0421956+24.9978162,59551.226174,18.2295,0.0900880957729712,W2
QSO_352.0421956+24.9978162,59756.367963500015,17.954,0.0717646311493133,W2
QSO_352.0421956+24.9978162,59917.67540649997,18.259,0.0753921071576697,W2
QSO_352.0421956+24.9978162,60120.06622750004,17.948999999999998,0.1010062423813499,W2
QSO_352.0421956+24.9978162,60281.943836999984,18.2775,0.0932654390952492,W2
QSO_352.0421956+24.9978162,60484.53054039999,17.645,0.1678602752291322,W2
QSO_351.8951908+24.8565071,55371.37143174997,17.347,0.0272031537523514,W1
QSO_351.8951908+24.8565071,55550.89199149998,17.436,0.036716695146477,W1
QSO_351.8951908+24.8565071,56648.56694,17.3445,0.0266468451281048,W1
QSO_351.8951908+24.8565071,56836.20442450002,17.418,0.0401709652259928,W1
QSO_351.8951908+24.8565071,57012.83088100002,17.441000000000003,0.0324357553052524,W1
QSO_351.8951908+24.8565071,57197.82428008727,17.286,0.0324395062036214,W1
QSO_351.8951908+24.8565071,57371.86196197651,17.389499999999998,0.0419005703879293,W1
QSO_351.8951908+24.8565071,57562.26410342152,17.334,0.0171461361928867,W1
QSO_351.8951908+24.8565071,57734.390364107945,17.365000000000002,0.0286729319435433,W1
QSO_351.8951908+24.8565071,57929.41003925002,17.441000000000003,0.0357904445748446,W1
QSO_351.8951908+24.8565071,58094.871382999976,17.424,0.0201039854788726,W1
QSO_351.8951908+24.8565071,58293.293084500016,17.354,0.041605065574777,W1
QSO_351.8951908+24.8565071,58455.21341724996,17.464000000000002,0.0465415579678614,W1
QSO_351.8951908+24.8565071,58660.19732600001,17.32,0.0244631386473743,W1
QSO_351.8951908+24.8565071,58819.28483900001,17.371000000000002,0.0175072648942742,W1
QSO_351.8951908+24.8565071,59024.68175679998,17.401,0.0402687814559258,W1
QSO_351.8951908+24.8565071,59187.001366,17.344,0.015266365687232,W1
QSO_351.8951908+24.8565071,59389.22245700001,17.2455,0.0289171869949987,W1
QSO_351.8951908+24.8565071,59551.03058874999,17.331,0.0519296343266183,W1
QSO_351.8951908+24.8565071,59756.00944225006,17.415,0.0372072036036037,W1
QSO_351.8951908+24.8565071,59914.81099599999,17.351,0.04203724512216,W1
QSO_351.8951908+24.8565071,60120.001385250005,17.427,0.0286801889941601,W1
QSO_351.8951908+24.8565071,60281.71790200002,17.393,0.0239614876184447,W1
QSO_351.8951908+24.8565071,60484.274303800026,17.514,0.0590166078320333,W1
QSO_351.8951908+24.8565071,55371.37143174997,18.212,0.0770168932887576,W2
QSO_351.8951908+24.8565071,55550.89199149998,18.367,0.0738598282552995,W2
QSO_351.8951908+24.8565071,56648.56694,18.07,0.0720141091092818,W2
QSO_351.8951908+24.8565071,56836.20442450002,18.433,0.074336405849139,W2
QSO_351.8951908+24.8565071,57012.83088100002,18.11,0.0785792998847049,W2
QSO_351.8951908+24.8565071,57197.82428008727,18.102,0.0635771743625407,W2
QSO_351.8951908+24.8565071,57371.86196197651,18.1855,0.0846064482961816,W2
QSO_351.8951908+24.8565071,57562.26410342152,17.953,0.0624026232773756,W2
QSO_351.8951908+24.8565071,57734.390364107945,18.0605,0.0870269386261935,W2
QSO_351.8951908+24.8565071,57929.41003925002,18.0845,0.0808968393147169,W2
QSO_351.8951908+24.8565071,58094.871382999976,18.094,0.0685272804485955,W2
QSO_351.8951908+24.8565071,58293.293084500016,17.9,0.1025526061932951,W2
QSO_351.8951908+24.8565071,58455.21341724996,18.1525,0.0841512677269826,W2
QSO_351.8951908+24.8565071,58660.19732600001,17.801,0.0687711965089768,W2
QSO_351.8951908+24.8565071,58819.28483900001,18.112,0.0767039304398732,W2
QSO_351.8951908+24.8565071,59024.68175679998,17.668,0.1078778458703621,W2
QSO_351.8951908+24.8565071,59187.001366,18.027,0.0520874609475541,W2
QSO_351.8951908+24.8565071,59389.22245700001,18.113,0.1545117758906707,W2
QSO_351.8951908+24.8565071,59551.03058874999,18.1305,0.051605760471956,W2
QSO_351.8951908+24.8565071,59756.00944225006,17.909,0.1130996905389224,W2
QSO_351.8951908+24.8565071,59914.81099599999,18.305,0.0740058072324885,W2
QSO_351.8951908+24.8565071,60120.001385250005,17.908,0.063867860367817,W2
QSO_351.8951908+24.8565071,60281.71790200002,18.189,0.0723901446126268,W2
QSO_351.8951908+24.8565071,60484.274303800026,17.541,0.3116324245004039,W2
QSO_351.7391757+24.9403622,55371.20621449999,17.587,0.035468103563207,W1
QSO_351.7391757+24.9403622,55550.79280275002,17.753500000000003,0.0445506565608183,W1
QSO_351.7391757+24.9403622,56648.599899500005,17.578,0.0417050843989822,W1
QSO_351.7391757+24.9403622,56836.07298799999,17.740000000000002,0.0424981511820417,W1
QSO_351.7391757+24.9403622,57012.6996635,17.554000000000002,0.0261772258883873,W1
QSO_351.7391757+24.9403622,57197.627599824846,17.615000000000002,0.063370543710664,W1
QSO_351.7391757+24.9403622,57371.66535471408,17.584,0.0476742418223229,W1
QSO_351.7391757+24.9403622,57562.19851621735,17.59,0.0455961595651696,W1
QSO_351.7391757+24.9403622,57734.29187350169,17.615000000000002,0.0455599604091891,W1
QSO_351.7391757+24.9403622,57929.442725000015,17.680999999999997,0.0289276929599471,W1
QSO_351.7391757+24.9403622,58094.77327099999,17.6295,0.026572969069812,W1
QSO_351.7391757+24.9403622,58293.2276765,17.683500000000002,0.0394847016788354,W1
QSO_351.7391757+24.9403622,58455.11536000006,17.6735,0.0297352515574558,W1
QSO_351.7391757+24.9403622,58660.06661949998,17.67,0.0419236024076622,W1
QSO_351.7391757+24.9403622,58819.18683650003,17.641,0.0332884348980119,W1
QSO_351.7391757+24.9403622,59024.55058240004,17.652,0.0421143304523715,W1
QSO_351.7391757+24.9403622,59186.968645600005,17.65,0.037520743073417,W1
QSO_351.7391757+24.9403622,59388.993839250026,17.683,0.0775634746036599,W1
QSO_351.7391757+24.9403622,59550.932677499964,17.694,0.0273711471848867,W1
QSO_351.7391757+24.9403622,59756.00936925,17.6875,0.0359279278556389,W1
QSO_351.7391757+24.9403622,59916.04787150005,17.653,0.0243924676253112,W1
QSO_351.7391757+24.9403622,60119.87171900002,17.7115,0.0238012814781055,W1
QSO_351.7391757+24.9403622,60281.75016800005,17.6535,0.0311292853661533,W1
QSO_351.7391757+24.9403622,60484.01806719998,17.698999999999998,0.0621806400739011,W1
QSO_351.7391757+24.9403622,55371.20621449999,18.143,0.0704028324346032,W2
QSO_351.7391757+24.9403622,55550.79280275002,18.5675,0.0700542718183551,W2
QSO_351.7391757+24.9403622,56648.599899500005,18.138,0.0617610939790833,W2
QSO_351.7391757+24.9403622,56836.07298799999,18.289,0.0984131214168134,W2
QSO_351.7391757+24.9403622,57012.6996635,17.977,0.0941673279979141,W2
QSO_351.7391757+24.9403622,57197.627599824846,18.127,0.0646863515285417,W2
QSO_351.7391757+24.9403622,57371.66535471408,18.115,0.0626238217897596,W2
QSO_351.7391757+24.9403622,57562.19851621735,17.873,0.0574614233774189,W2
QSO_351.7391757+24.9403622,57734.29187350169,18.161,0.0954304259177018,W2
QSO_351.7391757+24.9403622,57929.442725000015,18.186,0.0725757926580199,W2
QSO_351.7391757+24.9403622,58094.77327099999,18.1725,0.088195398070085,W2
QSO_351.7391757+24.9403622,58293.2276765,17.9685,0.1265178219037117,W2
QSO_351.7391757+24.9403622,58455.11536000006,18.121,0.0773552523714093,W2
QSO_351.7391757+24.9403622,58660.06661949998,18.057,0.0716051775023672,W2
QSO_351.7391757+24.9403622,58819.18683650003,18.187,0.0549062678637773,W2
QSO_351.7391757+24.9403622,59024.55058240004,18.079,0.098204412765933,W2
QSO_351.7391757+24.9403622,59186.968645600005,18.065,0.0595226692889249,W2
QSO_351.7391757+24.9403622,59388.993839250026,17.9755,0.1530342493740583,W2
QSO_351.7391757+24.9403622,59550.932677499964,17.994,0.1133571991332535,W2
QSO_351.7391757+24.9403622,59756.00936925,17.9765,0.0812529691765169,W2
QSO_351.7391757+24.9403622,59916.04787150005,18.157,0.0672724903876982,W2
QSO_351.7391757+24.9403622,60119.87171900002,17.9815,0.0750240561420138,W2
QSO_351.7391757+24.9403622,60281.75016800005,18.066000000000003,0.0789452459103895,W2
QSO_351.7391757+24.9403622,60484.01806719998,17.666999999999998,0.1591542647873438,W2
QSO_351.7077584+25.0282393,55371.23915575002,18.153,0.0432656929853707,W1
QSO_351.7077584+25.0282393,55550.82587175002,18.0985,0.0461369990916745,W1
QSO_351.7077584+25.0282393,56648.56701299997,18.026,0.0587117811919282,W1
QSO_351.7077584+25.0282393,56836.10581975002,18.0615,0.0511941012226995,W1
QSO_351.7077584+25.0282393,57012.73249525003,18.075,0.0409735687161045,W1
QSO_351.7077584+25.0282393,57197.693208578974,17.977,0.0620856645096864,W1
QSO_351.7077584+25.0282393,57371.69811346616,18.189,0.0562366253760152,W1
QSO_351.7077584+25.0282393,57562.06719540914,18.023,0.0557981441348086,W1
QSO_351.7077584+25.0282393,57734.35757050586,18.104,0.051474589443503,W1
QSO_351.7077584+25.0282393,57929.40991149996,18.1125,0.0920441045776428,W1
QSO_351.7077584+25.0282393,58094.74067650003,18.119,0.055496745899282,W1
QSO_351.7077584+25.0282393,58293.2276765,18.131,0.0951698530309147,W1
QSO_351.7077584+25.0282393,58455.18076799999,18.2325,0.0538403579438187,W1
QSO_351.7077584+25.0282393,58660.26273400003,18.156,0.0600979165966985,W1
QSO_351.7077584+25.0282393,58819.2195405,18.084,0.0526762338892038,W1
QSO_351.7077584+25.0282393,59024.61605979996,18.081,0.0903528436942432,W1
QSO_351.7077584+25.0282393,59186.93585200004,18.0225,0.0759470605092784,W1
QSO_351.7077584+25.0282393,59389.38572149997,18.174,0.0781456380148038,W1
QSO_351.7077584+25.0282393,59551.06323799996,18.079,0.0637626342412014,W1
QSO_351.7077584+25.0282393,59755.87906425004,18.0945,0.0692824269746665,W1
QSO_351.7077584+25.0282393,59914.81099599999,17.956,0.0550920273732067,W1
QSO_351.7077584+25.0282393,60119.93656124995,18.0635,0.0855412797827751,W1
QSO_351.7077584+25.0282393,60281.81475475004,18.09,0.0702308136610989,W1
QSO_351.7077584+25.0282393,60483.88996719997,17.972,0.0,W1
QSO_351.7077584+25.0282393,55371.23915575002,18.149,0.058512031231481,W2
QSO_351.7077584+25.0282393,55550.82587175002,18.3105,0.0349384627674937,W2
QSO_351.7077584+25.0282393,56648.56701299997,18.2115,0.0666490525807571,W2
QSO_351.7077584+25.0282393,56836.10581975002,18.098,0.0551773866724404,W2
QSO_351.7077584+25.0282393,57012.73249525003,18.199,0.0866489131121591,W2
QSO_351.7077584+25.0282393,57197.693208578974,18.376,0.0646686102720551,W2
QSO_351.7077584+25.0282393,57371.69811346616,18.243,0.0549020645002583,W2
QSO_351.7077584+25.0282393,57562.06719540914,18.185,0.0905217305606985,W2
QSO_351.7077584+25.0282393,57734.35757050586,18.308,0.0753846734139307,W2
QSO_351.7077584+25.0282393,57929.40991149996,18.162,0.0804290132469311,W2
QSO_351.7077584+25.0282393,58094.74067650003,18.063,0.0795163063478594,W2
QSO_351.7077584+25.0282393,58293.2276765,17.872999999999998,0.1346939775661575,W2
QSO_351.7077584+25.0282393,58455.18076799999,18.289,0.0775381178661323,W2
QSO_351.7077584+25.0282393,58660.26273400003,17.858,0.080382332068623,W2
QSO_351.7077584+25.0282393,58819.2195405,18.215,0.0657882010082206,W2
QSO_351.7077584+25.0282393,59024.61605979996,17.942,0.0834147531124708,W2
QSO_351.7077584+25.0282393,59186.93585200004,18.3125,0.0697972778838832,W2
QSO_351.7077584+25.0282393,59389.38572149997,17.983999999999998,0.1870153489442527,W2
QSO_351.7077584+25.0282393,59551.06323799996,18.336,0.0723868209818047,W2
QSO_351.7077584+25.0282393,59755.87906425004,18.032,0.0714105646945885,W2
QSO_351.7077584+25.0282393,59914.81099599999,18.307,0.1031413507858191,W2
QSO_351.7077584+25.0282393,60119.93656124995,17.926000000000002,0.1023761065263766,W2
QSO_351.7077584+25.0282393,60281.81475475004,18.342,0.0789940662328505,W2
QSO_351.7077584+25.0282393,60483.88996719997,17.091,0.0,W2
QSO_351.943785+24.9032952,55371.470565750016,18.157,0.0655664847409314,W1
QSO_351.943785+24.9032952,55550.89199149998,18.189,0.0322747409452096,W1
QSO_351.943785+24.9032952,56648.66570900001,18.127,0.0317266400134949,W1
QSO_351.943785+24.9032952,56836.20442450002,17.994999999999997,0.0538941450917583,W1
QSO_351.943785+24.9032952,57012.83099050003,18.113,0.0357549822101031,W1
QSO_351.943785+24.9032952,57197.88987059142,18.006,0.0301046155728299,W1
QSO_351.943785+24.9032952,57371.82918497445,18.049,0.0429562871248235,W1
QSO_351.943785+24.9032952,57562.39538762988,18.063,0.0369136452450844,W1
QSO_351.943785+24.9032952,57734.42315771004,18.117,0.0651881970684651,W1
QSO_351.943785+24.9032952,57929.60624500002,18.0655,0.0703216965096833,W1
QSO_351.943785+24.9032952,58094.93679099999,18.145,0.050917546523295,W1
QSO_351.943785+24.9032952,58293.423900500056,18.2185,0.0381668486167421,W1
QSO_351.943785+24.9032952,58455.27877049998,18.021,0.0412490796575996,W1
QSO_351.943785+24.9032952,58660.19732600001,18.172,0.0484320376066022,W1
QSO_351.943785+24.9032952,58819.44828600004,18.0965,0.0588446769045426,W1
QSO_351.943785+24.9032952,59024.81282140002,18.088,0.0384052465551643,W1
QSO_351.943785+24.9032952,59187.03408639999,18.178,0.0486347647841008,W1
QSO_351.943785+24.9032952,59389.28773724997,18.0935,0.0762526562986013,W1
QSO_351.943785+24.9032952,59551.06323799996,18.156,0.0470715043461802,W1
QSO_351.943785+24.9032952,59756.107244000006,18.081,0.0499240047472153,W1
QSO_351.943785+24.9032952,59917.284747000034,18.082,0.0331997322613034,W1
QSO_351.943785+24.9032952,60119.9042405,17.857,0.062090104419843,W1
QSO_351.943785+24.9032952,60281.782434,18.12,0.0725045556743761,W1
QSO_351.943785+24.9032952,60484.40242210001,18.023,0.0279586748613017,W1
QSO_351.943785+24.9032952,55371.470565750016,18.055,0.0797829805133389,W2
QSO_351.943785+24.9032952,55550.89199149998,18.146,0.0864738487718251,W2
QSO_351.943785+24.9032952,56648.66570900001,18.137,0.0598921141458656,W2
QSO_351.943785+24.9032952,56836.20442450002,18.144,0.0856613743541476,W2
QSO_351.943785+24.9032952,57012.83099050003,18.067,0.0765478421892642,W2
QSO_351.943785+24.9032952,57197.88987059142,18.159,0.0807699457937079,W2
QSO_351.943785+24.9032952,57371.82918497445,18.204,0.0565503952305221,W2
QSO_351.943785+24.9032952,57562.39538762988,18.075,0.0549339405495898,W2
QSO_351.943785+24.9032952,57734.42315771004,18.306,0.0779314798753082,W2
QSO_351.943785+24.9032952,57929.60624500002,18.222,0.078707998322915,W2
QSO_351.943785+24.9032952,58094.93679099999,18.285,0.0765662110410204,W2
QSO_351.943785+24.9032952,58293.423900500056,18.242,0.1363815454008568,W2
QSO_351.943785+24.9032952,58455.27877049998,18.311,0.0891275162655551,W2
QSO_351.943785+24.9032952,58660.19732600001,18.114,0.0608820314784361,W2
QSO_351.943785+24.9032952,58819.44828600004,18.1045,0.1201316985645338,W2
QSO_351.943785+24.9032952,59024.81282140002,17.857,0.0775500015698532,W2
QSO_351.943785+24.9032952,59187.03408639999,18.277,0.1111991938200808,W2
QSO_351.943785+24.9032952,59389.28773724997,18.116,0.0846778207875792,W2
QSO_351.943785+24.9032952,59551.06323799996,18.188,0.069399950417536,W2
QSO_351.943785+24.9032952,59756.107244000006,18.017000000000003,0.0986809489592595,W2
QSO_351.943785+24.9032952,59917.284747000034,18.098,0.0912726210756801,W2
QSO_351.943785+24.9032952,60119.9042405,17.89,0.0895443260406298,W2
QSO_351.943785+24.9032952,60281.782434,18.066,0.0803103952129717,W2
QSO_351.943785+24.9032952,60484.40242210001,17.603499999999997,0.0718151925082709,W2
QSO_351.8438932+25.0953349,55371.50359825,17.6075,0.032180304869351,W1
QSO_351.8438932+25.0953349,55550.95801999999,17.616999999999997,0.0360891149079389,W1
QSO_351.8438932+25.0953349,56648.79740099999,17.619999999999997,0.0346796852015718,W1
QSO_351.8438932+25.0953349,56836.20442450002,17.683,0.0476145461362025,W1
QSO_351.8438932+25.0953349,57012.86382224997,17.561999999999998,0.0146453706155382,W1
QSO_351.8438932+25.0953349,57197.88979759144,17.605,0.0578478275262919,W1
QSO_351.8438932+25.0953349,57371.82918497445,17.613,0.0437941142440568,W1
QSO_351.8438932+25.0953349,57562.3298004257,17.607,0.0492749671697371,W1
QSO_351.8438932+25.0953349,57734.456024512096,17.6435,0.034136258487399,W1
QSO_351.8438932+25.0953349,57929.60624500002,17.601,0.0238475155938726,W1
QSO_351.8438932+25.0953349,58094.83878849993,17.633499999999998,0.0314875324386345,W1
QSO_351.8438932+25.0953349,58293.325788499984,17.741999999999997,0.0414358299060126,W1
QSO_351.8438932+25.0953349,58455.37693725005,17.664,0.033892975618796,W1
QSO_351.8438932+25.0953349,58660.19732600001,17.643,0.0305411935316994,W1
QSO_351.8438932+25.0953349,58819.28494850001,17.653,0.0311876578882039,W1
QSO_351.8438932+25.0953349,59024.81267499999,17.564,0.0545895964637367,W1
QSO_351.8438932+25.0953349,59187.06687999996,17.5985,0.0460192378753671,W1
QSO_351.8438932+25.0953349,59389.451001749934,17.628,0.0728306039725058,W1
QSO_351.8438932+25.0953349,59551.12850000003,17.567,0.031902888033949,W1
QSO_351.8438932+25.0953349,59756.0419455,17.588,0.0380532800977824,W1
QSO_351.8438932+25.0953349,59917.34984475002,17.6255,0.030888241368043,W1
QSO_351.8438932+25.0953349,60119.9689915,17.659,0.0227290145399488,W1
QSO_351.8438932+25.0953349,60281.81475475004,17.566000000000003,0.0355646906667585,W1
QSO_351.8438932+25.0953349,60484.274303800026,17.644,0.0543190574292305,W1
QSO_351.8438932+25.0953349,55371.50359825,18.128,0.0586534258610217,W2
QSO_351.8438932+25.0953349,55550.95801999999,18.317500000000003,0.0763420209757815,W2
QSO_351.8438932+25.0953349,56648.79740099999,18.059,0.0545731811772524,W2
QSO_351.8438932+25.0953349,56836.20442450002,18.133,0.1037107461066668,W2
QSO_351.8438932+25.0953349,57012.86382224997,17.9835,0.0762537290585534,W2
QSO_351.8438932+25.0953349,57197.88979759144,18.192,0.0978021354622522,W2
QSO_351.8438932+25.0953349,57371.82918497445,18.196,0.0927836447534145,W2
QSO_351.8438932+25.0953349,57562.3298004257,18.012999999999998,0.0598074051209977,W2
QSO_351.8438932+25.0953349,57734.456024512096,18.052,0.061895310920044,W2
QSO_351.8438932+25.0953349,57929.60624500002,18.1205,0.0708591843023896,W2
QSO_351.8438932+25.0953349,58094.83878849993,18.39,0.0701502809780282,W2
QSO_351.8438932+25.0953349,58293.325788499984,17.891,0.1476063413271941,W2
QSO_351.8438932+25.0953349,58455.37693725005,18.2375,0.0434125611195995,W2
QSO_351.8438932+25.0953349,58660.19732600001,17.94,0.0658510491621675,W2
QSO_351.8438932+25.0953349,58819.28494850001,18.089,0.1003712408057359,W2
QSO_351.8438932+25.0953349,59024.81267499999,17.903,0.1023656767701757,W2
QSO_351.8438932+25.0953349,59187.06687999996,18.1505,0.0924162032850821,W2
QSO_351.8438932+25.0953349,59389.451001749934,17.9065,0.0949614230885364,W2
QSO_351.8438932+25.0953349,59551.12850000003,18.078,0.0741043071531177,W2
QSO_351.8438932+25.0953349,59756.0419455,17.980999999999998,0.0614853189342336,W2
QSO_351.8438932+25.0953349,59917.34984475002,18.118,0.0703054274868648,W2
QSO_351.8438932+25.0953349,60119.9689915,18.09,0.0585768249755382,W2
QSO_351.8438932+25.0953349,60281.81475475004,18.243,0.0888185833074404,W2
QSO_351.8438932+25.0953349,60484.274303800026,17.541999999999998,0.0680466898533647,W2
QSO_351.7676968+25.0688002,55371.40444599997,17.688000000000002,0.0329474283827589,W1
QSO_351.7676968+25.0688002,55550.82592650002,17.682000000000002,0.0392201591856977,W1
QSO_351.7676968+25.0688002,57013.22497150002,17.543,0.0,W1
QSO_351.7676968+25.0688002,55371.40444599997,18.374,0.082799187686121,W2
QSO_351.7676968+25.0688002,55550.82592650002,18.292,0.0743922230814232,W2
QSO_351.7676968+25.0688002,57013.22497150002,18.519,0.0,W2
QSO_351.7807617+25.0246599,55371.33830800004,17.734,0.0409341440382982,W1
QSO_351.7807617+25.0246599,55550.89199149998,17.747999999999998,0.0422242056906442,W1
QSO_351.7807617+25.0246599,56648.66581850001,17.701999999999998,0.0340904019600963,W1
QSO_351.7807617+25.0246599,56836.17153799999,17.697,0.0446428157714094,W1
QSO_351.7807617+25.0246599,57012.79815875,17.641,0.0347593162971374,W1
QSO_351.7807617+25.0246599,57197.88979759144,17.73,0.0557455041429913,W1
QSO_351.7807617+25.0246599,57371.76366747028,17.686999999999998,0.0382830239913976,W1
QSO_351.7807617+25.0246599,57562.29689702361,17.753,0.0138279507600448,W1
QSO_351.7807617+25.0246599,57734.390364107945,17.666999999999998,0.0390018399376044,W1
QSO_351.7807617+25.0246599,57929.40991149996,17.73,0.0407362369396095,W1
QSO_351.7807617+25.0246599,58094.80597499996,17.694,0.0410002719886178,W1
QSO_351.7807617+25.0246599,58293.26038049997,17.655,0.0123558353285675,W1
QSO_351.7807617+25.0246599,58455.27882524997,17.628500000000003,0.061054790966803,W1
QSO_351.7807617+25.0246599,58660.13197275,17.692,0.0278648909640339,W1
QSO_351.7807617+25.0246599,58819.25224449996,17.688000000000002,0.0572211839172249,W1
QSO_351.7807617+25.0246599,59024.64890829993,17.7545,0.0250915125092132,W1
QSO_351.7807617+25.0246599,59186.968645600005,17.671,0.0350250966658153,W1
QSO_351.7807617+25.0246599,59389.28773724997,17.604,0.0311468296942076,W1
QSO_351.7807617+25.0246599,59551.03058874999,17.704,0.0393735890399757,W1
QSO_351.7807617+25.0246599,59756.00936925,17.749499999999998,0.0303540606838693,W1
QSO_351.7807617+25.0246599,59914.81114200002,17.694,0.0403454247710254,W1
QSO_351.7807617+25.0246599,60119.93654299998,17.7025,0.0601507750635079,W1
QSO_351.7807617+25.0246599,60281.71790200002,17.695999999999998,0.0412085739075702,W1
QSO_351.7807617+25.0246599,60484.14618550004,17.866,0.0890929991637947,W1
QSO_351.7807617+25.0246599,55371.33830800004,17.973,0.0508958654081671,W2
QSO_351.7807617+25.0246599,55550.89199149998,18.304,0.0851721904646696,W2
QSO_351.7807617+25.0246599,56648.66581850001,17.919999999999998,0.0610104581399165,W2
QSO_351.7807617+25.0246599,56836.17153799999,18.172,0.0798407414795228,W2
QSO_351.7807617+25.0246599,57012.79815875,17.9865,0.0748021889843596,W2
QSO_351.7807617+25.0246599,57197.88979759144,18.328,0.0835088409775424,W2
QSO_351.7807617+25.0246599,57371.76366747028,18.123,0.0489790885083737,W2
QSO_351.7807617+25.0246599,57562.29689702361,18.116,0.0639287933954646,W2
QSO_351.7807617+25.0246599,57734.390364107945,18.136,0.0535427042701016,W2
QSO_351.7807617+25.0246599,57929.40991149996,17.964999999999996,0.0772800685817502,W2
QSO_351.7807617+25.0246599,58094.80597499996,18.079,0.0490490822702332,W2
QSO_351.7807617+25.0246599,58293.26038049997,17.677,0.189688048003968,W2
QSO_351.7807617+25.0246599,58455.27882524997,17.9075,0.0727923662753378,W2
QSO_351.7807617+25.0246599,58660.13197275,17.9425,0.0711982268037624,W2
QSO_351.7807617+25.0246599,58819.25224449996,18.0325,0.0879379614810602,W2
QSO_351.7807617+25.0246599,59024.64890829993,17.877000000000002,0.0837092647202208,W2
QSO_351.7807617+25.0246599,59186.968645600005,18.141,0.0651724926685885,W2
QSO_351.7807617+25.0246599,59389.28773724997,17.985500000000002,0.0876987029550611,W2
QSO_351.7807617+25.0246599,59551.03058874999,18.254,0.0570075683328294,W2
QSO_351.7807617+25.0246599,59756.00936925,18.024,0.0951914124278027,W2
QSO_351.7807617+25.0246599,59914.81114200002,18.157,0.0830383923358927,W2
QSO_351.7807617+25.0246599,60119.93654299998,17.8695,0.0672951753471228,W2
QSO_351.7807617+25.0246599,60281.71790200002,17.934,0.0874789681466455,W2
QSO_351.7807617+25.0246599,60484.14618550004,17.729,0.1930561365898532,W2
QSO_351.7865071+24.8766582,55371.33830800004,17.847,0.045098200670356,W1
QSO_351.7865071+24.8766582,55550.75978850001,17.875999999999998,0.0367925734838056,W1
QSO_351.7865071+24.8766582,56648.53412650002,17.893,0.0449681751905891,W1
QSO_351.7865071+24.8766582,56836.138760999966,17.838,0.032325292793474,W1
QSO_351.7865071+24.8766582,57012.6996635,17.829,0.0434086655400629,W1
QSO_351.7865071+24.8766582,57197.75874433312,17.8965,0.0443604958038452,W1
QSO_351.7865071+24.8766582,57371.69811346616,17.828,0.0505649557241257,W1
QSO_351.7865071+24.8766582,57562.1328558132,17.8625,0.0304342319905047,W1
QSO_351.7865071+24.8766582,57734.29187350169,17.872999999999998,0.0209175288502207,W1
QSO_351.7865071+24.8766582,57929.37735350003,17.893,0.0542574213227559,W1
QSO_351.7865071+24.8766582,58094.77327099999,17.868,0.0354939027106013,W1
QSO_351.7865071+24.8766582,58293.26038049997,17.88,0.0634377805412519,W1
QSO_351.7865071+24.8766582,58455.18076799999,17.9105,0.0327503180646131,W1
QSO_351.7865071+24.8766582,58660.09932349995,17.854,0.0357192284526135,W1
QSO_351.7865071+24.8766582,58819.25218975004,17.884,0.0432755156483388,W1
QSO_351.7865071+24.8766582,59024.61616959997,17.874000000000002,0.0247055638146938,W1
QSO_351.7865071+24.8766582,59186.93585200004,17.91,0.0341184280064254,W1
QSO_351.7865071+24.8766582,59388.993839250026,18.0215,0.037456208999211,W1
QSO_351.7865071+24.8766582,59550.932677499964,17.917,0.0411751860092954,W1
QSO_351.7865071+24.8766582,59755.91164050003,17.811,0.0409698607814992,W1
QSO_351.7865071+24.8766582,59916.04787150005,17.897,0.0298442329561467,W1
QSO_351.7865071+24.8766582,60119.87171900002,17.773,0.0287350101824441,W1
QSO_351.7865071+24.8766582,60281.68563599998,17.794,0.0728161795207632,W1
QSO_351.7865071+24.8766582,60484.01806719998,17.811,0.0702654395844788,W1
QSO_351.7865071+24.8766582,55371.33830800004,18.348,0.0765193057218121,W2
QSO_351.7865071+24.8766582,55550.75978850001,18.436,0.0899075992823479,W2
QSO_351.7865071+24.8766582,56648.53412650002,18.304,0.0760576848369443,W2
QSO_351.7865071+24.8766582,56836.138760999966,18.144,0.1162660257844686,W2
QSO_351.7865071+24.8766582,57012.6996635,18.307,0.0864953081096808,W2
QSO_351.7865071+24.8766582,57197.75874433312,18.181,0.063172639705868,W2
QSO_351.7865071+24.8766582,57371.69811346616,18.199,0.046318365555258,W2
QSO_351.7865071+24.8766582,57562.1328558132,18.0865,0.0832648155819064,W2
QSO_351.7865071+24.8766582,57734.29187350169,18.159,0.055944035368474,W2
QSO_351.7865071+24.8766582,57929.37735350003,18.402,0.0600619639968468,W2
QSO_351.7865071+24.8766582,58094.77327099999,18.4115,0.075985774740822,W2
QSO_351.7865071+24.8766582,58293.26038049997,17.884999999999998,0.1077817795362466,W2
QSO_351.7865071+24.8766582,58455.18076799999,18.2295,0.1097743476747069,W2
QSO_351.7865071+24.8766582,58660.09932349995,17.9915,0.0628906366459617,W2
QSO_351.7865071+24.8766582,58819.25218975004,18.1125,0.0599633520407503,W2
QSO_351.7865071+24.8766582,59024.61616959997,17.711,0.0707175063647411,W2
QSO_351.7865071+24.8766582,59186.93585200004,18.238,0.055209004188796,W2
QSO_351.7865071+24.8766582,59388.993839250026,18.0015,0.1314587845563661,W2
QSO_351.7865071+24.8766582,59550.932677499964,18.131,0.0986266095645582,W2
QSO_351.7865071+24.8766582,59755.91164050003,17.964,0.0883474404450758,W2
QSO_351.7865071+24.8766582,59916.04787150005,18.1185,0.0811733684205646,W2
QSO_351.7865071+24.8766582,60119.87171900002,17.877000000000002,0.0940859782129955,W2
QSO_351.7865071+24.8766582,60281.68563599998,18.409,0.1182448349823366,W2
QSO_351.7865071+24.8766582,60484.01806719998,17.714,0.1108192763015531,W2
QSO_351.9461377+25.0245646,55371.470511000014,17.534,0.0266664352895439,W1
QSO_351.9461377+25.0245646,55550.99105250005,17.527,0.0367198039210451,W1
QSO_351.9461377+25.0245646,56648.76451450004,17.5205,0.0224645430118168,W1
QSO_351.9461377+25.0245646,56836.336007,17.663,0.0415056231650612,W1
QSO_351.9461377+25.0245646,57012.92948575002,17.53,0.0224597550669556,W1
QSO_351.9461377+25.0245646,57197.92262934351,17.5865,0.0462145539846484,W1
QSO_351.9461377+25.0245646,57371.894738978575,17.570999999999998,0.0290489361569839,W1
QSO_351.9461377+25.0245646,57562.39538762988,17.525,0.020496255639037,W1
QSO_351.9461377+25.0245646,57734.48874491413,17.522,0.0337679134084106,W1
QSO_351.9461377+25.0245646,57929.704357,17.532,0.0376859576627512,W1
QSO_351.9461377+25.0245646,58094.90419650004,17.6005,0.0301682396766065,W1
QSO_351.9461377+25.0245646,58293.65268250004,17.519,0.0270022221307802,W1
QSO_351.9461377+25.0245646,58455.37688249996,17.547,0.0170926803697435,W1
QSO_351.9461377+25.0245646,58660.13197275,17.6285,0.0296495110559916,W1
QSO_351.9461377+25.0245646,58819.38295099999,17.562,0.022160041060997,W1
QSO_351.9461377+25.0245646,59025.0092902,17.593,0.0550771500299205,W1
QSO_351.9461377+25.0245646,59187.13241229997,17.5585,0.0418230952500685,W1
QSO_351.9461377+25.0245646,59389.41835249997,17.561,0.017832554500127,W1
QSO_351.9461377+25.0245646,59551.16089375004,17.4865,0.030636644724904,W1
QSO_351.9461377+25.0245646,59756.107244000006,17.6235,0.0520115852479041,W1
QSO_351.9461377+25.0245646,59917.74044950003,17.522,0.0348105314945079,W1
QSO_351.9461377+25.0245646,60120.03377900002,17.628999999999998,0.0488236377121911,W1
QSO_351.9461377+25.0245646,60281.91157100003,17.536,0.0300352385633201,W1
QSO_351.9461377+25.0245646,60484.56249220004,17.625999999999998,0.0632905008670333,W1
QSO_351.9461377+25.0245646,55371.470511000014,18.32,0.0889234454651359,W2
QSO_351.9461377+25.0245646,55550.99105250005,18.2145,0.0634301584421795,W2
QSO_351.9461377+25.0245646,56648.76451450004,18.168,0.0685095652308545,W2
QSO_351.9461377+25.0245646,56836.336007,17.951999999999998,0.0959559518905975,W2
QSO_351.9461377+25.0245646,57012.92948575002,18.395,0.0800934153031766,W2
QSO_351.9461377+25.0245646,57197.92262934351,18.22,0.0956532278598061,W2
QSO_351.9461377+25.0245646,57371.894738978575,18.287,0.0718581265444481,W2
QSO_351.9461377+25.0245646,57562.39538762988,18.1,0.0739022654176742,W2
QSO_351.9461377+25.0245646,57734.48874491413,17.933,0.060662322370413,W2
QSO_351.9461377+25.0245646,57929.704357,18.207,0.077022170352244,W2
QSO_351.9461377+25.0245646,58094.90419650004,18.0525,0.09290881568725,W2
QSO_351.9461377+25.0245646,58293.65268250004,18.012,0.0475229628705956,W2
QSO_351.9461377+25.0245646,58455.37688249996,18.492,0.0965169428371497,W2
QSO_351.9461377+25.0245646,58660.13197275,17.928,0.0937979239488241,W2
QSO_351.9461377+25.0245646,58819.38295099999,18.3345,0.0646093582160991,W2
QSO_351.9461377+25.0245646,59025.0092902,17.941,0.0864477926293096,W2
QSO_351.9461377+25.0245646,59187.13241229997,18.092,0.0913856392954847,W2
QSO_351.9461377+25.0245646,59389.41835249997,17.8845,0.1205001152604337,W2
QSO_351.9461377+25.0245646,59551.16089375004,18.3215,0.0547534565118951,W2
QSO_351.9461377+25.0245646,59756.107244000006,18.0295,0.0815882099325631,W2
QSO_351.9461377+25.0245646,59917.74044950003,18.071,0.0890316551139064,W2
QSO_351.9461377+25.0245646,60120.03377900002,17.995,0.125027612862328,W2
QSO_351.9461377+25.0245646,60281.91157100003,18.235,0.0553390197881306,W2
QSO_351.9461377+25.0245646,60484.56249220004,17.605999999999998,0.4417953959413787,W2
QSO_351.8309211+25.0032262,55371.33830800004,17.3915,0.0192701859357683,W1
QSO_351.8309211+25.0032262,55550.89199149998,17.5,0.0345411711676784,W1
QSO_351.8309211+25.0032262,56648.66576375001,17.396,0.0299002322547648,W1
QSO_351.8309211+25.0032262,56836.20442450002,17.413,0.0439004853868985,W1
QSO_351.8309211+25.0032262,57012.83099050003,17.424,0.0316863147027865,W1
QSO_351.8309211+25.0032262,57197.82428008727,17.430999999999997,0.0322382891567398,W1
QSO_351.8309211+25.0032262,57371.79642622237,17.412,0.0182016738197176,W1
QSO_351.8309211+25.0032262,57562.296951923614,17.415,0.0300296075958631,W1
QSO_351.8309211+25.0032262,57734.42315771004,17.472,0.0230209456124102,W1
QSO_351.8309211+25.0032262,57929.475429000064,17.4645,0.0336237608197934,W1
QSO_351.8309211+25.0032262,58094.83873375001,17.490499999999997,0.0295675648170901,W1
QSO_351.8309211+25.0032262,58293.293084500016,17.4025,0.044600133127604,W1
QSO_351.8309211+25.0032262,58455.21347199996,17.436999999999998,0.0243278076260854,W1
QSO_351.8309211+25.0032262,58660.19732600001,17.477,0.032062281982509,W1
QSO_351.8309211+25.0032262,58819.28489375001,17.4985,0.0282819003819197,W1
QSO_351.8309211+25.0032262,59024.74716099994,17.362,0.033976241699164,W1
QSO_351.8309211+25.0032262,59187.001366,17.478,0.024281468223196,W1
QSO_351.8309211+25.0032262,59389.28773724997,17.478,0.0722092229220064,W1
QSO_351.8309211+25.0032262,59551.06323799996,17.528,0.0526828646237626,W1
QSO_351.8309211+25.0032262,59756.04209150003,17.384,0.0285217304162178,W1
QSO_351.8309211+25.0032262,59917.41494249999,17.473,0.0316225390141901,W1
QSO_351.8309211+25.0032262,60119.9689915,17.407,0.0443586570840692,W1
QSO_351.8309211+25.0032262,60281.8470755,17.475,0.0380136817474972,W1
QSO_351.8309211+25.0032262,60484.40234890003,17.572,0.059582536902214,W1
QSO_351.8309211+25.0032262,55371.33830800004,18.1825,0.0486100739787202,W2
QSO_351.8309211+25.0032262,55550.89199149998,18.0905,0.0242102438874727,W2
QSO_351.8309211+25.0032262,56648.66576375001,18.0475,0.0720186607762183,W2
QSO_351.8309211+25.0032262,56836.20442450002,18.085,0.0778652653295028,W2
QSO_351.8309211+25.0032262,57012.83099050003,18.047,0.0766404957563697,W2
QSO_351.8309211+25.0032262,57197.82428008727,18.15,0.0455131192849637,W2
QSO_351.8309211+25.0032262,57371.79642622237,18.204500000000003,0.0585463236391646,W2
QSO_351.8309211+25.0032262,57562.296951923614,18.2125,0.0787127786996003,W2
QSO_351.8309211+25.0032262,57734.42315771004,17.961,0.0982239655479451,W2
QSO_351.8309211+25.0032262,57929.475429000064,18.036,0.0654845542998641,W2
QSO_351.8309211+25.0032262,58094.83873375001,18.1825,0.0867101354788018,W2
QSO_351.8309211+25.0032262,58293.293084500016,18.1055,0.0472604155186981,W2
QSO_351.8309211+25.0032262,58455.21347199996,17.973,0.0690089008729994,W2
QSO_351.8309211+25.0032262,58660.19732600001,17.945999999999998,0.0682851407294768,W2
QSO_351.8309211+25.0032262,58819.28489375001,18.12,0.0502142203965086,W2
QSO_351.8309211+25.0032262,59024.74716099994,17.9095,0.0741623152281535,W2
QSO_351.8309211+25.0032262,59187.001366,18.038,0.065538050864449,W2
QSO_351.8309211+25.0032262,59389.28773724997,17.8455,0.1180079446478077,W2
QSO_351.8309211+25.0032262,59551.06323799996,18.102,0.0614497240604516,W2
QSO_351.8309211+25.0032262,59756.04209150003,17.924,0.0767547637875797,W2
QSO_351.8309211+25.0032262,59917.41494249999,18.109,0.0542755443154999,W2
QSO_351.8309211+25.0032262,60119.9689915,17.871,0.089580850494717,W2
QSO_351.8309211+25.0032262,60281.8470755,18.174,0.0612909902145616,W2
QSO_351.8309211+25.0032262,60484.40234890003,17.3795,0.2945704421193179,W2
QSO_351.7496777+24.8708426,55371.272243,17.546,0.0286204264820842,W1
QSO_351.7496777+24.8708426,55550.75978850001,17.589,0.0234014390125642,W1
QSO_351.7496777+24.8708426,56648.5339805,17.631999999999998,0.0264819938826365,W1
QSO_351.7496777+24.8708426,56836.07298799999,17.607,0.0282892661423935,W1
QSO_351.7496777+24.8708426,57012.66683174997,17.549,0.0344932477960325,W1
QSO_351.7496777+24.8708426,57197.627654574855,17.605,0.0411818090598936,W1
QSO_351.7496777+24.8708426,57371.66535471408,17.6255,0.0360425778743012,W1
QSO_351.7496777+24.8708426,57562.19851621735,17.589,0.0178480709423633,W1
QSO_351.7496777+24.8708426,57734.29187350169,17.566000000000003,0.034652812735814,W1
QSO_351.7496777+24.8708426,57929.344503500026,17.609,0.0517888887696965,W1
QSO_351.7496777+24.8708426,58094.74056700003,17.668,0.0266242417796521,W1
QSO_351.7496777+24.8708426,58293.2276765,17.717,0.0328789164685846,W1
QSO_351.7496777+24.8708426,58455.14806400003,17.689,0.0379832103365166,W1
QSO_351.7496777+24.8708426,58660.06661949998,17.587,0.0336553756024317,W1
QSO_351.7496777+24.8708426,58819.18683650003,17.584,0.0341931723068716,W1
QSO_351.7496777+24.8708426,59024.61616959997,17.625999999999998,0.0513903269735385,W1
QSO_351.7496777+24.8708426,59186.90305839999,17.596,0.0415996987505707,W1
QSO_351.7496777+24.8708426,59388.83057475006,17.704,0.0475952170653731,W1
QSO_351.7496777+24.8708426,59550.932677499964,17.677999999999997,0.0267115262548026,W1
QSO_351.7496777+24.8708426,59755.91164050003,17.658,0.0340064546443169,W1
QSO_351.7496777+24.8708426,59917.284747000034,17.567,0.022992884454728,W1
QSO_351.7496777+24.8708426,60119.83934349997,17.561999999999998,0.0355327859190841,W1
QSO_351.7496777+24.8708426,60281.71790200002,17.641,0.0393948018553606,W1
QSO_351.7496777+24.8708426,60484.14618550004,17.7245,0.0607786712177881,W1
QSO_351.7496777+24.8708426,55371.272243,18.27,0.082523545970277,W2
QSO_351.7496777+24.8708426,55550.75978850001,18.249,0.063571560865406,W2
QSO_351.7496777+24.8708426,56648.5339805,18.174,0.0837403641775732,W2
QSO_351.7496777+24.8708426,56836.07298799999,18.218,0.0683006144694165,W2
QSO_351.7496777+24.8708426,57012.66683174997,17.991500000000002,0.098813200591374,W2
QSO_351.7496777+24.8708426,57197.627654574855,18.184,0.0628339373383726,W2
QSO_351.7496777+24.8708426,57371.66535471408,18.2675,0.0729591347937613,W2
QSO_351.7496777+24.8708426,57562.19851621735,18.233,0.0725830180924019,W2
QSO_351.7496777+24.8708426,57734.29187350169,18.206,0.0678307324482259,W2
QSO_351.7496777+24.8708426,57929.344503500026,18.0245,0.0588625177850897,W2
QSO_351.7496777+24.8708426,58094.74056700003,18.234,0.0937615245533721,W2
QSO_351.7496777+24.8708426,58293.2276765,18.176,0.1277965867799003,W2
QSO_351.7496777+24.8708426,58455.14806400003,18.142,0.0615711764309601,W2
QSO_351.7496777+24.8708426,58660.06661949998,17.96,0.0733080182545061,W2
QSO_351.7496777+24.8708426,58819.18683650003,18.217,0.0970678695361977,W2
QSO_351.7496777+24.8708426,59024.61616959997,17.858999999999998,0.0908760895331329,W2
QSO_351.7496777+24.8708426,59186.90305839999,18.258,0.1112879790228092,W2
QSO_351.7496777+24.8708426,59388.83057475006,17.954,0.078522289829067,W2
QSO_351.7496777+24.8708426,59550.932677499964,18.11,0.0686095673158832,W2
QSO_351.7496777+24.8708426,59755.91164050003,18.099,0.0910770186140055,W2
QSO_351.7496777+24.8708426,59917.284747000034,18.44,0.0871323187167209,W2
QSO_351.7496777+24.8708426,60119.83934349997,17.835,0.0953385131977914,W2
QSO_351.7496777+24.8708426,60281.71790200002,18.11,0.0836326355618983,W2
QSO_351.7496777+24.8708426,60484.14618550004,17.439,0.1142532822285645,W2
QSO_351.7549588+24.7416121,55371.23922875,17.5145,0.0300007715950156,W1
QSO_351.7549588+24.7416121,55550.72670125003,17.5615,0.0299269276739192,W1
QSO_351.7549588+24.7416121,56648.40228850001,17.441000000000003,0.0288458688229031,W1
QSO_351.7549588+24.7416121,56836.07298799999,17.527,0.0238042353970877,W1
QSO_351.7549588+24.7416121,57012.66672224997,17.526,0.0303383981577435,W1
QSO_351.7549588+24.7416121,57197.627654574855,17.564,0.0362513478160433,W1
QSO_351.7549588+24.7416121,57371.59981895984,17.479499999999998,0.047279213974791,W1
QSO_351.7549588+24.7416121,57562.06719540914,17.474,0.04897718691868,W1
QSO_351.7549588+24.7416121,57734.22628629751,17.567999999999998,0.069307349106139,W1
QSO_351.7549588+24.7416121,57929.37735350003,17.424,0.033915992030338,W1
QSO_351.7549588+24.7416121,58094.64245499996,17.4805,0.0424595123050795,W1
QSO_351.7549588+24.7416121,58293.2276765,17.604,0.0487836422379468,W1
QSO_351.7549588+24.7416121,58455.11536000006,17.4985,0.0206924673975116,W1
QSO_351.7549588+24.7416121,58660.06661949998,17.569,0.0476153850020021,W1
QSO_351.7549588+24.7416121,58819.12142849993,17.4915,0.0277820809753988,W1
QSO_351.7549588+24.7416121,59024.55072879999,17.439,0.0237594829815398,W1
QSO_351.7549588+24.7416121,59186.96849919997,17.441000000000003,0.0266260716179192,W1
QSO_351.7549588+24.7416121,59388.79792550002,17.53,0.0459442557407179,W1
QSO_351.7549588+24.7416121,59550.89990050002,17.5535,0.0245456278636792,W1
QSO_351.7549588+24.7416121,59755.84648799997,17.514,0.0625781705936042,W1
QSO_351.7549588+24.7416121,59914.7458435,17.500999999999998,0.020237641418345,W1
QSO_351.7549588+24.7416121,60119.9042405,17.524,0.0328605417263461,W1
QSO_351.7549588+24.7416121,60281.62099450008,17.411,0.0275533468256816,W1
QSO_351.7549588+24.7416121,60484.050165399975,17.505000000000003,0.0410620578221863,W1
QSO_351.7549588+24.7416121,55371.23922875,18.0675,0.068820670748128,W2
QSO_351.7549588+24.7416121,55550.72670125003,18.199,0.084693895883942,W2
QSO_351.7549588+24.7416121,56648.40228850001,18.198,0.059795562823117,W2
QSO_351.7549588+24.7416121,56836.07298799999,18.136,0.0782847486953047,W2
QSO_351.7549588+24.7416121,57012.66672224997,18.065,0.0792509602407067,W2
QSO_351.7549588+24.7416121,57197.627654574855,18.042,0.0517783782593289,W2
QSO_351.7549588+24.7416121,57371.59981895984,18.175,0.0918332072997724,W2
QSO_351.7549588+24.7416121,57562.06719540914,17.887999999999998,0.0605680224983561,W2
QSO_351.7549588+24.7416121,57734.22628629751,18.213,0.084260918159464,W2
QSO_351.7549588+24.7416121,57929.37735350003,18.169,0.0782741814591211,W2
QSO_351.7549588+24.7416121,58094.64245499996,17.999499999999998,0.0660686196314107,W2
QSO_351.7549588+24.7416121,58293.2276765,17.881500000000003,0.0806539676643375,W2
QSO_351.7549588+24.7416121,58455.11536000006,18.165,0.0663255098037614,W2
QSO_351.7549588+24.7416121,58660.06661949998,17.875,0.0506327839923386,W2
QSO_351.7549588+24.7416121,58819.12142849993,18.0875,0.0959911640278864,W2
QSO_351.7549588+24.7416121,59024.55072879999,17.883,0.0819993643121669,W2
QSO_351.7549588+24.7416121,59186.96849919997,18.256,0.068506346267579,W2
QSO_351.7549588+24.7416121,59388.79792550002,18.108,0.0673127680782455,W2
QSO_351.7549588+24.7416121,59550.89990050002,18.413,0.1074654660292732,W2
QSO_351.7549588+24.7416121,59755.84648799997,17.95,0.0738470409666739,W2
QSO_351.7549588+24.7416121,59914.7458435,18.19,0.0605524032276249,W2
QSO_351.7549588+24.7416121,60119.9042405,18.009,0.0599119137956414,W2
QSO_351.7549588+24.7416121,60281.62099450008,18.0245,0.0843395467353157,W2
QSO_351.7549588+24.7416121,60484.050165399975,17.6135,0.1078611933785133,W2
QSO_351.7160951+24.9929002,55371.20606850004,18.0465,0.0233164391220729,W1
QSO_351.7160951+24.9929002,55550.82581700002,18.143500000000003,0.0342816879466988,W1
QSO_351.7160951+24.9929002,56648.56701299997,18.011,0.0589449535124221,W1
QSO_351.7160951+24.9929002,56836.00717849999,18.04,0.0457120467803673,W1
QSO_351.7160951+24.9929002,57012.73249525003,18.1745,0.0502656081803526,W1
QSO_351.7160951+24.9929002,57197.75874433312,18.02,0.0304937000172289,W1
QSO_351.7160951+24.9929002,57371.59981895984,18.222,0.0583583825185823,W1
QSO_351.7160951+24.9929002,57562.13280091328,18.078,0.0556838613947082,W1
QSO_351.7160951+24.9929002,57734.324722003774,17.987499999999997,0.0579288756116466,W1
QSO_351.7160951+24.9929002,57929.44261550001,18.033,0.0488851057966054,W1
QSO_351.7160951+24.9929002,58094.740621750025,18.143,0.0491469225893139,W1
QSO_351.7160951+24.9929002,58293.26038049997,18.065,0.0968468481676093,W1
QSO_351.7160951+24.9929002,58455.14806400003,18.09,0.0445814862507267,W1
QSO_351.7160951+24.9929002,58660.327996000015,17.975,0.0509734097827833,W1
QSO_351.7160951+24.9929002,58819.12142849993,17.994999999999997,0.0494951538499439,W1
QSO_351.7160951+24.9929002,59024.51778879998,17.9775,0.0919830636584801,W1
QSO_351.7160951+24.9929002,59186.83758099997,18.009,0.0402953319601387,W1
QSO_351.7160951+24.9929002,59389.18975299996,18.186,0.0613914652048633,W1
QSO_351.7160951+24.9929002,59550.86737900003,18.106,0.086749738597741,W1
QSO_351.7160951+24.9929002,59755.91164050003,17.984,0.0742153512916764,W1
QSO_351.7160951+24.9929002,59914.81114200002,17.948,0.0595020147454012,W1
QSO_351.7160951+24.9929002,60119.83934349997,18.103,0.0787116744631508,W1
QSO_351.7160951+24.9929002,60281.68563599998,18.0545,0.0590335895831694,W1
QSO_351.7160951+24.9929002,60484.14618550004,17.994500000000002,0.1297540943477317,W1
QSO_351.7160951+24.9929002,55371.20606850004,18.104,0.0507357135519904,W2
QSO_351.7160951+24.9929002,55550.82581700002,18.1865,0.0394336788328963,W2
QSO_351.7160951+24.9929002,56648.56701299997,18.019,0.084729036358233,W2
QSO_351.7160951+24.9929002,56836.00717849999,18.339,0.098091542027251,W2
QSO_351.7160951+24.9929002,57012.73249525003,18.107,0.0902651059482669,W2
QSO_351.7160951+24.9929002,57197.75874433312,18.317,0.0569790206681048,W2
QSO_351.7160951+24.9929002,57371.59981895984,18.2805,0.0623296706811629,W2
QSO_351.7160951+24.9929002,57562.13280091328,18.178,0.080895473445099,W2
QSO_351.7160951+24.9929002,57734.324722003774,18.2225,0.0867843851962373,W2
QSO_351.7160951+24.9929002,57929.44261550001,18.243,0.1232585988636867,W2
QSO_351.7160951+24.9929002,58094.740621750025,18.037,0.120389222939597,W2
QSO_351.7160951+24.9929002,58293.26038049997,17.977,0.1358483271888178,W2
QSO_351.7160951+24.9929002,58455.14806400003,18.176,0.0935423731952017,W2
QSO_351.7160951+24.9929002,58660.327996000015,17.87,0.06413341887799,W2
QSO_351.7160951+24.9929002,58819.12142849993,18.014,0.0755580281968766,W2
QSO_351.7160951+24.9929002,59024.51778879998,17.923,0.0721428028288339,W2
QSO_351.7160951+24.9929002,59186.83758099997,18.059,0.0893802795384438,W2
QSO_351.7160951+24.9929002,59389.18975299996,18.068,0.1265029327723273,W2
QSO_351.7160951+24.9929002,59550.86737900003,18.16,0.0742197271703053,W2
QSO_351.7160951+24.9929002,59755.91164050003,17.788999999999998,0.0751357566289063,W2
QSO_351.7160951+24.9929002,59914.81114200002,18.187,0.1003272252009519,W2
QSO_351.7160951+24.9929002,60119.83934349997,17.58,0.1189841354542526,W2
QSO_351.7160951+24.9929002,60281.68563599998,18.208,0.0560654947278099,W2
QSO_351.7160951+24.9929002,60484.14618550004,17.2015,0.5398760274359293,W2
QSO_351.8770419+25.0207518,55371.470511000014,17.716,0.02131849483951,W1
QSO_351.8770419+25.0207518,55550.92500574999,17.8075,0.0277182430900664,W1
QSO_351.8770419+25.0207518,56648.69872325001,17.6205,0.0292346004858843,W1
QSO_351.8770419+25.0207518,56836.27016100005,17.683,0.0381835800727486,W1
QSO_351.8770419+25.0207518,57012.86382224997,17.681,0.0312906309933655,W1
QSO_351.8770419+25.0207518,57197.85703883936,17.744999999999997,0.0481273415014793,W1
QSO_351.8770419+25.0207518,57371.82918497445,17.773,0.0436198770423613,W1
QSO_351.8770419+25.0207518,57562.362594027785,17.776,0.0335906642677325,W1
QSO_351.8770419+25.0207518,57734.48874491413,17.717,0.0345263153877705,W1
QSO_351.8770419+25.0207518,57929.60624500002,17.7565,0.0284774419334684,W1
QSO_351.8770419+25.0207518,58094.871382999976,17.762999999999998,0.0338103899267732,W1
QSO_351.8770419+25.0207518,58293.325788499984,17.750999999999998,0.0806987484413486,W1
QSO_351.8770419+25.0207518,58455.27882524997,17.7,0.0487191676003057,W1
QSO_351.8770419+25.0207518,58660.13197275,17.8035,0.0450601638628505,W1
QSO_351.8770419+25.0207518,58819.31759774998,17.755,0.0562678413558354,W1
QSO_351.8770419+25.0207518,59024.74716099994,17.738500000000002,0.0542434235645209,W1
QSO_351.8770419+25.0207518,59187.03408639999,17.749000000000002,0.0419239400595147,W1
QSO_351.8770419+25.0207518,59389.38572149997,17.871000000000002,0.0666036635628999,W1
QSO_351.8770419+25.0207518,59551.09586900003,17.802999999999997,0.0270806203769411,W1
QSO_351.8770419+25.0207518,59756.04209150003,17.753999999999998,0.0584355006699049,W1
QSO_351.8770419+25.0207518,59917.54517449998,17.7285,0.03721225249983,W1
QSO_351.8770419+25.0207518,60119.9689915,17.715,0.0416246690422583,W1
QSO_351.8770419+25.0207518,60281.8470755,17.64,0.040591894830445,W1
QSO_351.8770419+25.0207518,60484.53039400004,17.695,0.0578195140926705,W1
QSO_351.8770419+25.0207518,55371.470511000014,18.165,0.071410064650113,W2
QSO_351.8770419+25.0207518,55550.92500574999,18.338,0.0474308022280879,W2
QSO_351.8770419+25.0207518,56648.69872325001,18.1485,0.0717823451514774,W2
QSO_351.8770419+25.0207518,56836.27016100005,18.112,0.065095612567286,W2
QSO_351.8770419+25.0207518,57012.86382224997,18.218,0.0614105982227342,W2
QSO_351.8770419+25.0207518,57197.85703883936,18.1535,0.0774329710136452,W2
QSO_351.8770419+25.0207518,57371.82918497445,18.099,0.0768569419843053,W2
QSO_351.8770419+25.0207518,57562.362594027785,18.0555,0.0415447175565235,W2
QSO_351.8770419+25.0207518,57734.48874491413,18.182,0.0840948648277407,W2
QSO_351.8770419+25.0207518,57929.60624500002,18.065,0.0679047876455349,W2
QSO_351.8770419+25.0207518,58094.871382999976,18.144,0.0968106702365144,W2
QSO_351.8770419+25.0207518,58293.325788499984,17.919999999999998,0.076573311277494,W2
QSO_351.8770419+25.0207518,58455.27882524997,18.237,0.0469500818442862,W2
QSO_351.8770419+25.0207518,58660.13197275,18.073,0.0627861960465369,W2
QSO_351.8770419+25.0207518,58819.31759774998,18.272,0.0795787927563605,W2
QSO_351.8770419+25.0207518,59024.74716099994,18.0585,0.1103414745234085,W2
QSO_351.8770419+25.0207518,59187.03408639999,18.331,0.095567471226711,W2
QSO_351.8770419+25.0207518,59389.38572149997,17.904,0.1316952239073235,W2
QSO_351.8770419+25.0207518,59551.09586900003,18.136000000000003,0.1090827025701142,W2
QSO_351.8770419+25.0207518,59756.04209150003,18.012999999999998,0.0865830791887372,W2
QSO_351.8770419+25.0207518,59917.54517449998,18.218,0.0677310175675868,W2
QSO_351.8770419+25.0207518,60119.9689915,18.063,0.0529541854348773,W2
QSO_351.8770419+25.0207518,60281.8470755,18.183,0.0660446179151303,W2
QSO_351.8770419+25.0207518,60484.53039400004,17.599,0.1243800486471112,W2
QSO_351.672332+24.8454128,55371.23922875,17.4345,0.0187866260351415,W1
QSO_351.672332+24.8454128,55550.62762199998,17.5645,0.03081797665625,W1
QSO_351.672332+24.8454128,56648.43532099999,17.4665,0.0244059098887953,W1
QSO_351.672332+24.8454128,56835.94146025001,17.4565,0.0274437788943143,W1
QSO_351.672332+24.8454128,57012.60116825,17.497,0.0232373397430369,W1
QSO_351.672332+24.8454128,57197.59482282279,17.492,0.029296022672787,W1
QSO_351.672332+24.8454128,57371.56704195778,17.503,0.0252647258122934,W1
QSO_351.672332+24.8454128,57562.03434690704,17.464,0.0285667975330854,W1
QSO_351.672332+24.8454128,57734.22628629751,17.542,0.0393285110399068,W1
QSO_351.672332+24.8454128,57929.3772075,17.536,0.0328133395388287,W1
QSO_351.672332+24.8454128,58094.675159000006,17.499000000000002,0.0258372237320017,W1
QSO_351.672332+24.8454128,58293.129564500014,17.449,0.0341366738274248,W1
QSO_351.672332+24.8454128,58455.08265600001,17.524,0.0180359853999262,W1
QSO_351.672332+24.8454128,58659.93594949998,17.542,0.0310169910692318,W1
QSO_351.672332+24.8454128,58819.08872449996,17.527,0.0321423353592835,W1
QSO_351.672332+24.8454128,59024.583376,17.4845,0.0426117824081557,W1
QSO_351.672332+24.8454128,59186.8047874,17.5565,0.027290648835982,W1
QSO_351.672332+24.8454128,59388.66725550001,17.457,0.0485764103087495,W1
QSO_351.672332+24.8454128,59550.86737900003,17.475,0.0160007512971619,W1
QSO_351.672332+24.8454128,59755.84648799997,17.611,0.032377701465922,W1
QSO_351.672332+24.8454128,59915.91763949998,17.49,0.0291045979856568,W1
QSO_351.672332+24.8454128,60119.77444650003,17.527,0.0533379709353581,W1
QSO_351.672332+24.8454128,60281.5243425,17.453,0.019870164594733,W1
QSO_351.672332+24.8454128,60483.954017199925,17.5815,0.0666979093458789,W1
QSO_351.672332+24.8454128,55371.23922875,18.158,0.0868011953942219,W2
QSO_351.672332+24.8454128,55550.62762199998,18.224,0.0695993827133121,W2
QSO_351.672332+24.8454128,56648.43532099999,18.011,0.0556666079461861,W2
QSO_351.672332+24.8454128,56835.94146025001,17.9795,0.047596649041713,W2
QSO_351.672332+24.8454128,57012.60116825,18.3015,0.0430928355629082,W2
QSO_351.672332+24.8454128,57197.59482282279,18.185,0.0782000935397754,W2
QSO_351.672332+24.8454128,57371.56704195778,18.093,0.0774954048816947,W2
QSO_351.672332+24.8454128,57562.03434690704,17.9595,0.086841287090407,W2
QSO_351.672332+24.8454128,57734.22628629751,18.208,0.0650656952873836,W2
QSO_351.672332+24.8454128,57929.3772075,18.2,0.0672789141671457,W2
QSO_351.672332+24.8454128,58094.675159000006,18.124,0.0694255248793932,W2
QSO_351.672332+24.8454128,58293.129564500014,17.884999999999998,0.068497890022248,W2
QSO_351.672332+24.8454128,58455.08265600001,18.113,0.0770533590133269,W2
QSO_351.672332+24.8454128,58659.93594949998,17.835,0.0513289102978343,W2
QSO_351.672332+24.8454128,58819.08872449996,18.163,0.0863507629138468,W2
QSO_351.672332+24.8454128,59024.583376,18.0485,0.1005290803698115,W2
QSO_351.672332+24.8454128,59186.8047874,18.0985,0.0707621047098161,W2
QSO_351.672332+24.8454128,59388.66725550001,18.091,0.1024883695314393,W2
QSO_351.672332+24.8454128,59550.86737900003,18.281,0.0559219295881814,W2
QSO_351.672332+24.8454128,59755.84648799997,17.886,0.1305923797427785,W2
QSO_351.672332+24.8454128,59915.91763949998,18.186,0.0678770244773226,W2
QSO_351.672332+24.8454128,60119.77444650003,17.919,0.1172746556315284,W2
QSO_351.672332+24.8454128,60281.5243425,18.009999999999998,0.0717572814285529,W2
QSO_351.672332+24.8454128,60483.954017199925,17.586,0.3123654376954446,W2
QSO_351.9965078+25.0056359,55371.470511000014,17.810000000000002,0.0173525491776557,W1
QSO_351.9965078+25.0056359,55551.024085000034,18.011,0.0316063075617186,W1
QSO_351.9965078+25.0056359,56648.79740099999,17.859,0.040667409829275,W1
QSO_351.9965078+25.0056359,56836.46744350003,17.861,0.0449493398025827,W1
QSO_351.9965078+25.0056359,57012.92948575002,17.8045,0.0428539963130627,W1
QSO_351.9965078+25.0056359,57197.95546109557,17.833,0.0284774596206751,W1
QSO_351.9965078+25.0056359,57371.96025648274,17.811999999999998,0.028572838695361,W1
QSO_351.9965078+25.0056359,57562.39538762988,17.791,0.0329574777834749,W1
QSO_351.9965078+25.0056359,57734.65285932451,17.755499999999998,0.0414282512302895,W1
QSO_351.9965078+25.0056359,57929.704357,17.8,0.0397121674229272,W1
QSO_351.9965078+25.0056359,58094.969604499965,17.8885,0.0429964199629414,W1
QSO_351.9965078+25.0056359,58293.26038049997,17.807000000000002,0.0479189129908253,W1
QSO_351.9965078+25.0056359,58455.37688249996,17.7905,0.0348766970913244,W1
QSO_351.9965078+25.0056359,58659.67444525005,17.7895,0.0365555766632833,W1
QSO_351.9965078+25.0056359,58819.44828600004,17.788,0.0211287865206385,W1
QSO_351.9965078+25.0056359,59024.8782622,17.795,0.07536462804588,W1
QSO_351.9965078+25.0056359,59187.165151000016,17.768,0.0449681413228805,W1
QSO_351.9965078+25.0056359,59389.41835249997,17.7725,0.0730603821810732,W1
QSO_351.9965078+25.0056359,59551.25906050002,17.848,0.0554542334872806,W1
QSO_351.9965078+25.0056359,59756.20502749998,17.86,0.0733993650985826,W1
QSO_351.9965078+25.0056359,59917.70792799996,17.7955,0.0544143455349782,W1
QSO_351.9965078+25.0056359,60120.06622750004,17.7975,0.0468661658342131,W1
QSO_351.9965078+25.0056359,60282.00835075,17.7935,0.0310905291045358,W1
QSO_351.9965078+25.0056359,60484.53054039999,17.738,0.0802334593545613,W1
QSO_351.9965078+25.0056359,55371.470511000014,18.239,0.036861106618407,W2
QSO_351.9965078+25.0056359,55551.024085000034,18.445,0.0474688754843061,W2
QSO_351.9965078+25.0056359,56648.79740099999,18.221,0.0719072035746484,W2
QSO_351.9965078+25.0056359,56836.46744350003,18.181,0.1329180900362782,W2
QSO_351.9965078+25.0056359,57012.92948575002,18.2455,0.080930989120361,W2
QSO_351.9965078+25.0056359,57197.95546109557,18.505,0.1068662998127347,W2
QSO_351.9965078+25.0056359,57371.96025648274,18.295,0.0868777327308008,W2
QSO_351.9965078+25.0056359,57562.39538762988,18.268,0.0589304496531171,W2
QSO_351.9965078+25.0056359,57734.65285932451,18.108,0.0763097634644479,W2
QSO_351.9965078+25.0056359,57929.704357,18.017,0.1027121245095339,W2
QSO_351.9965078+25.0056359,58094.969604499965,18.195,0.0625149796863536,W2
QSO_351.9965078+25.0056359,58293.26038049997,18.38,0.1320482515626039,W2
QSO_351.9965078+25.0056359,58455.37688249996,18.289,0.1026473574915595,W2
QSO_351.9965078+25.0056359,58659.67444525005,18.0045,0.0530486542922837,W2
QSO_351.9965078+25.0056359,58819.44828600004,18.127,0.0914013933103545,W2
QSO_351.9965078+25.0056359,59024.8782622,17.936,0.0911888256336212,W2
QSO_351.9965078+25.0056359,59187.165151000016,18.186,0.0879008730679092,W2
QSO_351.9965078+25.0056359,59389.41835249997,18.032,0.1086039355401766,W2
QSO_351.9965078+25.0056359,59551.25906050002,18.167,0.1363852158912492,W2
QSO_351.9965078+25.0056359,59756.20502749998,18.0235,0.1194740753783011,W2
QSO_351.9965078+25.0056359,59917.70792799996,18.121,0.0969453918451,W2
QSO_351.9965078+25.0056359,60120.06622750004,17.8505,0.0580537870211753,W2
QSO_351.9965078+25.0056359,60282.00835075,18.411,0.0508107862564633,W2
QSO_351.9965078+25.0056359,60484.53054039999,17.422,0.1388042074290255,W2
QSO_352.0186496+25.0220798,55371.53668549997,18.076,0.0292268065690081,W1
QSO_352.0186496+25.0220798,55551.05717225002,18.1795,0.0547045244929522,W1
QSO_352.0186496+25.0220798,56648.83036049999,18.12,0.0500825856047725,W1
QSO_352.0186496+25.0220798,56836.46744350003,17.97,0.0879879028971678,W1
QSO_352.0186496+25.0220798,57012.92948575002,17.991,0.0601724902921837,W1
QSO_352.0186496+25.0220798,57198.0209968498,18.0615,0.0436649058169144,W1
QSO_352.0186496+25.0220798,57372.02581048687,18.118,0.0333578842920896,W1
QSO_352.0186496+25.0220798,57562.39538762988,18.183,0.0692102818260647,W1
QSO_352.0186496+25.0220798,57734.62006572242,18.102,0.0502057075727206,W1
QSO_352.0186496+25.0220798,57929.80246900007,18.085500000000003,0.0570605029771033,W1
QSO_352.0186496+25.0220798,58094.9369005,18.119,0.0541510471977052,W1
QSO_352.0186496+25.0220798,58293.68538650001,18.181,0.0995184702752507,W1
QSO_352.0186496+25.0220798,58455.44229050006,18.14,0.0623472949307764,W1
QSO_352.0186496+25.0220798,58660.32814199996,18.069,0.0544609299304454,W1
QSO_352.0186496+25.0220798,58819.44828600004,18.074,0.0437078868532654,W1
QSO_352.0186496+25.0220798,59024.91098259999,18.032,0.0635991861699619,W1
QSO_352.0186496+25.0220798,59187.19794459999,18.2065,0.0469948775774393,W1
QSO_352.0186496+25.0220798,59389.41835249997,18.0415,0.0673331958194413,W1
QSO_352.0186496+25.0220798,59551.19378024998,18.289,0.0831047907764651,W1
QSO_352.0186496+25.0220798,59756.30281099995,18.008,0.0577136119126155,W1
QSO_352.0186496+25.0220798,59917.67540649997,18.041,0.0600469180983826,W1
QSO_352.0186496+25.0220798,60120.03377900002,17.990000000000002,0.0768374551441649,W1
QSO_352.0186496+25.0220798,60281.91157100003,18.136,0.0417717312986598,W1
QSO_352.0186496+25.0220798,60484.59459040003,18.267,0.1222168685696176,W1
QSO_352.0186496+25.0220798,55371.53668549997,18.3005,0.0356478620400607,W2
QSO_352.0186496+25.0220798,55551.05717225002,18.245,0.0344177860996316,W2
QSO_352.0186496+25.0220798,56648.83036049999,18.211,0.0851088228020456,W2
QSO_352.0186496+25.0220798,56836.46744350003,18.336,0.0781421272035495,W2
QSO_352.0186496+25.0220798,57012.92948575002,18.178,0.0613269310894639,W2
QSO_352.0186496+25.0220798,57198.0209968498,18.515,0.101226878841541,W2
QSO_352.0186496+25.0220798,57372.02581048687,18.4125,0.0491735922713681,W2
QSO_352.0186496+25.0220798,57562.39538762988,18.257,0.0962149328237151,W2
QSO_352.0186496+25.0220798,57734.62006572242,18.215,0.0785461719434641,W2
QSO_352.0186496+25.0220798,57929.80246900007,18.1865,0.0618094572051884,W2
QSO_352.0186496+25.0220798,58094.9369005,18.273,0.0757057163281079,W2
QSO_352.0186496+25.0220798,58293.68538650001,18.106,0.0694867759867809,W2
QSO_352.0186496+25.0220798,58455.44229050006,18.3755,0.0833762771294268,W2
QSO_352.0186496+25.0220798,58660.32814199996,17.839,0.0577657235288784,W2
QSO_352.0186496+25.0220798,58819.44828600004,18.206,0.0920720361437182,W2
QSO_352.0186496+25.0220798,59024.91098259999,17.932,0.1425630464819765,W2
QSO_352.0186496+25.0220798,59187.19794459999,18.2695,0.0607800137335,W2
QSO_352.0186496+25.0220798,59389.41835249997,17.866500000000002,0.0999733297768291,W2
QSO_352.0186496+25.0220798,59551.19378024998,18.1295,0.0859429202836103,W2
QSO_352.0186496+25.0220798,59756.30281099995,18.028,0.0712752130828103,W2
QSO_352.0186496+25.0220798,59917.67540649997,18.169,0.0889397693884751,W2
QSO_352.0186496+25.0220798,60120.03377900002,17.794,0.0848014545518029,W2
QSO_352.0186496+25.0220798,60281.91157100003,18.301,0.0874508426906384,W2
QSO_352.0186496+25.0220798,60484.59459040003,17.489,0.221329484571624,W2
QSO_351.6930711+24.8564204,55371.272243,17.6505,0.0182433104470755,W1
QSO_351.6930711+24.8564204,55550.62762199998,17.6535,0.0489432009710878,W1
QSO_351.6930711+24.8564204,56648.46820750002,17.567,0.0275426134481744,W1
QSO_351.6930711+24.8564204,56836.00717849999,17.582,0.0581443499585191,W1
QSO_351.6930711+24.8564204,57012.60116825,17.588,0.0289964377601418,W1
QSO_351.6930711+24.8564204,57197.59482282279,17.639,0.0346361227622259,W1
QSO_351.6930711+24.8564204,57371.59981895984,17.610999999999997,0.0223795447523764,W1
QSO_351.6930711+24.8564204,57562.06719540914,17.5535,0.0195587924892198,W1
QSO_351.6930711+24.8564204,57734.22628629751,17.609,0.0404005489767879,W1
QSO_351.6930711+24.8564204,57929.3772075,17.633,0.0327175146150273,W1
QSO_351.6930711+24.8564204,58094.70786300006,17.5415,0.0322595449555748,W1
QSO_351.6930711+24.8564204,58293.19497250003,17.514,0.0474594195229746,W1
QSO_351.6930711+24.8564204,58455.11536000006,17.581,0.0510944568277082,W1
QSO_351.6930711+24.8564204,58659.93594949998,17.646,0.0295938171900188,W1
QSO_351.6930711+24.8564204,58819.08872449996,17.576,0.0356235437380534,W1
QSO_351.6930711+24.8564204,59024.583376,17.619,0.0420088205023659,W1
QSO_351.6930711+24.8564204,59186.87031970002,17.573,0.0226778337483657,W1
QSO_351.6930711+24.8564204,59388.73259050005,17.668,0.0434491216467606,W1
QSO_351.6930711+24.8564204,59550.90002825,17.6565,0.0329172644108876,W1
QSO_351.6930711+24.8564204,59755.84648799997,17.625,0.0399593331969103,W1
QSO_351.6930711+24.8564204,59915.91763949998,17.633,0.0324078700894053,W1
QSO_351.6930711+24.8564204,60119.806895000045,17.6995,0.0427285521246233,W1
QSO_351.6930711+24.8564204,60281.62104925,17.558500000000002,0.0353971187883776,W1
QSO_351.6930711+24.8564204,60484.01806719998,17.673000000000002,0.0444581601058792,W1
QSO_351.6930711+24.8564204,55371.272243,18.159,0.0602269490275497,W2
QSO_351.6930711+24.8564204,55550.62762199998,18.1535,0.1022022408384837,W2
QSO_351.6930711+24.8564204,56648.46820750002,18.033,0.0508955240701023,W2
QSO_351.6930711+24.8564204,56836.00717849999,17.939,0.0976566168511628,W2
QSO_351.6930711+24.8564204,57012.60116825,17.9625,0.0757149717324418,W2
QSO_351.6930711+24.8564204,57197.59482282279,17.964,0.0586215318803593,W2
QSO_351.6930711+24.8564204,57371.59981895984,18.2875,0.0839768206947261,W2
QSO_351.6930711+24.8564204,57562.06719540914,17.849,0.1094912420294062,W2
QSO_351.6930711+24.8564204,57734.22628629751,17.878,0.0554747016613677,W2
QSO_351.6930711+24.8564204,57929.3772075,18.019,0.0886255428868618,W2
QSO_351.6930711+24.8564204,58094.70786300006,18.1045,0.0914262757028247,W2
QSO_351.6930711+24.8564204,58293.19497250003,18.071,0.1067198725417874,W2
QSO_351.6930711+24.8564204,58455.11536000006,17.9235,0.0672952656416319,W2
QSO_351.6930711+24.8564204,58659.93594949998,18.03,0.0808603820426484,W2
QSO_351.6930711+24.8564204,58819.08872449996,18.129,0.0587763634569963,W2
QSO_351.6930711+24.8564204,59024.583376,17.758,0.0517699623333839,W2
QSO_351.6930711+24.8564204,59186.87031970002,18.1755,0.0717508065511512,W2
QSO_351.6930711+24.8564204,59388.73259050005,17.7985,0.0598643649218799,W2
QSO_351.6930711+24.8564204,59550.90002825,18.059,0.0490231426830077,W2
QSO_351.6930711+24.8564204,59755.84648799997,17.828,0.0789302728929983,W2
QSO_351.6930711+24.8564204,59915.91763949998,18.0435,0.0428322078822697,W2
QSO_351.6930711+24.8564204,60119.806895000045,18.1235,0.055599676924188,W2
QSO_351.6930711+24.8564204,60281.62104925,17.926,0.0600668030890053,W2
QSO_351.6930711+24.8564204,60484.01806719998,17.869,0.1748808508670978,W2
QSO_351.9569057+24.7564391,55371.37143174997,17.831,0.022827693443775,W1
QSO_351.9569057+24.7564391,55550.924932750015,17.841,0.0354305517879697,W1
QSO_351.9569057+24.7564391,56648.66570900001,17.775,0.0298723657124557,W1
QSO_351.9569057+24.7564391,56836.336007,17.788,0.0387812620034324,W1
QSO_351.9569057+24.7564391,57012.83088100002,17.852,0.0484790425793748,W1
QSO_351.9569057+24.7564391,57197.82433483727,17.8665,0.0573335099722732,W1
QSO_351.9569057+24.7564391,57371.79637147236,17.799999999999997,0.0409944707352024,W1
QSO_351.9569057+24.7564391,57562.1328558132,17.7885,0.0423752263469601,W1
QSO_351.9569057+24.7564391,57734.357460705854,17.753,0.0324676233114725,W1
QSO_351.9569057+24.7564391,57929.50813300003,17.801000000000002,0.0238119353363562,W1
QSO_351.9569057+24.7564391,58094.871382999976,17.878,0.0362922693147779,W1
QSO_351.9569057+24.7564391,58293.423900500056,17.6755,0.031711955918047,W1
QSO_351.9569057+24.7564391,58455.21336250004,17.82,0.0287771403233346,W1
QSO_351.9569057+24.7564391,58660.23008475007,17.859,0.0500706907688926,W1
QSO_351.9569057+24.7564391,58819.317543000056,17.7795,0.019111090923762,W1
QSO_351.9569057+24.7564391,59024.68175679998,17.811999999999998,0.0611006911633691,W1
QSO_351.9569057+24.7564391,59187.03408639999,17.792,0.0270873590219289,W1
QSO_351.9569057+24.7564391,59389.18975299996,17.951999999999998,0.1094029615686884,W1
QSO_351.9569057+24.7564391,59551.09586900003,17.839,0.0439747139042764,W1
QSO_351.9569057+24.7564391,59756.107244000006,17.7845,0.0256032224534334,W1
QSO_351.9569057+24.7564391,59914.81099599999,17.798000000000002,0.0691468487647953,W1
QSO_351.9569057+24.7564391,60120.03388850002,17.869,0.0415836484442328,W1
QSO_351.9569057+24.7564391,60281.75016800005,17.8585,0.0528954681948798,W1
QSO_351.9569057+24.7564391,60484.274303800026,17.814999999999998,0.0612516122236792,W1
QSO_351.9569057+24.7564391,55371.37143174997,18.428,0.0847289352987032,W2
QSO_351.9569057+24.7564391,55550.924932750015,18.5375,0.0953824983946215,W2
QSO_351.9569057+24.7564391,56648.66570900001,18.185,0.065992662841802,W2
QSO_351.9569057+24.7564391,56836.336007,18.314,0.0847077765462382,W2
QSO_351.9569057+24.7564391,57012.83088100002,18.084,0.1118233415606822,W2
QSO_351.9569057+24.7564391,57197.82433483727,18.329,0.0887762839274261,W2
QSO_351.9569057+24.7564391,57371.79637147236,18.342,0.0603817623312057,W2
QSO_351.9569057+24.7564391,57562.1328558132,18.04,0.078418664668878,W2
QSO_351.9569057+24.7564391,57734.357460705854,18.269,0.0813755601722936,W2
QSO_351.9569057+24.7564391,57929.50813300003,18.375,0.0838568599022594,W2
QSO_351.9569057+24.7564391,58094.871382999976,18.285,0.0685577676207292,W2
QSO_351.9569057+24.7564391,58293.423900500056,18.0885,0.0808216199989785,W2
QSO_351.9569057+24.7564391,58455.21336250004,18.327,0.0608727079453427,W2
QSO_351.9569057+24.7564391,58660.23008475007,17.889499999999998,0.0712892192254748,W2
QSO_351.9569057+24.7564391,58819.317543000056,18.238,0.0898099427134057,W2
QSO_351.9569057+24.7564391,59024.68175679998,18.021,0.1199058668690613,W2
QSO_351.9569057+24.7564391,59187.03408639999,18.185,0.0945414175870494,W2
QSO_351.9569057+24.7564391,59389.18975299996,17.909,0.0477984100153972,W2
QSO_351.9569057+24.7564391,59551.09586900003,18.287,0.1018769768042701,W2
QSO_351.9569057+24.7564391,59756.107244000006,18.044,0.0644188559351996,W2
QSO_351.9569057+24.7564391,59914.81099599999,18.209,0.1110588889623801,W2
QSO_351.9569057+24.7564391,60120.03388850002,18.325,0.0619367730819812,W2
QSO_351.9569057+24.7564391,60281.75016800005,18.2275,0.0871497321291648,W2
QSO_351.9569057+24.7564391,60484.274303800026,17.576999999999998,0.0885157613083678,W2
QSO_352.0026853+25.0538018,55371.53668549997,17.813000000000002,0.032654038375402,W1
QSO_352.0026853+25.0538018,55551.05717225002,17.772,0.0578655424237949,W1
QSO_352.0026853+25.0538018,56648.83036049999,17.817500000000003,0.0471532175564502,W1
QSO_352.0026853+25.0538018,56836.50027524997,17.8065,0.0491231124311876,W1
QSO_352.0026853+25.0538018,57012.962317499965,17.622999999999998,0.0349805590066908,W1
QSO_352.0026853+25.0538018,57198.08653260395,17.808,0.0533226841220067,W1
QSO_352.0026853+25.0538018,57371.9930334848,17.7795,0.0369592449486188,W1
QSO_352.0026853+25.0538018,57562.428254431936,17.7725,0.0396737271960881,W1
QSO_352.0026853+25.0538018,57734.55447851833,17.874000000000002,0.0418964233916542,W1
QSO_352.0026853+25.0538018,57929.83517300004,17.797,0.047664681508017,W1
QSO_352.0026853+25.0538018,58094.969604499965,17.7115,0.0683651856657402,W1
QSO_352.0026853+25.0538018,58293.68538650001,17.7345,0.082879234990392,W1
QSO_352.0026853+25.0538018,58455.47499450003,17.781,0.031715536913996,W1
QSO_352.0026853+25.0538018,58660.19732600001,17.695,0.0273456665942061,W1
QSO_352.0026853+25.0538018,58819.41565499996,17.73,0.0608333582952764,W1
QSO_352.0026853+25.0538018,59024.94377619996,17.732,0.0591449325544886,W1
QSO_352.0026853+25.0538018,59187.19794459999,17.739,0.0545472527060509,W1
QSO_352.0026853+25.0538018,59389.41835249997,17.8905,0.0246862722385746,W1
QSO_352.0026853+25.0538018,59551.226174,17.765,0.0817624106596362,W1
QSO_352.0026853+25.0538018,59756.23754899997,17.844,0.0563698476982745,W1
QSO_352.0026853+25.0538018,59917.74050425003,17.744,0.0421696691948134,W1
QSO_352.0026853+25.0538018,60120.098675999965,17.75,0.0349979499238604,W1
QSO_352.0026853+25.0538018,60282.00835075,17.756,0.0274064920642839,W1
QSO_352.0026853+25.0538018,60484.53054039999,17.711,0.0652373106859821,W1
QSO_352.0026853+25.0538018,55371.53668549997,18.435,0.0613180995574173,W2
QSO_352.0026853+25.0538018,55551.05717225002,18.2715,0.0689325467395482,W2
QSO_352.0026853+25.0538018,56648.83036049999,18.184,0.0641108931356887,W2
QSO_352.0026853+25.0538018,56836.50027524997,18.127,0.0780346997085308,W2
QSO_352.0026853+25.0538018,57012.962317499965,18.177,0.0841258999712443,W2
QSO_352.0026853+25.0538018,57198.08653260395,18.173,0.1116519184413434,W2
QSO_352.0026853+25.0538018,57371.9930334848,18.086,0.0682389153099771,W2
QSO_352.0026853+25.0538018,57562.428254431936,18.293,0.1050280688893671,W2
QSO_352.0026853+25.0538018,57734.55447851833,18.101,0.0879860825002969,W2
QSO_352.0026853+25.0538018,57929.83517300004,18.133,0.0625894761474942,W2
QSO_352.0026853+25.0538018,58094.969604499965,18.207,0.0722430752480563,W2
QSO_352.0026853+25.0538018,58293.68538650001,17.886,0.1465102227503952,W2
QSO_352.0026853+25.0538018,58455.47499450003,18.165,0.0601383204019396,W2
QSO_352.0026853+25.0538018,58660.19732600001,17.929,0.0608870478229367,W2
QSO_352.0026853+25.0538018,58819.41565499996,18.122,0.0551954104372214,W2
QSO_352.0026853+25.0538018,59024.94377619996,17.92,0.0796857965504205,W2
QSO_352.0026853+25.0538018,59187.19794459999,18.1585,0.0872048295203119,W2
QSO_352.0026853+25.0538018,59389.41835249997,18.1405,0.1144769910570744,W2
QSO_352.0026853+25.0538018,59551.226174,18.5115,0.0888481851249648,W2
QSO_352.0026853+25.0538018,59756.23754899997,18.022,0.0665329211879589,W2
QSO_352.0026853+25.0538018,59917.74050425003,18.1275,0.0775887169632287,W2
QSO_352.0026853+25.0538018,60120.098675999965,18.107,0.0848690067665557,W2
QSO_352.0026853+25.0538018,60282.00835075,18.251,0.0611090288834532,W2
QSO_352.0026853+25.0538018,60484.53054039999,17.377,0.420262197763259,W2
QSO_351.7334694+24.7895381,55371.23922875,18.204,0.0406910011643554,W1
QSO_351.7334694+24.7895381,55550.75978850001,18.344,0.0766489651708232,W1
QSO_351.7334694+24.7895381,56648.40236149998,18.354,0.0587995061560746,W1
QSO_351.7334694+24.7895381,56836.04008324999,18.201500000000003,0.0563937939847994,W1
QSO_351.7334694+24.7895381,57012.66683174997,18.2125,0.0440428229639022,W1
QSO_351.7334694+24.7895381,57197.627654574855,18.292,0.0451114680037631,W1
QSO_351.7334694+24.7895381,57371.63259596199,18.388,0.0467698146958251,W1
QSO_351.7334694+24.7895381,57562.03434690704,18.3825,0.0572608505001454,W1
QSO_351.7334694+24.7895381,57734.226213097536,18.4325,0.0672266613777598,W1
QSO_351.7334694+24.7895381,57929.34464949998,18.2485,0.0731918369765372,W1
QSO_351.7334694+24.7895381,58094.675159000006,18.434,0.076128619334905,W1
QSO_351.7334694+24.7895381,58293.129564500014,18.1555,0.087818660815911,W1
QSO_351.7334694+24.7895381,58455.08265600001,18.5,0.1033791471503995,W1
QSO_351.7334694+24.7895381,58660.06661949998,18.429,0.0496478908239623,W1
QSO_351.7334694+24.7895381,58819.08872449996,18.445,0.0723513112972478,W1
QSO_351.7334694+24.7895381,59024.61616959997,18.276,0.0682706628202804,W1
QSO_351.7334694+24.7895381,59186.90305839999,18.41,0.0694262631179184,W1
QSO_351.7334694+24.7895381,59388.86322400003,18.438,0.0510540786856185,W1
QSO_351.7334694+24.7895381,59550.89990050002,18.2935,0.0565181059156823,W1
QSO_351.7334694+24.7895381,59755.87906425004,18.35,0.0574017421338411,W1
QSO_351.7334694+24.7895381,59914.74598950004,18.205,0.0769959066891353,W1
QSO_351.7334694+24.7895381,60119.90409449997,18.633,0.1066461741522275,W1
QSO_351.7334694+24.7895381,60281.65337000003,18.453,0.0533012644633166,W1
QSO_351.7334694+24.7895381,60483.82597209992,18.3555,0.0823339237495696,W1
QSO_351.7334694+24.7895381,55371.23922875,18.281,0.096920962812012,W2
QSO_351.7334694+24.7895381,55550.75978850001,18.47,0.0647126922012279,W2
QSO_351.7334694+24.7895381,56648.40236149998,18.1725,0.0662340167198509,W2
QSO_351.7334694+24.7895381,56836.04008324999,18.149,0.0756859035752365,W2
QSO_351.7334694+24.7895381,57012.66683174997,18.334,0.0484985442698673,W2
QSO_351.7334694+24.7895381,57197.627654574855,18.256,0.0981449808457577,W2
QSO_351.7334694+24.7895381,57371.63259596199,18.209,0.0645288304483743,W2
QSO_351.7334694+24.7895381,57562.03434690704,18.0985,0.0729258801798099,W2
QSO_351.7334694+24.7895381,57734.226213097536,18.1215,0.1001672052120852,W2
QSO_351.7334694+24.7895381,57929.34464949998,18.0515,0.0796409693562302,W2
QSO_351.7334694+24.7895381,58094.675159000006,18.214,0.056138078356871,W2
QSO_351.7334694+24.7895381,58293.129564500014,17.9775,0.0420832276195043,W2
QSO_351.7334694+24.7895381,58455.08265600001,18.292,0.0813774619063951,W2
QSO_351.7334694+24.7895381,58660.06661949998,17.965,0.079295630370806,W2
QSO_351.7334694+24.7895381,58819.08872449996,18.309,0.104781393843887,W2
QSO_351.7334694+24.7895381,59024.61616959997,18.045,0.0760913644745543,W2
QSO_351.7334694+24.7895381,59186.90305839999,18.33,0.124007537154903,W2
QSO_351.7334694+24.7895381,59388.86322400003,17.794999999999998,0.0907889938231331,W2
QSO_351.7334694+24.7895381,59550.89990050002,18.276,0.0645886915339991,W2
QSO_351.7334694+24.7895381,59755.87906425004,17.8925,0.0812032080647063,W2
QSO_351.7334694+24.7895381,59914.74598950004,18.07,0.0920684993088772,W2
QSO_351.7334694+24.7895381,60119.90409449997,17.977,0.0878242473479784,W2
QSO_351.7334694+24.7895381,60281.65337000003,18.093,0.0727713606037239,W2
QSO_351.7334694+24.7895381,60483.82597209992,17.817999999999998,0.0829114738742472,W2
QSO_351.8424009+25.0414123,55371.33830800004,18.088,0.0428101753221253,W1
QSO_351.8424009+25.0414123,55550.92500574999,18.1365,0.0442485286949369,W1
QSO_351.8424009+25.0414123,56648.731628000016,18.1255,0.025250072801293,W1
QSO_351.8424009+25.0414123,56836.27016100005,18.116,0.0548301829135496,W1
QSO_351.8424009+25.0414123,57012.86382224997,18.0785,0.0482914269958582,W1
QSO_351.8424009+25.0414123,57197.88979759144,18.125,0.0258851418964479,W1
QSO_351.8424009+25.0414123,57371.79642622237,18.204,0.0277377872161813,W1
QSO_351.8424009+25.0414123,57562.39538762988,18.233,0.0621521335410436,W1
QSO_351.8424009+25.0414123,57734.48874491413,18.102,0.0660785908240277,W1
QSO_351.8424009+25.0414123,57929.442725000015,18.157,0.074821932364346,W1
QSO_351.8424009+25.0414123,58094.80608449996,18.217,0.0473133169671527,W1
QSO_351.8424009+25.0414123,58293.293084500016,17.956000000000003,0.094686324250126,W1
QSO_351.8424009+25.0414123,58455.34423325,18.0375,0.033370153275489,W1
QSO_351.8424009+25.0414123,58660.19732600001,18.155,0.042301443806898,W1
QSO_351.8424009+25.0414123,58819.28489375001,18.151,0.0540625515048879,W1
QSO_351.8424009+25.0414123,59024.64890829993,18.1555,0.0677929494859162,W1
QSO_351.8424009+25.0414123,59187.001366,18.1175,0.0384869255752292,W1
QSO_351.8424009+25.0414123,59389.38572149997,18.254,0.0742673010146461,W1
QSO_351.8424009+25.0414123,59551.03058874999,18.1515,0.060549492153114,W1
QSO_351.8424009+25.0414123,59756.0419455,18.097,0.0644157024028255,W1
QSO_351.8424009+25.0414123,59917.284747000034,18.2085,0.0635868534160202,W1
QSO_351.8424009+25.0414123,60120.001385250005,18.1815,0.0904081246349021,W1
QSO_351.8424009+25.0414123,60281.84692949996,18.144,0.0338722734073256,W1
QSO_351.8424009+25.0414123,60484.01806719998,18.249,0.1153952948524077,W1
QSO_351.8424009+25.0414123,55371.33830800004,18.378,0.0373220776683383,W2
QSO_351.8424009+25.0414123,55550.92500574999,18.5905,0.0851826842678373,W2
QSO_351.8424009+25.0414123,56648.731628000016,18.445,0.059146287541493,W2
QSO_351.8424009+25.0414123,56836.27016100005,18.1735,0.1010392869135566,W2
QSO_351.8424009+25.0414123,57012.86382224997,18.333,0.1014799514956307,W2
QSO_351.8424009+25.0414123,57197.88979759144,18.388,0.0636251938249007,W2
QSO_351.8424009+25.0414123,57371.79642622237,18.446,0.07325380217796,W2
QSO_351.8424009+25.0414123,57562.39538762988,18.246,0.0931598292064653,W2
QSO_351.8424009+25.0414123,57734.48874491413,18.184,0.0949041590181808,W2
QSO_351.8424009+25.0414123,57929.442725000015,18.228,0.0329688696141733,W2
QSO_351.8424009+25.0414123,58094.80608449996,18.174,0.0974976005792335,W2
QSO_351.8424009+25.0414123,58293.293084500016,18.1325,0.1589199877296749,W2
QSO_351.8424009+25.0414123,58455.34423325,18.353,0.0898137057253017,W2
QSO_351.8424009+25.0414123,58660.19732600001,17.8465,0.0255533056290458,W2
QSO_351.8424009+25.0414123,58819.28489375001,18.4365,0.0664676125125578,W2
QSO_351.8424009+25.0414123,59024.64890829993,18.116,0.0565671282636833,W2
QSO_351.8424009+25.0414123,59187.001366,18.277500000000003,0.0881559957792816,W2
QSO_351.8424009+25.0414123,59389.38572149997,17.902,0.1336958937290144,W2
QSO_351.8424009+25.0414123,59551.03058874999,18.3635,0.059339573641879,W2
QSO_351.8424009+25.0414123,59756.0419455,18.076,0.084644062307705,W2
QSO_351.8424009+25.0414123,59917.284747000034,17.99,0.0600477734250743,W2
QSO_351.8424009+25.0414123,60120.001385250005,18.1035,0.0929711568175852,W2
QSO_351.8424009+25.0414123,60281.84692949996,18.289,0.0730316334276498,W2
QSO_351.8424009+25.0414123,60484.01806719998,17.037,0.221405108843997,W2
QSO_351.9538457+24.9583214,55371.470565750016,17.9645,0.0455763224293135,W1
QSO_351.9538457+24.9583214,55550.95801999999,17.893,0.0597135662348755,W1
QSO_351.9538457+24.9583214,56648.731628000016,18.003999999999998,0.048936584825863,W1
QSO_351.9538457+24.9583214,56836.46744350003,17.945,0.0487005068659316,W1
QSO_351.9538457+24.9583214,57012.896654,17.929000000000002,0.0439101355042317,W1
QSO_351.9538457+24.9583214,57197.88994359148,17.88,0.0288597193666263,W1
QSO_351.9538457+24.9583214,57371.927497730656,17.921,0.0296036315339857,W1
QSO_351.9538457+24.9583214,57562.461121234,17.991,0.0607754670936453,W1
QSO_351.9538457+24.9583214,57734.390364107945,17.883,0.0420519202890903,W1
QSO_351.9538457+24.9583214,57929.50813300003,17.892,0.0346004035911349,W1
QSO_351.9538457+24.9583214,58094.9369005,18.066000000000003,0.0456453247980745,W1
QSO_351.9538457+24.9583214,58293.48923550001,17.8535,0.0318908003685724,W1
QSO_351.9538457+24.9583214,58455.3441785,17.948999999999998,0.0467069448017341,W1
QSO_351.9538457+24.9583214,58660.06661949998,18.02,0.0407841917308085,W1
QSO_351.9538457+24.9583214,58819.41558199999,18.014,0.0560235753946497,W1
QSO_351.9538457+24.9583214,59024.84554180001,18.0585,0.0773988372005678,W1
QSO_351.9538457+24.9583214,59187.09967360001,17.930999999999997,0.0268412423615253,W1
QSO_351.9538457+24.9583214,59389.28773724997,17.942,0.0728458862815752,W1
QSO_351.9538457+24.9583214,59551.12850000003,17.844,0.05659603441153,W1
QSO_351.9538457+24.9583214,59756.172396499984,17.884,0.0939433036850963,W1
QSO_351.9538457+24.9583214,59917.67540649997,17.894,0.0591705586154016,W1
QSO_351.9538457+24.9583214,60120.001385250005,17.845,0.0544592737740778,W1
QSO_351.9538457+24.9583214,60281.81468174998,17.984,0.0390377253435699,W1
QSO_351.9538457+24.9583214,60484.27430379994,17.981499999999997,0.1370177908156453,W1
QSO_351.9538457+24.9583214,55371.470565750016,18.28,0.0646290378734137,W2
QSO_351.9538457+24.9583214,55550.95801999999,18.498,0.0659592228835054,W2
QSO_351.9538457+24.9583214,56648.731628000016,18.143,0.0765344024394766,W2
QSO_351.9538457+24.9583214,56836.46744350003,18.148,0.1111037898822548,W2
QSO_351.9538457+24.9583214,57012.896654,18.207,0.0927112938104092,W2
QSO_351.9538457+24.9583214,57197.88994359148,18.526,0.1091195717219633,W2
QSO_351.9538457+24.9583214,57371.927497730656,18.326,0.0953145093106563,W2
QSO_351.9538457+24.9583214,57562.461121234,18.176,0.0849859757732811,W2
QSO_351.9538457+24.9583214,57734.390364107945,18.2555,0.0708950280344117,W2
QSO_351.9538457+24.9583214,57929.50813300003,18.144,0.1155395288031303,W2
QSO_351.9538457+24.9583214,58094.9369005,18.349,0.0548027621575786,W2
QSO_351.9538457+24.9583214,58293.48923550001,18.2135,0.1201373442418364,W2
QSO_351.9538457+24.9583214,58455.3441785,18.125,0.0718625660528448,W2
QSO_351.9538457+24.9583214,58660.06661949998,17.973,0.058443878661344,W2
QSO_351.9538457+24.9583214,58819.41558199999,18.149500000000003,0.0724015814744403,W2
QSO_351.9538457+24.9583214,59024.84554180001,17.994,0.0700671178228419,W2
QSO_351.9538457+24.9583214,59187.09967360001,18.156,0.0901280831644949,W2
QSO_351.9538457+24.9583214,59389.28773724997,18.054,0.0873410991034152,W2
QSO_351.9538457+24.9583214,59551.12850000003,18.214,0.0859887701220666,W2
QSO_351.9538457+24.9583214,59756.172396499984,18.331,0.0463181281857142,W2
QSO_351.9538457+24.9583214,59917.67540649997,18.034,0.0480986925494416,W2
QSO_351.9538457+24.9583214,60120.001385250005,18.0575,0.1213446795290175,W2
QSO_351.9538457+24.9583214,60281.81468174998,18.039,0.0890723077055939,W2
QSO_351.9538457+24.9583214,60484.27430379994,17.656,0.1295523542819657,W2
