oid,time,magnitude,error,band
QSO_212.79704+12.293722,55214.18832449997,19.318,0.0954700262928664,W1
QSO_212.79704+12.293722,55389.88910450004,19.208,0.0627902091919623,W1
QSO_212.79704+12.293722,55577.085961,19.088,0.0555098518321965,W1
QSO_212.79704+12.293722,56674.89479149999,18.995,0.0445495865852154,W1
QSO_212.79704+12.293722,56854.45743575002,18.7895,0.1072307675063457,W1
QSO_212.79704+12.293722,57041.023737643096,18.951,0.1045632893585579,W1
QSO_212.79704+12.293722,57213.04410090432,19.085,0.1056132297436029,W1
QSO_212.79704+12.293722,57403.41013817466,18.779,0.1354507733458907,W1
QSO_212.79704+12.293722,57572.08783684282,18.816000000000003,0.061090254577875,W1
QSO_212.79704+12.293722,57768.797538,18.94,0.0569023855517629,W1
QSO_212.79704+12.293722,58295.39475450003,18.881,0.0951176265738838,W1
QSO_212.79704+12.293722,58499.308154750026,19.006,0.0683552259984289,W1
QSO_212.79704+12.293722,58866.22319140001,18.784,0.148167779770432,W1
QSO_212.79704+12.293722,59231.30447700003,18.944000000000003,0.0917067850855487,W1
QSO_212.79704+12.293722,59755.627378500016,18.779,0.0674681654765392,W1
QSO_212.79704+12.293722,60119.102445,18.686,0.0954350078391685,W1
QSO_212.79704+12.293722,60325.616085399946,18.894,0.0696234581583389,W1
QSO_212.79704+12.293722,55214.18832449997,18.423,0.0720676908615484,W2
QSO_212.79704+12.293722,55389.88910450004,18.727,0.0772174227125612,W2
QSO_212.79704+12.293722,55577.085961,18.278,0.0562501241590699,W2
QSO_212.79704+12.293722,56674.89479149999,18.16,0.0958445946627697,W2
QSO_212.79704+12.293722,56854.45743575002,18.365,0.0794929119285172,W2
QSO_212.79704+12.293722,57041.023737643096,18.313,0.0933341269807526,W2
QSO_212.79704+12.293722,57213.04410090432,18.388,0.1032454221140097,W2
QSO_212.79704+12.293722,57403.41013817466,18.31,0.5170519045511771,W2
QSO_212.79704+12.293722,57572.08783684282,18.231,0.1180127402389698,W2
QSO_212.79704+12.293722,57768.797538,18.346,0.0657621978545932,W2
QSO_212.79704+12.293722,58295.39475450003,18.213,0.1193914383539138,W2
QSO_212.79704+12.293722,58499.308154750026,18.388,0.0608481859722301,W2
QSO_212.79704+12.293722,58866.22319140001,18.09,0.093448384593263,W2
QSO_212.79704+12.293722,59231.30447700003,18.238,0.0514297901961101,W2
QSO_212.79704+12.293722,59755.627378500016,18.224,0.0516822541457511,W2
QSO_212.79704+12.293722,60119.102445,18.119,0.1130185586111124,W2
QSO_212.79704+12.293722,60325.616085399946,18.4295,0.1499388146816835,W2
QSO_212.6950618+12.3556481,55214.18832449997,18.405,0.0597990373544585,W1
QSO_212.6950618+12.3556481,55389.65776750002,18.379,0.0493341820245861,W1
QSO_212.6950618+12.3556481,55576.953758000025,18.454,0.1023847870930988,W1
QSO_212.6950618+12.3556481,56674.894681999984,18.358,0.0792634860789913,W1
QSO_212.6950618+12.3556481,56854.32590799996,18.535,0.0580783728567698,W1
QSO_212.6950618+12.3556481,57040.826747130544,18.395,0.04690113008239,W1
QSO_212.6950618+12.3556481,57212.94566039813,18.317,0.0534786728030752,W1
QSO_212.6950618+12.3556481,57403.27870756636,18.336,0.1038862070889279,W1
QSO_212.6950618+12.3556481,57572.1206853449,18.345,0.0808857097816111,W1
QSO_212.6950618+12.3556481,57768.66657600002,18.513,0.0565113708859783,W1
QSO_212.6950618+12.3556481,58295.3293465,18.439,0.0273128905369166,W1
QSO_212.6950618+12.3556481,58659.38934375004,18.404,0.0421342392555871,W1
QSO_212.6950618+12.3556481,59024.00227779998,18.374,0.0591546272570957,W1
QSO_212.6950618+12.3556481,59231.30447700003,18.546,0.0507625266665897,W1
QSO_212.6950618+12.3556481,59755.17085475,18.4295,0.0344012720966228,W1
QSO_212.6950618+12.3556481,60118.90842925,18.561,0.0484451716133706,W1
QSO_212.6950618+12.3556481,60325.7130754,18.401,0.0592969804878168,W1
QSO_212.6950618+12.3556481,55214.18832449997,18.126,0.0674749250807337,W2
QSO_212.6950618+12.3556481,55389.65776750002,18.273,0.0655296874835442,W2
QSO_212.6950618+12.3556481,55576.953758000025,18.357,0.084752372758551,W2
QSO_212.6950618+12.3556481,56674.894681999984,18.459,0.0993435553948888,W2
QSO_212.6950618+12.3556481,56854.32590799996,18.224,0.0837634005412457,W2
QSO_212.6950618+12.3556481,57040.826747130544,18.234,0.10331164875921,W2
QSO_212.6950618+12.3556481,57212.94566039813,18.309,0.0590523586901235,W2
QSO_212.6950618+12.3556481,57403.27870756636,18.275,0.0691888024105687,W2
QSO_212.6950618+12.3556481,57572.1206853449,18.17,0.0624497141456628,W2
QSO_212.6950618+12.3556481,57768.66657600002,18.32,0.0455539919299946,W2
QSO_212.6950618+12.3556481,58295.3293465,18.3065,0.0803203999095052,W2
QSO_212.6950618+12.3556481,58659.38934375004,18.163,0.0654134523862363,W2
QSO_212.6950618+12.3556481,59024.00227779998,18.245,0.0951446524450475,W2
QSO_212.6950618+12.3556481,59231.30447700003,18.086,0.0904694970709168,W2
QSO_212.6950618+12.3556481,59755.17085475,18.258000000000003,0.0845532958532673,W2
QSO_212.6950618+12.3556481,60118.90842925,18.2035,0.0569083515913216,W2
QSO_212.6950618+12.3556481,60325.7130754,18.224,0.0752613568110761,W2
QSO_212.8219182+12.4887142,55214.12215000001,17.918,0.0462388858049243,W1
QSO_212.8219182+12.4887142,55389.789988750046,17.978499999999997,0.0364311973843454,W1
QSO_212.8219182+12.4887142,55577.08585149999,17.968,0.0557801948006474,W1
QSO_212.8219182+12.4887142,56674.894681999984,18.065,0.0354052378073854,W1
QSO_212.8219182+12.4887142,56854.424604,18.0785,0.0719521785632653,W1
QSO_212.8219182+12.4887142,57040.95792813884,17.895,0.0726252124529878,W1
QSO_212.8219182+12.4887142,57213.011323902254,17.945999999999998,0.0598221644378127,W1
QSO_212.8219182+12.4887142,57403.31157436842,17.9685,0.0450959913684134,W1
QSO_212.8219182+12.4887142,57572.21919425114,18.0,0.0354336497328414,W1
QSO_212.8219182+12.4887142,57768.79739199997,18.023,0.0348986482342894,W1
QSO_212.8219182+12.4887142,58295.46016250004,18.035,0.0456233075805616,W1
QSO_212.8219182+12.4887142,58499.70040200002,18.008,0.0303855795849284,W1
QSO_212.8219182+12.4887142,58866.35429259999,18.0035,0.0573968882238207,W1
QSO_212.8219182+12.4887142,59231.30447700003,17.951,0.0422145210736032,W1
QSO_212.8219182+12.4887142,59595.35303149998,18.034,0.0377854775846975,W1
QSO_212.8219182+12.4887142,60040.53148650001,17.981,0.0355514410211131,W1
QSO_212.8219182+12.4887142,60326.10033999996,18.041,0.0388328783193227,W1
QSO_212.8219182+12.4887142,55214.12215000001,18.383,0.0626638678233198,W2
QSO_212.8219182+12.4887142,55389.789988750046,18.5,0.0550215833611549,W2
QSO_212.8219182+12.4887142,55577.08585149999,18.294,0.0555601426316473,W2
QSO_212.8219182+12.4887142,56674.894681999984,18.04,0.071667001626167,W2
QSO_212.8219182+12.4887142,56854.424604,18.181,0.0811456468333331,W2
QSO_212.8219182+12.4887142,57040.95792813884,18.037,0.0839468967546644,W2
QSO_212.8219182+12.4887142,57213.011323902254,17.913999999999998,0.1320074820176568,W2
QSO_212.8219182+12.4887142,57403.31157436842,18.2985,0.0946783927138341,W2
QSO_212.8219182+12.4887142,57572.21919425114,18.3615,0.0699036117928892,W2
QSO_212.8219182+12.4887142,57768.79739199997,18.215,0.0642200220109716,W2
QSO_212.8219182+12.4887142,58295.46016250004,18.203,0.070865095484848,W2
QSO_212.8219182+12.4887142,58499.70040200002,18.13,0.0537570952418906,W2
QSO_212.8219182+12.4887142,58866.35429259999,18.0815,0.0634199970194565,W2
QSO_212.8219182+12.4887142,59231.30447700003,18.255,0.0714301961783847,W2
QSO_212.8219182+12.4887142,59595.35303149998,18.206,0.0620294638564771,W2
QSO_212.8219182+12.4887142,60040.53148650001,18.381,0.0639758367056956,W2
QSO_212.8219182+12.4887142,60326.10033999996,18.08,0.0690991511767754,W2
QSO_212.7154204+12.3231521,55214.15523724999,18.107,0.0518091208186356,W1
QSO_212.7154204+12.3231521,55389.789988750046,18.295,0.0644325901502443,W1
QSO_212.7154204+12.3231521,55577.01982299998,18.264,0.0547712820128699,W1
QSO_212.7154204+12.3231521,56674.894681999984,18.061,0.034017121247122,W1
QSO_212.7154204+12.3231521,56854.32590799996,18.163,0.0496078990826051,W1
QSO_212.7154204+12.3231521,57040.826747130544,18.089,0.0534468285878655,W1
QSO_212.7154204+12.3231521,57213.01121440225,18.103,0.0882240103062258,W1
QSO_212.7154204+12.3231521,57403.27885396631,18.059,0.0329533902038307,W1
QSO_212.7154204+12.3231521,57572.15353384699,18.165,0.0566097995946892,W1
QSO_212.7154204+12.3231521,57850.449534499945,18.193,0.0355953669247331,W1
QSO_212.7154204+12.3231521,58295.46008949998,18.103,0.0303714868977246,W1
QSO_212.7154204+12.3231521,58579.44686124998,18.121,0.0247881879876585,W1
QSO_212.7154204+12.3231521,59024.03507139994,18.017000000000003,0.0492491176158264,W1
QSO_212.7154204+12.3231521,59231.239123750005,18.098,0.0393124203314707,W1
QSO_212.7154204+12.3231521,59755.0402395,18.189,0.0467352542716474,W1
QSO_212.7154204+12.3231521,60118.84358699997,18.048,0.0476932573683315,W1
QSO_212.7154204+12.3231521,60325.7130754,18.127,0.0272075058682075,W1
QSO_212.7154204+12.3231521,55214.15523724999,18.451500000000003,0.0529347145075894,W2
QSO_212.7154204+12.3231521,55389.789988750046,18.445500000000003,0.0525336106489303,W2
QSO_212.7154204+12.3231521,55577.01982299998,18.292,0.0546524913870797,W2
QSO_212.7154204+12.3231521,56674.894681999984,17.995,0.0886937174051098,W2
QSO_212.7154204+12.3231521,56854.32590799996,18.378,0.0971367784055467,W2
QSO_212.7154204+12.3231521,57040.826747130544,18.177,0.0871674985439195,W2
QSO_212.7154204+12.3231521,57213.01121440225,18.077,0.0921144096864289,W2
QSO_212.7154204+12.3231521,57403.27885396631,18.226,0.1074705816766891,W2
QSO_212.7154204+12.3231521,57572.15353384699,18.363,0.0812393878265382,W2
QSO_212.7154204+12.3231521,57850.449534499945,18.274,0.041204069663985,W2
QSO_212.7154204+12.3231521,58295.46008949998,18.274500000000003,0.0500115125739303,W2
QSO_212.7154204+12.3231521,58579.44686124998,18.361,0.0517086668716509,W2
QSO_212.7154204+12.3231521,59024.03507139994,18.1195,0.0593478700353633,W2
QSO_212.7154204+12.3231521,59231.239123750005,18.0535,0.0777035017915676,W2
QSO_212.7154204+12.3231521,59755.0402395,18.259,0.0759118663938412,W2
QSO_212.7154204+12.3231521,60118.84358699997,18.043,0.0632298474254223,W2
QSO_212.7154204+12.3231521,60325.7130754,18.177,0.0665300829081738,W2
QSO_212.7865991+12.2266648,55214.18832449997,18.164,0.0465991103444965,W1
QSO_212.7865991+12.2266648,55389.82300299997,18.1025,0.0629751674878012,W1
QSO_212.7865991+12.2266648,55577.15202600004,18.242,0.0449810712338686,W1
QSO_212.7865991+12.2266648,56674.92769624999,18.1235,0.0783505618797657,W1
QSO_212.7865991+12.2266648,56854.45738100002,18.126,0.0637069502263096,W1
QSO_212.7865991+12.2266648,57040.958074138965,18.195,0.0726777089809252,W1
QSO_212.7865991+12.2266648,57213.14241366061,18.113,0.0479054172302048,W1
QSO_212.7865991+12.2266648,57403.541568782966,18.341,0.0361580972950737,W1
QSO_212.7865991+12.2266648,57572.15353384699,18.181,0.0410240441857257,W1
QSO_212.7865991+12.2266648,57768.535796500015,18.233,0.0333376965074436,W1
QSO_212.7865991+12.2266648,58135.71283899997,18.212,0.0390808523370535,W1
QSO_212.7865991+12.2266648,58579.57762249993,18.1895,0.0292438103846982,W1
QSO_212.7865991+12.2266648,59024.10085989999,18.2245,0.0539914453055366,W1
QSO_212.7865991+12.2266648,59391.19086550003,18.236,0.0615768236873217,W1
QSO_212.7865991+12.2266648,59755.17085475,18.179,0.0465782322714844,W1
QSO_212.7865991+12.2266648,60118.97316200002,18.203,0.0467660702616586,W1
QSO_212.7865991+12.2266648,60325.777637800034,18.227,0.0504450133216451,W1
QSO_212.7865991+12.2266648,55214.18832449997,18.377,0.0832973726567061,W2
QSO_212.7865991+12.2266648,55389.82300299997,18.4375,0.0760325137601541,W2
QSO_212.7865991+12.2266648,55577.15202600004,18.367,0.0535395680722341,W2
QSO_212.7865991+12.2266648,56674.92769624999,18.277,0.0930963882221002,W2
QSO_212.7865991+12.2266648,56854.45738100002,18.353,0.0879785166044634,W2
QSO_212.7865991+12.2266648,57040.958074138965,18.187,0.0906101554702805,W2
QSO_212.7865991+12.2266648,57213.14241366061,18.3265,0.0874941426610946,W2
QSO_212.7865991+12.2266648,57403.541568782966,18.455,0.2222599199136002,W2
QSO_212.7865991+12.2266648,57572.15353384699,18.267,0.0731334627986163,W2
QSO_212.7865991+12.2266648,57768.535796500015,18.168,0.0664655680914002,W2
QSO_212.7865991+12.2266648,58135.71283899997,18.26,0.0707759319344278,W2
QSO_212.7865991+12.2266648,58579.57762249993,18.2115,0.0554887932184464,W2
QSO_212.7865991+12.2266648,59024.10085989999,18.1655,0.0729858107540675,W2
QSO_212.7865991+12.2266648,59391.19086550003,18.27,0.0584747686089478,W2
QSO_212.7865991+12.2266648,59755.17085475,18.286,0.0756297837993133,W2
QSO_212.7865991+12.2266648,60118.97316200002,18.17,0.0661307925178341,W2
QSO_212.7865991+12.2266648,60325.777637800034,18.22,0.1029398141284051,W2
QSO_212.7279684+12.3115068,55214.15523724999,18.244,0.0563656012120868,W1
QSO_212.7279684+12.3115068,55389.82307600003,18.19,0.0398679821410615,W1
QSO_212.7279684+12.3115068,55577.01982299998,18.281,0.0548733869247434,W1
QSO_212.7279684+12.3115068,56674.894681999984,18.201,0.0395771602736579,W1
QSO_212.7279684+12.3115068,56854.39171749997,18.0815,0.0306342203188762,W1
QSO_212.7279684+12.3115068,57040.826747130544,18.2105,0.0402690451836146,W1
QSO_212.7279684+12.3115068,57213.01126915225,18.291,0.0762683486119897,W1
QSO_212.7279684+12.3115068,57403.31164756839,18.202,0.0366202801992966,W1
QSO_212.7279684+12.3115068,57572.1206853449,18.101,0.0603360920179622,W1
QSO_212.7279684+12.3115068,57932.23234700001,18.113,0.0367779048416322,W1
QSO_212.7279684+12.3115068,58295.59083249996,18.1475,0.0385232078545228,W1
QSO_212.7279684+12.3115068,58499.70047499999,18.1505,0.0416601081740419,W1
QSO_212.7279684+12.3115068,59024.03507139994,18.176,0.0677491639708567,W1
QSO_212.7279684+12.3115068,59231.10843549995,18.09,0.0305580731286076,W1
QSO_212.7279684+12.3115068,59754.9752695,18.1935,0.0587981828966962,W1
QSO_212.7279684+12.3115068,60118.97327150002,18.198,0.0333553312577287,W1
QSO_212.7279684+12.3115068,60325.842328300045,18.132,0.0453167861957477,W1
QSO_212.7279684+12.3115068,55214.15523724999,18.455,0.0657195632973927,W2
QSO_212.7279684+12.3115068,55389.82307600003,18.273,0.0653227791928778,W2
QSO_212.7279684+12.3115068,55577.01982299998,18.31,0.0434621538216275,W2
QSO_212.7279684+12.3115068,56674.894681999984,18.231,0.0740922324071856,W2
QSO_212.7279684+12.3115068,56854.39171749997,18.388,0.0466871873597161,W2
QSO_212.7279684+12.3115068,57040.826747130544,18.2195,0.0396673795454149,W2
QSO_212.7279684+12.3115068,57213.01126915225,18.05,0.0797758672782691,W2
QSO_212.7279684+12.3115068,57403.31164756839,18.194000000000003,0.0579792359114452,W2
QSO_212.7279684+12.3115068,57572.1206853449,18.119,0.1032932911664645,W2
QSO_212.7279684+12.3115068,57932.23234700001,18.192,0.0722972492528409,W2
QSO_212.7279684+12.3115068,58295.59083249996,18.2495,0.0727244087410555,W2
QSO_212.7279684+12.3115068,58499.70047499999,18.207,0.0522250231481513,W2
QSO_212.7279684+12.3115068,59024.03507139994,17.983,0.0838409356474173,W2
QSO_212.7279684+12.3115068,59231.10843549995,18.2025,0.062386553038295,W2
QSO_212.7279684+12.3115068,59754.9752695,18.1525,0.0814895135359546,W2
QSO_212.7279684+12.3115068,60118.97327150002,18.245,0.0724583009557156,W2
QSO_212.7279684+12.3115068,60325.842328300045,18.08,0.0655478403599795,W2
QSO_212.6734501+12.3383619,55214.12215000001,17.929000000000002,0.06581886854687,W1
QSO_212.6734501+12.3383619,55389.69083650003,17.875999999999998,0.039903825120648,W1
QSO_212.6734501+12.3383619,55576.9867905,17.965,0.0439073507768354,W1
QSO_212.6734501+12.3383619,56674.894681999984,17.791,0.0391312880055936,W1
QSO_212.6734501+12.3383619,56854.29307625002,17.9365,0.0507754763640876,W1
QSO_212.6734501+12.3383619,57040.826747130544,17.893,0.0433876347821701,W1
QSO_212.6734501+12.3383619,57213.01126915225,17.8015,0.0503142524539516,W1
QSO_212.6734501+12.3383619,57403.27885396631,17.953,0.0452148354448765,W1
QSO_212.6734501+12.3383619,57572.05504324081,17.962,0.0553677613778993,W1
QSO_212.6734501+12.3383619,57850.384053499954,17.853,0.0331652851373529,W1
QSO_212.6734501+12.3383619,58295.26393849999,17.914,0.0352188918908292,W1
QSO_212.6734501+12.3383619,58499.56973200001,17.825,0.0360659811187927,W1
QSO_212.6734501+12.3383619,59023.93701999997,17.8305,0.03186096121603,W1
QSO_212.6734501+12.3383619,59231.239123750005,17.902,0.040227757829638,W1
QSO_212.6734501+12.3383619,59755.23620800002,17.945999999999998,0.038523515330457,W1
QSO_212.6734501+12.3383619,60040.46664424998,17.820999999999998,0.0153854879792005,W1
QSO_212.6734501+12.3383619,60325.71300219993,17.905,0.0221058221968783,W1
QSO_212.6734501+12.3383619,55214.12215000001,17.948,0.0976783304598652,W2
QSO_212.6734501+12.3383619,55389.69083650003,18.231,0.060476169778774,W2
QSO_212.6734501+12.3383619,55576.9867905,18.3585,0.0592325800744325,W2
QSO_212.6734501+12.3383619,56674.894681999984,18.163,0.0642278064350565,W2
QSO_212.6734501+12.3383619,56854.29307625002,18.3765,0.0949093725614072,W2
QSO_212.6734501+12.3383619,57040.826747130544,18.271,0.0854399671053494,W2
QSO_212.6734501+12.3383619,57213.01126915225,18.1535,0.0992004032249871,W2
QSO_212.6734501+12.3383619,57403.27885396631,18.313,0.0556261773353002,W2
QSO_212.6734501+12.3383619,57572.05504324081,18.1325,0.0995118887369746,W2
QSO_212.6734501+12.3383619,57850.384053499954,18.1675,0.0573930464155676,W2
QSO_212.6734501+12.3383619,58295.26393849999,18.268,0.0543307012717687,W2
QSO_212.6734501+12.3383619,58499.56973200001,18.137,0.0794010430988076,W2
QSO_212.6734501+12.3383619,59023.93701999997,17.9565,0.0898820787806863,W2
QSO_212.6734501+12.3383619,59231.239123750005,18.068,0.0622449837336311,W2
QSO_212.6734501+12.3383619,59755.23620800002,18.064,0.0736712117541037,W2
QSO_212.6734501+12.3383619,60040.46664424998,18.201,0.056758386981605,W2
QSO_212.6734501+12.3383619,60325.71300219993,18.1025,0.0959636754194001,W2
QSO_212.9001873+12.1408863,55214.353614750005,17.686,0.0396504620845522,W1
QSO_212.9001873+12.1408863,55389.92213700002,17.9,0.0441159393855749,W1
QSO_212.9001873+12.1408863,55577.2182005,17.933,0.0455352506674043,W1
QSO_212.9001873+12.1408863,56675.15806600003,17.817999999999998,0.0581751293854371,W1
QSO_212.9001873+12.1408863,56854.58887224997,17.7075,0.0344379726222861,W1
QSO_212.9001873+12.1408863,57041.12221464931,17.6995,0.0332927769944172,W1
QSO_212.9001873+12.1408863,57213.14241366061,17.728499999999997,0.0540515032168394,W1
QSO_212.9001873+12.1408863,57403.541568782966,17.725,0.0416670126321888,W1
QSO_212.9001873+12.1408863,57572.28478145532,17.7195,0.0471440770404935,W1
QSO_212.9001873+12.1408863,57932.363162999965,17.716,0.0281079679348837,W1
QSO_212.9001873+12.1408863,58295.525424500025,17.747999999999998,0.0343082251623281,W1
QSO_212.9001873+12.1408863,58659.716000499946,17.683500000000002,0.0314150819671061,W1
QSO_212.9001873+12.1408863,59024.2648828,17.753,0.030857062921127,W1
QSO_212.9001873+12.1408863,59231.565853499975,17.692999999999998,0.0452592885074336,W1
QSO_212.9001873+12.1408863,59755.43184800002,17.805999999999997,0.0567409719768232,W1
QSO_212.9001873+12.1408863,60119.23249450001,17.801000000000002,0.046237755451087,W1
QSO_212.9001873+12.1408863,60326.10033999996,17.777,0.0349534597961335,W1
QSO_212.9001873+12.1408863,55214.353614750005,18.284,0.0845573817604659,W2
QSO_212.9001873+12.1408863,55389.92213700002,18.4525,0.0591115218181854,W2
QSO_212.9001873+12.1408863,55577.2182005,18.488,0.0783244230855896,W2
QSO_212.9001873+12.1408863,56675.15806600003,18.126,0.1090472141989617,W2
QSO_212.9001873+12.1408863,56854.58887224997,18.267000000000003,0.0947289261231459,W2
QSO_212.9001873+12.1408863,57041.12221464931,18.162,0.0854391537879443,W2
QSO_212.9001873+12.1408863,57213.14241366061,18.313,0.0664365101171278,W2
QSO_212.9001873+12.1408863,57403.541568782966,18.349,0.1032382678162073,W2
QSO_212.9001873+12.1408863,57572.28478145532,18.36,0.0932266914568999,W2
QSO_212.9001873+12.1408863,57932.363162999965,18.101,0.0602341681228503,W2
QSO_212.9001873+12.1408863,58295.525424500025,18.166,0.0622959660649954,W2
QSO_212.9001873+12.1408863,58659.716000499946,18.205,0.0687928948002626,W2
QSO_212.9001873+12.1408863,59024.2648828,18.214,0.0558938134734442,W2
QSO_212.9001873+12.1408863,59231.565853499975,18.202,0.0577621655416381,W2
QSO_212.9001873+12.1408863,59755.43184800002,18.253,0.0670285963298315,W2
QSO_212.9001873+12.1408863,60119.23249450001,18.09,0.061590102094029,W2
QSO_212.9001873+12.1408863,60326.10033999996,17.848,0.0727211521349904,W2
QSO_212.6415522+12.2377477,55214.15529199999,17.574,0.0311091787098276,W1
QSO_212.6415522+12.2377477,55389.69072700002,17.654,0.0319897428941278,W1
QSO_212.6415522+12.2377477,55576.98684525,17.668,0.0639727207487688,W1
QSO_212.6415522+12.2377477,56674.89479149999,17.644,0.0370843050351476,W1
QSO_212.6415522+12.2377477,56854.39171749997,17.674,0.0423802436049036,W1
QSO_212.6415522+12.2377477,57040.761083626414,17.616999999999997,0.0369116352988561,W1
QSO_212.6415522+12.2377477,57212.97843740019,17.551,0.0473907585927892,W1
QSO_212.6415522+12.2377477,57403.34444117048,17.714,0.0322688466426805,W1
QSO_212.6415522+12.2377477,57572.05504324081,17.658,0.0389301425633146,W1
QSO_212.6415522+12.2377477,57768.60118625006,17.628,0.0328609518275027,W1
QSO_212.6415522+12.2377477,58215.48838875002,17.686500000000002,0.0290751652258002,W1
QSO_212.6415522+12.2377477,58579.44686124998,17.64,0.0197196602404809,W1
QSO_212.6415522+12.2377477,59024.06781009999,17.689,0.0392957256293146,W1
QSO_212.6415522+12.2377477,59311.18233624999,17.659,0.0312936315406185,W1
QSO_212.6415522+12.2377477,59754.9752695,17.693,0.0386480387398571,W1
QSO_212.6415522+12.2377477,60040.46658949998,17.676,0.0239517107485795,W1
QSO_212.6415522+12.2377477,60325.7130754,17.716,0.0239286859351284,W1
QSO_212.6415522+12.2377477,55214.15529199999,18.2275,0.0834128287495396,W2
QSO_212.6415522+12.2377477,55389.69072700002,18.421,0.0563600170759958,W2
QSO_212.6415522+12.2377477,55576.98684525,18.3095,0.1066914054645454,W2
QSO_212.6415522+12.2377477,56674.89479149999,18.041,0.0766383880598863,W2
QSO_212.6415522+12.2377477,56854.39171749997,18.301,0.0724955133184334,W2
QSO_212.6415522+12.2377477,57040.761083626414,18.259,0.1128503793267878,W2
QSO_212.6415522+12.2377477,57212.97843740019,18.3265,0.0647799042913773,W2
QSO_212.6415522+12.2377477,57403.34444117048,18.307,0.057599463684441,W2
QSO_212.6415522+12.2377477,57572.05504324081,18.267,0.0806605231820375,W2
QSO_212.6415522+12.2377477,57768.60118625006,18.0915,0.0443348140612681,W2
QSO_212.6415522+12.2377477,58215.48838875002,18.1515,0.0485333078250883,W2
QSO_212.6415522+12.2377477,58579.44686124998,18.0775,0.0459354043739684,W2
QSO_212.6415522+12.2377477,59024.06781009999,18.1365,0.0513481434517111,W2
QSO_212.6415522+12.2377477,59311.18233624999,18.0165,0.0783984526314136,W2
QSO_212.6415522+12.2377477,59754.9752695,17.944499999999998,0.085378111217103,W2
QSO_212.6415522+12.2377477,60040.46658949998,18.1885,0.0594887789392624,W2
QSO_212.6415522+12.2377477,60325.7130754,18.021,0.0831686626983171,W2
QSO_212.9694836+12.2476166,55214.4527305,18.046,0.0419104443947016,W1
QSO_212.9694836+12.2476166,55390.05434,18.116,0.0504043019879467,W1
QSO_212.9694836+12.2476166,55577.25114175003,18.176,0.0418715518204406,W1
QSO_212.9694836+12.2476166,56675.09229299998,18.172,0.078304880569398,W1
QSO_212.9694836+12.2476166,56854.62175875,18.128,0.051823701141466,W1
QSO_212.9694836+12.2476166,57041.1550281514,17.968,0.0688417866217476,W1
QSO_212.9694836+12.2476166,57213.33913042314,18.129,0.0567674001774616,W1
QSO_212.9694836+12.2476166,57403.541568782966,18.009999999999998,0.0580078615361747,W1
QSO_212.9694836+12.2476166,57572.28478145532,18.09,0.0491455898326595,W1
QSO_212.9694836+12.2476166,57769.05927949999,18.159,0.0443571667787977,W1
QSO_212.9694836+12.2476166,58295.78705650001,18.172,0.0420591646257285,W1
QSO_212.9694836+12.2476166,58659.716000499946,18.1405,0.0430558997118862,W1
QSO_212.9694836+12.2476166,58945.178321799925,18.077,0.0398076851946205,W1
QSO_212.9694836+12.2476166,59391.38685225002,18.1275,0.0375264839813165,W1
QSO_212.9694836+12.2476166,59675.52278124995,18.1945,0.037933583894873,W1
QSO_212.9694836+12.2476166,60119.49182699999,18.176,0.0386042188664103,W1
QSO_212.9694836+12.2476166,60326.10033999996,18.241,0.0466829545510354,W1
QSO_212.9694836+12.2476166,55214.4527305,18.26,0.0836685708738121,W2
QSO_212.9694836+12.2476166,55390.05434,18.473,0.0819883129159913,W2
QSO_212.9694836+12.2476166,55577.25114175003,18.2765,0.0328235673575264,W2
QSO_212.9694836+12.2476166,56675.09229299998,18.189,0.0743618115187202,W2
QSO_212.9694836+12.2476166,56854.62175875,18.331000000000003,0.0924762455985321,W2
QSO_212.9694836+12.2476166,57041.1550281514,18.124,0.0711498772578644,W2
QSO_212.9694836+12.2476166,57213.33913042314,18.368,0.0908345546789939,W2
QSO_212.9694836+12.2476166,57403.541568782966,18.235,0.1049866277199147,W2
QSO_212.9694836+12.2476166,57572.28478145532,18.412,0.0776585088705673,W2
QSO_212.9694836+12.2476166,57769.05927949999,18.4955,0.0528862597017142,W2
QSO_212.9694836+12.2476166,58295.78705650001,18.201,0.0478637183691281,W2
QSO_212.9694836+12.2476166,58659.716000499946,18.1755,0.0705866232015671,W2
QSO_212.9694836+12.2476166,58945.178321799925,18.0335,0.0719709481318677,W2
QSO_212.9694836+12.2476166,59391.38685225002,18.3305,0.0636828116527529,W2
QSO_212.9694836+12.2476166,59675.52278124995,18.243,0.0566206538067161,W2
QSO_212.9694836+12.2476166,60119.49182699999,18.042,0.0670148052819981,W2
QSO_212.9694836+12.2476166,60326.10033999996,18.1025,0.0642343178981567,W2
QSO_212.7817676+12.4421818,55214.18832449997,18.294,0.0719788035415894,W1
QSO_212.7817676+12.4421818,55389.72386900001,18.3445,0.0719356718826815,W1
QSO_212.7817676+12.4421818,55576.9867905,18.344,0.0237368783528793,W1
QSO_212.7817676+12.4421818,56674.86177724999,18.29,0.0729198806910707,W1
QSO_212.7817676+12.4421818,56854.424604,18.374,0.0546663437913906,W1
QSO_212.7817676+12.4421818,57040.79391537848,18.27,0.0398502195727952,W1
QSO_212.7817676+12.4421818,57212.945806398086,18.294,0.0455881837142602,W1
QSO_212.7817676+12.4421818,57403.31157436842,18.4375,0.1062213840141194,W1
QSO_212.7817676+12.4421818,57572.08783684282,18.179,0.0282069074807859,W1
QSO_212.7817676+12.4421818,57768.797538,18.219,0.0338092701124823,W1
QSO_212.7817676+12.4421818,58295.5254975,18.256,0.0531271078013224,W1
QSO_212.7817676+12.4421818,58499.70040200002,18.417,0.0561458506834546,W1
QSO_212.7817676+12.4421818,59024.13365349996,18.3075,0.0580419075936463,W1
QSO_212.7817676+12.4421818,59231.239123750005,18.422,0.0577338332349411,W1
QSO_212.7817676+12.4421818,59755.0402395,18.305,0.061489136454279,W1
QSO_212.7817676+12.4421818,60040.46664424998,18.307,0.0459444684682006,W1
QSO_212.7817676+12.4421818,60325.97150800004,18.3005,0.048448956387109,W1
QSO_212.7817676+12.4421818,55214.18832449997,18.492,0.085124551871536,W2
QSO_212.7817676+12.4421818,55389.72386900001,18.4525,0.0744242257535054,W2
QSO_212.7817676+12.4421818,55576.9867905,18.3455,0.0509728220521777,W2
QSO_212.7817676+12.4421818,56674.86177724999,18.1495,0.078629612742274,W2
QSO_212.7817676+12.4421818,56854.424604,18.3025,0.0438781654445326,W2
QSO_212.7817676+12.4421818,57040.79391537848,18.193,0.1145975086989242,W2
QSO_212.7817676+12.4421818,57212.945806398086,18.289,0.0731825830256219,W2
QSO_212.7817676+12.4421818,57403.31157436842,18.471,0.0555431806964184,W2
QSO_212.7817676+12.4421818,57572.08783684282,18.468,0.0517959222168988,W2
QSO_212.7817676+12.4421818,57768.797538,18.228,0.0588593795724674,W2
QSO_212.7817676+12.4421818,58295.5254975,18.2675,0.0603203230869564,W2
QSO_212.7817676+12.4421818,58499.70040200002,18.229,0.057172726509382,W2
QSO_212.7817676+12.4421818,59024.13365349996,18.0175,0.0883728769524868,W2
QSO_212.7817676+12.4421818,59231.239123750005,18.2765,0.0487888960215335,W2
QSO_212.7817676+12.4421818,59755.0402395,18.192,0.0811686747171775,W2
QSO_212.7817676+12.4421818,60040.46664424998,18.106,0.079065387496679,W2
QSO_212.7817676+12.4421818,60325.97150800004,18.144,0.0826569749023033,W2
QSO_212.8088059+12.3899982,55214.15523724999,18.3385,0.062850070530913,W1
QSO_212.8088059+12.3899982,55389.85609025003,18.3395,0.0608238282742669,W1
QSO_212.8088059+12.3899982,55577.05289199999,18.2705,0.0951712242292611,W1
QSO_212.8088059+12.3899982,56674.96060099999,18.161,0.1050333495033305,W1
QSO_212.8088059+12.3899982,56854.45743575002,18.2765,0.0550094991796873,W1
QSO_212.8088059+12.3899982,57040.99090589103,18.238,0.0627271935462219,W1
QSO_212.8088059+12.3899982,57213.011323902254,18.294,0.0647340975137261,W1
QSO_212.8088059+12.3899982,57403.47585347881,18.2015,0.0789061819306635,W1
QSO_212.8088059+12.3899982,57572.15353384699,18.181,0.0626925565992424,W1
QSO_212.8088059+12.3899982,57932.36321775005,18.318,0.0554247868737444,W1
QSO_212.8088059+12.3899982,58295.590905500016,18.308,0.0574103039532103,W1
QSO_212.8088059+12.3899982,58499.63506699997,18.3495,0.0503310279549306,W1
QSO_212.8088059+12.3899982,59024.19944200001,18.225,0.0575069825067968,W1
QSO_212.8088059+12.3899982,59311.24767125003,18.2275,0.0299019484164029,W1
QSO_212.8088059+12.3899982,59755.17085475,18.2795,0.0598500741436465,W1
QSO_212.8088059+12.3899982,60119.03785825001,18.303,0.0597680715348924,W1
QSO_212.8088059+12.3899982,60325.7452834,18.314,0.0521327247288526,W1
QSO_212.8088059+12.3899982,55214.15523724999,18.262500000000003,0.0683396677280858,W2
QSO_212.8088059+12.3899982,55389.85609025003,18.39,0.0608748169059533,W2
QSO_212.8088059+12.3899982,55577.05289199999,18.5,0.1018851818361129,W2
QSO_212.8088059+12.3899982,56674.96060099999,18.311,0.0760395820053952,W2
QSO_212.8088059+12.3899982,56854.45743575002,18.422,0.1121989349325564,W2
QSO_212.8088059+12.3899982,57040.99090589103,18.3995,0.060491672789334,W2
QSO_212.8088059+12.3899982,57213.011323902254,18.563,0.0357068580877731,W2
QSO_212.8088059+12.3899982,57403.47585347881,18.393,0.0974696166601418,W2
QSO_212.8088059+12.3899982,57572.15353384699,18.351,0.0689847799360538,W2
QSO_212.8088059+12.3899982,57932.36321775005,18.3395,0.0560166939402888,W2
QSO_212.8088059+12.3899982,58295.590905500016,18.1875,0.0496557851614492,W2
QSO_212.8088059+12.3899982,58499.63506699997,18.257,0.0649717582877361,W2
QSO_212.8088059+12.3899982,59024.19944200001,18.078,0.1035986643700548,W2
QSO_212.8088059+12.3899982,59311.24767125003,18.2135,0.0786781439977807,W2
QSO_212.8088059+12.3899982,59755.17085475,18.15,0.082265724180852,W2
QSO_212.8088059+12.3899982,60119.03785825001,18.2675,0.0700398672186064,W2
QSO_212.8088059+12.3899982,60325.7452834,18.158,0.0836955922405346,W2
QSO_212.6523026+12.217811,55214.18832449997,18.165,0.0539039549906717,W1
QSO_212.6523026+12.217811,55389.69072700002,18.122,0.0674046672497236,W1
QSO_212.6523026+12.217811,55576.98684525,18.0995,0.0440723155733845,W1
QSO_212.6523026+12.217811,56674.89479149999,17.869999999999997,0.0603708654850741,W1
QSO_212.6523026+12.217811,56854.39164449999,18.065,0.0634748966127557,W1
QSO_212.6523026+12.217811,57040.79391537848,17.9515,0.0553127833326075,W1
QSO_212.6523026+12.217811,57212.94566039813,17.941000000000003,0.054474393375307,W1
QSO_212.6523026+12.217811,57403.31164756839,17.868499999999997,0.0580053708450777,W1
QSO_212.6523026+12.217811,57572.08783684282,18.034,0.0520642475318355,W1
QSO_212.6523026+12.217811,57768.66666725005,18.005499999999998,0.0295400149433481,W1
QSO_212.6523026+12.217811,58135.58213250002,18.006,0.035900551287406,W1
QSO_212.6523026+12.217811,58659.45469699997,17.930999999999997,0.0452345815868449,W1
QSO_212.6523026+12.217811,59024.06781009999,17.9965,0.0462438278916851,W1
QSO_212.6523026+12.217811,59231.239123750005,17.991,0.0347447409183659,W1
QSO_212.6523026+12.217811,59755.1708,17.983,0.0533101007008494,W1
QSO_212.6523026+12.217811,60118.84347749997,18.0485,0.0320576415375864,W1
QSO_212.6523026+12.217811,60325.7130754,17.945,0.0456432015992391,W1
QSO_212.6523026+12.217811,55214.18832449997,18.545,0.0788536004760663,W2
QSO_212.6523026+12.217811,55389.69072700002,18.267,0.0459169759954842,W2
QSO_212.6523026+12.217811,55576.98684525,18.339,0.0972838321613617,W2
QSO_212.6523026+12.217811,56674.89479149999,18.227,0.0911815540652237,W2
QSO_212.6523026+12.217811,56854.39164449999,18.208,0.0798901467446079,W2
QSO_212.6523026+12.217811,57040.79391537848,18.2675,0.0738268311659116,W2
QSO_212.6523026+12.217811,57212.94566039813,18.258,0.0583522955658576,W2
QSO_212.6523026+12.217811,57403.31164756839,18.1765,0.0532279150211615,W2
QSO_212.6523026+12.217811,57572.08783684282,18.188,0.0655686950631993,W2
QSO_212.6523026+12.217811,57768.66666725005,18.2025,0.057447639725351,W2
QSO_212.6523026+12.217811,58135.58213250002,18.159,0.0842107477138829,W2
QSO_212.6523026+12.217811,58659.45469699997,18.368,0.0816730044859272,W2
QSO_212.6523026+12.217811,59024.06781009999,18.1565,0.1056058185957705,W2
QSO_212.6523026+12.217811,59231.239123750005,18.099,0.0855395316482933,W2
QSO_212.6523026+12.217811,59755.1708,18.146,0.0627971884758106,W2
QSO_212.6523026+12.217811,60118.84347749997,18.182,0.071725019709868,W2
QSO_212.6523026+12.217811,60325.7130754,18.229,0.0808209077709022,W2
QSO_212.7158041+12.22584,55214.122259500014,17.927999999999997,0.0324478892171839,W1
QSO_212.7158041+12.22584,55389.82300299997,17.954,0.0419839619524466,W1
QSO_212.7158041+12.22584,55577.05294674999,17.9315,0.0491098360819909,W1
QSO_212.7158041+12.22584,56674.96060099999,17.891,0.0517215028261488,W1
QSO_212.7158041+12.22584,56854.45738100002,17.975,0.0337979144813811,W1
QSO_212.7158041+12.22584,57040.89241063467,17.869,0.0482714899220416,W1
QSO_212.7158041+12.22584,57213.04404615431,17.750999999999998,0.0271546681069757,W1
QSO_212.7158041+12.22584,57403.34444117048,17.988999999999997,0.0426469218716932,W1
QSO_212.7158041+12.22584,57572.1206853449,17.901,0.0627304072998096,W1
QSO_212.7158041+12.22584,57768.66657600002,17.871000000000002,0.0289309246309204,W1
QSO_212.7158041+12.22584,58295.39475450003,17.8145,0.0332269451041227,W1
QSO_212.7158041+12.22584,58579.51226924999,17.9015,0.0410791248689647,W1
QSO_212.7158041+12.22584,59024.03552889993,17.9305,0.0552159690736361,W1
QSO_212.7158041+12.22584,59391.19086550003,17.936,0.0394164497347909,W1
QSO_212.7158041+12.22584,59754.91029949999,17.8735,0.0251675999697089,W1
QSO_212.7158041+12.22584,60119.03780350001,17.997999999999998,0.0345291786908821,W1
QSO_212.7158041+12.22584,60325.971581200014,17.962,0.036723388703002,W1
QSO_212.7158041+12.22584,55214.122259500014,18.394,0.0954069460226108,W2
QSO_212.7158041+12.22584,55389.82300299997,18.294,0.0377456003605252,W2
QSO_212.7158041+12.22584,55577.05294674999,18.16,0.0734887474379582,W2
QSO_212.7158041+12.22584,56674.96060099999,18.373,0.1038813425660902,W2
QSO_212.7158041+12.22584,56854.45738100002,18.317,0.0517724461060868,W2
QSO_212.7158041+12.22584,57040.89241063467,18.359,0.0926173550437324,W2
QSO_212.7158041+12.22584,57213.04404615431,18.125,0.088148987515456,W2
QSO_212.7158041+12.22584,57403.34444117048,18.271,0.0703088034769821,W2
QSO_212.7158041+12.22584,57572.1206853449,18.319,0.0824724741959401,W2
QSO_212.7158041+12.22584,57768.66657600002,18.212,0.0591388408408552,W2
QSO_212.7158041+12.22584,58295.39475450003,18.17,0.0866540096910099,W2
QSO_212.7158041+12.22584,58579.51226924999,18.1445,0.0690934973423694,W2
QSO_212.7158041+12.22584,59024.03552889993,17.883499999999998,0.0651975053132715,W2
QSO_212.7158041+12.22584,59391.19086550003,18.078,0.0631876015085244,W2
QSO_212.7158041+12.22584,59754.91029949999,18.143,0.0692843355547763,W2
QSO_212.7158041+12.22584,60119.03780350001,18.1145,0.0672395104502537,W2
QSO_212.7158041+12.22584,60325.971581200014,18.1775,0.0745515928736603,W2
QSO_212.6303192+12.3883238,55214.02299774999,18.178,0.0513292916428384,W1
QSO_212.6303192+12.3883238,55389.62469850001,18.2135,0.0310666225073406,W1
QSO_212.6303192+12.3883238,55576.88772950001,18.345,0.0380672424948871,W1
QSO_212.6303192+12.3883238,56674.82887249998,18.267,0.0605478866808549,W1
QSO_212.6303192+12.3883238,56854.2602445,18.295,0.0912750557516626,W1
QSO_212.6303192+12.3883238,57040.69542012228,18.319000000000003,0.0532896124853035,W1
QSO_212.6303192+12.3883238,57212.91290164604,18.269,0.0597242078222892,W1
QSO_212.6303192+12.3883238,57403.24591396427,18.199,0.0897406485378837,W1
QSO_212.6303192+12.3883238,57571.95660753463,18.2415,0.0573006195428987,W1
QSO_212.6303192+12.3883238,57768.60111325,18.209,0.0402345256570272,W1
QSO_212.6303192+12.3883238,58295.3293465,18.1995,0.0579276131704637,W1
QSO_212.6303192+12.3883238,58579.38127074998,18.249,0.0478076779824547,W1
QSO_212.6303192+12.3883238,59023.93720300003,18.34,0.0542266091267986,W1
QSO_212.6303192+12.3883238,59311.05170275001,18.227,0.040923611766314,W1
QSO_212.6303192+12.3883238,59754.84509225001,18.191000000000003,0.0455209597450249,W1
QSO_212.6303192+12.3883238,60118.97327150002,18.267,0.032368573400754,W1
QSO_212.6303192+12.3883238,60325.7130754,18.225,0.0627631930367061,W1
QSO_212.6303192+12.3883238,55214.02299774999,18.4495,0.0919723564548166,W2
QSO_212.6303192+12.3883238,55389.62469850001,18.65,0.0803381667517814,W2
QSO_212.6303192+12.3883238,55576.88772950001,18.23,0.0934555021335733,W2
QSO_212.6303192+12.3883238,56674.82887249998,17.958,0.0973636247887577,W2
QSO_212.6303192+12.3883238,56854.2602445,18.478,0.0721851376774257,W2
QSO_212.6303192+12.3883238,57040.69542012228,18.198,0.0925516639268405,W2
QSO_212.6303192+12.3883238,57212.91290164604,18.3565,0.0933614963461918,W2
QSO_212.6303192+12.3883238,57403.24591396427,18.0355,0.1290646349702349,W2
QSO_212.6303192+12.3883238,57571.95660753463,18.2515,0.0504592508862348,W2
QSO_212.6303192+12.3883238,57768.60111325,18.221,0.0645505854380166,W2
QSO_212.6303192+12.3883238,58295.3293465,18.2705,0.0691106260651472,W2
QSO_212.6303192+12.3883238,58579.38127074998,18.228,0.0442863720611989,W2
QSO_212.6303192+12.3883238,59023.93720300003,18.215,0.0635000220369831,W2
QSO_212.6303192+12.3883238,59311.05170275001,18.1255,0.0680196515721743,W2
QSO_212.6303192+12.3883238,59754.84509225001,18.2545,0.0584252823491745,W2
QSO_212.6303192+12.3883238,60118.97327150002,18.32,0.0659278471057565,W2
QSO_212.6303192+12.3883238,60325.7130754,18.112,0.0756927434470668,W2
QSO_212.7317221+12.4098681,55214.15523724999,17.857499999999998,0.0208906295447929,W1
QSO_212.7317221+12.4098681,55389.65776750002,17.82,0.0209318218635117,W1
QSO_212.7317221+12.4098681,55576.953758000025,17.911,0.0462222117872934,W1
QSO_212.7317221+12.4098681,56674.92764149999,17.881999999999998,0.0316716908295088,W1
QSO_212.7317221+12.4098681,56854.42454925,17.903,0.0355024083690105,W1
QSO_212.7317221+12.4098681,57040.826747130544,17.863,0.0386831510584085,W1
QSO_212.7317221+12.4098681,57212.97849215019,18.043,0.0536408053630815,W1
QSO_212.7317221+12.4098681,57403.31157436842,17.839,0.0465921130664836,W1
QSO_212.7317221+12.4098681,57572.1206853449,17.9235,0.0325251287468628,W1
QSO_212.7317221+12.4098681,57850.449534499945,17.8555,0.0390257651344429,W1
QSO_212.7317221+12.4098681,58295.39475450003,17.89,0.0236498612266592,W1
QSO_212.7317221+12.4098681,58499.504324,17.883499999999998,0.0301009087402229,W1
QSO_212.7317221+12.4098681,59024.13365349996,17.912499999999998,0.040378470729307,W1
QSO_212.7317221+12.4098681,59311.24767125003,17.915,0.034043686127647,W1
QSO_212.7317221+12.4098681,59754.91029949999,17.899,0.0294741737685582,W1
QSO_212.7317221+12.4098681,59962.0897015,17.894,0.0328600295226856,W1
QSO_212.7317221+12.4098681,60325.9068907,17.872,0.0239316504196988,W1
QSO_212.7317221+12.4098681,55214.15523724999,18.156,0.0682409137838113,W2
QSO_212.7317221+12.4098681,55389.65776750002,18.2765,0.0526240482279256,W2
QSO_212.7317221+12.4098681,55576.953758000025,18.234,0.0739481715875517,W2
QSO_212.7317221+12.4098681,56674.92764149999,18.149,0.0844380542172783,W2
QSO_212.7317221+12.4098681,56854.42454925,18.1205,0.0684567673791279,W2
QSO_212.7317221+12.4098681,57040.826747130544,18.268,0.0748371535349328,W2
QSO_212.7317221+12.4098681,57212.97849215019,18.263,0.0903291149076529,W2
QSO_212.7317221+12.4098681,57403.31157436842,18.1565,0.0883794602834846,W2
QSO_212.7317221+12.4098681,57572.1206853449,18.196,0.0838554768634704,W2
QSO_212.7317221+12.4098681,57850.449534499945,18.198,0.0626979175319821,W2
QSO_212.7317221+12.4098681,58295.39475450003,18.21,0.0580367355882019,W2
QSO_212.7317221+12.4098681,58499.504324,18.108,0.0747558139830439,W2
QSO_212.7317221+12.4098681,59024.13365349996,17.918,0.0742910380418347,W2
QSO_212.7317221+12.4098681,59311.24767125003,18.1365,0.0663524139172606,W2
QSO_212.7317221+12.4098681,59754.91029949999,18.151,0.0742539411090024,W2
QSO_212.7317221+12.4098681,59962.0897015,18.102,0.0482261459918639,W2
QSO_212.7317221+12.4098681,60325.9068907,17.9955,0.0674003312911128,W2
QSO_212.8075753+12.4902562,55214.12215000001,18.06,0.0378649385150074,W1
QSO_212.8075753+12.4902562,55389.72386900001,18.2205,0.0443216649667263,W1
QSO_212.8075753+12.4902562,55577.08585149999,18.15,0.039700414290743,W1
QSO_212.8075753+12.4902562,56674.86177724999,18.158,0.0451790327475036,W1
QSO_212.8075753+12.4902562,56854.39171749997,18.035,0.0854371474994308,W1
QSO_212.8075753+12.4902562,57040.89233763469,18.1015,0.0412478113897507,W1
QSO_212.8075753+12.4902562,57213.011323902254,18.113,0.0756354334480009,W1
QSO_212.8075753+12.4902562,57403.31157436842,18.344,0.1410575015729399,W1
QSO_212.8075753+12.4902562,57572.21919425114,18.1275,0.0418967911405125,W1
QSO_212.8075753+12.4902562,57768.797464999945,18.1725,0.0433211846952824,W1
QSO_212.8075753+12.4902562,58295.52557049997,18.112,0.0281526997783177,W1
QSO_212.8075753+12.4902562,58499.63506699997,18.197,0.0409226343238067,W1
QSO_212.8075753+12.4902562,58945.113064000005,18.1365,0.0435053723248616,W1
QSO_212.8075753+12.4902562,59231.17377049999,18.184,0.0481735363545035,W1
QSO_212.8075753+12.4902562,59595.22232500003,18.164,0.0528455037100144,W1
QSO_212.8075753+12.4902562,59962.08962850002,18.2045,0.034292671543097,W1
QSO_212.8075753+12.4902562,60406.16869600003,18.141,0.0345928999665725,W1
QSO_212.8075753+12.4902562,55214.12215000001,18.223,0.0593852554510691,W2
QSO_212.8075753+12.4902562,55389.72386900001,18.352,0.0670933844005554,W2
QSO_212.8075753+12.4902562,55577.08585149999,18.496,0.0807095017246361,W2
QSO_212.8075753+12.4902562,56674.86177724999,18.3145,0.0853862108305553,W2
QSO_212.8075753+12.4902562,56854.39171749997,18.251,0.095574287569641,W2
QSO_212.8075753+12.4902562,57040.89233763469,18.412,0.0846524621724132,W2
QSO_212.8075753+12.4902562,57213.011323902254,18.175,0.1064087158780464,W2
QSO_212.8075753+12.4902562,57403.31157436842,18.408,0.0878674316619928,W2
QSO_212.8075753+12.4902562,57572.21919425114,18.248,0.0950619350815967,W2
QSO_212.8075753+12.4902562,57768.797464999945,18.12,0.0633907998826869,W2
QSO_212.8075753+12.4902562,58295.52557049997,18.194,0.0643700109920346,W2
QSO_212.8075753+12.4902562,58499.63506699997,18.283,0.0559626784115986,W2
QSO_212.8075753+12.4902562,58945.113064000005,18.1175,0.096252151562363,W2
QSO_212.8075753+12.4902562,59231.17377049999,18.265,0.0676565751365444,W2
QSO_212.8075753+12.4902562,59595.22232500003,18.252,0.0638958323095141,W2
QSO_212.8075753+12.4902562,59962.08962850002,18.246,0.0524969758708277,W2
QSO_212.8075753+12.4902562,60406.16869600003,18.0635,0.0416146818208471,W2
QSO_212.726797+12.1407536,55214.18832449997,18.239,0.0631879597466927,W1
QSO_212.726797+12.1407536,55389.82293,18.174,0.0597490199088129,W1
QSO_212.726797+12.1407536,55577.085961,18.325,0.0661890945959076,W1
QSO_212.726797+12.1407536,56674.96060099999,18.257,0.0477962429639878,W1
QSO_212.726797+12.1407536,56854.39171749997,18.175,0.046959707459888,W1
QSO_212.726797+12.1407536,57040.958074138965,18.125,0.0707868959376547,W1
QSO_212.726797+12.1407536,57213.01121440225,18.171,0.0682177866558891,W1
QSO_212.726797+12.1407536,57403.41013817466,18.172,0.0906467529437323,W1
QSO_212.726797+12.1407536,57572.02224963873,18.285,0.0510053252180697,W1
QSO_212.726797+12.1407536,57932.23234700001,18.204500000000003,0.0346606611098436,W1
QSO_212.726797+12.1407536,58135.58207775002,18.2095,0.0379939074063198,W1
QSO_212.726797+12.1407536,58659.32399050002,18.201,0.059337160980923,W1
QSO_212.726797+12.1407536,59024.23208920003,18.2445,0.0505753185577928,W1
QSO_212.726797+12.1407536,59231.17377049999,18.219,0.0455243510696418,W1
QSO_212.726797+12.1407536,59755.30147,18.236,0.0508135298401402,W1
QSO_212.726797+12.1407536,60119.10229899996,18.2,0.0336699652314488,W1
QSO_212.726797+12.1407536,60326.10033999996,18.219,0.0664204514349114,W1
QSO_212.726797+12.1407536,55214.18832449997,18.429,0.0876707092946064,W2
QSO_212.726797+12.1407536,55389.82293,18.378,0.0901452880805844,W2
QSO_212.726797+12.1407536,55577.085961,18.365,0.0827289982564572,W2
QSO_212.726797+12.1407536,56674.96060099999,18.248,0.0842419594889771,W2
QSO_212.726797+12.1407536,56854.39171749997,18.125,0.0980166425096551,W2
QSO_212.726797+12.1407536,57040.958074138965,18.424,0.0727675895234136,W2
QSO_212.726797+12.1407536,57213.01121440225,18.399,0.0723553402778036,W2
QSO_212.726797+12.1407536,57403.41013817466,18.056,0.1023488290056796,W2
QSO_212.726797+12.1407536,57572.02224963873,18.106,0.0669096298936249,W2
QSO_212.726797+12.1407536,57932.23234700001,18.081,0.0715977678619368,W2
QSO_212.726797+12.1407536,58135.58207775002,18.3025,0.0758454316356627,W2
QSO_212.726797+12.1407536,58659.32399050002,18.203,0.0504686882816012,W2
QSO_212.726797+12.1407536,59024.23208920003,18.275,0.0921584786397062,W2
QSO_212.726797+12.1407536,59231.17377049999,18.298,0.0640873483603209,W2
QSO_212.726797+12.1407536,59755.30147,17.921,0.0633713476557324,W2
QSO_212.726797+12.1407536,60119.10229899996,18.234,0.0605928562050515,W2
QSO_212.726797+12.1407536,60326.10033999996,18.16,0.0882093502804437,W2
QSO_212.9348909+12.2744558,55214.32052750003,17.875,0.0696647008782771,W1
QSO_212.9348909+12.2744558,55389.98829325001,17.8645,0.0425809467513235,W1
QSO_212.9348909+12.2744558,55577.18504024996,17.9335,0.0373043972683588,W1
QSO_212.9348909+12.2744558,56675.09229299998,17.808999999999997,0.0616770143138079,W1
QSO_212.9348909+12.2744558,56854.55604049994,17.634999999999998,0.0300940027247953,W1
QSO_212.9348909+12.2744558,57041.12221464931,17.7885,0.0448604317114017,W1
QSO_212.9348909+12.2744558,57213.27353991899,17.903,0.0472013135410444,W1
QSO_212.9348909+12.2744558,57403.541568782966,17.73,0.0770812558278603,W1
QSO_212.9348909+12.2744558,57572.21912105117,17.872999999999998,0.0447428582668822,W1
QSO_212.9348909+12.2744558,57768.86294600002,17.8,0.0248476633710294,W1
QSO_212.9348909+12.2744558,58215.68452149996,17.724,0.0369481579378458,W1
QSO_212.9348909+12.2744558,58659.716000499946,17.872500000000002,0.0261690083877857,W1
QSO_212.9348909+12.2744558,59023.87176219996,17.874000000000002,0.0269366646851319,W1
QSO_212.9348909+12.2744558,59311.378359500006,17.8965,0.0452649983860383,W1
QSO_212.9348909+12.2744558,59755.431410000005,17.810000000000002,0.0319227581402146,W1
QSO_212.9348909+12.2744558,60119.36214250002,17.853,0.0263061319155145,W1
QSO_212.9348909+12.2744558,60326.23008700003,17.925,0.0392046564650247,W1
QSO_212.9348909+12.2744558,55214.32052750003,18.394,0.0841076641784428,W2
QSO_212.9348909+12.2744558,55389.98829325001,18.296,0.0760906725682923,W2
QSO_212.9348909+12.2744558,55577.18504024996,18.4975,0.0764152883675531,W2
QSO_212.9348909+12.2744558,56675.09229299998,18.061,0.0626455450335214,W2
QSO_212.9348909+12.2744558,56854.55604049994,18.296,0.0699941711858923,W2
QSO_212.9348909+12.2744558,57041.12221464931,18.2735,0.0708792130826958,W2
QSO_212.9348909+12.2744558,57213.27353991899,18.112,0.1212495608239467,W2
QSO_212.9348909+12.2744558,57403.541568782966,18.374,0.0627371660182386,W2
QSO_212.9348909+12.2744558,57572.21912105117,18.124,0.0602311101225651,W2
QSO_212.9348909+12.2744558,57768.86294600002,18.1955,0.0523102714579077,W2
QSO_212.9348909+12.2744558,58215.68452149996,18.1635,0.0579081287471803,W2
QSO_212.9348909+12.2744558,58659.716000499946,18.0445,0.0553380282897755,W2
QSO_212.9348909+12.2744558,59023.87176219996,17.98,0.0810686694928989,W2
QSO_212.9348909+12.2744558,59311.378359500006,18.093,0.0701212832536526,W2
QSO_212.9348909+12.2744558,59755.431410000005,18.077,0.0617895814135354,W2
QSO_212.9348909+12.2744558,60119.36214250002,18.012999999999998,0.0552389089253096,W2
QSO_212.9348909+12.2744558,60326.23008700003,18.263,0.10486303862434,W2
QSO_212.7709972+12.2966069,55214.15523724999,18.161,0.0561830935424527,W1
QSO_212.7709972+12.2966069,55389.88910450004,18.153,0.0542778749004021,W1
QSO_212.7709972+12.2966069,55577.05294674999,18.2185,0.0517971627035684,W1
QSO_212.7709972+12.2966069,56674.89479149999,18.068,0.0512567436762305,W1
QSO_212.7709972+12.2966069,56854.39171749997,18.13,0.0349853462937952,W1
QSO_212.7709972+12.2966069,57040.92524238682,18.1125,0.0470342003227439,W1
QSO_212.7709972+12.2966069,57213.04410090432,18.131,0.0667613361160484,W1
QSO_212.7709972+12.2966069,57403.41013817466,18.111,0.0407194769336405,W1
QSO_212.7709972+12.2966069,57572.05504324081,18.0615,0.0498954375419236,W1
QSO_212.7709972+12.2966069,57932.4940885,18.188,0.0495172967434113,W1
QSO_212.7709972+12.2966069,58295.59083249996,18.114,0.033418762303972,W1
QSO_212.7709972+12.2966069,58579.51226924999,18.095,0.0454003216837102,W1
QSO_212.7709972+12.2966069,59024.00227779998,18.164,0.0399461403436783,W1
QSO_212.7709972+12.2966069,59230.97774724998,18.1055,0.0516743889838267,W1
QSO_212.7709972+12.2966069,59755.0402395,18.003999999999998,0.0608481099933166,W1
QSO_212.7709972+12.2966069,60118.97327150002,18.083,0.0508802947760632,W1
QSO_212.7709972+12.2966069,60325.87460950002,18.1565,0.0561107948285916,W1
QSO_212.7709972+12.2966069,55214.15523724999,18.321,0.0616553404012987,W2
QSO_212.7709972+12.2966069,55389.88910450004,18.283,0.0710331670053842,W2
QSO_212.7709972+12.2966069,55577.05294674999,18.405,0.0578616809759657,W2
QSO_212.7709972+12.2966069,56674.89479149999,18.221,0.0859087945885307,W2
QSO_212.7709972+12.2966069,56854.39171749997,18.365,0.0671180486665053,W2
QSO_212.7709972+12.2966069,57040.92524238682,18.198500000000003,0.0729989041013629,W2
QSO_212.7709972+12.2966069,57213.04410090432,18.4235,0.085640813868155,W2
QSO_212.7709972+12.2966069,57403.41013817466,18.167,0.0607984290881912,W2
QSO_212.7709972+12.2966069,57572.05504324081,18.398,0.1039749068285226,W2
QSO_212.7709972+12.2966069,57932.4940885,18.332,0.080850476395997,W2
QSO_212.7709972+12.2966069,58295.59083249996,18.2495,0.0621793751936612,W2
QSO_212.7709972+12.2966069,58579.51226924999,18.243,0.0687306489101433,W2
QSO_212.7709972+12.2966069,59024.00227779998,18.269,0.0886306487511108,W2
QSO_212.7709972+12.2966069,59230.97774724998,18.2995,0.0652564740650872,W2
QSO_212.7709972+12.2966069,59755.0402395,18.189,0.0620457786856465,W2
QSO_212.7709972+12.2966069,60118.97327150002,18.358,0.0658125711755003,W2
QSO_212.7709972+12.2966069,60325.87460950002,18.1395,0.0575347169602208,W2
QSO_212.7852533+12.4650617,55214.15523724999,17.727,0.0259080875403799,W1
QSO_212.7852533+12.4650617,55389.72386900001,17.695,0.0276665181128704,W1
QSO_212.7852533+12.4650617,55577.01982299998,17.737000000000002,0.0222384765820829,W1
QSO_212.7852533+12.4650617,56674.86177724999,17.735500000000002,0.0350060709020591,W1
QSO_212.7852533+12.4650617,56854.35881274997,17.6265,0.0413251013307894,W1
QSO_212.7852533+12.4650617,57040.859578882606,17.655,0.0549505406824747,W1
QSO_212.7852533+12.4650617,57212.97856515017,17.740000000000002,0.0382262867670926,W1
QSO_212.7852533+12.4650617,57403.31157436842,17.697,0.0529278510982166,W1
QSO_212.7852533+12.4650617,57572.1206853449,17.677999999999997,0.0506051380790528,W1
QSO_212.7852533+12.4650617,57768.79739199997,17.665,0.0256943231500244,W1
QSO_212.7852533+12.4650617,58295.46016250004,17.7095,0.021283189928996,W1
QSO_212.7852533+12.4650617,58499.70040200002,17.695,0.029289130195488,W1
QSO_212.7852533+12.4650617,59024.06786499999,17.658,0.0349176130871471,W1
QSO_212.7852533+12.4650617,59231.30447700003,17.723,0.040472936749471,W1
QSO_212.7852533+12.4650617,59595.35303149998,17.622,0.0370523325346784,W1
QSO_212.7852533+12.4650617,59962.089555499966,17.649,0.0286683318017147,W1
QSO_212.7852533+12.4650617,60325.971581200014,17.7055,0.0306731930491261,W1
QSO_212.7852533+12.4650617,55214.15523724999,18.189,0.0453892608443892,W2
QSO_212.7852533+12.4650617,55389.72386900001,18.2245,0.0730312944623432,W2
QSO_212.7852533+12.4650617,55577.01982299998,18.217,0.0600464165777818,W2
QSO_212.7852533+12.4650617,56674.86177724999,18.3415,0.1026426616958074,W2
QSO_212.7852533+12.4650617,56854.35881274997,18.268,0.0845086741110048,W2
QSO_212.7852533+12.4650617,57040.859578882606,18.0955,0.0741460138223272,W2
QSO_212.7852533+12.4650617,57212.97856515017,18.3525,0.0826540017180052,W2
QSO_212.7852533+12.4650617,57403.31157436842,18.0175,0.1414080697396724,W2
QSO_212.7852533+12.4650617,57572.1206853449,18.228,0.0840998216407146,W2
QSO_212.7852533+12.4650617,57768.79739199997,18.275,0.0542825659106609,W2
QSO_212.7852533+12.4650617,58295.46016250004,18.1525,0.0657247464736327,W2
QSO_212.7852533+12.4650617,58499.70040200002,18.213,0.0538813819957761,W2
QSO_212.7852533+12.4650617,59024.06786499999,18.086,0.0746193580285478,W2
QSO_212.7852533+12.4650617,59231.30447700003,18.063,0.0629059216517801,W2
QSO_212.7852533+12.4650617,59595.35303149998,18.061,0.0802103009281337,W2
QSO_212.7852533+12.4650617,59962.089555499966,18.105,0.0611091396596824,W2
QSO_212.7852533+12.4650617,60325.971581200014,18.134,0.052440116410587,W2
QSO_212.8714514+12.2270062,55214.28749500005,18.044,0.0372532012047286,W1
QSO_212.8714514+12.2270062,55389.95522425,18.2895,0.0486405458110104,W1
QSO_212.8714514+12.2270062,55577.18504024996,18.184,0.0487782693340861,W1
QSO_212.8714514+12.2270062,56675.125179500006,18.012,0.0850955345479421,W1
QSO_212.8714514+12.2270062,56854.490267500056,18.107,0.0459674300959889,W1
QSO_212.8714514+12.2270062,57040.99090589103,18.0345,0.0754506522564646,W1
QSO_212.8714514+12.2270062,57213.14241366061,17.999499999999998,0.0535617494113103,W1
QSO_212.8714514+12.2270062,57403.41013817466,17.958,0.091643879135981,W1
QSO_212.8714514+12.2270062,57572.18632744908,18.091,0.0254771260274246,W1
QSO_212.8714514+12.2270062,57768.86294600002,18.086,0.0311411251551051,W1
QSO_212.8714514+12.2270062,58295.59083249996,18.051,0.0255594429510297,W1
QSO_212.8714514+12.2270062,58499.76588300001,18.017,0.0337990735819785,W1
QSO_212.8714514+12.2270062,59023.93701999997,18.055,0.0332626333560315,W1
QSO_212.8714514+12.2270062,59231.304203250016,18.073,0.0425654281330944,W1
QSO_212.8714514+12.2270062,59755.36644,18.0455,0.0399277226005939,W1
QSO_212.8714514+12.2270062,60119.23249450001,18.102,0.0379598728795762,W1
QSO_212.8714514+12.2270062,60326.035960599984,18.242,0.0442078754102177,W1
QSO_212.8714514+12.2270062,55214.28749500005,18.334,0.0664970751236474,W2
QSO_212.8714514+12.2270062,55389.95522425,18.2315,0.0654570636874961,W2
QSO_212.8714514+12.2270062,55577.18504024996,18.372,0.1001461432108097,W2
QSO_212.8714514+12.2270062,56675.125179500006,18.121,0.0707084131309704,W2
QSO_212.8714514+12.2270062,56854.490267500056,18.448500000000003,0.0886214509815433,W2
QSO_212.8714514+12.2270062,57040.99090589103,18.095,0.0699562363195736,W2
QSO_212.8714514+12.2270062,57213.14241366061,18.1625,0.1102247522111071,W2
QSO_212.8714514+12.2270062,57403.41013817466,18.225,0.0557755811434988,W2
QSO_212.8714514+12.2270062,57572.18632744908,18.2695,0.0747644567959937,W2
QSO_212.8714514+12.2270062,57768.86294600002,18.046,0.0463759312642897,W2
QSO_212.8714514+12.2270062,58295.59083249996,18.1545,0.0653540816761703,W2
QSO_212.8714514+12.2270062,58499.76588300001,18.329,0.0532385994974914,W2
QSO_212.8714514+12.2270062,59023.93701999997,18.1035,0.0750945037889866,W2
QSO_212.8714514+12.2270062,59231.304203250016,18.1255,0.0498030207709828,W2
QSO_212.8714514+12.2270062,59755.36644,18.167,0.0779303554856672,W2
QSO_212.8714514+12.2270062,60119.23249450001,18.003,0.0581499705005513,W2
QSO_212.8714514+12.2270062,60326.035960599984,18.0295,0.0626266398743209,W2
QSO_212.6671313+12.2450998,55214.122259500014,18.044,0.0608490020611738,W1
QSO_212.6671313+12.2450998,55389.69083650003,18.021,0.0493293668725755,W1
QSO_212.6671313+12.2450998,55576.98684525,18.108,0.0682501575089757,W1
QSO_212.6671313+12.2450998,56674.89479149999,17.881999999999998,0.0411721569314285,W1
QSO_212.6671313+12.2450998,56854.39171749997,18.079,0.0517413087900933,W1
QSO_212.6671313+12.2450998,57040.79391537848,17.887999999999998,0.0795650425752416,W1
QSO_212.6671313+12.2450998,57213.04404615431,17.918,0.0984969491913328,W1
QSO_212.6671313+12.2450998,57403.34444117048,17.955,0.0459874140353321,W1
QSO_212.6671313+12.2450998,57572.1206853449,17.9225,0.051872352944512,W1
QSO_212.6671313+12.2450998,57768.60118625006,17.942999999999998,0.028211589544288,W1
QSO_212.6671313+12.2450998,58295.39460849999,17.936,0.0348607746463302,W1
QSO_212.6671313+12.2450998,58659.32399050002,17.963,0.0361901718569374,W1
QSO_212.6671313+12.2450998,59024.06781009999,18.0175,0.0363820681570182,W1
QSO_212.6671313+12.2450998,59311.18233624999,17.975,0.0360855593004695,W1
QSO_212.6671313+12.2450998,59595.35303149998,18.038,0.0272002846574584,W1
QSO_212.6671313+12.2450998,60040.46658949998,17.8925,0.0388505644731165,W1
QSO_212.6671313+12.2450998,60325.842328300045,17.9105,0.042158800979155,W1
QSO_212.6671313+12.2450998,55214.122259500014,18.101,0.0638094105248212,W2
QSO_212.6671313+12.2450998,55389.69083650003,18.186,0.0690984929620849,W2
QSO_212.6671313+12.2450998,55576.98684525,18.303,0.0890102746878133,W2
QSO_212.6671313+12.2450998,56674.89479149999,18.134,0.0861123442818508,W2
QSO_212.6671313+12.2450998,56854.39171749997,18.188,0.1017058485996203,W2
QSO_212.6671313+12.2450998,57040.79391537848,18.3145,0.0845879719581927,W2
QSO_212.6671313+12.2450998,57213.04404615431,18.045,0.102697658201149,W2
QSO_212.6671313+12.2450998,57403.34444117048,18.195,0.0594436713922273,W2
QSO_212.6671313+12.2450998,57572.1206853449,18.189,0.0807402997269641,W2
QSO_212.6671313+12.2450998,57768.60118625006,18.1625,0.0599280823729224,W2
QSO_212.6671313+12.2450998,58295.39460849999,18.185,0.0650290753136392,W2
QSO_212.6671313+12.2450998,58659.32399050002,18.224,0.0839471401597451,W2
QSO_212.6671313+12.2450998,59024.06781009999,17.93,0.0723506504329838,W2
QSO_212.6671313+12.2450998,59311.18233624999,18.186,0.0654169884280834,W2
QSO_212.6671313+12.2450998,59595.35303149998,18.255,0.0591794079082792,W2
QSO_212.6671313+12.2450998,60040.46658949998,18.166,0.0571189691268119,W2
QSO_212.6671313+12.2450998,60325.842328300045,18.038,0.0527113021561789,W2
QSO_212.7570482+12.355597,55214.18832449997,17.694,0.0325188034375462,W1
QSO_212.7570482+12.355597,55389.75690149998,17.814,0.0431099679115322,W1
QSO_212.7570482+12.355597,55577.01982299998,17.826,0.0441446464723787,W1
QSO_212.7570482+12.355597,56674.894681999984,17.826,0.060999516515208,W1
QSO_212.7570482+12.355597,56854.42454925,17.7455,0.0612305805949935,W1
QSO_212.7570482+12.355597,57040.859578882606,17.7055,0.0319568615480307,W1
QSO_212.7570482+12.355597,57213.011323902254,17.706,0.0264649780224431,W1
QSO_212.7570482+12.355597,57403.34444117048,17.959,0.0742365255679105,W1
QSO_212.7570482+12.355597,57572.1206853449,17.688,0.0457740537859603,W1
QSO_212.7570482+12.355597,57850.51494250005,17.7795,0.024589820632485,W1
QSO_212.7570482+12.355597,58295.46008949998,17.75,0.0386056416504461,W1
QSO_212.7570482+12.355597,58499.63506699997,17.7835,0.0367603017857575,W1
QSO_212.7570482+12.355597,59024.00227779998,17.75,0.0313580856222071,W1
QSO_212.7570482+12.355597,59231.10843549995,17.8005,0.0515164416334571,W1
QSO_212.7570482+12.355597,59755.0402395,17.689999999999998,0.0465391428903149,W1
QSO_212.7570482+12.355597,60119.23260400001,17.863999999999997,0.0274265383854398,W1
QSO_212.7570482+12.355597,60325.971581200014,17.782,0.0299462657226796,W1
QSO_212.7570482+12.355597,55214.18832449997,18.189,0.0741707170432965,W2
QSO_212.7570482+12.355597,55389.75690149998,18.304,0.0833058870357602,W2
QSO_212.7570482+12.355597,55577.01982299998,18.265,0.0811053150306494,W2
QSO_212.7570482+12.355597,56674.894681999984,18.22,0.0533398144210227,W2
QSO_212.7570482+12.355597,56854.42454925,18.167,0.0760136895565531,W2
QSO_212.7570482+12.355597,57040.859578882606,18.099,0.086421779662305,W2
QSO_212.7570482+12.355597,57213.011323902254,18.374,0.0640871320455764,W2
QSO_212.7570482+12.355597,57403.34444117048,17.96,0.1005925653193656,W2
QSO_212.7570482+12.355597,57572.1206853449,18.2125,0.100532900087484,W2
QSO_212.7570482+12.355597,57850.51494250005,18.1215,0.0495563336300719,W2
QSO_212.7570482+12.355597,58295.46008949998,18.048,0.0695929616811371,W2
QSO_212.7570482+12.355597,58499.63506699997,18.1095,0.0788650644341524,W2
QSO_212.7570482+12.355597,59024.00227779998,17.823999999999998,0.0843492516554481,W2
QSO_212.7570482+12.355597,59231.10843549995,17.98,0.0620486072681988,W2
QSO_212.7570482+12.355597,59755.0402395,17.997,0.0671800756187425,W2
QSO_212.7570482+12.355597,60119.23260400001,18.184,0.0750773251425141,W2
QSO_212.7570482+12.355597,60325.971581200014,18.012999999999998,0.0629732596675249,W2
QSO_212.7443918+12.1105981,55214.22139349998,17.8885,0.0453482634728168,W1
QSO_212.7443918+12.1105981,55389.82293,17.9,0.0436771371279336,W1
QSO_212.7443918+12.1105981,55577.11899349998,17.9685,0.0685670766476155,W1
QSO_212.7443918+12.1105981,56674.96060099999,17.991999999999997,0.0557971263488576,W1
QSO_212.7443918+12.1105981,56854.45738100002,17.834,0.0516990656436819,W1
QSO_212.7443918+12.1105981,57040.92524238682,17.717,0.0384416570922744,W1
QSO_212.7443918+12.1105981,57213.01121440225,17.91,0.0246928540233744,W1
QSO_212.7443918+12.1105981,57403.41013817466,17.908,0.036396264185315,W1
QSO_212.7443918+12.1105981,57572.05504324081,17.917,0.047504970500172,W1
QSO_212.7443918+12.1105981,57850.58040525007,17.886499999999998,0.0291292008872318,W1
QSO_212.7443918+12.1105981,58295.46001650001,17.883499999999998,0.0411133742436444,W1
QSO_212.7443918+12.1105981,58579.57762249993,17.856499999999997,0.0372916617812717,W1
QSO_212.7443918+12.1105981,59024.19929559998,17.955,0.0339384835333366,W1
QSO_212.7443918+12.1105981,59231.36955650003,17.930500000000002,0.0328528157088551,W1
QSO_212.7443918+12.1105981,59755.399143999966,17.874499999999998,0.0377444993385884,W1
QSO_212.7443918+12.1105981,60119.167396750025,17.915499999999998,0.0369491446959748,W1
QSO_212.7443918+12.1105981,60326.035960599984,17.915,0.0369622879957671,W1
QSO_212.7443918+12.1105981,55214.22139349998,18.5015,0.0930000053763438,W2
QSO_212.7443918+12.1105981,55389.82293,18.497,0.0776063148212603,W2
QSO_212.7443918+12.1105981,55577.11899349998,18.3755,0.0546740889270227,W2
QSO_212.7443918+12.1105981,56674.96060099999,18.307,0.1051930142544357,W2
QSO_212.7443918+12.1105981,56854.45738100002,18.602,0.0935937638794111,W2
QSO_212.7443918+12.1105981,57040.92524238682,18.442,0.0639052814718784,W2
QSO_212.7443918+12.1105981,57213.01121440225,18.189,0.0583145953948333,W2
QSO_212.7443918+12.1105981,57403.41013817466,18.058,0.1141220256335029,W2
QSO_212.7443918+12.1105981,57572.05504324081,18.247,0.0477571014692134,W2
QSO_212.7443918+12.1105981,57850.58040525007,18.215,0.0566688498041229,W2
QSO_212.7443918+12.1105981,58295.46001650001,18.1875,0.0600363002199683,W2
QSO_212.7443918+12.1105981,58579.57762249993,18.177,0.0684126409195386,W2
QSO_212.7443918+12.1105981,59024.19929559998,18.223,0.1003630369698141,W2
QSO_212.7443918+12.1105981,59231.36955650003,18.232,0.0694683705005379,W2
QSO_212.7443918+12.1105981,59755.399143999966,18.273,0.0738786753635269,W2
QSO_212.7443918+12.1105981,60119.167396750025,18.1725,0.0638696667838999,W2
QSO_212.7443918+12.1105981,60326.035960599984,18.063,0.0691118318508724,W2
QSO_212.7946371+12.4115168,55214.15523724999,17.613500000000002,0.0265855537212725,W1
QSO_212.7946371+12.4115168,55389.82307600003,17.633,0.0269840097089278,W1
QSO_212.7946371+12.4115168,55577.01982299998,17.649,0.0503111580277048,W1
QSO_212.7946371+12.4115168,56674.92764149999,17.732,0.0433013163772186,W1
QSO_212.7946371+12.4115168,56854.45738100002,17.602,0.0358626571452087,W1
QSO_212.7946371+12.4115168,57040.92524238682,17.587,0.0248668211940387,W1
QSO_212.7946371+12.4115168,57212.97856515017,17.595,0.0229112417821468,W1
QSO_212.7946371+12.4115168,57403.27870756636,17.628,0.0310334126762101,W1
QSO_212.7946371+12.4115168,57572.1206853449,17.6085,0.0474226211844093,W1
QSO_212.7946371+12.4115168,57768.60111325,17.611,0.0299487021051313,W1
QSO_212.7946371+12.4115168,58295.525424500025,17.616500000000002,0.0211029507671691,W1
QSO_212.7946371+12.4115168,58499.63506699997,17.7015,0.033027297421981,W1
QSO_212.7946371+12.4115168,59024.10085989999,17.706,0.0287771441153825,W1
QSO_212.7946371+12.4115168,59231.30447700003,17.646,0.0304902738800914,W1
QSO_212.7946371+12.4115168,59675.13166550003,17.652,0.0341676491646193,W1
QSO_212.7946371+12.4115168,60119.03785825001,17.6545,0.0267831750791015,W1
QSO_212.7946371+12.4115168,60406.16869600003,17.653,0.0252855982000344,W1
QSO_212.7946371+12.4115168,55214.15523724999,18.3215,0.0804516007885764,W2
QSO_212.7946371+12.4115168,55389.82307600003,18.3,0.0686777801939403,W2
QSO_212.7946371+12.4115168,55577.01982299998,18.209,0.0662917418787765,W2
QSO_212.7946371+12.4115168,56674.92764149999,18.3215,0.0676360037258264,W2
QSO_212.7946371+12.4115168,56854.45738100002,18.217,0.0664921924157497,W2
QSO_212.7946371+12.4115168,57040.92524238682,18.3195,0.0798470289516612,W2
QSO_212.7946371+12.4115168,57212.97856515017,18.049,0.1018927671623458,W2
QSO_212.7946371+12.4115168,57403.27870756636,18.283,0.0784776448470566,W2
QSO_212.7946371+12.4115168,57572.1206853449,18.3425,0.0827617121620861,W2
QSO_212.7946371+12.4115168,57768.60111325,18.2615,0.0474055468830573,W2
QSO_212.7946371+12.4115168,58295.525424500025,18.158,0.054640911054309,W2
QSO_212.7946371+12.4115168,58499.63506699997,18.237,0.0720918303277146,W2
QSO_212.7946371+12.4115168,59024.10085989999,18.025,0.0904720463022107,W2
QSO_212.7946371+12.4115168,59231.30447700003,18.187,0.0737412580905242,W2
QSO_212.7946371+12.4115168,59675.13166550003,18.068,0.067552862123428,W2
QSO_212.7946371+12.4115168,60119.03785825001,18.166,0.0511592414523737,W2
QSO_212.7946371+12.4115168,60406.16869600003,18.133,0.0523747091785022,W2
QSO_212.6519427+12.2233739,55214.15529199999,17.7305,0.0367273195319235,W1
QSO_212.6519427+12.2233739,55389.69072700002,17.817,0.030314044328801,W1
QSO_212.6519427+12.2233739,55576.98684525,17.768,0.0301288068134135,W1
QSO_212.6519427+12.2233739,56675.35556750002,17.668,0.0,W1
QSO_212.6519427+12.2233739,57213.20794941484,17.826999999999998,0.0,W1
QSO_212.6519427+12.2233739,57403.21312036218,17.899,0.0,W1
QSO_212.6519427+12.2233739,57572.251987853226,17.528000000000002,0.0268700576850889,W1
QSO_212.6519427+12.2233739,57768.535796500015,17.819,0.0631682057859982,W1
QSO_212.6519427+12.2233739,58659.585513000005,17.771,0.0,W1
QSO_212.6519427+12.2233739,59230.585755500026,17.955,0.1171535870682711,W1
QSO_212.6519427+12.2233739,59594.56966849999,17.8715,0.0731855518528079,W1
QSO_212.6519427+12.2233739,60040.36834975002,17.866500000000002,0.0852063671329788,W1
QSO_212.6519427+12.2233739,60325.131208600025,17.887,0.0,W1
QSO_212.6519427+12.2233739,55214.15529199999,18.1975,0.0677126945262111,W2
QSO_212.6519427+12.2233739,55389.69072700002,18.101,0.087286614769322,W2
QSO_212.6519427+12.2233739,55576.98684525,18.411,0.0935834387057881,W2
QSO_212.6519427+12.2233739,56675.35556750002,18.434,0.0,W2
QSO_212.6519427+12.2233739,57213.20794941484,17.575,0.0,W2
QSO_212.6519427+12.2233739,57403.21312036218,18.198,0.0,W2
QSO_212.6519427+12.2233739,57572.251987853226,18.125,0.0212132034355972,W2
QSO_212.6519427+12.2233739,57768.535796500015,18.048,0.0255270372278029,W2
QSO_212.6519427+12.2233739,58659.585513000005,18.03,0.0,W2
QSO_212.6519427+12.2233739,59230.585755500026,17.71,0.1244091219711383,W2
QSO_212.6519427+12.2233739,59594.56966849999,18.552,0.0608111831820432,W2
QSO_212.6519427+12.2233739,60040.36834975002,18.2345,0.1566241520328207,W2
QSO_212.6519427+12.2233739,60325.131208600025,17.849999999999998,0.0,W2
QSO_212.7680225+12.3655232,55214.18832449997,18.415,0.0938609918983934,W1
QSO_212.7680225+12.3655232,55389.789988750046,18.476,0.0647354272180958,W1
QSO_212.7680225+12.3655232,55577.01982299998,18.476,0.1042398263498435,W1
QSO_212.7680225+12.3655232,56674.92764149999,18.4335,0.0767759524525743,W1
QSO_212.7680225+12.3655232,56854.424604,18.28,0.0810929250921437,W1
QSO_212.7680225+12.3655232,57040.89241063476,18.3385,0.0929687027310803,W1
QSO_212.7680225+12.3655232,57212.91290164604,18.3775,0.0962464285051658,W1
QSO_212.7680225+12.3655232,57403.21312036218,18.487,0.1041734707111171,W1
QSO_212.7680225+12.3655232,57572.05504324081,18.3165,0.0635065248907839,W1
QSO_212.7680225+12.3655232,57932.55949650002,18.286,0.0533760646205216,W1
QSO_212.7680225+12.3655232,58295.62360950007,18.4615,0.0688290076324413,W1
QSO_212.7680225+12.3655232,58499.70040200002,18.345,0.080159767212044,W1
QSO_212.7680225+12.3655232,58866.1576591,18.273,0.0374352908363217,W1
QSO_212.7680225+12.3655232,59231.17377049999,18.471,0.0793016515241396,W1
QSO_212.7680225+12.3655232,59594.83064350004,18.272,0.0780632581723556,W1
QSO_212.7680225+12.3655232,60119.102445,18.413,0.0534017331831471,W1
QSO_212.7680225+12.3655232,60406.16869600003,18.418,0.0626279061571567,W1
QSO_212.7680225+12.3655232,55214.18832449997,18.49,0.0669357766582601,W2
QSO_212.7680225+12.3655232,55389.789988750046,18.4615,0.0813786001507767,W2
QSO_212.7680225+12.3655232,55577.01982299998,18.365,0.0625948656449468,W2
QSO_212.7680225+12.3655232,56674.92764149999,18.4495,0.1561775331953988,W2
QSO_212.7680225+12.3655232,56854.424604,18.3145,0.0544974017442576,W2
QSO_212.7680225+12.3655232,57040.89241063476,18.3185,0.1195853513186294,W2
QSO_212.7680225+12.3655232,57212.91290164604,18.2115,0.0769579310282453,W2
QSO_212.7680225+12.3655232,57403.21312036218,18.283,0.1133142179958014,W2
QSO_212.7680225+12.3655232,57572.05504324081,18.3125,0.1208343103408778,W2
QSO_212.7680225+12.3655232,57932.55949650002,18.182,0.0875386036212416,W2
QSO_212.7680225+12.3655232,58295.62360950007,18.006,0.0953753428225478,W2
QSO_212.7680225+12.3655232,58499.70040200002,18.022,0.0810286979242712,W2
QSO_212.7680225+12.3655232,58866.1576591,18.009,0.0945286252941402,W2
QSO_212.7680225+12.3655232,59231.17377049999,18.192,0.0853001074415518,W2
QSO_212.7680225+12.3655232,59594.83064350004,18.276,0.0637233172161087,W2
QSO_212.7680225+12.3655232,60119.102445,18.135,0.0481604500912465,W2
QSO_212.7680225+12.3655232,60406.16869600003,18.2265,0.1199785474651693,W2
QSO_212.8070104+12.378507,55214.12215000001,18.104,0.0356518982838173,W1
QSO_212.8070104+12.378507,55389.82307600003,18.321,0.0574961770065662,W1
QSO_212.8070104+12.378507,55577.05289199999,18.34,0.0443818395876643,W1
QSO_212.8070104+12.378507,56674.99341450005,18.279,0.0533596289342422,W1
QSO_212.8070104+12.378507,56854.457490500026,18.156,0.0596896248267095,W1
QSO_212.8070104+12.378507,57040.859578882606,17.9745,0.0425072604092523,W1
QSO_212.8070104+12.378507,57213.20793116478,18.0645,0.0534441556933757,W1
QSO_212.8070104+12.378507,57403.47585347881,18.154,0.0572513949369117,W1
QSO_212.8070104+12.378507,57571.95660753463,18.1045,0.0338385412658406,W1
QSO_212.8070104+12.378507,57932.62490450004,18.14,0.0303872487877544,W1
QSO_212.8070104+12.378507,58295.6890175,18.097,0.0543798040262881,W1
QSO_212.8070104+12.378507,58659.52015974999,18.018,0.055969343571504,W1
QSO_212.8070104+12.378507,59024.03560209999,18.087,0.0868208914230899,W1
QSO_212.8070104+12.378507,59231.30447700003,18.12,0.0375679266452921,W1
QSO_212.8070104+12.378507,59675.06607500003,18.0935,0.0255468980504482,W1
QSO_212.8070104+12.378507,60119.23260400001,18.163,0.0470701603991319,W1
QSO_212.8070104+12.378507,60325.777637800034,18.073,0.0557624439861465,W1
QSO_212.8070104+12.378507,55214.12215000001,18.338,0.0869239241810984,W2
QSO_212.8070104+12.378507,55389.82307600003,18.212,0.0653101863758209,W2
QSO_212.8070104+12.378507,55577.05289199999,18.342,0.0473425020462585,W2
QSO_212.8070104+12.378507,56674.99341450005,18.274,0.2688879878313649,W2
QSO_212.8070104+12.378507,56854.457490500026,18.29,0.0947242737984684,W2
QSO_212.8070104+12.378507,57040.859578882606,18.3795,0.1442550841283421,W2
QSO_212.8070104+12.378507,57213.20793116478,18.229,0.113780103871622,W2
QSO_212.8070104+12.378507,57403.47585347881,18.248,0.087480368168034,W2
QSO_212.8070104+12.378507,57571.95660753463,18.279,0.0629999999999999,W2
QSO_212.8070104+12.378507,57932.62490450004,18.056,0.06881364205834,W2
QSO_212.8070104+12.378507,58295.6890175,18.2425,0.054995842793882,W2
QSO_212.8070104+12.378507,58659.52015974999,18.0965,0.0984762720972965,W2
QSO_212.8070104+12.378507,59024.03560209999,18.2585,0.089491095925796,W2
QSO_212.8070104+12.378507,59231.30447700003,18.17,0.0918274985266519,W2
QSO_212.8070104+12.378507,59675.06607500003,18.223,0.0984105126498181,W2
QSO_212.8070104+12.378507,60119.23260400001,18.319,0.0764851454955893,W2
QSO_212.8070104+12.378507,60325.777637800034,18.046,0.0787297481021706,W2
QSO_212.9536197+12.2983498,55214.32052750003,18.006999999999998,0.0445723143847931,W1
QSO_212.9536197+12.2983498,55389.98829325001,17.9035,0.0324991141390819,W1
QSO_212.9536197+12.2983498,55577.218054499965,18.039,0.0745036972342832,W1
QSO_212.9536197+12.2983498,56675.125179500006,17.973,0.0528584997895324,W1
QSO_212.9536197+12.2983498,56854.62175875,17.9735,0.0455280489450267,W1
QSO_212.9536197+12.2983498,57041.12215989931,17.887999999999998,0.0270948586588071,W1
QSO_212.9536197+12.2983498,57213.273612918965,17.976,0.0653427534773829,W1
QSO_212.9536197+12.2983498,57403.60722918712,17.923000000000002,0.0719044182951955,W1
QSO_212.9536197+12.2983498,57572.28478145532,17.918999999999997,0.0430068017876242,W1
QSO_212.9536197+12.2983498,57768.92835400004,17.988999999999997,0.0325704737895624,W1
QSO_212.9536197+12.2983498,58295.59083249996,17.97,0.0318846472267666,W1
QSO_212.9536197+12.2983498,58659.585513000005,17.961,0.0523921756683819,W1
QSO_212.9536197+12.2983498,59023.87176219996,18.019,0.0411421196498946,W1
QSO_212.9536197+12.2983498,59311.378359500006,17.9985,0.0396558885964703,W1
QSO_212.9536197+12.2983498,59675.52278124995,17.905,0.0398553712475991,W1
QSO_212.9536197+12.2983498,60119.49188174999,17.955,0.0281803575206152,W1
QSO_212.9536197+12.2983498,60326.10033999996,17.967,0.0603261158606461,W1
QSO_212.9536197+12.2983498,55214.32052750003,18.411,0.051921789996916,W2
QSO_212.9536197+12.2983498,55389.98829325001,18.289,0.0659068385697751,W2
QSO_212.9536197+12.2983498,55577.218054499965,18.196,0.0554765164442071,W2
QSO_212.9536197+12.2983498,56675.125179500006,18.266,0.0921455424857872,W2
QSO_212.9536197+12.2983498,56854.62175875,18.2535,0.0719557597815542,W2
QSO_212.9536197+12.2983498,57041.12215989931,18.318,0.070888393632892,W2
QSO_212.9536197+12.2983498,57213.273612918965,18.477,0.1036894093619218,W2
QSO_212.9536197+12.2983498,57403.60722918712,18.391,0.0965987309172063,W2
QSO_212.9536197+12.2983498,57572.28478145532,18.0635,0.0765814860132657,W2
QSO_212.9536197+12.2983498,57768.92835400004,18.131,0.0486466426671108,W2
QSO_212.9536197+12.2983498,58295.59083249996,18.303,0.0575139752069197,W2
QSO_212.9536197+12.2983498,58659.585513000005,18.206,0.069810300286785,W2
QSO_212.9536197+12.2983498,59023.87176219996,18.126,0.0826016743481525,W2
QSO_212.9536197+12.2983498,59311.378359500006,18.2045,0.0635306242226906,W2
QSO_212.9536197+12.2983498,59675.52278124995,18.0895,0.0590065459273553,W2
QSO_212.9536197+12.2983498,60119.49188174999,18.265,0.0493368542555026,W2
QSO_212.9536197+12.2983498,60326.10033999996,18.043,0.0884566625345113,W2
QSO_212.8077778+12.2605351,55214.25446249999,17.979,0.0427170163310241,W1
QSO_212.8077778+12.2605351,55389.85609025003,18.014000000000003,0.032402719399609,W1
QSO_212.8077778+12.2605351,55577.085961,18.039,0.0533045116326989,W1
QSO_212.8077778+12.2605351,56674.96060099999,17.942,0.0511531228304648,W1
QSO_212.8077778+12.2605351,56854.39171749997,17.9,0.055714591468298,W1
QSO_212.8077778+12.2605351,57040.99090589103,17.957,0.0598025835562309,W1
QSO_212.8077778+12.2605351,57213.04404615431,17.889499999999998,0.0545032790011297,W1
QSO_212.8077778+12.2605351,57403.41013817466,18.038,0.0832620297474642,W1
QSO_212.8077778+12.2605351,57572.21912105117,17.911,0.0599771093361027,W1
QSO_212.8077778+12.2605351,57768.92835400004,17.908,0.0303881576428727,W1
QSO_212.8077778+12.2605351,58295.46008949998,17.880000000000003,0.0370268551189538,W1
QSO_212.8077778+12.2605351,58499.70054799997,17.904,0.0367799410597122,W1
QSO_212.8077778+12.2605351,59024.2321624,18.0195,0.0654674041031107,W1
QSO_212.8077778+12.2605351,59231.36955650003,18.028,0.0455275723013004,W1
QSO_212.8077778+12.2605351,59755.0402395,17.991999999999997,0.035769409649401,W1
QSO_212.8077778+12.2605351,60119.102445,17.963,0.0354303556786215,W1
QSO_212.8077778+12.2605351,60325.68064779999,17.915499999999998,0.0750763459815908,W1
QSO_212.8077778+12.2605351,55214.25446249999,18.363,0.0688630377620802,W2
QSO_212.8077778+12.2605351,55389.85609025003,18.288,0.0767733046450551,W2
QSO_212.8077778+12.2605351,55577.085961,18.359,0.0429476822860794,W2
QSO_212.8077778+12.2605351,56674.96060099999,18.164,0.1025409282935777,W2
QSO_212.8077778+12.2605351,56854.39171749997,18.312,0.0758326878328332,W2
QSO_212.8077778+12.2605351,57040.99090589103,18.257,0.0991821556531215,W2
QSO_212.8077778+12.2605351,57213.04404615431,17.9375,0.062892253472705,W2
QSO_212.8077778+12.2605351,57403.41013817466,18.199,0.1193486941159054,W2
QSO_212.8077778+12.2605351,57572.21912105117,18.199,0.0486045505314217,W2
QSO_212.8077778+12.2605351,57768.92835400004,18.143,0.0529948799653293,W2
QSO_212.8077778+12.2605351,58295.46008949998,18.221,0.0565637461188702,W2
QSO_212.8077778+12.2605351,58499.70054799997,18.097,0.0522369573047169,W2
QSO_212.8077778+12.2605351,59024.2321624,18.0335,0.0693887310735683,W2
QSO_212.8077778+12.2605351,59231.36955650003,18.0785,0.0556507519745717,W2
QSO_212.8077778+12.2605351,59755.0402395,18.256,0.0859962204165154,W2
QSO_212.8077778+12.2605351,60119.102445,18.283,0.0687460404564299,W2
QSO_212.8077778+12.2605351,60325.68064779999,18.1325,0.0625406369348887,W2
QSO_212.9195112+12.2591165,55214.32052750003,18.237,0.0723938949985277,W1
QSO_212.9195112+12.2591165,55389.98829325001,18.126,0.0521272691265227,W1
QSO_212.9195112+12.2591165,55577.15202600004,18.378,0.0875350713250401,W1
QSO_212.9195112+12.2591165,56675.026446999946,18.211,0.0574011846567648,W1
QSO_212.9195112+12.2591165,56854.55604049994,18.335,0.0419149477778778,W1
QSO_212.9195112+12.2591165,57041.05656939516,18.2785,0.0389982179080019,W1
QSO_212.9195112+12.2591165,57213.20794941484,18.322,0.0714604267590993,W1
QSO_212.9195112+12.2591165,57403.541568782966,18.171,0.1178590344436948,W1
QSO_212.9195112+12.2591165,57572.28478145532,18.139,0.0320028162341,W1
QSO_212.9195112+12.2591165,57932.55949650002,18.3015,0.0408048842694954,W1
QSO_212.9195112+12.2591165,58295.59083249996,18.236,0.0435932337272494,W1
QSO_212.9195112+12.2591165,58499.83121799996,18.302,0.0333753629440624,W1
QSO_212.9195112+12.2591165,59023.87176219996,18.307,0.037996336074127,W1
QSO_212.9195112+12.2591165,59231.43463600004,18.238,0.03534477675574,W1
QSO_212.9195112+12.2591165,59755.431410000005,18.198,0.0466131884172161,W1
QSO_212.9195112+12.2591165,60119.23254925001,18.215,0.0397113651336191,W1
QSO_212.9195112+12.2591165,60325.93922680006,18.2785,0.0426909994433311,W1
QSO_212.9195112+12.2591165,55214.32052750003,18.287,0.0603874915523734,W2
QSO_212.9195112+12.2591165,55389.98829325001,18.5325,0.088373777573906,W2
QSO_212.9195112+12.2591165,55577.15202600004,18.363,0.0598156932565637,W2
QSO_212.9195112+12.2591165,56675.026446999946,18.193,0.0806515715903913,W2
QSO_212.9195112+12.2591165,56854.55604049994,18.27,0.0711572455057316,W2
QSO_212.9195112+12.2591165,57041.05656939516,18.3165,0.0482605532500405,W2
QSO_212.9195112+12.2591165,57213.20794941484,18.408,0.099721587741714,W2
QSO_212.9195112+12.2591165,57403.541568782966,18.104,0.0499284287755986,W2
QSO_212.9195112+12.2591165,57572.28478145532,18.4935,0.0944711807907576,W2
QSO_212.9195112+12.2591165,57932.55949650002,18.361,0.0619910945967573,W2
QSO_212.9195112+12.2591165,58295.59083249996,18.373,0.0531777537826712,W2
QSO_212.9195112+12.2591165,58499.83121799996,18.225,0.0543906689356172,W2
QSO_212.9195112+12.2591165,59023.87176219996,18.049,0.0463249293672678,W2
QSO_212.9195112+12.2591165,59231.43463600004,18.236,0.0812339698991627,W2
QSO_212.9195112+12.2591165,59755.431410000005,18.332,0.061768696526214,W2
QSO_212.9195112+12.2591165,60119.23254925001,18.4055,0.0606640451585616,W2
QSO_212.9195112+12.2591165,60325.93922680006,18.264,0.0595484494562828,W2
QSO_212.6640255+12.1761223,55214.18832449997,18.397,0.043910194534665,W1
QSO_212.6640255+12.1761223,55389.72386900001,18.493,0.0662060157088084,W1
QSO_212.6640255+12.1761223,55577.01993249999,18.493,0.0900248817763344,W1
QSO_212.6640255+12.1761223,56674.89479149999,18.217,0.0894240832587431,W1
QSO_212.6640255+12.1761223,56854.39171749997,18.498,0.116946076632139,W1
QSO_212.6640255+12.1761223,57040.761083626414,18.345,0.0393827003206752,W1
QSO_212.6640255+12.1761223,57213.04404615431,18.2325,0.0595280264875294,W1
QSO_212.6640255+12.1761223,57403.3117024684,18.254,0.0415462705016056,W1
QSO_212.6640255+12.1761223,57572.05504324081,18.359,0.0923143301274238,W1
QSO_212.6640255+12.1761223,57850.51494250005,18.318,0.052177394530582,W1
QSO_212.6640255+12.1761223,58215.48837050005,18.297,0.0379182607723508,W1
QSO_212.6640255+12.1761223,58499.43891599998,18.438,0.0561422795721331,W1
QSO_212.6640255+12.1761223,59024.2648828,18.297,0.0530553081792009,W1
QSO_212.6640255+12.1761223,59231.30447700003,18.272,0.0617646097476558,W1
QSO_212.6640255+12.1761223,59755.10582999999,18.3355,0.0503529850650014,W1
QSO_212.6640255+12.1761223,60118.90831974999,18.234,0.0529096597868993,W1
QSO_212.6640255+12.1761223,60326.035960599984,18.2965,0.0819407343792896,W1
QSO_212.6640255+12.1761223,55214.18832449997,18.553,0.0746504098881501,W2
QSO_212.6640255+12.1761223,55389.72386900001,18.3335,0.0585231259266077,W2
QSO_212.6640255+12.1761223,55577.01993249999,18.272,0.0602966869595838,W2
QSO_212.6640255+12.1761223,56674.89479149999,18.196,0.0628770655901584,W2
QSO_212.6640255+12.1761223,56854.39171749997,18.197,0.0431917549631059,W2
QSO_212.6640255+12.1761223,57040.761083626414,18.291,0.1154922788428007,W2
QSO_212.6640255+12.1761223,57213.04404615431,18.1775,0.0905121603535957,W2
QSO_212.6640255+12.1761223,57403.3117024684,18.142000000000003,0.1150967386994923,W2
QSO_212.6640255+12.1761223,57572.05504324081,18.064,0.0984473110190168,W2
QSO_212.6640255+12.1761223,57850.51494250005,18.239,0.0743181004560912,W2
QSO_212.6640255+12.1761223,58215.48837050005,18.185,0.068616378329084,W2
QSO_212.6640255+12.1761223,58499.43891599998,18.328,0.0854031485237973,W2
QSO_212.6640255+12.1761223,59024.2648828,18.185,0.1039077660750414,W2
QSO_212.6640255+12.1761223,59231.30447700003,18.091,0.0681517840185684,W2
QSO_212.6640255+12.1761223,59755.10582999999,18.2315,0.0681501835791062,W2
QSO_212.6640255+12.1761223,60118.90831974999,18.158,0.0702134959514012,W2
QSO_212.6640255+12.1761223,60326.035960599984,18.104,0.0541038061300192,W2
QSO_212.9966635+12.2867478,55214.4527305,18.023,0.0289626303955459,W1
QSO_212.9966635+12.2867478,55390.05439475,17.988,0.0365526548193699,W1
QSO_212.9966635+12.2867478,55577.25114175003,18.0975,0.0699786136311711,W1
QSO_212.9966635+12.2867478,56675.15806600003,17.907,0.0435474472878635,W1
QSO_212.9966635+12.2867478,56854.62175875,18.005499999999998,0.0571254409173354,W1
QSO_212.9966635+12.2867478,57041.1549734014,18.0195,0.0606120862534857,W1
QSO_212.9966635+12.2867478,57213.33913042314,17.905,0.052892289513761,W1
QSO_212.9966635+12.2867478,57403.541568782966,17.945,0.0520476346073631,W1
QSO_212.9966635+12.2867478,57572.28478145532,17.865499999999997,0.0647864260474367,W1
QSO_212.9966635+12.2867478,57769.05927949999,17.951,0.0374993042443466,W1
QSO_212.9966635+12.2867478,58295.78705649993,17.9045,0.0447436294348145,W1
QSO_212.9966635+12.2867478,58659.585513000005,17.999000000000002,0.0427941941331568,W1
QSO_212.9966635+12.2867478,58866.61645839999,18.031,0.0411817837812873,W1
QSO_212.9966635+12.2867478,59391.32157199998,18.012999999999998,0.0455935361990917,W1
QSO_212.9966635+12.2867478,59755.431410000005,17.947,0.0409485386929364,W1
QSO_212.9966635+12.2867478,60119.58909949998,18.0,0.0406682776764155,W1
QSO_212.9966635+12.2867478,60326.23008700003,17.984,0.0331836247976855,W1
QSO_212.9966635+12.2867478,55214.4527305,18.288,0.0473318447895236,W2
QSO_212.9966635+12.2867478,55390.05439475,18.332,0.0794899465561435,W2
QSO_212.9966635+12.2867478,55577.25114175003,18.337,0.047193964175831,W2
QSO_212.9966635+12.2867478,56675.15806600003,18.333,0.1104713485841532,W2
QSO_212.9966635+12.2867478,56854.62175875,18.216,0.072011249121231,W2
QSO_212.9966635+12.2867478,57041.1549734014,18.467,0.0890805478204979,W2
QSO_212.9966635+12.2867478,57213.33913042314,18.406,0.0612511549439556,W2
QSO_212.9966635+12.2867478,57403.541568782966,18.419,0.0746228612998151,W2
QSO_212.9966635+12.2867478,57572.28478145532,18.211,0.0822838987894959,W2
QSO_212.9966635+12.2867478,57769.05927949999,18.213,0.0580397582752923,W2
QSO_212.9966635+12.2867478,58295.78705649993,18.046,0.0660517637917413,W2
QSO_212.9966635+12.2867478,58659.585513000005,18.134,0.0487619269061741,W2
QSO_212.9966635+12.2867478,58866.61645839999,18.107,0.0704312598089559,W2
QSO_212.9966635+12.2867478,59391.32157199998,18.261,0.0667958482778289,W2
QSO_212.9966635+12.2867478,59755.431410000005,18.12,0.0424500952197337,W2
QSO_212.9966635+12.2867478,60119.58909949998,18.2,0.0526069025375048,W2
QSO_212.9966635+12.2867478,60326.23008700003,18.121,0.0466115359719345,W2
QSO_212.7507396+12.4278473,55214.15523724999,18.165,0.0533902636688528,W1
QSO_212.7507396+12.4278473,55389.69083650003,18.193,0.0560686616106967,W1
QSO_212.7507396+12.4278473,55576.9867905,18.214,0.0554682247627714,W1
QSO_212.7507396+12.4278473,56674.894681999984,18.07,0.0385235786980193,W1
QSO_212.7507396+12.4278473,56854.39171749997,18.182,0.0356229735343078,W1
QSO_212.7507396+12.4278473,57040.859578882606,17.972,0.0380580606174491,W1
QSO_212.7507396+12.4278473,57212.97856515017,18.112,0.0616882808967797,W1
QSO_212.7507396+12.4278473,57403.27870756636,18.084,0.0427876692107472,W1
QSO_212.7507396+12.4278473,57572.15353384699,18.102,0.0633401772347237,W1
QSO_212.7507396+12.4278473,57768.73205700001,18.147,0.029459597117008,W1
QSO_212.7507396+12.4278473,58295.525424500025,18.101,0.0394651136057221,W1
QSO_212.7507396+12.4278473,58499.43891599998,18.05,0.0501877826733662,W1
QSO_212.7507396+12.4278473,59024.2321624,17.965,0.0322287234788351,W1
QSO_212.7507396+12.4278473,59231.30447700003,18.128,0.0406669717969077,W1
QSO_212.7507396+12.4278473,59754.91029949999,18.098,0.0299427196744925,W1
QSO_212.7507396+12.4278473,60040.46664424998,18.179,0.0503781140476694,W1
QSO_212.7507396+12.4278473,60325.971581200014,18.206,0.0406708192476965,W1
QSO_212.7507396+12.4278473,55214.15523724999,18.203000000000003,0.0833324583287396,W2
QSO_212.7507396+12.4278473,55389.69083650003,18.413,0.0700382033316527,W2
QSO_212.7507396+12.4278473,55576.9867905,18.3675,0.0661674494426128,W2
QSO_212.7507396+12.4278473,56674.894681999984,18.114,0.0804950964716046,W2
QSO_212.7507396+12.4278473,56854.39171749997,18.317,0.0817009352758193,W2
QSO_212.7507396+12.4278473,57040.859578882606,18.2535,0.0612050855730143,W2
QSO_212.7507396+12.4278473,57212.97856515017,18.415,0.0751561108626571,W2
QSO_212.7507396+12.4278473,57403.27870756636,18.346,0.0734436880108969,W2
QSO_212.7507396+12.4278473,57572.15353384699,18.607,0.0660130510436633,W2
QSO_212.7507396+12.4278473,57768.73205700001,18.276,0.0754271183847607,W2
QSO_212.7507396+12.4278473,58295.525424500025,18.256,0.0499962191387144,W2
QSO_212.7507396+12.4278473,58499.43891599998,18.302,0.0563264286944483,W2
QSO_212.7507396+12.4278473,59024.2321624,18.1745,0.0688246202515473,W2
QSO_212.7507396+12.4278473,59231.30447700003,18.202,0.0769139553285012,W2
QSO_212.7507396+12.4278473,59754.91029949999,18.156,0.063907610670812,W2
QSO_212.7507396+12.4278473,60040.46664424998,18.0925,0.0623920617947507,W2
QSO_212.7507396+12.4278473,60325.971581200014,18.142,0.0601196948843717,W2
QSO_212.8051002+12.1459464,55214.32052750003,18.307,0.0721803713658943,W1
QSO_212.8051002+12.1459464,55389.85601725006,18.254,0.062826908893002,W1
QSO_212.8051002+12.1459464,55577.185113250016,18.2585,0.0620638461586133,W1
QSO_212.8051002+12.1459464,56674.96060099999,18.182,0.0730004227960021,W1
QSO_212.8051002+12.1459464,56854.490267500056,18.1455,0.0569768022970754,W1
QSO_212.8051002+12.1459464,57040.92524238682,18.188,0.0566186276767637,W1
QSO_212.8051002+12.1459464,57213.04404615431,18.3185,0.0643714533003567,W1
QSO_212.8051002+12.1459464,57403.377344572575,18.234,0.0771272158312162,W1
QSO_212.8051002+12.1459464,57572.15353384699,18.173,0.0653525490889739,W1
QSO_212.8051002+12.1459464,57932.23234700001,18.174,0.0291276771719687,W1
QSO_212.8051002+12.1459464,58215.68459450002,18.1955,0.035288226391578,W1
QSO_212.8051002+12.1459464,58499.83121799996,18.074,0.0281039789490811,W1
QSO_212.8051002+12.1459464,59024.2648828,18.249,0.0663888628506722,W1
QSO_212.8051002+12.1459464,59231.36955650003,18.2275,0.0641402476998646,W1
QSO_212.8051002+12.1459464,59755.496927500026,18.255,0.0655751626548831,W1
QSO_212.8051002+12.1459464,60119.36214250002,18.183,0.0386115012860258,W1
QSO_212.8051002+12.1459464,60325.971581200014,18.162,0.0425401146730365,W1
QSO_212.8051002+12.1459464,55214.32052750003,18.244,0.0766554048284038,W2
QSO_212.8051002+12.1459464,55389.85601725006,18.320500000000003,0.0627080589396344,W2
QSO_212.8051002+12.1459464,55577.185113250016,18.21,0.1024614854469717,W2
QSO_212.8051002+12.1459464,56674.96060099999,18.348,0.0913020732902906,W2
QSO_212.8051002+12.1459464,56854.490267500056,18.3435,0.0967292561741277,W2
QSO_212.8051002+12.1459464,57040.92524238682,18.377,0.067850047899762,W2
QSO_212.8051002+12.1459464,57213.04404615431,18.386000000000003,0.0706844820310655,W2
QSO_212.8051002+12.1459464,57403.377344572575,18.131,0.0663788840671489,W2
QSO_212.8051002+12.1459464,57572.15353384699,18.166,0.0722686780922972,W2
QSO_212.8051002+12.1459464,57932.23234700001,18.195,0.069622726701222,W2
QSO_212.8051002+12.1459464,58215.68459450002,18.231,0.070529036200759,W2
QSO_212.8051002+12.1459464,58499.83121799996,18.127,0.0534190783224858,W2
QSO_212.8051002+12.1459464,59024.2648828,17.961,0.0878537287276001,W2
QSO_212.8051002+12.1459464,59231.36955650003,18.2275,0.0620370091155272,W2
QSO_212.8051002+12.1459464,59755.496927500026,18.288,0.0623730463010287,W2
QSO_212.8051002+12.1459464,60119.36214250002,18.109,0.0584401679150481,W2
QSO_212.8051002+12.1459464,60325.971581200014,18.021,0.109978129161876,W2
QSO_212.7125899+12.3031481,55214.15523724999,18.0935,0.038501116866917,W1
QSO_212.7125899+12.3031481,55389.789988750046,18.0555,0.0515778021953271,W1
QSO_212.7125899+12.3031481,55577.01982299998,18.147,0.0526969926754558,W1
QSO_212.7125899+12.3031481,56674.894681999984,18.083,0.045318888478123,W1
QSO_212.7125899+12.3031481,56854.32590799996,18.074,0.0487595027244472,W1
QSO_212.7125899+12.3031481,57040.79391537848,17.9715,0.034324095305172,W1
QSO_212.7125899+12.3031481,57213.01126915225,17.9515,0.0488199242113298,W1
QSO_212.7125899+12.3031481,57403.27885396631,17.975,0.0562079472435468,W1
QSO_212.7125899+12.3031481,57572.1206853449,18.0235,0.038747245063359,W1
QSO_212.7125899+12.3031481,57932.10153099998,18.095,0.0595250647716824,W1
QSO_212.7125899+12.3031481,58295.46008949998,17.9775,0.0456987078682367,W1
QSO_212.7125899+12.3031481,58499.56973200001,18.003,0.0347928511337009,W1
QSO_212.7125899+12.3031481,59024.06786499999,17.986,0.0360344442499084,W1
QSO_212.7125899+12.3031481,59231.17378874996,18.070500000000003,0.0351994537345379,W1
QSO_212.7125899+12.3031481,59755.17085475,18.1485,0.0452627086186322,W1
QSO_212.7125899+12.3031481,60118.97316200002,18.075,0.0314219854359189,W1
QSO_212.7125899+12.3031481,60325.7130754,18.134,0.0438158035526851,W1
QSO_212.7125899+12.3031481,55214.15523724999,18.521,0.0658336464127575,W2
QSO_212.7125899+12.3031481,55389.789988750046,18.406,0.0719428425540176,W2
QSO_212.7125899+12.3031481,55577.01982299998,18.323,0.0589575113802147,W2
QSO_212.7125899+12.3031481,56674.894681999984,18.229,0.0599231288184532,W2
QSO_212.7125899+12.3031481,56854.32590799996,18.357,0.0692313492176801,W2
QSO_212.7125899+12.3031481,57040.79391537848,18.2035,0.0542746786332332,W2
QSO_212.7125899+12.3031481,57213.01126915225,18.272,0.0889000337457755,W2
QSO_212.7125899+12.3031481,57403.27885396631,18.307,0.0773007239321791,W2
QSO_212.7125899+12.3031481,57572.1206853449,18.2935,0.0609977376629658,W2
QSO_212.7125899+12.3031481,57932.10153099998,18.432,0.0494647889805925,W2
QSO_212.7125899+12.3031481,58295.46008949998,18.3225,0.0526167309837278,W2
QSO_212.7125899+12.3031481,58499.56973200001,18.201,0.0514283782645234,W2
QSO_212.7125899+12.3031481,59024.06786499999,18.096,0.0627409971987469,W2
QSO_212.7125899+12.3031481,59231.17378874996,18.136,0.0479179557887066,W2
QSO_212.7125899+12.3031481,59755.17085475,18.322,0.0767099236081785,W2
QSO_212.7125899+12.3031481,60118.97316200002,18.342,0.0595487096466436,W2
QSO_212.7125899+12.3031481,60325.7130754,18.171,0.07112813460391,W2
QSO_212.8020011+12.1963929,55214.25446249999,17.761499999999998,0.0279444683846065,W1
QSO_212.8020011+12.1963929,55389.85609025003,17.820999999999998,0.0303952778287304,W1
QSO_212.8020011+12.1963929,55577.185113250016,17.967,0.1072562073955828,W1
QSO_212.8020011+12.1963929,56675.026446999946,17.697,0.0547098254429677,W1
QSO_212.8020011+12.1963929,56854.490267500056,17.770500000000002,0.0512765965314766,W1
QSO_212.8020011+12.1963929,57040.958074138965,17.829,0.0589930130014597,W1
QSO_212.8020011+12.1963929,57213.14241366061,17.814500000000002,0.0456329267086828,W1
QSO_212.8020011+12.1963929,57403.377344572575,17.839,0.0528831073867169,W1
QSO_212.8020011+12.1963929,57572.15353384699,17.823,0.0659580154693737,W1
QSO_212.8020011+12.1963929,57768.863000750025,17.7745,0.0340652957143553,W1
QSO_212.8020011+12.1963929,58215.68459450002,17.8405,0.0286586886609033,W1
QSO_212.8020011+12.1963929,58659.45469699997,17.777,0.0331418992746091,W1
QSO_212.8020011+12.1963929,59024.19929559998,17.73,0.0431335771931969,W1
QSO_212.8020011+12.1963929,59391.25614574999,17.832,0.0354747571653832,W1
QSO_212.8020011+12.1963929,59675.26191574999,17.8415,0.0303548966904256,W1
QSO_212.8020011+12.1963929,60119.16746975,17.792,0.025691665997518,W1
QSO_212.8020011+12.1963929,60325.971581200014,17.835,0.0345604773230606,W1
QSO_212.8020011+12.1963929,55214.25446249999,18.278,0.049814449097054,W2
QSO_212.8020011+12.1963929,55389.85609025003,18.2845,0.0647594323195009,W2
QSO_212.8020011+12.1963929,55577.185113250016,18.508,0.0464031802357917,W2
QSO_212.8020011+12.1963929,56675.026446999946,18.266,0.1046346787637826,W2
QSO_212.8020011+12.1963929,56854.490267500056,18.319000000000003,0.071981619792576,W2
QSO_212.8020011+12.1963929,57040.958074138965,18.378,0.0656825511902836,W2
QSO_212.8020011+12.1963929,57213.14241366061,18.28,0.1098121532436186,W2
QSO_212.8020011+12.1963929,57403.377344572575,18.3735,0.090516217038026,W2
QSO_212.8020011+12.1963929,57572.15353384699,18.167,0.0876638360972114,W2
QSO_212.8020011+12.1963929,57768.863000750025,18.2215,0.06472480919961,W2
QSO_212.8020011+12.1963929,58215.68459450002,18.184,0.0697310573606274,W2
QSO_212.8020011+12.1963929,58659.45469699997,18.097,0.0703172135968194,W2
QSO_212.8020011+12.1963929,59024.19929559998,18.132,0.0898438052028817,W2
QSO_212.8020011+12.1963929,59391.25614574999,18.2965,0.0480078460983437,W2
QSO_212.8020011+12.1963929,59675.26191574999,18.233,0.0365733162109991,W2
QSO_212.8020011+12.1963929,60119.16746975,18.4135,0.0612014999104167,W2
QSO_212.8020011+12.1963929,60325.971581200014,18.219,0.0712753767189793,W2
QSO_212.7954039+12.4815271,55214.12215000001,18.136,0.0413134469825232,W1
QSO_212.7954039+12.4815271,55389.72386900001,18.2035,0.0378997642245949,W1
QSO_212.7954039+12.4815271,55577.05283724998,18.207500000000003,0.054145939818548,W1
QSO_212.7954039+12.4815271,56674.86177724999,18.032000000000004,0.0443068392011887,W1
QSO_212.7954039+12.4815271,56854.424604,18.1075,0.0517063342347916,W1
QSO_212.7954039+12.4815271,57040.859578882606,18.0365,0.0387468860756005,W1
QSO_212.7954039+12.4815271,57212.97856515017,18.1205,0.0468696063563584,W1
QSO_212.7954039+12.4815271,57403.27870756636,18.155,0.0825147393848118,W1
QSO_212.7954039+12.4815271,57572.18640064906,18.0225,0.0601083512408126,W1
QSO_212.7954039+12.4815271,57768.797538,18.059,0.0321204026472206,W1
QSO_212.7954039+12.4815271,58295.590905500016,18.048,0.0432286707545654,W1
QSO_212.7954039+12.4815271,58499.70040200002,18.121,0.0349892420259882,W1
QSO_212.7954039+12.4815271,59023.93701999997,18.177,0.0346547245179196,W1
QSO_212.7954039+12.4815271,59231.30447700003,18.155,0.0436467950438209,W1
QSO_212.7954039+12.4815271,59675.13166550003,18.1485,0.0389679003349651,W1
QSO_212.7954039+12.4815271,59962.08962850002,18.0755,0.0315739162930835,W1
QSO_212.7954039+12.4815271,60325.971581200014,18.095,0.0330986928006311,W1
QSO_212.7954039+12.4815271,55214.12215000001,18.191,0.0919919883487721,W2
QSO_212.7954039+12.4815271,55389.72386900001,18.5505,0.0793291869235982,W2
QSO_212.7954039+12.4815271,55577.05283724998,18.2765,0.0607950243475792,W2
QSO_212.7954039+12.4815271,56674.86177724999,18.0165,0.0561772551839266,W2
QSO_212.7954039+12.4815271,56854.424604,18.4,0.0831298983519166,W2
QSO_212.7954039+12.4815271,57040.859578882606,18.3975,0.092859249823471,W2
QSO_212.7954039+12.4815271,57212.97856515017,18.25,0.0496650883418121,W2
QSO_212.7954039+12.4815271,57403.27870756636,18.36,0.1110933471384568,W2
QSO_212.7954039+12.4815271,57572.18640064906,18.481,0.0591738927803202,W2
QSO_212.7954039+12.4815271,57768.797538,18.107,0.046215353721144,W2
QSO_212.7954039+12.4815271,58295.590905500016,18.084,0.0546138388477588,W2
QSO_212.7954039+12.4815271,58499.70040200002,18.216,0.05075271451312,W2
QSO_212.7954039+12.4815271,59023.93701999997,18.1055,0.0700283366611554,W2
QSO_212.7954039+12.4815271,59231.30447700003,18.153,0.0692867522055976,W2
QSO_212.7954039+12.4815271,59675.13166550003,18.155,0.0697824576259553,W2
QSO_212.7954039+12.4815271,59962.08962850002,18.256,0.069524195962214,W2
QSO_212.7954039+12.4815271,60325.971581200014,18.205,0.0759411024393085,W2
QSO_212.9405679+12.2200157,55214.32052750003,17.52,0.0278058093806275,W1
QSO_212.9405679+12.2200157,55389.95522425,17.466,0.0200235648346653,W1
QSO_212.9405679+12.2200157,55577.218054499965,17.570999999999998,0.0274563749641509,W1
QSO_212.9405679+12.2200157,56675.09229299998,17.546,0.0629231900523557,W1
QSO_212.9405679+12.2200157,56854.588926999975,17.528,0.0402782425502948,W1
QSO_212.9405679+12.2200157,57041.12221464931,17.491999999999997,0.0363514098763721,W1
QSO_212.9405679+12.2200157,57213.14241366061,17.598,0.016202129489669,W1
QSO_212.9405679+12.2200157,57403.60728408712,17.548499999999997,0.0594977434990729,W1
QSO_212.9405679+12.2200157,57572.28478145532,17.609,0.0288668668199373,W1
QSO_212.9405679+12.2200157,57768.99387149997,17.512,0.0201848643073586,W1
QSO_212.9405679+12.2200157,58295.78705650001,17.488999999999997,0.0231167398376506,W1
QSO_212.9405679+12.2200157,58499.83121799996,17.576999999999998,0.0311936108237733,W1
QSO_212.9405679+12.2200157,58866.61645839999,17.579,0.0318771837352289,W1
QSO_212.9405679+12.2200157,59311.44371274993,17.561,0.0256722880748871,W1
QSO_212.9405679+12.2200157,59755.431410000005,17.616,0.021600455702274,W1
QSO_212.9405679+12.2200157,60119.23260400001,17.560000000000002,0.0323907048139034,W1
QSO_212.9405679+12.2200157,60326.10033999996,17.5045,0.0225970499549535,W1
QSO_212.9405679+12.2200157,55214.32052750003,18.163,0.0495879490219585,W2
QSO_212.9405679+12.2200157,55389.95522425,18.2325,0.0816380674224845,W2
QSO_212.9405679+12.2200157,55577.218054499965,18.15,0.0674945538017655,W2
QSO_212.9405679+12.2200157,56675.09229299998,18.23,0.1028482040991469,W2
QSO_212.9405679+12.2200157,56854.588926999975,18.22,0.0884669820810298,W2
QSO_212.9405679+12.2200157,57041.12221464931,18.2255,0.1142702104662453,W2
QSO_212.9405679+12.2200157,57213.14241366061,18.2235,0.075062140923371,W2
QSO_212.9405679+12.2200157,57403.60728408712,18.0775,0.0813952689952852,W2
QSO_212.9405679+12.2200157,57572.28478145532,18.256,0.0699001001429897,W2
QSO_212.9405679+12.2200157,57768.99387149997,18.075,0.0654417326357606,W2
QSO_212.9405679+12.2200157,58295.78705650001,18.111,0.0569307608520291,W2
QSO_212.9405679+12.2200157,58499.83121799996,18.154,0.0458704626238262,W2
QSO_212.9405679+12.2200157,58866.61645839999,17.863,0.0647805262010423,W2
QSO_212.9405679+12.2200157,59311.44371274993,18.1105,0.0627730943557826,W2
QSO_212.9405679+12.2200157,59755.431410000005,18.113,0.0783398655922617,W2
QSO_212.9405679+12.2200157,60119.23260400001,18.05,0.0682971239404557,W2
QSO_212.9405679+12.2200157,60326.10033999996,18.033,0.0810295403920926,W2
QSO_212.966886+12.3940551,55214.287440249966,17.747999999999998,0.0341049116697289,W1
QSO_212.966886+12.3940551,55389.98829325001,17.756999999999998,0.0369552432003903,W1
QSO_212.966886+12.3940551,55577.218054499965,17.84,0.0336103675185758,W1
QSO_212.966886+12.3940551,56675.12510650003,17.886000000000003,0.0387700915655354,W1
QSO_212.966886+12.3940551,56854.55604049994,17.756,0.0466633818953635,W1
QSO_212.966886+12.3940551,57041.05656939516,17.798000000000002,0.0310225635471315,W1
QSO_212.966886+12.3940551,57213.2407811669,17.817500000000003,0.0458142335961215,W1
QSO_212.966886+12.3940551,57403.541568782966,17.863999999999997,0.0288737071069701,W1
QSO_212.966886+12.3940551,57572.21912105117,17.872999999999998,0.0406061510627668,W1
QSO_212.966886+12.3940551,57768.73198399996,17.854999999999997,0.0373254027647516,W1
QSO_212.966886+12.3940551,58295.65624049998,17.847,0.0352049804265191,W1
QSO_212.966886+12.3940551,58659.52015974999,17.8175,0.0448879113657213,W1
QSO_212.966886+12.3940551,58866.48541210002,17.8385,0.0310165656343508,W1
QSO_212.966886+12.3940551,59311.31275075003,17.857,0.018279086410431,W1
QSO_212.966886+12.3940551,59595.48359199998,17.895,0.0408945140227158,W1
QSO_212.966886+12.3940551,60119.102445,17.811999999999998,0.0289200028578764,W1
QSO_212.966886+12.3940551,60326.035960599984,17.816499999999998,0.0242231559612331,W1
QSO_212.966886+12.3940551,55214.287440249966,18.288,0.1082198687857271,W2
QSO_212.966886+12.3940551,55389.98829325001,18.5395,0.0557391538461463,W2
QSO_212.966886+12.3940551,55577.218054499965,18.2295,0.0367917084095357,W2
QSO_212.966886+12.3940551,56675.12510650003,18.403,0.1175414182320427,W2
QSO_212.966886+12.3940551,56854.55604049994,18.231,0.0678421044865688,W2
QSO_212.966886+12.3940551,57041.05656939516,18.322000000000003,0.0701809293698954,W2
QSO_212.966886+12.3940551,57213.2407811669,18.4235,0.0741842031702167,W2
QSO_212.966886+12.3940551,57403.541568782966,18.386,0.0601802927749939,W2
QSO_212.966886+12.3940551,57572.21912105117,18.201,0.0835821419640391,W2
QSO_212.966886+12.3940551,57768.73198399996,18.1305,0.0558013875234034,W2
QSO_212.966886+12.3940551,58295.65624049998,18.212,0.0484346604309292,W2
QSO_212.966886+12.3940551,58659.52015974999,18.332,0.0650109711598704,W2
QSO_212.966886+12.3940551,58866.48541210002,18.199,0.065022231774986,W2
QSO_212.966886+12.3940551,59311.31275075003,18.0505,0.0719821670624051,W2
QSO_212.966886+12.3940551,59595.48359199998,18.054,0.056212598652494,W2
QSO_212.966886+12.3940551,60119.102445,18.129,0.067742281364554,W2
QSO_212.966886+12.3940551,60326.035960599984,18.008,0.0902596559001729,W2
QSO_212.8851096+12.2998024,55214.32052750003,17.408,0.0290418491276177,W1
QSO_212.8851096+12.2998024,55389.98829325001,17.518,0.0218097320595776,W1
QSO_212.8851096+12.2998024,55577.15202600004,17.560000000000002,0.0256593590086206,W1
QSO_212.8851096+12.2998024,56675.026446999946,17.529,0.0237277053252102,W1
QSO_212.8851096+12.2998024,56854.523154,17.542,0.0395898582282182,W1
QSO_212.8851096+12.2998024,57040.99090589103,17.436,0.0329436033244694,W1
QSO_212.8851096+12.2998024,57213.20794941484,17.383,0.0358913923371014,W1
QSO_212.8851096+12.2998024,57403.41013817466,17.494999999999997,0.0468644842432083,W1
QSO_212.8851096+12.2998024,57572.15353384699,17.509,0.0122211035467679,W1
QSO_212.8851096+12.2998024,57768.86294600002,17.4955,0.0304235825470965,W1
QSO_212.8851096+12.2998024,58295.525424500025,17.46,0.0217948935471515,W1
QSO_212.8851096+12.2998024,58659.454806499976,17.506,0.0275948678267298,W1
QSO_212.8851096+12.2998024,59023.87176219996,17.502000000000002,0.0207758747907211,W1
QSO_212.8851096+12.2998024,59391.19086550003,17.499000000000002,0.028762370286512,W1
QSO_212.8851096+12.2998024,59755.30147,17.463,0.0217117325275598,W1
QSO_212.8851096+12.2998024,60119.36214250002,17.505499999999998,0.0203941917112582,W1
QSO_212.8851096+12.2998024,60325.87460950002,17.518,0.0317983146172875,W1
QSO_212.8851096+12.2998024,55214.32052750003,18.165,0.0518577781149007,W2
QSO_212.8851096+12.2998024,55389.98829325001,18.248,0.0753853197152565,W2
QSO_212.8851096+12.2998024,55577.15202600004,18.394,0.0993902068774409,W2
QSO_212.8851096+12.2998024,56675.026446999946,17.991999999999997,0.0665342092460714,W2
QSO_212.8851096+12.2998024,56854.523154,18.071,0.0419146031763275,W2
QSO_212.8851096+12.2998024,57040.99090589103,18.1325,0.0857310678809031,W2
QSO_212.8851096+12.2998024,57213.20794941484,18.205,0.0925060484434841,W2
QSO_212.8851096+12.2998024,57403.41013817466,18.302,0.0955563119126923,W2
QSO_212.8851096+12.2998024,57572.15353384699,18.312,0.0996199464667322,W2
QSO_212.8851096+12.2998024,57768.86294600002,18.265,0.0596475177605908,W2
QSO_212.8851096+12.2998024,58295.525424500025,18.152,0.048031809727594,W2
QSO_212.8851096+12.2998024,58659.454806499976,17.974999999999998,0.0618667090440301,W2
QSO_212.8851096+12.2998024,59023.87176219996,18.039,0.0647472594820726,W2
QSO_212.8851096+12.2998024,59391.19086550003,18.114,0.0763271732908541,W2
QSO_212.8851096+12.2998024,59755.30147,18.193,0.1069411314625188,W2
QSO_212.8851096+12.2998024,60119.36214250002,18.1255,0.0504444579050398,W2
QSO_212.8851096+12.2998024,60325.87460950002,18.1285,0.0786231555328167,W2
QSO_212.6827114+12.2585903,55214.122259500014,18.31,0.0846561436616055,W1
QSO_212.6827114+12.2585903,55389.75690149998,18.329,0.0434464684371251,W1
QSO_212.6827114+12.2585903,55577.01993249999,18.384,0.1041033555660919,W1
QSO_212.6827114+12.2585903,56674.89479149999,18.322,0.0584975934956162,W1
QSO_212.6827114+12.2585903,56854.39171749997,18.287,0.0361629171113795,W1
QSO_212.6827114+12.2585903,57040.761083626414,18.26,0.0631052452333238,W1
QSO_212.6827114+12.2585903,57213.01121440225,18.183,0.0863170695073703,W1
QSO_212.6827114+12.2585903,57403.34444117048,18.086,0.0436876669656085,W1
QSO_212.6827114+12.2585903,57572.1206853449,18.3195,0.033047617160697,W1
QSO_212.6827114+12.2585903,57768.60118625006,18.388,0.0496308470657696,W1
QSO_212.6827114+12.2585903,58295.46008949998,18.255,0.046414538401238,W1
QSO_212.6827114+12.2585903,58579.44686124998,18.339,0.0541100857049773,W1
QSO_212.6827114+12.2585903,59024.19936880004,18.297,0.0685569818965498,W1
QSO_212.6827114+12.2585903,59391.12553049999,18.3665,0.0501353654587708,W1
QSO_212.6827114+12.2585903,59754.9752695,18.4285,0.0484010257489737,W1
QSO_212.6827114+12.2585903,60118.84347749997,18.487,0.0499836837647564,W1
QSO_212.6827114+12.2585903,60325.971581200014,18.346,0.0431076077510797,W1
QSO_212.6827114+12.2585903,55214.122259500014,18.308,0.0451149629257259,W2
QSO_212.6827114+12.2585903,55389.75690149998,18.296,0.0542015742473183,W2
QSO_212.6827114+12.2585903,55577.01993249999,18.421,0.0603232713790647,W2
QSO_212.6827114+12.2585903,56674.89479149999,18.241,0.0953587713150539,W2
QSO_212.6827114+12.2585903,56854.39171749997,18.214,0.0803842481326953,W2
QSO_212.6827114+12.2585903,57040.761083626414,18.344,0.0642039387815995,W2
QSO_212.6827114+12.2585903,57213.01121440225,18.445,0.0766563779104415,W2
QSO_212.6827114+12.2585903,57403.34444117048,18.279,0.0799440401948903,W2
QSO_212.6827114+12.2585903,57572.1206853449,18.2935,0.0847654941588851,W2
QSO_212.6827114+12.2585903,57768.60118625006,18.1685,0.062199166300722,W2
QSO_212.6827114+12.2585903,58295.46008949998,18.2355,0.0640967345112058,W2
QSO_212.6827114+12.2585903,58579.44686124998,18.158,0.0571311156463795,W2
QSO_212.6827114+12.2585903,59024.19936880004,18.2075,0.0799617073077391,W2
QSO_212.6827114+12.2585903,59391.12553049999,18.259,0.0537281824798922,W2
QSO_212.6827114+12.2585903,59754.9752695,18.3065,0.0609480554767116,W2
QSO_212.6827114+12.2585903,60118.84347749997,18.045,0.0724572160584859,W2
QSO_212.6827114+12.2585903,60325.971581200014,18.229,0.0661270532536545,W2
QSO_212.6047521+12.277422,55214.02299774999,17.776,0.0416480166594599,W1
QSO_212.6047521+12.277422,55389.72386900001,17.7865,0.0507632273187335,W1
QSO_212.6047521+12.277422,55576.920743750015,17.7165,0.0628667241074322,W1
QSO_212.6047521+12.277422,56674.82887249998,17.787999999999997,0.0322014257166015,W1
QSO_212.6047521+12.277422,56854.293021499936,17.786,0.0257481121206541,W1
QSO_212.6047521+12.277422,57040.79391537848,17.7645,0.0334980745715332,W1
QSO_212.6047521+12.277422,57213.01121440225,17.777,0.0458456561992147,W1
QSO_212.6047521+12.277422,57403.34444117048,17.861,0.065994658303185,W1
QSO_212.6047521+12.277422,57571.95660753463,17.8265,0.0695153220520484,W1
QSO_212.6047521+12.277422,57768.53565049998,17.769,0.0248464879862164,W1
QSO_212.6047521+12.277422,58295.32927349995,17.744999999999997,0.0305045983773558,W1
QSO_212.6047521+12.277422,58659.192809500026,17.811999999999998,0.0299959612385643,W1
QSO_212.6047521+12.277422,59024.06781009999,17.814,0.0528494651070295,W1
QSO_212.6047521+12.277422,59390.99491524999,17.795,0.0281320675233885,W1
QSO_212.6047521+12.277422,59754.84509225001,17.767,0.0194725590397244,W1
QSO_212.6047521+12.277422,60118.84347749997,17.826,0.0311233187207381,W1
QSO_212.6047521+12.277422,60486.10891539998,17.767,0.0397288781600128,W1
QSO_212.6047521+12.277422,55214.02299774999,18.173,0.1112557010607482,W2
QSO_212.6047521+12.277422,55389.72386900001,18.3085,0.0493971529260662,W2
QSO_212.6047521+12.277422,55576.920743750015,18.343,0.0910042251766367,W2
QSO_212.6047521+12.277422,56674.82887249998,18.202,0.0611308163632809,W2
QSO_212.6047521+12.277422,56854.293021499936,18.142,0.070844259778182,W2
QSO_212.6047521+12.277422,57040.79391537848,18.2695,0.0440986280965747,W2
QSO_212.6047521+12.277422,57213.01121440225,18.055,0.0720831809349727,W2
QSO_212.6047521+12.277422,57403.34444117048,18.276,0.0775433681039189,W2
QSO_212.6047521+12.277422,57571.95660753463,18.0685,0.0839366963848353,W2
QSO_212.6047521+12.277422,57768.53565049998,18.091,0.056556424678212,W2
QSO_212.6047521+12.277422,58295.32927349995,18.1045,0.057515764833284,W2
QSO_212.6047521+12.277422,58659.192809500026,18.086,0.0510307718000219,W2
QSO_212.6047521+12.277422,59024.06781009999,18.0425,0.0697015399020929,W2
QSO_212.6047521+12.277422,59390.99491524999,18.0725,0.0572612017787875,W2
QSO_212.6047521+12.277422,59754.84509225001,18.109,0.0736424834148853,W2
QSO_212.6047521+12.277422,60118.84347749997,18.141,0.0624654894448035,W2
QSO_212.6047521+12.277422,60486.10891539998,18.005,0.0615804815402343,W2
QSO_212.8415001+12.3392934,55214.32052750003,18.092,0.0919798184508643,W1
QSO_212.8415001+12.3392934,55389.82307600003,18.088,0.0560735390159901,W1
QSO_212.8415001+12.3392934,55577.085961,18.376,0.0569671501687339,W1
QSO_212.8415001+12.3392934,56675.02637400005,18.0835,0.0984390277659224,W1
QSO_212.8415001+12.3392934,56854.45743575002,18.1005,0.0525052907387015,W1
QSO_212.8415001+12.3392934,57041.023737643096,18.143,0.052444067017054,W1
QSO_212.8415001+12.3392934,57213.10963665855,18.0665,0.0387658225760784,W1
QSO_212.8415001+12.3392934,57403.47585347881,18.1535,0.0726063740099655,W1
QSO_212.8415001+12.3392934,57572.1206853449,18.037,0.061953409914225,W1
QSO_212.8415001+12.3392934,57768.797538,18.115,0.0398745847287296,W1
QSO_212.8415001+12.3392934,58295.46008949998,18.1005,0.0406768014820846,W1
QSO_212.8415001+12.3392934,58499.70040200002,18.157,0.0455284661558027,W1
QSO_212.8415001+12.3392934,59024.00227779998,18.009,0.0311182455577873,W1
QSO_212.8415001+12.3392934,59311.31275075003,18.047,0.0425232348252105,W1
QSO_212.8415001+12.3392934,59675.26191574999,18.107,0.0316766376845776,W1
QSO_212.8415001+12.3392934,60119.36214250002,18.055,0.0432733260937069,W1
QSO_212.8415001+12.3392934,60325.971581200014,18.147,0.0535455408538124,W1
QSO_212.8415001+12.3392934,55214.32052750003,18.197,0.0523741811008103,W2
QSO_212.8415001+12.3392934,55389.82307600003,18.326,0.0613028523292653,W2
QSO_212.8415001+12.3392934,55577.085961,18.274,0.0618605226899033,W2
QSO_212.8415001+12.3392934,56675.02637400005,18.0465,0.0877380689894644,W2
QSO_212.8415001+12.3392934,56854.45743575002,18.321,0.1127937805080417,W2
QSO_212.8415001+12.3392934,57041.023737643096,18.149,0.0877141556587654,W2
QSO_212.8415001+12.3392934,57213.10963665855,18.2365,0.074457074882109,W2
QSO_212.8415001+12.3392934,57403.47585347881,18.3545,0.1017241886026868,W2
QSO_212.8415001+12.3392934,57572.1206853449,17.883,0.1064479966932212,W2
QSO_212.8415001+12.3392934,57768.797538,18.126,0.0581833557218727,W2
QSO_212.8415001+12.3392934,58295.46008949998,18.199,0.0627859955397129,W2
QSO_212.8415001+12.3392934,58499.70040200002,18.082,0.0615101445778597,W2
QSO_212.8415001+12.3392934,59024.00227779998,18.057,0.057643471394625,W2
QSO_212.8415001+12.3392934,59311.31275075003,18.1385,0.0643539538412365,W2
QSO_212.8415001+12.3392934,59675.26191574999,18.2645,0.0496545302565636,W2
QSO_212.8415001+12.3392934,60119.36214250002,18.135,0.0506417028371358,W2
QSO_212.8415001+12.3392934,60325.971581200014,18.024,0.0603616162147532,W2
QSO_212.7576074+12.2056346,55214.122259500014,17.939,0.0410282012556238,W1
QSO_212.7576074+12.2056346,55389.82300299997,17.871499999999997,0.0333398930620323,W1
QSO_212.7576074+12.2056346,55577.15202600004,18.136,0.0642713888132578,W1
QSO_212.7576074+12.2056346,56675.026446999946,17.864,0.0531616779268674,W1
QSO_212.7576074+12.2056346,56854.45738100002,18.018,0.0522961140641047,W1
QSO_212.7576074+12.2056346,57040.958074138965,17.953,0.0171976742613645,W1
QSO_212.7576074+12.2056346,57213.07687790638,17.872,0.0290622056455143,W1
QSO_212.7576074+12.2056346,57403.377344572575,17.887,0.037920970451717,W1
QSO_212.7576074+12.2056346,57572.1206853449,17.9595,0.0405787629185513,W1
QSO_212.7576074+12.2056346,57768.797538,17.8855,0.0338820000967409,W1
QSO_212.7576074+12.2056346,58295.394681500045,17.8705,0.040157813451645,W1
QSO_212.7576074+12.2056346,58659.32399050002,17.948,0.0422120945008256,W1
QSO_212.7576074+12.2056346,59024.100786700015,17.866,0.0448774651742549,W1
QSO_212.7576074+12.2056346,59231.43463600004,17.942,0.0344359081138814,W1
QSO_212.7576074+12.2056346,59755.0402395,17.987000000000002,0.0490100244380711,W1
QSO_212.7576074+12.2056346,60118.97316200002,17.974,0.0449670418013051,W1
QSO_212.7576074+12.2056346,60325.971581200014,17.972,0.0389943832667968,W1
QSO_212.7576074+12.2056346,55214.122259500014,18.384,0.0593157705092366,W2
QSO_212.7576074+12.2056346,55389.82300299997,18.438,0.0783680112641911,W2
QSO_212.7576074+12.2056346,55577.15202600004,18.376,0.0885027388608698,W2
QSO_212.7576074+12.2056346,56675.026446999946,18.055,0.0284239509508147,W2
QSO_212.7576074+12.2056346,56854.45738100002,18.226,0.0948329624066861,W2
QSO_212.7576074+12.2056346,57040.958074138965,18.072,0.0808478178238724,W2
QSO_212.7576074+12.2056346,57213.07687790638,18.315,0.0532313325020626,W2
QSO_212.7576074+12.2056346,57403.377344572575,18.2405,0.0742835440853154,W2
QSO_212.7576074+12.2056346,57572.1206853449,18.369,0.0546075177974608,W2
QSO_212.7576074+12.2056346,57768.797538,18.047,0.0565501343588147,W2
QSO_212.7576074+12.2056346,58295.394681500045,18.113,0.0790053594745,W2
QSO_212.7576074+12.2056346,58659.32399050002,18.3115,0.0612123314685,W2
QSO_212.7576074+12.2056346,59024.100786700015,18.19,0.1012961624961339,W2
QSO_212.7576074+12.2056346,59231.43463600004,18.2045,0.0460049169214812,W2
QSO_212.7576074+12.2056346,59755.0402395,18.22,0.0696079860940422,W2
QSO_212.7576074+12.2056346,60118.97316200002,17.924,0.0621048329334451,W2
QSO_212.7576074+12.2056346,60325.971581200014,17.875,0.0678531541971301,W2
QSO_212.8186224+12.2126234,55214.25446249999,18.023,0.0743704153389366,W1
QSO_212.8186224+12.2126234,55389.85609025003,18.1635,0.0586693836199429,W1
QSO_212.8186224+12.2126234,55577.185113250016,18.389000000000003,0.0664665573107312,W1
QSO_212.8186224+12.2126234,56675.026446999946,17.9255,0.0642457858540154,W1
QSO_212.8186224+12.2126234,56854.523154,18.108,0.05155242858064,W1
QSO_212.8186224+12.2126234,57041.023737643096,18.105,0.0526078225209694,W1
QSO_212.8186224+12.2126234,57213.14241366061,18.024,0.0424727677459336,W1
QSO_212.8186224+12.2126234,57403.41013817466,18.018,0.0788519297300797,W1
QSO_212.8186224+12.2126234,57572.15353384699,18.067,0.0506728876985364,W1
QSO_212.8186224+12.2126234,57768.797538,18.116,0.0411688834227381,W1
QSO_212.8186224+12.2126234,58135.84376450001,18.072,0.0426956001986293,W1
QSO_212.8186224+12.2126234,58659.52010499999,18.211,0.0493691844676412,W1
QSO_212.8186224+12.2126234,59024.19944200001,18.1135,0.0308339483653144,W1
QSO_212.8186224+12.2126234,59391.19086550003,18.122,0.0342156407875988,W1
QSO_212.8186224+12.2126234,59755.0402395,18.185,0.0479793615308986,W1
QSO_212.8186224+12.2126234,60119.03785825001,18.144,0.045897464602573,W1
QSO_212.8186224+12.2126234,60325.971581200014,18.223,0.025950506347767,W1
QSO_212.8186224+12.2126234,55214.25446249999,18.194,0.053686781178688,W2
QSO_212.8186224+12.2126234,55389.85609025003,18.2355,0.0604084524089881,W2
QSO_212.8186224+12.2126234,55577.185113250016,18.395,0.0606851458043589,W2
QSO_212.8186224+12.2126234,56675.026446999946,18.3185,0.073888700083301,W2
QSO_212.8186224+12.2126234,56854.523154,18.224,0.0746463940673475,W2
QSO_212.8186224+12.2126234,57041.023737643096,18.144,0.1222621595805297,W2
QSO_212.8186224+12.2126234,57213.14241366061,18.1665,0.0874235894939118,W2
QSO_212.8186224+12.2126234,57403.41013817466,18.272,0.1169105212153531,W2
QSO_212.8186224+12.2126234,57572.15353384699,17.989,0.0458546686676242,W2
QSO_212.8186224+12.2126234,57768.797538,18.216,0.0555385980713362,W2
QSO_212.8186224+12.2126234,58135.84376450001,18.254,0.0561993481250329,W2
QSO_212.8186224+12.2126234,58659.52010499999,18.239,0.068339186233083,W2
QSO_212.8186224+12.2126234,59024.19944200001,17.919999999999998,0.0505625792425898,W2
QSO_212.8186224+12.2126234,59391.19086550003,18.128,0.0722096941614698,W2
QSO_212.8186224+12.2126234,59755.0402395,18.164,0.0654663304559419,W2
QSO_212.8186224+12.2126234,60119.03785825001,18.073500000000003,0.0788482999065176,W2
QSO_212.8186224+12.2126234,60325.971581200014,17.94,0.07650684652528,W2
QSO_212.824652+12.1366188,55214.32052750003,18.127,0.0554995346566747,W1
QSO_212.824652+12.1366188,55389.9551695,18.128,0.0475192316672214,W1
QSO_212.824652+12.1366188,55577.185113250016,18.341,0.0778039137833053,W1
QSO_212.824652+12.1366188,56675.09229299998,18.153,0.0494056027212188,W1
QSO_212.824652+12.1366188,56854.523154,18.0885,0.0234843274624511,W1
QSO_212.824652+12.1366188,57040.92524238682,18.192,0.0548691990100092,W1
QSO_212.824652+12.1366188,57213.07687790638,18.217,0.0785136707934213,W1
QSO_212.824652+12.1366188,57403.377344572575,18.166,0.0433945381067711,W1
QSO_212.824652+12.1366188,57572.15353384699,18.164,0.0582081035665259,W1
QSO_212.824652+12.1366188,57850.645813250005,18.148,0.0355826053980326,W1
QSO_212.824652+12.1366188,58135.84376450001,18.153,0.0528682221642075,W1
QSO_212.824652+12.1366188,58659.45469699997,18.1295,0.041584822952611,W1
QSO_212.824652+12.1366188,59024.2648828,18.183,0.0373419593209291,W1
QSO_212.824652+12.1366188,59231.43463600004,18.096,0.0605900014222058,W1
QSO_212.824652+12.1366188,59755.30147,18.167,0.0702462335882382,W1
QSO_212.824652+12.1366188,60119.29731850006,18.1235,0.0327755236983896,W1
QSO_212.824652+12.1366188,60326.035960599984,18.112,0.0452776913715518,W1
QSO_212.824652+12.1366188,55214.32052750003,18.169,0.0863079507295156,W2
QSO_212.824652+12.1366188,55389.9551695,18.328,0.0822154656662604,W2
QSO_212.824652+12.1366188,55577.185113250016,18.206,0.0745506606275223,W2
QSO_212.824652+12.1366188,56675.09229299998,18.177,0.1027068223538473,W2
QSO_212.824652+12.1366188,56854.523154,18.367,0.0770601158677478,W2
QSO_212.824652+12.1366188,57040.92524238682,18.184,0.0766226402573023,W2
QSO_212.824652+12.1366188,57213.07687790638,18.236,0.1129652285313621,W2
QSO_212.824652+12.1366188,57403.377344572575,18.2445,0.1178289859154997,W2
QSO_212.824652+12.1366188,57572.15353384699,18.377,0.088821958690432,W2
QSO_212.824652+12.1366188,57850.645813250005,18.127,0.0772989387970075,W2
QSO_212.824652+12.1366188,58135.84376450001,18.131,0.0637368303565039,W2
QSO_212.824652+12.1366188,58659.45469699997,18.155,0.0651437936705828,W2
QSO_212.824652+12.1366188,59024.2648828,18.13,0.0818491403606524,W2
QSO_212.824652+12.1366188,59231.43463600004,18.133,0.0652058746907272,W2
QSO_212.824652+12.1366188,59755.30147,18.145,0.0554622754672037,W2
QSO_212.824652+12.1366188,60119.29731850006,18.015,0.0497420995237269,W2
QSO_212.824652+12.1366188,60326.035960599984,18.054,0.0807526121868513,W2
QSO_212.7271591+12.1757618,55214.18832449997,17.932000000000002,0.038702257858371,W1
QSO_212.7271591+12.1757618,55389.78991574999,17.951,0.0367200870902884,W1
QSO_212.7271591+12.1757618,55577.085961,18.116,0.030366481778885,W1
QSO_212.7271591+12.1757618,56674.96060099999,18.002000000000002,0.0550600121528465,W1
QSO_212.7271591+12.1757618,56854.42454925,17.98,0.0396121824695384,W1
QSO_212.7271591+12.1757618,57040.89241063467,17.8495,0.0352005810902449,W1
QSO_212.7271591+12.1757618,57213.01121440225,17.948999999999998,0.0494531781531939,W1
QSO_212.7271591+12.1757618,57403.377344572575,17.939,0.0398420465322126,W1
QSO_212.7271591+12.1757618,57572.1206853449,17.916999999999998,0.0549343244247166,W1
QSO_212.7271591+12.1757618,57850.51494250005,17.875999999999998,0.0314108116283631,W1
QSO_212.7271591+12.1757618,58135.71283899997,17.965,0.0462177771902702,W1
QSO_212.7271591+12.1757618,58499.63514000003,17.9045,0.0354483144874337,W1
QSO_212.7271591+12.1757618,59024.19929559998,17.88,0.0452081112994608,W1
QSO_212.7271591+12.1757618,59231.30447700003,17.939999999999998,0.046930185792657,W1
QSO_212.7271591+12.1757618,59755.30141525,17.898,0.0438939345494839,W1
QSO_212.7271591+12.1757618,60119.10229899996,17.993000000000002,0.0334169634412257,W1
QSO_212.7271591+12.1757618,60325.87460950002,17.9705,0.0326333629128228,W1
QSO_212.7271591+12.1757618,55214.18832449997,18.488,0.0992438201487427,W2
QSO_212.7271591+12.1757618,55389.78991574999,18.3155,0.055811248043412,W2
QSO_212.7271591+12.1757618,55577.085961,18.308,0.0802274471470488,W2
QSO_212.7271591+12.1757618,56674.96060099999,18.0995,0.0792094511581655,W2
QSO_212.7271591+12.1757618,56854.42454925,18.3545,0.0821858868662985,W2
QSO_212.7271591+12.1757618,57040.89241063467,18.305,0.0713485639712976,W2
QSO_212.7271591+12.1757618,57213.01121440225,18.307,0.0731367398764778,W2
QSO_212.7271591+12.1757618,57403.377344572575,18.281,0.1067005063103031,W2
QSO_212.7271591+12.1757618,57572.1206853449,18.074,0.1401792745023315,W2
QSO_212.7271591+12.1757618,57850.51494250005,18.3305,0.0770789140880614,W2
QSO_212.7271591+12.1757618,58135.71283899997,18.121,0.0598018702586043,W2
QSO_212.7271591+12.1757618,58499.63514000003,18.271,0.0559600515993329,W2
QSO_212.7271591+12.1757618,59024.19929559998,18.283,0.0911039211144146,W2
QSO_212.7271591+12.1757618,59231.30447700003,18.145,0.0473740532201039,W2
QSO_212.7271591+12.1757618,59755.30141525,18.302,0.0711276618982332,W2
QSO_212.7271591+12.1757618,60119.10229899996,18.233,0.0581618721239838,W2
QSO_212.7271591+12.1757618,60325.87460950002,18.2225,0.0718050694589177,W2
QSO_212.8452616+12.3926291,55214.18832449997,18.171,0.0254334119482979,W1
QSO_212.8452616+12.3926291,55389.82307600003,18.289,0.0548487845953361,W1
QSO_212.8452616+12.3926291,55577.085961,18.425,0.1046567858523452,W1
QSO_212.8452616+12.3926291,56675.02637400005,18.223,0.0876136062492581,W1
QSO_212.8452616+12.3926291,56854.45743575002,18.178,0.0393514185705994,W1
QSO_212.8452616+12.3926291,57041.023737643096,18.273,0.0463377986666848,W1
QSO_212.8452616+12.3926291,57213.011323902254,18.33,0.0915534683435861,W1
QSO_212.8452616+12.3926291,57403.37728967257,18.2635,0.0424622764565796,W1
QSO_212.8452616+12.3926291,57572.15347894699,18.4145,0.0526396765460709,W1
QSO_212.8452616+12.3926291,57768.60111325,18.2475,0.0509050950662476,W1
QSO_212.8452616+12.3926291,58295.39475450003,18.207,0.0386532627594653,W1
QSO_212.8452616+12.3926291,58499.56973200001,18.284,0.0418890302360824,W1
QSO_212.8452616+12.3926291,59024.00227779998,18.33,0.0540359124669899,W1
QSO_212.8452616+12.3926291,59231.43463600004,18.285,0.0369080168266903,W1
QSO_212.8452616+12.3926291,59755.0402395,18.288,0.0532114882055962,W1
QSO_212.8452616+12.3926291,60118.97327150002,18.375,0.0521019180965975,W1
QSO_212.8452616+12.3926291,60326.035960599984,18.3355,0.0421864596168012,W1
QSO_212.8452616+12.3926291,55214.18832449997,18.343,0.083191122473755,W2
QSO_212.8452616+12.3926291,55389.82307600003,18.496,0.0610685733360276,W2
QSO_212.8452616+12.3926291,55577.085961,18.496,0.0599322557705201,W2
QSO_212.8452616+12.3926291,56675.02637400005,18.059,0.0758466940611124,W2
QSO_212.8452616+12.3926291,56854.45743575002,18.5535,0.0778751188989046,W2
QSO_212.8452616+12.3926291,57041.023737643096,18.308,0.0751841915541717,W2
QSO_212.8452616+12.3926291,57213.011323902254,18.329,0.1109815912608839,W2
QSO_212.8452616+12.3926291,57403.37728967257,18.3055,0.0595804176879871,W2
QSO_212.8452616+12.3926291,57572.15347894699,18.4415,0.0720955176961435,W2
QSO_212.8452616+12.3926291,57768.60111325,18.1035,0.0495993291278361,W2
QSO_212.8452616+12.3926291,58295.39475450003,18.132,0.0639987464108951,W2
QSO_212.8452616+12.3926291,58499.56973200001,18.253,0.0683489272464398,W2
QSO_212.8452616+12.3926291,59024.00227779998,18.096,0.0859447218900356,W2
QSO_212.8452616+12.3926291,59231.43463600004,18.226,0.0617148176119963,W2
QSO_212.8452616+12.3926291,59755.0402395,18.184,0.055958533940643,W2
QSO_212.8452616+12.3926291,60118.97327150002,18.18,0.0820291940940996,W2
QSO_212.8452616+12.3926291,60326.035960599984,18.0105,0.0715367038659177,W2
