oid,time,magnitude,error,band
QSO_154.157107+25.692218,55328.146434499984,18.326,0.051513680500793,W1
QSO_154.157107+25.692218,55518.63385725,18.506,0.0437638788859954,W1
QSO_154.157107+25.692218,56792.78230900006,18.3065,0.046787402150579,W1
QSO_154.157107+25.692218,56983.36523400003,18.327,0.0853986717284451,W1
QSO_154.157107+25.692218,57151.53652840167,18.2955,0.0522577745412105,W1
QSO_154.157107+25.692218,57344.98744827224,18.388,0.0805091684167361,W1
QSO_154.157107+25.692218,57510.56892425202,18.429,0.0728673863947381,W1
QSO_154.157107+25.692218,57709.80235445274,18.302,0.035578519060221,W1
QSO_154.157107+25.692218,57871.38356199998,18.242,0.0891462132276659,W1
QSO_154.157107+25.692218,58076.71102699998,18.41,0.043782589021522,W1
QSO_154.157107+25.692218,58234.47937525007,18.254,0.0480167039994807,W1
QSO_154.157107+25.692218,58440.754288999975,18.1965,0.1278379286440452,W1
QSO_154.157107+25.692218,58598.462795500025,18.348,0.0621106681119199,W1
QSO_154.157107+25.692218,58804.6671365,18.288,0.0729342529118755,W1
QSO_154.157107+25.692218,58962.79840359997,18.281,0.0635942858766347,W1
QSO_154.157107+25.692218,59172.415387600005,18.2435,0.097439935344806,W1
QSO_154.157107+25.692218,59330.381099,18.2645,0.0390275543686766,W1
QSO_154.157107+25.692218,59536.46144949996,18.332,0.0735122302749684,W1
QSO_154.157107+25.692218,59694.13243400004,18.451,0.0684217689155904,W1
QSO_154.157107+25.692218,59903.34359024998,18.256,0.0765624140211157,W1
QSO_154.157107+25.692218,60058.058202500026,18.307,0.0967378512825971,W1
QSO_154.157107+25.692218,60267.21550300002,18.249,0.0414830882289672,W1
QSO_154.157107+25.692218,60425.362559500034,18.377,0.0478725642451646,W1
QSO_154.157107+25.692218,55328.146434499984,18.409,0.060713658962981,W2
QSO_154.157107+25.692218,55518.63385725,18.267000000000003,0.0533596282564078,W2
QSO_154.157107+25.692218,56792.78230900006,18.0665,0.1016312009178283,W2
QSO_154.157107+25.692218,56983.36523400003,18.057,0.074475143216882,W2
QSO_154.157107+25.692218,57151.53652840167,18.012,0.0998188028518564,W2
QSO_154.157107+25.692218,57344.98744827224,18.114,0.0826458674591597,W2
QSO_154.157107+25.692218,57510.56892425202,18.4265,0.0505168189814046,W2
QSO_154.157107+25.692218,57709.80235445274,18.2725,0.0568603104758266,W2
QSO_154.157107+25.692218,57871.38356199998,18.074,0.0967638733338508,W2
QSO_154.157107+25.692218,58076.71102699998,18.231,0.1300398078102502,W2
QSO_154.157107+25.692218,58234.47937525007,17.9405,0.0699750267822588,W2
QSO_154.157107+25.692218,58440.754288999975,18.0695,0.0646717558134926,W2
QSO_154.157107+25.692218,58598.462795500025,18.168,0.0674617442461422,W2
QSO_154.157107+25.692218,58804.6671365,17.965,0.0863005460965326,W2
QSO_154.157107+25.692218,58962.79840359997,18.133,0.0989523031517699,W2
QSO_154.157107+25.692218,59172.415387600005,18.094,0.1163517253847143,W2
QSO_154.157107+25.692218,59330.381099,17.910999999999998,0.0740362268423293,W2
QSO_154.157107+25.692218,59536.46144949996,18.122,0.0741094325980165,W2
QSO_154.157107+25.692218,59694.13243400004,18.03,0.0880122265681837,W2
QSO_154.157107+25.692218,59903.34359024998,18.018,0.0690657228592744,W2
QSO_154.157107+25.692218,60058.058202500026,17.877,0.107721731558853,W2
QSO_154.157107+25.692218,60267.21550300002,18.063,0.0367634721512453,W2
QSO_154.157107+25.692218,60425.362559500034,18.0355,0.0721197242758848,W2
QSO_154.3187309+25.6673933,55328.27863749996,18.027,0.0491550239412274,W1
QSO_154.3187309+25.6673933,55518.76600549997,18.238,0.0680622119760596,W1
QSO_154.3187309+25.6673933,56793.01244149996,18.0125,0.0541054381508919,W1
QSO_154.3187309+25.6673933,56983.496670499975,18.074,0.0405201164378904,W1
QSO_154.3187309+25.6673933,57151.56928715376,18.079,0.0537444800496057,W1
QSO_154.3187309+25.6673933,57345.15122378261,17.9825,0.0582491882349372,W1
QSO_154.3187309+25.6673933,57510.70029996032,18.138,0.1135219684086982,W1
QSO_154.3187309+25.6673933,57709.933583761085,18.061,0.0306318775346255,W1
QSO_154.3187309+25.6673933,57871.51445099999,18.1165,0.0466501458852071,W1
QSO_154.3187309+25.6673933,58076.84184300002,18.127,0.0294517810566254,W1
QSO_154.3187309+25.6673933,58234.67554449996,18.0235,0.0628526854592899,W1
QSO_154.3187309+25.6673933,58440.95043999997,18.2115,0.0798789396524516,W1
QSO_154.3187309+25.6673933,58598.59346550002,18.147,0.0604300699534131,W1
QSO_154.3187309+25.6673933,58806.432312999976,18.159,0.1150681184125296,W1
QSO_154.3187309+25.6673933,58962.89645499994,18.1,0.0923344139527617,W1
QSO_154.3187309+25.6673933,59172.48091990002,18.1485,0.0648415376128605,W1
QSO_154.3187309+25.6673933,59330.47901024995,18.0205,0.0368668462422792,W1
QSO_154.3187309+25.6673933,59536.72262524996,18.0615,0.1146652131690827,W1
QSO_154.3187309+25.6673933,59694.29551600003,18.0775,0.0629597521722091,W1
QSO_154.3187309+25.6673933,59903.474023,18.1425,0.0380417665204972,W1
QSO_154.3187309+25.6673933,60058.28534199995,18.018,0.0668556953445255,W1
QSO_154.3187309+25.6673933,60267.37692424998,18.0605,0.0506216219723461,W1
QSO_154.3187309+25.6673933,60425.42693890001,17.991500000000002,0.0437226832708997,W1
QSO_154.3187309+25.6673933,55328.27863749996,18.25,0.0527538120727247,W2
QSO_154.3187309+25.6673933,55518.76600549997,18.2005,0.0677962975608769,W2
QSO_154.3187309+25.6673933,56793.01244149996,18.123,0.1121954819583883,W2
QSO_154.3187309+25.6673933,56983.496670499975,17.992,0.0817969053681778,W2
QSO_154.3187309+25.6673933,57151.56928715376,18.027,0.0845736989992414,W2
QSO_154.3187309+25.6673933,57345.15122378261,18.131,0.069585926495095,W2
QSO_154.3187309+25.6673933,57510.70029996032,18.385,0.0785956993137492,W2
QSO_154.3187309+25.6673933,57709.933583761085,17.958,0.0547927228457562,W2
QSO_154.3187309+25.6673933,57871.51445099999,18.241,0.0452182720770004,W2
QSO_154.3187309+25.6673933,58076.84184300002,18.14,0.0491417702188972,W2
QSO_154.3187309+25.6673933,58234.67554449996,17.813499999999998,0.093772660841507,W2
QSO_154.3187309+25.6673933,58440.95043999997,18.226,0.0985897814177513,W2
QSO_154.3187309+25.6673933,58598.59346550002,18.364,0.0606641890450937,W2
QSO_154.3187309+25.6673933,58806.432312999976,18.3435,0.1123807006340504,W2
QSO_154.3187309+25.6673933,58962.89645499994,18.3265,0.109962284443349,W2
QSO_154.3187309+25.6673933,59172.48091990002,18.1095,0.0805458627118737,W2
QSO_154.3187309+25.6673933,59330.47901024995,18.1865,0.0900288405436258,W2
QSO_154.3187309+25.6673933,59536.72262524996,18.361,0.1644988461065011,W2
QSO_154.3187309+25.6673933,59694.29551600003,18.266,0.0559990140739949,W2
QSO_154.3187309+25.6673933,59903.474023,18.2785,0.050584543093716,W2
QSO_154.3187309+25.6673933,60058.28534199995,18.175,0.0918491208450035,W2
QSO_154.3187309+25.6673933,60267.37692424998,18.245,0.0894793194604826,W2
QSO_154.3187309+25.6673933,60425.42693890001,18.231,0.0477914244883916,W2
QSO_154.2060898+25.6750376,55328.17944875,17.2945,0.0298740411282659,W1
QSO_154.2060898+25.6750376,55518.66694449999,17.365000000000002,0.0313456530069844,W1
QSO_154.2060898+25.6750376,56792.78238200004,17.265,0.0342698081857254,W1
QSO_154.2060898+25.6750376,56983.39813875003,17.3515,0.0333032881259494,W1
QSO_154.2060898+25.6750376,57151.60206415581,17.292499999999997,0.0459867633934744,W1
QSO_154.2060898+25.6750376,57345.05291102632,17.325499999999998,0.0135045082143883,W1
QSO_154.2060898+25.6750376,57510.63456635619,17.253,0.0256597103703158,W1
QSO_154.2060898+25.6750376,57709.900790159,17.346,0.0183612165721669,W1
QSO_154.2060898+25.6750376,57871.44897,17.305999999999997,0.0274837292211377,W1
QSO_154.2060898+25.6750376,58076.74373100003,17.281,0.0347668807919261,W1
QSO_154.2060898+25.6750376,58234.47937525007,17.218,0.0206164506859011,W1
QSO_154.2060898+25.6750376,58440.81962399994,17.2975,0.0214878803049533,W1
QSO_154.2060898+25.6750376,58598.52805750001,17.253999999999998,0.0228281861088341,W1
QSO_154.2060898+25.6750376,58804.79784300004,17.157,0.0405942735337359,W1
QSO_154.2060898+25.6750376,58962.831197200016,17.338,0.0294299337410059,W1
QSO_154.2060898+25.6750376,59172.415387600005,17.308,0.0230019121588394,W1
QSO_154.2060898+25.6750376,59330.381099,17.247,0.0362302927077874,W1
QSO_154.2060898+25.6750376,59536.592064749966,17.37,0.0749045225603904,W1
QSO_154.2060898+25.6750376,59694.16501025003,17.2395,0.0234153691811358,W1
QSO_154.2060898+25.6750376,59903.37634900003,17.29,0.0198722364269833,W1
QSO_154.2060898+25.6750376,60058.0903955,17.317,0.0356650529229946,W1
QSO_154.2060898+25.6750376,60267.31228274999,17.342,0.0317654890769258,W1
QSO_154.2060898+25.6750376,60425.42686570004,17.3185,0.0285890017055249,W1
QSO_154.2060898+25.6750376,55328.17944875,17.971999999999998,0.0711900332443618,W2
QSO_154.2060898+25.6750376,55518.66694449999,18.101,0.0701988160805681,W2
QSO_154.2060898+25.6750376,56792.78238200004,18.081,0.0945904028285654,W2
QSO_154.2060898+25.6750376,56983.39813875003,18.1,0.0687123060302883,W2
QSO_154.2060898+25.6750376,57151.60206415581,18.0405,0.1104037728320711,W2
QSO_154.2060898+25.6750376,57345.05291102632,17.871,0.0744564724482538,W2
QSO_154.2060898+25.6750376,57510.63456635619,18.076,0.0463496981155429,W2
QSO_154.2060898+25.6750376,57709.900790159,17.838,0.0954803823502296,W2
QSO_154.2060898+25.6750376,57871.44897,17.88,0.0928051447445634,W2
QSO_154.2060898+25.6750376,58076.74373100003,17.734,0.0891820834024414,W2
QSO_154.2060898+25.6750376,58234.47937525007,17.856,0.0841849189765625,W2
QSO_154.2060898+25.6750376,58440.81962399994,18.082,0.0583081812441444,W2
QSO_154.2060898+25.6750376,58598.52805750001,18.072,0.0406135578753623,W2
QSO_154.2060898+25.6750376,58804.79784300004,17.675,0.1347335563077557,W2
QSO_154.2060898+25.6750376,58962.831197200016,17.8615,0.0606686409935148,W2
QSO_154.2060898+25.6750376,59172.415387600005,17.9865,0.0810952800380173,W2
QSO_154.2060898+25.6750376,59330.381099,18.064,0.1031296515013159,W2
QSO_154.2060898+25.6750376,59536.592064749966,17.918,0.0877363771476807,W2
QSO_154.2060898+25.6750376,59694.16501025003,18.0865,0.0587555109708396,W2
QSO_154.2060898+25.6750376,59903.37634900003,17.87,0.0822752963951202,W2
QSO_154.2060898+25.6750376,60058.0903955,17.988,0.0695180264391905,W2
QSO_154.2060898+25.6750376,60267.31228274999,17.9915,0.06899521504477,W2
QSO_154.2060898+25.6750376,60425.42686570004,17.893,0.0709646332102595,W2
QSO_154.2115854+25.7464681,55328.212463,17.904,0.0241902262488755,W1
QSO_154.2115854+25.7464681,55518.66687150001,17.956,0.0544649904542835,W1
QSO_154.2115854+25.7464681,56792.78238200004,17.826999999999998,0.069278034499688,W1
QSO_154.2115854+25.7464681,56983.29957049998,17.791,0.045663677773084,W1
QSO_154.2115854+25.7464681,57151.53652840167,17.798000000000002,0.0407813805553464,W1
QSO_154.2115854+25.7464681,57345.05285627632,17.823,0.0737128618751904,W1
QSO_154.2115854+25.7464681,57510.70029996032,17.902,0.0269235955993991,W1
QSO_154.2115854+25.7464681,57709.76950595073,17.733,0.0448795675446009,W1
QSO_154.2115854+25.7464681,57871.35085800001,17.919999999999998,0.0381349372295273,W1
QSO_154.2115854+25.7464681,58076.74365799998,17.937,0.0590910822375086,W1
QSO_154.2115854+25.7464681,58234.64284049999,17.855,0.0803511970589403,W1
QSO_154.2115854+25.7464681,58440.85232799999,17.826,0.0617832664372951,W1
QSO_154.2115854+25.7464681,58598.49542650001,17.9085,0.0587267074836909,W1
QSO_154.2115854+25.7464681,58804.83047400002,17.736,0.0281931992062174,W1
QSO_154.2115854+25.7464681,58962.73292620004,17.861,0.0495252662789408,W1
QSO_154.2115854+25.7464681,59172.25156600004,17.866,0.039278492842776,W1
QSO_154.2115854+25.7464681,59330.217761499975,17.8495,0.0458946055088699,W1
QSO_154.2115854+25.7464681,59536.72257049996,18.044,0.0555397755366969,W1
QSO_154.2115854+25.7464681,59694.29551600003,17.857999999999997,0.0291440388415882,W1
QSO_154.2115854+25.7464681,59903.31068549998,17.872,0.0824286598521081,W1
QSO_154.2115854+25.7464681,60058.02575400001,17.8565,0.0310709558410262,W1
QSO_154.2115854+25.7464681,60267.31228274999,17.872500000000002,0.03307913239491,W1
QSO_154.2115854+25.7464681,60425.36261440004,17.816000000000003,0.0284735907530186,W1
QSO_154.2115854+25.7464681,55328.212463,18.113,0.0784240193390097,W2
QSO_154.2115854+25.7464681,55518.66687150001,18.1395,0.0754044956415927,W2
QSO_154.2115854+25.7464681,56792.78238200004,18.264,0.0676490687405063,W2
QSO_154.2115854+25.7464681,56983.29957049998,18.272,0.096601638408517,W2
QSO_154.2115854+25.7464681,57151.53652840167,18.236,0.0615971509081385,W2
QSO_154.2115854+25.7464681,57345.05285627632,18.371,0.0706407162136116,W2
QSO_154.2115854+25.7464681,57510.70029996032,18.325,0.1086696277715168,W2
QSO_154.2115854+25.7464681,57709.76950595073,18.205,0.0847281459171768,W2
QSO_154.2115854+25.7464681,57871.35085800001,18.1985,0.0955251827890165,W2
QSO_154.2115854+25.7464681,58076.74365799998,18.2035,0.082895289371592,W2
QSO_154.2115854+25.7464681,58234.64284049999,18.088,0.071378962364422,W2
QSO_154.2115854+25.7464681,58440.85232799999,18.22,0.0275335999347056,W2
QSO_154.2115854+25.7464681,58598.49542650001,18.213,0.0658366824042646,W2
QSO_154.2115854+25.7464681,58804.83047400002,18.011,0.0913341443597406,W2
QSO_154.2115854+25.7464681,58962.73292620004,18.054,0.146395464410616,W2
QSO_154.2115854+25.7464681,59172.25156600004,18.221,0.0595620013095596,W2
QSO_154.2115854+25.7464681,59330.217761499975,18.101,0.0863402238777459,W2
QSO_154.2115854+25.7464681,59536.72257049996,18.161,0.0798642366538133,W2
QSO_154.2115854+25.7464681,59694.29551600003,18.0965,0.1547393915487423,W2
QSO_154.2115854+25.7464681,59903.31068549998,18.195,0.1033284553223375,W2
QSO_154.2115854+25.7464681,60058.02575400001,18.047,0.0686925754494254,W2
QSO_154.2115854+25.7464681,60267.31228274999,18.3615,0.038514932169225,W2
QSO_154.2115854+25.7464681,60425.36261440004,18.1035,0.0964456285129568,W2
QSO_154.2003307+25.8002745,55328.212463,17.8275,0.0231021732182798,W1
QSO_154.2003307+25.8002745,55518.66679850004,17.886499999999998,0.0260927537718606,W1
QSO_154.2003307+25.8002745,56792.84800899998,17.865000000000002,0.0414691506821881,W1
QSO_154.2003307+25.8002745,56983.36523400003,17.762999999999998,0.0377403389175467,W1
QSO_154.2003307+25.8002745,57151.47099264752,17.791,0.0410356312539166,W1
QSO_154.2003307+25.8002745,57345.05285627632,17.91,0.0664788878097231,W1
QSO_154.2003307+25.8002745,57510.63456635619,17.77,0.0531461478524086,W1
QSO_154.2003307+25.8002745,57709.83514805482,17.72,0.0259436505286904,W1
QSO_154.2003307+25.8002745,57871.38356199998,17.852,0.0423486729979608,W1
QSO_154.2003307+25.8002745,58076.77628899997,17.869999999999997,0.0467217574003323,W1
QSO_154.2003307+25.8002745,58234.57743249997,17.878,0.0379130716424492,W1
QSO_154.2003307+25.8002745,58440.78691999997,17.805999999999997,0.0586626822862095,W1
QSO_154.2003307+25.8002745,58598.49542650001,17.864,0.0485607377891814,W1
QSO_154.2003307+25.8002745,58804.667027,17.929000000000002,0.0835463594006117,W1
QSO_154.2003307+25.8002745,58962.7656649,17.776,0.0457010831381487,W1
QSO_154.2003307+25.8002745,59172.25156600004,17.898,0.034610150820634,W1
QSO_154.2003307+25.8002745,59330.315745749984,17.833,0.035048271936584,W1
QSO_154.2003307+25.8002745,59536.59200999997,17.933500000000002,0.0721919100384523,W1
QSO_154.2003307+25.8002745,59694.13243400004,17.874000000000002,0.0408619466009416,W1
QSO_154.2003307+25.8002745,59903.34351725,17.83,0.0531496838079861,W1
QSO_154.2003307+25.8002745,60058.058202500026,17.902,0.0615514664348909,W1
QSO_154.2003307+25.8002745,60267.24771425006,17.7975,0.0346796770457858,W1
QSO_154.2003307+25.8002745,60425.2981069,17.919999999999998,0.04426678249441,W1
QSO_154.2003307+25.8002745,55328.212463,18.2715,0.049518258884607,W2
QSO_154.2003307+25.8002745,55518.66679850004,18.2345,0.0759158061066959,W2
QSO_154.2003307+25.8002745,56792.84800899998,17.969,0.0907484485216739,W2
QSO_154.2003307+25.8002745,56983.36523400003,18.022,0.0707029275203323,W2
QSO_154.2003307+25.8002745,57151.47099264752,18.0625,0.064956003628667,W2
QSO_154.2003307+25.8002745,57345.05285627632,18.178,0.0663837171023027,W2
QSO_154.2003307+25.8002745,57510.63456635619,18.083,0.0641218832553173,W2
QSO_154.2003307+25.8002745,57709.83514805482,17.875,0.0788775858765912,W2
QSO_154.2003307+25.8002745,57871.38356199998,17.951999999999998,0.081553080078423,W2
QSO_154.2003307+25.8002745,58076.77628899997,18.135,0.0813099735311874,W2
QSO_154.2003307+25.8002745,58234.57743249997,17.703,0.0651813268579306,W2
QSO_154.2003307+25.8002745,58440.78691999997,18.009,0.0941253859460301,W2
QSO_154.2003307+25.8002745,58598.49542650001,18.133,0.1070752888245083,W2
QSO_154.2003307+25.8002745,58804.667027,17.94,0.0611167691817775,W2
QSO_154.2003307+25.8002745,58962.7656649,18.231,0.0864813332459671,W2
QSO_154.2003307+25.8002745,59172.25156600004,18.1005,0.070163027495615,W2
QSO_154.2003307+25.8002745,59330.315745749984,18.092,0.0539199670550923,W2
QSO_154.2003307+25.8002745,59536.59200999997,18.177,0.065578554993229,W2
QSO_154.2003307+25.8002745,59694.13243400004,18.057,0.0824872509148878,W2
QSO_154.2003307+25.8002745,59903.34351725,18.034,0.0716172754544497,W2
QSO_154.2003307+25.8002745,60058.058202500026,18.12,0.0735884345599002,W2
QSO_154.2003307+25.8002745,60267.24771425006,17.958,0.0974033740891487,W2
QSO_154.2003307+25.8002745,60425.2981069,18.0665,0.0970621817683365,W2
QSO_154.0260654+25.6836088,55328.01419499998,17.53,0.0293080993618548,W1
QSO_154.0260654+25.6836088,55518.50170900003,17.667,0.0314346397159895,W1
QSO_154.0260654+25.6836088,56792.71657250004,17.514,0.04047722860653,W1
QSO_154.0260654+25.6836088,56983.20107525007,17.493000000000002,0.0292466660809715,W1
QSO_154.0260654+25.6836088,57151.438106145455,17.543,0.0378630534813707,W1
QSO_154.0260654+25.6836088,57344.95459827012,17.516,0.0234374913333316,W1
QSO_154.0260654+25.6836088,57510.47043364575,17.496,0.030041970641088,W1
QSO_154.0260654+25.6836088,57709.70391874664,17.55,0.0273620026419853,W1
QSO_154.0260654+25.6836088,57871.31815399997,17.481,0.0469802445431346,W1
QSO_154.0260654+25.6836088,58076.612915,17.5345,0.0557941197286624,W1
QSO_154.0260654+25.6836088,58234.41396724997,17.552999999999997,0.0384269689729028,W1
QSO_154.0260654+25.6836088,58440.68895400002,17.58,0.0306004720370272,W1
QSO_154.0260654+25.6836088,58598.39738750001,17.552999999999997,0.0241858793352053,W1
QSO_154.0260654+25.6836088,58804.6671365,17.483,0.0614557130356736,W1
QSO_154.0260654+25.6836088,58962.6017518,17.537,0.0266373810384412,W1
QSO_154.0260654+25.6836088,59172.38259400004,17.488999999999997,0.0316980089086933,W1
QSO_154.0260654+25.6836088,59330.18513049998,17.516,0.0305839688953378,W1
QSO_154.0260654+25.6836088,59536.33088899997,17.59,0.0856749229344567,W1
QSO_154.0260654+25.6836088,59694.09954750001,17.503,0.0470933222442419,W1
QSO_154.0260654+25.6836088,59903.21335825008,17.582,0.0364204803495079,W1
QSO_154.0260654+25.6836088,60058.02575400001,17.433500000000002,0.0423267438003533,W1
QSO_154.0260654+25.6836088,60267.21544825002,17.564,0.0270743605649328,W1
QSO_154.0260654+25.6836088,60425.26569759996,17.518,0.0299513640045841,W1
QSO_154.0260654+25.6836088,55328.01419499998,18.166,0.0764652216875327,W2
QSO_154.0260654+25.6836088,55518.50170900003,18.2255,0.0682007691115533,W2
QSO_154.0260654+25.6836088,56792.71657250004,18.078,0.0637886169651059,W2
QSO_154.0260654+25.6836088,56983.20107525007,18.2185,0.0368533756431658,W2
QSO_154.0260654+25.6836088,57151.438106145455,18.309,0.0793828846424389,W2
QSO_154.0260654+25.6836088,57344.95459827012,17.985,0.0527752981873665,W2
QSO_154.0260654+25.6836088,57510.47043364575,17.994500000000002,0.0846182958939731,W2
QSO_154.0260654+25.6836088,57709.70391874664,18.139,0.0892161794276994,W2
QSO_154.0260654+25.6836088,57871.31815399997,18.129,0.0378793571576921,W2
QSO_154.0260654+25.6836088,58076.612915,18.0345,0.0669088785768182,W2
QSO_154.0260654+25.6836088,58234.41396724997,17.845,0.0876024268224642,W2
QSO_154.0260654+25.6836088,58440.68895400002,18.13,0.0635417759561902,W2
QSO_154.0260654+25.6836088,58598.39738750001,18.316,0.0733766013512035,W2
QSO_154.0260654+25.6836088,58804.6671365,17.871,0.0807187103717695,W2
QSO_154.0260654+25.6836088,58962.6017518,18.032,0.0670562689826729,W2
QSO_154.0260654+25.6836088,59172.38259400004,18.118,0.0502126202975064,W2
QSO_154.0260654+25.6836088,59330.18513049998,18.266,0.0889011049614072,W2
QSO_154.0260654+25.6836088,59536.33088899997,18.086,0.0733608438547344,W2
QSO_154.0260654+25.6836088,59694.09954750001,18.326500000000003,0.1039673265983117,W2
QSO_154.0260654+25.6836088,59903.21335825008,18.099,0.0886043797512916,W2
QSO_154.0260654+25.6836088,60058.02575400001,18.2355,0.0733845465112831,W2
QSO_154.0260654+25.6836088,60267.21544825002,18.1525,0.0662598219134343,W2
QSO_154.0260654+25.6836088,60425.26569759996,17.985,0.0582138086655096,W2
QSO_154.2995397+25.7059284,55328.311651749966,18.0115,0.0414791387378921,W1
QSO_154.2995397+25.7059284,55518.66694449999,18.006,0.0372965822535046,W1
QSO_154.2995397+25.7059284,56792.91381849998,17.91,0.0718510309231453,W1
QSO_154.2995397+25.7059284,56983.43104350004,18.023,0.043888869973927,W1
QSO_154.2995397+25.7059284,57151.63495065805,18.022,0.0424811798166856,W1
QSO_154.2995397+25.7059284,57345.183927784696,17.884999999999998,0.0605064153294344,W1
QSO_154.2995397+25.7059284,57510.667433158254,17.9375,0.050506247138349,W1
QSO_154.2995397+25.7059284,57709.900790159,17.969,0.0527865013594393,W1
QSO_154.2995397+25.7059284,57871.51452399996,17.924,0.0551093578470484,W1
QSO_154.2995397+25.7059284,58076.80913899997,17.8965,0.0339316581067739,W1
QSO_154.2995397+25.7059284,58234.64284049999,17.904,0.0503283583220229,W1
QSO_154.2995397+25.7059284,58440.917736,17.954,0.0702937009238718,W1
QSO_154.2995397+25.7059284,58598.52820350004,17.881,0.0322585113660805,W1
QSO_154.2995397+25.7059284,58804.86317799999,17.944,0.0681694851359731,W1
QSO_154.2995397+25.7059284,58962.89645499994,17.9915,0.0443945492149653,W1
QSO_154.2995397+25.7059284,59172.44818119997,17.933,0.0433454332277613,W1
QSO_154.2995397+25.7059284,59330.31569099998,17.93,0.0593962305917201,W1
QSO_154.2995397+25.7059284,59536.72262524996,17.901,0.0492378956736612,W1
QSO_154.2995397+25.7059284,59694.26288500003,18.017,0.0226175179125058,W1
QSO_154.2995397+25.7059284,59903.44150150001,17.942999999999998,0.0668341297659943,W1
QSO_154.2995397+25.7059284,60058.15503699999,18.0285,0.0591866310214279,W1
QSO_154.2995397+25.7059284,60267.40917200004,18.152,0.0453331768091463,W1
QSO_154.2995397+25.7059284,60425.42693890001,18.009,0.0501657149688245,W1
QSO_154.2995397+25.7059284,55328.311651749966,18.178,0.0514878484914068,W2
QSO_154.2995397+25.7059284,55518.66694449999,18.224,0.0595278418123994,W2
QSO_154.2995397+25.7059284,56792.91381849998,18.133,0.0839420729130408,W2
QSO_154.2995397+25.7059284,56983.43104350004,18.175,0.0855409621079114,W2
QSO_154.2995397+25.7059284,57151.63495065805,18.267,0.0841800510319133,W2
QSO_154.2995397+25.7059284,57345.183927784696,18.186,0.0446870409666283,W2
QSO_154.2995397+25.7059284,57510.667433158254,18.073500000000003,0.0930986627186449,W2
QSO_154.2995397+25.7059284,57709.900790159,18.144,0.095551324414135,W2
QSO_154.2995397+25.7059284,57871.51452399996,18.097,0.0801762614967067,W2
QSO_154.2995397+25.7059284,58076.80913899997,17.9635,0.0778755016035208,W2
QSO_154.2995397+25.7059284,58234.64284049999,18.015,0.0964612790819909,W2
QSO_154.2995397+25.7059284,58440.917736,18.146,0.0977002217670632,W2
QSO_154.2995397+25.7059284,58598.52820350004,18.221,0.071227719991855,W2
QSO_154.2995397+25.7059284,58804.86317799999,18.0405,0.1809918148343651,W2
QSO_154.2995397+25.7059284,58962.89645499994,18.0455,0.1072718089714161,W2
QSO_154.2995397+25.7059284,59172.44818119997,18.28,0.0968494319629812,W2
QSO_154.2995397+25.7059284,59330.31569099998,18.006,0.0881244910676137,W2
QSO_154.2995397+25.7059284,59536.72262524996,18.087,0.0601653585576484,W2
QSO_154.2995397+25.7059284,59694.26288500003,18.219,0.0893754030837169,W2
QSO_154.2995397+25.7059284,59903.44150150001,18.026,0.0831146140481301,W2
QSO_154.2995397+25.7059284,60058.15503699999,18.0475,0.0833503177136293,W2
QSO_154.2995397+25.7059284,60267.40917200004,18.051,0.0650006299455113,W2
QSO_154.2995397+25.7059284,60425.42693890001,18.275,0.0791695467312379,W2
QSO_154.1498211+25.682551,55328.146434499984,17.508499999999998,0.0311087559332979,W1
QSO_154.1498211+25.682551,55518.66694449999,17.646,0.027628711492264,W1
QSO_154.1498211+25.682551,56792.78230900006,17.5395,0.0409355591142956,W1
QSO_154.1498211+25.682551,56983.36523400003,17.533,0.0309008253411107,W1
QSO_154.1498211+25.682551,57151.53652840167,17.6025,0.0258126597385425,W1
QSO_154.1498211+25.682551,57344.95459827012,17.5855,0.0397928688600025,W1
QSO_154.1498211+25.682551,57510.56892425202,17.616999999999997,0.0258944009391989,W1
QSO_154.1498211+25.682551,57709.80235445274,17.5615,0.0418932726854359,W1
QSO_154.1498211+25.682551,57871.38356199998,17.536,0.0415420636263786,W1
QSO_154.1498211+25.682551,58076.71102699998,17.547,0.0287252065372655,W1
QSO_154.1498211+25.682551,58234.47937525007,17.538,0.0310774534825804,W1
QSO_154.1498211+25.682551,58440.754288999975,17.551499999999997,0.0456714790651671,W1
QSO_154.1498211+25.682551,58598.49542650001,17.54,0.0289580235794784,W1
QSO_154.1498211+25.682551,58804.6671365,17.601,0.0496055578565788,W1
QSO_154.1498211+25.682551,58962.7656649,17.618000000000002,0.0392177128348915,W1
QSO_154.1498211+25.682551,59172.415387600005,17.570999999999998,0.0302918672620594,W1
QSO_154.1498211+25.682551,59330.31569099998,17.621000000000002,0.0353608873362777,W1
QSO_154.1498211+25.682551,59536.46144949996,17.575,0.045587191183489,W1
QSO_154.1498211+25.682551,59694.13243400004,17.6075,0.0252916323448421,W1
QSO_154.1498211+25.682551,59903.310831500006,17.636,0.0581670823281219,W1
QSO_154.1498211+25.682551,60058.058202500026,17.631,0.055071008052094,W1
QSO_154.1498211+25.682551,60267.24776899997,17.6055,0.0365054140454486,W1
QSO_154.1498211+25.682551,60425.362559500034,17.575000000000003,0.0175301823055742,W1
QSO_154.1498211+25.682551,55328.146434499984,18.2085,0.0529746122373536,W2
QSO_154.1498211+25.682551,55518.66694449999,18.1455,0.0522651171248006,W2
QSO_154.1498211+25.682551,56792.78230900006,18.085,0.0587766960623001,W2
QSO_154.1498211+25.682551,56983.36523400003,18.194,0.0906941425788993,W2
QSO_154.1498211+25.682551,57151.53652840167,18.0925,0.1077681088160025,W2
QSO_154.1498211+25.682551,57344.95459827012,18.1275,0.0694102089004879,W2
QSO_154.1498211+25.682551,57510.56892425202,18.031,0.1212207078019262,W2
QSO_154.1498211+25.682551,57709.80235445274,18.2235,0.0622342265825915,W2
QSO_154.1498211+25.682551,57871.38356199998,18.273,0.0769245925412729,W2
QSO_154.1498211+25.682551,58076.71102699998,18.055,0.0465904353936814,W2
QSO_154.1498211+25.682551,58234.47937525007,17.887,0.0738635398682318,W2
QSO_154.1498211+25.682551,58440.754288999975,18.1805,0.0867799804102305,W2
QSO_154.1498211+25.682551,58598.49542650001,18.0375,0.0760135526415205,W2
QSO_154.1498211+25.682551,58804.6671365,17.931,0.0952208725924074,W2
QSO_154.1498211+25.682551,58962.7656649,18.248,0.0990423596245566,W2
QSO_154.1498211+25.682551,59172.415387600005,18.146500000000003,0.0645258480722606,W2
QSO_154.1498211+25.682551,59330.31569099998,17.997,0.0979640677997891,W2
QSO_154.1498211+25.682551,59536.46144949996,18.257,0.1590681866370519,W2
QSO_154.1498211+25.682551,59694.13243400004,18.407,0.081294885714489,W2
QSO_154.1498211+25.682551,59903.310831500006,18.197,0.0628303979223464,W2
QSO_154.1498211+25.682551,60058.058202500026,18.172,0.1023408148011082,W2
QSO_154.1498211+25.682551,60267.24776899997,18.121,0.0536803111967991,W2
QSO_154.1498211+25.682551,60425.362559500034,18.0905,0.0644070668065982,W2
QSO_154.2640855+25.8405122,55328.17952174997,18.4625,0.0881714580718642,W1
QSO_154.2640855+25.8405122,55518.699885750015,18.675,0.0902888978194132,W1
QSO_154.2640855+25.8405122,56792.848155000014,18.459,0.0982103785943666,W1
QSO_154.2640855+25.8405122,56983.4308975,18.356,0.0515867967196318,W1
QSO_154.2640855+25.8405122,57151.53652840167,18.3745,0.085347936440371,W1
QSO_154.2640855+25.8405122,57345.05285627632,18.396,0.1115856656034977,W1
QSO_154.2640855+25.8405122,57510.47048854576,18.566000000000003,0.1485618558042409,W1
QSO_154.2640855+25.8405122,57709.83514805482,18.808,0.1256718783181028,W1
QSO_154.2640855+25.8405122,57871.44904300006,18.451,0.0616947404565414,W1
QSO_154.2640855+25.8405122,58076.84184300002,18.552,0.113558836421681,W1
QSO_154.2640855+25.8405122,58234.64295,18.32,0.0476200958144481,W1
QSO_154.2640855+25.8405122,58440.917736,18.51,0.0928568525297318,W1
QSO_154.2640855+25.8405122,58598.52820350004,18.488,0.0924720548748899,W1
QSO_154.2640855+25.8405122,58804.73243500002,18.6685,0.094781840150011,W1
QSO_154.2640855+25.8405122,58962.79840359997,18.505,0.1182620488935685,W1
QSO_154.2640855+25.8405122,59172.38259400004,18.71,0.0695569754913637,W1
QSO_154.2640855+25.8405122,59330.31580049999,18.53,0.0993662109410657,W1
QSO_154.2640855+25.8405122,59536.59200999997,18.512500000000003,0.1135192714916723,W1
QSO_154.2640855+25.8405122,59694.09960225001,18.9195,0.0742508249112427,W1
QSO_154.2640855+25.8405122,59903.27818225005,18.952,0.1453806963630319,W1
QSO_154.2640855+25.8405122,60058.12264324998,18.888,0.1128119718824204,W1
QSO_154.2640855+25.8405122,60267.40917200004,18.611,0.0994832420656615,W1
QSO_154.2640855+25.8405122,60425.39482240004,18.462,0.0453047283096659,W1
QSO_154.2640855+25.8405122,55328.17952174997,17.989,0.0927265587578558,W2
QSO_154.2640855+25.8405122,55518.699885750015,18.0835,0.0785442601988533,W2
QSO_154.2640855+25.8405122,56792.848155000014,18.006,0.1066510405220898,W2
QSO_154.2640855+25.8405122,56983.4308975,17.7345,0.0454728790299529,W2
QSO_154.2640855+25.8405122,57151.53652840167,17.889499999999998,0.0614794972975786,W2
QSO_154.2640855+25.8405122,57345.05285627632,17.862,0.0521886416855973,W2
QSO_154.2640855+25.8405122,57510.47048854576,17.817999999999998,0.0382331457965465,W2
QSO_154.2640855+25.8405122,57709.83514805482,17.966,0.0831723571867481,W2
QSO_154.2640855+25.8405122,57871.44904300006,18.038,0.0921377718419542,W2
QSO_154.2640855+25.8405122,58076.84184300002,17.987,0.0660878909441517,W2
QSO_154.2640855+25.8405122,58234.64295,17.774,0.1089975396457829,W2
QSO_154.2640855+25.8405122,58440.917736,17.839,0.0719907401452901,W2
QSO_154.2640855+25.8405122,58598.52820350004,17.866,0.1034231389922601,W2
QSO_154.2640855+25.8405122,58804.73243500002,17.7815,0.0842107145465731,W2
QSO_154.2640855+25.8405122,58962.79840359997,18.053,0.0568943380877853,W2
QSO_154.2640855+25.8405122,59172.38259400004,17.938,0.1147915747088727,W2
QSO_154.2640855+25.8405122,59330.31580049999,18.113,0.0805804636339297,W2
QSO_154.2640855+25.8405122,59536.59200999997,17.988999999999997,0.138815299949249,W2
QSO_154.2640855+25.8405122,59694.09960225001,18.0845,0.0940599808632769,W2
QSO_154.2640855+25.8405122,59903.27818225005,18.102,0.0587733995953954,W2
QSO_154.2640855+25.8405122,60058.12264324998,17.796999999999997,0.0873891526449364,W2
QSO_154.2640855+25.8405122,60267.40917200004,18.145,0.0926698896881318,W2
QSO_154.2640855+25.8405122,60425.39482240004,18.185,0.0817229105556819,W2
QSO_154.0606134+25.8561793,55328.08026000002,17.764,0.0277426052876825,W1
QSO_154.0606134+25.8561793,55518.534741500014,17.819,0.0217561100513854,W1
QSO_154.0606134+25.8561793,56792.71657250004,17.791,0.0354543971177231,W1
QSO_154.0606134+25.8561793,56983.233907,17.738999999999997,0.0607493638411184,W1
QSO_154.0606134+25.8561793,57151.372552141336,17.857,0.036275450921998,W1
QSO_154.0606134+25.8561793,57344.95454352003,17.8555,0.0688327610952806,W1
QSO_154.0606134+25.8561793,57510.4047732416,17.8855,0.0683581816610123,W1
QSO_154.0606134+25.8561793,57709.67112514456,17.823999999999998,0.0564475338174669,W1
QSO_154.0606134+25.8561793,57871.22004199998,17.826,0.0274394430046857,W1
QSO_154.0606134+25.8561793,58076.67817699999,17.924500000000002,0.0422046038716507,W1
QSO_154.0606134+25.8561793,58234.44672600002,17.817999999999998,0.0307793918133633,W1
QSO_154.0606134+25.8561793,58440.65617699999,17.8125,0.0376361110086023,W1
QSO_154.0606134+25.8561793,58598.331979499984,17.768,0.0486505501824783,W1
QSO_154.0606134+25.8561793,58804.60172849998,17.847,0.0727488591076022,W1
QSO_154.0606134+25.8561793,58962.60189820003,17.817,0.0325379171027081,W1
QSO_154.0606134+25.8561793,59172.21884560005,17.7795,0.0325432635118238,W1
QSO_154.0606134+25.8561793,59330.18513049998,17.865000000000002,0.0326807428204627,W1
QSO_154.0606134+25.8561793,59536.46144949996,17.740000000000002,0.0379047226609031,W1
QSO_154.0606134+25.8561793,59694.06666099998,17.797,0.0293087095445387,W1
QSO_154.0606134+25.8561793,59903.18103750004,17.772,0.0525188814388528,W1
QSO_154.0606134+25.8561793,60057.960856999984,17.8295,0.0420762301486066,W1
QSO_154.0606134+25.8561793,60267.08570899997,17.89,0.0502772559825594,W1
QSO_154.0606134+25.8561793,60425.16975070004,17.8065,0.0364957823539873,W1
QSO_154.0606134+25.8561793,55328.08026000002,18.122,0.0791417780760391,W2
QSO_154.0606134+25.8561793,55518.534741500014,18.335,0.0866597186526974,W2
QSO_154.0606134+25.8561793,56792.71657250004,18.196,0.0503896015652569,W2
QSO_154.0606134+25.8561793,56983.233907,18.255,0.0729951644790505,W2
QSO_154.0606134+25.8561793,57151.372552141336,18.118,0.075028950085044,W2
QSO_154.0606134+25.8561793,57344.95454352003,18.0825,0.0803309155929399,W2
QSO_154.0606134+25.8561793,57510.4047732416,18.3105,0.0910068349081541,W2
QSO_154.0606134+25.8561793,57709.67112514456,18.212,0.0844991336521444,W2
QSO_154.0606134+25.8561793,57871.22004199998,18.125,0.094954472521582,W2
QSO_154.0606134+25.8561793,58076.67817699999,18.153,0.0532599141691035,W2
QSO_154.0606134+25.8561793,58234.44672600002,17.8,0.0715825721358996,W2
QSO_154.0606134+25.8561793,58440.65617699999,18.136,0.0819849523230172,W2
QSO_154.0606134+25.8561793,58598.331979499984,18.147,0.071460128480393,W2
QSO_154.0606134+25.8561793,58804.60172849998,17.958,0.0888781391297116,W2
QSO_154.0606134+25.8561793,58962.60189820003,18.386,0.1083801924613986,W2
QSO_154.0606134+25.8561793,59172.21884560005,18.198500000000003,0.0541220934554457,W2
QSO_154.0606134+25.8561793,59330.18513049998,18.152,0.0630297341164843,W2
QSO_154.0606134+25.8561793,59536.46144949996,18.063,0.1157492462178482,W2
QSO_154.0606134+25.8561793,59694.06666099998,18.131,0.087132057523845,W2
QSO_154.0606134+25.8561793,59903.18103750004,18.072,0.0996493099509675,W2
QSO_154.0606134+25.8561793,60057.960856999984,18.081,0.069661964886528,W2
QSO_154.0606134+25.8561793,60267.08570899997,18.047,0.0522303644821373,W2
QSO_154.0606134+25.8561793,60425.16975070004,18.1765,0.0928371826201756,W2
QSO_154.2983811+25.6542951,55328.27863749996,17.464,0.0282671329268966,W1
QSO_154.2983811+25.6542951,55518.76600549997,17.5905,0.0351517214161485,W1
QSO_154.2983811+25.6542951,56792.91381849998,17.445,0.0642842837387372,W1
QSO_154.2983811+25.6542951,56983.463857,17.4975,0.0256636452045532,W1
QSO_154.2983811+25.6542951,57151.63484115796,17.407,0.0363524569592236,W1
QSO_154.2983811+25.6542951,57345.11844678055,17.4685,0.0215549579201051,W1
QSO_154.2983811+25.6542951,57510.70029996032,17.42,0.0208379674285058,W1
QSO_154.2983811+25.6542951,57709.96637736318,17.515,0.0341814484123578,W1
QSO_154.2983811+25.6542951,57871.514378000014,17.47,0.0280240805542142,W1
QSO_154.2983811+25.6542951,58076.80913899997,17.4735,0.0242012602977614,W1
QSO_154.2983811+25.6542951,58234.67554449996,17.457,0.0334102931023538,W1
QSO_154.2983811+25.6542951,58440.95043999997,17.508499999999998,0.035869820183547,W1
QSO_154.2983811+25.6542951,58598.59346550002,17.467,0.0244035075118371,W1
QSO_154.2983811+25.6542951,58804.830547000005,17.4025,0.0525441613206352,W1
QSO_154.2983811+25.6542951,58962.89645499994,17.464,0.020272740317974,W1
QSO_154.2983811+25.6542951,59172.415387600005,17.465,0.0375737275233642,W1
QSO_154.2983811+25.6542951,59330.47901024995,17.456,0.0374184530011596,W1
QSO_154.2983811+25.6542951,59536.72267999996,17.408,0.0384431008114588,W1
QSO_154.2983811+25.6542951,59694.29551600003,17.4805,0.0472070566264757,W1
QSO_154.2983811+25.6542951,59903.44150150001,17.516,0.0343766123882202,W1
QSO_154.2983811+25.6542951,60058.22018949997,17.476,0.037179393374108,W1
QSO_154.2983811+25.6542951,60267.3446765,17.466,0.0339048476285065,W1
QSO_154.2983811+25.6542951,60425.42693890001,17.447000000000003,0.0801277047847627,W1
QSO_154.2983811+25.6542951,55328.27863749996,18.166,0.0699382576262067,W2
QSO_154.2983811+25.6542951,55518.76600549997,18.2305,0.0781695539623111,W2
QSO_154.2983811+25.6542951,56792.91381849998,18.233,0.094198998419065,W2
QSO_154.2983811+25.6542951,56983.463857,18.0705,0.0775932346886276,W2
QSO_154.2983811+25.6542951,57151.63484115796,18.317,0.0860872218572095,W2
QSO_154.2983811+25.6542951,57345.11844678055,18.0205,0.0759974236302619,W2
QSO_154.2983811+25.6542951,57510.70029996032,18.094,0.0762821091758452,W2
QSO_154.2983811+25.6542951,57709.96637736318,18.089,0.0774016179987289,W2
QSO_154.2983811+25.6542951,57871.514378000014,18.1735,0.0661449166603147,W2
QSO_154.2983811+25.6542951,58076.80913899997,18.2115,0.079794492291135,W2
QSO_154.2983811+25.6542951,58234.67554449996,17.854999999999997,0.0967391251424849,W2
QSO_154.2983811+25.6542951,58440.95043999997,18.1575,0.057359646093748,W2
QSO_154.2983811+25.6542951,58598.59346550002,18.267,0.0853119900102466,W2
QSO_154.2983811+25.6542951,58804.830547000005,17.692999999999998,0.0962070731595444,W2
QSO_154.2983811+25.6542951,58962.89645499994,18.1625,0.0861393580194327,W2
QSO_154.2983811+25.6542951,59172.415387600005,17.9395,0.0626504908201046,W2
QSO_154.2983811+25.6542951,59330.47901024995,18.1505,0.0686776218337585,W2
QSO_154.2983811+25.6542951,59536.72267999996,17.99,0.0934130611852539,W2
QSO_154.2983811+25.6542951,59694.29551600003,18.072000000000003,0.0672049566277317,W2
QSO_154.2983811+25.6542951,59903.44150150001,18.213,0.0703705324288478,W2
QSO_154.2983811+25.6542951,60058.22018949997,18.1475,0.0774921553676146,W2
QSO_154.2983811+25.6542951,60267.3446765,17.808,0.1074340291694922,W2
QSO_154.2983811+25.6542951,60425.42693890001,18.0605,0.1146640019070212,W2
QSO_154.171703+25.8069729,55328.146434499984,17.8195,0.0200966199881496,W1
QSO_154.171703+25.8069729,55518.60077000003,17.9105,0.0255177491594338,W1
QSO_154.171703+25.8069729,56792.78238200004,17.84,0.0409472543719792,W1
QSO_154.171703+25.8069729,56983.36523400003,17.731,0.0524229605410245,W1
QSO_154.171703+25.8069729,57151.50376964959,17.852,0.0564055562587545,W1
QSO_154.171703+25.8069729,57345.05285627632,18.015,0.0428971127699404,W1
QSO_154.171703+25.8069729,57510.63456635619,17.895,0.0522740745989012,W1
QSO_154.171703+25.8069729,57709.835202954826,17.930999999999997,0.0596758839017827,W1
QSO_154.171703+25.8069729,57871.38356199998,17.95,0.0543605129150531,W1
QSO_154.171703+25.8069729,58076.67817699999,17.8935,0.0436459505567238,W1
QSO_154.171703+25.8069729,58234.44672600002,17.765,0.0527708954832557,W1
QSO_154.171703+25.8069729,58440.754216,17.854499999999998,0.0599552833368334,W1
QSO_154.171703+25.8069729,58598.462795500025,17.92,0.0359637385633502,W1
QSO_154.171703+25.8069729,58804.667027,17.813000000000002,0.0750478564518497,W1
QSO_154.171703+25.8069729,58962.7656649,18.0325,0.0569378696475377,W1
QSO_154.171703+25.8069729,59172.21884560005,17.7895,0.0419204493543911,W1
QSO_154.171703+25.8069729,59330.283041749935,17.864,0.0420298064429238,W1
QSO_154.171703+25.8069729,59536.59200999997,17.8885,0.0277542226516973,W1
QSO_154.171703+25.8069729,59694.13243400004,17.896,0.0429583867275402,W1
QSO_154.171703+25.8069729,59903.34351725,17.82,0.0391278989578003,W1
QSO_154.171703+25.8069729,60058.058202500026,17.823999999999998,0.035243384745148,W1
QSO_154.171703+25.8069729,60267.21539350002,17.874000000000002,0.0609292242718581,W1
QSO_154.171703+25.8069729,60425.33051620004,17.817,0.0446309181846115,W1
QSO_154.171703+25.8069729,55328.146434499984,17.96,0.0420073259508822,W2
QSO_154.171703+25.8069729,55518.60077000003,18.227,0.0616575948038418,W2
QSO_154.171703+25.8069729,56792.78238200004,18.198,0.0796547763911269,W2
QSO_154.171703+25.8069729,56983.36523400003,18.112,0.0622013646722676,W2
QSO_154.171703+25.8069729,57151.50376964959,18.006999999999998,0.0829328387766767,W2
QSO_154.171703+25.8069729,57345.05285627632,17.95,0.0644769744980386,W2
QSO_154.171703+25.8069729,57510.63456635619,17.988,0.0656796899621594,W2
QSO_154.171703+25.8069729,57709.835202954826,18.095,0.0832291688379413,W2
QSO_154.171703+25.8069729,57871.38356199998,18.077,0.0574687057558039,W2
QSO_154.171703+25.8069729,58076.67817699999,17.95,0.1160276691138801,W2
QSO_154.171703+25.8069729,58234.44672600002,17.94,0.0734499417718651,W2
QSO_154.171703+25.8069729,58440.754216,17.939500000000002,0.1009875685418755,W2
QSO_154.171703+25.8069729,58598.462795500025,18.053,0.0628807455878227,W2
QSO_154.171703+25.8069729,58804.667027,17.858,0.1329049069286544,W2
QSO_154.171703+25.8069729,58962.7656649,17.939999999999998,0.0977772161600034,W2
QSO_154.171703+25.8069729,59172.21884560005,18.083,0.0842699568045144,W2
QSO_154.171703+25.8069729,59330.283041749935,18.097,0.1087591311619909,W2
QSO_154.171703+25.8069729,59536.59200999997,17.941000000000003,0.1448725733187617,W2
QSO_154.171703+25.8069729,59694.13243400004,18.378,0.0980410453918032,W2
QSO_154.171703+25.8069729,59903.34351725,18.0785,0.0783157892587581,W2
QSO_154.171703+25.8069729,60058.058202500026,17.931,0.0814857767845517,W2
QSO_154.171703+25.8069729,60267.21539350002,18.025,0.0908554830093757,W2
QSO_154.171703+25.8069729,60425.33051620004,18.051,0.0844294503188431,W2
QSO_154.1207544+25.6786866,55328.08026000002,17.0205,0.2157827912456089,W1
QSO_154.1207544+25.6786866,55518.56775575002,17.779,0.0883391294613065,W1
QSO_154.1207544+25.6786866,56792.78223600001,17.799,0.0425441270151852,W1
QSO_154.1207544+25.6786866,56983.33240225,17.896,0.028063517242142,W1
QSO_154.1207544+25.6786866,57151.56930540381,17.8545,0.0288983992091578,W1
QSO_154.1207544+25.6786866,57344.92178476794,17.825,0.0348472837049214,W1
QSO_154.1207544+25.6786866,57510.56892425202,17.896,0.0565259321020007,W1
QSO_154.1207544+25.6786866,57709.80235445274,17.8975,0.0344194830028747,W1
QSO_154.1207544+25.6786866,57871.38356199998,17.823,0.0463455158236984,W1
QSO_154.1207544+25.6786866,58076.678322999935,17.796,0.0606737917061395,W1
QSO_154.1207544+25.6786866,58234.41396724997,17.738500000000002,0.0579763071141041,W1
QSO_154.1207544+25.6786866,58440.754288999975,17.753500000000003,0.0380737103770438,W1
QSO_154.1207544+25.6786866,58598.462795500025,17.828,0.035318190804876,W1
QSO_154.1207544+25.6786866,58804.6671365,17.723,0.0725255358668217,W1
QSO_154.1207544+25.6786866,58962.7656649,17.929000000000002,0.0530671744113061,W1
QSO_154.1207544+25.6786866,59172.38241099998,17.883000000000003,0.0357987882579947,W1
QSO_154.1207544+25.6786866,59330.217761499975,17.719,0.0355216092290627,W1
QSO_154.1207544+25.6786866,59536.39616924992,17.756500000000003,0.0852169345020454,W1
QSO_154.1207544+25.6786866,59694.13243400004,17.792,0.0563133606751847,W1
QSO_154.1207544+25.6786866,59903.31068549998,17.823999999999998,0.054967280373853,W1
QSO_154.1207544+25.6786866,60057.9933055,17.869,0.0717719295863169,W1
QSO_154.1207544+25.6786866,60267.21550300002,17.869,0.0448657903474477,W1
QSO_154.1207544+25.6786866,60425.33040640003,17.903,0.0277856415309144,W1
QSO_154.1207544+25.6786866,55328.08026000002,17.717,0.1487307166345393,W2
QSO_154.1207544+25.6786866,55518.56775575002,17.977,0.1236947302221167,W2
QSO_154.1207544+25.6786866,56792.78223600001,18.157,0.0948722337712183,W2
QSO_154.1207544+25.6786866,56983.33240225,18.1455,0.0720639993339253,W2
QSO_154.1207544+25.6786866,57151.56930540381,18.1885,0.091800366511614,W2
QSO_154.1207544+25.6786866,57344.92178476794,18.213,0.081692775714903,W2
QSO_154.1207544+25.6786866,57510.56892425202,18.328000000000003,0.1107475688220738,W2
QSO_154.1207544+25.6786866,57709.80235445274,18.207,0.0756393046485325,W2
QSO_154.1207544+25.6786866,57871.38356199998,18.159,0.0547049321524409,W2
QSO_154.1207544+25.6786866,58076.678322999935,18.237,0.0775974806292059,W2
QSO_154.1207544+25.6786866,58234.41396724997,18.0475,0.0779605216120899,W2
QSO_154.1207544+25.6786866,58440.754288999975,18.1655,0.0925173970126698,W2
QSO_154.1207544+25.6786866,58598.462795500025,18.223,0.0635457250458096,W2
QSO_154.1207544+25.6786866,58804.6671365,17.69,0.1106650450078474,W2
QSO_154.1207544+25.6786866,58962.7656649,18.153,0.0817053486621285,W2
QSO_154.1207544+25.6786866,59172.38241099998,18.0995,0.0948969073911653,W2
QSO_154.1207544+25.6786866,59330.217761499975,18.142000000000003,0.0657346790697833,W2
QSO_154.1207544+25.6786866,59536.39616924992,17.7935,0.1410067801101673,W2
QSO_154.1207544+25.6786866,59694.13243400004,18.338,0.0813941352875231,W2
QSO_154.1207544+25.6786866,59903.31068549998,18.197,0.0812251208364323,W2
QSO_154.1207544+25.6786866,60057.9933055,17.921,0.1035589465878317,W2
QSO_154.1207544+25.6786866,60267.21550300002,18.126,0.0777219320575912,W2
QSO_154.1207544+25.6786866,60425.33040640003,18.125,0.0731514910739071,W2
QSO_153.954393+25.6292554,55328.01419499998,17.843,0.0385564852452906,W1
QSO_153.954393+25.6292554,55518.56775575002,17.8495,0.0614873330827547,W1
QSO_153.954393+25.6292554,56792.71657250004,17.892,0.0433635064190577,W1
QSO_153.954393+25.6292554,56983.20107525007,17.8425,0.0407129958662761,W1
QSO_153.954393+25.6292554,57151.438106145455,17.738,0.0371216045405693,W1
QSO_153.954393+25.6292554,57344.856376763775,17.808999999999997,0.0561687883493716,W1
QSO_153.954393+25.6292554,57510.30626433536,17.857,0.0531097838066393,W1
QSO_153.954393+25.6292554,57709.67112514456,17.866999999999997,0.0356540086572791,W1
QSO_153.954393+25.6292554,57871.252691250025,17.895,0.0424966433859673,W1
QSO_153.954393+25.6292554,58076.612915,17.820999999999998,0.0422986173817467,W1
QSO_153.954393+25.6292554,58234.41391250005,17.817500000000003,0.0532244765818078,W1
QSO_153.954393+25.6292554,58440.72165799999,17.82,0.0443690045526008,W1
QSO_153.954393+25.6292554,58598.36468349995,17.817,0.0322081895928947,W1
QSO_153.954393+25.6292554,58804.63443249995,17.8735,0.0420451765961331,W1
QSO_153.954393+25.6292554,58962.50351739997,17.914,0.0328550757113723,W1
QSO_153.954393+25.6292554,59172.25162090004,17.946,0.045411408258278,W1
QSO_153.954393+25.6292554,59330.18513049998,17.805,0.0457718511656288,W1
QSO_153.954393+25.6292554,59536.39616924992,17.945500000000003,0.0983609189178826,W1
QSO_153.954393+25.6292554,59694.06666099998,17.863999999999997,0.0382153064821162,W1
QSO_153.954393+25.6292554,59903.18103750004,17.938000000000002,0.0626541195190887,W1
QSO_153.954393+25.6292554,60057.92840849997,17.831,0.0353742893300318,W1
QSO_153.954393+25.6292554,60267.053497749934,17.864,0.0756373188313812,W1
QSO_153.954393+25.6292554,60425.20190380004,17.907,0.0282385958871657,W1
QSO_153.954393+25.6292554,55328.01419499998,18.15,0.0550856583156279,W2
QSO_153.954393+25.6292554,55518.56775575002,18.1215,0.0766359086851587,W2
QSO_153.954393+25.6292554,56792.71657250004,17.985,0.125526874586385,W2
QSO_153.954393+25.6292554,56983.20107525007,17.9705,0.0737527267229768,W2
QSO_153.954393+25.6292554,57151.438106145455,18.05,0.0930334840313651,W2
QSO_153.954393+25.6292554,57344.856376763775,18.1,0.0835946684131567,W2
QSO_153.954393+25.6292554,57510.30626433536,18.048,0.0989574049477324,W2
QSO_153.954393+25.6292554,57709.67112514456,17.9775,0.0799363751622131,W2
QSO_153.954393+25.6292554,57871.252691250025,18.017000000000003,0.0886413915521204,W2
QSO_153.954393+25.6292554,58076.612915,18.181,0.0912427667097609,W2
QSO_153.954393+25.6292554,58234.41391250005,17.85,0.0757548433850687,W2
QSO_153.954393+25.6292554,58440.72165799999,18.027,0.0906466293911966,W2
QSO_153.954393+25.6292554,58598.36468349995,18.2565,0.0705606844155098,W2
QSO_153.954393+25.6292554,58804.63443249995,17.903,0.0370900508896932,W2
QSO_153.954393+25.6292554,58962.50351739997,18.0685,0.0956487323491535,W2
QSO_153.954393+25.6292554,59172.25162090004,17.944000000000003,0.1043742353265401,W2
QSO_153.954393+25.6292554,59330.18513049998,18.258,0.0812319216436147,W2
QSO_153.954393+25.6292554,59536.39616924992,18.258000000000003,0.1365496958782572,W2
QSO_153.954393+25.6292554,59694.06666099998,18.2405,0.1060613307292926,W2
QSO_153.954393+25.6292554,59903.18103750004,17.898,0.0838123731875184,W2
QSO_153.954393+25.6292554,60057.92840849997,18.03,0.0740171767178825,W2
QSO_153.954393+25.6292554,60267.053497749934,17.891,0.0954158739413942,W2
QSO_153.954393+25.6292554,60425.20190380004,17.807,0.0708040884053402,W2
QSO_154.3206124+25.6557775,55328.27863749996,18.035,0.0610378926782336,W1
QSO_154.3206124+25.6557775,55518.76600549997,18.1745,0.059946677694987,W1
QSO_154.3206124+25.6557775,56793.01244149996,18.138,0.0608760106435613,W1
QSO_154.3206124+25.6557775,56983.496670499975,18.11,0.0404192750676692,W1
QSO_154.3206124+25.6557775,57151.6021189059,18.112,0.0383048821953544,W1
QSO_154.3206124+25.6557775,57345.15122378261,18.089,0.0529668366732621,W1
QSO_154.3206124+25.6557775,57510.76588716449,18.265,0.0840472791368974,W1
QSO_154.3206124+25.6557775,57709.96645056315,18.1285,0.0551037485563028,W1
QSO_154.3206124+25.6557775,57871.514378000014,18.069,0.0706246466983177,W1
QSO_154.3206124+25.6557775,58076.84184300002,18.067,0.1008207062800833,W1
QSO_154.3206124+25.6557775,58234.67554449996,17.9945,0.0557150644150912,W1
QSO_154.3206124+25.6557775,58440.95043999997,18.1825,0.0429372681944251,W1
QSO_154.3206124+25.6557775,58598.59346550002,18.14,0.0611842245264725,W1
QSO_154.3206124+25.6557775,58804.863250999966,18.114,0.0387353282673155,W1
QSO_154.3206124+25.6557775,58962.89645499994,18.1215,0.0702236783428497,W1
QSO_154.3206124+25.6557775,59172.48091990002,18.1235,0.0511957420104447,W1
QSO_154.3206124+25.6557775,59330.47901024995,18.148,0.0942745326161841,W1
QSO_154.3206124+25.6557775,59536.72267999996,18.073,0.0348482424233993,W1
QSO_154.3206124+25.6557775,59694.328147000015,18.18,0.0638820673214457,W1
QSO_154.3206124+25.6557775,59903.44150150001,18.063,0.0453741768837052,W1
QSO_154.3206124+25.6557775,60058.25289350002,18.119,0.06166720747558,W1
QSO_154.3206124+25.6557775,60267.37692424998,17.930999999999997,0.0374694365808449,W1
QSO_154.3206124+25.6557775,60425.45916519999,18.144,0.0476470242313903,W1
QSO_154.3206124+25.6557775,55328.27863749996,18.254,0.0719967129227123,W2
QSO_154.3206124+25.6557775,55518.76600549997,18.2465,0.0986416159781346,W2
QSO_154.3206124+25.6557775,56793.01244149996,18.2895,0.0751847594055801,W2
QSO_154.3206124+25.6557775,56983.496670499975,18.326,0.0493798961781361,W2
QSO_154.3206124+25.6557775,57151.6021189059,18.2025,0.0941503903337633,W2
QSO_154.3206124+25.6557775,57345.15122378261,18.2385,0.0609711971382099,W2
QSO_154.3206124+25.6557775,57510.76588716449,18.271,0.0937919215827451,W2
QSO_154.3206124+25.6557775,57709.96645056315,18.1875,0.0701877350303316,W2
QSO_154.3206124+25.6557775,57871.514378000014,18.023,0.1197148314601209,W2
QSO_154.3206124+25.6557775,58076.84184300002,18.146,0.0536482472288427,W2
QSO_154.3206124+25.6557775,58234.67554449996,18.2035,0.05528267007943,W2
QSO_154.3206124+25.6557775,58440.95043999997,18.144,0.0392024106401636,W2
QSO_154.3206124+25.6557775,58598.59346550002,18.261,0.0794921293871388,W2
QSO_154.3206124+25.6557775,58804.863250999966,17.741,0.1157005282827089,W2
QSO_154.3206124+25.6557775,58962.89645499994,18.0705,0.0752888039485289,W2
QSO_154.3206124+25.6557775,59172.48091990002,17.967999999999996,0.1111016651540381,W2
QSO_154.3206124+25.6557775,59330.47901024995,18.207,0.1042499000798882,W2
QSO_154.3206124+25.6557775,59536.72267999996,17.933,0.1064513409967204,W2
QSO_154.3206124+25.6557775,59694.328147000015,18.198,0.0936301082877188,W2
QSO_154.3206124+25.6557775,59903.44150150001,18.109,0.0749092112652486,W2
QSO_154.3206124+25.6557775,60058.25289350002,18.095,0.0891903728805721,W2
QSO_154.3206124+25.6557775,60267.37692424998,18.109,0.0759392537139365,W2
QSO_154.3206124+25.6557775,60425.45916519999,18.187,0.0864763162271578,W2
QSO_154.2476384+25.5854983,55328.212463,17.402,0.0269898831812912,W1
QSO_154.2476384+25.5854983,55518.76600549997,17.451999999999998,0.0128559000722107,W1
QSO_154.2476384+25.5854983,56792.88091374999,17.4755,0.0336898204210111,W1
QSO_154.2476384+25.5854983,56983.463857,17.517,0.0427026462880229,W1
QSO_154.2476384+25.5854983,57151.63484115796,17.491,0.0264309485513158,W1
QSO_154.2476384+25.5854983,57345.020207024325,17.378,0.0332822525279363,W1
QSO_154.2476384+25.5854983,57510.63456635619,17.509,0.0366358612027971,W1
QSO_154.2476384+25.5854983,57709.900790159,17.471,0.0371804340100818,W1
QSO_154.2476384+25.5854983,57871.54708199998,17.457,0.0247075838372364,W1
QSO_154.2476384+25.5854983,58076.84184300002,17.444,0.0275458963556397,W1
QSO_154.2476384+25.5854983,58234.61013650002,17.557,0.0378164117811299,W1
QSO_154.2476384+25.5854983,58440.85232799999,17.417,0.0628606139814387,W1
QSO_154.2476384+25.5854983,58598.52805750001,17.458,0.0403890051150432,W1
QSO_154.2476384+25.5854983,58804.863250999966,17.47,0.0468951170165933,W1
QSO_154.2476384+25.5854983,58962.89645499994,17.4715,0.0317102664763321,W1
QSO_154.2476384+25.5854983,59172.38274039999,17.499000000000002,0.0512263579083362,W1
QSO_154.2476384+25.5854983,59330.381099,17.462,0.027711159116758,W1
QSO_154.2476384+25.5854983,59536.65741799998,17.526,0.0562544718015168,W1
QSO_154.2476384+25.5854983,59694.29551600003,17.478,0.0168374879361501,W1
QSO_154.2476384+25.5854983,59903.40892525002,17.4665,0.0353579906103274,W1
QSO_154.2476384+25.5854983,60058.187485500006,17.518,0.0383673179855782,W1
QSO_154.2476384+25.5854983,60267.37692424998,17.4875,0.0410936004750129,W1
QSO_154.2476384+25.5854983,60425.45901880004,17.483,0.048441951522142,W1
QSO_154.2476384+25.5854983,55328.212463,18.178,0.0869234920120059,W2
QSO_154.2476384+25.5854983,55518.76600549997,17.942999999999998,0.1058833515880496,W2
QSO_154.2476384+25.5854983,56792.88091374999,18.1935,0.0877324341392622,W2
QSO_154.2476384+25.5854983,56983.463857,18.0015,0.0942700588734302,W2
QSO_154.2476384+25.5854983,57151.63484115796,18.274,0.0930555927973384,W2
QSO_154.2476384+25.5854983,57345.020207024325,18.199,0.1179568345404995,W2
QSO_154.2476384+25.5854983,57510.63456635619,18.148,0.0606431098877646,W2
QSO_154.2476384+25.5854983,57709.900790159,17.891,0.0615273176640517,W2
QSO_154.2476384+25.5854983,57871.54708199998,18.056,0.0826719028359606,W2
QSO_154.2476384+25.5854983,58076.84184300002,18.255,0.0929006431218614,W2
QSO_154.2476384+25.5854983,58234.61013650002,18.005,0.1385079095214422,W2
QSO_154.2476384+25.5854983,58440.85232799999,18.08,0.0565261875288189,W2
QSO_154.2476384+25.5854983,58598.52805750001,17.975,0.0854317435099233,W2
QSO_154.2476384+25.5854983,58804.863250999966,17.988,0.0710586236849545,W2
QSO_154.2476384+25.5854983,58962.89645499994,18.046,0.0835484530078205,W2
QSO_154.2476384+25.5854983,59172.38274039999,17.901,0.1183452334908658,W2
QSO_154.2476384+25.5854983,59330.381099,17.813,0.0891318425107512,W2
QSO_154.2476384+25.5854983,59536.65741799998,17.834,0.0942291419643377,W2
QSO_154.2476384+25.5854983,59694.29551600003,17.9635,0.0693349046296308,W2
QSO_154.2476384+25.5854983,59903.40892525002,17.936999999999998,0.0674422034796104,W2
QSO_154.2476384+25.5854983,60058.187485500006,18.07,0.0553046341138818,W2
QSO_154.2476384+25.5854983,60267.37692424998,17.8975,0.0781437137586894,W2
QSO_154.2476384+25.5854983,60425.45901880004,18.095,0.0788015893686654,W2
QSO_154.3498942+25.7068644,55328.34473900003,17.674500000000002,0.0341600917041271,W1
QSO_154.3498942+25.7068644,55518.76600549997,17.8485,0.0562042972770533,W1
QSO_154.3498942+25.7068644,56793.111064500015,17.769,0.044783919561637,W1
QSO_154.3498942+25.7068644,56983.46378400003,17.652,0.0464022456652454,W1
QSO_154.3498942+25.7068644,57151.63495065805,17.731,0.0628322991874965,W1
QSO_154.3498942+25.7068644,57345.21668653678,17.7025,0.0354316807391352,W1
QSO_154.3498942+25.7068644,57510.70029996032,17.709,0.0545658761704573,W1
QSO_154.3498942+25.7068644,57709.96637736318,17.691000000000003,0.0233228734023394,W1
QSO_154.3498942+25.7068644,57871.51445099999,17.756,0.0497323856775963,W1
QSO_154.3498942+25.7068644,58076.84184300002,17.778,0.0387236641317249,W1
QSO_154.3498942+25.7068644,58234.70824850001,17.743000000000002,0.0446180215129101,W1
QSO_154.3498942+25.7068644,58440.917736,17.665,0.0523549694388569,W1
QSO_154.3498942+25.7068644,58598.56083450003,17.771,0.0545666641213601,W1
QSO_154.3498942+25.7068644,58804.863250999966,17.662,0.0397468666825287,W1
QSO_154.3498942+25.7068644,58962.92891919998,17.611,0.0485988501346505,W1
QSO_154.3498942+25.7068644,59172.51365859999,17.7,0.0382848079714718,W1
QSO_154.3498942+25.7068644,59330.44636099998,17.733,0.0475546425393706,W1
QSO_154.3498942+25.7068644,59536.72262524996,17.766,0.041518235618688,W1
QSO_154.3498942+25.7068644,59694.29551600003,17.758499999999998,0.067603761127015,W1
QSO_154.3498942+25.7068644,59903.474023,17.7105,0.0332754564206115,W1
QSO_154.3498942+25.7068644,60058.22018949997,17.755000000000003,0.0557809248226853,W1
QSO_154.3498942+25.7068644,60267.44143800008,17.684,0.0279024909282308,W1
QSO_154.3498942+25.7068644,60425.49124510001,17.668,0.0301946137427534,W1
QSO_154.3498942+25.7068644,55328.34473900003,18.333,0.0742314906827578,W2
QSO_154.3498942+25.7068644,55518.76600549997,18.329500000000003,0.0942539050178353,W2
QSO_154.3498942+25.7068644,56793.111064500015,18.162,0.1013819327902973,W2
QSO_154.3498942+25.7068644,56983.46378400003,18.3675,0.0803784739471588,W2
QSO_154.3498942+25.7068644,57151.63495065805,18.113,0.0751003836097532,W2
QSO_154.3498942+25.7068644,57345.21668653678,18.2735,0.1631435227031709,W2
QSO_154.3498942+25.7068644,57510.70029996032,18.306,0.1023927538533203,W2
QSO_154.3498942+25.7068644,57709.96637736318,18.074,0.0912126254985466,W2
QSO_154.3498942+25.7068644,57871.51445099999,18.4175,0.0551187270723307,W2
QSO_154.3498942+25.7068644,58076.84184300002,18.271,0.0893482705402569,W2
QSO_154.3498942+25.7068644,58234.70824850001,18.002,0.0696049494341101,W2
QSO_154.3498942+25.7068644,58440.917736,18.078,0.0749099835459935,W2
QSO_154.3498942+25.7068644,58598.56083450003,18.219,0.1060206429715983,W2
QSO_154.3498942+25.7068644,58804.863250999966,18.015,0.0920509429245265,W2
QSO_154.3498942+25.7068644,58962.92891919998,18.151,0.0868138764022664,W2
QSO_154.3498942+25.7068644,59172.51365859999,18.061,0.079721359223572,W2
QSO_154.3498942+25.7068644,59330.44636099998,18.194,0.0794633956906936,W2
QSO_154.3498942+25.7068644,59536.72262524996,17.9975,0.0311026526199936,W2
QSO_154.3498942+25.7068644,59694.29551600003,18.103,0.0951013088930329,W2
QSO_154.3498942+25.7068644,59903.474023,18.083,0.0554060014799842,W2
QSO_154.3498942+25.7068644,60058.22018949997,18.2395,0.0714136360046694,W2
QSO_154.3498942+25.7068644,60267.44143800008,18.101,0.053085440565187,W2
QSO_154.3498942+25.7068644,60425.49124510001,18.159,0.0767320373478741,W2
QSO_154.2302793+25.7680362,55328.24562325003,17.3245,0.0182460041287583,W1
QSO_154.2302793+25.7680362,55518.66687150001,17.381999999999998,0.0304302853679307,W1
QSO_154.2302793+25.7680362,56792.81519550001,17.3425,0.0258178338920019,W1
QSO_154.2302793+25.7680362,56983.39806575006,17.322499999999998,0.0303140964642595,W1
QSO_154.2302793+25.7680362,57151.6021189059,17.384500000000003,0.0225562440029032,W1
QSO_154.2302793+25.7680362,57345.11837378049,17.308999999999997,0.0418276848706436,W1
QSO_154.2302793+25.7680362,57510.667433158254,17.3385,0.0308000649349968,W1
QSO_154.2302793+25.7680362,57709.835202954826,17.462,0.0260670118336448,W1
QSO_154.2302793+25.7680362,57871.48174699994,17.321,0.0313523509071872,W1
QSO_154.2302793+25.7680362,58076.77628899997,17.39,0.0273551646642668,W1
QSO_154.2302793+25.7680362,58234.51213400004,17.25,0.0236846986936198,W1
QSO_154.2302793+25.7680362,58440.85232799999,17.368000000000002,0.0399408277582415,W1
QSO_154.2302793+25.7680362,58598.52805750001,17.418,0.0557909724513057,W1
QSO_154.2302793+25.7680362,58804.79784300004,17.426000000000002,0.0253817500608525,W1
QSO_154.2302793+25.7680362,58962.89645499994,17.293999999999997,0.0451317626511527,W1
QSO_154.2302793+25.7680362,59172.34961740001,17.278,0.0250591501418325,W1
QSO_154.2302793+25.7680362,59330.31569099998,17.363,0.0357855076039212,W1
QSO_154.2302793+25.7680362,59536.59200999997,17.485500000000002,0.138023775125882,W1
QSO_154.2302793+25.7680362,59694.16508325,17.374000000000002,0.0263227387266993,W1
QSO_154.2302793+25.7680362,59903.40887050002,17.299999999999997,0.0280573466149968,W1
QSO_154.2302793+25.7680362,60058.12258849998,17.368000000000002,0.0267652857053571,W1
QSO_154.2302793+25.7680362,60267.31228274999,17.346,0.0403238019040864,W1
QSO_154.2302793+25.7680362,60425.39471260004,17.361,0.0304798970438745,W1
QSO_154.2302793+25.7680362,55328.24562325003,17.957,0.0248813693875095,W2
QSO_154.2302793+25.7680362,55518.66687150001,18.1385,0.0200453686523275,W2
QSO_154.2302793+25.7680362,56792.81519550001,18.2175,0.0888341150684804,W2
QSO_154.2302793+25.7680362,56983.39806575006,17.9665,0.0650928645745333,W2
QSO_154.2302793+25.7680362,57151.6021189059,18.1725,0.0823987875225431,W2
QSO_154.2302793+25.7680362,57345.11837378049,18.144,0.0657173214692818,W2
QSO_154.2302793+25.7680362,57510.667433158254,18.088,0.0842354141676765,W2
QSO_154.2302793+25.7680362,57709.835202954826,17.9,0.1010157577846714,W2
QSO_154.2302793+25.7680362,57871.48174699994,18.08,0.0496447740246943,W2
QSO_154.2302793+25.7680362,58076.77628899997,18.152,0.0631213397448087,W2
QSO_154.2302793+25.7680362,58234.51213400004,18.006,0.074377140540947,W2
QSO_154.2302793+25.7680362,58440.85232799999,18.02,0.0791579083559993,W2
QSO_154.2302793+25.7680362,58598.52805750001,18.1,0.0912316097170835,W2
QSO_154.2302793+25.7680362,58804.79784300004,17.878999999999998,0.0988622447663074,W2
QSO_154.2302793+25.7680362,58962.89645499994,17.8885,0.093037352713843,W2
QSO_154.2302793+25.7680362,59172.34961740001,18.0775,0.0580153041033492,W2
QSO_154.2302793+25.7680362,59330.31569099998,17.936,0.069716793204333,W2
QSO_154.2302793+25.7680362,59536.59200999997,18.105,0.1455412312714171,W2
QSO_154.2302793+25.7680362,59694.16508325,18.077,0.0377582202386751,W2
QSO_154.2302793+25.7680362,59903.40887050002,17.927500000000002,0.0594986140128024,W2
QSO_154.2302793+25.7680362,60058.12258849998,17.919999999999998,0.0617901215161268,W2
QSO_154.2302793+25.7680362,60267.31228274999,17.988500000000002,0.090522174079062,W2
QSO_154.2302793+25.7680362,60425.39471260004,18.212,0.0792423901399004,W2
QSO_154.3215426+25.7092472,55328.37775324995,17.7255,0.0271394466170962,W1
QSO_154.3215426+25.7092472,55518.76600549997,18.0115,0.0528526953655857,W1
QSO_154.3215426+25.7092472,56793.01244149996,17.849,0.0323441648524119,W1
QSO_154.3215426+25.7092472,56983.496670499975,17.875,0.0449169698980624,W1
QSO_154.3215426+25.7092472,57151.63495065805,17.726,0.0995410429604738,W1
QSO_154.3215426+25.7092472,57345.183927784696,17.89,0.0625189017248187,W1
QSO_154.3215426+25.7092472,57510.667433158254,17.953,0.051137422696104,W1
QSO_154.3215426+25.7092472,57709.933583761085,17.9,0.0172646788502557,W1
QSO_154.3215426+25.7092472,57871.51452399996,17.874000000000002,0.064484128706188,W1
QSO_154.3215426+25.7092472,58076.84184300002,17.813000000000002,0.0657295452125951,W1
QSO_154.3215426+25.7092472,58234.67554449996,17.9085,0.0616198750404447,W1
QSO_154.3215426+25.7092472,58440.917736,17.997999999999998,0.0476092923576151,W1
QSO_154.3215426+25.7092472,58598.56083450003,17.8335,0.0498379782302018,W1
QSO_154.3215426+25.7092472,58804.863250999966,17.901,0.0910876500959378,W1
QSO_154.3215426+25.7092472,58962.89645499994,17.9025,0.0366543312583928,W1
QSO_154.3215426+25.7092472,59172.415387600005,17.966,0.0455691375417211,W1
QSO_154.3215426+25.7092472,59330.44636099998,17.802999999999997,0.0295062549876452,W1
QSO_154.3215426+25.7092472,59536.72262524996,17.981499999999997,0.0379551392118722,W1
QSO_154.3215426+25.7092472,59694.23030875004,17.860500000000002,0.0372109850367791,W1
QSO_154.3215426+25.7092472,59903.474023,17.834,0.0248708865945705,W1
QSO_154.3215426+25.7092472,60058.187485500006,17.872,0.0414494004693886,W1
QSO_154.3215426+25.7092472,60267.40917200004,18.011,0.0430650094777921,W1
QSO_154.3215426+25.7092472,60425.49124510001,17.8695,0.0487860206430611,W1
QSO_154.3215426+25.7092472,55328.37775324995,18.3195,0.0639775835377929,W2
QSO_154.3215426+25.7092472,55518.76600549997,18.1915,0.0769993085587043,W2
QSO_154.3215426+25.7092472,56793.01244149996,18.2605,0.0766125381383491,W2
QSO_154.3215426+25.7092472,56983.496670499975,18.3,0.0802117876564182,W2
QSO_154.3215426+25.7092472,57151.63495065805,18.329,0.0868162303445599,W2
QSO_154.3215426+25.7092472,57345.183927784696,18.151,0.0648915294436701,W2
QSO_154.3215426+25.7092472,57510.667433158254,18.239,0.0907432036022532,W2
QSO_154.3215426+25.7092472,57709.933583761085,18.1095,0.1076915781293969,W2
QSO_154.3215426+25.7092472,57871.51452399996,18.289,0.0698347303046577,W2
QSO_154.3215426+25.7092472,58076.84184300002,18.17,0.0736002624197624,W2
QSO_154.3215426+25.7092472,58234.67554449996,18.1335,0.0671573972098384,W2
QSO_154.3215426+25.7092472,58440.917736,18.218,0.0559768470656165,W2
QSO_154.3215426+25.7092472,58598.56083450003,18.174,0.1037442323251791,W2
QSO_154.3215426+25.7092472,58804.863250999966,18.062,0.1502795794511018,W2
QSO_154.3215426+25.7092472,58962.89645499994,18.299,0.0980486052934971,W2
QSO_154.3215426+25.7092472,59172.415387600005,18.2415,0.0912708468069178,W2
QSO_154.3215426+25.7092472,59330.44636099998,18.419,0.0903300983707836,W2
QSO_154.3215426+25.7092472,59536.72262524996,18.0425,0.0521096155909548,W2
QSO_154.3215426+25.7092472,59694.23030875004,18.174,0.0844659797558231,W2
QSO_154.3215426+25.7092472,59903.474023,18.0245,0.0692477003228264,W2
QSO_154.3215426+25.7092472,60058.187485500006,18.451,0.0634986407590199,W2
QSO_154.3215426+25.7092472,60267.40917200004,18.4555,0.0360696800399146,W2
QSO_154.3215426+25.7092472,60425.49124510001,18.2385,0.0769183820682677,W2
QSO_154.2140903+25.8124547,55328.17944875,18.036,0.0545767073256282,W1
QSO_154.2140903+25.8124547,55518.699885750015,17.991,0.0649975560437979,W1
QSO_154.2140903+25.8124547,56792.81519550001,17.8825,0.0503583558111261,W1
QSO_154.2140903+25.8124547,56983.33240225,17.976,0.0441251901685127,W1
QSO_154.2140903+25.8124547,57151.47099264752,17.929000000000002,0.0416702220705316,W1
QSO_154.2140903+25.8124547,57345.05285627632,17.929000000000002,0.0383745822777099,W1
QSO_154.2140903+25.8124547,57510.70022676034,17.8355,0.0615413986678885,W1
QSO_154.2140903+25.8124547,57709.802299552815,17.852,0.0397121587873985,W1
QSO_154.2140903+25.8124547,57871.38356199998,18.03,0.0774539256937372,W1
QSO_154.2140903+25.8124547,58076.77628899997,17.961,0.057327443363406,W1
QSO_154.2140903+25.8124547,58234.54478325001,17.9065,0.0277477372283992,W1
QSO_154.2140903+25.8124547,58440.78691999997,17.983,0.0581300130934006,W1
QSO_154.2140903+25.8124547,58598.462795500025,17.991999999999997,0.0610188969510591,W1
QSO_154.2140903+25.8124547,58804.73243500002,17.979,0.0750205218837069,W1
QSO_154.2140903+25.8124547,58962.831197200016,17.922,0.0557212795976545,W1
QSO_154.2140903+25.8124547,59172.284103399965,17.9165,0.0411148177758425,W1
QSO_154.2140903+25.8124547,59330.315745749984,18.03,0.0428765116891477,W1
QSO_154.2140903+25.8124547,59536.46144949996,17.97,0.0674255737832468,W1
QSO_154.2140903+25.8124547,59694.06677049999,17.892,0.0629928978859691,W1
QSO_154.2140903+25.8124547,59903.37634900003,17.95,0.0720591417506635,W1
QSO_154.2140903+25.8124547,60058.12258849998,17.968,0.0493126001335447,W1
QSO_154.2140903+25.8124547,60267.21539350002,17.906,0.0606870877087994,W1
QSO_154.2140903+25.8124547,60425.33051620004,17.897,0.0378974252214582,W1
QSO_154.2140903+25.8124547,55328.17944875,18.254,0.0727960653351531,W2
QSO_154.2140903+25.8124547,55518.699885750015,18.196,0.0503890879574654,W2
QSO_154.2140903+25.8124547,56792.81519550001,18.1045,0.0757436796043075,W2
QSO_154.2140903+25.8124547,56983.33240225,18.1445,0.0914446047656215,W2
QSO_154.2140903+25.8124547,57151.47099264752,18.087,0.0850522817154249,W2
QSO_154.2140903+25.8124547,57345.05285627632,18.261,0.0603516492130479,W2
QSO_154.2140903+25.8124547,57510.70022676034,18.328000000000003,0.0587832186671928,W2
QSO_154.2140903+25.8124547,57709.802299552815,17.9775,0.1096097137659425,W2
QSO_154.2140903+25.8124547,57871.38356199998,18.116,0.0693611198886492,W2
QSO_154.2140903+25.8124547,58076.77628899997,18.316,0.049369472890579,W2
QSO_154.2140903+25.8124547,58234.54478325001,17.97,0.0636864561667084,W2
QSO_154.2140903+25.8124547,58440.78691999997,18.176,0.0458204118570515,W2
QSO_154.2140903+25.8124547,58598.462795500025,18.167,0.0787177479780245,W2
QSO_154.2140903+25.8124547,58804.73243500002,17.997,0.1091044351883912,W2
QSO_154.2140903+25.8124547,58962.831197200016,18.2245,0.0936242543361494,W2
QSO_154.2140903+25.8124547,59172.284103399965,18.1,0.0913257644623335,W2
QSO_154.2140903+25.8124547,59330.315745749984,18.3065,0.0828838572720665,W2
QSO_154.2140903+25.8124547,59536.46144949996,18.16,0.1476261223496711,W2
QSO_154.2140903+25.8124547,59694.06677049999,18.136,0.0731966670423983,W2
QSO_154.2140903+25.8124547,59903.37634900003,18.368,0.0645740130046303,W2
QSO_154.2140903+25.8124547,60058.12258849998,18.047,0.0934946934375247,W2
QSO_154.2140903+25.8124547,60267.21539350002,18.086,0.0457790893179722,W2
QSO_154.2140903+25.8124547,60425.33051620004,18.17,0.0580882429502624,W2
QSO_154.1084766+25.6015528,55328.146434499984,18.255,0.0538282322534205,W1
QSO_154.1084766+25.6015528,55518.66694449999,18.461,0.0428663640754126,W1
QSO_154.1084766+25.6015528,56792.78223600001,18.412,0.0817764999428324,W1
QSO_154.1084766+25.6015528,56983.36523400003,18.322,0.0742041268513628,W1
QSO_154.1084766+25.6015528,57151.50376964959,18.3,0.0691318169455992,W1
QSO_154.1084766+25.6015528,57344.95467127018,18.33,0.0597829243754014,W1
QSO_154.1084766+25.6015528,57510.56886935201,18.291,0.0456633057345671,W1
QSO_154.1084766+25.6015528,57709.76950595073,18.292,0.0618271140848667,W1
QSO_154.1084766+25.6015528,57871.41626599995,18.262,0.046754530380607,W1
QSO_154.1084766+25.6015528,58076.678322999935,18.4,0.0877743755318143,W1
QSO_154.1084766+25.6015528,58234.57743249997,18.195,0.0535829401963924,W1
QSO_154.1084766+25.6015528,58440.787066,18.332,0.1043545055366023,W1
QSO_154.1084766+25.6015528,58598.462795500025,18.428,0.0565761389998665,W1
QSO_154.1084766+25.6015528,58804.73248975002,18.32,0.0753109910329851,W1
QSO_154.1084766+25.6015528,58962.79840359997,18.277,0.0659144768389287,W1
QSO_154.1084766+25.6015528,59172.31664079998,18.417,0.0887435535556171,W1
QSO_154.1084766+25.6015528,59330.31569099998,18.367,0.0801269466113192,W1
QSO_154.1084766+25.6015528,59536.592064749966,18.245,0.147401662134455,W1
QSO_154.1084766+25.6015528,59694.23023574999,18.431,0.0710081625133234,W1
QSO_154.1084766+25.6015528,59903.40892525002,18.3575,0.0402374786424299,W1
QSO_154.1084766+25.6015528,60058.058202500026,18.316000000000003,0.0769193377696083,W1
QSO_154.1084766+25.6015528,60267.28003500001,18.323,0.0456466418502884,W1
QSO_154.1084766+25.6015528,60425.298052,18.414,0.0659366137001218,W1
QSO_154.1084766+25.6015528,55328.146434499984,17.96,0.0911129614849801,W2
QSO_154.1084766+25.6015528,55518.66694449999,18.085,0.0538974037196925,W2
QSO_154.1084766+25.6015528,56792.78223600001,17.784999999999997,0.038674974290407,W2
QSO_154.1084766+25.6015528,56983.36523400003,18.121,0.1021216331093006,W2
QSO_154.1084766+25.6015528,57151.50376964959,18.131,0.0949333349865072,W2
QSO_154.1084766+25.6015528,57344.95467127018,18.0,0.0928694375016615,W2
QSO_154.1084766+25.6015528,57510.56886935201,17.977,0.0642715407794911,W2
QSO_154.1084766+25.6015528,57709.76950595073,17.976,0.0613190226556491,W2
QSO_154.1084766+25.6015528,57871.41626599995,18.088,0.0883900368317104,W2
QSO_154.1084766+25.6015528,58076.678322999935,17.9905,0.0618411270919281,W2
QSO_154.1084766+25.6015528,58234.57743249997,17.846999999999998,0.0810387576436162,W2
QSO_154.1084766+25.6015528,58440.787066,17.846,0.0813028850784831,W2
QSO_154.1084766+25.6015528,58598.462795500025,18.02,0.0806588851122939,W2
QSO_154.1084766+25.6015528,58804.73248975002,18.0825,0.1434299416026797,W2
QSO_154.1084766+25.6015528,58962.79840359997,18.135,0.1092809295473586,W2
QSO_154.1084766+25.6015528,59172.31664079998,18.044,0.0774597080573244,W2
QSO_154.1084766+25.6015528,59330.31569099998,17.934,0.0781408214633247,W2
QSO_154.1084766+25.6015528,59536.592064749966,18.1525,0.0641745666132617,W2
QSO_154.1084766+25.6015528,59694.23023574999,18.07,0.0903894704362225,W2
QSO_154.1084766+25.6015528,59903.40892525002,17.864,0.0646804494949984,W2
QSO_154.1084766+25.6015528,60058.058202500026,18.109,0.1016100366558891,W2
QSO_154.1084766+25.6015528,60267.28003500001,18.118,0.046399972801657,W2
QSO_154.1084766+25.6015528,60425.298052,18.0195,0.0762807553994774,W2
QSO_154.2656843+25.7930287,55328.212463,18.05,0.038260882257354,W1
QSO_154.2656843+25.7930287,55518.732973,18.202,0.0527067785762779,W1
QSO_154.2656843+25.7930287,56792.84800899998,17.968,0.0540396140195499,W1
QSO_154.2656843+25.7930287,56983.46378400003,17.8455,0.0497926098934368,W1
QSO_154.2656843+25.7930287,57151.6021189059,18.073500000000003,0.0700612589096141,W1
QSO_154.2656843+25.7930287,57345.11839203047,17.888,0.0799390103164303,W1
QSO_154.2656843+25.7930287,57510.667433158254,17.965,0.0572627627695347,W1
QSO_154.2656843+25.7930287,57709.900790159,17.968,0.0510035368202597,W1
QSO_154.2656843+25.7930287,57871.44897,17.907,0.0606344244922687,W1
QSO_154.2656843+25.7930287,58076.84169699999,18.08,0.056865615416834,W1
QSO_154.2656843+25.7930287,58234.57754199998,17.925,0.0530570337981879,W1
QSO_154.2656843+25.7930287,58440.85232799999,17.988999999999997,0.0233691381543225,W1
QSO_154.2656843+25.7930287,58598.462795500025,17.939,0.0455242289158351,W1
QSO_154.2656843+25.7930287,58804.79784300004,17.9,0.0591324056623513,W1
QSO_154.2656843+25.7930287,58962.79845850005,18.0835,0.0503807378866168,W1
QSO_154.2656843+25.7930287,59172.284103399965,17.990000000000002,0.0826281083946316,W1
QSO_154.2656843+25.7930287,59330.315745749984,17.927,0.0606247261591754,W1
QSO_154.2656843+25.7930287,59536.26548100003,18.149,0.0,W1
QSO_154.2656843+25.7930287,59694.06677049999,17.898,0.0488706475508957,W1
QSO_154.2656843+25.7930287,59903.37603874999,17.951999999999998,0.0449045766041725,W1
QSO_154.2656843+25.7930287,60058.187485500006,17.988,0.0674632247532054,W1
QSO_154.2656843+25.7930287,60267.27996199995,18.028,0.0571747846519774,W1
QSO_154.2656843+25.7930287,60425.36266930004,17.9015,0.1438281784695717,W1
QSO_154.2656843+25.7930287,55328.212463,18.284,0.051305862779565,W2
QSO_154.2656843+25.7930287,55518.732973,18.392,0.0687242008146389,W2
QSO_154.2656843+25.7930287,56792.84800899998,18.137,0.0566420400383715,W2
QSO_154.2656843+25.7930287,56983.46378400003,18.295,0.0780694818735208,W2
QSO_154.2656843+25.7930287,57151.6021189059,18.301,0.0711346610310331,W2
QSO_154.2656843+25.7930287,57345.11839203047,18.235,0.0484743632128251,W2
QSO_154.2656843+25.7930287,57510.667433158254,18.245,0.0520021634165351,W2
QSO_154.2656843+25.7930287,57709.900790159,18.12,0.0810612395302701,W2
QSO_154.2656843+25.7930287,57871.44897,18.211,0.0705707971860677,W2
QSO_154.2656843+25.7930287,58076.84169699999,18.04,0.0682904914380508,W2
QSO_154.2656843+25.7930287,58234.57754199998,18.061,0.0899479605790013,W2
QSO_154.2656843+25.7930287,58440.85232799999,17.838,0.1306049392089463,W2
QSO_154.2656843+25.7930287,58598.462795500025,18.099,0.1021937158320196,W2
QSO_154.2656843+25.7930287,58804.79784300004,17.944,0.0989773658491542,W2
QSO_154.2656843+25.7930287,58962.79845850005,18.1565,0.100383551550416,W2
QSO_154.2656843+25.7930287,59172.284103399965,17.894,0.0900051973325709,W2
QSO_154.2656843+25.7930287,59330.315745749984,18.0895,0.0862342376901425,W2
QSO_154.2656843+25.7930287,59536.26548100003,17.814,0.0,W2
QSO_154.2656843+25.7930287,59694.06677049999,18.414,0.0934587487767093,W2
QSO_154.2656843+25.7930287,59903.37603874999,18.256,0.0786375228501001,W2
QSO_154.2656843+25.7930287,60058.187485500006,18.109,0.0853194433139797,W2
QSO_154.2656843+25.7930287,60267.27996199995,18.057,0.0785696442654541,W2
QSO_154.2656843+25.7930287,60425.36266930004,18.0325,0.1025413026541013,W2
QSO_154.2298734+25.8308545,55328.146434499984,17.543,0.0304486610819415,W1
QSO_154.2298734+25.8308545,55518.699885750015,17.6485,0.0442038103770687,W1
QSO_154.2298734+25.8308545,56792.848155000014,17.417,0.0488129320156207,W1
QSO_154.2298734+25.8308545,56983.36523400003,17.535,0.0495999472867559,W1
QSO_154.2298734+25.8308545,57151.53652840167,17.4725,0.0410692377780094,W1
QSO_154.2298734+25.8308545,57345.05285627632,17.573999999999998,0.0394539170456864,W1
QSO_154.2298734+25.8308545,57510.63456635619,17.535,0.0418772327632414,W1
QSO_154.2298734+25.8308545,57709.83509315482,17.506,0.0375930222367414,W1
QSO_154.2298734+25.8308545,57871.38356199998,17.561999999999998,0.0519844257339581,W1
QSO_154.2298734+25.8308545,58076.77628899997,17.569,0.0278671583121904,W1
QSO_154.2298734+25.8308545,58234.51213400004,17.494,0.0481852641836465,W1
QSO_154.2298734+25.8308545,58440.85232799999,17.542,0.0324193628741103,W1
QSO_154.2298734+25.8308545,58598.49549949999,17.557,0.0262518761234314,W1
QSO_154.2298734+25.8308545,58804.79784300004,17.587,0.0305509410657022,W1
QSO_154.2298734+25.8308545,58962.8965282,17.588,0.0341896994265084,W1
QSO_154.2298734+25.8308545,59172.31664079998,17.567999999999998,0.0402175526380628,W1
QSO_154.2298734+25.8308545,59330.283041749935,17.453,0.0249176421213743,W1
QSO_154.2298734+25.8308545,59536.4287455,17.552500000000002,0.0930705377657177,W1
QSO_154.2298734+25.8308545,59694.19773249997,17.555,0.0384441589941591,W1
QSO_154.2298734+25.8308545,59903.44144675001,17.53,0.0323073315498977,W1
QSO_154.2298734+25.8308545,60058.187485500006,17.546,0.0284979723967691,W1
QSO_154.2298734+25.8308545,60267.28003500001,17.587,0.0434677244941844,W1
QSO_154.2298734+25.8308545,60425.26569759996,17.619,0.030347152451397,W1
QSO_154.2298734+25.8308545,55328.146434499984,18.169,0.1031906101762654,W2
QSO_154.2298734+25.8308545,55518.699885750015,18.157,0.0564631711744399,W2
QSO_154.2298734+25.8308545,56792.848155000014,17.845,0.106946161602376,W2
QSO_154.2298734+25.8308545,56983.36523400003,17.907,0.0667703376243997,W2
QSO_154.2298734+25.8308545,57151.53652840167,18.1025,0.0950290038571073,W2
QSO_154.2298734+25.8308545,57345.05285627632,17.868,0.0662367517904793,W2
QSO_154.2298734+25.8308545,57510.63456635619,17.777,0.071559145958168,W2
QSO_154.2298734+25.8308545,57709.83509315482,18.018,0.0496078843925113,W2
QSO_154.2298734+25.8308545,57871.38356199998,18.088,0.0987828660241051,W2
QSO_154.2298734+25.8308545,58076.77628899997,17.976,0.0720173720590179,W2
QSO_154.2298734+25.8308545,58234.51213400004,17.932,0.0593077648305522,W2
QSO_154.2298734+25.8308545,58440.85232799999,18.04,0.1021091161696069,W2
QSO_154.2298734+25.8308545,58598.49549949999,18.023,0.0747506856155849,W2
QSO_154.2298734+25.8308545,58804.79784300004,17.977999999999998,0.1635203718195379,W2
QSO_154.2298734+25.8308545,58962.8965282,18.0735,0.0715320623042564,W2
QSO_154.2298734+25.8308545,59172.31664079998,17.923,0.1091061215288648,W2
QSO_154.2298734+25.8308545,59330.283041749935,18.1565,0.1321855514040776,W2
QSO_154.2298734+25.8308545,59536.4287455,17.9285,0.155003628989776,W2
QSO_154.2298734+25.8308545,59694.19773249997,17.869,0.0811654984240885,W2
QSO_154.2298734+25.8308545,59903.44144675001,17.868499999999997,0.0411490241378819,W2
QSO_154.2298734+25.8308545,60058.187485500006,17.887999999999998,0.0586385548060264,W2
QSO_154.2298734+25.8308545,60267.28003500001,17.846999999999998,0.1062798283797965,W2
QSO_154.2298734+25.8308545,60425.26569759996,17.897,0.058593609885883,W2
QSO_154.187138+25.7176014,55328.146434499984,17.4785,0.0388134202665441,W1
QSO_154.187138+25.7176014,55518.66679850004,17.8615,0.0217875821722827,W1
QSO_154.187138+25.7176014,56792.84800899998,17.175,0.0641494505042713,W1
QSO_154.187138+25.7176014,56983.39806575006,17.825499999999998,0.0422824702644803,W1
QSO_154.187138+25.7176014,57151.53652840167,17.255000000000003,0.0326402971800197,W1
QSO_154.187138+25.7176014,57345.08566977841,17.77,0.0458340149255796,W1
QSO_154.187138+25.7176014,57510.60173615407,17.2605,0.0493704815091411,W1
QSO_154.187138+25.7176014,57709.900790159,17.753999999999998,0.0342870821952231,W1
QSO_154.187138+25.7176014,57871.514378000014,17.234,0.0369306991974136,W1
QSO_154.187138+25.7176014,58076.71095400001,17.695500000000003,0.0545188407800459,W1
QSO_154.187138+25.7176014,58234.47937525007,17.229,0.0560840886526652,W1
QSO_154.187138+25.7176014,58440.78691999997,17.851,0.0435708012982328,W1
QSO_154.187138+25.7176014,58598.39738750001,17.246000000000002,0.0443202097438127,W1
QSO_154.187138+25.7176014,58804.79784300004,17.607,0.0514823464888693,W1
QSO_154.187138+25.7176014,58962.7656649,17.313,0.089483195000514,W1
QSO_154.187138+25.7176014,59172.38259400004,17.808,0.0319904662732768,W1
QSO_154.187138+25.7176014,59330.41372999999,17.2575,0.023099805193984,W1
QSO_154.187138+25.7176014,59536.72257049996,17.921,0.0647046211641793,W1
QSO_154.187138+25.7176014,59694.1976595,17.153,0.0681529971352583,W1
QSO_154.187138+25.7176014,59903.37634900003,17.724,0.066327308068716,W1
QSO_154.187138+25.7176014,60057.9933055,17.174,0.0374326216845783,W1
QSO_154.187138+25.7176014,60267.34453049997,17.833,0.0432777099707869,W1
QSO_154.187138+25.7176014,60425.33051620004,17.378999999999998,0.0659753040215862,W1
QSO_154.187138+25.7176014,55328.146434499984,18.2535,0.0434749251978848,W2
QSO_154.187138+25.7176014,55518.66679850004,18.1715,0.0452047439768823,W2
QSO_154.187138+25.7176014,56792.84800899998,17.955,0.0788788438049143,W2
QSO_154.187138+25.7176014,56983.39806575006,18.241,0.0838761901720495,W2
QSO_154.187138+25.7176014,57151.53652840167,17.894,0.0798007394996522,W2
QSO_154.187138+25.7176014,57345.08566977841,18.281,0.0815914321946867,W2
QSO_154.187138+25.7176014,57510.60173615407,18.12,0.1197413300039346,W2
QSO_154.187138+25.7176014,57709.900790159,18.048,0.0622248408173728,W2
QSO_154.187138+25.7176014,57871.514378000014,17.910999999999998,0.0961263885666949,W2
QSO_154.187138+25.7176014,58076.71095400001,18.023,0.0797954948602991,W2
QSO_154.187138+25.7176014,58234.47937525007,17.8145,0.0728120937756909,W2
QSO_154.187138+25.7176014,58440.78691999997,18.196,0.0768688912778181,W2
QSO_154.187138+25.7176014,58598.39738750001,17.823,0.0420675104089368,W2
QSO_154.187138+25.7176014,58804.79784300004,17.904,0.1977426610521868,W2
QSO_154.187138+25.7176014,58962.7656649,18.0195,0.0750761982713226,W2
QSO_154.187138+25.7176014,59172.38259400004,17.974,0.0449291118754237,W2
QSO_154.187138+25.7176014,59330.41372999999,17.921,0.0897449497186332,W2
QSO_154.187138+25.7176014,59536.72257049996,18.222,0.1318461527690513,W2
QSO_154.187138+25.7176014,59694.1976595,18.022,0.0756556029295228,W2
QSO_154.187138+25.7176014,59903.37634900003,18.155,0.0599180005664892,W2
QSO_154.187138+25.7176014,60057.9933055,18.073,0.1951147677515779,W2
QSO_154.187138+25.7176014,60267.34453049997,18.163,0.060740113454119,W2
QSO_154.187138+25.7176014,60425.33051620004,17.95,0.0599887735267652,W2
QSO_154.0660286+25.6699685,55328.04722749996,18.2825,0.0477654073940391,W1
QSO_154.0660286+25.6699685,55518.56775575002,18.439,0.0838348519853612,W1
QSO_154.0660286+25.6699685,56792.71657250004,18.266,0.0610298880084234,W1
QSO_154.0660286+25.6699685,56983.29957049998,18.2,0.0528457062605164,W1
QSO_154.0660286+25.6699685,57151.47093789752,18.3605,0.0431670420404101,W1
QSO_154.0660286+25.6699685,57344.95459827012,18.231,0.0631641433093174,W1
QSO_154.0660286+25.6699685,57510.43758514366,18.21,0.0278633250600483,W1
QSO_154.0660286+25.6699685,57709.73671234865,18.251,0.053425799011339,W1
QSO_154.0660286+25.6699685,57871.31815399997,18.297,0.0508534803913242,W1
QSO_154.0660286+25.6699685,58076.645618999966,18.089,0.0705292645646477,W1
QSO_154.0660286+25.6699685,58234.44661650002,18.224,0.0691002583112395,W1
QSO_154.0660286+25.6699685,58440.68895400002,18.2835,0.0619306144003109,W1
QSO_154.0660286+25.6699685,58598.36468349995,18.2425,0.0834246548234239,W1
QSO_154.0660286+25.6699685,58804.73248975002,18.24,0.0493376499612995,W1
QSO_154.0660286+25.6699685,58962.70007769999,18.296,0.050353559953592,W1
QSO_154.0660286+25.6699685,59172.34961740001,18.2105,0.058716933168727,W1
QSO_154.0660286+25.6699685,59330.25039249997,18.279,0.0556635644549365,W1
QSO_154.0660286+25.6699685,59536.39616924992,18.176,0.074105186753045,W1
QSO_154.0660286+25.6699685,59694.09954750001,18.2255,0.0517532994117282,W1
QSO_154.0660286+25.6699685,59903.21335825008,18.0825,0.0509256320530242,W1
QSO_154.0660286+25.6699685,60058.02575400001,18.341500000000003,0.0678381917110828,W1
QSO_154.0660286+25.6699685,60267.21544825002,18.2985,0.1042321533734916,W1
QSO_154.0660286+25.6699685,60425.298052,18.186,0.0447689177890197,W1
QSO_154.0660286+25.6699685,55328.04722749996,18.29,0.0613424425225279,W2
QSO_154.0660286+25.6699685,55518.56775575002,18.272,0.066564487668114,W2
QSO_154.0660286+25.6699685,56792.71657250004,18.18,0.132898435540439,W2
QSO_154.0660286+25.6699685,56983.29957049998,18.289,0.0569910823820216,W2
QSO_154.0660286+25.6699685,57151.47093789752,18.355,0.0898424901280424,W2
QSO_154.0660286+25.6699685,57344.95459827012,18.346,0.0847467049506942,W2
QSO_154.0660286+25.6699685,57510.43758514366,18.355,0.1257832197924041,W2
QSO_154.0660286+25.6699685,57709.73671234865,18.199,0.0655157156718903,W2
QSO_154.0660286+25.6699685,57871.31815399997,18.248,0.079444211839001,W2
QSO_154.0660286+25.6699685,58076.645618999966,18.229,0.070000751310769,W2
QSO_154.0660286+25.6699685,58234.44661650002,17.753999999999998,0.1076784860107515,W2
QSO_154.0660286+25.6699685,58440.68895400002,18.2805,0.086035114924082,W2
QSO_154.0660286+25.6699685,58598.36468349995,18.244,0.0778599466754012,W2
QSO_154.0660286+25.6699685,58804.73248975002,18.0105,0.1123280785121077,W2
QSO_154.0660286+25.6699685,58962.70007769999,18.291,0.0679982646837405,W2
QSO_154.0660286+25.6699685,59172.34961740001,18.144,0.0954235775032486,W2
QSO_154.0660286+25.6699685,59330.25039249997,18.203,0.0637698838661498,W2
QSO_154.0660286+25.6699685,59536.39616924992,18.218,0.0851246634844056,W2
QSO_154.0660286+25.6699685,59694.09954750001,18.179,0.1087521448064359,W2
QSO_154.0660286+25.6699685,59903.21335825008,18.118,0.0830689171712261,W2
QSO_154.0660286+25.6699685,60058.02575400001,18.2295,0.1011791676103996,W2
QSO_154.0660286+25.6699685,60267.21544825002,18.3505,0.0949704621020398,W2
QSO_154.0660286+25.6699685,60425.298052,18.175,0.1149271290862171,W2
QSO_154.2179964+25.7233031,55328.17944875,17.7585,0.0322963975029209,W1
QSO_154.2179964+25.7233031,55518.66679850004,17.799,0.0256172058986121,W1
QSO_154.2179964+25.7233031,56792.81519550001,17.7295,0.0424848318520858,W1
QSO_154.2179964+25.7233031,56983.4308975,17.708,0.0233420004653633,W1
QSO_154.2179964+25.7233031,57151.6021189059,17.7305,0.0434762799845651,W1
QSO_154.2179964+25.7233031,57345.11844678055,17.7225,0.0627084047263493,W1
QSO_154.2179964+25.7233031,57510.56892425202,17.749499999999998,0.0339496833564025,W1
QSO_154.2179964+25.7233031,57709.86799655692,17.697,0.040578861492161,W1
QSO_154.2179964+25.7233031,57871.514378000014,17.7725,0.0223762048939167,W1
QSO_154.2179964+25.7233031,58076.71102699998,17.721,0.0421738839608139,W1
QSO_154.2179964+25.7233031,58234.51213400004,17.692,0.037473644205143,W1
QSO_154.2179964+25.7233031,58440.85232799999,17.631999999999998,0.0315782825478112,W1
QSO_154.2179964+25.7233031,58598.52805750001,17.769,0.0318804805992756,W1
QSO_154.2179964+25.7233031,58804.86310500002,17.645,0.0720840536261108,W1
QSO_154.2179964+25.7233031,58962.831197200016,17.677500000000002,0.0221893893561766,W1
QSO_154.2179964+25.7233031,59172.415387600005,17.691499999999998,0.0435630330351574,W1
QSO_154.2179964+25.7233031,59330.34839499995,17.721,0.023853090101859,W1
QSO_154.2179964+25.7233031,59536.72257049996,17.838,0.0747258455957501,W1
QSO_154.2179964+25.7233031,59694.1976595,17.692,0.0377499693401886,W1
QSO_154.2179964+25.7233031,59903.40892525002,17.7015,0.0307659064550353,W1
QSO_154.2179964+25.7233031,60058.0903955,17.705,0.0310409675536487,W1
QSO_154.2179964+25.7233031,60267.34453049997,17.738999999999997,0.035529482154667,W1
QSO_154.2179964+25.7233031,60425.42693890001,17.753999999999998,0.0387120265550642,W1
QSO_154.2179964+25.7233031,55328.17944875,18.2225,0.1024391728955212,W2
QSO_154.2179964+25.7233031,55518.66679850004,18.242,0.064057126302481,W2
QSO_154.2179964+25.7233031,56792.81519550001,18.1865,0.0876164849643035,W2
QSO_154.2179964+25.7233031,56983.4308975,18.017,0.043666432477583,W2
QSO_154.2179964+25.7233031,57151.6021189059,17.899,0.0618742377431537,W2
QSO_154.2179964+25.7233031,57345.11844678055,18.048,0.0595518858954327,W2
QSO_154.2179964+25.7233031,57510.56892425202,18.255000000000003,0.0995260769848788,W2
QSO_154.2179964+25.7233031,57709.86799655692,18.171,0.0547235232783854,W2
QSO_154.2179964+25.7233031,57871.514378000014,17.937,0.0995622198041084,W2
QSO_154.2179964+25.7233031,58076.71102699998,18.033,0.1089131492248483,W2
QSO_154.2179964+25.7233031,58234.51213400004,18.117,0.0782594799328669,W2
QSO_154.2179964+25.7233031,58440.85232799999,17.994,0.1274733356555597,W2
QSO_154.2179964+25.7233031,58598.52805750001,18.049,0.0745885268566394,W2
QSO_154.2179964+25.7233031,58804.86310500002,17.806,0.0402784766982467,W2
QSO_154.2179964+25.7233031,58962.831197200016,18.146500000000003,0.081922091037766,W2
QSO_154.2179964+25.7233031,59172.415387600005,18.2615,0.0730043758201443,W2
QSO_154.2179964+25.7233031,59330.34839499995,18.1195,0.0706348649288616,W2
QSO_154.2179964+25.7233031,59536.72257049996,18.221,0.1173635718611189,W2
QSO_154.2179964+25.7233031,59694.1976595,18.189,0.0836614754642293,W2
QSO_154.2179964+25.7233031,59903.40892525002,18.1445,0.0656854702350527,W2
QSO_154.2179964+25.7233031,60058.0903955,18.265500000000003,0.0844926408969488,W2
QSO_154.2179964+25.7233031,60267.34453049997,18.248,0.0774090581521116,W2
QSO_154.2179964+25.7233031,60425.42693890001,17.993000000000002,0.1132153699812884,W2
QSO_154.2204658+25.7514511,55328.27863749996,17.97,0.0463279621101012,W1
QSO_154.2204658+25.7514511,55518.66687150001,17.9025,0.0376315285956395,W1
QSO_154.2204658+25.7514511,56792.81519550001,17.829,0.076093166065521,W1
QSO_154.2204658+25.7514511,56983.36523400003,17.897,0.0655712114544204,W1
QSO_154.2204658+25.7514511,57151.63495065805,17.875999999999998,0.0573288325480496,W1
QSO_154.2204658+25.7514511,57345.11837378049,17.962,0.0429922677513203,W1
QSO_154.2204658+25.7514511,57510.56892425202,17.9465,0.046866363204328,W1
QSO_154.2204658+25.7514511,57709.835202954826,17.798000000000002,0.0508139311340431,W1
QSO_154.2204658+25.7514511,57871.481674000046,17.860999999999997,0.0767472855111718,W1
QSO_154.2204658+25.7514511,58076.74365799998,17.8675,0.0349416842223769,W1
QSO_154.2204658+25.7514511,58234.54478325001,17.979,0.0512068867890798,W1
QSO_154.2204658+25.7514511,58440.85232799999,17.936999999999998,0.0622508075073069,W1
QSO_154.2204658+25.7514511,58598.52805750001,17.84,0.0488600632943101,W1
QSO_154.2204658+25.7514511,58804.79784300004,17.857,0.031244327485161,W1
QSO_154.2204658+25.7514511,58962.831197200016,17.8815,0.0364518312297202,W1
QSO_154.2204658+25.7514511,59172.415387600005,17.929000000000002,0.0523535435144415,W1
QSO_154.2204658+25.7514511,59330.31569099998,17.965,0.049819885957461,W1
QSO_154.2204658+25.7514511,59536.72257049996,17.893,0.060114158066133,W1
QSO_154.2204658+25.7514511,59694.1976595,17.871499999999997,0.0333235054956485,W1
QSO_154.2204658+25.7514511,59903.37634900003,17.991,0.0446812065401249,W1
QSO_154.2204658+25.7514511,60058.0903955,17.9115,0.0399302053124735,W1
QSO_154.2204658+25.7514511,60267.31228274999,17.897499999999997,0.0717819197291353,W1
QSO_154.2204658+25.7514511,60425.33051620004,17.871000000000002,0.0374557489977536,W1
QSO_154.2204658+25.7514511,55328.27863749996,18.317,0.0606622687406972,W2
QSO_154.2204658+25.7514511,55518.66687150001,18.242,0.068858764975048,W2
QSO_154.2204658+25.7514511,56792.81519550001,18.169,0.1375853641266942,W2
QSO_154.2204658+25.7514511,56983.36523400003,18.224,0.0785272782764604,W2
QSO_154.2204658+25.7514511,57151.63495065805,18.286,0.0957118845205094,W2
QSO_154.2204658+25.7514511,57345.11837378049,18.226,0.0824212576432506,W2
QSO_154.2204658+25.7514511,57510.56892425202,18.2925,0.076250639341582,W2
QSO_154.2204658+25.7514511,57709.835202954826,17.966,0.0913553427426844,W2
QSO_154.2204658+25.7514511,57871.481674000046,18.126,0.0646995683410524,W2
QSO_154.2204658+25.7514511,58076.74365799998,18.351,0.061808143124299,W2
QSO_154.2204658+25.7514511,58234.54478325001,17.8635,0.1038251066831996,W2
QSO_154.2204658+25.7514511,58440.85232799999,17.924,0.0971672634424711,W2
QSO_154.2204658+25.7514511,58598.52805750001,18.211,0.0977062402891188,W2
QSO_154.2204658+25.7514511,58804.79784300004,17.752,0.0794835328857497,W2
QSO_154.2204658+25.7514511,58962.831197200016,18.3585,0.0957618922118814,W2
QSO_154.2204658+25.7514511,59172.415387600005,18.1425,0.066435536842533,W2
QSO_154.2204658+25.7514511,59330.31569099998,18.313,0.1226876887495185,W2
QSO_154.2204658+25.7514511,59536.72257049996,18.353,0.0520141519204148,W2
QSO_154.2204658+25.7514511,59694.1976595,18.352,0.0660551598553702,W2
QSO_154.2204658+25.7514511,59903.37634900003,18.143,0.0722527494608901,W2
QSO_154.2204658+25.7514511,60058.0903955,18.378,0.0875218491239421,W2
QSO_154.2204658+25.7514511,60267.31228274999,18.1465,0.0798481058009519,W2
QSO_154.2204658+25.7514511,60425.33051620004,18.376,0.1041290882380146,W2
QSO_154.1398865+25.6827691,55328.146434499984,17.683999999999997,0.0190014700686591,W1
QSO_154.1398865+25.6827691,55518.66694449999,17.874,0.0386909531706081,W1
QSO_154.1398865+25.6827691,56792.78223600001,17.711,0.0524950320988731,W1
QSO_154.1398865+25.6827691,56983.36530700001,17.761000000000003,0.042408561766595,W1
QSO_154.1398865+25.6827691,57151.53652840167,17.7935,0.0302479090186412,W1
QSO_154.1398865+25.6827691,57344.92183951795,17.744,0.0393996836211209,W1
QSO_154.1398865+25.6827691,57510.63456635619,17.683,0.0373961112390376,W1
QSO_154.1398865+25.6827691,57709.835202954826,17.756999999999998,0.0312664802524668,W1
QSO_154.1398865+25.6827691,57871.38356199998,17.839,0.0330714817946411,W1
QSO_154.1398865+25.6827691,58076.64554599999,17.697000000000003,0.0696259958411727,W1
QSO_154.1398865+25.6827691,58234.51202450004,17.786,0.025957950661578,W1
QSO_154.1398865+25.6827691,58440.754288999975,17.762999999999998,0.0613721842531288,W1
QSO_154.1398865+25.6827691,58598.43009150006,17.829,0.0594357131697771,W1
QSO_154.1398865+25.6827691,58804.79784300004,17.688000000000002,0.0655573031782121,W1
QSO_154.1398865+25.6827691,58962.79840359997,17.795,0.0449965705140369,W1
QSO_154.1398865+25.6827691,59172.284103399965,17.7535,0.0598190605075003,W1
QSO_154.1398865+25.6827691,59330.25039249997,17.683,0.0435796418661876,W1
QSO_154.1398865+25.6827691,59536.526784499925,17.886499999999998,0.0576113053141482,W1
QSO_154.1398865+25.6827691,59694.09954750001,17.871,0.0542852528029021,W1
QSO_154.1398865+25.6827691,59903.31068549998,17.683,0.0325545232213183,W1
QSO_154.1398865+25.6827691,60058.0903955,17.735,0.0554666108742455,W1
QSO_154.1398865+25.6827691,60267.21544825002,17.797,0.046763244113299,W1
QSO_154.1398865+25.6827691,60425.298052,17.695999999999998,0.0356548120875709,W1
QSO_154.1398865+25.6827691,55328.146434499984,17.981,0.0519840908232775,W2
QSO_154.1398865+25.6827691,55518.66694449999,18.1445,0.0644354587424569,W2
QSO_154.1398865+25.6827691,56792.78223600001,18.052,0.0835796524223434,W2
QSO_154.1398865+25.6827691,56983.36530700001,17.958,0.0472824942157161,W2
QSO_154.1398865+25.6827691,57151.53652840167,18.047,0.0505952665770229,W2
QSO_154.1398865+25.6827691,57344.92183951795,18.299,0.0690849919382721,W2
QSO_154.1398865+25.6827691,57510.63456635619,18.327,0.0754450899079649,W2
QSO_154.1398865+25.6827691,57709.835202954826,18.07,0.0670880870198651,W2
QSO_154.1398865+25.6827691,57871.38356199998,18.265,0.0998407373746118,W2
QSO_154.1398865+25.6827691,58076.64554599999,17.9655,0.0805419024289531,W2
QSO_154.1398865+25.6827691,58234.51202450004,17.834,0.0822224853433663,W2
QSO_154.1398865+25.6827691,58440.754288999975,18.2055,0.08018802903177,W2
QSO_154.1398865+25.6827691,58598.43009150006,18.135,0.0655550531995816,W2
QSO_154.1398865+25.6827691,58804.79784300004,17.749,0.1219099339676633,W2
QSO_154.1398865+25.6827691,58962.79840359997,18.144,0.0910415422445496,W2
QSO_154.1398865+25.6827691,59172.284103399965,18.036,0.0805840927230679,W2
QSO_154.1398865+25.6827691,59330.25039249997,18.384,0.0953487138302397,W2
QSO_154.1398865+25.6827691,59536.526784499925,18.022,0.0771763402863859,W2
QSO_154.1398865+25.6827691,59694.09954750001,18.1035,0.0909508366509071,W2
QSO_154.1398865+25.6827691,59903.31068549998,18.003999999999998,0.0695580601450225,W2
QSO_154.1398865+25.6827691,60058.0903955,18.267,0.0733874563532489,W2
QSO_154.1398865+25.6827691,60267.21544825002,17.9595,0.1199017305963513,W2
QSO_154.1398865+25.6827691,60425.298052,18.156,0.089173117627497,W2
QSO_154.2298387+25.804083,55328.17944875,17.819,0.0343948359148483,W1
QSO_154.2298387+25.804083,55518.699885750015,17.997999999999998,0.0514328659426447,W1
QSO_154.2298387+25.804083,56792.84808199995,17.895,0.0482895019647127,W1
QSO_154.2298387+25.804083,56983.4308975,17.897,0.0409623895222419,W1
QSO_154.2298387+25.804083,57151.50376964959,17.842,0.0373943542967738,W1
QSO_154.2298387+25.804083,57345.08561502841,17.974,0.0580500129198952,W1
QSO_154.2298387+25.804083,57510.63456635619,17.975,0.0524905635258306,W1
QSO_154.2298387+25.804083,57709.83514805482,17.916,0.0530449229276138,W1
QSO_154.2298387+25.804083,57871.38356199998,17.963,0.0503617048955036,W1
QSO_154.2298387+25.804083,58076.80899300002,18.0855,0.032085526331977,W1
QSO_154.2298387+25.804083,58234.57743249997,17.988,0.0453785373525093,W1
QSO_154.2298387+25.804083,58440.78691999997,18.025,0.0434541823699343,W1
QSO_154.2298387+25.804083,58598.462795500025,18.02,0.0351878932120156,W1
QSO_154.2298387+25.804083,58804.73243500002,18.003999999999998,0.0818551396607991,W1
QSO_154.2298387+25.804083,58962.86399079998,17.887,0.0801978691533338,W1
QSO_154.2298387+25.804083,59172.31664079998,17.999000000000002,0.0404579385083785,W1
QSO_154.2298387+25.804083,59330.34844975003,17.956,0.0513377930963146,W1
QSO_154.2298387+25.804083,59536.59200999997,17.974,0.068130733703667,W1
QSO_154.2298387+25.804083,59694.09960225001,17.8945,0.04250892847391,W1
QSO_154.2298387+25.804083,59903.40887050002,17.9975,0.052603353954118,W1
QSO_154.2298387+25.804083,60058.12258849998,17.891000000000002,0.0314329878833167,W1
QSO_154.2298387+25.804083,60267.28003500001,17.985,0.076806635515815,W1
QSO_154.2298387+25.804083,60425.2981069,17.968,0.035859454303753,W1
QSO_154.2298387+25.804083,55328.17944875,18.283,0.0939296694278959,W2
QSO_154.2298387+25.804083,55518.699885750015,18.239,0.0541167505046746,W2
QSO_154.2298387+25.804083,56792.84808199995,18.248,0.0851180121948346,W2
QSO_154.2298387+25.804083,56983.4308975,18.168,0.0802496199531786,W2
QSO_154.2298387+25.804083,57151.50376964959,18.339,0.0806492035752592,W2
QSO_154.2298387+25.804083,57345.08561502841,18.0695,0.0843182601812916,W2
QSO_154.2298387+25.804083,57510.63456635619,18.254,0.1064998695878178,W2
QSO_154.2298387+25.804083,57709.83514805482,18.106,0.0576029437213448,W2
QSO_154.2298387+25.804083,57871.38356199998,18.428,0.0704226592304678,W2
QSO_154.2298387+25.804083,58076.80899300002,18.19,0.0755911370466142,W2
QSO_154.2298387+25.804083,58234.57743249997,17.892,0.072888433335857,W2
QSO_154.2298387+25.804083,58440.78691999997,18.129,0.0706911994518406,W2
QSO_154.2298387+25.804083,58598.462795500025,18.247,0.0715209352379448,W2
QSO_154.2298387+25.804083,58804.73243500002,18.006500000000003,0.085155658127403,W2
QSO_154.2298387+25.804083,58962.86399079998,17.976,0.0825574414486419,W2
QSO_154.2298387+25.804083,59172.31664079998,18.137,0.064032443699689,W2
QSO_154.2298387+25.804083,59330.34844975003,18.162,0.046298552893152,W2
QSO_154.2298387+25.804083,59536.59200999997,17.9955,0.1392286787985868,W2
QSO_154.2298387+25.804083,59694.09960225001,18.2335,0.0777365036517594,W2
QSO_154.2298387+25.804083,59903.40887050002,18.238,0.0905081430498566,W2
QSO_154.2298387+25.804083,60058.12258849998,18.103,0.0886725122303648,W2
QSO_154.2298387+25.804083,60267.28003500001,18.517,0.0764983839272714,W2
QSO_154.2298387+25.804083,60425.2981069,17.9825,0.0776002450537844,W2
QSO_154.3312913+25.7923493,55328.21260900003,18.212,0.0577299602419896,W1
QSO_154.3312913+25.7923493,55518.76600549997,18.222,0.0329833361405871,W1
QSO_154.3312913+25.7923493,56792.88098675004,18.02,0.0533918439464306,W1
QSO_154.3312913+25.7923493,56983.496670499975,18.111,0.0446694008455545,W1
QSO_154.3312913+25.7923493,57151.63495065805,18.133,0.0614588853668323,W1
QSO_154.3312913+25.7923493,57345.183927784696,17.939999999999998,0.0437825718613914,W1
QSO_154.3312913+25.7923493,57510.70029996032,18.000999999999998,0.0401889911152135,W1
QSO_154.3312913+25.7923493,57709.933583761085,17.9845,0.0536599967818637,W1
QSO_154.3312913+25.7923493,57871.44897,18.193,0.0656652256773759,W1
QSO_154.3312913+25.7923493,58076.84169699999,18.107,0.0612681707880584,W1
QSO_154.3312913+25.7923493,58234.577487249975,18.1385,0.0648151216923954,W1
QSO_154.3312913+25.7923493,58440.917736,18.165,0.1141578936883388,W1
QSO_154.3312913+25.7923493,58598.56083450003,18.177,0.0313756235327063,W1
QSO_154.3312913+25.7923493,58804.83047400002,18.178,0.0872676014295071,W1
QSO_154.3312913+25.7923493,58962.86399079998,18.113,0.046639792379428,W1
QSO_154.3312913+25.7923493,59172.415387600005,18.0535,0.0511475885080144,W1
QSO_154.3312913+25.7923493,59330.34844975003,18.1415,0.0817067184950063,W1
QSO_154.3312913+25.7923493,59536.59200999997,18.108,0.0504764338119322,W1
QSO_154.3312913+25.7923493,59694.23030875004,17.936500000000002,0.0581734991211633,W1
QSO_154.3312913+25.7923493,59903.44139200001,18.189,0.0655236779083839,W1
QSO_154.3312913+25.7923493,60058.18754025001,18.082,0.031309489671959,W1
QSO_154.3312913+25.7923493,60267.37685125,18.026000000000003,0.0724576082961619,W1
QSO_154.3312913+25.7923493,60425.39482240004,18.106,0.0564827685285197,W1
QSO_154.3312913+25.7923493,55328.21260900003,18.34,0.0810956434151466,W2
QSO_154.3312913+25.7923493,55518.76600549997,18.2805,0.0844637907297822,W2
QSO_154.3312913+25.7923493,56792.88098675004,18.05,0.1232219785590217,W2
QSO_154.3312913+25.7923493,56983.496670499975,18.072,0.1048455269571149,W2
QSO_154.3312913+25.7923493,57151.63495065805,18.154,0.0552897836884495,W2
QSO_154.3312913+25.7923493,57345.183927784696,18.445,0.055657358432722,W2
QSO_154.3312913+25.7923493,57510.70029996032,18.299,0.0790463391381192,W2
QSO_154.3312913+25.7923493,57709.933583761085,18.063,0.0487825864498875,W2
QSO_154.3312913+25.7923493,57871.44897,18.253,0.1040571564606139,W2
QSO_154.3312913+25.7923493,58076.84169699999,18.12,0.0861503295797183,W2
QSO_154.3312913+25.7923493,58234.577487249975,18.003,0.0574802922748309,W2
QSO_154.3312913+25.7923493,58440.917736,18.185,0.0612571543370731,W2
QSO_154.3312913+25.7923493,58598.56083450003,17.997999999999998,0.1023334011943315,W2
QSO_154.3312913+25.7923493,58804.83047400002,17.796999999999997,0.12485250557417,W2
QSO_154.3312913+25.7923493,58962.86399079998,17.991,0.0950085260775833,W2
QSO_154.3312913+25.7923493,59172.415387600005,18.003,0.0744883900660341,W2
QSO_154.3312913+25.7923493,59330.34844975003,18.2465,0.0875742145585992,W2
QSO_154.3312913+25.7923493,59536.59200999997,18.3125,0.1533198212645467,W2
QSO_154.3312913+25.7923493,59694.23030875004,18.1915,0.0793001954600365,W2
QSO_154.3312913+25.7923493,59903.44139200001,18.006,0.0900332687487953,W2
QSO_154.3312913+25.7923493,60058.18754025001,18.1545,0.0753104531380064,W2
QSO_154.3312913+25.7923493,60267.37685125,18.0535,0.0901264056755842,W2
QSO_154.3312913+25.7923493,60425.39482240004,18.012,0.0805091388497293,W2
QSO_154.2887021+25.7001783,55328.24555024998,17.8995,0.0291144373629813,W1
QSO_154.2887021+25.7001783,55518.66694449999,18.04,0.0682728934762107,W1
QSO_154.2887021+25.7001783,56792.91381849998,17.762,0.060746612182346,W1
QSO_154.2887021+25.7001783,56983.430970499976,17.8705,0.0538000092936796,W1
QSO_154.2887021+25.7001783,57151.66772766011,17.814,0.0487124624711173,W1
QSO_154.2887021+25.7001783,57345.11851978053,17.778,0.031691532132752,W1
QSO_154.2887021+25.7001783,57510.667433158254,17.7575,0.0471202292014798,W1
QSO_154.2887021+25.7001783,57709.900790159,17.862000000000002,0.0468481409400809,W1
QSO_154.2887021+25.7001783,57871.51445099999,17.8155,0.0212043081751134,W1
QSO_154.2887021+25.7001783,58076.776435,17.852,0.0420942505091359,W1
QSO_154.2887021+25.7001783,58234.61013650002,17.811999999999998,0.048981448443943,W1
QSO_154.2887021+25.7001783,58440.88503200004,17.942500000000003,0.040923941647891,W1
QSO_154.2887021+25.7001783,58598.560761499975,17.857999999999997,0.0484677164051258,W1
QSO_154.2887021+25.7001783,58804.86317799999,17.7365,0.107163167387141,W1
QSO_154.2887021+25.7001783,58962.89645499994,17.886499999999998,0.0465687019359569,W1
QSO_154.2887021+25.7001783,59172.48091990002,17.892,0.0494617323085531,W1
QSO_154.2887021+25.7001783,59330.381099,17.794,0.0384104332495643,W1
QSO_154.2887021+25.7001783,59536.72262524996,17.887,0.0539045796171693,W1
QSO_154.2887021+25.7001783,59694.26288500003,17.839,0.0307662572527704,W1
QSO_154.2887021+25.7001783,59903.44150150001,17.72,0.0411651490537698,W1
QSO_154.2887021+25.7001783,60058.15503699999,17.89,0.0420990069822185,W1
QSO_154.2887021+25.7001783,60267.40917200004,17.976,0.038439879586174,W1
QSO_154.2887021+25.7001783,60425.39471260004,17.939,0.0338735634039091,W1
QSO_154.2887021+25.7001783,55328.24555024998,18.212,0.0715848814668965,W2
QSO_154.2887021+25.7001783,55518.66694449999,18.206,0.0590611418764074,W2
QSO_154.2887021+25.7001783,56792.91381849998,18.267,0.0648544640631337,W2
QSO_154.2887021+25.7001783,56983.430970499976,18.2485,0.0668164949694311,W2
QSO_154.2887021+25.7001783,57151.66772766011,18.213,0.0792602611653531,W2
QSO_154.2887021+25.7001783,57345.11851978053,18.115,0.0468692678182305,W2
QSO_154.2887021+25.7001783,57510.667433158254,18.091,0.0233243368899959,W2
QSO_154.2887021+25.7001783,57709.900790159,18.117,0.0791987865034646,W2
QSO_154.2887021+25.7001783,57871.51445099999,18.154,0.0505630965834877,W2
QSO_154.2887021+25.7001783,58076.776435,18.126,0.0785036673586128,W2
QSO_154.2887021+25.7001783,58234.61013650002,17.996000000000002,0.0579309334945981,W2
QSO_154.2887021+25.7001783,58440.88503200004,18.005499999999998,0.0442230256766768,W2
QSO_154.2887021+25.7001783,58598.560761499975,18.2095,0.0598730587431885,W2
QSO_154.2887021+25.7001783,58804.86317799999,17.957499999999996,0.0786751407865141,W2
QSO_154.2887021+25.7001783,58962.89645499994,18.168,0.0910010988944638,W2
QSO_154.2887021+25.7001783,59172.48091990002,18.1325,0.0821260428932035,W2
QSO_154.2887021+25.7001783,59330.381099,18.022,0.0865935087785713,W2
QSO_154.2887021+25.7001783,59536.72262524996,18.0145,0.1405014168901801,W2
QSO_154.2887021+25.7001783,59694.26288500003,18.109,0.0523516261720536,W2
QSO_154.2887021+25.7001783,59903.44150150001,18.019,0.075739926318738,W2
QSO_154.2887021+25.7001783,60058.15503699999,18.2545,0.0561558007540925,W2
QSO_154.2887021+25.7001783,60267.40917200004,18.023,0.0703605184352014,W2
QSO_154.2887021+25.7001783,60425.39471260004,18.251,0.069030908093327,W2
QSO_154.1572214+25.6921282,55328.146434499984,18.326,0.051513680500793,W1
QSO_154.1572214+25.6921282,55518.63385725,18.506,0.0437638788859954,W1
QSO_154.1572214+25.6921282,56792.78223600001,18.317,0.0515750548480453,W1
QSO_154.1572214+25.6921282,56983.39813875003,18.312,0.0884033709764509,W1
QSO_154.1572214+25.6921282,57151.56928715376,18.255,0.0618613432504638,W1
QSO_154.1572214+25.6921282,57344.95467127018,18.376,0.0434108153446683,W1
QSO_154.1572214+25.6921282,57510.56892425202,18.429,0.0728673863947381,W1
QSO_154.1572214+25.6921282,57709.80235445274,18.302,0.035578519060221,W1
QSO_154.1572214+25.6921282,57871.35085800001,18.222,0.097862372748672,W1
QSO_154.1572214+25.6921282,58076.71102699998,18.41,0.043782589021522,W1
QSO_154.1572214+25.6921282,58234.44672600002,18.273,0.049281030186845,W1
QSO_154.1572214+25.6921282,58440.78691999997,18.201,0.1211152018876235,W1
QSO_154.1572214+25.6921282,58598.43009150006,18.319,0.0625970496509222,W1
QSO_154.1572214+25.6921282,58804.73248975002,18.2495,0.0673465849171289,W1
QSO_154.1572214+25.6921282,58962.79845850005,18.2235,0.0421740950925448,W1
QSO_154.1572214+25.6921282,59172.415387600005,18.2435,0.097439935344806,W1
QSO_154.1572214+25.6921282,59330.41372999999,18.2645,0.0409324443443097,W1
QSO_154.1572214+25.6921282,59536.46144949996,18.332,0.0735122302749684,W1
QSO_154.1572214+25.6921282,59694.16501025003,18.3435,0.0737898785779971,W1
QSO_154.1572214+25.6921282,59903.40892525002,18.256,0.0794366477137598,W1
QSO_154.1572214+25.6921282,60058.0903955,18.288,0.0629269417658289,W1
QSO_154.1572214+25.6921282,60267.31228274999,18.258,0.0502615260412972,W1
QSO_154.1572214+25.6921282,60425.39471260004,18.348,0.0339801285457837,W1
QSO_154.1572214+25.6921282,55328.146434499984,18.409,0.060713658962981,W2
QSO_154.1572214+25.6921282,55518.63385725,18.267000000000003,0.0533596282564078,W2
QSO_154.1572214+25.6921282,56792.78223600001,18.151,0.112664268121643,W2
QSO_154.1572214+25.6921282,56983.39813875003,18.0925,0.080213365469852,W2
QSO_154.1572214+25.6921282,57151.56928715376,17.994,0.0983954118059977,W2
QSO_154.1572214+25.6921282,57344.95467127018,18.134,0.0854783172775961,W2
QSO_154.1572214+25.6921282,57510.56892425202,18.4265,0.0505168189814046,W2
QSO_154.1572214+25.6921282,57709.80235445274,18.2725,0.0568603104758266,W2
QSO_154.1572214+25.6921282,57871.35085800001,18.140500000000003,0.1063612711469735,W2
QSO_154.1572214+25.6921282,58076.71102699998,18.231,0.1300398078102502,W2
QSO_154.1572214+25.6921282,58234.44672600002,17.951,0.0656844153622748,W2
QSO_154.1572214+25.6921282,58440.78691999997,18.051,0.0746315341475227,W2
QSO_154.1572214+25.6921282,58598.43009150006,18.1585,0.0707064017938237,W2
QSO_154.1572214+25.6921282,58804.73248975002,18.0145,0.1327122710038525,W2
QSO_154.1572214+25.6921282,58962.79845850005,18.128,0.100971027713399,W2
QSO_154.1572214+25.6921282,59172.415387600005,18.094,0.1163517253847143,W2
QSO_154.1572214+25.6921282,59330.41372999999,17.9865,0.08112780657703,W2
QSO_154.1572214+25.6921282,59536.46144949996,18.122,0.0741094325980165,W2
QSO_154.1572214+25.6921282,59694.16501025003,17.9805,0.0899723594386796,W2
QSO_154.1572214+25.6921282,59903.40892525002,17.956,0.0751351116323122,W2
QSO_154.1572214+25.6921282,60058.0903955,17.8885,0.1171664841155525,W2
QSO_154.1572214+25.6921282,60267.31228274999,18.063,0.0388018556257302,W2
QSO_154.1572214+25.6921282,60425.39471260004,18.029,0.074160738781103,W2
QSO_154.050017+25.6874804,55328.04722749996,17.9795,0.0514854348335528,W1
QSO_154.050017+25.6874804,55518.534741500014,18.063,0.0502896493869469,W1
QSO_154.050017+25.6874804,56792.749404249975,18.043,0.0563518943780952,W1
QSO_154.050017+25.6874804,56983.266738749946,17.991,0.0317129153500589,W1
QSO_154.050017+25.6874804,57151.47093789752,17.9445,0.0497814436274164,W1
QSO_154.050017+25.6874804,57344.92189426803,17.994999999999997,0.0607601732027927,W1
QSO_154.050017+25.6874804,57510.50322724784,18.0565,0.0417849374775169,W1
QSO_154.050017+25.6874804,57709.73671234865,17.925,0.0472872604408417,W1
QSO_154.050017+25.6874804,57871.28545,18.114,0.042925214898403,W1
QSO_154.050017+25.6874804,58076.64554599999,18.089,0.0503159634763715,W1
QSO_154.050017+25.6874804,58234.44661650002,18.049,0.0402790335807523,W1
QSO_154.050017+25.6874804,58440.72165799999,18.193,0.0380566324079414,W1
QSO_154.050017+25.6874804,58598.39738750001,18.08,0.0468764731220503,W1
QSO_154.050017+25.6874804,58804.66708175,18.131,0.0665362771116254,W1
QSO_154.050017+25.6874804,58962.73292620004,17.990000000000002,0.1026486790699273,W1
QSO_154.050017+25.6874804,59172.38259400004,17.951,0.04840638356621,W1
QSO_154.050017+25.6874804,59330.18513049998,18.102,0.0479994521631645,W1
QSO_154.050017+25.6874804,59536.33088899997,18.019,0.0564832336639043,W1
QSO_154.050017+25.6874804,59694.03434025003,18.056,0.067072058265719,W1
QSO_154.050017+25.6874804,59903.24567900003,17.965,0.0730012875476456,W1
QSO_154.050017+25.6874804,60057.9933055,17.977,0.0709376399405179,W1
QSO_154.050017+25.6874804,60267.21544825002,17.988500000000002,0.0394796276578185,W1
QSO_154.050017+25.6874804,60425.33040640003,18.018,0.0648576780898962,W1
QSO_154.050017+25.6874804,55328.04722749996,18.049,0.0894548691302555,W2
QSO_154.050017+25.6874804,55518.534741500014,18.309,0.0625835459637311,W2
QSO_154.050017+25.6874804,56792.749404249975,18.187,0.0473307088474279,W2
QSO_154.050017+25.6874804,56983.266738749946,18.034,0.0785138459126795,W2
QSO_154.050017+25.6874804,57151.47093789752,18.2075,0.0684377716466788,W2
QSO_154.050017+25.6874804,57344.92189426803,18.097,0.0901168954524095,W2
QSO_154.050017+25.6874804,57510.50322724784,18.0945,0.0788903289383434,W2
QSO_154.050017+25.6874804,57709.73671234865,18.0925,0.0772491035546691,W2
QSO_154.050017+25.6874804,57871.28545,18.009999999999998,0.0677941592794498,W2
QSO_154.050017+25.6874804,58076.64554599999,18.0205,0.102797828374526,W2
QSO_154.050017+25.6874804,58234.44661650002,17.730999999999998,0.062487628270288,W2
QSO_154.050017+25.6874804,58440.72165799999,18.149,0.0883069531227392,W2
QSO_154.050017+25.6874804,58598.39738750001,18.206,0.0616866927752163,W2
QSO_154.050017+25.6874804,58804.66708175,17.942,0.0686036937553292,W2
QSO_154.050017+25.6874804,58962.73292620004,18.094,0.0603620058527172,W2
QSO_154.050017+25.6874804,59172.38259400004,18.13,0.0728069632086826,W2
QSO_154.050017+25.6874804,59330.18513049998,18.115,0.075535046174614,W2
QSO_154.050017+25.6874804,59536.33088899997,18.056,0.117486405143685,W2
QSO_154.050017+25.6874804,59694.03434025003,18.115,0.1025604650925492,W2
QSO_154.050017+25.6874804,59903.24567900003,18.029,0.0680652448780544,W2
QSO_154.050017+25.6874804,60057.9933055,18.037,0.081698700638079,W2
QSO_154.050017+25.6874804,60267.21544825002,17.98,0.0989390165708152,W2
QSO_154.050017+25.6874804,60425.33040640003,18.11,0.0823136330435212,W2
QSO_153.9594967+25.6120962,55328.01419499998,17.786,0.0441734679045777,W1
QSO_153.9594967+25.6120962,55518.56775575002,17.939999999999998,0.0312187033365664,W1
QSO_153.9594967+25.6120962,56792.78223600001,17.833,0.0381320021343866,W1
QSO_153.9594967+25.6120962,56983.20107525007,17.8445,0.0394588979778911,W1
QSO_153.9594967+25.6120962,57151.4053291434,17.819,0.0381449097982749,W1
QSO_153.9594967+25.6120962,57344.856376763775,17.962,0.0485308353782136,W1
QSO_153.9594967+25.6120962,57510.27347073328,17.917,0.0385534366412625,W1
QSO_153.9594967+25.6120962,57709.70391874664,17.833,0.0373057707063223,W1
QSO_153.9594967+25.6120962,57871.252691250025,17.825499999999998,0.0355320343206374,W1
QSO_153.9594967+25.6120962,58076.612915,17.8795,0.0621581018824548,W1
QSO_153.9594967+25.6120962,58234.3812085,17.88,0.0366966429652058,W1
QSO_153.9594967+25.6120962,58440.72165799999,17.9,0.0371797671644296,W1
QSO_153.9594967+25.6120962,58598.331979499984,17.842,0.0289037886919916,W1
QSO_153.9594967+25.6120962,58804.43833624996,17.961,0.0731800481309243,W1
QSO_153.9594967+25.6120962,58962.53631100002,17.878,0.0336257521791979,W1
QSO_153.9594967+25.6120962,59172.25156600004,17.854,0.0655346691983792,W1
QSO_153.9594967+25.6120962,59330.18513049998,17.935000000000002,0.0442930613272897,W1
QSO_153.9594967+25.6120962,59536.39616924992,17.9195,0.0737565125812505,W1
QSO_153.9594967+25.6120962,59694.06666099998,17.817999999999998,0.0501826069203626,W1
QSO_153.9594967+25.6120962,59903.18103750004,17.768,0.0506135904396248,W1
QSO_153.9594967+25.6120962,60057.895704500006,17.8815,0.0507136569377518,W1
QSO_153.9594967+25.6120962,60267.08581849997,17.861,0.0496349085086412,W1
QSO_153.9594967+25.6120962,60425.2337458,17.903,0.0547832165009063,W1
QSO_153.9594967+25.6120962,55328.01419499998,18.191,0.0629959272651095,W2
QSO_153.9594967+25.6120962,55518.56775575002,18.37,0.0743424259511102,W2
QSO_153.9594967+25.6120962,56792.78223600001,18.061,0.0942067757863366,W2
QSO_153.9594967+25.6120962,56983.20107525007,18.1685,0.0569268689001756,W2
QSO_153.9594967+25.6120962,57151.4053291434,18.163,0.0588919040763732,W2
QSO_153.9594967+25.6120962,57344.856376763775,18.463,0.1231471186345355,W2
QSO_153.9594967+25.6120962,57510.27347073328,18.144,0.080532382921866,W2
QSO_153.9594967+25.6120962,57709.70391874664,18.293,0.0476318475330139,W2
QSO_153.9594967+25.6120962,57871.252691250025,18.0745,0.0891908845616461,W2
QSO_153.9594967+25.6120962,58076.612915,18.1205,0.0988584027601918,W2
QSO_153.9594967+25.6120962,58234.3812085,17.98,0.1122253852568128,W2
QSO_153.9594967+25.6120962,58440.72165799999,18.423,0.0698758639562784,W2
QSO_153.9594967+25.6120962,58598.331979499984,18.128,0.0701046872009511,W2
QSO_153.9594967+25.6120962,58804.43833624996,17.9175,0.1211644887470476,W2
QSO_153.9594967+25.6120962,58962.53631100002,18.085,0.10930381428239,W2
QSO_153.9594967+25.6120962,59172.25156600004,17.964,0.1077507411678556,W2
QSO_153.9594967+25.6120962,59330.18513049998,18.034,0.0504554910193581,W2
QSO_153.9594967+25.6120962,59536.39616924992,18.1455,0.0875964283476172,W2
QSO_153.9594967+25.6120962,59694.06666099998,18.278,0.0585917189641923,W2
QSO_153.9594967+25.6120962,59903.18103750004,18.294,0.0713432460210316,W2
QSO_153.9594967+25.6120962,60057.895704500006,18.153,0.0960144544480829,W2
QSO_153.9594967+25.6120962,60267.08581849997,18.137,0.1601490046915798,W2
QSO_153.9594967+25.6120962,60425.2337458,18.305,0.0600096635736464,W2
QSO_154.223912+25.6119382,55328.212463,17.857,0.0336853117158568,W1
QSO_154.223912+25.6119382,55518.76600549997,18.0525,0.053708979825434,W1
QSO_154.223912+25.6119382,56792.88091374999,17.8945,0.0591582722184734,W1
QSO_154.223912+25.6119382,56983.43104350004,17.826999999999998,0.0318799636314409,W1
QSO_154.223912+25.6119382,57151.66767291002,17.8615,0.0605867064627216,W1
QSO_154.223912+25.6119382,57344.98744827224,18.005,0.0584789713269951,W1
QSO_154.223912+25.6119382,57510.6017178541,17.9375,0.0505279533928902,W1
QSO_154.223912+25.6119382,57709.900790159,17.805,0.0337475490943011,W1
QSO_154.223912+25.6119382,57871.481674000046,17.862000000000002,0.0529236161228473,W1
QSO_154.223912+25.6119382,58076.80913899997,17.868,0.0374936794673448,W1
QSO_154.223912+25.6119382,58234.57743249997,17.939999999999998,0.0589522084832184,W1
QSO_154.223912+25.6119382,58440.81969699999,17.929000000000002,0.0613997149830517,W1
QSO_154.223912+25.6119382,58598.560761499975,17.721999999999998,0.0757823553276666,W1
QSO_154.223912+25.6119382,58804.863250999966,18.003999999999998,0.0356913434883025,W1
QSO_154.223912+25.6119382,58962.89645499994,17.8885,0.0397968466087451,W1
QSO_154.223912+25.6119382,59172.44818119997,17.849,0.0640103541920132,W1
QSO_154.223912+25.6119382,59330.38095299996,17.862000000000002,0.0297610113570742,W1
QSO_154.223912+25.6119382,59536.55943374997,17.9705,0.0406191092595227,W1
QSO_154.223912+25.6119382,59694.29551600003,17.929000000000002,0.0336372412661918,W1
QSO_154.223912+25.6119382,59903.34359024998,17.881500000000003,0.0554571997129319,W1
QSO_154.223912+25.6119382,60058.15503699999,17.8585,0.0488008756372563,W1
QSO_154.223912+25.6119382,60267.31235574997,17.826999999999998,0.0558473007405014,W1
QSO_154.223912+25.6119382,60425.42686570004,17.945999999999998,0.0326108228201041,W1
QSO_154.223912+25.6119382,55328.212463,18.283,0.0634580382187751,W2
QSO_154.223912+25.6119382,55518.76600549997,18.445,0.0829161327453498,W2
QSO_154.223912+25.6119382,56792.88091374999,18.2355,0.0551907027666343,W2
QSO_154.223912+25.6119382,56983.43104350004,18.128,0.0948844684820887,W2
QSO_154.223912+25.6119382,57151.66767291002,18.2845,0.0962988265764439,W2
QSO_154.223912+25.6119382,57344.98744827224,18.079,0.109470514983687,W2
QSO_154.223912+25.6119382,57510.6017178541,18.1555,0.0970227875104414,W2
QSO_154.223912+25.6119382,57709.900790159,18.059,0.0743217364631241,W2
QSO_154.223912+25.6119382,57871.481674000046,18.0485,0.0737529503490212,W2
QSO_154.223912+25.6119382,58076.80913899997,18.4115,0.0748021122696412,W2
QSO_154.223912+25.6119382,58234.57743249997,17.979,0.0662846127491349,W2
QSO_154.223912+25.6119382,58440.81969699999,18.049,0.0963457368024138,W2
QSO_154.223912+25.6119382,58598.560761499975,18.26,0.0861684164369617,W2
QSO_154.223912+25.6119382,58804.863250999966,17.837,0.0996158220364619,W2
QSO_154.223912+25.6119382,58962.89645499994,18.3115,0.0656978005720131,W2
QSO_154.223912+25.6119382,59172.44818119997,18.1135,0.0563413740278885,W2
QSO_154.223912+25.6119382,59330.38095299996,18.182,0.1012308546608514,W2
QSO_154.223912+25.6119382,59536.55943374997,18.0365,0.1204732373845991,W2
QSO_154.223912+25.6119382,59694.29551600003,18.2125,0.0806669015148097,W2
QSO_154.223912+25.6119382,59903.34359024998,18.3255,0.0916771727312747,W2
QSO_154.223912+25.6119382,60058.15503699999,18.028,0.060182876202147,W2
QSO_154.223912+25.6119382,60267.31235574997,18.1905,0.0875015657002779,W2
QSO_154.223912+25.6119382,60425.42686570004,18.2795,0.0862138334195058,W2
QSO_154.0365325+25.7724054,55328.01419499998,17.75,0.0234949680499128,W1
QSO_154.0365325+25.7724054,55518.534741500014,17.759999999999998,0.035085667964216,W1
QSO_154.0365325+25.7724054,56792.683686,17.6425,0.0273818187854642,W1
QSO_154.0365325+25.7724054,56983.233907,17.581,0.0472348226929133,W1
QSO_154.0365325+25.7724054,57151.33979338925,17.66,0.0306273430698537,W1
QSO_154.0365325+25.7724054,57345.05285627632,17.716,0.0242948022316931,W1
QSO_154.0365325+25.7724054,57510.43758514366,17.661,0.0527452401326695,W1
QSO_154.0365325+25.7724054,57709.67112514456,17.695,0.0419212983414115,W1
QSO_154.0365325+25.7724054,57871.25274600003,17.6565,0.0287096594451159,W1
QSO_154.0365325+25.7724054,58076.64547300002,17.719,0.0400931672308705,W1
QSO_154.0365325+25.7724054,58234.41396724997,17.659999999999997,0.0361728771431901,W1
QSO_154.0365325+25.7724054,58440.72151200003,17.665,0.0565165215234353,W1
QSO_154.0365325+25.7724054,58598.2993485,17.648,0.0438565303532967,W1
QSO_154.0365325+25.7724054,58804.63437775004,17.613,0.0702792050799287,W1
QSO_154.0365325+25.7724054,58962.56903140001,17.6795,0.0474973788750493,W1
QSO_154.0365325+25.7724054,59172.25156600004,17.722,0.0473075046900593,W1
QSO_154.0365325+25.7724054,59330.15248125002,17.7735,0.0469437951960364,W1
QSO_154.0365325+25.7724054,59536.46144949996,17.686999999999998,0.0944554440135139,W1
QSO_154.0365325+25.7724054,59694.09954750001,17.644000000000002,0.0309143361655325,W1
QSO_154.0365325+25.7724054,59903.18103750004,17.71,0.0350572141571863,W1
QSO_154.0365325+25.7724054,60057.92840849997,17.714,0.0442819665550601,W1
QSO_154.0365325+25.7724054,60267.21539350002,17.682000000000002,0.03943092563355,W1
QSO_154.0365325+25.7724054,60425.20190380004,17.698999999999998,0.0432885755573272,W1
QSO_154.0365325+25.7724054,55328.01419499998,18.135,0.0868566874066567,W2
QSO_154.0365325+25.7724054,55518.534741500014,18.247,0.0641085291110259,W2
QSO_154.0365325+25.7724054,56792.683686,18.0925,0.0781755460486206,W2
QSO_154.0365325+25.7724054,56983.233907,18.134,0.0513951267470306,W2
QSO_154.0365325+25.7724054,57151.33979338925,18.033,0.0713522617345075,W2
QSO_154.0365325+25.7724054,57345.05285627632,18.278,0.0638094811709261,W2
QSO_154.0365325+25.7724054,57510.43758514366,18.213,0.0516689366287487,W2
QSO_154.0365325+25.7724054,57709.67112514456,18.029,0.0642474599584381,W2
QSO_154.0365325+25.7724054,57871.25274600003,18.094,0.08458663353333,W2
QSO_154.0365325+25.7724054,58076.64547300002,18.112,0.0553294076496759,W2
QSO_154.0365325+25.7724054,58234.41396724997,17.903,0.0684668413800033,W2
QSO_154.0365325+25.7724054,58440.72151200003,18.126,0.0794394429355744,W2
QSO_154.0365325+25.7724054,58598.2993485,18.095,0.0914838960732476,W2
QSO_154.0365325+25.7724054,58804.63437775004,18.19,0.0343646701650917,W2
QSO_154.0365325+25.7724054,58962.56903140001,18.048,0.0944822152576875,W2
QSO_154.0365325+25.7724054,59172.25156600004,18.224,0.0743497093921294,W2
QSO_154.0365325+25.7724054,59330.15248125002,17.924999999999997,0.0949498771282337,W2
QSO_154.0365325+25.7724054,59536.46144949996,18.248,0.0579045157531465,W2
QSO_154.0365325+25.7724054,59694.09954750001,18.12,0.0787862901391408,W2
QSO_154.0365325+25.7724054,59903.18103750004,18.05,0.084773601351486,W2
QSO_154.0365325+25.7724054,60057.92840849997,18.205,0.0553997154760831,W2
QSO_154.0365325+25.7724054,60267.21539350002,17.99,0.0907683290400584,W2
QSO_154.0365325+25.7724054,60425.20190380004,18.219,0.115863016131357,W2
QSO_154.1674033+25.6689307,55328.146434499984,17.7415,0.0381680674274911,W1
QSO_154.1674033+25.6689307,55518.66694449999,17.8115,0.0368985756303167,W1
QSO_154.1674033+25.6689307,56792.78238200004,17.671,0.0342861756125473,W1
QSO_154.1674033+25.6689307,56983.36523400003,17.736,0.0385070173237363,W1
QSO_154.1674033+25.6689307,57151.56928715376,17.8,0.0338874546292155,W1
QSO_154.1674033+25.6689307,57344.9873022722,17.927999999999997,0.0814236400932837,W1
QSO_154.1674033+25.6689307,57510.56892425202,17.794,0.0764753620455633,W1
QSO_154.1674033+25.6689307,57709.86799655692,17.7725,0.0584412721339102,W1
QSO_154.1674033+25.6689307,57871.38356199998,17.773,0.0441163171231904,W1
QSO_154.1674033+25.6689307,58076.71102699998,17.794,0.0204005347523495,W1
QSO_154.1674033+25.6689307,58234.47937525007,17.798000000000002,0.0253296128220366,W1
QSO_154.1674033+25.6689307,58440.78691999997,17.723,0.027388381784803,W1
QSO_154.1674033+25.6689307,58598.52805750001,17.84,0.0254376862704706,W1
QSO_154.1674033+25.6689307,58804.73248975002,17.8765,0.0315274718536303,W1
QSO_154.1674033+25.6689307,58962.831197200016,17.795,0.0202445301254439,W1
QSO_154.1674033+25.6689307,59172.44818119997,17.807000000000002,0.0396173435489699,W1
QSO_154.1674033+25.6689307,59330.283041749935,17.8955,0.0463100211137455,W1
QSO_154.1674033+25.6689307,59536.46144949996,17.884,0.1251084009968955,W1
QSO_154.1674033+25.6689307,59694.16501025003,17.875,0.0451012941733505,W1
QSO_154.1674033+25.6689307,59903.37634900003,17.777,0.0507952775214363,W1
QSO_154.1674033+25.6689307,60058.0903955,17.7395,0.0385946757986126,W1
QSO_154.1674033+25.6689307,60267.24776899997,17.746000000000002,0.0425338571023133,W1
QSO_154.1674033+25.6689307,60425.39471260004,17.814,0.0381502230551609,W1
QSO_154.1674033+25.6689307,55328.146434499984,18.132,0.0565184000609938,W2
QSO_154.1674033+25.6689307,55518.66694449999,18.3065,0.053134329295305,W2
QSO_154.1674033+25.6689307,56792.78238200004,18.25,0.0622155640176608,W2
QSO_154.1674033+25.6689307,56983.36523400003,18.319,0.0698282534057954,W2
QSO_154.1674033+25.6689307,57151.56928715376,18.177,0.0667461375819753,W2
QSO_154.1674033+25.6689307,57344.9873022722,18.192,0.0669755105114134,W2
QSO_154.1674033+25.6689307,57510.56892425202,18.1005,0.0722024168570555,W2
QSO_154.1674033+25.6689307,57709.86799655692,18.098,0.0848217647683993,W2
QSO_154.1674033+25.6689307,57871.38356199998,18.29,0.0860022102349076,W2
QSO_154.1674033+25.6689307,58076.71102699998,18.306,0.0897933180695947,W2
QSO_154.1674033+25.6689307,58234.47937525007,17.814,0.070251879196305,W2
QSO_154.1674033+25.6689307,58440.78691999997,18.042,0.0653558162373431,W2
QSO_154.1674033+25.6689307,58598.52805750001,18.271,0.0831049773793011,W2
QSO_154.1674033+25.6689307,58804.73248975002,17.811,0.147085701900979,W2
QSO_154.1674033+25.6689307,58962.831197200016,18.0615,0.0906914604579726,W2
QSO_154.1674033+25.6689307,59172.44818119997,18.251,0.0895509507546686,W2
QSO_154.1674033+25.6689307,59330.283041749935,18.0755,0.1126934833100634,W2
QSO_154.1674033+25.6689307,59536.46144949996,18.258,0.1424213467145992,W2
QSO_154.1674033+25.6689307,59694.16501025003,18.241,0.0631908988626848,W2
QSO_154.1674033+25.6689307,59903.37634900003,18.199,0.097886993263453,W2
QSO_154.1674033+25.6689307,60058.0903955,18.1185,0.06468542339662,W2
QSO_154.1674033+25.6689307,60267.24776899997,18.204500000000003,0.0970214873108014,W2
QSO_154.1674033+25.6689307,60425.39471260004,18.295,0.0930673636933133,W2
QSO_153.9586401+25.7196539,55327.948056999965,17.848,0.0485708603468269,W1
QSO_153.9586401+25.7196539,55518.43558924999,18.1015,0.0545935052014906,W1
QSO_153.9586401+25.7196539,56792.71657250004,17.8,0.022828172716443,W1
QSO_153.9586401+25.7196539,56983.13541175001,17.8885,0.0400200181390746,W1
QSO_153.9586401+25.7196539,57151.372552141336,17.826999999999998,0.0389199799391945,W1
QSO_153.9586401+25.7196539,57344.856376763775,17.861,0.0467752448640219,W1
QSO_153.9586401+25.7196539,57510.30626433536,17.925,0.0398147851211921,W1
QSO_153.9586401+25.7196539,57709.60546474041,17.917499999999997,0.0572873808093892,W1
QSO_153.9586401+25.7196539,57871.21998725006,17.861,0.0407170893574275,W1
QSO_153.9586401+25.7196539,58076.58021100003,17.863999999999997,0.0379252672891453,W1
QSO_153.9586401+25.7196539,58234.31590999999,17.839,0.0642396939553109,W1
QSO_153.9586401+25.7196539,58440.65624999996,17.936999999999998,0.051135447775534,W1
QSO_153.9586401+25.7196539,58598.29927550002,17.8005,0.0422178034723404,W1
QSO_153.9586401+25.7196539,58804.60172849998,17.889,0.0620956189212481,W1
QSO_153.9586401+25.7196539,58962.56903140001,17.806,0.0377899986768987,W1
QSO_153.9586401+25.7196539,59172.284103399965,17.799,0.0348947740303564,W1
QSO_153.9586401+25.7196539,59330.08707325,17.886000000000003,0.0342045437067238,W1
QSO_153.9586401+25.7196539,59536.29825799997,17.892000000000003,0.047776679573942,W1
QSO_153.9586401+25.7196539,59694.00201949999,17.899,0.0453469304603828,W1
QSO_153.9586401+25.7196539,59903.18103750004,17.839,0.0229482606590031,W1
QSO_153.9586401+25.7196539,60057.92840849997,17.89,0.0262877532661067,W1
QSO_153.9586401+25.7196539,60267.08581849997,17.785,0.0573387163708931,W1
QSO_153.9586401+25.7196539,60425.2338007,17.857,0.0509706478715391,W1
QSO_153.9586401+25.7196539,55327.948056999965,18.562,0.115613445673225,W2
QSO_153.9586401+25.7196539,55518.43558924999,18.472,0.086091991605018,W2
QSO_153.9586401+25.7196539,56792.71657250004,18.309,0.0595295733032829,W2
QSO_153.9586401+25.7196539,56983.13541175001,18.181,0.0803233446706129,W2
QSO_153.9586401+25.7196539,57151.372552141336,18.135,0.0802062798840117,W2
QSO_153.9586401+25.7196539,57344.856376763775,18.188,0.0753995396409089,W2
QSO_153.9586401+25.7196539,57510.30626433536,18.23,0.0960027973344529,W2
QSO_153.9586401+25.7196539,57709.60546474041,18.0665,0.0567057669024939,W2
QSO_153.9586401+25.7196539,57871.21998725006,18.1845,0.0918024751542379,W2
QSO_153.9586401+25.7196539,58076.58021100003,18.059,0.0710524305247714,W2
QSO_153.9586401+25.7196539,58234.31590999999,17.947,0.0822272515175209,W2
QSO_153.9586401+25.7196539,58440.65624999996,18.241,0.0763843432990988,W2
QSO_153.9586401+25.7196539,58598.29927550002,18.093,0.0693142403931747,W2
QSO_153.9586401+25.7196539,58804.60172849998,17.855999999999998,0.1207440248357148,W2
QSO_153.9586401+25.7196539,58962.56903140001,18.1835,0.0687639803967165,W2
QSO_153.9586401+25.7196539,59172.284103399965,18.192,0.0436086340414712,W2
QSO_153.9586401+25.7196539,59330.08707325,18.137,0.0897944798476559,W2
QSO_153.9586401+25.7196539,59536.29825799997,18.026,0.0767222322793464,W2
QSO_153.9586401+25.7196539,59694.00201949999,18.158,0.0847900044432928,W2
QSO_153.9586401+25.7196539,59903.18103750004,18.157,0.0664140678046969,W2
QSO_153.9586401+25.7196539,60057.92840849997,18.068,0.0731235852268713,W2
QSO_153.9586401+25.7196539,60267.08581849997,18.298,0.1098210665886409,W2
QSO_153.9586401+25.7196539,60425.2338007,18.2185,0.0665670218860493,W2
QSO_154.2278387+25.7969589,55328.17944875,17.5255,0.0420077261045885,W1
QSO_154.2278387+25.7969589,55518.66679850004,17.598,0.0203772091721089,W1
QSO_154.2278387+25.7969589,56792.84808199995,17.561999999999998,0.0340523126967905,W1
QSO_154.2278387+25.7969589,56983.36523400003,17.524,0.0468331857955606,W1
QSO_154.2278387+25.7969589,57151.50376964959,17.532,0.0245813559169634,W1
QSO_154.2278387+25.7969589,57345.08561502841,17.52,0.0308480307313126,W1
QSO_154.2278387+25.7969589,57510.63456635619,17.576999999999998,0.042809656231587,W1
QSO_154.2278387+25.7969589,57709.83514805482,17.499000000000002,0.0323211607836466,W1
QSO_154.2278387+25.7969589,57871.38356199998,17.604,0.0371165051797608,W1
QSO_154.2278387+25.7969589,58076.776362000026,17.5365,0.0413030523040322,W1
QSO_154.2278387+25.7969589,58234.57743249997,17.592,0.0363500655357253,W1
QSO_154.2278387+25.7969589,58440.78691999997,17.509999999999998,0.0260220388591319,W1
QSO_154.2278387+25.7969589,58598.49542650001,17.618499999999997,0.0389415219223599,W1
QSO_154.2278387+25.7969589,58804.73243500002,17.5595,0.0227009544586417,W1
QSO_154.2278387+25.7969589,58962.86399079998,17.502000000000002,0.0285378733945136,W1
QSO_154.2278387+25.7969589,59172.31664079998,17.609,0.040572069874381,W1
QSO_154.2278387+25.7969589,59330.31580049999,17.542,0.0252983400743684,W1
QSO_154.2278387+25.7969589,59536.46144949996,17.53,0.0882838150512316,W1
QSO_154.2278387+25.7969589,59694.16508325,17.5465,0.0266809423593917,W1
QSO_154.2278387+25.7969589,59903.40887050002,17.5475,0.0362554833017635,W1
QSO_154.2278387+25.7969589,60058.12258849998,17.599,0.0385911938195842,W1
QSO_154.2278387+25.7969589,60267.28003500001,17.58,0.0275349385237405,W1
QSO_154.2278387+25.7969589,60425.33051620004,17.58,0.0274778238568273,W1
QSO_154.2278387+25.7969589,55328.17944875,18.1755,0.0779820870699808,W2
QSO_154.2278387+25.7969589,55518.66679850004,18.302,0.0783084597986261,W2
QSO_154.2278387+25.7969589,56792.84808199995,18.073,0.070449868701084,W2
QSO_154.2278387+25.7969589,56983.36523400003,18.135,0.069174210953818,W2
QSO_154.2278387+25.7969589,57151.50376964959,18.282,0.0760583446761221,W2
QSO_154.2278387+25.7969589,57345.08561502841,18.1365,0.0910467132849945,W2
QSO_154.2278387+25.7969589,57510.63456635619,18.192,0.0935343074313733,W2
QSO_154.2278387+25.7969589,57709.83514805482,18.157,0.0692249259949677,W2
QSO_154.2278387+25.7969589,57871.38356199998,18.173,0.0625534054941592,W2
QSO_154.2278387+25.7969589,58076.776362000026,18.1065,0.1083253495989776,W2
QSO_154.2278387+25.7969589,58234.57743249997,17.852999999999998,0.0709814030662058,W2
QSO_154.2278387+25.7969589,58440.78691999997,18.017,0.1042894313898793,W2
QSO_154.2278387+25.7969589,58598.49542650001,18.2365,0.062409304565075,W2
QSO_154.2278387+25.7969589,58804.73243500002,18.1095,0.0854916066922059,W2
QSO_154.2278387+25.7969589,58962.86399079998,18.016,0.0789803159530214,W2
QSO_154.2278387+25.7969589,59172.31664079998,18.188,0.0639165933524356,W2
QSO_154.2278387+25.7969589,59330.31580049999,18.112,0.0811982575231353,W2
QSO_154.2278387+25.7969589,59536.46144949996,18.12,0.1579208409298788,W2
QSO_154.2278387+25.7969589,59694.16508325,18.1535,0.0756800151894413,W2
QSO_154.2278387+25.7969589,59903.40887050002,18.144,0.0772240120196262,W2
QSO_154.2278387+25.7969589,60058.12258849998,18.115,0.0952265044644447,W2
QSO_154.2278387+25.7969589,60267.28003500001,17.822,0.0765340237418854,W2
QSO_154.2278387+25.7969589,60425.33051620004,18.151,0.0737454247966425,W2
QSO_154.3103146+25.6593188,55328.27863749996,18.464,0.080122258196161,W1
QSO_154.3103146+25.6593188,55518.76600549997,18.312,0.0441067400052291,W1
QSO_154.3103146+25.6593188,56792.91381849998,18.033,0.0952947858485055,W1
QSO_154.3103146+25.6593188,56983.43104350004,18.538,0.0684875898424981,W1
QSO_154.3103146+25.6593188,57151.70048641211,18.259,0.068605015473711,W1
QSO_154.3103146+25.6593188,57345.11844678055,18.422,0.0774101802090656,W1
QSO_154.3103146+25.6593188,57510.70029996032,18.248,0.0592823566098094,W1
QSO_154.3103146+25.6593188,57709.96652376313,18.253,0.0829545148873484,W1
QSO_154.3103146+25.6593188,57871.41626599995,18.1545,0.0628469996926692,W1
QSO_154.3103146+25.6593188,58076.809066,18.2115,0.0690887780993356,W1
QSO_154.3103146+25.6593188,58234.74093425,18.2315,0.076208413067208,W1
QSO_154.3103146+25.6593188,58440.95043999997,18.0535,0.0683400847782617,W1
QSO_154.3103146+25.6593188,58598.59346550002,18.327,0.0923883970648291,W1
QSO_154.3103146+25.6593188,58804.89588199996,18.263,0.0593249057685257,W1
QSO_154.3103146+25.6593188,58962.86399079998,18.194,0.0462173216048546,W1
QSO_154.3103146+25.6593188,59172.38259400004,18.336,0.1199816312471818,W1
QSO_154.3103146+25.6593188,59330.6096985,18.183,0.0791819283534936,W1
QSO_154.3103146+25.6593188,59536.72262524996,18.5465,0.12948030023192,W1
QSO_154.3103146+25.6593188,59694.39278850001,18.168,0.0651140394571764,W1
QSO_154.3103146+25.6593188,59903.474023,18.254,0.0645257987451816,W1
QSO_154.3103146+25.6593188,60058.187485500006,18.371,0.1407560385584595,W1
QSO_154.3103146+25.6593188,60267.34453049997,18.319,0.0503145115109657,W1
QSO_154.3103146+25.6593188,60425.36261440004,18.3295,0.0420962206958654,W1
QSO_154.3103146+25.6593188,55328.27863749996,18.144,0.0690725290906683,W2
QSO_154.3103146+25.6593188,55518.76600549997,18.3965,0.0777389982688988,W2
QSO_154.3103146+25.6593188,56792.91381849998,18.168,0.1172518407919305,W2
QSO_154.3103146+25.6593188,56983.43104350004,18.221,0.0720629055695681,W2
QSO_154.3103146+25.6593188,57151.70048641211,18.259,0.0978612964012499,W2
QSO_154.3103146+25.6593188,57345.11844678055,18.169,0.0719558475733558,W2
QSO_154.3103146+25.6593188,57510.70029996032,18.353,0.0667899066654022,W2
QSO_154.3103146+25.6593188,57709.96652376313,18.204,0.0499333590458805,W2
QSO_154.3103146+25.6593188,57871.41626599995,18.0535,0.1360928332398854,W2
QSO_154.3103146+25.6593188,58076.809066,18.0185,0.0756610374802819,W2
QSO_154.3103146+25.6593188,58234.74093425,17.9635,0.1136181266510923,W2
QSO_154.3103146+25.6593188,58440.95043999997,18.002499999999998,0.1151106464993573,W2
QSO_154.3103146+25.6593188,58598.59346550002,18.255,0.0598790962927756,W2
QSO_154.3103146+25.6593188,58804.89588199996,18.1805,0.076560342940135,W2
QSO_154.3103146+25.6593188,58962.86399079998,18.153,0.0774616993668786,W2
QSO_154.3103146+25.6593188,59172.38259400004,18.186,0.043789384604966,W2
QSO_154.3103146+25.6593188,59330.6096985,18.31,0.1290040374045194,W2
QSO_154.3103146+25.6593188,59536.72262524996,17.962,0.1494039546553796,W2
QSO_154.3103146+25.6593188,59694.39278850001,18.355,0.0869428647353827,W2
QSO_154.3103146+25.6593188,59903.474023,18.1165,0.1095791613063022,W2
QSO_154.3103146+25.6593188,60058.187485500006,18.171,0.0838035673517222,W2
QSO_154.3103146+25.6593188,60267.34453049997,18.363,0.1281208919847303,W2
QSO_154.3103146+25.6593188,60425.36261440004,18.3225,0.1152062010049806,W2
QSO_154.251431+25.6337381,55328.212463,17.651,0.0446213386370028,W1
QSO_154.251431+25.6337381,55518.76600549997,17.689500000000002,0.0435445905451037,W1
QSO_154.251431+25.6337381,56792.88091374999,17.4705,0.041334926779601,W1
QSO_154.251431+25.6337381,56983.39813875003,17.5385,0.0317113386661616,W1
QSO_154.251431+25.6337381,57151.63489590805,17.596,0.0261552854760434,W1
QSO_154.251431+25.6337381,57344.9873022722,17.525,0.035133607420394,W1
QSO_154.251431+25.6337381,57510.70029996032,17.6,0.0462647462632931,W1
QSO_154.251431+25.6337381,57709.96637736318,17.608,0.0276218366974361,W1
QSO_154.251431+25.6337381,57871.514378000014,17.497,0.0330681967282917,W1
QSO_154.251431+25.6337381,58076.776435,17.547,0.0387383292330165,W1
QSO_154.251431+25.6337381,58234.57743249997,17.524,0.0343339777777197,W1
QSO_154.251431+25.6337381,58440.85232799999,17.483,0.0338999172502642,W1
QSO_154.251431+25.6337381,58598.560761499975,17.53,0.0115062554194895,W1
QSO_154.251431+25.6337381,58804.830547000005,17.572499999999998,0.038398796759698,W1
QSO_154.251431+25.6337381,58962.89645499994,17.5545,0.0357759695885382,W1
QSO_154.251431+25.6337381,59172.48091990002,17.589,0.0343328276661792,W1
QSO_154.251431+25.6337381,59330.34839499995,17.5535,0.0384244313073894,W1
QSO_154.251431+25.6337381,59536.592064749966,17.5815,0.0534116178927947,W1
QSO_154.251431+25.6337381,59694.26288500003,17.549,0.0300796338516966,W1
QSO_154.251431+25.6337381,59903.40892525002,17.604,0.03095070377455,W1
QSO_154.251431+25.6337381,60058.15503699999,17.516,0.0300027332088263,W1
QSO_154.251431+25.6337381,60267.3446765,17.581,0.0350966466426599,W1
QSO_154.251431+25.6337381,60425.42693890001,17.585,0.0398316698281193,W1
QSO_154.251431+25.6337381,55328.212463,18.16,0.0673012559566564,W2
QSO_154.251431+25.6337381,55518.76600549997,18.063,0.0653551683679832,W2
QSO_154.251431+25.6337381,56792.88091374999,18.0415,0.0826487177569924,W2
QSO_154.251431+25.6337381,56983.39813875003,18.1205,0.0750372973926966,W2
QSO_154.251431+25.6337381,57151.63489590805,17.891,0.0682280693295981,W2
QSO_154.251431+25.6337381,57344.9873022722,17.8955,0.0603885566790412,W2
QSO_154.251431+25.6337381,57510.70029996032,18.149,0.0599654671472494,W2
QSO_154.251431+25.6337381,57709.96637736318,18.068,0.0776750815749728,W2
QSO_154.251431+25.6337381,57871.514378000014,17.931,0.0626304678821537,W2
QSO_154.251431+25.6337381,58076.776435,18.064,0.0897341595153253,W2
QSO_154.251431+25.6337381,58234.57743249997,17.91,0.0684996038049733,W2
QSO_154.251431+25.6337381,58440.85232799999,18.102,0.0778328552782705,W2
QSO_154.251431+25.6337381,58598.560761499975,17.993,0.0303164627238719,W2
QSO_154.251431+25.6337381,58804.830547000005,17.4755,0.103390754655086,W2
QSO_154.251431+25.6337381,58962.89645499994,17.9225,0.0666359137402647,W2
QSO_154.251431+25.6337381,59172.48091990002,18.0445,0.0650668948866103,W2
QSO_154.251431+25.6337381,59330.34839499995,18.0865,0.0654176884208953,W2
QSO_154.251431+25.6337381,59536.592064749966,17.8615,0.0548497948947849,W2
QSO_154.251431+25.6337381,59694.26288500003,18.069,0.0864117656234774,W2
QSO_154.251431+25.6337381,59903.40892525002,18.063,0.0566247006191015,W2
QSO_154.251431+25.6337381,60058.15503699999,17.9225,0.0956257758138464,W2
QSO_154.251431+25.6337381,60267.3446765,17.977999999999998,0.0457257364643437,W2
QSO_154.251431+25.6337381,60425.42693890001,17.982,0.081078394276888,W2
QSO_154.1244242+25.5063781,55328.17944875,17.4215,0.0388355015489121,W1
QSO_154.1244242+25.5063781,55518.633912000005,17.4545,0.0194815172378561,W1
QSO_154.1244242+25.5063781,56792.88091374999,17.472,0.030639843341636,W1
QSO_154.1244242+25.5063781,56983.463857,17.502499999999998,0.0308600226830766,W1
QSO_154.1244242+25.5063781,57151.60206415581,17.4925,0.0253245941614954,W1
QSO_154.1244242+25.5063781,57344.98744827224,17.533,0.0496217764666731,W1
QSO_154.1244242+25.5063781,57510.6017178541,17.439,0.0229769913093431,W1
QSO_154.1244242+25.5063781,57709.835202954826,17.468,0.0335636471083318,W1
QSO_154.1244242+25.5063781,57871.44897,17.4255,0.013100867424439,W1
QSO_154.1244242+25.5063781,58076.776435,17.418,0.0337445418032149,W1
QSO_154.1244242+25.5063781,58234.544728500005,17.4825,0.0365087191513764,W1
QSO_154.1244242+25.5063781,58440.85240100005,17.4485,0.0308690135896822,W1
QSO_154.1244242+25.5063781,58598.52805750001,17.375,0.0293531567923098,W1
QSO_154.1244242+25.5063781,58804.73254450002,17.424,0.0502931928576162,W1
QSO_154.1244242+25.5063781,58962.83112399996,17.4085,0.0340623407233789,W1
QSO_154.1244242+25.5063781,59172.34969059999,17.451,0.0260708457860502,W1
QSO_154.1244242+25.5063781,59330.31569099998,17.478,0.0470197458401577,W1
QSO_154.1244242+25.5063781,59536.592064749966,17.44,0.0374355696497327,W1
QSO_154.1244242+25.5063781,59694.19758650002,17.439,0.0213620009924442,W1
QSO_154.1244242+25.5063781,59903.34359024998,17.5125,0.0428053302323004,W1
QSO_154.1244242+25.5063781,60058.0903955,17.4365,0.0312805683825172,W1
QSO_154.1244242+25.5063781,60267.31235574997,17.4105,0.03913331061896,W1
QSO_154.1244242+25.5063781,60425.362559500034,17.4295,0.0258026251176688,W1
QSO_154.1244242+25.5063781,55328.17944875,18.147,0.0684862237769191,W2
QSO_154.1244242+25.5063781,55518.633912000005,18.1295,0.0836202941155015,W2
QSO_154.1244242+25.5063781,56792.88091374999,18.106,0.112068621835017,W2
QSO_154.1244242+25.5063781,56983.463857,18.1675,0.0595849309809117,W2
QSO_154.1244242+25.5063781,57151.60206415581,17.907,0.08381663670157,W2
QSO_154.1244242+25.5063781,57344.98744827224,18.017,0.0524334369093085,W2
QSO_154.1244242+25.5063781,57510.6017178541,18.201500000000003,0.0509666058062278,W2
QSO_154.1244242+25.5063781,57709.835202954826,18.012999999999998,0.0557190952974503,W2
QSO_154.1244242+25.5063781,57871.44897,18.058,0.0789853480026416,W2
QSO_154.1244242+25.5063781,58076.776435,17.937,0.0865127471438825,W2
QSO_154.1244242+25.5063781,58234.544728500005,17.948,0.0623201254203441,W2
QSO_154.1244242+25.5063781,58440.85240100005,18.114,0.0744671739761889,W2
QSO_154.1244242+25.5063781,58598.52805750001,17.938,0.0689375527256928,W2
QSO_154.1244242+25.5063781,58804.73254450002,17.910999999999998,0.1166072123948914,W2
QSO_154.1244242+25.5063781,58962.83112399996,18.2115,0.0877012632410393,W2
QSO_154.1244242+25.5063781,59172.34969059999,18.072000000000003,0.0477770760930385,W2
QSO_154.1244242+25.5063781,59330.31569099998,17.846999999999998,0.0943079422899428,W2
QSO_154.1244242+25.5063781,59536.592064749966,18.03,0.0882018282123448,W2
QSO_154.1244242+25.5063781,59694.19758650002,18.108,0.0599289336205691,W2
QSO_154.1244242+25.5063781,59903.34359024998,18.045,0.0851746979253034,W2
QSO_154.1244242+25.5063781,60058.0903955,18.074,0.06325558092784,W2
QSO_154.1244242+25.5063781,60267.31235574997,18.096,0.0480275858231496,W2
QSO_154.1244242+25.5063781,60425.362559500034,18.0605,0.0692417723083935,W2
QSO_154.3255651+25.6237109,55328.311651749966,17.5795,0.026073380689039,W1
QSO_154.3255651+25.6237109,55518.79903800004,17.619,0.0271056868009217,W1
QSO_154.3255651+25.6237109,56793.111064500015,17.71,0.0838766621930165,W1
QSO_154.3255651+25.6237109,56983.496670499975,17.503999999999998,0.0318304108730725,W1
QSO_154.3255651+25.6237109,57151.63489590805,17.596,0.0352453684900586,W1
QSO_154.3255651+25.6237109,57345.11851978053,17.548000000000002,0.0325813125261386,W1
QSO_154.3255651+25.6237109,57510.733093562405,17.532,0.0641588341539963,W1
QSO_154.3255651+25.6237109,57709.96645056315,17.5795,0.0253911671701477,W1
QSO_154.3255651+25.6237109,57871.54715500005,17.585,0.03127970588097,W1
QSO_154.3255651+25.6237109,58076.84184300002,17.605,0.0191334826358428,W1
QSO_154.3255651+25.6237109,58234.70824850001,17.596,0.0560390011231649,W1
QSO_154.3255651+25.6237109,58440.917736,17.582,0.0415389152660669,W1
QSO_154.3255651+25.6237109,58598.65887349996,17.61,0.0222922329834842,W1
QSO_154.3255651+25.6237109,58804.830547000005,17.619999999999997,0.0407628643634265,W1
QSO_154.3255651+25.6237109,58962.96196899998,17.649,0.0258107729446446,W1
QSO_154.3255651+25.6237109,59172.51376839999,17.561,0.0406622913644537,W1
QSO_154.3255651+25.6237109,59330.47901024995,17.545,0.0369971681604828,W1
QSO_154.3255651+25.6237109,59536.78796025,17.6535,0.0339548311077461,W1
QSO_154.3255651+25.6237109,59694.29551600003,17.544,0.0342422182968463,W1
QSO_154.3255651+25.6237109,59903.44150150001,17.542,0.0311496714035629,W1
QSO_154.3255651+25.6237109,60058.22018949997,17.571,0.0285853284046202,W1
QSO_154.3255651+25.6237109,60267.40917200004,17.5295,0.0268823023905724,W1
QSO_154.3255651+25.6237109,60425.45916519999,17.6,0.045405150303694,W1
QSO_154.3255651+25.6237109,55328.311651749966,18.1225,0.0703481257482834,W2
QSO_154.3255651+25.6237109,55518.79903800004,18.161,0.0642267536373658,W2
QSO_154.3255651+25.6237109,56793.111064500015,18.257,0.1198533117044776,W2
QSO_154.3255651+25.6237109,56983.496670499975,18.069,0.0495864641863422,W2
QSO_154.3255651+25.6237109,57151.63489590805,18.1635,0.0865575011191982,W2
QSO_154.3255651+25.6237109,57345.11851978053,18.2275,0.0664443324876387,W2
QSO_154.3255651+25.6237109,57510.733093562405,18.1455,0.0491172474798824,W2
QSO_154.3255651+25.6237109,57709.96645056315,18.064,0.0710919645236018,W2
QSO_154.3255651+25.6237109,57871.54715500005,18.138,0.0685355674084631,W2
QSO_154.3255651+25.6237109,58076.84184300002,18.096,0.1009562766604683,W2
QSO_154.3255651+25.6237109,58234.70824850001,17.913999999999998,0.1059243808350881,W2
QSO_154.3255651+25.6237109,58440.917736,18.066,0.1240341450399948,W2
QSO_154.3255651+25.6237109,58598.65887349996,18.095,0.0961608032159231,W2
QSO_154.3255651+25.6237109,58804.830547000005,18.084000000000003,0.1112429148805038,W2
QSO_154.3255651+25.6237109,58962.96196899998,18.1805,0.1047388418878116,W2
QSO_154.3255651+25.6237109,59172.51376839999,18.066,0.0651823673278964,W2
QSO_154.3255651+25.6237109,59330.47901024995,18.225,0.0604784254233768,W2
QSO_154.3255651+25.6237109,59536.78796025,18.239,0.0589998430631939,W2
QSO_154.3255651+25.6237109,59694.29551600003,18.2655,0.0930391289398656,W2
QSO_154.3255651+25.6237109,59903.44150150001,18.092,0.075335213813133,W2
QSO_154.3255651+25.6237109,60058.22018949997,18.1995,0.0603297273323859,W2
QSO_154.3255651+25.6237109,60267.40917200004,18.162,0.0773839937866038,W2
QSO_154.3255651+25.6237109,60425.45916519999,17.923,0.0766726990297945,W2
QSO_154.3053286+25.6436797,55328.27863749996,17.333,0.030062144499867,W1
QSO_154.3053286+25.6436797,55518.76600549997,17.363,0.0224073581457982,W1
QSO_154.3053286+25.6436797,56792.91381849998,17.285,0.0263721909483908,W1
QSO_154.3053286+25.6436797,56983.463857,17.287,0.0276040959118591,W1
QSO_154.3053286+25.6436797,57151.63484115796,17.33,0.0313936495514026,W1
QSO_154.3053286+25.6436797,57345.11837378049,17.369,0.0233436612696817,W1
QSO_154.3053286+25.6436797,57510.70029996032,17.363,0.029335977045449,W1
QSO_154.3053286+25.6436797,57709.96637736318,17.395,0.0263540717165308,W1
QSO_154.3053286+25.6436797,57871.514378000014,17.387999999999998,0.039243140063884,W1
QSO_154.3053286+25.6436797,58076.84184300002,17.247999999999998,0.0315011358959449,W1
QSO_154.3053286+25.6436797,58234.67554449996,17.417,0.0463027227021222,W1
QSO_154.3053286+25.6436797,58440.917736,17.366999999999997,0.0243471689624961,W1
QSO_154.3053286+25.6436797,58598.59346550002,17.319,0.0365425285808769,W1
QSO_154.3053286+25.6436797,58804.863250999966,17.271,0.0352277885276396,W1
QSO_154.3053286+25.6436797,58962.92891919998,17.361,0.0270249349201439,W1
QSO_154.3053286+25.6436797,59172.51365859999,17.378,0.0319375329435196,W1
QSO_154.3053286+25.6436797,59330.5116595,17.412,0.0342003255354003,W1
QSO_154.3053286+25.6436797,59536.72267999996,17.314999999999998,0.0428733950136912,W1
QSO_154.3053286+25.6436797,59694.26288500003,17.401,0.0334183016587214,W1
QSO_154.3053286+25.6436797,59903.474023,17.3595,0.0262896415842748,W1
QSO_154.3053286+25.6436797,60058.25289350002,17.425,0.0393919601113282,W1
QSO_154.3053286+25.6436797,60267.34460350002,17.335,0.0288684356014328,W1
QSO_154.3053286+25.6436797,60425.45909200001,17.359,0.0549434052255388,W1
QSO_154.3053286+25.6436797,55328.27863749996,18.211,0.1006391818757738,W2
QSO_154.3053286+25.6436797,55518.76600549997,18.2665,0.0880262317542439,W2
QSO_154.3053286+25.6436797,56792.91381849998,18.234,0.0883649838475081,W2
QSO_154.3053286+25.6436797,56983.463857,18.112,0.1059919715469401,W2
QSO_154.3053286+25.6436797,57151.63484115796,18.066,0.1300553774440093,W2
QSO_154.3053286+25.6436797,57345.11837378049,18.26,0.0515304348068011,W2
QSO_154.3053286+25.6436797,57510.70029996032,18.21,0.0437783331031032,W2
QSO_154.3053286+25.6436797,57709.96637736318,18.08,0.07693847183226,W2
QSO_154.3053286+25.6436797,57871.514378000014,17.883,0.0965072919548093,W2
QSO_154.3053286+25.6436797,58076.84184300002,18.033,0.0450379087340929,W2
QSO_154.3053286+25.6436797,58234.67554449996,17.8735,0.0811925402236126,W2
QSO_154.3053286+25.6436797,58440.917736,18.226,0.0651991777911078,W2
QSO_154.3053286+25.6436797,58598.59346550002,18.273,0.072756694818236,W2
QSO_154.3053286+25.6436797,58804.863250999966,17.878999999999998,0.0992775653681272,W2
QSO_154.3053286+25.6436797,58962.92891919998,18.27,0.081673545251749,W2
QSO_154.3053286+25.6436797,59172.51365859999,18.072,0.0809024976420276,W2
QSO_154.3053286+25.6436797,59330.5116595,17.919,0.0602003709365751,W2
QSO_154.3053286+25.6436797,59536.72267999996,18.0,0.1161118770841297,W2
QSO_154.3053286+25.6436797,59694.26288500003,17.992,0.0764617587176712,W2
QSO_154.3053286+25.6436797,59903.474023,18.1635,0.057054123710801,W2
QSO_154.3053286+25.6436797,60058.25289350002,18.076,0.0728629828855586,W2
QSO_154.3053286+25.6436797,60267.34460350002,18.0,0.0771094512809673,W2
QSO_154.3053286+25.6436797,60425.45909200001,18.006999999999998,0.0947453549872851,W2
QSO_154.2973535+25.5488695,55328.311651749966,17.6455,0.0378201151652278,W1
QSO_154.2973535+25.5488695,55518.79903800004,17.659,0.0458979038820549,W1
QSO_154.2973535+25.5488695,56793.04525500001,17.618000000000002,0.0340424571511649,W1
QSO_154.2973535+25.5488695,56983.496670499975,17.628,0.0219457701949953,W1
QSO_154.2973535+25.5488695,57151.63484115796,17.588,0.0433179459859819,W1
QSO_154.2973535+25.5488695,57344.98744827224,17.6,0.057278966471123,W1
QSO_154.2973535+25.5488695,57510.667433158254,17.644,0.0224703360010481,W1
QSO_154.2973535+25.5488695,57709.96652376313,17.624000000000002,0.0205015621255254,W1
QSO_154.2973535+25.5488695,57871.57978600003,17.657,0.0283582321615757,W1
QSO_154.2973535+25.5488695,58076.84184300002,17.607,0.0404518060173783,W1
QSO_154.2973535+25.5488695,58234.67554449996,17.5545,0.0303709729840846,W1
QSO_154.2973535+25.5488695,58440.88503200004,17.6415,0.029774569686227,W1
QSO_154.2973535+25.5488695,58598.65887349996,17.645,0.0475523358324853,W1
QSO_154.2973535+25.5488695,58804.89588199996,17.619,0.0483411871013775,W1
QSO_154.2973535+25.5488695,58962.92891919998,17.711,0.0359224057331755,W1
QSO_154.2973535+25.5488695,59172.44818119997,17.695,0.0498246662848653,W1
QSO_154.2973535+25.5488695,59330.41372999999,17.633,0.0669554638809897,W1
QSO_154.2973535+25.5488695,59536.690048999975,17.646,0.0399817666776578,W1
QSO_154.2973535+25.5488695,59694.39278850001,17.662,0.0551901432853072,W1
QSO_154.2973535+25.5488695,59903.474077750005,17.6905,0.0502495771126481,W1
QSO_154.2973535+25.5488695,60058.28534199995,17.6545,0.0365583865207423,W1
QSO_154.2973535+25.5488695,60267.47381350003,17.677,0.044284434185288,W1
QSO_154.2973535+25.5488695,60425.52332500003,17.604,0.0243629810885152,W1
QSO_154.2973535+25.5488695,55328.311651749966,17.966,0.0882382710440989,W2
QSO_154.2973535+25.5488695,55518.79903800004,18.144,0.0760013444461731,W2
QSO_154.2973535+25.5488695,56793.04525500001,18.151,0.0974392005571301,W2
QSO_154.2973535+25.5488695,56983.496670499975,18.246,0.0975713574628589,W2
QSO_154.2973535+25.5488695,57151.63484115796,17.903,0.0812158295773487,W2
QSO_154.2973535+25.5488695,57344.98744827224,17.785999999999998,0.0430985846635361,W2
QSO_154.2973535+25.5488695,57510.667433158254,17.9315,0.0439281686392683,W2
QSO_154.2973535+25.5488695,57709.96652376313,18.125,0.0629483587376875,W2
QSO_154.2973535+25.5488695,57871.57978600003,18.024,0.11021927465232,W2
QSO_154.2973535+25.5488695,58076.84184300002,18.137,0.0801239179264957,W2
QSO_154.2973535+25.5488695,58234.67554449996,17.9045,0.1076808432359256,W2
QSO_154.2973535+25.5488695,58440.88503200004,17.9925,0.0900944448897933,W2
QSO_154.2973535+25.5488695,58598.65887349996,17.932,0.0424534393824806,W2
QSO_154.2973535+25.5488695,58804.89588199996,18.1065,0.0663912714588742,W2
QSO_154.2973535+25.5488695,58962.92891919998,18.079,0.075570149418242,W2
QSO_154.2973535+25.5488695,59172.44818119997,17.922,0.0602117226144155,W2
QSO_154.2973535+25.5488695,59330.41372999999,17.880499999999998,0.0709931978679543,W2
QSO_154.2973535+25.5488695,59536.690048999975,18.003,0.1025044714471847,W2
QSO_154.2973535+25.5488695,59694.39278850001,18.19,0.1180913830718512,W2
QSO_154.2973535+25.5488695,59903.474077750005,18.2335,0.0800976653842047,W2
QSO_154.2973535+25.5488695,60058.28534199995,18.1275,0.1603917946086326,W2
QSO_154.2973535+25.5488695,60267.47381350003,18.13,0.1053184601678464,W2
QSO_154.2973535+25.5488695,60425.52332500003,18.087,0.0809670724331114,W2
QSO_154.2234058+25.8653156,55328.146434499984,17.728,0.1447191118592851,W1
QSO_154.2234058+25.8653156,55518.699885750015,17.595499999999998,0.0890560060985347,W1
QSO_154.2234058+25.8653156,56792.78238200004,18.594,0.1812550893282927,W1
QSO_154.2234058+25.8653156,56983.49661574997,18.418,0.1355287028524769,W1
QSO_154.2234058+25.8653156,57151.43821564546,18.354,0.088330052930635,W1
QSO_154.2234058+25.8653156,57344.92178476794,18.576,0.1631774766592778,W1
QSO_154.2234058+25.8653156,57510.40484644166,18.3215,0.1508687803652197,W1
QSO_154.2234058+25.8653156,57709.83509315482,17.922,0.1661585588125586,W1
QSO_154.2234058+25.8653156,57871.48182,18.1135,0.096517893178953,W1
QSO_154.2234058+25.8653156,58076.907105000006,18.314,0.066934462141876,W1
QSO_154.2234058+25.8653156,58234.18509400004,18.44,0.3171245811979893,W1
QSO_154.2234058+25.8653156,58440.85232799999,18.761000000000003,0.1218197356752996,W1
QSO_154.2234058+25.8653156,58598.85498800001,18.832,0.2058642127084597,W1
QSO_154.2234058+25.8653156,58804.60172849998,17.753,0.2941618350248471,W1
QSO_154.2234058+25.8653156,58962.6674122,18.6945,0.2645872670311254,W1
QSO_154.2234058+25.8653156,59172.48091990002,18.19,0.1440126666239751,W1
QSO_154.2234058+25.8653156,59330.44637924996,18.4435,0.1548335426382989,W1
QSO_154.2234058+25.8653156,59536.559306,18.229,0.167584307141213,W1
QSO_154.2234058+25.8653156,59694.06677049999,18.806,0.2183051808821772,W1
QSO_154.2234058+25.8653156,59903.245533,18.429,0.2841680629486717,W1
QSO_154.2234058+25.8653156,60057.92840849997,18.616,0.1958050735352826,W1
QSO_154.2234058+25.8653156,60267.15055124999,18.283,0.1859690834520619,W1
QSO_154.2234058+25.8653156,60425.20197700001,18.318,0.1781156960289435,W1
QSO_154.2234058+25.8653156,55328.146434499984,18.098,0.1016294886718095,W2
QSO_154.2234058+25.8653156,55518.699885750015,18.317,0.0715302440243648,W2
QSO_154.2234058+25.8653156,56792.78238200004,18.113,0.0668203783509411,W2
QSO_154.2234058+25.8653156,56983.49661574997,18.2135,0.0632811033948917,W2
QSO_154.2234058+25.8653156,57151.43821564546,18.305,0.1273186127575972,W2
QSO_154.2234058+25.8653156,57344.92178476794,18.124,0.109698914542724,W2
QSO_154.2234058+25.8653156,57510.40484644166,18.166,0.0963210536194991,W2
QSO_154.2234058+25.8653156,57709.83509315482,18.09,0.1169162409907519,W2
QSO_154.2234058+25.8653156,57871.48182,18.1945,0.0860185434357897,W2
QSO_154.2234058+25.8653156,58076.907105000006,17.954,0.1645399872596554,W2
QSO_154.2234058+25.8653156,58234.18509400004,17.926,0.1697555977367557,W2
QSO_154.2234058+25.8653156,58440.85232799999,18.142,0.1790496244061968,W2
QSO_154.2234058+25.8653156,58598.85498800001,18.263,0.1179174224553717,W2
QSO_154.2234058+25.8653156,58804.60172849998,17.783,0.2349474330489614,W2
QSO_154.2234058+25.8653156,58962.6674122,17.936999999999998,0.1416784982804378,W2
QSO_154.2234058+25.8653156,59172.48091990002,18.035,0.1027355694110966,W2
QSO_154.2234058+25.8653156,59330.44637924996,18.442500000000003,0.098340866001505,W2
QSO_154.2234058+25.8653156,59536.559306,18.1935,0.091570328163658,W2
QSO_154.2234058+25.8653156,59694.06677049999,18.278,0.102848782199888,W2
QSO_154.2234058+25.8653156,59903.245533,18.034,0.2143670870259702,W2
QSO_154.2234058+25.8653156,60057.92840849997,18.134,0.0686845580397772,W2
QSO_154.2234058+25.8653156,60267.15055124999,18.1025,0.0243951839509355,W2
QSO_154.2234058+25.8653156,60425.20197700001,18.2925,0.084610216120011,W2
