oid,time,magnitude,error,band
QSO_254.147806+45.687091,55246.15048025002,18.988,0.0671799203661694,W1
QSO_254.147806+45.687091,55426.748830250006,18.875,0.040161801573237,W1
QSO_254.147806+45.687091,56708.92027399996,18.838,0.0399076286397527,W1
QSO_254.147806+45.687091,56889.37240499997,18.865,0.0574240970070123,W1
QSO_254.147806+45.687091,57072.75547090541,18.8315,0.0646896823303378,W1
QSO_254.147806+45.687091,57248.02701712291,18.882,0.0763108756747537,W1
QSO_254.147806+45.687091,57436.67390387844,18.79,0.0520904795344825,W1
QSO_254.147806+45.687091,57607.28327746891,18.93,0.0655592244005371,W1
QSO_254.147806+45.687091,57803.54225299996,18.861,0.0410919574135327,W1
QSO_254.147806+45.687091,57970.84080600006,18.864,0.0565581010413431,W1
QSO_254.147806+45.687091,58168.27883250005,18.8945,0.0511850006964569,W1
QSO_254.147806+45.687091,58331.10650050002,18.99,0.0733353225869136,W1
QSO_254.147806+45.687091,58532.31902850002,18.944000000000003,0.0546075141649128,W1
QSO_254.147806+45.687091,58695.41570150002,18.826,0.0651832751069174,W1
QSO_254.147806+45.687091,58899.28064080003,18.966500000000003,0.0587084704280396,W1
QSO_254.147806+45.687091,59061.95049369997,18.786,0.0314759875644351,W1
QSO_254.147806+45.687091,59264.322961000034,18.8145,0.0738397080860588,W1
QSO_254.147806+45.687091,59426.79422474999,18.736,0.0421804279708479,W1
QSO_254.147806+45.687091,59628.34258925,19.064,0.0677465777578198,W1
QSO_254.147806+45.687091,59790.54340624998,18.8605,0.0818113006942366,W1
QSO_254.147806+45.687091,59995.02620650004,18.986,0.0771864619352749,W1
QSO_254.147806+45.687091,60157.41175,18.835,0.0503779495780933,W1
QSO_254.147806+45.687091,60358.58119300003,18.872,0.1019124143133199,W1
QSO_254.147806+45.687091,60521.89169229997,18.932,0.2732646382172419,W1
QSO_254.147806+45.687091,55246.15048025002,18.6175,0.0388937636655415,W2
QSO_254.147806+45.687091,55426.748830250006,18.6215,0.0367617935014583,W2
QSO_254.147806+45.687091,56708.92027399996,18.343,0.0548838014600395,W2
QSO_254.147806+45.687091,56889.37240499997,18.378,0.0508531923952634,W2
QSO_254.147806+45.687091,57072.75547090541,18.551,0.0537353887117232,W2
QSO_254.147806+45.687091,57248.02701712291,18.255,0.0710513257955917,W2
QSO_254.147806+45.687091,57436.67390387844,18.429,0.0412295984655666,W2
QSO_254.147806+45.687091,57607.28327746891,18.388,0.06415608267343,W2
QSO_254.147806+45.687091,57803.54225299996,18.363,0.0467268366026247,W2
QSO_254.147806+45.687091,57970.84080600006,18.3,0.0557818620424247,W2
QSO_254.147806+45.687091,58168.27883250005,18.455,0.0558879928136692,W2
QSO_254.147806+45.687091,58331.10650050002,18.205,0.0684787229212646,W2
QSO_254.147806+45.687091,58532.31902850002,18.345,0.0591955301647444,W2
QSO_254.147806+45.687091,58695.41570150002,18.388,0.0683064795457137,W2
QSO_254.147806+45.687091,58899.28064080003,18.374,0.0472541479660781,W2
QSO_254.147806+45.687091,59061.95049369997,18.268500000000003,0.0780460804406835,W2
QSO_254.147806+45.687091,59264.322961000034,18.28,0.0826922416913309,W2
QSO_254.147806+45.687091,59426.79422474999,18.2615,0.066208591768038,W2
QSO_254.147806+45.687091,59628.34258925,18.356,0.0561792212684464,W2
QSO_254.147806+45.687091,59790.54340624998,18.265,0.0932531899422338,W2
QSO_254.147806+45.687091,59995.02620650004,18.42,0.0646835822692015,W2
QSO_254.147806+45.687091,60157.41175,18.265,0.0606014682566724,W2
QSO_254.147806+45.687091,60358.58119300003,18.29,0.0634795635151125,W2
QSO_254.147806+45.687091,60521.89169229997,18.33,0.220841289164866,W2
QSO_254.0375761+45.5664533,55246.11739300004,18.168,0.0520240186254968,W1
QSO_254.0375761+45.5664533,55426.616608999975,18.16,0.0213346769490265,W1
QSO_254.0375761+45.5664533,56708.722772499976,18.146,0.032587603912546,W1
QSO_254.0375761+45.5664533,56889.17515900003,18.225,0.0380415825020721,W1
QSO_254.0375761+45.5664533,57072.558608143,18.2525,0.0420063052045123,W1
QSO_254.0375761+45.5664533,57247.99411237087,18.175,0.0285690118621584,W1
QSO_254.0375761+45.5664533,57436.5425464702,18.119,0.0319958276462336,W1
QSO_254.0375761+45.5664533,57607.11905325852,18.233,0.0280567850521373,W1
QSO_254.0375761+45.5664533,57803.47684500003,18.208,0.0273244595395687,W1
QSO_254.0375761+45.5664533,57970.77525200001,18.206,0.0453011037800425,W1
QSO_254.0375761+45.5664533,58168.50783349996,18.294,0.0242969372803439,W1
QSO_254.0375761+45.5664533,58331.04094649997,18.235,0.0363349674242697,W1
QSO_254.0375761+45.5664533,58532.31902850002,18.182,0.0282261103572293,W1
QSO_254.0375761+45.5664533,58695.02339950002,18.296,0.0479036889652321,W1
QSO_254.0375761+45.5664533,58899.21512679999,18.182,0.0243765787712836,W1
QSO_254.0375761+45.5664533,59062.14705399999,18.165,0.0250539836244524,W1
QSO_254.0375761+45.5664533,59264.19232749998,18.257,0.0379568315961015,W1
QSO_254.0375761+45.5664533,59426.50008949998,18.205,0.0373841729731833,W1
QSO_254.0375761+45.5664533,59628.081523,18.2805,0.0405340662371404,W1
QSO_254.0375761+45.5664533,59790.44567750001,18.264,0.0407639715435088,W1
QSO_254.0375761+45.5664533,59994.863708500015,18.279,0.0357043647751923,W1
QSO_254.0375761+45.5664533,60157.37922849993,18.2505,0.0438404621033225,W1
QSO_254.0375761+45.5664533,60358.90440760004,18.16,0.0404594309707359,W1
QSO_254.0375761+45.5664533,60521.7639583,18.2195,0.0393613288518612,W1
QSO_254.0375761+45.5664533,55246.11739300004,18.46,0.0587164162562475,W2
QSO_254.0375761+45.5664533,55426.616608999975,18.591,0.0425790969104853,W2
QSO_254.0375761+45.5664533,56708.722772499976,18.313,0.042101442375066,W2
QSO_254.0375761+45.5664533,56889.17515900003,18.288,0.0512121926021746,W2
QSO_254.0375761+45.5664533,57072.558608143,18.3505,0.057682982293576,W2
QSO_254.0375761+45.5664533,57247.99411237087,18.422,0.06254743725919,W2
QSO_254.0375761+45.5664533,57436.5425464702,18.2775,0.0527814812753962,W2
QSO_254.0375761+45.5664533,57607.11905325852,18.251,0.0499851944800602,W2
QSO_254.0375761+45.5664533,57803.47684500003,18.2895,0.0485598052714382,W2
QSO_254.0375761+45.5664533,57970.77525200001,18.377,0.0347384904810034,W2
QSO_254.0375761+45.5664533,58168.50783349996,18.382,0.0470038877007675,W2
QSO_254.0375761+45.5664533,58331.04094649997,18.306,0.0467018120421643,W2
QSO_254.0375761+45.5664533,58532.31902850002,18.368,0.0471767069972378,W2
QSO_254.0375761+45.5664533,58695.02339950002,18.1,0.0663481718284526,W2
QSO_254.0375761+45.5664533,58899.21512679999,18.2665,0.0467689324657029,W2
QSO_254.0375761+45.5664533,59062.14705399999,18.275,0.0586678693823441,W2
QSO_254.0375761+45.5664533,59264.19232749998,18.339,0.0722203338428338,W2
QSO_254.0375761+45.5664533,59426.50008949998,18.249,0.0614289330572404,W2
QSO_254.0375761+45.5664533,59628.081523,18.2405,0.0551417572558541,W2
QSO_254.0375761+45.5664533,59790.44567750001,18.252,0.0695642666891559,W2
QSO_254.0375761+45.5664533,59994.863708500015,18.123,0.0664684582038728,W2
QSO_254.0375761+45.5664533,60157.37922849993,18.367,0.075420406950741,W2
QSO_254.0375761+45.5664533,60358.90440760004,18.225,0.0780813548856551,W2
QSO_254.0375761+45.5664533,60521.7639583,17.942,0.0565172441728088,W2
QSO_254.4184431+45.6509087,55246.712416,17.9315,0.0257030500922749,W1
QSO_254.4184431+45.6509087,55427.44285950004,18.021,0.0266269323054191,W1
QSO_254.4184431+45.6509087,56709.578405500026,17.926000000000002,0.021828913836697,W1
QSO_254.4184431+45.6509087,56889.70108750004,17.956,0.0258854887468532,W1
QSO_254.4184431+45.6509087,57073.08364242626,17.9895,0.0252021105266998,W1
QSO_254.4184431+45.6509087,57248.55141265626,17.965,0.0275953691249058,W1
QSO_254.4184431+45.6509087,57437.23221861371,17.935499999999998,0.0289768204257217,W1
QSO_254.4184431+45.6509087,57607.64426329165,18.0145,0.0381656215286306,W1
QSO_254.4184431+45.6509087,57803.934956500016,18.018,0.0242989569486095,W1
QSO_254.4184431+45.6509087,57971.36417950004,17.991999999999997,0.0229406254710383,W1
QSO_254.4184431+45.6509087,58168.7693195,17.9315,0.0212441817786588,W1
QSO_254.4184431+45.6509087,58331.56421050003,17.966,0.0249831301480897,W1
QSO_254.4184431+45.6509087,58532.84203700004,17.973,0.0351659264310035,W1
QSO_254.4184431+45.6509087,58695.57907550006,17.933500000000002,0.0437922524540586,W1
QSO_254.4184431+45.6509087,58703.978638,18.048,0.0,W1
QSO_254.4184431+45.6509087,58899.64111419996,17.997,0.0249043045275309,W1
QSO_254.4184431+45.6509087,59062.70403280002,18.0545,0.0387429055632316,W1
QSO_254.4184431+45.6509087,59264.48629849997,17.982,0.0255728336653083,W1
QSO_254.4184431+45.6509087,59427.12075375,18.019,0.0468999516924059,W1
QSO_254.4184431+45.6509087,59628.73419775001,17.9285,0.0249589422327168,W1
QSO_254.4184431+45.6509087,59791.03230550003,17.997,0.0401593172376644,W1
QSO_254.4184431+45.6509087,59995.286305500056,17.965,0.029816765193034,W1
QSO_254.4184431+45.6509087,60157.994801000015,17.972,0.0272110564925656,W1
QSO_254.4184431+45.6509087,60359.2916722,17.938000000000002,0.0339240760494664,W1
QSO_254.4184431+45.6509087,60522.33846849996,17.963,0.0467063013731868,W1
QSO_254.4184431+45.6509087,55246.712416,18.49,0.0552250876555841,W2
QSO_254.4184431+45.6509087,55427.44285950004,18.6045,0.0400890532128161,W2
QSO_254.4184431+45.6509087,56709.578405500026,18.3925,0.0332958574245612,W2
QSO_254.4184431+45.6509087,56889.70108750004,18.395,0.054654344691799,W2
QSO_254.4184431+45.6509087,57073.08364242626,18.45,0.1023469460951327,W2
QSO_254.4184431+45.6509087,57248.55141265626,18.339,0.0650099195192579,W2
QSO_254.4184431+45.6509087,57437.23221861371,18.3555,0.060710437535587,W2
QSO_254.4184431+45.6509087,57607.64426329165,18.3805,0.0529990807048155,W2
QSO_254.4184431+45.6509087,57803.934956500016,18.378,0.040120924353749,W2
QSO_254.4184431+45.6509087,57971.36417950004,18.389,0.0540633408041441,W2
QSO_254.4184431+45.6509087,58168.7693195,18.423,0.0560951192172724,W2
QSO_254.4184431+45.6509087,58331.56421050003,18.283,0.0575878850852324,W2
QSO_254.4184431+45.6509087,58532.84203700004,18.37,0.0688715297390457,W2
QSO_254.4184431+45.6509087,58695.57907550006,18.408,0.0879183221803056,W2
QSO_254.4184431+45.6509087,58703.978638,17.551,0.0,W2
QSO_254.4184431+45.6509087,58899.64111419996,18.413,0.0455043221390379,W2
QSO_254.4184431+45.6509087,59062.70403280002,18.1285,0.0623845455612546,W2
QSO_254.4184431+45.6509087,59264.48629849997,18.387,0.0546780195348275,W2
QSO_254.4184431+45.6509087,59427.12075375,18.3825,0.0761371202764091,W2
QSO_254.4184431+45.6509087,59628.73419775001,18.316000000000003,0.0444019766684994,W2
QSO_254.4184431+45.6509087,59791.03230550003,18.2655,0.0401129689113665,W2
QSO_254.4184431+45.6509087,59995.286305500056,18.216,0.0616460535949692,W2
QSO_254.4184431+45.6509087,60157.994801000015,18.265,0.0578769628069453,W2
QSO_254.4184431+45.6509087,60359.2916722,18.255,0.0558816026398882,W2
QSO_254.4184431+45.6509087,60522.33846849996,17.907,0.1137154913059913,W2
QSO_254.2096046+45.5421485,55246.414959250025,17.945999999999998,0.0231698631966966,W1
QSO_254.2096046+45.5421485,55427.14540274998,18.008,0.0288961874307515,W1
QSO_254.2096046+45.5421485,56709.183548500005,18.025,0.0285508770615267,W1
QSO_254.2096046+45.5421485,56889.5038415,18.045,0.0328571108449357,W1
QSO_254.2096046+45.5421485,57072.85389316171,17.961,0.0310378759944636,W1
QSO_254.2096046+45.5421485,57248.22362438544,18.036,0.0362991993314795,W1
QSO_254.2096046+45.5421485,57437.00235229923,18.03,0.0302977269270229,W1
QSO_254.2096046+45.5421485,57607.41445187717,18.002000000000002,0.0305019967700831,W1
QSO_254.2096046+45.5421485,57803.73862300005,18.0455,0.0225870964444888,W1
QSO_254.2096046+45.5421485,57971.135142000014,17.987499999999997,0.027060793013482,W1
QSO_254.2096046+45.5421485,58168.671353499965,17.920499999999997,0.0288091160793043,W1
QSO_254.2096046+45.5421485,58331.30257850004,18.003999999999998,0.0277218809902389,W1
QSO_254.2096046+45.5421485,58532.645959000016,17.985,0.0280776206611578,W1
QSO_254.2096046+45.5421485,58695.21958699996,18.051,0.0448230606295269,W1
QSO_254.2096046+45.5421485,58703.978638,17.969,0.0,W1
QSO_254.2096046+45.5421485,58899.411760299976,18.093,0.0339154255147574,W1
QSO_254.2096046+45.5421485,59062.47458740001,18.054,0.03208690798441,W1
QSO_254.2096046+45.5421485,59264.453649250005,17.937,0.0387578181579659,W1
QSO_254.2096046+45.5421485,59426.859578,18.033,0.042113359393577,W1
QSO_254.2096046+45.5421485,59628.4405735,18.066000000000003,0.0311675927264307,W1
QSO_254.2096046+45.5421485,59790.67371125002,18.0125,0.0422184956506032,W1
QSO_254.2096046+45.5421485,59995.12380750003,18.061,0.0274157023619677,W1
QSO_254.2096046+45.5421485,60157.80036549997,18.011,0.0392274403752781,W1
QSO_254.2096046+45.5421485,60359.16265720002,18.095,0.0392856258838383,W1
QSO_254.2096046+45.5421485,60521.987309799966,17.939,0.056236973406914,W1
QSO_254.2096046+45.5421485,55246.414959250025,18.589,0.0481868439812193,W2
QSO_254.2096046+45.5421485,55427.14540274998,18.4575,0.0491638474921029,W2
QSO_254.2096046+45.5421485,56709.183548500005,18.346,0.0405298543293703,W2
QSO_254.2096046+45.5421485,56889.5038415,18.442,0.0500940531612512,W2
QSO_254.2096046+45.5421485,57072.85389316171,18.325,0.0657527016438002,W2
QSO_254.2096046+45.5421485,57248.22362438544,18.3455,0.0560969671134608,W2
QSO_254.2096046+45.5421485,57437.00235229923,18.476,0.0412014412207163,W2
QSO_254.2096046+45.5421485,57607.41445187717,18.308,0.058749635058446,W2
QSO_254.2096046+45.5421485,57803.73862300005,18.37,0.0402503468167473,W2
QSO_254.2096046+45.5421485,57971.135142000014,18.306,0.0529103000544492,W2
QSO_254.2096046+45.5421485,58168.671353499965,18.375,0.044745149983037,W2
QSO_254.2096046+45.5421485,58331.30257850004,18.276,0.0551561911345992,W2
QSO_254.2096046+45.5421485,58532.645959000016,18.331,0.0661356136275221,W2
QSO_254.2096046+45.5421485,58695.21958699996,18.283,0.0716415054366156,W2
QSO_254.2096046+45.5421485,58703.978638,18.82,0.0,W2
QSO_254.2096046+45.5421485,58899.411760299976,18.274,0.0576871713689907,W2
QSO_254.2096046+45.5421485,59062.47458740001,18.253,0.0596609760563804,W2
QSO_254.2096046+45.5421485,59264.453649250005,18.1865,0.0565152409748803,W2
QSO_254.2096046+45.5421485,59426.859578,18.267,0.0539179931359007,W2
QSO_254.2096046+45.5421485,59628.4405735,18.192,0.0502653837053767,W2
QSO_254.2096046+45.5421485,59790.67371125002,18.2165,0.0692513898777491,W2
QSO_254.2096046+45.5421485,59995.12380750003,18.382,0.0471956160675968,W2
QSO_254.2096046+45.5421485,60157.80036549997,18.313,0.0667326577593624,W2
QSO_254.2096046+45.5421485,60359.16265720002,18.3425,0.0692673668472629,W2
QSO_254.2096046+45.5421485,60521.987309799966,17.845,0.1078603380588622,W2
QSO_254.4011201+45.6815182,55246.67938349994,18.0935,0.0324743744682862,W1
QSO_254.4011201+45.6815182,55427.44293250002,18.083,0.0321418068166129,W1
QSO_254.4011201+45.6815182,56709.44682299997,18.081,0.0220949271764852,W1
QSO_254.4011201+45.6815182,56889.70101450006,18.048,0.0259023582708188,W1
QSO_254.4011201+45.6815182,57073.11640117835,18.065,0.0355150921021109,W1
QSO_254.4011201+45.6815182,57248.45304515005,18.132,0.0183608460569469,W1
QSO_254.4011201+45.6815182,57437.29786071789,18.059,0.0328520075490067,W1
QSO_254.4011201+45.6815182,57607.677056893735,18.07,0.0244614031562472,W1
QSO_254.4011201+45.6815182,57803.31321550002,18.112,0.0264135079599218,W1
QSO_254.4011201+45.6815182,57971.36417950004,18.0835,0.0308729804503225,W1
QSO_254.4011201+45.6815182,58168.83472750001,18.073,0.0189664092907356,W1
QSO_254.4011201+45.6815182,58331.53150650006,18.1215,0.0308247893501961,W1
QSO_254.4011201+45.6815182,58532.84203700004,18.081,0.0291827323097277,W1
QSO_254.4011201+45.6815182,58695.51374050003,18.104,0.0452250193477018,W1
QSO_254.4011201+45.6815182,58703.978638,18.118,0.0,W1
QSO_254.4011201+45.6815182,58899.57552700003,18.133,0.0307991002465981,W1
QSO_254.4011201+45.6815182,59062.76954679998,18.022,0.0412892535348717,W1
QSO_254.4011201+45.6815182,59264.453649250005,18.085,0.0302110266261789,W1
QSO_254.4011201+45.6815182,59427.186107000016,18.047,0.0387821493874579,W1
QSO_254.4011201+45.6815182,59628.701566750016,18.079,0.0215803417559533,W1
QSO_254.4011201+45.6815182,59791.09745800002,18.104,0.0323549802036659,W1
QSO_254.4011201+45.6815182,59995.221225999965,18.0445,0.0365409449993175,W1
QSO_254.4011201+45.6815182,60157.93005000002,18.067,0.0328736038238165,W1
QSO_254.4011201+45.6815182,60359.42079699999,18.08,0.0394973520166419,W1
QSO_254.4011201+45.6815182,60522.33846849996,18.14,0.0661640558888787,W1
QSO_254.4011201+45.6815182,55246.67938349994,18.562,0.053731292502428,W2
QSO_254.4011201+45.6815182,55427.44293250002,18.537,0.0381475825169687,W2
QSO_254.4011201+45.6815182,56709.44682299997,18.309,0.041167218910092,W2
QSO_254.4011201+45.6815182,56889.70101450006,18.302,0.056785865100557,W2
QSO_254.4011201+45.6815182,57073.11640117835,18.346,0.0819832053180451,W2
QSO_254.4011201+45.6815182,57248.45304515005,18.2685,0.0500059950109688,W2
QSO_254.4011201+45.6815182,57437.29786071789,18.273,0.0506789108012396,W2
QSO_254.4011201+45.6815182,57607.677056893735,18.302,0.0469453669837774,W2
QSO_254.4011201+45.6815182,57803.31321550002,18.272,0.0378656810317733,W2
QSO_254.4011201+45.6815182,57971.36417950004,18.437,0.0625547255591309,W2
QSO_254.4011201+45.6815182,58168.83472750001,18.4265,0.0442711347839299,W2
QSO_254.4011201+45.6815182,58331.53150650006,18.332,0.0498593356631402,W2
QSO_254.4011201+45.6815182,58532.84203700004,18.28,0.0423297202048398,W2
QSO_254.4011201+45.6815182,58695.51374050003,18.339,0.0689084637399498,W2
QSO_254.4011201+45.6815182,58703.978638,18.053,0.0,W2
QSO_254.4011201+45.6815182,58899.57552700003,18.254,0.0444410433720902,W2
QSO_254.4011201+45.6815182,59062.76954679998,18.275,0.0549246478509506,W2
QSO_254.4011201+45.6815182,59264.453649250005,18.2475,0.068671977285276,W2
QSO_254.4011201+45.6815182,59427.186107000016,18.202,0.1063867911600559,W2
QSO_254.4011201+45.6815182,59628.701566750016,18.3065,0.0480059534353109,W2
QSO_254.4011201+45.6815182,59791.09745800002,18.385,0.0734898850996978,W2
QSO_254.4011201+45.6815182,59995.221225999965,18.337,0.0415067760064072,W2
QSO_254.4011201+45.6815182,60157.93005000002,18.33,0.0471040776207384,W2
QSO_254.4011201+45.6815182,60359.42079699999,18.18,0.0565026896338577,W2
QSO_254.4011201+45.6815182,60522.33846849996,18.272,0.0642424696552633,W2
QSO_254.2036949+45.604391,55246.28268324999,17.788,0.0285885563741081,W1
QSO_254.2036949+45.604391,55427.04628699999,17.808,0.0272698608075386,W1
QSO_254.2036949+45.604391,56709.24933974995,17.769,0.0198594697830374,W1
QSO_254.2036949+45.604391,56889.43806850003,17.774,0.0265894908761389,W1
QSO_254.2036949+45.604391,57072.78837565753,17.826,0.0313884234131334,W1
QSO_254.2036949+45.604391,57248.02701712291,17.734,0.0220805304284113,W1
QSO_254.2036949+45.604391,57436.90384339299,17.787,0.0278210101940528,W1
QSO_254.2036949+45.604391,57607.38165827508,17.795,0.0257208666373953,W1
QSO_254.2036949+45.604391,57802.691474500025,17.8355,0.0168394589423216,W1
QSO_254.2036949+45.604391,57971.069734,17.808,0.020952366565257,W1
QSO_254.2036949+45.604391,58168.57316850001,17.7745,0.0257919169479389,W1
QSO_254.2036949+45.604391,58331.17176250001,17.836,0.02080150109547,W1
QSO_254.2036949+45.604391,58532.51514299998,17.778,0.0358196625232515,W1
QSO_254.2036949+45.604391,58695.4483325,17.816,0.0280881808833242,W1
QSO_254.2036949+45.604391,58703.978638,17.895,0.0,W1
QSO_254.2036949+45.604391,58899.47729259999,17.7835,0.0362783374233674,W1
QSO_254.2036949+45.604391,59062.3435594,17.853,0.0347698108551575,W1
QSO_254.2036949+45.604391,59264.29033000004,17.819,0.0299550062593884,W1
QSO_254.2036949+45.604391,59426.92483999999,17.892,0.0333593886601681,W1
QSO_254.2036949+45.604391,59628.375274999984,17.811999999999998,0.0315103469355727,W1
QSO_254.2036949+45.604391,59790.70643349996,17.741999999999997,0.0295986689439694,W1
QSO_254.2036949+45.604391,59995.09130425002,17.8205,0.0239766298919734,W1
QSO_254.2036949+45.604391,60157.63843325002,17.779,0.0418076015414329,W1
QSO_254.2036949+45.604391,60359.09758239998,17.8135,0.0314411813576283,W1
QSO_254.2036949+45.604391,60522.083146899975,17.7865,0.0326927838403885,W1
QSO_254.2036949+45.604391,55246.28268324999,18.494,0.0645091150607875,W2
QSO_254.2036949+45.604391,55427.04628699999,18.555,0.0376029538725,W2
QSO_254.2036949+45.604391,56709.24933974995,18.325,0.035715689143949,W2
QSO_254.2036949+45.604391,56889.43806850003,18.36,0.0560342299454646,W2
QSO_254.2036949+45.604391,57072.78837565753,18.285,0.0555380762381278,W2
QSO_254.2036949+45.604391,57248.02701712291,18.415,0.0531387774040765,W2
QSO_254.2036949+45.604391,57436.90384339299,18.4005,0.0524036455960772,W2
QSO_254.2036949+45.604391,57607.38165827508,18.393,0.05728680573318,W2
QSO_254.2036949+45.604391,57802.691474500025,18.317,0.0421113689785477,W2
QSO_254.2036949+45.604391,57971.069734,18.3065,0.056451837551695,W2
QSO_254.2036949+45.604391,58168.57316850001,18.434,0.0544441120065332,W2
QSO_254.2036949+45.604391,58331.17176250001,18.278,0.0471834912694501,W2
QSO_254.2036949+45.604391,58532.51514299998,18.335,0.0507736972602199,W2
QSO_254.2036949+45.604391,58695.4483325,18.1745,0.0729215767013445,W2
QSO_254.2036949+45.604391,58703.978638,18.816,0.0,W2
QSO_254.2036949+45.604391,58899.47729259999,18.443,0.0709182742342929,W2
QSO_254.2036949+45.604391,59062.3435594,18.379,0.0489315007532937,W2
QSO_254.2036949+45.604391,59264.29033000004,18.376,0.0529051075039074,W2
QSO_254.2036949+45.604391,59426.92483999999,18.483,0.0963434605967979,W2
QSO_254.2036949+45.604391,59628.375274999984,18.312,0.0588420183503192,W2
QSO_254.2036949+45.604391,59790.70643349996,18.301,0.0656897098531914,W2
QSO_254.2036949+45.604391,59995.09130425002,18.2135,0.0503830747205295,W2
QSO_254.2036949+45.604391,60157.63843325002,18.3545,0.052709209354048,W2
QSO_254.2036949+45.604391,60359.09758239998,18.276,0.056151254388527,W2
QSO_254.2036949+45.604391,60522.083146899975,17.881999999999998,0.0852033356062865,W2
QSO_254.0772894+45.6491777,55246.051328,18.457,0.0710175741973447,W1
QSO_254.0772894+45.6491777,55426.68265574996,18.5195,0.0344450094743193,W1
QSO_254.0772894+45.6491777,56708.755731999976,18.325000000000003,0.0337834306307868,W1
QSO_254.0772894+45.6491777,56889.24087725,18.3555,0.0480240512660063,W1
QSO_254.0772894+45.6491777,57072.78837565753,18.412,0.0360719479926618,W1
QSO_254.0772894+45.6491777,57247.73198760425,18.3505,0.0463211102482403,W1
QSO_254.0772894+45.6491777,57436.60826177435,18.4755,0.0794919362578945,W1
QSO_254.0772894+45.6491777,57607.41445187717,18.373,0.0494100098551459,W1
QSO_254.0772894+45.6491777,57803.73862299996,18.388,0.0352562441961837,W1
QSO_254.0772894+45.6491777,57970.74262100001,18.3665,0.0348222199177479,W1
QSO_254.0772894+45.6491777,58168.442352499966,18.387,0.0363892593706179,W1
QSO_254.0772894+45.6491777,58331.04094649997,18.3,0.0397368329328014,W1
QSO_254.0772894+45.6491777,58532.51514299998,18.41,0.0508467296361924,W1
QSO_254.0772894+45.6491777,58695.15370449999,18.288,0.0406935211878582,W1
QSO_254.0772894+45.6491777,58899.21512679999,18.3545,0.0521376235276347,W1
QSO_254.0772894+45.6491777,59062.04874639998,18.4005,0.0720931480794118,W1
QSO_254.0772894+45.6491777,59264.22492200002,18.359,0.0708238628963116,W1
QSO_254.0772894+45.6491777,59426.72887149997,18.476,0.0674695074142907,W1
QSO_254.0772894+45.6491777,59628.375274999984,18.331,0.0480294408999419,W1
QSO_254.0772894+45.6491777,59790.51082999999,18.499,0.0503269723721599,W1
QSO_254.0772894+45.6491777,59994.89621174995,18.4045,0.0523935022844688,W1
QSO_254.0772894+45.6491777,60157.57366400006,18.3055,0.059559216680084,W1
QSO_254.0772894+45.6491777,60358.58119300003,18.411,0.0424805803126994,W1
QSO_254.0772894+45.6491777,60522.178837600026,18.184,0.10792130812011,W1
QSO_254.0772894+45.6491777,55246.051328,18.26,0.0587985393015847,W2
QSO_254.0772894+45.6491777,55426.68265574996,18.352,0.0412056749795534,W2
QSO_254.0772894+45.6491777,56708.755731999976,18.148,0.0567259872512557,W2
QSO_254.0772894+45.6491777,56889.24087725,18.2495,0.0568354466860251,W2
QSO_254.0772894+45.6491777,57072.78837565753,18.17,0.0514003930635093,W2
QSO_254.0772894+45.6491777,57247.73198760425,18.2415,0.099860492966716,W2
QSO_254.0772894+45.6491777,57436.60826177435,18.181,0.0805476064797769,W2
QSO_254.0772894+45.6491777,57607.41445187717,18.223,0.1041343211874723,W2
QSO_254.0772894+45.6491777,57803.73862299996,18.183,0.0404707839456268,W2
QSO_254.0772894+45.6491777,57970.74262100001,18.168,0.0482677674540681,W2
QSO_254.0772894+45.6491777,58168.442352499966,18.158,0.0543707894848277,W2
QSO_254.0772894+45.6491777,58331.04094649997,18.251,0.06432540923928,W2
QSO_254.0772894+45.6491777,58532.51514299998,18.316,0.0649909166113428,W2
QSO_254.0772894+45.6491777,58695.15370449999,18.254,0.0797167132436503,W2
QSO_254.0772894+45.6491777,58899.21512679999,18.124,0.0900635070532697,W2
QSO_254.0772894+45.6491777,59062.04874639998,18.234,0.0658568248171745,W2
QSO_254.0772894+45.6491777,59264.22492200002,18.16,0.0763367665409396,W2
QSO_254.0772894+45.6491777,59426.72887149997,18.32,0.1143029810099635,W2
QSO_254.0772894+45.6491777,59628.375274999984,18.194,0.04675027741988,W2
QSO_254.0772894+45.6491777,59790.51082999999,18.167,0.0648955034680399,W2
QSO_254.0772894+45.6491777,59994.89621174995,18.2155,0.0911331963404042,W2
QSO_254.0772894+45.6491777,60157.57366400006,17.975,0.0789490023423062,W2
QSO_254.0772894+45.6491777,60358.58119300003,18.123,0.0728039193084182,W2
QSO_254.0772894+45.6491777,60522.178837600026,17.956,0.0840773973571715,W2
QSO_254.2400081+45.5327823,55246.54716225,18.265,0.0507427644400845,W1
QSO_254.2400081+45.5327823,55427.24451849997,18.294,0.0352057559035962,W1
QSO_254.2400081+45.5327823,56709.24939450004,18.2195,0.0268717010181814,W1
QSO_254.2400081+45.5327823,56889.53667325003,18.246,0.0299145764534249,W1
QSO_254.2400081+45.5327823,57072.85396616168,18.1065,0.046227366083306,W1
QSO_254.2400081+45.5327823,57248.28916013966,18.286,0.054973510126957,W1
QSO_254.2400081+45.5327823,57437.03514590123,18.239,0.035909056203976,W1
QSO_254.2400081+45.5327823,57607.57862118747,18.162,0.0337475811461738,W1
QSO_254.2400081+45.5327823,57803.80414049998,18.224,0.0245672101517231,W1
QSO_254.2400081+45.5327823,57971.26601274996,18.295,0.0404412817428329,W1
QSO_254.2400081+45.5327823,58168.73661550003,18.244,0.0332835913868591,W1
QSO_254.2400081+45.5327823,58331.4333945,18.268,0.0329085338454592,W1
QSO_254.2400081+45.5327823,58532.71136700003,18.167,0.0291789939663602,W1
QSO_254.2400081+45.5327823,58695.21958699996,18.221,0.0380176298901017,W1
QSO_254.2400081+45.5327823,58703.978638,18.133,0.0,W1
QSO_254.2400081+45.5327823,58899.44449900003,18.175,0.0476175191001889,W1
QSO_254.2400081+45.5327823,59062.57291330007,18.314,0.0318533333517964,W1
QSO_254.2400081+45.5327823,59264.42094524996,18.167,0.0549878273531951,W1
QSO_254.2400081+45.5327823,59426.859578,18.169,0.0570719652208609,W1
QSO_254.2400081+45.5327823,59628.4405735,18.198,0.0458018742346153,W1
QSO_254.2400081+45.5327823,59790.67371125002,18.235,0.0414233492302837,W1
QSO_254.2400081+45.5327823,59995.25380225004,18.3115,0.0395536941299887,W1
QSO_254.2400081+45.5327823,60157.80036549997,18.27,0.0342101047060659,W1
QSO_254.2400081+45.5327823,60359.1301198,18.1965,0.0388949067082532,W1
QSO_254.2400081+45.5327823,60522.178837600026,18.091,0.068514877981965,W1
QSO_254.2400081+45.5327823,55246.54716225,18.3575,0.0585016915709851,W2
QSO_254.2400081+45.5327823,55427.24451849997,18.5715,0.0399322442532042,W2
QSO_254.2400081+45.5327823,56709.24939450004,18.3705,0.0418316913230133,W2
QSO_254.2400081+45.5327823,56889.53667325003,18.3865,0.0421300472976014,W2
QSO_254.2400081+45.5327823,57072.85396616168,18.3525,0.0540030138047868,W2
QSO_254.2400081+45.5327823,57248.28916013966,18.267,0.0785511634692123,W2
QSO_254.2400081+45.5327823,57437.03514590123,18.252,0.0572858660225727,W2
QSO_254.2400081+45.5327823,57607.57862118747,18.2715,0.0689658648119434,W2
QSO_254.2400081+45.5327823,57803.80414049998,18.331,0.0361419886256842,W2
QSO_254.2400081+45.5327823,57971.26601274996,18.234,0.0543666040871009,W2
QSO_254.2400081+45.5327823,58168.73661550003,18.5,0.0492007524449918,W2
QSO_254.2400081+45.5327823,58331.4333945,18.404,0.0502258042027586,W2
QSO_254.2400081+45.5327823,58532.71136700003,18.298,0.0464813497721916,W2
QSO_254.2400081+45.5327823,58695.21958699996,18.256,0.0695599265473823,W2
QSO_254.2400081+45.5327823,58703.978638,18.438,0.0,W2
QSO_254.2400081+45.5327823,58899.44449900003,18.376,0.0729024631244575,W2
QSO_254.2400081+45.5327823,59062.57291330007,18.2675,0.0646381079326003,W2
QSO_254.2400081+45.5327823,59264.42094524996,18.348,0.0463276892325946,W2
QSO_254.2400081+45.5327823,59426.859578,18.322,0.0687623662485584,W2
QSO_254.2400081+45.5327823,59628.4405735,18.27,0.0502721349252308,W2
QSO_254.2400081+45.5327823,59790.67371125002,18.3745,0.0515701092298708,W2
QSO_254.2400081+45.5327823,59995.25380225004,18.2645,0.0576465065665623,W2
QSO_254.2400081+45.5327823,60157.80036549997,18.322,0.0632992264091749,W2
QSO_254.2400081+45.5327823,60359.1301198,18.211,0.0593940381316996,W2
QSO_254.2400081+45.5327823,60522.178837600026,18.067,0.1118517184136935,W2
QSO_254.2579001+45.7414271,55246.24959600001,17.927,0.0362016302243684,W1
QSO_254.2579001+45.7414271,55426.98022200003,18.054,0.0203128036656766,W1
QSO_254.2579001+45.7414271,56709.183548500005,18.0,0.0323934005973676,W1
QSO_254.2579001+45.7414271,56889.470955000055,17.985500000000002,0.0262223129009923,W1
QSO_254.2579001+45.7414271,57072.82106140964,17.9635,0.0275443771439186,W1
QSO_254.2579001+45.7414271,57248.09253462708,17.983,0.0320310115204303,W1
QSO_254.2579001+45.7414271,57436.969448897136,18.056,0.0417741681073983,W1
QSO_254.2579001+45.7414271,57607.57867608748,17.9835,0.0218491302107612,W1
QSO_254.2579001+45.7414271,57803.11686375,17.987000000000002,0.0243229639113522,W1
QSO_254.2579001+45.7414271,57970.97162200001,17.976,0.0318660013736305,W1
QSO_254.2579001+45.7414271,58168.50768750001,18.032,0.0307929610006561,W1
QSO_254.2579001+45.7414271,58331.17183550006,18.078,0.0236279605819462,W1
QSO_254.2579001+45.7414271,58532.54784700003,18.012,0.0238633296702566,W1
QSO_254.2579001+45.7414271,58695.35034825,17.930500000000002,0.0433063779944708,W1
QSO_254.2579001+45.7414271,58703.978638,17.848,0.0,W1
QSO_254.2579001+45.7414271,58899.411760299976,17.9705,0.031246323398882,W1
QSO_254.2579001+45.7414271,59062.24528839994,18.041,0.0384518077405799,W1
QSO_254.2579001+45.7414271,59264.29033000004,17.936,0.0287903317104892,W1
QSO_254.2579001+45.7414271,59426.892209,17.985500000000002,0.0371810082569045,W1
QSO_254.2579001+45.7414271,59628.34258925,18.036,0.0362527739714745,W1
QSO_254.2579001+45.7414271,59790.83673850001,18.011,0.0261696466367544,W1
QSO_254.2579001+45.7414271,59995.02620650004,18.0205,0.0345087056451864,W1
QSO_254.2579001+45.7414271,60157.63843325002,17.997500000000002,0.0288586772172402,W1
QSO_254.2579001+45.7414271,60359.06555740005,18.064,0.0227059574338778,W1
QSO_254.2579001+45.7414271,60522.24263140004,18.053,0.042211285133156,W1
QSO_254.2579001+45.7414271,55246.24959600001,18.384,0.0493331265632966,W2
QSO_254.2579001+45.7414271,55426.98022200003,18.464,0.0399002111948635,W2
QSO_254.2579001+45.7414271,56709.183548500005,18.301,0.0404401624665091,W2
QSO_254.2579001+45.7414271,56889.470955000055,18.398,0.060617757900522,W2
QSO_254.2579001+45.7414271,57072.82106140964,18.3965,0.0858828964394333,W2
QSO_254.2579001+45.7414271,57248.09253462708,18.32,0.0373809257148405,W2
QSO_254.2579001+45.7414271,57436.969448897136,18.229,0.0617296046859393,W2
QSO_254.2579001+45.7414271,57607.57867608748,18.371,0.05152085320945,W2
QSO_254.2579001+45.7414271,57803.11686375,18.279,0.0329583827591223,W2
QSO_254.2579001+45.7414271,57970.97162200001,18.232,0.040916830907826,W2
QSO_254.2579001+45.7414271,58168.50768750001,18.408,0.0479023597498746,W2
QSO_254.2579001+45.7414271,58331.17183550006,18.3065,0.0616293331080584,W2
QSO_254.2579001+45.7414271,58532.54784700003,18.289,0.0397219524060859,W2
QSO_254.2579001+45.7414271,58695.35034825,18.2495,0.0578969979791698,W2
QSO_254.2579001+45.7414271,58703.978638,18.656,0.0,W2
QSO_254.2579001+45.7414271,58899.411760299976,18.269,0.0492658099965989,W2
QSO_254.2579001+45.7414271,59062.24528839994,18.1135,0.0565306983138529,W2
QSO_254.2579001+45.7414271,59264.29033000004,18.27,0.0620462052344864,W2
QSO_254.2579001+45.7414271,59426.892209,18.14,0.0897643748933842,W2
QSO_254.2579001+45.7414271,59628.34258925,18.326,0.050656045892102,W2
QSO_254.2579001+45.7414271,59790.83673850001,18.248,0.0749395797373867,W2
QSO_254.2579001+45.7414271,59995.02620650004,18.3285,0.0502743294307189,W2
QSO_254.2579001+45.7414271,60157.63843325002,18.3135,0.0482015605845314,W2
QSO_254.2579001+45.7414271,60359.06555740005,18.2645,0.0682977643618696,W2
QSO_254.2579001+45.7414271,60522.24263140004,18.008,0.0953694974141997,W2
QSO_254.3840428+45.6090961,55246.5801765,17.967,0.0286511961646746,W1
QSO_254.3840428+45.6090961,55427.44285950004,18.044,0.0240938614347749,W1
QSO_254.3840428+45.6090961,56709.64425150006,17.963,0.0185058436176252,W1
QSO_254.3840428+45.6090961,56889.70094150001,17.944,0.0295699364403479,W1
QSO_254.3840428+45.6090961,57073.11654717838,17.969,0.0329688641217651,W1
QSO_254.3840428+45.6090961,57248.42023164796,17.922,0.0312754472390085,W1
QSO_254.3840428+45.6090961,57437.10087950544,17.942,0.0307534651055778,W1
QSO_254.3840428+45.6090961,57607.70990539582,18.004,0.0339503441522403,W1
QSO_254.3840428+45.6090961,57803.86949375,17.954,0.0191380519384811,W1
QSO_254.3840428+45.6090961,57971.396883500005,17.89,0.0225597199029404,W1
QSO_254.3840428+45.6090961,58168.63850350004,18.0575,0.03340548708005,W1
QSO_254.3840428+45.6090961,58331.59685975,17.922,0.0261309560900697,W1
QSO_254.3840428+45.6090961,58532.84218299999,17.903,0.025293348837753,W1
QSO_254.3840428+45.6090961,58695.51374050003,17.88,0.0285404305150561,W1
QSO_254.3840428+45.6090961,58703.978638,17.871000000000002,0.0,W1
QSO_254.3840428+45.6090961,58899.64111419996,17.942999999999998,0.0247583211062462,W1
QSO_254.3840428+45.6090961,59062.638500500005,17.9515,0.0264481759885163,W1
QSO_254.3840428+45.6090961,59264.55156050004,17.971,0.0368008325342256,W1
QSO_254.3840428+45.6090961,59427.186107000016,17.929000000000002,0.0355715491806458,W1
QSO_254.3840428+45.6090961,59628.701548499965,17.936,0.031877075072857,W1
QSO_254.3840428+45.6090961,59790.96704349997,17.897,0.0289884345573271,W1
QSO_254.3840428+45.6090961,59995.286305500056,17.924,0.0334424928494921,W1
QSO_254.3840428+45.6090961,60157.994801000015,17.964,0.0344790362755173,W1
QSO_254.3840428+45.6090961,60359.35623459995,17.904,0.0291416861247825,W1
QSO_254.3840428+45.6090961,60522.370365400006,17.933999999999997,0.0462212525525699,W1
QSO_254.3840428+45.6090961,55246.5801765,18.407,0.0478581062726054,W2
QSO_254.3840428+45.6090961,55427.44285950004,18.482,0.0406042731382369,W2
QSO_254.3840428+45.6090961,56709.64425150006,18.344,0.0392285839662866,W2
QSO_254.3840428+45.6090961,56889.70094150001,18.417,0.0545527947732145,W2
QSO_254.3840428+45.6090961,57073.11654717838,18.224,0.0589497210725471,W2
QSO_254.3840428+45.6090961,57248.42023164796,18.232,0.0458955990918519,W2
QSO_254.3840428+45.6090961,57437.10087950544,18.248,0.0595648078650473,W2
QSO_254.3840428+45.6090961,57607.70990539582,18.2315,0.0638516341033026,W2
QSO_254.3840428+45.6090961,57803.86949375,18.2325,0.0336873488419614,W2
QSO_254.3840428+45.6090961,57971.396883500005,18.397,0.0585158782586565,W2
QSO_254.3840428+45.6090961,58168.63850350004,18.2775,0.0690790083398826,W2
QSO_254.3840428+45.6090961,58331.59685975,18.2265,0.0584516054509251,W2
QSO_254.3840428+45.6090961,58532.84218299999,18.301,0.0590385616791265,W2
QSO_254.3840428+45.6090961,58695.51374050003,18.1535,0.0490341700343155,W2
QSO_254.3840428+45.6090961,58703.978638,18.324,0.0,W2
QSO_254.3840428+45.6090961,58899.64111419996,18.301,0.0480036665266311,W2
QSO_254.3840428+45.6090961,59062.638500500005,18.239,0.0560084610044021,W2
QSO_254.3840428+45.6090961,59264.55156050004,18.273,0.0642240662158555,W2
QSO_254.3840428+45.6090961,59427.186107000016,18.102,0.0842459608879021,W2
QSO_254.3840428+45.6090961,59628.701548499965,18.291,0.0481885008763756,W2
QSO_254.3840428+45.6090961,59790.96704349997,18.288,0.057362922807998,W2
QSO_254.3840428+45.6090961,59995.286305500056,18.0865,0.0623085094936534,W2
QSO_254.3840428+45.6090961,60157.994801000015,18.178,0.0605308100608354,W2
QSO_254.3840428+45.6090961,60359.35623459995,18.224,0.0526240040978607,W2
QSO_254.3840428+45.6090961,60522.370365400006,17.955,0.0980644916126527,W2
QSO_254.1260819+45.5522231,55246.24974199996,18.467,0.084340348440115,W1
QSO_254.1260819+45.5522231,55426.91404749999,18.446,0.0310097527311076,W1
QSO_254.1260819+45.5522231,56708.82157800001,18.4435,0.0350641355160857,W1
QSO_254.1260819+45.5522231,56889.33942725,18.388,0.0466947759882391,W1
QSO_254.1260819+45.5522231,57072.75554390547,18.438,0.0348712477080789,W1
QSO_254.1260819+45.5522231,57248.09253462708,18.515,0.0556994777694159,W1
QSO_254.1260819+45.5522231,57437.00235229923,18.471,0.0609093981974305,W1
QSO_254.1260819+45.5522231,57607.38165827508,18.442500000000003,0.038201639158222,W1
QSO_254.1260819+45.5522231,57803.11686375,18.436,0.0323530278026647,W1
QSO_254.1260819+45.5522231,57970.93891800004,18.4225,0.0366685358977456,W1
QSO_254.1260819+45.5522231,58168.6386495,18.563,0.0435475673832649,W1
QSO_254.1260819+45.5522231,58331.17176250001,18.486,0.0454031458351537,W1
QSO_254.1260819+45.5522231,58532.58060575,18.408,0.0359026056749632,W1
QSO_254.1260819+45.5522231,58695.18659100002,18.437,0.0557072885716043,W1
QSO_254.1260819+45.5522231,58899.247920400034,18.4735,0.0412720537317161,W1
QSO_254.1260819+45.5522231,59062.3435594,18.488,0.0510357021094389,W1
QSO_254.1260819+45.5522231,59264.322961000034,18.4775,0.0443999850328227,W1
QSO_254.1260819+45.5522231,59426.63096024994,18.5855,0.0693686384470677,W1
QSO_254.1260819+45.5522231,59628.310013,18.495,0.0397276729748925,W1
QSO_254.1260819+45.5522231,59790.57598249997,18.497,0.0511570264599599,W1
QSO_254.1260819+45.5522231,59995.058801,18.385,0.0500736098159499,W1
QSO_254.1260819+45.5522231,60157.73559625,18.426,0.032560193373739,W1
QSO_254.1260819+45.5522231,60359.033532400026,18.525,0.0682480912936804,W1
QSO_254.1260819+45.5522231,60521.85972220003,18.5665,0.0663134872251714,W1
QSO_254.1260819+45.5522231,55246.24974199996,18.579,0.0515153997946244,W2
QSO_254.1260819+45.5522231,55426.91404749999,18.576,0.0396661822550693,W2
QSO_254.1260819+45.5522231,56708.82157800001,18.348,0.039053233679431,W2
QSO_254.1260819+45.5522231,56889.33942725,18.47,0.0588803803413322,W2
QSO_254.1260819+45.5522231,57072.75554390547,18.3685,0.0624112563052435,W2
QSO_254.1260819+45.5522231,57248.09253462708,18.318,0.0707596837977302,W2
QSO_254.1260819+45.5522231,57437.00235229923,18.39,0.0535373025674967,W2
QSO_254.1260819+45.5522231,57607.38165827508,18.2985,0.0518776872421444,W2
QSO_254.1260819+45.5522231,57803.11686375,18.326,0.044369524766443,W2
QSO_254.1260819+45.5522231,57970.93891800004,18.3305,0.0470409646820469,W2
QSO_254.1260819+45.5522231,58168.6386495,18.375,0.0496893474499313,W2
QSO_254.1260819+45.5522231,58331.17176250001,18.537,0.0660241464358574,W2
QSO_254.1260819+45.5522231,58532.58060575,18.3645,0.0614725441065836,W2
QSO_254.1260819+45.5522231,58695.18659100002,18.34,0.0542910796507114,W2
QSO_254.1260819+45.5522231,58899.247920400034,18.460500000000003,0.0662026498921478,W2
QSO_254.1260819+45.5522231,59062.3435594,18.384,0.0614948949950371,W2
QSO_254.1260819+45.5522231,59264.322961000034,18.308,0.0542641174900426,W2
QSO_254.1260819+45.5522231,59426.63096024994,18.251,0.0790029073832097,W2
QSO_254.1260819+45.5522231,59628.310013,18.37,0.060067256171728,W2
QSO_254.1260819+45.5522231,59790.57598249997,18.349,0.0756230100574273,W2
QSO_254.1260819+45.5522231,59995.058801,18.429,0.0682773478102364,W2
QSO_254.1260819+45.5522231,60157.73559625,18.315,0.0650842407960637,W2
QSO_254.1260819+45.5522231,60359.033532400026,18.368,0.0584803450849675,W2
QSO_254.1260819+45.5522231,60521.85972220003,18.148,0.1126230885273729,W2
QSO_254.0893599+45.5372539,55246.15048025002,17.695999999999998,0.0365220371305758,W1
QSO_254.0893599+45.5372539,55426.781844500016,17.756,0.0156060660570746,W1
QSO_254.0893599+45.5372539,56708.78869149998,17.6895,0.0158655084855208,W1
QSO_254.0893599+45.5372539,56889.372259000025,17.692,0.0248046184555201,W1
QSO_254.0893599+45.5372539,57072.7227121534,17.727,0.0223500872713421,W1
QSO_254.0893599+45.5372539,57248.09247987708,17.7765,0.0256875604603332,W1
QSO_254.0893599+45.5372539,57436.77248598474,17.732999999999997,0.0294817829081122,W1
QSO_254.0893599+45.5372539,57607.31601617091,17.739,0.0259387700884442,W1
QSO_254.0893599+45.5372539,57803.41143700001,17.764,0.0165925308888406,W1
QSO_254.0893599+45.5372539,57970.93891800004,17.741500000000002,0.0229595551273806,W1
QSO_254.0893599+45.5372539,58168.6386495,17.748,0.0230042773706054,W1
QSO_254.0893599+45.5372539,58331.13905849995,17.785,0.0262202247355964,W1
QSO_254.0893599+45.5372539,58532.44984449997,17.740000000000002,0.0238134311482963,W1
QSO_254.0893599+45.5372539,58695.18659100002,17.7905,0.0268627506968291,W1
QSO_254.0893599+45.5372539,58899.21512679999,17.8155,0.0264182940987116,W1
QSO_254.0893599+45.5372539,59062.21249479998,17.753,0.0223709884758891,W1
QSO_254.0893599+45.5372539,59264.22503150003,17.79,0.0246535574849167,W1
QSO_254.0893599+45.5372539,59426.85943199997,17.75,0.0269274005760584,W1
QSO_254.0893599+45.5372539,59628.24473274996,17.764499999999998,0.0210700568128377,W1
QSO_254.0893599+45.5372539,59790.67371125002,17.727,0.0298951731053694,W1
QSO_254.0893599+45.5372539,59995.026279500016,17.706,0.0247167137472103,W1
QSO_254.0893599+45.5372539,60157.476501,17.7,0.028650930258301,W1
QSO_254.0893599+45.5372539,60358.93643259997,17.753999999999998,0.0262097331802268,W1
QSO_254.0893599+45.5372539,60521.987309799966,17.692999999999998,0.0379112460190817,W1
QSO_254.0893599+45.5372539,55246.15048025002,18.3705,0.0653533744543592,W2
QSO_254.0893599+45.5372539,55426.781844500016,18.3995,0.0372135845137224,W2
QSO_254.0893599+45.5372539,56708.78869149998,18.21,0.040665888948915,W2
QSO_254.0893599+45.5372539,56889.372259000025,18.264,0.0548699482619798,W2
QSO_254.0893599+45.5372539,57072.7227121534,18.111,0.0740288949793871,W2
QSO_254.0893599+45.5372539,57248.09247987708,18.2645,0.0589044515343268,W2
QSO_254.0893599+45.5372539,57436.77248598474,18.236,0.0604570383166504,W2
QSO_254.0893599+45.5372539,57607.31601617091,18.1745,0.0464909340829402,W2
QSO_254.0893599+45.5372539,57803.41143700001,18.298,0.0363811812332101,W2
QSO_254.0893599+45.5372539,57970.93891800004,18.3025,0.0433265760481415,W2
QSO_254.0893599+45.5372539,58168.6386495,18.306,0.0526079917841438,W2
QSO_254.0893599+45.5372539,58331.13905849995,18.2385,0.0581634163370757,W2
QSO_254.0893599+45.5372539,58532.44984449997,18.12,0.0471765075304012,W2
QSO_254.0893599+45.5372539,58695.18659100002,18.1825,0.0645498489541223,W2
QSO_254.0893599+45.5372539,58899.21512679999,18.1855,0.047217533874975,W2
QSO_254.0893599+45.5372539,59062.21249479998,18.184,0.0521338094332411,W2
QSO_254.0893599+45.5372539,59264.22503150003,18.104,0.060969841286592,W2
QSO_254.0893599+45.5372539,59426.85943199997,18.096,0.0540356356668444,W2
QSO_254.0893599+45.5372539,59628.24473274996,18.2945,0.0510090028068275,W2
QSO_254.0893599+45.5372539,59790.67371125002,18.159,0.0527389550048159,W2
QSO_254.0893599+45.5372539,59995.026279500016,18.174,0.0505229012683524,W2
QSO_254.0893599+45.5372539,60157.476501,18.285,0.0590156047916316,W2
QSO_254.0893599+45.5372539,60358.93643259997,18.253,0.0463573768258711,W2
QSO_254.0893599+45.5372539,60521.987309799966,18.062,0.0730517614323871,W2
QSO_254.371938+45.6370177,55246.64635099997,18.043,0.0398144769650437,W1
QSO_254.371938+45.6370177,55427.44278649999,18.0235,0.0254800962493874,W1
QSO_254.371938+45.6370177,56709.44682299997,18.036,0.0248078257648816,W1
QSO_254.371938+45.6370177,56889.70101450006,18.0045,0.0236454343536232,W1
QSO_254.371938+45.6370177,57073.11640117835,18.083,0.0392302989501263,W1
QSO_254.371938+45.6370177,57248.42023164796,17.953,0.0304431557480126,W1
QSO_254.371938+45.6370177,57437.166521609535,18.083,0.056135163464184,W1
QSO_254.371938+45.6370177,57607.54588248539,18.008000000000003,0.0225898503058297,W1
QSO_254.371938+45.6370177,57803.80403099998,18.05,0.0213876618992576,W1
QSO_254.371938+45.6370177,57971.20065949995,17.999499999999998,0.0311180003720906,W1
QSO_254.371938+45.6370177,58168.573095499945,18.0545,0.0273566221924012,W1
QSO_254.371938+45.6370177,58331.46609849996,18.012999999999998,0.0227036479617094,W1
QSO_254.371938+45.6370177,58532.744071,18.022,0.0245677412004504,W1
QSO_254.371938+45.6370177,58695.51374050003,18.069,0.0372566957069463,W1
QSO_254.371938+45.6370177,58703.978638,18.036,0.0,W1
QSO_254.371938+45.6370177,58899.54280660004,18.025,0.0252516945596695,W1
QSO_254.371938+45.6370177,59062.638500500005,18.0345,0.0359009071843847,W1
QSO_254.371938+45.6370177,59264.38829599999,18.058,0.0354441886528562,W1
QSO_254.371938+45.6370177,59427.12075375,18.062,0.0603875753492369,W1
QSO_254.371938+45.6370177,59628.701566750016,18.043,0.0388253477868418,W1
QSO_254.371938+45.6370177,59791.09745800002,18.078,0.030225709099859,W1
QSO_254.371938+45.6370177,59995.25374750004,18.052,0.0337881102390095,W1
QSO_254.371938+45.6370177,60157.92997700004,18.0345,0.0258565473772902,W1
QSO_254.371938+45.6370177,60359.2916722,17.988999999999997,0.0325657331561872,W1
QSO_254.371938+45.6370177,60522.3065716,18.065,0.0414017034297155,W1
QSO_254.371938+45.6370177,55246.64635099997,18.426,0.0623750278236411,W2
QSO_254.371938+45.6370177,55427.44278649999,18.5055,0.0288039819295874,W2
QSO_254.371938+45.6370177,56709.44682299997,18.257,0.0383104873343654,W2
QSO_254.371938+45.6370177,56889.70101450006,18.229,0.0547924046985859,W2
QSO_254.371938+45.6370177,57073.11640117835,18.32,0.0687437545449569,W2
QSO_254.371938+45.6370177,57248.42023164796,18.289,0.0615101881519346,W2
QSO_254.371938+45.6370177,57437.166521609535,18.33,0.0684263738557967,W2
QSO_254.371938+45.6370177,57607.54588248539,18.4,0.0510081605651607,W2
QSO_254.371938+45.6370177,57803.80403099998,18.325,0.0372058207532971,W2
QSO_254.371938+45.6370177,57971.20065949995,18.2255,0.0448997278321633,W2
QSO_254.371938+45.6370177,58168.573095499945,18.323,0.0563946093341381,W2
QSO_254.371938+45.6370177,58331.46609849996,18.279,0.0542783736044754,W2
QSO_254.371938+45.6370177,58532.744071,18.2245,0.0527849598972268,W2
QSO_254.371938+45.6370177,58695.51374050003,18.202,0.081862616620775,W2
QSO_254.371938+45.6370177,58703.978638,18.357,0.0,W2
QSO_254.371938+45.6370177,58899.54280660004,18.405,0.0590756831749968,W2
QSO_254.371938+45.6370177,59062.638500500005,18.358,0.0472667435278947,W2
QSO_254.371938+45.6370177,59264.38829599999,18.376,0.0547505152816949,W2
QSO_254.371938+45.6370177,59427.12075375,18.2215,0.0752096026411925,W2
QSO_254.371938+45.6370177,59628.701566750016,18.252,0.053463761075079,W2
QSO_254.371938+45.6370177,59791.09745800002,18.2635,0.0472700753664802,W2
QSO_254.371938+45.6370177,59995.25374750004,18.24,0.0471422776853261,W2
QSO_254.371938+45.6370177,60157.92997700004,18.163,0.0482538060818505,W2
QSO_254.371938+45.6370177,60359.2916722,18.238,0.0389978017842031,W2
QSO_254.371938+45.6370177,60522.3065716,18.098,0.0682352219650054,W2
QSO_254.256781+45.6045799,55246.315770499976,18.4905,0.0371211525637445,W1
QSO_254.256781+45.6045799,55427.17848999996,18.593,0.0355240703876525,W1
QSO_254.256781+45.6045799,56709.31518574998,18.3,0.0306711882463681,W1
QSO_254.256781+45.6045799,56889.5038415,18.417,0.045749023202858,W1
QSO_254.256781+45.6045799,57073.01805192219,18.448,0.058995915112828,W1
QSO_254.256781+45.6045799,57248.12531162915,18.4405,0.0551204069221123,W1
QSO_254.256781+45.6045799,57436.96955869714,18.405,0.0624685419310685,W1
QSO_254.256781+45.6045799,57607.38165827508,18.3695,0.0465374431190686,W1
QSO_254.256781+45.6045799,57802.691474500025,18.351,0.0302157229049128,W1
QSO_254.256781+45.6045799,57971.135142000014,18.35,0.041159325128961,W1
QSO_254.256781+45.6045799,58168.67120750001,18.2655,0.0319747660363987,W1
QSO_254.256781+45.6045799,58331.36798649998,18.3805,0.0426284539002988,W1
QSO_254.256781+45.6045799,58532.61325499997,18.38,0.0277080284299841,W1
QSO_254.256781+45.6045799,58695.41570150002,18.2335,0.0379825935983452,W1
QSO_254.256781+45.6045799,58703.978638,18.395,0.0,W1
QSO_254.256781+45.6045799,58899.54280660004,18.37,0.0421028205362358,W1
QSO_254.256781+45.6045799,59062.50738100006,18.4185,0.0368141545525771,W1
QSO_254.256781+45.6045799,59264.42099999996,18.366,0.0422220643795802,W1
QSO_254.256781+45.6045799,59426.892209,18.465000000000003,0.0578045284701797,W1
QSO_254.256781+45.6045799,59628.60363724993,18.4075,0.0403689580962621,W1
QSO_254.256781+45.6045799,59790.77158600002,18.404,0.0418538368156689,W1
QSO_254.256781+45.6045799,59995.18885050001,18.408,0.0379183658552924,W1
QSO_254.256781+45.6045799,60157.83275924999,18.365,0.0356642014891283,W1
QSO_254.256781+45.6045799,60359.130046599945,18.284,0.0410632055368104,W1
QSO_254.256781+45.6045799,60522.178837600026,18.308,0.0597440962525757,W1
QSO_254.256781+45.6045799,55246.315770499976,18.612,0.0554438222363876,W2
QSO_254.256781+45.6045799,55427.17848999996,18.492,0.0439493248581569,W2
QSO_254.256781+45.6045799,56709.31518574998,18.367,0.0354105974732611,W2
QSO_254.256781+45.6045799,56889.5038415,18.407,0.0479135404836949,W2
QSO_254.256781+45.6045799,57073.01805192219,18.4535,0.0553303307418272,W2
QSO_254.256781+45.6045799,57248.12531162915,18.4225,0.0511661513444463,W2
QSO_254.256781+45.6045799,57436.96955869714,18.488,0.0478349192738051,W2
QSO_254.256781+45.6045799,57607.38165827508,18.4665,0.0590029627169263,W2
QSO_254.256781+45.6045799,57802.691474500025,18.284,0.0396272511503882,W2
QSO_254.256781+45.6045799,57971.135142000014,18.451500000000003,0.0537657542679081,W2
QSO_254.256781+45.6045799,58168.67120750001,18.212,0.0386458075232736,W2
QSO_254.256781+45.6045799,58331.36798649998,18.268500000000003,0.0648456589928264,W2
QSO_254.256781+45.6045799,58532.61325499997,18.308,0.0586953641932459,W2
QSO_254.256781+45.6045799,58695.41570150002,18.39,0.0758643928233994,W2
QSO_254.256781+45.6045799,58703.978638,18.619,0.0,W2
QSO_254.256781+45.6045799,58899.54280660004,18.177,0.0572274842510459,W2
QSO_254.256781+45.6045799,59062.50738100006,18.1205,0.0633343934323435,W2
QSO_254.256781+45.6045799,59264.42099999996,18.443,0.0523091724978537,W2
QSO_254.256781+45.6045799,59426.892209,18.3435,0.074290646363955,W2
QSO_254.256781+45.6045799,59628.60363724993,18.221,0.0350640111385828,W2
QSO_254.256781+45.6045799,59790.77158600002,18.271,0.0575523385877996,W2
QSO_254.256781+45.6045799,59995.18885050001,18.303,0.0469191463018203,W2
QSO_254.256781+45.6045799,60157.83275924999,18.235,0.0530899429862455,W2
QSO_254.256781+45.6045799,60359.130046599945,18.204,0.0744593767414301,W2
QSO_254.256781+45.6045799,60522.178837600026,18.0,0.0628290944635614,W2
QSO_254.1837723+45.546809,55246.315770499976,17.889,0.0353496856678614,W1
QSO_254.1837723+45.546809,55427.07930124999,17.854,0.0245947526823127,W1
QSO_254.1837723+45.546809,56709.05196600003,17.788,0.0194164026934588,W1
QSO_254.1837723+45.546809,56889.40516375003,17.7955,0.0290879796376842,W1
QSO_254.1837723+45.546809,57072.82113440962,17.820999999999998,0.0287709949512427,W1
QSO_254.1837723+45.546809,57248.12531162915,17.8515,0.0190425795182991,W1
QSO_254.1837723+45.546809,57437.03514590123,17.859,0.0264996712432438,W1
QSO_254.1837723+45.546809,57607.38165827508,17.795,0.0196385109115242,W1
QSO_254.1837723+45.546809,57803.73862300005,17.783,0.0181488542087622,W1
QSO_254.1837723+45.546809,57971.03703000003,17.776,0.0261455443061306,W1
QSO_254.1837723+45.546809,58168.6386495,17.8525,0.0180116920718873,W1
QSO_254.1837723+45.546809,58331.30257850004,17.79,0.0247978584079928,W1
QSO_254.1837723+45.546809,58532.580551,17.785,0.0231232004263938,W1
QSO_254.1837723+45.546809,58695.21958699996,17.783,0.0285871730719778,W1
QSO_254.1837723+45.546809,58703.978638,17.522,0.0,W1
QSO_254.1837723+45.546809,58899.346227999966,17.841,0.0223915240258919,W1
QSO_254.1837723+45.546809,59062.40907339996,17.8425,0.0308675791801761,W1
QSO_254.1837723+45.546809,59264.453649250005,17.822,0.0237300487552824,W1
QSO_254.1837723+45.546809,59426.892209,17.8415,0.0267682894917484,W1
QSO_254.1837723+45.546809,59628.4405735,17.788,0.0247850391810569,W1
QSO_254.1837723+45.546809,59790.73886375,17.845,0.0327186837374651,W1
QSO_254.1837723+45.546809,59995.09130425002,17.860500000000002,0.0270249130667073,W1
QSO_254.1837723+45.546809,60157.63843325002,17.8465,0.0286034514421307,W1
QSO_254.1837723+45.546809,60359.06555740005,17.801499999999997,0.0282726342641503,W1
QSO_254.1837723+45.546809,60521.987309799966,17.831,0.0474720471357542,W1
QSO_254.1837723+45.546809,55246.315770499976,18.403,0.0541921322702843,W2
QSO_254.1837723+45.546809,55427.07930124999,18.391,0.04321481777875,W2
QSO_254.1837723+45.546809,56709.05196600003,18.34,0.0296625351531048,W2
QSO_254.1837723+45.546809,56889.40516375003,18.3505,0.0464042302755207,W2
QSO_254.1837723+45.546809,57072.82113440962,18.229,0.0515297148633614,W2
QSO_254.1837723+45.546809,57248.12531162915,18.265,0.0515625287598124,W2
QSO_254.1837723+45.546809,57437.03514590123,18.409,0.0461655012319806,W2
QSO_254.1837723+45.546809,57607.38165827508,18.2975,0.0599393082426501,W2
QSO_254.1837723+45.546809,57803.73862300005,18.2685,0.0337278650013756,W2
QSO_254.1837723+45.546809,57971.03703000003,18.235,0.0500221001631852,W2
QSO_254.1837723+45.546809,58168.6386495,18.2805,0.040041074283263,W2
QSO_254.1837723+45.546809,58331.30257850004,18.361,0.0499310599391609,W2
QSO_254.1837723+45.546809,58532.580551,18.219,0.0444208428980751,W2
QSO_254.1837723+45.546809,58695.21958699996,18.42,0.0624556849551496,W2
QSO_254.1837723+45.546809,58703.978638,18.48,0.0,W2
QSO_254.1837723+45.546809,58899.346227999966,18.264,0.04929802924358,W2
QSO_254.1837723+45.546809,59062.40907339996,18.385,0.056436900523866,W2
QSO_254.1837723+45.546809,59264.453649250005,18.2465,0.0622352087707748,W2
QSO_254.1837723+45.546809,59426.892209,18.2035,0.0667164747101198,W2
QSO_254.1837723+45.546809,59628.4405735,18.285,0.0624360153842065,W2
QSO_254.1837723+45.546809,59790.73886375,18.2105,0.0636397556652048,W2
QSO_254.1837723+45.546809,59995.09130425002,18.2555,0.0531609167323115,W2
QSO_254.1837723+45.546809,60157.63843325002,18.335,0.0445715159560564,W2
QSO_254.1837723+45.546809,60359.06555740005,18.366,0.0433268042288859,W2
QSO_254.1837723+45.546809,60521.987309799966,17.932,0.0720234941092398,W2
QSO_254.2857407+45.5931437,55246.51414799999,18.174,0.0802043622007879,W1
QSO_254.2857407+45.5931437,55427.211504249964,18.253,0.0672001663660618,W1
QSO_254.2857407+45.5931437,56709.44682299997,18.146,0.0250917848635461,W1
QSO_254.2857407+45.5931437,56889.56950499998,18.153,0.0259064261372737,W1
QSO_254.2857407+45.5931437,57073.01805192219,18.1795,0.0287154553333217,W1
QSO_254.2857407+45.5931437,57248.22362438544,18.128,0.0396354152978537,W1
QSO_254.2857407+45.5931437,57437.06801270329,18.1645,0.0375877885520605,W1
QSO_254.2857407+45.5931437,57607.48018548138,18.1055,0.0356315247984865,W1
QSO_254.2857407+45.5931437,57803.67321500003,18.147,0.0233778203391783,W1
QSO_254.2857407+45.5931437,57971.233254,18.206,0.0394839789365536,W1
QSO_254.2857407+45.5931437,58168.671280499984,18.1435,0.0353706264166763,W1
QSO_254.2857407+45.5931437,58331.2698745,18.2235,0.0297580120222082,W1
QSO_254.2857407+45.5931437,58532.678663000064,18.174,0.0223076679543279,W1
QSO_254.2857407+45.5931437,58695.4809635,18.234,0.0289710023568785,W1
QSO_254.2857407+45.5931437,58703.978638,17.769,0.0,W1
QSO_254.2857407+45.5931437,58899.57552700003,18.057,0.0276651474602974,W1
QSO_254.2857407+45.5931437,59062.60570689996,18.144,0.0411817511724505,W1
QSO_254.2857407+45.5931437,59264.35559200003,18.134,0.0505900858345351,W1
QSO_254.2857407+45.5931437,59426.990120250026,18.213500000000003,0.0476338792672468,W1
QSO_254.2857407+45.5931437,59628.4405735,18.173,0.0266887889571632,W1
QSO_254.2857407+45.5931437,59790.77158600002,18.188,0.0370711244315954,W1
QSO_254.2857407+45.5931437,59995.18885050001,18.175,0.0439688951873935,W1
QSO_254.2857407+45.5931437,60157.86515299999,18.229,0.0384643054560241,W1
QSO_254.2857407+45.5931437,60359.130046599945,18.206,0.0398078392091306,W1
QSO_254.2857407+45.5931437,60522.178837600026,18.39,0.0624925674391879,W1
QSO_254.2857407+45.5931437,55246.51414799999,18.0105,0.0562402625746188,W2
QSO_254.2857407+45.5931437,55427.211504249964,18.2095,0.0402005583369568,W2
QSO_254.2857407+45.5931437,56709.44682299997,18.235,0.0310837818674209,W2
QSO_254.2857407+45.5931437,56889.56950499998,18.271,0.0576590061631202,W2
QSO_254.2857407+45.5931437,57073.01805192219,18.242,0.0572527177015251,W2
QSO_254.2857407+45.5931437,57248.22362438544,18.252,0.065518736165872,W2
QSO_254.2857407+45.5931437,57437.06801270329,18.1145,0.0673230916284764,W2
QSO_254.2857407+45.5931437,57607.48018548138,18.195,0.0471873068604086,W2
QSO_254.2857407+45.5931437,57803.67321500003,18.235,0.0404928717163492,W2
QSO_254.2857407+45.5931437,57971.233254,18.248,0.0507650509349538,W2
QSO_254.2857407+45.5931437,58168.671280499984,18.221,0.0498034974416364,W2
QSO_254.2857407+45.5931437,58331.2698745,18.1955,0.0554297075038137,W2
QSO_254.2857407+45.5931437,58532.678663000064,18.262,0.0457417384958749,W2
QSO_254.2857407+45.5931437,58695.4809635,18.261,0.058957065423995,W2
QSO_254.2857407+45.5931437,58703.978638,17.968,0.0,W2
QSO_254.2857407+45.5931437,58899.57552700003,18.209,0.0476805543591935,W2
QSO_254.2857407+45.5931437,59062.60570689996,18.204,0.0506726385369491,W2
QSO_254.2857407+45.5931437,59264.35559200003,18.132,0.0626982844634602,W2
QSO_254.2857407+45.5931437,59426.990120250026,18.124,0.0645026078523426,W2
QSO_254.2857407+45.5931437,59628.4405735,18.22,0.062632421508353,W2
QSO_254.2857407+45.5931437,59790.77158600002,18.233,0.0610126767544848,W2
QSO_254.2857407+45.5931437,59995.18885050001,18.282,0.048724291436613,W2
QSO_254.2857407+45.5931437,60157.86515299999,18.214,0.0564879516858935,W2
QSO_254.2857407+45.5931437,60359.130046599945,18.137,0.0656171004945724,W2
QSO_254.2857407+45.5931437,60522.178837600026,17.852,0.0852242262270917,W2
QSO_254.3495534+45.7342001,55246.51414799999,17.743000000000002,0.023991604926069,W1
QSO_254.3495534+45.7342001,55427.24451849997,17.752000000000002,0.0203156069549287,W1
QSO_254.3495534+45.7342001,56709.44682299997,17.695999999999998,0.0194189444294164,W1
QSO_254.3495534+45.7342001,56889.63527800003,17.725,0.014179371557928,W1
QSO_254.3495534+45.7342001,57073.08364242626,17.729,0.019451386103731,W1
QSO_254.3495534+45.7342001,57248.28916013966,17.697,0.0176826076033619,W1
QSO_254.3495534+45.7342001,57437.06801270329,17.689500000000002,0.0294900640986238,W1
QSO_254.3495534+45.7342001,57607.70996029583,17.677,0.0132663888591086,W1
QSO_254.3495534+45.7342001,57803.67321500003,17.701999999999998,0.017965560906073,W1
QSO_254.3495534+45.7342001,57971.10254749996,17.761,0.0199725080424724,W1
QSO_254.3495534+45.7342001,58168.63850350004,17.7165,0.034225872264579,W1
QSO_254.3495534+45.7342001,58331.30257850004,17.719,0.0284005905972192,W1
QSO_254.3495534+45.7342001,58532.678663000064,17.705,0.018688893115118,W1
QSO_254.3495534+45.7342001,58695.41570150002,17.724,0.0265709287252135,W1
QSO_254.3495534+45.7342001,58703.978638,17.68,0.0,W1
QSO_254.3495534+45.7342001,58899.6083206,17.7025,0.0248017760990545,W1
QSO_254.3495534+45.7342001,59062.638500500005,17.7155,0.0227910506114519,W1
QSO_254.3495534+45.7342001,59264.45359450001,17.7135,0.0288884423752396,W1
QSO_254.3495534+45.7342001,59426.990120250026,17.758499999999998,0.0285075766647687,W1
QSO_254.3495534+45.7342001,59628.50570775001,17.779,0.0295160676704885,W1
QSO_254.3495534+45.7342001,59790.967152999976,17.715,0.0257505020095479,W1
QSO_254.3495534+45.7342001,59995.12380750003,17.703,0.0244541307396116,W1
QSO_254.3495534+45.7342001,60157.8652625,17.740000000000002,0.0217604362397874,W1
QSO_254.3495534+45.7342001,60359.22656080003,17.722,0.0261909458549487,W1
QSO_254.3495534+45.7342001,60522.24263140004,17.741,0.0333755774109566,W1
QSO_254.3495534+45.7342001,55246.51414799999,18.458,0.0530329795305964,W2
QSO_254.3495534+45.7342001,55427.24451849997,18.392,0.0417046396618344,W2
QSO_254.3495534+45.7342001,56709.44682299997,18.236,0.0411344338456777,W2
QSO_254.3495534+45.7342001,56889.63527800003,18.184,0.0393064408362773,W2
QSO_254.3495534+45.7342001,57073.08364242626,18.187,0.0719005847242849,W2
QSO_254.3495534+45.7342001,57248.28916013966,18.451,0.0642064929773109,W2
QSO_254.3495534+45.7342001,57437.06801270329,18.2745,0.0739543130637847,W2
QSO_254.3495534+45.7342001,57607.70996029583,18.208,0.0545247925528349,W2
QSO_254.3495534+45.7342001,57803.67321500003,18.345,0.0419448387886645,W2
QSO_254.3495534+45.7342001,57971.10254749996,18.166,0.0456688653460088,W2
QSO_254.3495534+45.7342001,58168.63850350004,18.291,0.0641699690977088,W2
QSO_254.3495534+45.7342001,58331.30257850004,18.185,0.0515628146139871,W2
QSO_254.3495534+45.7342001,58532.678663000064,18.24,0.0510064024289514,W2
QSO_254.3495534+45.7342001,58695.41570150002,18.264,0.0391526655150222,W2
QSO_254.3495534+45.7342001,58703.978638,18.141,0.0,W2
QSO_254.3495534+45.7342001,58899.6083206,18.16,0.0660201438442963,W2
QSO_254.3495534+45.7342001,59062.638500500005,18.0535,0.0603805609080316,W2
QSO_254.3495534+45.7342001,59264.45359450001,18.3065,0.0527344306429771,W2
QSO_254.3495534+45.7342001,59426.990120250026,18.1575,0.0786415876882514,W2
QSO_254.3495534+45.7342001,59628.50570775001,18.26,0.0565598169353813,W2
QSO_254.3495534+45.7342001,59790.967152999976,18.22,0.0581263039819054,W2
QSO_254.3495534+45.7342001,59995.12380750003,18.213,0.0544134457278426,W2
QSO_254.3495534+45.7342001,60157.8652625,18.097,0.0551183846629482,W2
QSO_254.3495534+45.7342001,60359.22656080003,18.222,0.0429351867607979,W2
QSO_254.3495534+45.7342001,60522.24263140004,18.031,0.0627909211280119,W2
QSO_254.0955415+45.6523987,55246.084360499975,17.997999999999998,0.0377267757707644,W1
QSO_254.0955415+45.6523987,55426.64964150004,18.019,0.0238163616146858,W1
QSO_254.0955415+45.6523987,56708.82157800001,17.926000000000002,0.0214247288411453,W1
QSO_254.0955415+45.6523987,56889.33942725,17.951500000000003,0.0416227082866626,W1
QSO_254.0955415+45.6523987,57072.59138514507,17.881,0.0382814270904299,W1
QSO_254.0955415+45.6523987,57248.059775875,17.954,0.0245181149393731,W1
QSO_254.0955415+45.6523987,57436.60826177435,17.91,0.0312753230732047,W1
QSO_254.0955415+45.6523987,57607.25042896682,17.9425,0.0198293796245948,W1
QSO_254.0955415+45.6523987,57802.29882574997,17.941499999999998,0.0250191130852423,W1
QSO_254.0955415+45.6523987,57970.84080599997,17.902,0.0286054971639695,W1
QSO_254.0955415+45.6523987,58168.409648500005,17.9175,0.0283706871416412,W1
QSO_254.0955415+45.6523987,58331.00831549998,17.907,0.0347844066667441,W1
QSO_254.0955415+45.6523987,58532.4171405,18.009999999999998,0.0309188528873111,W1
QSO_254.0955415+45.6523987,58695.02350900003,17.865000000000002,0.0184668687801699,W1
QSO_254.0955415+45.6523987,58899.24784719998,17.936,0.0274077695747644,W1
QSO_254.0955415+45.6523987,59061.983232399936,18.002,0.0304688183047667,W1
QSO_254.0955415+45.6523987,59264.22492200002,17.954,0.0276673431541383,W1
QSO_254.0955415+45.6523987,59426.79422474999,17.985500000000002,0.0351064091148254,W1
QSO_254.0955415+45.6523987,59628.310013,17.948,0.0289684869096562,W1
QSO_254.0955415+45.6523987,59790.57598249997,17.981,0.0380070691712251,W1
QSO_254.0955415+45.6523987,59994.928714999965,17.985,0.0333426659698582,W1
QSO_254.0955415+45.6523987,60157.476501,17.951,0.0316766757094392,W1
QSO_254.0955415+45.6523987,60358.90440760004,17.987000000000002,0.0298517638460055,W1
QSO_254.0955415+45.6523987,60521.85972220003,17.955,0.0411311616774619,W1
QSO_254.0955415+45.6523987,55246.084360499975,18.12,0.0440313642507109,W2
QSO_254.0955415+45.6523987,55426.64964150004,18.051,0.0451156846580782,W2
QSO_254.0955415+45.6523987,56708.82157800001,18.213,0.0331471190131665,W2
QSO_254.0955415+45.6523987,56889.33942725,18.1315,0.0664439206948477,W2
QSO_254.0955415+45.6523987,57072.59138514507,18.425,0.045554220702472,W2
QSO_254.0955415+45.6523987,57248.059775875,18.2885,0.0569523844840779,W2
QSO_254.0955415+45.6523987,57436.60826177435,18.2175,0.0572268111445426,W2
QSO_254.0955415+45.6523987,57607.25042896682,18.176,0.0566565631803329,W2
QSO_254.0955415+45.6523987,57802.29882574997,18.2795,0.0425747979644228,W2
QSO_254.0955415+45.6523987,57970.84080599997,18.275,0.0452724772401176,W2
QSO_254.0955415+45.6523987,58168.409648500005,18.4055,0.0465006985212369,W2
QSO_254.0955415+45.6523987,58331.00831549998,18.386000000000003,0.0463739057103335,W2
QSO_254.0955415+45.6523987,58532.4171405,18.164,0.0522184414263773,W2
QSO_254.0955415+45.6523987,58695.02350900003,18.342,0.0563023311635691,W2
QSO_254.0955415+45.6523987,58899.24784719998,18.198,0.052594007031598,W2
QSO_254.0955415+45.6523987,59061.983232399936,18.2175,0.0514361466790154,W2
QSO_254.0955415+45.6523987,59264.22492200002,18.215,0.0612119791064331,W2
QSO_254.0955415+45.6523987,59426.79422474999,18.167,0.0693337556875032,W2
QSO_254.0955415+45.6523987,59628.310013,18.23,0.0518725753611226,W2
QSO_254.0955415+45.6523987,59790.57598249997,18.316,0.0754713254081292,W2
QSO_254.0955415+45.6523987,59994.928714999965,18.268,0.058085749330304,W2
QSO_254.0955415+45.6523987,60157.476501,18.284,0.054559374327348,W2
QSO_254.0955415+45.6523987,60358.90440760004,18.322,0.0656707231022364,W2
QSO_254.0955415+45.6523987,60521.85972220003,18.07,0.0667407659079844,W2
QSO_254.2094687+45.7937747,55246.15040724996,18.123,0.0386784551217368,W1
QSO_254.2094687+45.7937747,55426.715816,18.1485,0.0235641372801899,W1
QSO_254.2094687+45.7937747,56708.92027399996,18.225,0.0312153867069313,W1
QSO_254.2094687+45.7937747,56889.37240499997,18.1795,0.0406463156605481,W1
QSO_254.2094687+45.7937747,57072.7882296575,18.130000000000003,0.0378276354005904,W1
QSO_254.2094687+45.7937747,57248.09253462708,18.162,0.0447279106141606,W1
QSO_254.2094687+45.7937747,57436.64105537644,18.192500000000003,0.0361074043902065,W1
QSO_254.2094687+45.7937747,57607.41452507715,18.172,0.03492962839012,W1
QSO_254.2094687+45.7937747,57802.6260665,18.189,0.0233654682345572,W1
QSO_254.2094687+45.7937747,57970.87350999994,18.075000000000003,0.0385813815201062,W1
QSO_254.2094687+45.7937747,58168.40957550002,18.173,0.0294614379273524,W1
QSO_254.2094687+45.7937747,58331.17176250001,18.227,0.0390830422778712,W1
QSO_254.2094687+45.7937747,58532.449734999966,18.103,0.0293437057939013,W1
QSO_254.2094687+45.7937747,58695.21958699996,18.164,0.0364813041410215,W1
QSO_254.2094687+45.7937747,58703.978638,18.047,0.0,W1
QSO_254.2094687+45.7937747,58899.3134344,18.151,0.0408995387603953,W1
QSO_254.2094687+45.7937747,59062.08154000003,18.243,0.0292613979437242,W1
QSO_254.2094687+45.7937747,59264.19227275006,18.164,0.0347185233904701,W1
QSO_254.2094687+45.7937747,59426.7290175,18.294,0.055611175947745,W1
QSO_254.2094687+45.7937747,59628.24460499999,18.236,0.0370415602263188,W1
QSO_254.2094687+45.7937747,59790.67385724997,18.199,0.0542874902708622,W1
QSO_254.2094687+45.7937747,59994.92860549996,18.131,0.034510610961892,W1
QSO_254.2094687+45.7937747,60157.60603950002,18.205,0.0334253386555495,W1
QSO_254.2094687+45.7937747,60359.00099500001,18.2195,0.0401044934913389,W1
QSO_254.2094687+45.7937747,60521.95554099998,18.242,0.0406108556679068,W1
QSO_254.2094687+45.7937747,55246.15040724996,18.458,0.0511218573512754,W2
QSO_254.2094687+45.7937747,55426.715816,18.5565,0.034826403668809,W2
QSO_254.2094687+45.7937747,56708.92027399996,18.304,0.0419542571446474,W2
QSO_254.2094687+45.7937747,56889.37240499997,18.333,0.0469564613484915,W2
QSO_254.2094687+45.7937747,57072.7882296575,18.341,0.0611134739971473,W2
QSO_254.2094687+45.7937747,57248.09253462708,18.313,0.051001915123237,W2
QSO_254.2094687+45.7937747,57436.64105537644,18.3655,0.0577639220214561,W2
QSO_254.2094687+45.7937747,57607.41452507715,18.4735,0.0626209739717679,W2
QSO_254.2094687+45.7937747,57802.6260665,18.2695,0.0352472469486096,W2
QSO_254.2094687+45.7937747,57970.87350999994,18.34,0.0547434842567512,W2
QSO_254.2094687+45.7937747,58168.40957550002,18.434,0.0471029084010511,W2
QSO_254.2094687+45.7937747,58331.17176250001,18.393,0.0509328993497527,W2
QSO_254.2094687+45.7937747,58532.449734999966,18.4,0.0598040796658663,W2
QSO_254.2094687+45.7937747,58695.21958699996,18.195,0.067875551842908,W2
QSO_254.2094687+45.7937747,58703.978638,18.317,0.0,W2
QSO_254.2094687+45.7937747,58899.3134344,18.279,0.0617583372077297,W2
QSO_254.2094687+45.7937747,59062.08154000003,18.2165,0.0540498686561704,W2
QSO_254.2094687+45.7937747,59264.19227275006,18.2755,0.0599997534476029,W2
QSO_254.2094687+45.7937747,59426.7290175,18.173,0.0657660490977088,W2
QSO_254.2094687+45.7937747,59628.24460499999,18.225,0.0584979157235538,W2
QSO_254.2094687+45.7937747,59790.67385724997,18.2885,0.0589815609614963,W2
QSO_254.2094687+45.7937747,59994.92860549996,18.317500000000003,0.0531016050832277,W2
QSO_254.2094687+45.7937747,60157.60603950002,18.325,0.0575241460956787,W2
QSO_254.2094687+45.7937747,60359.00099500001,18.303,0.0568243095786557,W2
QSO_254.2094687+45.7937747,60521.95554099998,17.944499999999998,0.0796202018536117,W2
QSO_254.277605+45.5896766,55246.54716225,17.646,0.0245467580433712,W1
QSO_254.277605+45.5896766,55427.211504249964,17.634,0.0210344345716645,W1
QSO_254.277605+45.5896766,56709.31524049999,17.619,0.0179888344147761,W1
QSO_254.277605+45.5896766,56889.56950499998,17.5945,0.0204632641240483,W1
QSO_254.277605+45.5896766,57072.98522017004,17.6635,0.0235511415924024,W1
QSO_254.277605+45.5896766,57248.22362438544,17.624,0.0219058099826363,W1
QSO_254.277605+45.5896766,57437.03514590123,17.66,0.0203340597769863,W1
QSO_254.277605+45.5896766,57607.44731867923,17.616,0.0145229078304536,W1
QSO_254.277605+45.5896766,57802.691474500025,17.663,0.0194796888486081,W1
QSO_254.277605+45.5896766,57971.20054999994,17.617,0.0243998512442338,W1
QSO_254.277605+45.5896766,58168.671353499965,17.607,0.0228043041051955,W1
QSO_254.277605+45.5896766,58331.2698745,17.649,0.0215148888629306,W1
QSO_254.277605+45.5896766,58532.645959000016,17.613999999999997,0.0236322271282527,W1
QSO_254.277605+45.5896766,58695.4809635,17.667,0.0353898250063552,W1
QSO_254.277605+45.5896766,58703.978638,17.664,0.0,W1
QSO_254.277605+45.5896766,58899.54280660004,17.6665,0.0350595723178579,W1
QSO_254.277605+45.5896766,59062.5729682,17.651,0.0119162067267751,W1
QSO_254.277605+45.5896766,59264.38829599999,17.673000000000002,0.0226844987586665,W1
QSO_254.277605+45.5896766,59426.990120250026,17.7345,0.0235646674666133,W1
QSO_254.277605+45.5896766,59628.4405735,17.679000000000002,0.0219938432336449,W1
QSO_254.277605+45.5896766,59790.77158600002,17.676000000000002,0.023748081986634,W1
QSO_254.277605+45.5896766,59995.18885050001,17.628999999999998,0.0265071551471066,W1
QSO_254.277605+45.5896766,60157.83275924999,17.625,0.0204418039061813,W1
QSO_254.277605+45.5896766,60359.16258400004,17.683500000000002,0.0195079446232978,W1
QSO_254.277605+45.5896766,60522.178837600026,17.708,0.0283054923218647,W1
QSO_254.277605+45.5896766,55246.54716225,18.2385,0.0528082441305157,W2
QSO_254.277605+45.5896766,55427.211504249964,18.415,0.0412454794112093,W2
QSO_254.277605+45.5896766,56709.31524049999,18.269,0.0356547714479486,W2
QSO_254.277605+45.5896766,56889.56950499998,18.221,0.0345632695694597,W2
QSO_254.277605+45.5896766,57072.98522017004,17.983,0.0778783261143868,W2
QSO_254.277605+45.5896766,57248.22362438544,18.1895,0.0470298176384566,W2
QSO_254.277605+45.5896766,57437.03514590123,18.213,0.0469625092450905,W2
QSO_254.277605+45.5896766,57607.44731867923,18.1175,0.045106731040779,W2
QSO_254.277605+45.5896766,57802.691474500025,18.138,0.0400793851448648,W2
QSO_254.277605+45.5896766,57971.20054999994,18.2665,0.0473950755372874,W2
QSO_254.277605+45.5896766,58168.671353499965,18.26,0.0448625750332901,W2
QSO_254.277605+45.5896766,58331.2698745,18.1715,0.0524689251883698,W2
QSO_254.277605+45.5896766,58532.645959000016,18.173,0.0514949354241876,W2
QSO_254.277605+45.5896766,58695.4809635,18.22,0.0693293532174914,W2
QSO_254.277605+45.5896766,58703.978638,18.436,0.0,W2
QSO_254.277605+45.5896766,58899.54280660004,18.1765,0.0367050215667773,W2
QSO_254.277605+45.5896766,59062.5729682,18.222,0.0513844466357774,W2
QSO_254.277605+45.5896766,59264.38829599999,18.255000000000003,0.0541437284497458,W2
QSO_254.277605+45.5896766,59426.990120250026,18.1895,0.0780797016824143,W2
QSO_254.277605+45.5896766,59628.4405735,18.214,0.0515717048358663,W2
QSO_254.277605+45.5896766,59790.77158600002,18.284,0.046598674430089,W2
QSO_254.277605+45.5896766,59995.18885050001,18.144,0.056907705257238,W2
QSO_254.277605+45.5896766,60157.83275924999,18.3005,0.0634366635075327,W2
QSO_254.277605+45.5896766,60359.16258400004,18.2335,0.0373440848866378,W2
QSO_254.277605+45.5896766,60522.178837600026,18.06,0.0489212887127278,W2
QSO_254.1766681+45.828874,55246.1835675,17.868000000000002,0.0318411696126968,W1
QSO_254.1766681+45.828874,55426.715816,17.926000000000002,0.0243319068344726,W1
QSO_254.1766681+45.828874,56708.85435500003,17.837,0.0262461253172312,W1
QSO_254.1766681+45.828874,56889.339500249975,17.801499999999997,0.0280164211106959,W1
QSO_254.1766681+45.828874,57072.65697564922,17.8675,0.0341873965137839,W1
QSO_254.1766681+45.828874,57247.96146311879,17.869,0.0189856764131346,W1
QSO_254.1766681+45.828874,57436.64100047643,17.863999999999997,0.023789455142983,W1
QSO_254.1766681+45.828874,57607.21763536473,17.8455,0.0229999203531396,W1
QSO_254.1766681+45.828874,57803.54225299996,17.883,0.0199583968432609,W1
QSO_254.1766681+45.828874,57970.93891800004,17.8525,0.0322155661483618,W1
QSO_254.1766681+45.828874,58168.40957550002,17.802,0.0238815281989555,W1
QSO_254.1766681+45.828874,58331.0410925,17.8475,0.0152522176481424,W1
QSO_254.1766681+45.828874,58532.38443650003,17.893,0.0245211686441183,W1
QSO_254.1766681+45.828874,58695.02350900003,17.808999999999997,0.030757358748078,W1
QSO_254.1766681+45.828874,58899.18225999996,17.783,0.0227554311989623,W1
QSO_254.1766681+45.828874,59062.01602599999,17.883,0.0331113624635391,W1
QSO_254.1766681+45.828874,59264.15962350001,17.894,0.0342411497014351,W1
QSO_254.1766681+45.828874,59426.53304899999,17.863,0.0360226178458181,W1
QSO_254.1766681+45.828874,59628.17937949995,17.834,0.030726181251267,W1
QSO_254.1766681+45.828874,59790.64120800001,17.9205,0.0265121954315351,W1
QSO_254.1766681+45.828874,59994.89615700003,17.928,0.03370090303723,W1
QSO_254.1766681+45.828874,60157.44412549996,17.8915,0.0229451755262838,W1
QSO_254.1766681+45.828874,60359.000921800034,17.811500000000002,0.0299893434266656,W1
QSO_254.1766681+45.828874,60521.92351600004,17.927999999999997,0.0396213864497072,W1
QSO_254.1766681+45.828874,55246.1835675,18.435,0.0388309739240972,W2
QSO_254.1766681+45.828874,55426.715816,18.486,0.0339491939256852,W2
QSO_254.1766681+45.828874,56708.85435500003,18.259,0.0402663150834989,W2
QSO_254.1766681+45.828874,56889.339500249975,18.3835,0.0467238633613211,W2
QSO_254.1766681+45.828874,57072.65697564922,18.462,0.0641879876989337,W2
QSO_254.1766681+45.828874,57247.96146311879,18.373,0.054344403781955,W2
QSO_254.1766681+45.828874,57436.64100047643,18.324,0.0489061849928571,W2
QSO_254.1766681+45.828874,57607.21763536473,18.3075,0.057180801023588,W2
QSO_254.1766681+45.828874,57803.54225299996,18.311,0.0452371883717861,W2
QSO_254.1766681+45.828874,57970.93891800004,18.329,0.0330012559218013,W2
QSO_254.1766681+45.828874,58168.40957550002,18.213,0.0475641420569357,W2
QSO_254.1766681+45.828874,58331.0410925,18.231,0.0574757185743564,W2
QSO_254.1766681+45.828874,58532.38443650003,18.321,0.0572643207182605,W2
QSO_254.1766681+45.828874,58695.02350900003,18.387,0.0663784586537126,W2
QSO_254.1766681+45.828874,58899.18225999996,18.402,0.0548646248963019,W2
QSO_254.1766681+45.828874,59062.01602599999,18.212,0.0525542057975462,W2
QSO_254.1766681+45.828874,59264.15962350001,18.279,0.0579633096226327,W2
QSO_254.1766681+45.828874,59426.53304899999,18.277,0.0638836461332712,W2
QSO_254.1766681+45.828874,59628.17937949995,18.405,0.0429199862588345,W2
QSO_254.1766681+45.828874,59790.64120800001,18.258,0.0528483673515566,W2
QSO_254.1766681+45.828874,59994.89615700003,18.354,0.061819344318725,W2
QSO_254.1766681+45.828874,60157.44412549996,18.2775,0.0562411965127448,W2
QSO_254.1766681+45.828874,60359.000921800034,18.238,0.0686551563695772,W2
QSO_254.1766681+45.828874,60521.92351600004,18.087,0.0746881351014594,W2
QSO_254.1099217+45.5377354,55246.1835675,17.9895,0.0275230306549838,W1
QSO_254.1099217+45.5377354,55426.847946,18.019,0.0245231616210117,W1
QSO_254.1099217+45.5377354,56708.85446450004,18.021,0.0205263685315098,W1
QSO_254.1099217+45.5377354,56889.40516375003,18.092,0.0270587570544793,W1
QSO_254.1099217+45.5377354,57072.7227121534,18.026,0.0318475605968405,W1
QSO_254.1099217+45.5377354,57248.09247987708,18.138,0.0403857938684065,W1
QSO_254.1099217+45.5377354,57436.90384339299,18.034,0.0287105088901422,W1
QSO_254.1099217+45.5377354,57607.31601617091,18.018,0.0302196050909714,W1
QSO_254.1099217+45.5377354,57803.05151049998,18.1065,0.0249538242632389,W1
QSO_254.1099217+45.5377354,57970.93891800004,18.0275,0.0360319557066181,W1
QSO_254.1099217+45.5377354,58168.60594550003,18.044,0.020358521359347,W1
QSO_254.1099217+45.5377354,58331.10635449999,18.077,0.0301632647926197,W1
QSO_254.1099217+45.5377354,58532.44984449997,18.09,0.0313635846707071,W1
QSO_254.1099217+45.5377354,58695.18659100002,18.052,0.0319507433403356,W1
QSO_254.1099217+45.5377354,58703.978638,18.251,0.0,W1
QSO_254.1099217+45.5377354,58899.24784719998,17.997999999999998,0.0282063981394292,W1
QSO_254.1099217+45.5377354,59062.31082069996,18.054,0.0301671545848037,W1
QSO_254.1099217+45.5377354,59264.25768074999,18.098,0.0293416736082179,W1
QSO_254.1099217+45.5377354,59426.85943199997,18.018,0.0421500039412949,W1
QSO_254.1099217+45.5377354,59628.342644,18.0195,0.0334128711986069,W1
QSO_254.1099217+45.5377354,59790.70628750001,18.094,0.0369455425329598,W1
QSO_254.1099217+45.5377354,59995.026279500016,18.0775,0.0292828483433662,W1
QSO_254.1099217+45.5377354,60157.54128850002,18.081,0.0373601499767303,W1
QSO_254.1099217+45.5377354,60358.93643259997,18.09,0.0681112865215106,W1
QSO_254.1099217+45.5377354,60522.01920669993,18.0675,0.039100791725747,W1
QSO_254.1099217+45.5377354,55246.1835675,18.4985,0.0432140395080934,W2
QSO_254.1099217+45.5377354,55426.847946,18.5325,0.0411540170045229,W2
QSO_254.1099217+45.5377354,56708.85446450004,18.392,0.045275342523594,W2
QSO_254.1099217+45.5377354,56889.40516375003,18.4075,0.0555254242733969,W2
QSO_254.1099217+45.5377354,57072.7227121534,18.454,0.0753623754301567,W2
QSO_254.1099217+45.5377354,57248.09247987708,18.3905,0.0536117770003578,W2
QSO_254.1099217+45.5377354,57436.90384339299,18.368,0.0520675469131293,W2
QSO_254.1099217+45.5377354,57607.31601617091,18.294,0.0451617578046211,W2
QSO_254.1099217+45.5377354,57803.05151049998,18.3995,0.0328926974119134,W2
QSO_254.1099217+45.5377354,57970.93891800004,18.3965,0.059906162396927,W2
QSO_254.1099217+45.5377354,58168.60594550003,18.442,0.0505321835920486,W2
QSO_254.1099217+45.5377354,58331.10635449999,18.406,0.0445112427122307,W2
QSO_254.1099217+45.5377354,58532.44984449997,18.284,0.0530429871847633,W2
QSO_254.1099217+45.5377354,58695.18659100002,18.366,0.0588774320092173,W2
QSO_254.1099217+45.5377354,58703.978638,18.149,0.0,W2
QSO_254.1099217+45.5377354,58899.24784719998,18.326,0.0643447962153894,W2
QSO_254.1099217+45.5377354,59062.31082069996,18.231,0.0540355068989909,W2
QSO_254.1099217+45.5377354,59264.25768074999,18.384,0.0683917048445584,W2
QSO_254.1099217+45.5377354,59426.85943199997,18.384,0.0600001986243665,W2
QSO_254.1099217+45.5377354,59628.342644,18.241,0.0598418846383531,W2
QSO_254.1099217+45.5377354,59790.70628750001,18.3,0.0738846709840004,W2
QSO_254.1099217+45.5377354,59995.026279500016,18.404,0.0649986064764316,W2
QSO_254.1099217+45.5377354,60157.54128850002,18.364,0.050286317946494,W2
QSO_254.1099217+45.5377354,60358.93643259997,18.278,0.0779655739976007,W2
QSO_254.1099217+45.5377354,60522.01920669993,18.0275,0.0749551717880613,W2
QSO_254.361461+45.8047455,55246.54716225,18.1725,0.0379435144228189,W1
QSO_254.361461+45.8047455,55427.14545749998,18.1525,0.0263164348048367,W1
QSO_254.361461+45.8047455,56709.51261425,18.1135,0.0209201327294661,W1
QSO_254.361461+45.8047455,56889.56957799995,18.112,0.0235543846003589,W1
QSO_254.361461+45.8047455,57072.82106140964,18.0695,0.0425340860791381,W1
QSO_254.361461+45.8047455,57248.28916013966,18.123,0.0350565714239142,W1
QSO_254.361461+45.8047455,57436.969448897136,18.125,0.0354173164426668,W1
QSO_254.361461+45.8047455,57607.57867608748,18.1245,0.0327889463081692,W1
QSO_254.361461+45.8047455,57803.67321500003,18.141,0.0227740588185631,W1
QSO_254.361461+45.8047455,57971.2333635,18.083,0.0243525650394368,W1
QSO_254.361461+45.8047455,58168.67120750001,18.165,0.0355158589511367,W1
QSO_254.361461+45.8047455,58331.4333945,18.119,0.0392629640822507,W1
QSO_254.361461+45.8047455,58532.678663000064,18.189,0.0406017668413799,W1
QSO_254.361461+45.8047455,58695.48110950003,18.073,0.0413319696317249,W1
QSO_254.361461+45.8047455,58703.978638,18.025,0.0,W1
QSO_254.361461+45.8047455,58899.44449900003,18.099,0.0369346874360675,W1
QSO_254.361461+45.8047455,59062.60570689996,18.144,0.0413839661349806,W1
QSO_254.361461+45.8047455,59264.35559200003,18.193,0.0198492503893924,W1
QSO_254.361461+45.8047455,59426.990120250026,18.003999999999998,0.0391077737636649,W1
QSO_254.361461+45.8047455,59628.40779649997,18.1005,0.0527633591062815,W1
QSO_254.361461+45.8047455,59791.13003425001,18.057,0.0367389823100826,W1
QSO_254.361461+45.8047455,59995.09117649996,18.1135,0.0306717454274385,W1
QSO_254.361461+45.8047455,60157.67082700004,18.143,0.0499146729125381,W1
QSO_254.361461+45.8047455,60359.09758239998,18.014,0.0314176755546834,W1
QSO_254.361461+45.8047455,60522.27467470004,18.087,0.0475907003085621,W1
QSO_254.361461+45.8047455,55246.54716225,18.3535,0.0472648986223842,W2
QSO_254.361461+45.8047455,55427.14545749998,18.543,0.0440261151134581,W2
QSO_254.361461+45.8047455,56709.51261425,18.322,0.0448088271369345,W2
QSO_254.361461+45.8047455,56889.56957799995,18.2625,0.0451573309551635,W2
QSO_254.361461+45.8047455,57072.82106140964,18.42,0.0515612823149253,W2
QSO_254.361461+45.8047455,57248.28916013966,18.389,0.0567905265339211,W2
QSO_254.361461+45.8047455,57436.969448897136,18.442,0.0619136927020186,W2
QSO_254.361461+45.8047455,57607.57867608748,18.387,0.0498058170037136,W2
QSO_254.361461+45.8047455,57803.67321500003,18.354,0.0331935293722485,W2
QSO_254.361461+45.8047455,57971.2333635,18.347,0.0515660452623623,W2
QSO_254.361461+45.8047455,58168.67120750001,18.291,0.0609727260515403,W2
QSO_254.361461+45.8047455,58331.4333945,18.383,0.062329016230717,W2
QSO_254.361461+45.8047455,58532.678663000064,18.224,0.0386063797039576,W2
QSO_254.361461+45.8047455,58695.48110950003,18.296,0.087251515222036,W2
QSO_254.361461+45.8047455,58703.978638,18.418,0.0,W2
QSO_254.361461+45.8047455,58899.44449900003,18.182,0.0613619838010473,W2
QSO_254.361461+45.8047455,59062.60570689996,18.1895,0.0419975226605212,W2
QSO_254.361461+45.8047455,59264.35559200003,18.278,0.0653811960734889,W2
QSO_254.361461+45.8047455,59426.990120250026,18.215,0.0702006888766056,W2
QSO_254.361461+45.8047455,59628.40779649997,18.374,0.0658259297454643,W2
QSO_254.361461+45.8047455,59791.13003425001,18.3055,0.0579781423333476,W2
QSO_254.361461+45.8047455,59995.09117649996,18.326,0.0592605472000222,W2
QSO_254.361461+45.8047455,60157.67082700004,18.415,0.0694906085242324,W2
QSO_254.361461+45.8047455,60359.09758239998,18.38,0.0435387559857526,W2
QSO_254.361461+45.8047455,60522.27467470004,18.0895,0.0961494693640291,W2
QSO_254.2447921+45.7285529,55246.28268324999,18.1115,0.0348611728309519,W1
QSO_254.2447921+45.7285529,55426.980167250025,18.1275,0.0239139668841936,W1
QSO_254.2447921+45.7285529,56708.92027399996,18.155,0.0233142699921578,W1
QSO_254.2447921+45.7285529,56889.470955000055,18.181,0.0320475713501985,W1
QSO_254.2447921+45.7285529,57072.75547090541,18.086,0.0341492558547329,W1
QSO_254.2447921+45.7285529,57248.059775875,18.1765,0.0375734342345801,W1
QSO_254.2447921+45.7285529,57436.969448897136,18.257,0.0354798656141762,W1
QSO_254.2447921+45.7285529,57607.54588248539,18.179,0.0264998519556349,W1
QSO_254.2447921+45.7285529,57802.560658499984,18.175,0.0207002941720173,W1
QSO_254.2447921+45.7285529,57971.069734,18.143,0.0364009577692133,W1
QSO_254.2447921+45.7285529,58168.47498349996,18.179,0.0345392509900375,W1
QSO_254.2447921+45.7285529,58331.2698745,18.123,0.0320587846897351,W1
QSO_254.2447921+45.7285529,58532.580551,18.19,0.025946393758731,W1
QSO_254.2447921+45.7285529,58695.41570150002,18.196,0.0215510528443395,W1
QSO_254.2447921+45.7285529,58703.978638,17.774,0.0,W1
QSO_254.2447921+45.7285529,58899.37902160001,18.194000000000003,0.0327087883714792,W1
QSO_254.2447921+45.7285529,59062.14705399999,18.153,0.0297099242883897,W1
QSO_254.2447921+45.7285529,59264.29033000004,18.174,0.0348571413172922,W1
QSO_254.2447921+45.7285529,59426.79422474999,18.0355,0.041794930153751,W1
QSO_254.2447921+45.7285529,59628.310013,18.254,0.0346807505420783,W1
QSO_254.2447921+45.7285529,59790.77158600002,18.183,0.0350183366823726,W1
QSO_254.2447921+45.7285529,59994.96123649996,18.236,0.0470064057068622,W1
QSO_254.2447921+45.7285529,60157.67082700004,18.23,0.0318052455143696,W1
QSO_254.2447921+45.7285529,60359.09758239998,18.078,0.0385979108999379,W1
QSO_254.2447921+45.7285529,60522.21073449999,18.222,0.0676570925900187,W1
QSO_254.2447921+45.7285529,55246.28268324999,18.3655,0.0615289569792726,W2
QSO_254.2447921+45.7285529,55426.980167250025,18.49,0.0423326556934978,W2
QSO_254.2447921+45.7285529,56708.92027399996,18.379,0.0433973248758372,W2
QSO_254.2447921+45.7285529,56889.470955000055,18.416,0.0475881087843133,W2
QSO_254.2447921+45.7285529,57072.75547090541,18.406,0.0638443547115186,W2
QSO_254.2447921+45.7285529,57248.059775875,18.3195,0.0577878058363606,W2
QSO_254.2447921+45.7285529,57436.969448897136,18.45,0.0616066001658912,W2
QSO_254.2447921+45.7285529,57607.54588248539,18.295,0.0575810826707408,W2
QSO_254.2447921+45.7285529,57802.560658499984,18.342,0.0303220741435719,W2
QSO_254.2447921+45.7285529,57971.069734,18.412,0.0526419073306373,W2
QSO_254.2447921+45.7285529,58168.47498349996,18.331,0.0464804977627207,W2
QSO_254.2447921+45.7285529,58331.2698745,18.3375,0.0511012651144401,W2
QSO_254.2447921+45.7285529,58532.580551,18.347,0.0505507134254395,W2
QSO_254.2447921+45.7285529,58695.41570150002,18.229,0.070981575221985,W2
QSO_254.2447921+45.7285529,58703.978638,18.19,0.0,W2
QSO_254.2447921+45.7285529,58899.37902160001,18.216,0.0527576391679501,W2
QSO_254.2447921+45.7285529,59062.14705399999,18.266,0.0607614522546269,W2
QSO_254.2447921+45.7285529,59264.29033000004,18.23,0.0389210064615448,W2
QSO_254.2447921+45.7285529,59426.79422474999,18.1785,0.0526310370703461,W2
QSO_254.2447921+45.7285529,59628.310013,18.329,0.0455769296440099,W2
QSO_254.2447921+45.7285529,59790.77158600002,18.317,0.0569193765250464,W2
QSO_254.2447921+45.7285529,59994.96123649996,18.22,0.0484701656758196,W2
QSO_254.2447921+45.7285529,60157.67082700004,18.293,0.0576520474344858,W2
QSO_254.2447921+45.7285529,60359.09758239998,18.325,0.0697837760673953,W2
QSO_254.2447921+45.7285529,60522.21073449999,17.978,0.1107606061072003,W2
QSO_254.2475579+45.8341954,55246.24959600001,17.7575,0.0202292692239077,W1
QSO_254.2475579+45.8341954,55426.91404749999,17.768,0.0330616679084584,W1
QSO_254.2475579+45.8341954,56708.45947974995,19.268,0.1431286921685023,W1
QSO_254.2475579+45.8341954,56889.07653600005,19.056,0.0953683074561744,W1
QSO_254.2475579+45.8341954,57072.46005813673,19.463500000000003,0.1391555376974807,W1
QSO_254.2475579+45.8341954,57247.89583611461,19.061,0.1880683612143659,W1
QSO_254.2475579+45.8341954,57436.31260695565,19.6145,0.2300190846361992,W1
QSO_254.2475579+45.8341954,57606.82372783976,19.521,0.0808719075259191,W1
QSO_254.2475579+45.8341954,57802.03699300002,19.6095,0.0202546087997664,W1
QSO_254.2475579+45.8341954,57970.38284050002,19.621,0.0441991913174836,W1
QSO_254.2475579+45.8341954,58168.27875949999,19.5985,0.0161754303019903,W1
QSO_254.2475579+45.8341954,58330.81216449999,19.163500000000003,0.1270171867927357,W1
QSO_254.2475579+45.8341954,58532.18821249998,19.6395,0.073998949623995,W1
QSO_254.2475579+45.8341954,58694.5986125,19.5885,0.0387623934780621,W1
QSO_254.2475579+45.8341954,58703.978638,19.365,0.0,W1
QSO_254.2475579+45.8341954,58899.18225999996,19.368,0.1307225541970768,W1
QSO_254.2475579+45.8341954,59061.72112150001,19.416000000000004,0.0793670146589439,W1
QSO_254.2475579+45.8341954,59263.57160849996,19.56,0.2995599299030138,W1
QSO_254.2475579+45.8341954,59426.7290175,18.512,0.2988833886317537,W1
QSO_254.2475579+45.8341954,59628.11415399999,19.59,0.0433216093099982,W1
QSO_254.2475579+45.8341954,59790.184958,19.36,0.2112612916114388,W1
QSO_254.2475579+45.8341954,59994.66848824997,19.606,0.0765497693497506,W1
QSO_254.2475579+45.8341954,60157.055382250015,18.78,0.2860715155988747,W1
QSO_254.2475579+45.8341954,60358.71031780002,19.545,0.1612145402871591,W1
QSO_254.2475579+45.8341954,60521.412726400034,18.2965,0.3357846221910702,W1
QSO_254.2475579+45.8341954,55246.24959600001,18.501,0.0514084046046947,W2
QSO_254.2475579+45.8341954,55426.91404749999,18.491,0.0483683973659338,W2
QSO_254.2475579+45.8341954,56708.45947974995,18.2365,0.0660841879571746,W2
QSO_254.2475579+45.8341954,56889.07653600005,18.4745,0.0731548340002855,W2
QSO_254.2475579+45.8341954,57072.46005813673,18.2965,0.0989180532056711,W2
QSO_254.2475579+45.8341954,57247.89583611461,18.245,0.0808153696207729,W2
QSO_254.2475579+45.8341954,57436.31260695565,18.3645,0.1168495293101348,W2
QSO_254.2475579+45.8341954,57606.82372783976,18.3345,0.0725716997423827,W2
QSO_254.2475579+45.8341954,57802.03699300002,18.255,0.062019396953564,W2
QSO_254.2475579+45.8341954,57970.38284050002,18.35,0.1074968302468474,W2
QSO_254.2475579+45.8341954,58168.27875949999,18.269,0.0636983169500496,W2
QSO_254.2475579+45.8341954,58330.81216449999,18.1755,0.0935692300395018,W2
QSO_254.2475579+45.8341954,58532.18821249998,18.091,0.1193425831011179,W2
QSO_254.2475579+45.8341954,58694.5986125,18.2855,0.0624314809596475,W2
QSO_254.2475579+45.8341954,58703.978638,18.162,0.0,W2
QSO_254.2475579+45.8341954,58899.18225999996,18.35,0.0749645646316526,W2
QSO_254.2475579+45.8341954,59061.72112150001,18.076500000000003,0.0685281671568527,W2
QSO_254.2475579+45.8341954,59263.57160849996,18.599,0.1149340031186866,W2
QSO_254.2475579+45.8341954,59426.7290175,18.298,0.0638924095648303,W2
QSO_254.2475579+45.8341954,59628.11415399999,18.415,0.1020245841824941,W2
QSO_254.2475579+45.8341954,59790.184958,18.377,0.1289455814014695,W2
QSO_254.2475579+45.8341954,59994.66848824997,18.434,0.0685774966506872,W2
QSO_254.2475579+45.8341954,60157.055382250015,18.1815,0.1050012345606433,W2
QSO_254.2475579+45.8341954,60358.71031780002,18.26,0.2457454618095726,W2
QSO_254.2475579+45.8341954,60521.412726400034,17.865499999999997,0.1446471461004332,W2
QSO_254.1299566+45.6344872,55246.15048025002,17.992,0.0331708384690467,W1
QSO_254.1299566+45.6344872,55426.748830250006,18.006999999999998,0.0223689738545233,W1
QSO_254.1299566+45.6344872,56708.98612,17.929000000000002,0.0247569594991517,W1
QSO_254.1299566+45.6344872,56889.372259000025,17.9545,0.0224020426081864,W1
QSO_254.1299566+45.6344872,57072.75554390547,17.945999999999998,0.0417752081116581,W1
QSO_254.1299566+45.6344872,57248.02701712291,17.982,0.035077626373099,W1
QSO_254.1299566+45.6344872,57436.64111027644,17.942,0.0338651443227399,W1
QSO_254.1299566+45.6344872,57607.283222568905,17.942,0.0198243138082696,W1
QSO_254.1299566+45.6344872,57802.4296965,17.973,0.0226223598857883,W1
QSO_254.1299566+45.6344872,57970.90621399999,17.944,0.0264925046474078,W1
QSO_254.1299566+45.6344872,58168.50768750001,17.869,0.0343449229212812,W1
QSO_254.1299566+45.6344872,58331.0737235,17.9865,0.0317263576720844,W1
QSO_254.1299566+45.6344872,58532.44984449997,17.912,0.0265350376214985,W1
QSO_254.1299566+45.6344872,58695.21958699996,17.935000000000002,0.0258404229694032,W1
QSO_254.1299566+45.6344872,58899.3134344,17.9265,0.0208181472978983,W1
QSO_254.1299566+45.6344872,59062.21249479998,17.939,0.0346835669598564,W1
QSO_254.1299566+45.6344872,59264.22492200002,17.975,0.035371630666397,W1
QSO_254.1299566+45.6344872,59426.72887149997,17.945,0.0421530364938317,W1
QSO_254.1299566+45.6344872,59628.11415399999,18.112,0.0302327482443075,W1
QSO_254.1299566+45.6344872,59790.60855874996,18.012,0.0371421328600711,W1
QSO_254.1299566+45.6344872,59994.96123649996,17.9985,0.0328865375402801,W1
QSO_254.1299566+45.6344872,60157.54128850002,17.993000000000002,0.0419007119769725,W1
QSO_254.1299566+45.6344872,60358.90440760004,18.0345,0.0491248866823719,W1
QSO_254.1299566+45.6344872,60521.98738299994,18.032,0.0457417571766691,W1
QSO_254.1299566+45.6344872,55246.15048025002,18.4735,0.0464935894812093,W2
QSO_254.1299566+45.6344872,55426.748830250006,18.57,0.0396255927097635,W2
QSO_254.1299566+45.6344872,56708.98612,18.3115,0.0393546334021105,W2
QSO_254.1299566+45.6344872,56889.372259000025,18.374,0.0570706010808445,W2
QSO_254.1299566+45.6344872,57072.75554390547,18.4255,0.0595574841170285,W2
QSO_254.1299566+45.6344872,57248.02701712291,18.488,0.0557407120298519,W2
QSO_254.1299566+45.6344872,57436.64111027644,18.362,0.064287222494054,W2
QSO_254.1299566+45.6344872,57607.283222568905,18.405,0.0459263311216023,W2
QSO_254.1299566+45.6344872,57802.4296965,18.359,0.0365370470776976,W2
QSO_254.1299566+45.6344872,57970.90621399999,18.327,0.052374974673374,W2
QSO_254.1299566+45.6344872,58168.50768750001,18.457,0.0406469017734352,W2
QSO_254.1299566+45.6344872,58331.0737235,18.25,0.071328204996259,W2
QSO_254.1299566+45.6344872,58532.44984449997,18.314,0.0432448924502313,W2
QSO_254.1299566+45.6344872,58695.21958699996,18.083,0.099757731581357,W2
QSO_254.1299566+45.6344872,58899.3134344,18.354,0.045530477817503,W2
QSO_254.1299566+45.6344872,59062.21249479998,18.275,0.0559936235489024,W2
QSO_254.1299566+45.6344872,59264.22492200002,18.379,0.0563944984550798,W2
QSO_254.1299566+45.6344872,59426.72887149997,18.179,0.0690258346252724,W2
QSO_254.1299566+45.6344872,59628.11415399999,18.32,0.0508853316196181,W2
QSO_254.1299566+45.6344872,59790.60855874996,18.247,0.0723435200869608,W2
QSO_254.1299566+45.6344872,59994.96123649996,18.292,0.0551342678767971,W2
QSO_254.1299566+45.6344872,60157.54128850002,18.254,0.0548328196804489,W2
QSO_254.1299566+45.6344872,60358.90440760004,18.338,0.0743908961130925,W2
QSO_254.1299566+45.6344872,60521.98738299994,17.9835,0.0749667048491362,W2
QSO_254.059542+45.8334472,55246.05121849999,17.826,0.0237870781477162,W1
QSO_254.059542+45.8334472,55426.352257749946,17.778,0.019157343641137,W1
QSO_254.059542+45.8334472,56708.55823049999,17.796,0.023218538478994,W1
QSO_254.059542+45.8334472,56889.1094225,17.8595,0.0339075917425254,W1
QSO_254.059542+45.8334472,57072.52572164094,17.793,0.0249790443938767,W1
QSO_254.059542+45.8334472,57247.86305911255,17.7805,0.0273827434899242,W1
QSO_254.059542+45.8334472,57436.41118906187,17.7755,0.033316563449597,W1
QSO_254.059542+45.8334472,57607.08625965643,17.8105,0.0268854497784107,W1
QSO_254.059542+45.8334472,57802.364233749984,17.8305,0.0218134546538566,W1
QSO_254.059542+45.8334472,57970.74269400007,17.858999999999998,0.0301116717864979,W1
QSO_254.059542+45.8334472,58168.24605549994,17.783,0.0277269154829952,W1
QSO_254.059542+45.8334472,58330.84486850003,17.813,0.0190315047235632,W1
QSO_254.059542+45.8334472,58532.18821249998,17.823,0.0216199454051871,W1
QSO_254.059542+45.8334472,58694.663965749925,17.7735,0.0286323658645246,W1
QSO_254.059542+45.8334472,58899.01849329999,17.7825,0.0327424164343353,W1
QSO_254.059542+45.8334472,59061.81937420002,17.814,0.0254890096741776,W1
QSO_254.059542+45.8334472,59264.028953500005,17.822,0.0263381687144341,W1
QSO_254.059542+45.8334472,59426.43448075002,17.878500000000003,0.0391221538115938,W1
QSO_254.059542+45.8334472,59628.01624274996,17.8275,0.044096653498822,W1
QSO_254.059542+45.8334472,59790.51082999999,17.874000000000002,0.0248520102865386,W1
QSO_254.059542+45.8334472,59994.79855600004,17.787,0.0381658887724735,W1
QSO_254.059542+45.8334472,60157.28221149999,17.855,0.0238787701102624,W1
QSO_254.059542+45.8334472,60358.83929619998,17.848,0.0294098214887475,W1
QSO_254.059542+45.8334472,60521.85972220003,17.834,0.0373330141263544,W1
QSO_254.059542+45.8334472,55246.05121849999,18.501,0.0580227221450282,W2
QSO_254.059542+45.8334472,55426.352257749946,18.467,0.0406706210702613,W2
QSO_254.059542+45.8334472,56708.55823049999,18.294,0.0401928148936425,W2
QSO_254.059542+45.8334472,56889.1094225,18.3365,0.0389658368887984,W2
QSO_254.059542+45.8334472,57072.52572164094,18.406,0.0500141313144756,W2
QSO_254.059542+45.8334472,57247.86305911255,18.3595,0.0535272079394761,W2
QSO_254.059542+45.8334472,57436.41118906187,18.15,0.0492707267809589,W2
QSO_254.059542+45.8334472,57607.08625965643,18.314,0.0432936313901991,W2
QSO_254.059542+45.8334472,57802.364233749984,18.3135,0.0352415226370136,W2
QSO_254.059542+45.8334472,57970.74269400007,18.3315,0.047258831822054,W2
QSO_254.059542+45.8334472,58168.24605549994,18.157,0.0486792409966378,W2
QSO_254.059542+45.8334472,58330.84486850003,18.273,0.0515952525750354,W2
QSO_254.059542+45.8334472,58532.18821249998,18.273,0.0491690635402938,W2
QSO_254.059542+45.8334472,58694.663965749925,18.324,0.0545460573735628,W2
QSO_254.059542+45.8334472,58899.01849329999,18.3215,0.0519106983656395,W2
QSO_254.059542+45.8334472,59061.81937420002,18.116,0.0710328353710363,W2
QSO_254.059542+45.8334472,59264.028953500005,18.361,0.0462381604806183,W2
QSO_254.059542+45.8334472,59426.43448075002,18.289,0.0638037379760347,W2
QSO_254.059542+45.8334472,59628.01624274996,18.1705,0.0558440168833323,W2
QSO_254.059542+45.8334472,59790.51082999999,18.136,0.0731793543547279,W2
QSO_254.059542+45.8334472,59994.79855600004,18.363,0.0463200871656046,W2
QSO_254.059542+45.8334472,60157.28221149999,18.34,0.0507444058200186,W2
QSO_254.059542+45.8334472,60358.83929619998,18.331,0.0478859408734268,W2
QSO_254.059542+45.8334472,60521.85972220003,18.115,0.0601142502204015,W2
QSO_253.9404416+45.6267249,55245.985153500034,18.304,0.0444741846468263,W1
QSO_253.9404416+45.6267249,55426.31917049997,18.329,0.0359172082684939,W1
QSO_253.9404416+45.6267249,56708.45949800001,18.229,0.029228406424444,W1
QSO_253.9404416+45.6267249,56889.07653600005,18.2095,0.0409322407563198,W1
QSO_253.9404416+45.6267249,57072.29604537636,18.251,0.0469162697114376,W1
QSO_253.9404416+45.6267249,57247.63369309802,18.228,0.0359781952397729,W1
QSO_253.9404416+45.6267249,57436.34552865772,18.236,0.0548173412332654,W1
QSO_253.9404416+45.6267249,57607.02067245226,18.184,0.0262310515124149,W1
QSO_253.9404416+45.6267249,57802.16795500001,18.2455,0.0239508013258459,W1
QSO_253.9404416+45.6267249,57970.74254799996,18.2435,0.0349497426551585,W1
QSO_253.9404416+45.6267249,58168.31153650002,18.3445,0.0379880815722884,W1
QSO_253.9404416+45.6267249,58330.779460500016,18.311,0.0397360092167274,W1
QSO_253.9404416+45.6267249,58532.15565450005,18.289,0.0342214667234824,W1
QSO_253.9404416+45.6267249,58694.66391100001,18.291,0.0499677195797447,W1
QSO_253.9404416+45.6267249,58899.05123199996,18.251,0.0382733975880444,W1
QSO_253.9404416+45.6267249,59061.88496140004,18.186,0.0268437293692887,W1
QSO_253.9404416+45.6267249,59264.06165750006,18.29,0.0413714323389117,W1
QSO_253.9404416+45.6267249,59426.14060099997,18.27,0.0510176251458377,W1
QSO_253.9404416+45.6267249,59627.918331500005,18.268,0.0365208578212505,W1
QSO_253.9404416+45.6267249,59790.41284575006,18.237,0.0399765520104992,W1
QSO_253.9404416+45.6267249,59994.66850650003,18.191000000000003,0.0375361705025966,W1
QSO_253.9404416+45.6267249,60157.34685299997,18.306,0.0386750854086602,W1
QSO_253.9404416+45.6267249,60358.83936940003,18.215,0.0312061517589283,W1
QSO_253.9404416+45.6267249,60521.60440059996,18.197,0.0654010421411945,W1
QSO_253.9404416+45.6267249,55245.985153500034,18.443,0.0543628426041171,W2
QSO_253.9404416+45.6267249,55426.31917049997,18.501,0.0368019489569819,W2
QSO_253.9404416+45.6267249,56708.45949800001,18.38,0.0494805870400418,W2
QSO_253.9404416+45.6267249,56889.07653600005,18.35,0.0552068168764477,W2
QSO_253.9404416+45.6267249,57072.29604537636,18.256500000000003,0.0614144448363776,W2
QSO_253.9404416+45.6267249,57247.63369309802,18.412,0.05330489567501,W2
QSO_253.9404416+45.6267249,57436.34552865772,18.4095,0.0419693588625479,W2
QSO_253.9404416+45.6267249,57607.02067245226,18.325,0.0511878339070444,W2
QSO_253.9404416+45.6267249,57802.16795500001,18.322,0.0412375780718164,W2
QSO_253.9404416+45.6267249,57970.74254799996,18.4765,0.0626020129567658,W2
QSO_253.9404416+45.6267249,58168.31153650002,18.4785,0.0543109474678773,W2
QSO_253.9404416+45.6267249,58330.779460500016,18.308,0.0603406766026027,W2
QSO_253.9404416+45.6267249,58532.15565450005,18.286,0.0519096059667663,W2
QSO_253.9404416+45.6267249,58694.66391100001,18.225,0.0265051032560703,W2
QSO_253.9404416+45.6267249,58899.05123199996,18.385,0.0605702782670938,W2
QSO_253.9404416+45.6267249,59061.88496140004,18.308,0.0458585346790936,W2
QSO_253.9404416+45.6267249,59264.06165750006,18.2585,0.0454313041842765,W2
QSO_253.9404416+45.6267249,59426.14060099997,18.248,0.0691182927127114,W2
QSO_253.9404416+45.6267249,59627.918331500005,18.3085,0.0599862293225147,W2
QSO_253.9404416+45.6267249,59790.41284575006,18.331,0.050846525354492,W2
QSO_253.9404416+45.6267249,59994.66850650003,18.297,0.0601478466447469,W2
QSO_253.9404416+45.6267249,60157.34685299997,18.348,0.0576058387459408,W2
QSO_253.9404416+45.6267249,60358.83936940003,18.418,0.0579966018498199,W2
QSO_253.9404416+45.6267249,60521.60440059996,18.088,0.0730093614812876,W2
QSO_254.3660512+45.7568289,55246.414959250025,17.925,0.02423622521096,W1
QSO_254.3660512+45.7568289,55427.211504249964,17.926000000000002,0.0255284296961132,W1
QSO_254.3660512+45.7568289,56710.17076400004,17.9075,0.0243167226815734,W1
QSO_254.3660512+45.7568289,56889.60246450007,17.9295,0.0256847761513999,W1
QSO_254.3660512+45.7568289,57073.05077417425,17.923000000000002,0.0380323651644227,W1
QSO_254.3660512+45.7568289,57248.35467764376,17.9145,0.0248033809859328,W1
QSO_254.3660512+45.7568289,57437.06801270329,17.9075,0.0268544229141605,W1
QSO_254.3660512+45.7568289,57607.70996029583,17.9035,0.0289771406908478,W1
QSO_254.3660512+45.7568289,57803.73862300005,17.9375,0.0204357900464419,W1
QSO_254.3660512+45.7568289,57971.13525150002,17.93,0.0219535367942793,W1
QSO_254.3660512+45.7568289,58168.67120750001,17.964,0.0315248250694711,W1
QSO_254.3660512+45.7568289,58331.30257850004,17.971,0.0301633868121278,W1
QSO_254.3660512+45.7568289,58532.71136700003,17.953,0.0266459515500335,W1
QSO_254.3660512+45.7568289,58695.41570150002,17.89,0.0241130091403904,W1
QSO_254.3660512+45.7568289,58703.978638,17.993000000000002,0.0,W1
QSO_254.3660512+45.7568289,58899.57552700003,17.908,0.0231830262979908,W1
QSO_254.3660512+45.7568289,59062.638500500005,17.91,0.0434427231880929,W1
QSO_254.3660512+45.7568289,59264.45359450001,17.9395,0.0235294450863575,W1
QSO_254.3660512+45.7568289,59426.92483999999,17.939999999999998,0.0473957961208027,W1
QSO_254.3660512+45.7568289,59628.50570775001,17.939,0.0294096021622874,W1
QSO_254.3660512+45.7568289,59791.03230550003,17.9155,0.0272059994927994,W1
QSO_254.3660512+45.7568289,59995.15620124996,17.8555,0.0290045888032778,W1
QSO_254.3660512+45.7568289,60157.93005000002,17.863,0.0280122903619002,W1
QSO_254.3660512+45.7568289,60359.22656080003,17.924,0.0235090954840358,W1
QSO_254.3660512+45.7568289,60522.3065716,17.9,0.0542715990492184,W1
QSO_254.3660512+45.7568289,55246.414959250025,18.372,0.0667963387324152,W2
QSO_254.3660512+45.7568289,55427.211504249964,18.5265,0.0403014005986656,W2
QSO_254.3660512+45.7568289,56710.17076400004,18.2945,0.0449159100350274,W2
QSO_254.3660512+45.7568289,56889.60246450007,18.380000000000003,0.0438172322849882,W2
QSO_254.3660512+45.7568289,57073.05077417425,18.404,0.0563137632910464,W2
QSO_254.3660512+45.7568289,57248.35467764376,18.378,0.0512179755945116,W2
QSO_254.3660512+45.7568289,57437.06801270329,18.307,0.0650064725437169,W2
QSO_254.3660512+45.7568289,57607.70996029583,18.452,0.044530726042977,W2
QSO_254.3660512+45.7568289,57803.73862300005,18.371,0.0350642460806091,W2
QSO_254.3660512+45.7568289,57971.13525150002,18.3965,0.0603750323498878,W2
QSO_254.3660512+45.7568289,58168.67120750001,18.32,0.0566383936568746,W2
QSO_254.3660512+45.7568289,58331.30257850004,18.35,0.0615680914407451,W2
QSO_254.3660512+45.7568289,58532.71136700003,18.388,0.0545262087258644,W2
QSO_254.3660512+45.7568289,58695.41570150002,18.148,0.0795104039103435,W2
QSO_254.3660512+45.7568289,58703.978638,18.267,0.0,W2
QSO_254.3660512+45.7568289,58899.57552700003,18.286,0.0576438355420594,W2
QSO_254.3660512+45.7568289,59062.638500500005,18.2865,0.0645494666760041,W2
QSO_254.3660512+45.7568289,59264.45359450001,18.2375,0.0717065916548449,W2
QSO_254.3660512+45.7568289,59426.92483999999,18.283,0.0477249267598778,W2
QSO_254.3660512+45.7568289,59628.50570775001,18.3075,0.0549721317383375,W2
QSO_254.3660512+45.7568289,59791.03230550003,18.304,0.0637631244433109,W2
QSO_254.3660512+45.7568289,59995.15620124996,18.3435,0.0468958719324024,W2
QSO_254.3660512+45.7568289,60157.93005000002,18.398,0.0631253880114313,W2
QSO_254.3660512+45.7568289,60359.22656080003,18.261,0.0639265767599099,W2
QSO_254.3660512+45.7568289,60522.3065716,18.026,0.0733154127701579,W2
QSO_254.2581885+45.7223009,55246.28268324999,18.2425,0.0478014545500441,W1
QSO_254.2581885+45.7223009,55426.98022200003,18.3505,0.0340462381460684,W1
QSO_254.2581885+45.7223009,56708.92025574999,18.236,0.0223359465026773,W1
QSO_254.2581885+45.7223009,56889.53667325003,18.1545,0.0362391113765137,W1
QSO_254.2581885+45.7223009,57072.75547090541,18.204,0.0313824214330252,W1
QSO_254.2581885+45.7223009,57248.12531162915,18.091,0.0373575288387428,W1
QSO_254.2581885+45.7223009,57436.903788492986,18.2455,0.0529106206649432,W1
QSO_254.2581885+45.7223009,57607.57867608748,18.239,0.032796621778638,W1
QSO_254.2581885+45.7223009,57803.05145574998,18.1995,0.0243783344537736,W1
QSO_254.2581885+45.7223009,57971.10249275005,18.26,0.0327603840973164,W1
QSO_254.2581885+45.7223009,58168.40957550002,18.297,0.026097370322184,W1
QSO_254.2581885+45.7223009,58331.4333945,18.338,0.0425637348661176,W1
QSO_254.2581885+45.7223009,58532.44978974997,18.192500000000003,0.0346404888725419,W1
QSO_254.2581885+45.7223009,58695.35034825,18.3225,0.0490420720252747,W1
QSO_254.2581885+45.7223009,58703.978638,18.109,0.0,W1
QSO_254.2581885+45.7223009,58899.37896670001,18.234,0.0235356849986788,W1
QSO_254.2581885+45.7223009,59062.24528839994,18.2875,0.0377983293347825,W1
QSO_254.2581885+45.7223009,59264.22492200002,18.239,0.0411725330952746,W1
QSO_254.2581885+45.7223009,59427.186107000016,18.205,0.0392613061334966,W1
QSO_254.2581885+45.7223009,59628.34258925,18.1475,0.0269660841741793,W1
QSO_254.2581885+45.7223009,59790.96704349997,18.215,0.0335808201778699,W1
QSO_254.2581885+45.7223009,59995.05865499997,18.243,0.0447261964141926,W1
QSO_254.2581885+45.7223009,60157.57366400006,18.243,0.0445172416930351,W1
QSO_254.2581885+45.7223009,60359.06555740005,18.246,0.0397742967819585,W1
QSO_254.2581885+45.7223009,60521.9874562,18.06,0.0997677694131423,W1
QSO_254.2581885+45.7223009,55246.28268324999,18.378,0.0516324676972822,W2
QSO_254.2581885+45.7223009,55426.98022200003,18.549,0.0423772287619693,W2
QSO_254.2581885+45.7223009,56708.92025574999,18.297,0.0478817173942318,W2
QSO_254.2581885+45.7223009,56889.53667325003,18.419,0.0593707543712337,W2
QSO_254.2581885+45.7223009,57072.75547090541,18.3115,0.0764337122937255,W2
QSO_254.2581885+45.7223009,57248.12531162915,18.2805,0.0757475504966993,W2
QSO_254.2581885+45.7223009,57436.903788492986,18.484,0.0761231190401481,W2
QSO_254.2581885+45.7223009,57607.57867608748,18.4345,0.0608392918728841,W2
QSO_254.2581885+45.7223009,57803.05145574998,18.3525,0.0474264412242537,W2
QSO_254.2581885+45.7223009,57971.10249275005,18.325,0.0590289568918181,W2
QSO_254.2581885+45.7223009,58168.40957550002,18.38,0.0695946263450645,W2
QSO_254.2581885+45.7223009,58331.4333945,18.41,0.0658161358666459,W2
QSO_254.2581885+45.7223009,58532.44978974997,18.357,0.0512328905462497,W2
QSO_254.2581885+45.7223009,58695.35034825,18.2655,0.0584859907252249,W2
QSO_254.2581885+45.7223009,58703.978638,18.783,0.0,W2
QSO_254.2581885+45.7223009,58899.37896670001,18.4605,0.0739362732485096,W2
QSO_254.2581885+45.7223009,59062.24528839994,18.204,0.0600196263037992,W2
QSO_254.2581885+45.7223009,59264.22492200002,18.305,0.096492968847668,W2
QSO_254.2581885+45.7223009,59427.186107000016,18.25,0.0651981818232937,W2
QSO_254.2581885+45.7223009,59628.34258925,18.374,0.0486607723150454,W2
QSO_254.2581885+45.7223009,59790.96704349997,18.376,0.0547995737494955,W2
QSO_254.2581885+45.7223009,59995.05865499997,18.52,0.0481849724224714,W2
QSO_254.2581885+45.7223009,60157.57366400006,18.343,0.0721719970184774,W2
QSO_254.2581885+45.7223009,60359.06555740005,18.3,0.0710602308812347,W2
QSO_254.2581885+45.7223009,60521.9874562,18.157,0.0525989747166919,W2
QSO_254.2684578+45.5528683,55246.58032250004,18.202,0.0264498003017035,W1
QSO_254.2684578+45.5528683,55427.24451849997,18.224,0.0275573396725251,W1
QSO_254.2684578+45.5528683,56709.31518574998,18.191,0.0216743566614188,W1
QSO_254.2684578+45.5528683,56889.6023915,18.239,0.02738139406131,W1
QSO_254.2684578+45.5528683,57073.01805192219,18.21,0.0380621596864916,W1
QSO_254.2684578+45.5528683,57248.32191889167,18.265,0.034340232034535,W1
QSO_254.2684578+45.5528683,57437.23227351371,18.192,0.0335110097729089,W1
QSO_254.2684578+45.5528683,57607.41445187717,18.223,0.0340222170717942,W1
QSO_254.2684578+45.5528683,57803.67321500003,18.201,0.019729373721253,W1
QSO_254.2684578+45.5528683,57971.167845999975,18.209,0.0410659218684651,W1
QSO_254.2684578+45.5528683,58168.73661550003,18.226,0.0319365478782383,W1
QSO_254.2684578+45.5528683,58331.4333945,18.186,0.0331373884669905,W1
QSO_254.2684578+45.5528683,58532.71136700003,18.202,0.0346564235028232,W1
QSO_254.2684578+45.5528683,58695.4483325,18.252,0.0501194928269645,W1
QSO_254.2684578+45.5528683,58703.978638,18.031,0.0,W1
QSO_254.2684578+45.5528683,58899.57552700003,18.319,0.0350982930639084,W1
QSO_254.2684578+45.5528683,59062.50738100006,18.25,0.0358019073559379,W1
QSO_254.2684578+45.5528683,59264.453649250005,18.2325,0.0384606797391228,W1
QSO_254.2684578+45.5528683,59426.990120250026,18.206,0.0470849948721722,W1
QSO_254.2684578+45.5528683,59628.4405735,18.209,0.0443401359417976,W1
QSO_254.2684578+45.5528683,59790.70628750001,18.151,0.0376057526953586,W1
QSO_254.2684578+45.5528683,59995.22135375002,18.1935,0.0397137802567943,W1
QSO_254.2684578+45.5528683,60157.92990399999,18.177,0.0395447085716902,W1
QSO_254.2684578+45.5528683,60359.194609000064,18.2315,0.0538868442174386,W1
QSO_254.2684578+45.5528683,60522.21073449999,18.163,0.0347126479835399,W1
QSO_254.2684578+45.5528683,55246.58032250004,18.517,0.0562928366313157,W2
QSO_254.2684578+45.5528683,55427.24451849997,18.547,0.0369605629394206,W2
QSO_254.2684578+45.5528683,56709.31518574998,18.3835,0.0337611395118062,W2
QSO_254.2684578+45.5528683,56889.6023915,18.327,0.0532581088386545,W2
QSO_254.2684578+45.5528683,57073.01805192219,18.496,0.0693379216230195,W2
QSO_254.2684578+45.5528683,57248.32191889167,18.3635,0.0645341985213209,W2
QSO_254.2684578+45.5528683,57437.23227351371,18.423,0.0509849320485964,W2
QSO_254.2684578+45.5528683,57607.41445187717,18.456,0.0383558928431259,W2
QSO_254.2684578+45.5528683,57803.67321500003,18.456000000000003,0.0349147002064036,W2
QSO_254.2684578+45.5528683,57971.167845999975,18.351,0.0719163966030913,W2
QSO_254.2684578+45.5528683,58168.73661550003,18.488,0.0362229004767762,W2
QSO_254.2684578+45.5528683,58331.4333945,18.34,0.0595420962372206,W2
QSO_254.2684578+45.5528683,58532.71136700003,18.342,0.0446088277958901,W2
QSO_254.2684578+45.5528683,58695.4483325,18.1995,0.0758534815114009,W2
QSO_254.2684578+45.5528683,58703.978638,18.462,0.0,W2
QSO_254.2684578+45.5528683,58899.57552700003,18.25,0.0675444912927768,W2
QSO_254.2684578+45.5528683,59062.50738100006,18.3315,0.0596300368518053,W2
QSO_254.2684578+45.5528683,59264.453649250005,18.3985,0.0480117775867238,W2
QSO_254.2684578+45.5528683,59426.990120250026,18.2895,0.0489739719791329,W2
QSO_254.2684578+45.5528683,59628.4405735,18.298,0.050613668444598,W2
QSO_254.2684578+45.5528683,59790.70628750001,18.376,0.0686284784095263,W2
QSO_254.2684578+45.5528683,59995.22135375002,18.253500000000003,0.0401039507552705,W2
QSO_254.2684578+45.5528683,60157.92990399999,18.379,0.048736157280499,W2
QSO_254.2684578+45.5528683,60359.194609000064,18.274,0.0579611420650214,W2
QSO_254.2684578+45.5528683,60522.21073449999,18.0815,0.0979417350000014,W2
QSO_254.1384302+45.6354104,55246.15048025002,17.906,0.0237000734867143,W1
QSO_254.1384302+45.6354104,55426.715816,17.85,0.0246860222315589,W1
QSO_254.1384302+45.6354104,56708.98612,17.839,0.0226721653454146,W1
QSO_254.1384302+45.6354104,56889.372332,17.878,0.0245002008083637,W1
QSO_254.1384302+45.6354104,57072.78837565753,17.853,0.0327680416708673,W1
QSO_254.1384302+45.6354104,57248.059775875,17.8545,0.0301173862189719,W1
QSO_254.1384302+45.6354104,57436.64111027644,17.842,0.0254880251098432,W1
QSO_254.1384302+45.6354104,57607.348864673,17.872999999999998,0.0261970041334535,W1
QSO_254.1384302+45.6354104,57802.4296965,17.866999999999997,0.0221529373395783,W1
QSO_254.1384302+45.6354104,57970.93891800004,17.897,0.0229979747412933,W1
QSO_254.1384302+45.6354104,58168.50768750001,17.938,0.0337783007609163,W1
QSO_254.1384302+45.6354104,58331.0410925,17.881999999999998,0.0334914023799496,W1
QSO_254.1384302+45.6354104,58532.4171405,17.874000000000002,0.0191727006065829,W1
QSO_254.1384302+45.6354104,58695.21958699996,17.866999999999997,0.0319152504969914,W1
QSO_254.1384302+45.6354104,58703.978638,17.886,0.0,W1
QSO_254.1384302+45.6354104,58899.3134344,17.848,0.0293144653908943,W1
QSO_254.1384302+45.6354104,59062.21249479998,17.841,0.0289281913324687,W1
QSO_254.1384302+45.6354104,59264.224976750025,17.893,0.0262360853773181,W1
QSO_254.1384302+45.6354104,59426.72887149997,17.861,0.0346277167975105,W1
QSO_254.1384302+45.6354104,59628.310013,17.839,0.0304590995336159,W1
QSO_254.1384302+45.6354104,59790.67371125002,17.8385,0.0325423104926702,W1
QSO_254.1384302+45.6354104,59994.993758000026,17.906,0.0307714078443028,W1
QSO_254.1384302+45.6354104,60157.476501,17.884,0.0265417532378569,W1
QSO_254.1384302+45.6354104,60358.93643259997,17.838,0.0371362411276718,W1
QSO_254.1384302+45.6354104,60521.9554129,17.9,0.0470795593738594,W1
QSO_254.1384302+45.6354104,55246.15048025002,18.4325,0.0537269653484686,W2
QSO_254.1384302+45.6354104,55426.715816,18.5435,0.0374965599247976,W2
QSO_254.1384302+45.6354104,56708.98612,18.318,0.0395524229340891,W2
QSO_254.1384302+45.6354104,56889.372332,18.384,0.050343126577379,W2
QSO_254.1384302+45.6354104,57072.78837565753,18.405,0.0627607525077254,W2
QSO_254.1384302+45.6354104,57248.059775875,18.287,0.0582575817832311,W2
QSO_254.1384302+45.6354104,57436.64111027644,18.379,0.0613226765234525,W2
QSO_254.1384302+45.6354104,57607.348864673,18.3835,0.0524981601409213,W2
QSO_254.1384302+45.6354104,57802.4296965,18.291,0.0346567017791923,W2
QSO_254.1384302+45.6354104,57970.93891800004,18.3395,0.0517292972067509,W2
QSO_254.1384302+45.6354104,58168.50768750001,18.2995,0.0442792086134077,W2
QSO_254.1384302+45.6354104,58331.0410925,18.252,0.0640855615791837,W2
QSO_254.1384302+45.6354104,58532.4171405,18.3105,0.0465020971974538,W2
QSO_254.1384302+45.6354104,58695.21958699996,18.356,0.0651114964095485,W2
QSO_254.1384302+45.6354104,58703.978638,18.323,0.0,W2
QSO_254.1384302+45.6354104,58899.3134344,18.199,0.0705108448320182,W2
QSO_254.1384302+45.6354104,59062.21249479998,18.293,0.0633041498948601,W2
QSO_254.1384302+45.6354104,59264.224976750025,18.2585,0.0587325304010887,W2
QSO_254.1384302+45.6354104,59426.72887149997,18.138,0.0735609565552974,W2
QSO_254.1384302+45.6354104,59628.310013,18.352,0.0447010186680219,W2
QSO_254.1384302+45.6354104,59790.67371125002,18.2935,0.0729979885327479,W2
QSO_254.1384302+45.6354104,59994.993758000026,18.277,0.0607359386170925,W2
QSO_254.1384302+45.6354104,60157.476501,18.377,0.0544537514351848,W2
QSO_254.1384302+45.6354104,60358.93643259997,18.2075,0.0419648626374561,W2
QSO_254.1384302+45.6354104,60521.9554129,17.985500000000002,0.0730041855725485,W2
QSO_254.3167622+45.6506883,55246.54716225,18.057,0.0319112221567435,W1
QSO_254.3167622+45.6506883,55427.27760575004,18.08,0.0306638988839947,W1
QSO_254.3167622+45.6506883,56709.51261425,18.0805,0.0250088697734752,W1
QSO_254.3167622+45.6506883,56889.70094150001,18.14,0.0303123169597371,W1
QSO_254.3167622+45.6506883,57073.05088367426,18.099,0.0256993478641845,W1
QSO_254.3167622+45.6506883,57248.32191889167,18.111,0.0379755200123759,W1
QSO_254.3167622+45.6506883,57437.03514590123,18.094,0.0377970377675289,W1
QSO_254.3167622+45.6506883,57607.51297908338,18.1155,0.0333464307601944,W1
QSO_254.3167622+45.6506883,57803.73862300005,18.058,0.0323879726165098,W1
QSO_254.3167622+45.6506883,57971.16795549998,18.041,0.0345814414343977,W1
QSO_254.3167622+45.6506883,58168.54039149998,18.149,0.0333251994343595,W1
QSO_254.3167622+45.6506883,58331.36798649998,18.0715,0.0360463031322751,W1
QSO_254.3167622+45.6506883,58532.678663000064,18.0765,0.0427869083297322,W1
QSO_254.3167622+45.6506883,58695.48110950003,18.128,0.0419576995040605,W1
QSO_254.3167622+45.6506883,58703.978638,17.887999999999998,0.0,W1
QSO_254.3167622+45.6506883,58899.47729259999,18.089,0.0399484761470629,W1
QSO_254.3167622+45.6506883,59062.54017460003,18.111,0.0327984287822368,W1
QSO_254.3167622+45.6506883,59264.42099999996,18.128,0.0223638597344514,W1
QSO_254.3167622+45.6506883,59426.92483999999,17.965,0.0394951295154825,W1
QSO_254.3167622+45.6506883,59628.57098799996,18.152,0.0363536621130004,W1
QSO_254.3167622+45.6506883,59790.90189099999,18.075,0.0435847149873051,W1
QSO_254.3167622+45.6506883,59995.25374750004,18.099,0.0380511585509969,W1
QSO_254.3167622+45.6506883,60157.92990399999,18.11,0.0298718668105922,W1
QSO_254.3167622+45.6506883,60359.1945358,18.1275,0.0398820227401673,W1
QSO_254.3167622+45.6506883,60522.24263140004,18.156,0.0491431288290757,W1
QSO_254.3167622+45.6506883,55246.54716225,18.364,0.0508838091836394,W2
QSO_254.3167622+45.6506883,55427.27760575004,18.2865,0.0488700238950599,W2
QSO_254.3167622+45.6506883,56709.51261425,18.252,0.0370376306402894,W2
QSO_254.3167622+45.6506883,56889.70094150001,18.314,0.0569756604191754,W2
QSO_254.3167622+45.6506883,57073.05088367426,18.211,0.0543163614021541,W2
QSO_254.3167622+45.6506883,57248.32191889167,18.366,0.0596530390476322,W2
QSO_254.3167622+45.6506883,57437.03514590123,18.339,0.0558647475247136,W2
QSO_254.3167622+45.6506883,57607.51297908338,18.309,0.0444492507123448,W2
QSO_254.3167622+45.6506883,57803.73862300005,18.251,0.0379519491941487,W2
QSO_254.3167622+45.6506883,57971.16795549998,18.191,0.0669668042555151,W2
QSO_254.3167622+45.6506883,58168.54039149998,18.365,0.0393268047457253,W2
QSO_254.3167622+45.6506883,58331.36798649998,18.3185,0.0664459356000093,W2
QSO_254.3167622+45.6506883,58532.678663000064,18.4095,0.0551092949802623,W2
QSO_254.3167622+45.6506883,58695.48110950003,18.396,0.0788670437002085,W2
QSO_254.3167622+45.6506883,58703.978638,18.587,0.0,W2
QSO_254.3167622+45.6506883,58899.47729259999,18.3995,0.0464245978582422,W2
QSO_254.3167622+45.6506883,59062.54017460003,18.258,0.0585947407070427,W2
QSO_254.3167622+45.6506883,59264.42099999996,18.289,0.0508657112011619,W2
QSO_254.3167622+45.6506883,59426.92483999999,18.344,0.062581018524017,W2
QSO_254.3167622+45.6506883,59628.57098799996,18.271,0.0494247751358391,W2
QSO_254.3167622+45.6506883,59790.90189099999,18.432,0.0542026052241457,W2
QSO_254.3167622+45.6506883,59995.25374750004,18.364,0.0499926784254858,W2
QSO_254.3167622+45.6506883,60157.92990399999,18.248,0.0520708356949303,W2
QSO_254.3167622+45.6506883,60359.1945358,18.2935,0.0492781156528094,W2
QSO_254.3167622+45.6506883,60522.24263140004,18.088,0.0672250262041463,W2
QSO_254.108884+45.5491605,55246.24959600001,18.2135,0.0241633541904485,W1
QSO_254.108884+45.5491605,55426.847946,18.223,0.0285639456290442,W1
QSO_254.108884+45.5491605,56708.85446450004,18.235,0.0318896082854287,W1
QSO_254.108884+45.5491605,56889.372259000025,18.158,0.0251723421235928,W1
QSO_254.108884+45.5491605,57072.7227121534,18.238,0.0366447159900884,W1
QSO_254.108884+45.5491605,57248.09247987708,18.2725,0.0351685259316325,W1
QSO_254.108884+45.5491605,57436.90384339299,18.182,0.0319468552277687,W1
QSO_254.108884+45.5491605,57607.2831676689,18.1535,0.029921630612228,W1
QSO_254.108884+45.5491605,57803.41143700001,18.242,0.0280536707618006,W1
QSO_254.108884+45.5491605,57970.93891800004,18.1285,0.0348305161922356,W1
QSO_254.108884+45.5491605,58168.60594550003,18.237,0.0271282013876708,W1
QSO_254.108884+45.5491605,58331.17176250001,18.2175,0.0323722961118849,W1
QSO_254.108884+45.5491605,58532.38443650003,18.136,0.0331587174661506,W1
QSO_254.108884+45.5491605,58695.18659100002,18.154,0.0444940782576738,W1
QSO_254.108884+45.5491605,58703.978638,18.122,0.0,W1
QSO_254.108884+45.5491605,58899.24784719998,18.205,0.0485141313628514,W1
QSO_254.108884+45.5491605,59062.21249479998,18.284,0.0525677388674724,W1
QSO_254.108884+45.5491605,59264.29031174999,18.2245,0.0383314790636864,W1
QSO_254.108884+45.5491605,59426.85943199997,18.154,0.0254980775519347,W1
QSO_254.108884+45.5491605,59628.24473274996,18.229,0.0246118795581444,W1
QSO_254.108884+45.5491605,59790.67371125002,18.219,0.0589918113738343,W1
QSO_254.108884+45.5491605,59995.026279500016,18.203,0.0260239581924042,W1
QSO_254.108884+45.5491605,60157.50889475,18.184,0.0321651847672465,W1
QSO_254.108884+45.5491605,60358.93643259997,18.2245,0.0513157614676036,W1
QSO_254.108884+45.5491605,60521.9554129,18.1215,0.0652289419568082,W1
QSO_254.108884+45.5491605,55246.24959600001,18.589,0.052290395140694,W2
QSO_254.108884+45.5491605,55426.847946,18.517,0.0331233853426128,W2
QSO_254.108884+45.5491605,56708.85446450004,18.258,0.0452563136581618,W2
QSO_254.108884+45.5491605,56889.372259000025,18.26,0.0448607679260336,W2
QSO_254.108884+45.5491605,57072.7227121534,18.287,0.0774740748096362,W2
QSO_254.108884+45.5491605,57248.09247987708,18.323,0.0658182233004981,W2
QSO_254.108884+45.5491605,57436.90384339299,18.251,0.0586143134793182,W2
QSO_254.108884+45.5491605,57607.2831676689,18.324,0.0493725689589579,W2
QSO_254.108884+45.5491605,57803.41143700001,18.276,0.0319407492578703,W2
QSO_254.108884+45.5491605,57970.93891800004,18.323,0.0573833861780503,W2
QSO_254.108884+45.5491605,58168.60594550003,18.125,0.0598007432896056,W2
QSO_254.108884+45.5491605,58331.17176250001,18.167,0.0592626878904425,W2
QSO_254.108884+45.5491605,58532.38443650003,18.265,0.0553857431474923,W2
QSO_254.108884+45.5491605,58695.18659100002,18.365,0.0768895474040522,W2
QSO_254.108884+45.5491605,58703.978638,18.47,0.0,W2
QSO_254.108884+45.5491605,58899.24784719998,18.305,0.0650771497815248,W2
QSO_254.108884+45.5491605,59062.21249479998,18.212,0.0586123095853908,W2
QSO_254.108884+45.5491605,59264.29031174999,18.2345,0.0485563884645384,W2
QSO_254.108884+45.5491605,59426.85943199997,18.275,0.0801285504804299,W2
QSO_254.108884+45.5491605,59628.24473274996,18.155,0.0507389349494027,W2
QSO_254.108884+45.5491605,59790.67371125002,18.251,0.0665924851024965,W2
QSO_254.108884+45.5491605,59995.026279500016,18.1645,0.0574702635304506,W2
QSO_254.108884+45.5491605,60157.50889475,18.270000000000003,0.0506011524535719,W2
QSO_254.108884+45.5491605,60358.93643259997,18.2055,0.0710700314830378,W2
QSO_254.108884+45.5491605,60521.9554129,17.9215,0.1039028125732956,W2
QSO_254.1019594+45.5159224,55246.15048025002,17.977,0.0276360244926729,W1
QSO_254.1019594+45.5159224,55426.847946,18.0085,0.0231222718757727,W1
QSO_254.1019594+45.5159224,56708.85446450004,18.005,0.0213152984467447,W1
QSO_254.1019594+45.5159224,56889.43806850003,18.009,0.0235670959561971,W1
QSO_254.1019594+45.5159224,57072.75554390547,18.011499999999998,0.0409357959209105,W1
QSO_254.1019594+45.5159224,57248.09247987708,17.9825,0.0220741086386143,W1
QSO_254.1019594+45.5159224,57436.83812808884,18.005,0.0354967959107714,W1
QSO_254.1019594+45.5159224,57607.31601617091,18.007,0.026626614368207,W1
QSO_254.1019594+45.5159224,57802.69152925003,17.936,0.0163627761003582,W1
QSO_254.1019594+45.5159224,57970.97162200001,17.939,0.029050725415676,W1
QSO_254.1019594+45.5159224,58168.57324150006,17.990000000000002,0.023668986616822,W1
QSO_254.1019594+45.5159224,58331.10635449999,18.038,0.0310873601584638,W1
QSO_254.1019594+45.5159224,58532.48254849994,17.9485,0.0305636417134695,W1
QSO_254.1019594+45.5159224,58695.219477499966,18.028,0.0403951974673043,W1
QSO_254.1019594+45.5159224,58703.978638,17.817999999999998,0.0,W1
QSO_254.1019594+45.5159224,58899.21520000004,17.991,0.0353657712327083,W1
QSO_254.1019594+45.5159224,59062.31082069996,18.014,0.0318130435996903,W1
QSO_254.1019594+45.5159224,59264.25768074999,17.963,0.026600597901926,W1
QSO_254.1019594+45.5159224,59426.794151750015,18.000999999999998,0.0419278296609201,W1
QSO_254.1019594+45.5159224,59628.310013,17.951999999999998,0.0374651521219226,W1
QSO_254.1019594+45.5159224,59790.73886375,18.019,0.0179812874269575,W1
QSO_254.1019594+45.5159224,59995.058801,17.962,0.0317729521905836,W1
QSO_254.1019594+45.5159224,60157.57366400006,18.0405,0.0314835406733952,W1
QSO_254.1019594+45.5159224,60358.90440760004,18.042,0.0244423122431977,W1
QSO_254.1019594+45.5159224,60522.01920669993,17.903,0.0493151329595724,W1
QSO_254.1019594+45.5159224,55246.15048025002,18.3305,0.04996559410226,W2
QSO_254.1019594+45.5159224,55426.847946,18.535,0.0423410420352091,W2
QSO_254.1019594+45.5159224,56708.85446450004,18.311,0.0417335055676904,W2
QSO_254.1019594+45.5159224,56889.43806850003,18.358,0.0575563494620839,W2
QSO_254.1019594+45.5159224,57072.75554390547,18.3275,0.0581615376585757,W2
QSO_254.1019594+45.5159224,57248.09247987708,18.3925,0.0552695179792664,W2
QSO_254.1019594+45.5159224,57436.83812808884,18.22,0.037824053207952,W2
QSO_254.1019594+45.5159224,57607.31601617091,18.339,0.0473823440812399,W2
QSO_254.1019594+45.5159224,57802.69152925003,18.313,0.0476550457443981,W2
QSO_254.1019594+45.5159224,57970.97162200001,18.417,0.0492095999863976,W2
QSO_254.1019594+45.5159224,58168.57324150006,18.26,0.0394741324713267,W2
QSO_254.1019594+45.5159224,58331.10635449999,18.429,0.0523051278284094,W2
QSO_254.1019594+45.5159224,58532.48254849994,18.337,0.0538997373494747,W2
QSO_254.1019594+45.5159224,58695.219477499966,18.062,0.0783930307443285,W2
QSO_254.1019594+45.5159224,58703.978638,18.307,0.0,W2
QSO_254.1019594+45.5159224,58899.21520000004,18.4145,0.0578205212153186,W2
QSO_254.1019594+45.5159224,59062.31082069996,18.288,0.0549916882634205,W2
QSO_254.1019594+45.5159224,59264.25768074999,18.2865,0.0658130704383618,W2
QSO_254.1019594+45.5159224,59426.794151750015,18.177,0.0692395991370194,W2
QSO_254.1019594+45.5159224,59628.310013,18.258000000000003,0.0300433323867505,W2
QSO_254.1019594+45.5159224,59790.73886375,18.320500000000003,0.0766261533355291,W2
QSO_254.1019594+45.5159224,59995.058801,18.375,0.0544007728695797,W2
QSO_254.1019594+45.5159224,60157.57366400006,18.248,0.0640974168890749,W2
QSO_254.1019594+45.5159224,60358.90440760004,18.216,0.0544235886883888,W2
QSO_254.1019594+45.5159224,60522.01920669993,17.948,0.0705619808486795,W2
QSO_254.3590744+45.6765029,55246.61326374998,17.7285,0.0300773693688153,W1
QSO_254.3590744+45.6765029,55427.3437255,17.708,0.0180593927742563,W1
QSO_254.3590744+45.6765029,56709.44682299997,17.695,0.0228954760521246,W1
QSO_254.3590744+45.6765029,56889.70101450006,17.77,0.0308644466507241,W1
QSO_254.3590744+45.6765029,57073.08364242626,17.7485,0.0301557540114652,W1
QSO_254.3590744+45.6765029,57248.32191889167,17.728,0.0350284056138691,W1
QSO_254.3590744+45.6765029,57437.23221861371,17.7165,0.0310524135877102,W1
QSO_254.3590744+45.6765029,57607.61146968956,17.743000000000002,0.0193914320102823,W1
QSO_254.3590744+45.6765029,57803.934956500016,17.7,0.0146176892314523,W1
QSO_254.3590744+45.6765029,57971.2333635,17.728,0.0201305530522917,W1
QSO_254.3590744+45.6765029,58168.73661550003,17.706,0.0255448179266968,W1
QSO_254.3590744+45.6765029,58331.36798649998,17.735,0.0212808639737151,W1
QSO_254.3590744+45.6765029,58532.744071,17.7395,0.0254120489201618,W1
QSO_254.3590744+45.6765029,58695.48110950003,17.738,0.0210472777125844,W1
QSO_254.3590744+45.6765029,58703.978638,17.82,0.0,W1
QSO_254.3590744+45.6765029,58899.54280660004,17.7025,0.0206995818806048,W1
QSO_254.3590744+45.6765029,59062.638500500005,17.77,0.0213182276648231,W1
QSO_254.3590744+45.6765029,59264.42099999996,17.776,0.0294676350082721,W1
QSO_254.3590744+45.6765029,59426.92483999999,17.813000000000002,0.0338184771313164,W1
QSO_254.3590744+45.6765029,59628.636286499976,17.719,0.0252583080012948,W1
QSO_254.3590744+45.6765029,59790.967152999976,17.7125,0.0178651398858361,W1
QSO_254.3590744+45.6765029,59995.25374750004,17.712,0.0193859422147996,W1
QSO_254.3590744+45.6765029,60157.8652625,17.695,0.0224586033366292,W1
QSO_254.3590744+45.6765029,60359.25911650001,17.701999999999998,0.0334683204272671,W1
QSO_254.3590744+45.6765029,60522.3065716,17.747,0.0546814751379203,W1
QSO_254.3590744+45.6765029,55246.61326374998,18.3675,0.0642575632347692,W2
QSO_254.3590744+45.6765029,55427.3437255,18.428,0.0497118219148648,W2
QSO_254.3590744+45.6765029,56709.44682299997,18.224,0.0420781553371333,W2
QSO_254.3590744+45.6765029,56889.70101450006,18.395,0.049323253136093,W2
QSO_254.3590744+45.6765029,57073.08364242626,18.311,0.0516971979608984,W2
QSO_254.3590744+45.6765029,57248.32191889167,18.3305,0.0662577781323469,W2
QSO_254.3590744+45.6765029,57437.23221861371,18.2925,0.0485454806250956,W2
QSO_254.3590744+45.6765029,57607.61146968956,18.337,0.0418054798155131,W2
QSO_254.3590744+45.6765029,57803.934956500016,18.191,0.0389367701037939,W2
QSO_254.3590744+45.6765029,57971.2333635,18.317,0.044457868985089,W2
QSO_254.3590744+45.6765029,58168.73661550003,18.3,0.04747126079571,W2
QSO_254.3590744+45.6765029,58331.36798649998,18.34,0.0564786589897706,W2
QSO_254.3590744+45.6765029,58532.744071,18.2225,0.0482260657377853,W2
QSO_254.3590744+45.6765029,58695.48110950003,18.266,0.0379008382284175,W2
QSO_254.3590744+45.6765029,58703.978638,18.129,0.0,W2
QSO_254.3590744+45.6765029,58899.54280660004,18.139000000000003,0.0496209322158865,W2
QSO_254.3590744+45.6765029,59062.638500500005,18.219,0.0544334252189322,W2
QSO_254.3590744+45.6765029,59264.42099999996,18.213500000000003,0.0714892966645002,W2
QSO_254.3590744+45.6765029,59426.92483999999,18.286,0.0785689272429571,W2
QSO_254.3590744+45.6765029,59628.636286499976,18.213,0.0571699165677839,W2
QSO_254.3590744+45.6765029,59790.967152999976,18.129,0.0679398795819505,W2
QSO_254.3590744+45.6765029,59995.25374750004,18.168,0.0575802372078569,W2
QSO_254.3590744+45.6765029,60157.8652625,18.265,0.0517811394197383,W2
QSO_254.3590744+45.6765029,60359.25911650001,18.277,0.05830304769367,W2
QSO_254.3590744+45.6765029,60522.3065716,18.087,0.0736954823839643,W2
QSO_254.4198825+45.669659,55246.67938349994,17.898,0.0264658112245429,W1
QSO_254.4198825+45.669659,55427.475946750026,17.917,0.0231561786436147,W1
QSO_254.4198825+45.669659,56709.578405500026,17.834,0.0137200045592827,W1
QSO_254.4198825+45.669659,56889.70101450006,17.841,0.024926682614677,W1
QSO_254.4198825+45.669659,57073.21489643462,17.913999999999998,0.0383340490181893,W1
QSO_254.4198825+45.669659,57248.45304515005,17.863,0.0210773418693576,W1
QSO_254.4198825+45.669659,57437.23227351371,17.913,0.0342086248773609,W1
QSO_254.4198825+45.669659,57607.677056893735,17.869999999999997,0.025037322597898,W1
QSO_254.4198825+45.669659,57803.86949375,17.883,0.0162637693142669,W1
QSO_254.4198825+45.669659,57971.429587499966,17.914,0.0266415978220425,W1
QSO_254.4198825+45.669659,58168.83472750001,17.889499999999998,0.0272357383976056,W1
QSO_254.4198825+45.669659,58331.56421050003,17.904,0.0279213081946952,W1
QSO_254.4198825+45.669659,58532.84203700004,17.914,0.0314438231958548,W1
QSO_254.4198825+45.669659,58695.546371500015,17.994,0.03327099451014,W1
QSO_254.4198825+45.669659,58703.978638,18.087,0.0,W1
QSO_254.4198825+45.669659,58899.6083206,17.8735,0.0343534567532392,W1
QSO_254.4198825+45.669659,59062.76954679998,17.919,0.0313004488619306,W1
QSO_254.4198825+45.669659,59264.453649250005,17.855,0.0187992061239732,W1
QSO_254.4198825+45.669659,59427.186107000016,17.898,0.0431500348060754,W1
QSO_254.4198825+45.669659,59628.701548499965,17.9315,0.0225586839292384,W1
QSO_254.4198825+45.669659,59791.03230550003,17.886499999999998,0.0471443026698868,W1
QSO_254.4198825+45.669659,59995.28625074997,17.868,0.0309133285658062,W1
QSO_254.4198825+45.669659,60157.96242549998,17.886499999999998,0.0272957595837456,W1
QSO_254.4198825+45.669659,60359.35623459995,17.9805,0.0457470012362175,W1
QSO_254.4198825+45.669659,60522.33846849996,17.9765,0.0540778545418719,W1
QSO_254.4198825+45.669659,55246.67938349994,18.4155,0.0471925448002353,W2
QSO_254.4198825+45.669659,55427.475946750026,18.327,0.0474944060850854,W2
QSO_254.4198825+45.669659,56709.578405500026,18.243,0.0435073810503862,W2
QSO_254.4198825+45.669659,56889.70101450006,18.284,0.0549963137348032,W2
QSO_254.4198825+45.669659,57073.21489643462,18.277,0.0739322682000704,W2
QSO_254.4198825+45.669659,57248.45304515005,18.201500000000003,0.0595979094204794,W2
QSO_254.4198825+45.669659,57437.23227351371,18.249,0.0640618331301876,W2
QSO_254.4198825+45.669659,57607.677056893735,18.317,0.0520998931701619,W2
QSO_254.4198825+45.669659,57803.86949375,18.319000000000003,0.0356528655323039,W2
QSO_254.4198825+45.669659,57971.429587499966,18.295,0.0574598055956702,W2
QSO_254.4198825+45.669659,58168.83472750001,18.192,0.0559355060538982,W2
QSO_254.4198825+45.669659,58331.56421050003,18.226,0.0568300405428629,W2
QSO_254.4198825+45.669659,58532.84203700004,18.238,0.0591157598964089,W2
QSO_254.4198825+45.669659,58695.546371500015,18.242,0.0839149087478554,W2
QSO_254.4198825+45.669659,58703.978638,18.191,0.0,W2
QSO_254.4198825+45.669659,58899.6083206,18.4045,0.0477954458363407,W2
QSO_254.4198825+45.669659,59062.76954679998,18.125,0.0538553554027411,W2
QSO_254.4198825+45.669659,59264.453649250005,18.341,0.0538855801574661,W2
QSO_254.4198825+45.669659,59427.186107000016,18.195,0.0791040121514012,W2
QSO_254.4198825+45.669659,59628.701548499965,18.253,0.0540272693760997,W2
QSO_254.4198825+45.669659,59791.03230550003,18.2625,0.0711298250368092,W2
QSO_254.4198825+45.669659,59995.28625074997,18.2225,0.0459178761311594,W2
QSO_254.4198825+45.669659,60157.96242549998,18.0835,0.0542011000575539,W2
QSO_254.4198825+45.669659,60359.35623459995,18.194,0.049910750785592,W2
QSO_254.4198825+45.669659,60522.33846849996,18.117,0.0796556120366018,W2
QSO_254.3305202+45.5592862,55246.61333674996,18.343,0.0316756705865855,W1
QSO_254.3305202+45.5592862,55427.37675799998,18.2675,0.0216631734995442,W1
QSO_254.3305202+45.5592862,56709.31518574998,18.345,0.0238915007657405,W1
QSO_254.3305202+45.5592862,56889.70094150001,18.316000000000003,0.0381901176831806,W1
QSO_254.3305202+45.5592862,57073.11654717838,18.201,0.0506958892664034,W1
QSO_254.3305202+45.5592862,57248.42023164796,18.372,0.0520327552220715,W1
QSO_254.3305202+45.5592862,57437.29786071789,18.245,0.0316994961897397,W1
QSO_254.3305202+45.5592862,57607.61146968956,18.295,0.0430137394472107,W1
QSO_254.3305202+45.5592862,57803.24775275,18.283,0.02538586210679,W1
QSO_254.3305202+45.5592862,57971.2333635,18.3995,0.0343322312469301,W1
QSO_254.3305202+45.5592862,58168.83480049999,18.377,0.0408293092071342,W1
QSO_254.3305202+45.5592862,58331.2698745,18.367,0.0381540526872154,W1
QSO_254.3305202+45.5592862,58532.77677499997,18.273,0.0296043221825192,W1
QSO_254.3305202+45.5592862,58695.546371500015,18.2095,0.0347288321962354,W1
QSO_254.3305202+45.5592862,58703.978638,18.465,0.0,W1
QSO_254.3305202+45.5592862,58899.60839379997,18.3835,0.0368455709271872,W1
QSO_254.3305202+45.5592862,59062.63844560001,18.346,0.0440143560806304,W1
QSO_254.3305202+45.5592862,59264.55156050004,18.336,0.0411098540012003,W1
QSO_254.3305202+45.5592862,59427.12075375,18.349,0.0628201721060799,W1
QSO_254.3305202+45.5592862,59628.57098799996,18.314,0.0508024356339488,W1
QSO_254.3305202+45.5592862,59791.03225074995,18.396,0.055087634374127,W1
QSO_254.3305202+45.5592862,59995.31875399999,18.3015,0.0333001491071069,W1
QSO_254.3305202+45.5592862,60157.99474625001,18.4235,0.0394287266842094,W1
QSO_254.3305202+45.5592862,60359.194609000064,18.2995,0.0333448547796774,W1
QSO_254.3305202+45.5592862,60522.24263140004,18.292,0.0690943887770985,W1
QSO_254.3305202+45.5592862,55246.61333674996,18.533,0.0463499764023671,W2
QSO_254.3305202+45.5592862,55427.37675799998,18.54,0.0307383717851157,W2
QSO_254.3305202+45.5592862,56709.31518574998,18.4945,0.038011777907892,W2
QSO_254.3305202+45.5592862,56889.70094150001,18.319,0.0593155605316237,W2
QSO_254.3305202+45.5592862,57073.11654717838,18.374,0.0589190647324686,W2
QSO_254.3305202+45.5592862,57248.42023164796,18.38,0.061207345964353,W2
QSO_254.3305202+45.5592862,57437.29786071789,18.304,0.0573917067637836,W2
QSO_254.3305202+45.5592862,57607.61146968956,18.385,0.067091170952166,W2
QSO_254.3305202+45.5592862,57803.24775275,18.2435,0.0361755402335341,W2
QSO_254.3305202+45.5592862,57971.2333635,18.39,0.0591608959663489,W2
QSO_254.3305202+45.5592862,58168.83480049999,18.2545,0.0433042514373633,W2
QSO_254.3305202+45.5592862,58331.2698745,18.283,0.0465903495763434,W2
QSO_254.3305202+45.5592862,58532.77677499997,18.393,0.0427709143598256,W2
QSO_254.3305202+45.5592862,58695.546371500015,18.475,0.0483245649586963,W2
QSO_254.3305202+45.5592862,58703.978638,18.011,0.0,W2
QSO_254.3305202+45.5592862,58899.60839379997,18.247,0.0445066083681826,W2
QSO_254.3305202+45.5592862,59062.63844560001,18.2805,0.0507493550837852,W2
QSO_254.3305202+45.5592862,59264.55156050004,18.314,0.0646421811513195,W2
QSO_254.3305202+45.5592862,59427.12075375,18.184,0.0910906450478554,W2
QSO_254.3305202+45.5592862,59628.57098799996,18.26,0.0508133640668423,W2
QSO_254.3305202+45.5592862,59791.03225074995,18.242,0.0996710556577862,W2
QSO_254.3305202+45.5592862,59995.31875399999,18.341,0.0522350049679331,W2
QSO_254.3305202+45.5592862,60157.99474625001,18.37,0.055979172276133,W2
QSO_254.3305202+45.5592862,60359.194609000064,18.227,0.0560118408602228,W2
QSO_254.3305202+45.5592862,60522.24263140004,17.958,0.0792698175976736,W2
QSO_254.4274608+45.6768744,55246.712416,17.706,0.0843732493524797,W1
QSO_254.4274608+45.6768744,55427.50896100003,17.793,0.0727156821980646,W1
QSO_254.4274608+45.6768744,56709.51261425,17.7045,0.0181469692320148,W1
QSO_254.4274608+45.6768744,56889.73391924998,17.735,0.0264488063738345,W1
QSO_254.4274608+45.6768744,57073.11640117835,17.734,0.0352300170890791,W1
QSO_254.4274608+45.6768744,57248.55141265626,17.728,0.026418109232844,W1
QSO_254.4274608+45.6768744,57437.29786071789,17.692,0.0195475806784244,W1
QSO_254.4274608+45.6768744,57607.67711179374,17.7095,0.0227210858178199,W1
QSO_254.4274608+45.6768744,57803.80403099998,17.737499999999997,0.0157405957931313,W1
QSO_254.4274608+45.6768744,57971.396883500005,17.744999999999997,0.0210811466564787,W1
QSO_254.4274608+45.6768744,58168.80202349997,17.7425,0.0202601397795989,W1
QSO_254.4274608+45.6768744,58331.53150650006,17.6405,0.0291703838901084,W1
QSO_254.4274608+45.6768744,58532.80940600005,17.677500000000002,0.0222853054645913,W1
QSO_254.4274608+45.6768744,58695.546371500015,17.701999999999998,0.032852163031271,W1
QSO_254.4274608+45.6768744,58703.978638,17.641,0.0,W1
QSO_254.4274608+45.6768744,58899.6083206,17.746,0.0270876458058408,W1
QSO_254.4274608+45.6768744,59062.80226719997,17.714,0.0240221090734415,W1
QSO_254.4274608+45.6768744,59264.48629849997,17.744999999999997,0.0306728090705433,W1
QSO_254.4274608+45.6768744,59427.186107000016,17.752000000000002,0.0268436532901567,W1
QSO_254.4274608+45.6768744,59628.701548499965,17.716,0.0266953853891842,W1
QSO_254.4274608+45.6768744,59790.967152999976,17.71,0.0265170995972947,W1
QSO_254.4274608+45.6768744,59995.221225999965,17.7245,0.0244433009833565,W1
QSO_254.4274608+45.6768744,60157.93005000002,17.657,0.0243894014625966,W1
QSO_254.4274608+45.6768744,60359.35623459995,17.718,0.0288529707935094,W1
QSO_254.4274608+45.6768744,60522.33846849996,17.695999999999998,0.0380042867343303,W1
QSO_254.4274608+45.6768744,55246.712416,18.359,0.0386154624598478,W2
QSO_254.4274608+45.6768744,55427.50896100003,18.4315,0.0339087461339704,W2
QSO_254.4274608+45.6768744,56709.51261425,18.249,0.0376516782846476,W2
QSO_254.4274608+45.6768744,56889.73391924998,18.3485,0.0505911136274072,W2
QSO_254.4274608+45.6768744,57073.11640117835,18.243,0.0684049309794303,W2
QSO_254.4274608+45.6768744,57248.55141265626,18.132,0.0527501106733434,W2
QSO_254.4274608+45.6768744,57437.29786071789,18.3435,0.0420529210645771,W2
QSO_254.4274608+45.6768744,57607.67711179374,18.3035,0.0542535341057424,W2
QSO_254.4274608+45.6768744,57803.80403099998,18.339,0.0364098303449748,W2
QSO_254.4274608+45.6768744,57971.396883500005,18.345,0.0425930393374316,W2
QSO_254.4274608+45.6768744,58168.80202349997,18.294,0.0590388617776461,W2
QSO_254.4274608+45.6768744,58331.53150650006,18.24,0.0767473703253202,W2
QSO_254.4274608+45.6768744,58532.80940600005,18.354,0.0459446047489731,W2
QSO_254.4274608+45.6768744,58695.546371500015,18.312,0.081268453891412,W2
QSO_254.4274608+45.6768744,58703.978638,18.917,0.0,W2
QSO_254.4274608+45.6768744,58899.6083206,18.312,0.0653726668511657,W2
QSO_254.4274608+45.6768744,59062.80226719997,18.297,0.0649954092365725,W2
QSO_254.4274608+45.6768744,59264.48629849997,18.336,0.0493602644435697,W2
QSO_254.4274608+45.6768744,59427.186107000016,18.116,0.0937394433977733,W2
QSO_254.4274608+45.6768744,59628.701548499965,18.343,0.0610132399972427,W2
QSO_254.4274608+45.6768744,59790.967152999976,18.223,0.0825511002085365,W2
QSO_254.4274608+45.6768744,59995.221225999965,18.244,0.0397971610911579,W2
QSO_254.4274608+45.6768744,60157.93005000002,18.154,0.0567073766460083,W2
QSO_254.4274608+45.6768744,60359.35623459995,18.307,0.0638925489591706,W2
QSO_254.4274608+45.6768744,60522.33846849996,18.2545,0.0354786790434292,W2
QSO_254.0033948+45.7392069,55245.985153500034,17.793999999999997,0.0167856751097145,W1
QSO_254.0033948+45.7392069,55426.38519899998,17.792,0.0212563432856883,W1
QSO_254.0033948+45.7392069,56708.558303500045,17.768,0.0201866897180568,W1
QSO_254.0033948+45.7392069,56889.10934950002,17.797,0.019425339859912,W1
QSO_254.0033948+45.7392069,57072.46013113679,17.7715,0.0429555860744562,W1
QSO_254.0033948+45.7392069,57247.699228852165,17.7955,0.0188046699571796,W1
QSO_254.0033948+45.7392069,57436.41118906187,17.8455,0.0327854190922175,W1
QSO_254.0033948+45.7392069,57607.11912645849,17.797,0.0201330786491417,W1
QSO_254.0033948+45.7392069,57802.298770999965,17.791,0.0155616543111126,W1
QSO_254.0033948+45.7392069,57970.70984399999,17.789,0.0238109990180304,W1
QSO_254.0033948+45.7392069,58168.04972199997,17.8415,0.0233095654974525,W1
QSO_254.0033948+45.7392069,58330.8775725,17.7835,0.0326397058944261,W1
QSO_254.0033948+45.7392069,58532.15558149999,17.842,0.0231631279435893,W1
QSO_254.0033948+45.7392069,58694.59855775,17.8535,0.0352703487365804,W1
QSO_254.0033948+45.7392069,58899.116746,17.775,0.0269489494551478,W1
QSO_254.0033948+45.7392069,59061.88496140004,17.793,0.0190220523263692,W1
QSO_254.0033948+45.7392069,59263.96365499999,17.796,0.0249114899178949,W1
QSO_254.0033948+45.7392069,59426.23858524997,17.820500000000003,0.0282938339673327,W1
QSO_254.0033948+45.7392069,59628.01624274996,17.8265,0.0299147476720075,W1
QSO_254.0033948+45.7392069,59790.44567750001,17.752499999999998,0.0203712607339086,W1
QSO_254.0033948+45.7392069,59994.73358600003,17.776,0.0301587260949842,W1
QSO_254.0033948+45.7392069,60157.28213850001,17.802,0.0251678745364238,W1
QSO_254.0033948+45.7392069,60358.71031780002,17.767,0.0361977141961621,W1
QSO_254.0033948+45.7392069,60521.79592840002,17.796,0.0343267954940288,W1
QSO_254.0033948+45.7392069,55245.985153500034,18.334,0.0556038928133632,W2
QSO_254.0033948+45.7392069,55426.38519899998,18.3745,0.0340035974723683,W2
QSO_254.0033948+45.7392069,56708.558303500045,18.285,0.042445834771657,W2
QSO_254.0033948+45.7392069,56889.10934950002,18.333,0.0454154413991368,W2
QSO_254.0033948+45.7392069,57072.46013113679,18.287,0.0533129662933886,W2
QSO_254.0033948+45.7392069,57247.699228852165,18.2645,0.0571462680235673,W2
QSO_254.0033948+45.7392069,57436.41118906187,18.365,0.063740768607012,W2
QSO_254.0033948+45.7392069,57607.11912645849,18.296,0.0575883784383813,W2
QSO_254.0033948+45.7392069,57802.298770999965,18.383,0.0433978290267775,W2
QSO_254.0033948+45.7392069,57970.70984399999,18.457,0.054481880133832,W2
QSO_254.0033948+45.7392069,58168.04972199997,18.270000000000003,0.0361371153418617,W2
QSO_254.0033948+45.7392069,58330.8775725,18.213,0.0559202889584913,W2
QSO_254.0033948+45.7392069,58532.15558149999,18.28,0.0623369356643397,W2
QSO_254.0033948+45.7392069,58694.59855775,18.295,0.0666552923630224,W2
QSO_254.0033948+45.7392069,58899.116746,18.291,0.0579357882103588,W2
QSO_254.0033948+45.7392069,59061.88496140004,18.293,0.0393530551787053,W2
QSO_254.0033948+45.7392069,59263.96365499999,18.256,0.0649896907945147,W2
QSO_254.0033948+45.7392069,59426.23858524997,18.332,0.0616154678901575,W2
QSO_254.0033948+45.7392069,59628.01624274996,18.277,0.0543655440657018,W2
QSO_254.0033948+45.7392069,59790.44567750001,18.328,0.0643006717227745,W2
QSO_254.0033948+45.7392069,59994.73358600003,18.2785,0.0524245952625176,W2
QSO_254.0033948+45.7392069,60157.28213850001,18.1935,0.043926233449481,W2
QSO_254.0033948+45.7392069,60358.71031780002,18.319,0.0616562184557767,W2
QSO_254.0033948+45.7392069,60521.79592840002,17.926,0.1096167383812041,W2
QSO_254.1658314+45.5793605,55246.315770499976,17.926,0.0298844110648237,W1
QSO_254.1658314+45.5793605,55426.98011250002,17.836,0.0207196966745632,W1
QSO_254.1658314+45.5793605,56708.98604700002,17.887,0.016934557866752,W1
QSO_254.1658314+45.5793605,56889.43806850003,17.849,0.0272279140097872,W1
QSO_254.1658314+45.5793605,57072.75554390547,17.9295,0.0340792385478313,W1
QSO_254.1658314+45.5793605,57248.05970287502,17.8525,0.0268731455730127,W1
QSO_254.1658314+45.5793605,57436.83812808884,17.8435,0.0259496092884309,W1
QSO_254.1658314+45.5793605,57607.31601617091,17.901,0.0205844540521747,W1
QSO_254.1658314+45.5793605,57803.11686375,17.895,0.0213135318300831,W1
QSO_254.1658314+45.5793605,57970.97162200001,17.886,0.031319853249873,W1
QSO_254.1658314+45.5793605,58168.605872500055,17.8615,0.0221120879415892,W1
QSO_254.1658314+45.5793605,58331.20446650006,17.8795,0.028613195609071,W1
QSO_254.1658314+45.5793605,58532.51525249999,17.903,0.0238717523846632,W1
QSO_254.1658314+45.5793605,58695.186645749935,17.865000000000002,0.0333307945848303,W1
QSO_254.1658314+45.5793605,58703.978638,17.959,0.0,W1
QSO_254.1658314+45.5793605,58899.37902160001,17.862499999999997,0.030507475176859,W1
QSO_254.1658314+45.5793605,59062.31082069996,17.9455,0.0358554112864225,W1
QSO_254.1658314+45.5793605,59264.42099999996,17.8705,0.0219233930601487,W1
QSO_254.1658314+45.5793605,59426.79422474999,17.857,0.0316670781866265,W1
QSO_254.1658314+45.5793605,59628.310013,17.872,0.0285633090269264,W1
QSO_254.1658314+45.5793605,59790.67371125002,17.948,0.0251439087222597,W1
QSO_254.1658314+45.5793605,59995.12380750003,17.92,0.0273024684379911,W1
QSO_254.1658314+45.5793605,60157.63843325002,17.854,0.0228296500393319,W1
QSO_254.1658314+45.5793605,60359.06555740005,17.848,0.0271304434921948,W1
QSO_254.1658314+45.5793605,60521.987309799966,17.84,0.0502838049180551,W1
QSO_254.1658314+45.5793605,55246.315770499976,18.403,0.0672336848908342,W2
QSO_254.1658314+45.5793605,55426.98011250002,18.498,0.044787419528234,W2
QSO_254.1658314+45.5793605,56708.98604700002,18.3535,0.0374842359864983,W2
QSO_254.1658314+45.5793605,56889.43806850003,18.199,0.0577809859621596,W2
QSO_254.1658314+45.5793605,57072.75554390547,18.363,0.0461135161856043,W2
QSO_254.1658314+45.5793605,57248.05970287502,18.395000000000003,0.0556669523554874,W2
QSO_254.1658314+45.5793605,57436.83812808884,18.326,0.0505292653419777,W2
QSO_254.1658314+45.5793605,57607.31601617091,18.338,0.0567307567450914,W2
QSO_254.1658314+45.5793605,57803.11686375,18.244,0.0389104791209213,W2
QSO_254.1658314+45.5793605,57970.97162200001,18.313,0.0440066492912637,W2
QSO_254.1658314+45.5793605,58168.605872500055,18.3065,0.0559947703716712,W2
QSO_254.1658314+45.5793605,58331.20446650006,18.2925,0.0606683406362459,W2
QSO_254.1658314+45.5793605,58532.51525249999,18.286,0.0534865558297273,W2
QSO_254.1658314+45.5793605,58695.186645749935,18.3485,0.0615592688086729,W2
QSO_254.1658314+45.5793605,58703.978638,18.514,0.0,W2
QSO_254.1658314+45.5793605,58899.37902160001,18.29,0.0544243263256423,W2
QSO_254.1658314+45.5793605,59062.31082069996,18.243,0.0553103985267254,W2
QSO_254.1658314+45.5793605,59264.42099999996,18.23,0.0586093641184023,W2
QSO_254.1658314+45.5793605,59426.79422474999,18.1365,0.0661312864743644,W2
QSO_254.1658314+45.5793605,59628.310013,18.258,0.049022903155418,W2
QSO_254.1658314+45.5793605,59790.67371125002,18.226,0.0756300312069906,W2
QSO_254.1658314+45.5793605,59995.12380750003,18.299,0.0508669692400754,W2
QSO_254.1658314+45.5793605,60157.63843325002,18.221,0.0441301518106818,W2
QSO_254.1658314+45.5793605,60359.06555740005,18.2535,0.054833628181198,W2
QSO_254.1658314+45.5793605,60521.987309799966,17.872,0.0868929285790107,W2
QSO_254.2265236+45.5797235,55246.51414799999,17.866999999999997,0.0213297483700514,W1
QSO_254.2265236+45.5797235,55427.1123155,17.860500000000002,0.0192209842986693,W1
QSO_254.2265236+45.5797235,56709.24933974995,17.875,0.0234854804263313,W1
QSO_254.2265236+45.5797235,56889.5038415,17.851,0.0236085589896321,W1
QSO_254.2265236+45.5797235,57072.85389316171,17.862000000000002,0.0283749343686077,W1
QSO_254.2265236+45.5797235,57248.09253462708,17.862000000000002,0.0248508490901814,W1
QSO_254.2265236+45.5797235,57436.96955869714,17.893,0.0324407394804582,W1
QSO_254.2265236+45.5797235,57607.38165827508,17.871,0.0232176748363113,W1
QSO_254.2265236+45.5797235,57803.11686375,17.858,0.0182848355559808,W1
QSO_254.2265236+45.5797235,57971.10243799996,17.895,0.0230843289010311,W1
QSO_254.2265236+45.5797235,58168.7693195,17.863,0.0230666222338533,W1
QSO_254.2265236+45.5797235,58331.237170500026,17.898,0.0239664676156096,W1
QSO_254.2265236+45.5797235,58532.54790174995,17.9115,0.0243802356200445,W1
QSO_254.2265236+45.5797235,58695.21958699996,17.825,0.031824483209771,W1
QSO_254.2265236+45.5797235,58703.978638,17.843,0.0,W1
QSO_254.2265236+45.5797235,58899.54280660004,17.8845,0.0298907403880657,W1
QSO_254.2265236+45.5797235,59062.47458740001,17.899,0.0300470291337135,W1
QSO_254.2265236+45.5797235,59264.35559200003,17.92,0.0229817652933798,W1
QSO_254.2265236+45.5797235,59426.892209,17.8815,0.0263655744962729,W1
QSO_254.2265236+45.5797235,59628.40785124998,17.889,0.0240106762271765,W1
QSO_254.2265236+45.5797235,59790.77158600002,17.933999999999997,0.0328958222208499,W1
QSO_254.2265236+45.5797235,59995.15632900002,17.8675,0.0361569053219145,W1
QSO_254.2265236+45.5797235,60157.73559625,17.883,0.0304338668801695,W1
QSO_254.2265236+45.5797235,60359.16258400004,17.880499999999998,0.0327432330478116,W1
QSO_254.2265236+45.5797235,60521.987309799966,17.89,0.0531861323947124,W1
QSO_254.2265236+45.5797235,55246.51414799999,18.317,0.0514309594029439,W2
QSO_254.2265236+45.5797235,55427.1123155,18.387,0.0355708482514025,W2
QSO_254.2265236+45.5797235,56709.24933974995,18.254,0.0330521395530827,W2
QSO_254.2265236+45.5797235,56889.5038415,18.275,0.0535179194153942,W2
QSO_254.2265236+45.5797235,57072.85389316171,18.213,0.0486940006627042,W2
QSO_254.2265236+45.5797235,57248.09253462708,18.1625,0.0523965831763463,W2
QSO_254.2265236+45.5797235,57436.96955869714,18.358,0.0621078899119538,W2
QSO_254.2265236+45.5797235,57607.38165827508,18.213,0.0533531077848495,W2
QSO_254.2265236+45.5797235,57803.11686375,18.2095,0.0368867594443201,W2
QSO_254.2265236+45.5797235,57971.10243799996,18.31,0.0568011004256664,W2
QSO_254.2265236+45.5797235,58168.7693195,18.287,0.0456976292101646,W2
QSO_254.2265236+45.5797235,58331.237170500026,18.197,0.0372159081874262,W2
QSO_254.2265236+45.5797235,58532.54790174995,18.1775,0.0503397203453142,W2
QSO_254.2265236+45.5797235,58695.21958699996,18.245,0.0503856158234677,W2
QSO_254.2265236+45.5797235,58703.978638,18.316,0.0,W2
QSO_254.2265236+45.5797235,58899.54280660004,18.216,0.0646247743424104,W2
QSO_254.2265236+45.5797235,59062.47458740001,18.185,0.0595914795869671,W2
QSO_254.2265236+45.5797235,59264.35559200003,18.281,0.0586376512490055,W2
QSO_254.2265236+45.5797235,59426.892209,18.1115,0.0779045890817735,W2
QSO_254.2265236+45.5797235,59628.40785124998,18.337,0.0569504265496201,W2
QSO_254.2265236+45.5797235,59790.77158600002,18.195,0.0474564267015095,W2
QSO_254.2265236+45.5797235,59995.15632900002,18.135,0.0472976825894683,W2
QSO_254.2265236+45.5797235,60157.73559625,18.1925,0.0623607530455507,W2
QSO_254.2265236+45.5797235,60359.16258400004,18.186,0.0484778642548616,W2
QSO_254.2265236+45.5797235,60521.987309799966,17.791999999999998,0.0675724598014836,W2
QSO_254.368653+45.5844261,55246.61326374998,17.724,0.0319364772840537,W1
QSO_254.368653+45.5844261,55427.44278649999,17.628,0.0205244729467917,W1
QSO_254.368653+45.5844261,56709.578405500026,17.606,0.0159391695940914,W1
QSO_254.368653+45.5844261,56889.70094150001,17.557000000000002,0.0211049903287325,W1
QSO_254.368653+45.5844261,57073.34622344288,17.5455,0.0144550424832681,W1
QSO_254.368653+45.5844261,57248.55141265626,17.6,0.0252146301689461,W1
QSO_254.368653+45.5844261,57437.16657650962,17.634,0.0166586007577481,W1
QSO_254.368653+45.5844261,57607.51297908338,17.634,0.0191119259997037,W1
QSO_254.368653+45.5844261,57803.86949375,17.656,0.013918707131781,W1
QSO_254.368653+45.5844261,57971.33147549998,17.627000000000002,0.0255060080068293,W1
QSO_254.368653+45.5844261,58168.7693195,17.606499999999997,0.0247882431957656,W1
QSO_254.368653+45.5844261,58331.49880250001,17.662,0.0261567521799041,W1
QSO_254.368653+45.5844261,58532.84203700004,17.618000000000002,0.0127525414612117,W1
QSO_254.368653+45.5844261,58695.51374050003,17.591,0.0325359882811865,W1
QSO_254.368653+45.5844261,58703.978638,17.782,0.0,W1
QSO_254.368653+45.5844261,58899.706701399984,17.624000000000002,0.0255821737934836,W1
QSO_254.368653+45.5844261,59062.671239199975,17.613500000000002,0.0166294604432948,W1
QSO_254.368653+45.5844261,59264.55156050004,17.648,0.0277888866675551,W1
QSO_254.368653+45.5844261,59427.186107000016,17.646,0.0255206640730266,W1
QSO_254.368653+45.5844261,59628.66891749997,17.6835,0.0328191706623273,W1
QSO_254.368653+45.5844261,59790.90189099999,17.7,0.0280941190747871,W1
QSO_254.368653+45.5844261,59995.351275499976,17.616,0.0193462156903736,W1
QSO_254.368653+45.5844261,60157.96242549998,17.606,0.0201187611513371,W1
QSO_254.368653+45.5844261,60359.226634,17.6475,0.0223021366270996,W1
QSO_254.368653+45.5844261,60522.30649840002,17.633000000000003,0.0485929161654011,W1
QSO_254.368653+45.5844261,55246.61326374998,18.2275,0.0624029657628175,W2
QSO_254.368653+45.5844261,55427.44278649999,18.388,0.0483031990914195,W2
QSO_254.368653+45.5844261,56709.578405500026,18.285,0.032765249677341,W2
QSO_254.368653+45.5844261,56889.70094150001,18.214,0.044781540549967,W2
QSO_254.368653+45.5844261,57073.34622344288,18.306,0.0610811742046917,W2
QSO_254.368653+45.5844261,57248.55141265626,18.243,0.045805102361275,W2
QSO_254.368653+45.5844261,57437.16657650962,18.293,0.0451496322685077,W2
QSO_254.368653+45.5844261,57607.51297908338,18.2835,0.046758350016829,W2
QSO_254.368653+45.5844261,57803.86949375,18.272,0.0366931784687053,W2
QSO_254.368653+45.5844261,57971.33147549998,18.234,0.0465677877776235,W2
QSO_254.368653+45.5844261,58168.7693195,18.302,0.0445730885556371,W2
QSO_254.368653+45.5844261,58331.49880250001,18.224,0.0506606930193682,W2
QSO_254.368653+45.5844261,58532.84203700004,18.223,0.0456429996016781,W2
QSO_254.368653+45.5844261,58695.51374050003,18.109,0.0609204103210817,W2
QSO_254.368653+45.5844261,58703.978638,18.105,0.0,W2
QSO_254.368653+45.5844261,58899.706701399984,18.326,0.0641379782656111,W2
QSO_254.368653+45.5844261,59062.671239199975,18.186,0.057324488990772,W2
QSO_254.368653+45.5844261,59264.55156050004,18.348,0.0648088745073255,W2
QSO_254.368653+45.5844261,59427.186107000016,18.05,0.0693011023321377,W2
QSO_254.368653+45.5844261,59628.66891749997,18.2115,0.0497140430268357,W2
QSO_254.368653+45.5844261,59790.90189099999,18.398,0.0817684840508434,W2
QSO_254.368653+45.5844261,59995.351275499976,18.387,0.046559088782891,W2
QSO_254.368653+45.5844261,60157.96242549998,18.214,0.050410082967841,W2
QSO_254.368653+45.5844261,60359.226634,18.151,0.0566229875747782,W2
QSO_254.368653+45.5844261,60522.30649840002,17.8575,0.0915921925581505,W2
QSO_253.9536788+45.6948272,55245.95208450003,17.8705,0.0301372375379654,W1
QSO_253.9536788+45.6948272,55426.25299600001,17.901,0.0287779725081514,W1
QSO_253.9536788+45.6948272,56708.52541700002,17.802999999999997,0.0222636685101112,W1
QSO_253.9536788+45.6948272,56889.01081774999,17.8265,0.024143712470369,W1
QSO_253.9536788+45.6948272,57072.46013113679,17.883499999999998,0.0318856250982137,W1
QSO_253.9536788+45.6948272,57247.699228852165,17.853,0.0235634214523137,W1
QSO_253.9536788+45.6948272,57436.44403756396,17.862,0.022948113139805,W1
QSO_253.9536788+45.6948272,57607.02067245226,17.846,0.0295260333769017,W1
QSO_253.9536788+45.6948272,57802.23336300003,17.819,0.0181274413413333,W1
QSO_253.9536788+45.6948272,57970.64443599997,17.913,0.0369553023315043,W1
QSO_253.9536788+45.6948272,58168.18072049998,17.88,0.016156478801714,W1
QSO_253.9536788+45.6948272,58330.779460500016,17.872,0.023307922606317,W1
QSO_253.9536788+45.6948272,58532.15558149999,17.8505,0.0248697823487475,W1
QSO_253.9536788+45.6948272,58694.66391100001,17.783,0.0228971117232675,W1
QSO_253.9536788+45.6948272,58898.95297930003,17.9015,0.0277115547417264,W1
QSO_253.9536788+45.6948272,59061.75393340004,17.826,0.0210949374220368,W1
QSO_253.9536788+45.6948272,59263.93095100002,17.858,0.0280003007331532,W1
QSO_253.9536788+45.6948272,59426.23858524997,17.846,0.0314940753852633,W1
QSO_253.9536788+45.6948272,59627.918331500005,17.857,0.0226910968337912,W1
QSO_253.9536788+45.6948272,59790.41284575006,17.8,0.0299858879628914,W1
QSO_253.9536788+45.6948272,59994.603481750026,17.915,0.0296017379855278,W1
QSO_253.9536788+45.6948272,60157.21731450004,17.829,0.0261329499958357,W1
QSO_253.9536788+45.6948272,60358.58119300003,17.895,0.0295784451590293,W1
QSO_253.9536788+45.6948272,60521.60440059996,17.871000000000002,0.0372251225604941,W1
QSO_253.9536788+45.6948272,55245.95208450003,18.435,0.0423829078576569,W2
QSO_253.9536788+45.6948272,55426.25299600001,18.585,0.0353172141412947,W2
QSO_253.9536788+45.6948272,56708.52541700002,18.328,0.0462600268002629,W2
QSO_253.9536788+45.6948272,56889.01081774999,18.205,0.047442350591319,W2
QSO_253.9536788+45.6948272,57072.46013113679,18.34,0.058651081662364,W2
QSO_253.9536788+45.6948272,57247.699228852165,18.3375,0.0567783764191095,W2
QSO_253.9536788+45.6948272,57436.44403756396,18.284,0.0463062768857186,W2
QSO_253.9536788+45.6948272,57607.02067245226,18.447,0.0525144358209066,W2
QSO_253.9536788+45.6948272,57802.23336300003,18.256,0.0390469525610507,W2
QSO_253.9536788+45.6948272,57970.64443599997,18.344,0.0513659336663533,W2
QSO_253.9536788+45.6948272,58168.18072049998,18.4015,0.0492018294695242,W2
QSO_253.9536788+45.6948272,58330.779460500016,18.265,0.0671341386972493,W2
QSO_253.9536788+45.6948272,58532.15558149999,18.2525,0.0463700989224098,W2
QSO_253.9536788+45.6948272,58694.66391100001,18.3495,0.0521852003818026,W2
QSO_253.9536788+45.6948272,58898.95297930003,18.3335,0.0567463899977592,W2
QSO_253.9536788+45.6948272,59061.75393340004,18.246,0.0380610784261573,W2
QSO_253.9536788+45.6948272,59263.93095100002,18.2905,0.0576840447731676,W2
QSO_253.9536788+45.6948272,59426.23858524997,18.287,0.0684855555468266,W2
QSO_253.9536788+45.6948272,59627.918331500005,18.338,0.0610729697659372,W2
QSO_253.9536788+45.6948272,59790.41284575006,18.431,0.0580187666812199,W2
QSO_253.9536788+45.6948272,59994.603481750026,18.34,0.0414903677651084,W2
QSO_253.9536788+45.6948272,60157.21731450004,18.253,0.0469931709109284,W2
QSO_253.9536788+45.6948272,60358.58119300003,18.166,0.0488339831768798,W2
QSO_253.9536788+45.6948272,60521.60440059996,18.178,0.0548374612887426,W2
QSO_253.935601+45.6615328,55245.91901550002,17.792,0.0331754406375536,W1
QSO_253.935601+45.6615328,55426.18694925002,17.849,0.0173190629217834,W1
QSO_253.935601+45.6615328,56708.426593250006,17.811,0.02357193619132,W1
QSO_253.935601+45.6615328,56889.10934950002,17.802999999999997,0.0297033841984827,W1
QSO_253.935601+45.6615328,57072.32887712842,17.916,0.0334544043838804,W1
QSO_253.935601+45.6615328,57247.63369309802,17.844,0.0320946849417294,W1
QSO_253.935601+45.6615328,57436.41118906187,17.807000000000002,0.0281499887238765,W1
QSO_253.935601+45.6615328,57607.02067245226,17.814999999999998,0.0285173273251979,W1
QSO_253.935601+45.6615328,57802.10247400002,17.851,0.0222124047773277,W1
QSO_253.935601+45.6615328,57970.74254799996,17.8085,0.0351709278964348,W1
QSO_253.935601+45.6615328,58168.278905500025,17.829,0.0244110093188195,W1
QSO_253.935601+45.6615328,58330.779460500016,17.923000000000002,0.028886882958401,W1
QSO_253.935601+45.6615328,58532.1229505,17.797,0.0239741169327012,W1
QSO_253.935601+45.6615328,58694.66391100001,17.847,0.0451870268211755,W1
QSO_253.935601+45.6615328,58898.95297930003,17.8915,0.0388589420211101,W1
QSO_253.935601+45.6615328,59061.88485160004,17.807000000000002,0.0307260854688827,W1
QSO_253.935601+45.6615328,59263.898246999976,17.85,0.0389559225792433,W1
QSO_253.935601+45.6615328,59426.369200499976,17.820500000000003,0.0260752756457146,W1
QSO_253.935601+45.6615328,59627.88568225004,17.8735,0.0323106331431334,W1
QSO_253.935601+45.6615328,59790.41284575006,17.791,0.0367501590755756,W1
QSO_253.935601+45.6615328,59994.53845700002,17.875,0.0322345718415122,W1
QSO_253.935601+45.6615328,60157.15252700002,17.839,0.0236214994176274,W1
QSO_253.935601+45.6615328,60358.774807,17.895,0.0310285917474658,W1
QSO_253.935601+45.6615328,60521.54033230002,17.836,0.0398040726249321,W1
QSO_253.935601+45.6615328,55245.91901550002,18.305,0.0381218677401829,W2
QSO_253.935601+45.6615328,55426.18694925002,18.469,0.0341495760524073,W2
QSO_253.935601+45.6615328,56708.426593250006,18.306,0.0425849111142017,W2
QSO_253.935601+45.6615328,56889.10934950002,18.317,0.0491024921749561,W2
QSO_253.935601+45.6615328,57072.32887712842,18.4215,0.0503885941499624,W2
QSO_253.935601+45.6615328,57247.63369309802,18.298,0.0526683722914373,W2
QSO_253.935601+45.6615328,57436.41118906187,18.429,0.0562080547054702,W2
QSO_253.935601+45.6615328,57607.02067245226,18.25,0.0530083800501733,W2
QSO_253.935601+45.6615328,57802.10247400002,18.228,0.043176145672508,W2
QSO_253.935601+45.6615328,57970.74254799996,18.3235,0.0619782401360705,W2
QSO_253.935601+45.6615328,58168.278905500025,18.423,0.0477290897084428,W2
QSO_253.935601+45.6615328,58330.779460500016,18.239,0.0590430347634474,W2
QSO_253.935601+45.6615328,58532.1229505,18.252,0.0463693680219922,W2
QSO_253.935601+45.6615328,58694.66391100001,18.316000000000003,0.0589791067247767,W2
QSO_253.935601+45.6615328,58898.95297930003,18.329,0.0555741970252382,W2
QSO_253.935601+45.6615328,59061.88485160004,18.2875,0.0325600947717227,W2
QSO_253.935601+45.6615328,59263.898246999976,18.353,0.0645445959318052,W2
QSO_253.935601+45.6615328,59426.369200499976,18.2085,0.0778374419864886,W2
QSO_253.935601+45.6615328,59627.88568225004,18.393,0.0465404695395449,W2
QSO_253.935601+45.6615328,59790.41284575006,18.387,0.0573790191918862,W2
QSO_253.935601+45.6615328,59994.53845700002,18.299,0.0489165881542959,W2
QSO_253.935601+45.6615328,60157.15252700002,18.433,0.0567640600563791,W2
QSO_253.935601+45.6615328,60358.774807,18.326,0.0483939697891519,W2
QSO_253.935601+45.6615328,60521.54033230002,17.918999999999997,0.0608508839331511,W2
QSO_254.1383164+45.7400084,55246.15048025002,18.699,0.0632038111322239,W1
QSO_254.1383164+45.7400084,55426.715816,18.789,0.0448199241409443,W1
QSO_254.1383164+45.7400084,56708.755659,18.661,0.0309595003841602,W1
QSO_254.1383164+45.7400084,56889.37240499997,18.717,0.0347692451157729,W1
QSO_254.1383164+45.7400084,57072.65704864928,18.7085,0.0514928672813952,W1
QSO_254.1383164+45.7400084,57247.96135361878,18.605,0.0571842078994225,W1
QSO_254.1383164+45.7400084,57436.64105537644,18.6015,0.0462525650597409,W1
QSO_254.1383164+45.7400084,57607.51297908338,18.6905,0.0371000999572525,W1
QSO_254.1383164+45.7400084,57802.98599300004,18.7005,0.0364850694378355,W1
QSO_254.1383164+45.7400084,57970.97162200001,18.78,0.0491694539322942,W1
QSO_254.1383164+45.7400084,58168.24605549994,18.729,0.0490925342906324,W1
QSO_254.1383164+45.7400084,58330.94298049994,18.6215,0.035192425711963,W1
QSO_254.1383164+45.7400084,58532.22091650003,18.515,0.0676070254373338,W1
QSO_254.1383164+45.7400084,58695.15370449999,18.487,0.0570073609467832,W1
QSO_254.1383164+45.7400084,58899.3133795,18.692500000000003,0.0535638394681757,W1
QSO_254.1383164+45.7400084,59062.21249479998,18.662,0.0517557290501129,W1
QSO_254.1383164+45.7400084,59264.09436150003,18.594,0.0844744363033249,W1
QSO_254.1383164+45.7400084,59426.859578,18.872,0.0573943860979066,W1
QSO_254.1383164+45.7400084,59628.30994000003,18.8275,0.0517701409801681,W1
QSO_254.1383164+45.7400084,59790.93446724998,18.8445,0.0664948599987247,W1
QSO_254.1383164+45.7400084,59994.92866024996,18.6595,0.0577153114887704,W1
QSO_254.1383164+45.7400084,60157.47651924997,18.754,0.0538122883271097,W1
QSO_254.1383164+45.7400084,60358.90440760004,18.695,0.0499278616506278,W1
QSO_254.1383164+45.7400084,60521.95548610007,18.592,0.0950653375462255,W1
QSO_254.1383164+45.7400084,55246.15048025002,18.4545,0.0581053724079111,W2
QSO_254.1383164+45.7400084,55426.715816,18.452,0.042718108540878,W2
QSO_254.1383164+45.7400084,56708.755659,18.336,0.0421264092865152,W2
QSO_254.1383164+45.7400084,56889.37240499997,18.377,0.0656163809652895,W2
QSO_254.1383164+45.7400084,57072.65704864928,18.323,0.0640469626737629,W2
QSO_254.1383164+45.7400084,57247.96135361878,18.494,0.0562220198040493,W2
QSO_254.1383164+45.7400084,57436.64105537644,18.246,0.0682444540118897,W2
QSO_254.1383164+45.7400084,57607.51297908338,18.2525,0.0486776889753206,W2
QSO_254.1383164+45.7400084,57802.98599300004,18.342,0.0421660180860789,W2
QSO_254.1383164+45.7400084,57970.97162200001,18.244,0.0683203906312017,W2
QSO_254.1383164+45.7400084,58168.24605549994,18.4065,0.05013256039485,W2
QSO_254.1383164+45.7400084,58330.94298049994,18.3375,0.0434872704890008,W2
QSO_254.1383164+45.7400084,58532.22091650003,18.3125,0.0633904770692556,W2
QSO_254.1383164+45.7400084,58695.15370449999,18.11,0.081632458832437,W2
QSO_254.1383164+45.7400084,58899.3133795,18.282,0.0725180772302261,W2
QSO_254.1383164+45.7400084,59062.21249479998,18.338,0.0493615736634205,W2
QSO_254.1383164+45.7400084,59264.09436150003,18.286,0.0665332619373653,W2
QSO_254.1383164+45.7400084,59426.859578,18.415,0.0854134970685633,W2
QSO_254.1383164+45.7400084,59628.30994000003,18.318,0.0536535896496373,W2
QSO_254.1383164+45.7400084,59790.93446724998,18.318,0.0573282080436848,W2
QSO_254.1383164+45.7400084,59994.92866024996,18.304,0.0534959278096628,W2
QSO_254.1383164+45.7400084,60157.47651924997,18.308,0.0735827731198002,W2
QSO_254.1383164+45.7400084,60358.90440760004,18.259,0.0551526397868942,W2
QSO_254.1383164+45.7400084,60521.95548610007,18.1715,0.114998268908066,W2
QSO_254.3114327+45.6511266,55246.54716225,18.004,0.0350474122898909,W1
QSO_254.3114327+45.6511266,55427.24451849997,17.991999999999997,0.0272276375058774,W1
QSO_254.3114327+45.6511266,56709.51261425,17.968,0.020704605771808,W1
QSO_254.3114327+45.6511266,56889.668109749975,17.908,0.0235173769668377,W1
QSO_254.3114327+45.6511266,57073.05088367426,17.983,0.0352459847982544,W1
QSO_254.3114327+45.6511266,57248.32191889167,17.9715,0.0427773488865437,W1
QSO_254.3114327+45.6511266,57437.03514590123,17.91,0.029987086287267,W1
QSO_254.3114327+45.6511266,57607.48018548138,18.029,0.0320321896710158,W1
QSO_254.3114327+45.6511266,57803.18234474999,17.918,0.0221255197244476,W1
QSO_254.3114327+45.6511266,57971.167845999975,17.935000000000002,0.0332018651969505,W1
QSO_254.3114327+45.6511266,58168.50768750001,17.916,0.0304933437544243,W1
QSO_254.3114327+45.6511266,58331.36798649998,17.993,0.0354780297884147,W1
QSO_254.3114327+45.6511266,58532.678663000064,18.019,0.0387756498386315,W1
QSO_254.3114327+45.6511266,58695.48110950003,17.915,0.0398160357702718,W1
QSO_254.3114327+45.6511266,58703.978638,18.252,0.0,W1
QSO_254.3114327+45.6511266,58899.47729259999,18.014,0.0300451573729573,W1
QSO_254.3114327+45.6511266,59062.5729682,18.034,0.0248504166942235,W1
QSO_254.3114327+45.6511266,59264.42089050004,17.979,0.0311264815872273,W1
QSO_254.3114327+45.6511266,59426.990120250026,17.964,0.0537547145461446,W1
QSO_254.3114327+45.6511266,59628.50570775001,17.965,0.0284129108682786,W1
QSO_254.3114327+45.6511266,59790.999674500046,17.9595,0.0413352743105579,W1
QSO_254.3114327+45.6511266,59995.188704499975,17.941000000000003,0.0345438555053661,W1
QSO_254.3114327+45.6511266,60157.92990399999,17.936999999999998,0.0380908071637909,W1
QSO_254.3114327+45.6511266,60359.16251079998,17.994,0.0370860586204574,W1
QSO_254.3114327+45.6511266,60522.24263140004,17.967,0.0525826916665928,W1
QSO_254.3114327+45.6511266,55246.54716225,18.4945,0.0473276103922416,W2
QSO_254.3114327+45.6511266,55427.24451849997,18.535,0.0430572928959869,W2
QSO_254.3114327+45.6511266,56709.51261425,18.426,0.0439017144586336,W2
QSO_254.3114327+45.6511266,56889.668109749975,18.3455,0.0429395354899232,W2
QSO_254.3114327+45.6511266,57073.05088367426,18.451,0.0689216080024435,W2
QSO_254.3114327+45.6511266,57248.32191889167,18.2165,0.0676593209783523,W2
QSO_254.3114327+45.6511266,57437.03514590123,18.411,0.0375615769637005,W2
QSO_254.3114327+45.6511266,57607.48018548138,18.416,0.0575122311381957,W2
QSO_254.3114327+45.6511266,57803.18234474999,18.419,0.0369585238620339,W2
QSO_254.3114327+45.6511266,57971.167845999975,18.388,0.0390851457580797,W2
QSO_254.3114327+45.6511266,58168.50768750001,18.328,0.0497090862722048,W2
QSO_254.3114327+45.6511266,58331.36798649998,18.381,0.0532429504360627,W2
QSO_254.3114327+45.6511266,58532.678663000064,18.2935,0.0543440056934571,W2
QSO_254.3114327+45.6511266,58695.48110950003,18.245,0.0639846667330193,W2
QSO_254.3114327+45.6511266,58703.978638,18.917,0.0,W2
QSO_254.3114327+45.6511266,58899.47729259999,18.3475,0.0669760451473331,W2
QSO_254.3114327+45.6511266,59062.5729682,18.2175,0.0591330539266403,W2
QSO_254.3114327+45.6511266,59264.42089050004,18.193,0.0606576628629886,W2
QSO_254.3114327+45.6511266,59426.990120250026,18.4615,0.0509717843785597,W2
QSO_254.3114327+45.6511266,59628.50570775001,18.119,0.0613373477250812,W2
QSO_254.3114327+45.6511266,59790.999674500046,18.4365,0.0444437752083557,W2
QSO_254.3114327+45.6511266,59995.188704499975,18.393,0.0461277091349988,W2
QSO_254.3114327+45.6511266,60157.92990399999,18.283,0.059693232894397,W2
QSO_254.3114327+45.6511266,60359.16251079998,18.328,0.0500477941172236,W2
QSO_254.3114327+45.6511266,60522.24263140004,18.079,0.0875797783133346,W2
QSO_254.1372372+45.6422446,55246.11739300004,17.902,0.0379632131879738,W1
QSO_254.1372372+45.6422446,55426.748830250006,17.927,0.0240131108197993,W1
QSO_254.1372372+45.6422446,56708.82157800001,17.793,0.0202862330165065,W1
QSO_254.1372372+45.6422446,56889.37240499997,17.788,0.0192164861488242,W1
QSO_254.1372372+45.6422446,57072.82113440962,17.783,0.0234974351333021,W1
QSO_254.1372372+45.6422446,57248.02694412293,17.820500000000003,0.0236954966713086,W1
QSO_254.1372372+45.6422446,57436.64111027644,17.849,0.0283006645858361,W1
QSO_254.1372372+45.6422446,57607.31607107099,17.817,0.0223852798308176,W1
QSO_254.1372372+45.6422446,57802.98604774995,17.834,0.0200254710193154,W1
QSO_254.1372372+45.6422446,57970.93891800004,17.8155,0.0251093526765772,W1
QSO_254.1372372+45.6422446,58168.442352499966,17.801499999999997,0.0287682156118899,W1
QSO_254.1372372+45.6422446,58331.0410925,17.887999999999998,0.023436504115237,W1
QSO_254.1372372+45.6422446,58532.38443650003,17.779,0.0358486069593476,W1
QSO_254.1372372+45.6422446,58695.02350900003,17.875,0.0299539851784395,W1
QSO_254.1372372+45.6422446,58899.3134344,17.833,0.0267987394037845,W1
QSO_254.1372372+45.6422446,59062.14705399999,17.904,0.0275506363207767,W1
QSO_254.1372372+45.6422446,59264.19227275006,17.8135,0.029978886885658,W1
QSO_254.1372372+45.6422446,59426.72887149997,17.881999999999998,0.033808954284068,W1
QSO_254.1372372+45.6422446,59628.342644,17.851,0.0178321121846434,W1
QSO_254.1372372+45.6422446,59790.641135000034,17.825,0.0372322866647213,W1
QSO_254.1372372+45.6422446,59994.928714999965,17.792,0.0307273970060779,W1
QSO_254.1372372+45.6422446,60157.44412549996,17.795,0.0245269976792992,W1
QSO_254.1372372+45.6422446,60358.93643259997,17.759,0.0129640216537159,W1
QSO_254.1372372+45.6422446,60522.178837600026,17.878999999999998,0.0456672214078228,W1
QSO_254.1372372+45.6422446,55246.11739300004,18.385,0.0359200391981969,W2
QSO_254.1372372+45.6422446,55426.748830250006,18.6,0.0415940067266691,W2
QSO_254.1372372+45.6422446,56708.82157800001,18.361,0.038595903759107,W2
QSO_254.1372372+45.6422446,56889.37240499997,18.274,0.028355102748039,W2
QSO_254.1372372+45.6422446,57072.82113440962,18.319000000000003,0.0513731578975503,W2
QSO_254.1372372+45.6422446,57248.02694412293,18.3325,0.0378160715331948,W2
QSO_254.1372372+45.6422446,57436.64111027644,18.324,0.0690026290513629,W2
QSO_254.1372372+45.6422446,57607.31607107099,18.162,0.0567113738823036,W2
QSO_254.1372372+45.6422446,57802.98604774995,18.232,0.0395311323121677,W2
QSO_254.1372372+45.6422446,57970.93891800004,18.4775,0.0473440603370502,W2
QSO_254.1372372+45.6422446,58168.442352499966,18.318,0.0418383220317174,W2
QSO_254.1372372+45.6422446,58331.0410925,18.130000000000003,0.0346857254606872,W2
QSO_254.1372372+45.6422446,58532.38443650003,18.456,0.0461595330786807,W2
QSO_254.1372372+45.6422446,58695.02350900003,18.219,0.0784074464390525,W2
QSO_254.1372372+45.6422446,58899.3134344,18.211,0.0871150435979537,W2
QSO_254.1372372+45.6422446,59062.14705399999,18.181,0.0493949351860441,W2
QSO_254.1372372+45.6422446,59264.19227275006,18.396,0.0550250105349617,W2
QSO_254.1372372+45.6422446,59426.72887149997,18.086,0.0811845891331683,W2
QSO_254.1372372+45.6422446,59628.342644,18.179,0.0428932829853306,W2
QSO_254.1372372+45.6422446,59790.641135000034,18.239,0.065438756563662,W2
QSO_254.1372372+45.6422446,59994.928714999965,18.335,0.0485635613949007,W2
QSO_254.1372372+45.6422446,60157.44412549996,18.234,0.0542391125664597,W2
QSO_254.1372372+45.6422446,60358.93643259997,18.3455,0.0684986989603399,W2
QSO_254.1372372+45.6422446,60522.178837600026,18.151,0.0901901793126305,W2
QSO_254.1459351+45.5516678,55246.24974199996,19.235,0.0812640124728247,W1
QSO_254.1459351+45.5516678,55426.98011250002,19.053,0.0426429834463924,W1
QSO_254.1459351+45.5516678,56708.92027399996,18.793,0.0396843374952134,W1
QSO_254.1459351+45.5516678,56889.33942725,18.7115,0.0545538088088775,W1
QSO_254.1459351+45.5516678,57072.65704864928,18.8005,0.0522674630015131,W1
QSO_254.1459351+45.5516678,57248.12531162915,18.8365,0.0720478105149629,W1
QSO_254.1459351+45.5516678,57436.90384339299,18.8465,0.0653070142054646,W1
QSO_254.1459351+45.5516678,57607.18471366267,18.8625,0.0638239521710527,W1
QSO_254.1459351+45.5516678,57803.80414049998,18.862,0.0450353042154861,W1
QSO_254.1459351+45.5516678,57970.93891800004,18.902,0.0718669096955663,W1
QSO_254.1459351+45.5516678,58168.50783349996,18.914500000000004,0.0497640364070945,W1
QSO_254.1459351+45.5516678,58331.20446650006,18.78,0.066997727793664,W1
QSO_254.1459351+45.5516678,58532.38443649995,18.9145,0.0794181040786484,W1
QSO_254.1459351+45.5516678,58695.31764425003,18.765,0.0497918846643271,W1
QSO_254.1459351+45.5516678,58703.978638,18.815,0.0,W1
QSO_254.1459351+45.5516678,58899.21512679999,18.929,0.0780998459505522,W1
QSO_254.1459351+45.5516678,59062.3435594,18.867,0.0433735329721693,W1
QSO_254.1459351+45.5516678,59264.22503150003,18.901000000000003,0.0706798160024794,W1
QSO_254.1459351+45.5516678,59426.85943199997,18.903,0.0772725261705134,W1
QSO_254.1459351+45.5516678,59628.310013,18.833,0.0738840574766091,W1
QSO_254.1459351+45.5516678,59790.70628750001,19.013,0.0639700624424338,W1
QSO_254.1459351+45.5516678,59994.96125475001,18.981500000000004,0.0791306277619481,W1
QSO_254.1459351+45.5516678,60157.60603950002,18.833,0.0845289499362953,W1
QSO_254.1459351+45.5516678,60358.80736269998,18.7945,0.1000920026775366,W1
QSO_254.1459351+45.5516678,60521.60440059996,18.734,0.114936053074292,W1
QSO_254.1459351+45.5516678,55246.24974199996,18.552,0.0513672269058783,W2
QSO_254.1459351+45.5516678,55426.98011250002,18.491,0.0414392542485062,W2
QSO_254.1459351+45.5516678,56708.92027399996,18.305,0.0429262701738138,W2
QSO_254.1459351+45.5516678,56889.33942725,18.2915,0.0581386327849777,W2
QSO_254.1459351+45.5516678,57072.65704864928,18.305,0.0533521073566586,W2
QSO_254.1459351+45.5516678,57248.12531162915,18.3115,0.0699089577593602,W2
QSO_254.1459351+45.5516678,57436.90384339299,18.2375,0.0596415570455864,W2
QSO_254.1459351+45.5516678,57607.18471366267,18.2825,0.0561564424503143,W2
QSO_254.1459351+45.5516678,57803.80414049998,18.262,0.0362344718320536,W2
QSO_254.1459351+45.5516678,57970.93891800004,18.2545,0.0683563107509375,W2
QSO_254.1459351+45.5516678,58168.50783349996,18.3165,0.041348673378579,W2
QSO_254.1459351+45.5516678,58331.20446650006,18.288,0.0467164138366725,W2
QSO_254.1459351+45.5516678,58532.38443649995,18.3185,0.0545081595984483,W2
QSO_254.1459351+45.5516678,58695.31764425003,18.2015,0.094050557088354,W2
QSO_254.1459351+45.5516678,58703.978638,18.704,0.0,W2
QSO_254.1459351+45.5516678,58899.21512679999,18.339,0.0538110844761561,W2
QSO_254.1459351+45.5516678,59062.3435594,18.296,0.06722900987612,W2
QSO_254.1459351+45.5516678,59264.22503150003,18.327,0.058999553967984,W2
QSO_254.1459351+45.5516678,59426.85943199997,18.3765,0.0705177236602786,W2
QSO_254.1459351+45.5516678,59628.310013,18.328,0.0572646379590572,W2
QSO_254.1459351+45.5516678,59790.70628750001,18.388,0.0797207608073562,W2
QSO_254.1459351+45.5516678,59994.96125475001,18.2795,0.0760511992812037,W2
QSO_254.1459351+45.5516678,60157.60603950002,18.312,0.0664651475570581,W2
QSO_254.1459351+45.5516678,60358.80736269998,18.274,0.0927811618810628,W2
QSO_254.1459351+45.5516678,60521.60440059996,17.788,0.1705320649766052,W2
QSO_254.0201891+45.796676,55245.95208450003,18.2285,0.0417042746943017,W1
QSO_254.0201891+45.796676,55426.38534500001,18.271,0.0239151599692264,W1
QSO_254.0201891+45.796676,56708.49238450004,18.1405,0.0272470598483472,W1
QSO_254.0201891+45.796676,56889.0437225,18.206,0.0345992894240945,W1
QSO_254.0201891+45.796676,57072.32887712842,18.224,0.0563780814523088,W1
QSO_254.0201891+45.796676,57247.83028211049,18.186,0.031860001509487,W1
QSO_254.0201891+45.796676,57436.312661855576,18.246,0.0366019662859798,W1
QSO_254.0201891+45.796676,57607.05346605434,18.2725,0.0331304313797957,W1
QSO_254.0201891+45.796676,57802.10247400002,18.261000000000003,0.0352989874140912,W1
QSO_254.0201891+45.796676,57970.64458200001,18.288,0.0250405582335987,W1
QSO_254.0201891+45.796676,58168.08202450003,18.253,0.0375743846191869,W1
QSO_254.0201891+45.796676,58330.81216450007,18.244,0.0338652291523477,W1
QSO_254.0201891+45.796676,58532.15558149999,18.2965,0.0355623210775101,W1
QSO_254.0201891+45.796676,58694.56590850003,18.2755,0.0420765685274787,W1
QSO_254.0201891+45.796676,58899.1824064,18.213,0.0389460347415824,W1
QSO_254.0201891+45.796676,59061.72113979999,18.284,0.0350348041238994,W1
QSO_254.0201891+45.796676,59263.832985,18.244,0.0421344636135314,W1
QSO_254.0201891+45.796676,59426.43448075002,18.2695,0.0462796540069175,W1
QSO_254.0201891+45.796676,59627.9509625,18.24,0.0380929386257505,W1
QSO_254.0201891+45.796676,59790.38001400004,18.237,0.0464925000425212,W1
QSO_254.0201891+45.796676,59994.53845700002,18.258,0.0261121731406042,W1
QSO_254.0201891+45.796676,60157.21742399996,18.336,0.0376036634892252,W1
QSO_254.0201891+45.796676,60358.5810466,18.234,0.0465515540785571,W1
QSO_254.0201891+45.796676,60521.85972220003,18.397,0.0716348961722523,W1
QSO_254.0201891+45.796676,55245.95208450003,18.5525,0.0548168034861979,W2
QSO_254.0201891+45.796676,55426.38534500001,18.492,0.0376918419081939,W2
QSO_254.0201891+45.796676,56708.49238450004,18.4235,0.0391340748843619,W2
QSO_254.0201891+45.796676,56889.0437225,18.313,0.0580244299804678,W2
QSO_254.0201891+45.796676,57072.32887712842,18.368,0.0702725546738925,W2
QSO_254.0201891+45.796676,57247.83028211049,18.304,0.0546824292054715,W2
QSO_254.0201891+45.796676,57436.312661855576,18.263,0.0593079049031408,W2
QSO_254.0201891+45.796676,57607.05346605434,18.2505,0.038325123716396,W2
QSO_254.0201891+45.796676,57802.10247400002,18.3,0.0418978816416837,W2
QSO_254.0201891+45.796676,57970.64458200001,18.3155,0.0579515054096092,W2
QSO_254.0201891+45.796676,58168.08202450003,18.394,0.0466769925485694,W2
QSO_254.0201891+45.796676,58330.81216450007,18.3255,0.0681456566372247,W2
QSO_254.0201891+45.796676,58532.15558149999,18.2955,0.0507572945299298,W2
QSO_254.0201891+45.796676,58694.56590850003,18.265,0.0650350200113781,W2
QSO_254.0201891+45.796676,58899.1824064,18.3115,0.05202455264904,W2
QSO_254.0201891+45.796676,59061.72113979999,18.305,0.056376436676192,W2
QSO_254.0201891+45.796676,59263.832985,18.311,0.061287526430751,W2
QSO_254.0201891+45.796676,59426.43448075002,18.214,0.0595874263162959,W2
QSO_254.0201891+45.796676,59627.9509625,18.137,0.0601783779212332,W2
QSO_254.0201891+45.796676,59790.38001400004,18.246,0.0547395350812582,W2
QSO_254.0201891+45.796676,59994.53845700002,18.263,0.0451813780578135,W2
QSO_254.0201891+45.796676,60157.21742399996,18.177,0.0665098245930264,W2
QSO_254.0201891+45.796676,60358.5810466,18.251,0.067802077351079,W2
QSO_254.0201891+45.796676,60521.85972220003,18.103,0.0586973646361945,W2
QSO_254.1086496+45.6703957,55246.051328,18.128500000000003,0.0363325318464096,W1
QSO_254.1086496+45.6703957,55426.68272875002,18.234,0.0304966613190166,W1
QSO_254.1086496+45.6703957,56708.82157800001,18.1525,0.0300844424214187,W1
QSO_254.1086496+45.6703957,56889.30659549997,18.1425,0.0237724337545623,W1
QSO_254.1086496+45.6703957,57072.78830265747,18.0855,0.0511893783958739,W1
QSO_254.1086496+45.6703957,57248.02687112296,18.162,0.0426538814177561,W1
QSO_254.1086496+45.6703957,57436.67390387844,18.105,0.0270779887902163,W1
QSO_254.1086496+45.6703957,57607.28327746891,18.218,0.0310985022688356,W1
QSO_254.1086496+45.6703957,57802.4296965,18.184,0.030245792599094,W1
QSO_254.1086496+45.6703957,57970.77539800004,18.215,0.0369611197244464,W1
QSO_254.1086496+45.6703957,58168.34416750001,18.246,0.0309688775892813,W1
QSO_254.1086496+45.6703957,58331.00838850004,18.1825,0.0319573929312603,W1
QSO_254.1086496+45.6703957,58532.4171405,18.196,0.0359511098549778,W1
QSO_254.1086496+45.6703957,58695.02350900003,18.2185,0.034663311801559,W1
QSO_254.1086496+45.6703957,58899.116819199975,18.068,0.0446702385738054,W1
QSO_254.1086496+45.6703957,59062.08154000003,18.184,0.0277402662663611,W1
QSO_254.1086496+45.6703957,59264.126992500016,18.179,0.0378822280806928,W1
QSO_254.1086496+45.6703957,59426.53304899999,18.2165,0.0369186120829136,W1
QSO_254.1086496+45.6703957,59628.24473274996,18.151,0.0453073638851591,W1
QSO_254.1086496+45.6703957,59790.57598249997,18.28,0.0322832404817112,W1
QSO_254.1086496+45.6703957,59994.96123649996,18.146,0.0330409255404342,W1
QSO_254.1086496+45.6703957,60157.44412549996,18.188,0.029403260433801,W1
QSO_254.1086496+45.6703957,60358.83929619998,18.184,0.0353620660170495,W1
QSO_254.1086496+45.6703957,60521.70016449999,18.2915,0.045873562608061,W1
QSO_254.1086496+45.6703957,55246.051328,18.465,0.0566142660973631,W2
QSO_254.1086496+45.6703957,55426.68272875002,18.493,0.0323678111709766,W2
QSO_254.1086496+45.6703957,56708.82157800001,18.365,0.0384356311735314,W2
QSO_254.1086496+45.6703957,56889.30659549997,18.336,0.0516183857491216,W2
QSO_254.1086496+45.6703957,57072.78830265747,18.307,0.049369618414458,W2
QSO_254.1086496+45.6703957,57248.02687112296,18.346,0.0565682969869166,W2
QSO_254.1086496+45.6703957,57436.67390387844,18.386,0.0502976031719501,W2
QSO_254.1086496+45.6703957,57607.28327746891,18.341,0.0446221636701826,W2
QSO_254.1086496+45.6703957,57802.4296965,18.341,0.0438986904165204,W2
QSO_254.1086496+45.6703957,57970.77539800004,18.39,0.0608781200947799,W2
QSO_254.1086496+45.6703957,58168.34416750001,18.332,0.0566866729675351,W2
QSO_254.1086496+45.6703957,58331.00838850004,18.323,0.0600212644417392,W2
QSO_254.1086496+45.6703957,58532.4171405,18.2255,0.0489087506224722,W2
QSO_254.1086496+45.6703957,58695.02350900003,18.154,0.0601016043359718,W2
QSO_254.1086496+45.6703957,58899.116819199975,18.445,0.0520743818696534,W2
QSO_254.1086496+45.6703957,59062.08154000003,18.3635,0.0414865109436522,W2
QSO_254.1086496+45.6703957,59264.126992500016,18.26,0.0595914031600071,W2
QSO_254.1086496+45.6703957,59426.53304899999,18.094,0.0633689617226914,W2
QSO_254.1086496+45.6703957,59628.24473274996,18.2735,0.046585470632742,W2
QSO_254.1086496+45.6703957,59790.57598249997,18.211,0.0500025599344673,W2
QSO_254.1086496+45.6703957,59994.96123649996,18.321,0.0592838716827011,W2
QSO_254.1086496+45.6703957,60157.44412549996,18.341,0.0581207542455711,W2
QSO_254.1086496+45.6703957,60358.83929619998,18.266,0.0524029722906084,W2
QSO_254.1086496+45.6703957,60521.70016449999,18.085,0.0477860574710839,W2
