oid,time,magnitude,error,band
QSO_62.08012-56.54134,55207.79825124999,19.6725,0.0723576464514979,W1
QSO_62.08012-56.54134,55393.86430125003,19.533,0.0477935545011233,W1
QSO_62.08012-56.54134,55569.54318124999,19.658,0.0499927537029333,W1
QSO_62.08012-56.54134,56669.61860699999,19.101,0.1300869367427459,W1
QSO_62.08012-56.54134,56858.27938724999,19.126,0.1030925190938359,W1
QSO_62.08012-56.54134,57033.29997215314,19.039,0.0,W1
QSO_62.08012-56.54134,57220.133532854044,18.888,0.0551859402384334,W1
QSO_62.08012-56.54134,57392.46260168224,19.209000000000003,0.0899702250715029,W1
QSO_62.08012-56.54134,57583.9466401929,18.518,0.1547975978376161,W1
QSO_62.08012-56.54134,57752.88064867734,18.9595,0.1358097051023968,W1
QSO_62.08012-56.54134,57950.65847775,18.877,0.0756992998646617,W1
QSO_62.08012-56.54134,58113.10395424996,18.911,0.0843389737902946,W1
QSO_62.08012-56.54134,58315.64287400003,18.999,0.1056061866874606,W1
QSO_62.08012-56.54134,58475.92318874995,19.1245,0.1120764248180678,W1
QSO_62.08012-56.54134,58679.85836125,18.869,0.1075240067940041,W1
QSO_62.08012-56.54134,58840.38047024998,19.236,0.230708148967478,W1
QSO_62.08012-56.54134,59047.60157349996,19.192500000000003,0.1443002512125321,W1
QSO_62.08012-56.54134,59207.85158079997,19.235,0.0,W1
QSO_62.08012-56.54134,59411.87143700001,18.871,0.4765899705197339,W1
QSO_62.08012-56.54134,59778.38773825003,18.937,0.0318198051533933,W1
QSO_62.08012-56.54134,59934.97454500004,19.045,0.0808047486686729,W1
QSO_62.08012-56.54134,60142.057240250055,18.7525,0.169542168427209,W1
QSO_62.08012-56.54134,60301.76884849996,19.028,0.0,W1
QSO_62.08012-56.54134,60506.6890588,18.144,0.0,W1
QSO_62.08012-56.54134,55207.79825124999,18.7605,0.0811687439843685,W2
QSO_62.08012-56.54134,55393.86430125003,18.7635,0.0473168300650773,W2
QSO_62.08012-56.54134,55569.54318124999,18.8015,0.0422366106171545,W2
QSO_62.08012-56.54134,56669.61860699999,18.4105,0.13641048143176,W2
QSO_62.08012-56.54134,56858.27938724999,18.588,0.0834621781718234,W2
QSO_62.08012-56.54134,57033.29997215314,18.455,0.0,W2
QSO_62.08012-56.54134,57220.133532854044,18.582,0.1765143846829487,W2
QSO_62.08012-56.54134,57392.46260168224,18.6225,0.162854070912269,W2
QSO_62.08012-56.54134,57583.9466401929,18.373,0.1146366239713794,W2
QSO_62.08012-56.54134,57752.88064867734,18.2035,0.0920609852217541,W2
QSO_62.08012-56.54134,57950.65847775,18.4735,0.073593206208182,W2
QSO_62.08012-56.54134,58113.10395424996,18.289,0.0539321043071747,W2
QSO_62.08012-56.54134,58315.64287400003,18.271,0.0390336986414251,W2
QSO_62.08012-56.54134,58475.92318874995,18.5665,0.0038890872965257,W2
QSO_62.08012-56.54134,58679.85836125,18.4725,0.2607566713751857,W2
QSO_62.08012-56.54134,58840.38047024998,18.3165,0.1258180109324581,W2
QSO_62.08012-56.54134,59047.60157349996,18.379,0.1494533790183412,W2
QSO_62.08012-56.54134,59207.85158079997,18.682,0.0,W2
QSO_62.08012-56.54134,59411.87143700001,18.6225,0.0611647365726357,W2
QSO_62.08012-56.54134,59778.38773825003,18.5125,0.1361180553784096,W2
QSO_62.08012-56.54134,59934.97454500004,18.484,0.6374465264428654,W2
QSO_62.08012-56.54134,60142.057240250055,17.867,0.2451869184928106,W2
QSO_62.08012-56.54134,60301.76884849996,18.116,0.0,W2
QSO_62.08012-56.54134,60506.6890588,17.583,0.0,W2
QSO_61.8722931-56.6294326,55206.47587450002,18.757,0.0859748743084029,W1
QSO_61.8722931-56.6294326,55393.50074299998,18.4685,0.0312209846357987,W1
QSO_61.8722931-56.6294326,55569.08054374998,18.494,0.0307541991951758,W1
QSO_61.8722931-56.6294326,56669.28941350002,18.413,0.0391648218287597,W1
QSO_61.8722931-56.6294326,56857.12899850002,18.352,0.0278831398874263,W1
QSO_61.8722931-56.6294326,57032.84040062414,18.319,0.0441740477234213,W1
QSO_61.8722931-56.6294326,57219.609137320695,18.286,0.0318417906864184,W1
QSO_61.8722931-56.6294326,57392.659729294726,18.365,0.0366013472077769,W1
QSO_61.8722931-56.6294326,57584.24198391155,18.387,0.0404924323062232,W1
QSO_61.8722931-56.6294326,57752.65102026276,18.341,0.0254727240610633,W1
QSO_61.8722931-56.6294326,57949.480750500006,18.38,0.0348760453277546,W1
QSO_61.8722931-56.6294326,58113.888905,18.366,0.0380735227179467,W1
QSO_61.8722931-56.6294326,58315.31597999998,18.445,0.0494876656000184,W1
QSO_61.8722931-56.6294326,58476.11928500002,18.4545,0.0399124040869502,W1
QSO_61.8722931-56.6294326,58679.433519499966,18.345,0.0440478285503383,W1
QSO_61.8722931-56.6294326,58839.98829599996,18.439,0.0510921470514968,W1
QSO_61.8722931-56.6294326,59046.58594179996,18.313,0.0471603982305199,W1
QSO_61.8722931-56.6294326,59205.3622318,18.434,0.0455666917335389,W1
QSO_61.8722931-56.6294326,59410.89203250003,18.406,0.0388096037598942,W1
QSO_61.8722931-56.6294326,59571.48150225003,18.357,0.0558347562007751,W1
QSO_61.8722931-56.6294326,59775.226017000015,18.428,0.041034912609897,W1
QSO_61.8722931-56.6294326,59935.75553550006,18.397,0.0535794281852068,W1
QSO_61.8722931-56.6294326,60142.02484650004,18.419,0.0434947176562855,W1
QSO_61.8722931-56.6294326,60302.02690350002,18.383,0.0718989390879052,W1
QSO_61.8722931-56.6294326,60506.59342300003,18.2765,0.0742588247070676,W1
QSO_61.8722931-56.6294326,55206.47587450002,18.515,0.0628975477178268,W2
QSO_61.8722931-56.6294326,55393.50074299998,18.5935,0.0446536638164759,W2
QSO_61.8722931-56.6294326,55569.08054374998,18.4345,0.0435588590086315,W2
QSO_61.8722931-56.6294326,56669.28941350002,18.3145,0.0574220134596288,W2
QSO_61.8722931-56.6294326,56857.12899850002,18.433,0.0411170529393541,W2
QSO_61.8722931-56.6294326,57032.84040062414,18.417,0.0465155346412676,W2
QSO_61.8722931-56.6294326,57219.609137320695,18.389,0.0544952234728585,W2
QSO_61.8722931-56.6294326,57392.659729294726,18.263,0.0498446058985217,W2
QSO_61.8722931-56.6294326,57584.24198391155,18.3065,0.0565913712176715,W2
QSO_61.8722931-56.6294326,57752.65102026276,18.38,0.0488233078644086,W2
QSO_61.8722931-56.6294326,57949.480750500006,18.275,0.0433980306242125,W2
QSO_61.8722931-56.6294326,58113.888905,18.28,0.0506763047203268,W2
QSO_61.8722931-56.6294326,58315.31597999998,18.414,0.0785310182621115,W2
QSO_61.8722931-56.6294326,58476.11928500002,18.412,0.0699802921458436,W2
QSO_61.8722931-56.6294326,58679.433519499966,18.227,0.052986697802373,W2
QSO_61.8722931-56.6294326,58839.98829599996,18.43,0.0637285613668602,W2
QSO_61.8722931-56.6294326,59046.58594179996,18.112,0.0498685162834702,W2
QSO_61.8722931-56.6294326,59205.3622318,18.378,0.067769534686233,W2
QSO_61.8722931-56.6294326,59410.89203250003,18.327,0.0538355207646401,W2
QSO_61.8722931-56.6294326,59571.48150225003,18.3305,0.1081445144239873,W2
QSO_61.8722931-56.6294326,59775.226017000015,18.19,0.0584840841921094,W2
QSO_61.8722931-56.6294326,59935.75553550006,18.3745,0.0647126340060424,W2
QSO_61.8722931-56.6294326,60142.02484650004,18.274,0.064649253793064,W2
QSO_61.8722931-56.6294326,60302.02690350002,18.156,0.0726513487813208,W2
QSO_61.8722931-56.6294326,60506.59342300003,17.933500000000002,0.0613755728079177,W2
QSO_62.2259515-56.6175981,55208.26105300001,17.921,0.0446936311028432,W1
QSO_62.2259515-56.6175981,55393.86435599995,17.930999999999997,0.0301377811090723,W1
QSO_62.2259515-56.6175981,55569.57612250002,18.0235,0.026565895605255,W1
QSO_62.2259515-56.6175981,56669.84892200003,17.905,0.0204941200413245,W1
QSO_62.2259515-56.6175981,56857.78641824998,17.9205,0.0223125936597163,W1
QSO_62.2259515-56.6175981,57033.29997215314,17.901,0.0457642305736697,W1
QSO_62.2259515-56.6175981,57220.39582187059,17.913,0.0211189568561729,W1
QSO_62.2259515-56.6175981,57392.92244411138,17.904,0.0255679354586004,W1
QSO_62.2259515-56.6175981,57584.86573945104,17.899,0.0252744400312261,W1
QSO_62.2259515-56.6175981,57753.07759149386,17.902,0.0239125600509547,W1
QSO_62.2259515-56.6175981,57950.39677275004,17.958,0.0195594724547707,W1
QSO_62.2259515-56.6175981,58114.215945,17.886,0.0354086615876637,W1
QSO_62.2259515-56.6175981,58315.871802000045,17.933,0.0248176050100373,W1
QSO_62.2259515-56.6175981,58476.31550899999,17.976,0.0360826822857933,W1
QSO_62.2259515-56.6175981,58679.989177249954,17.906,0.0260412699525338,W1
QSO_62.2259515-56.6175981,58840.511158500034,17.912,0.0526957275659393,W1
QSO_62.2259515-56.6175981,59047.63431220001,17.945999999999998,0.0238855457547027,W1
QSO_62.2259515-56.6175981,59206.93451290002,17.957,0.0229632403507738,W1
QSO_62.2259515-56.6175981,59411.7735075,17.856,0.0229910909843418,W1
QSO_62.2259515-56.6175981,59572.06902449999,17.92,0.0458503036126764,W1
QSO_62.2259515-56.6175981,59775.78006874997,17.883,0.026486657944209,W1
QSO_62.2259515-56.6175981,59936.08091475003,17.936999999999998,0.0290505950254137,W1
QSO_62.2259515-56.6175981,60142.51088050003,17.922,0.0263088295159257,W1
QSO_62.2259515-56.6175981,60302.478499749945,17.948,0.0328555456577191,W1
QSO_62.2259515-56.6175981,60507.13707939998,17.926000000000002,0.0365530225397316,W1
QSO_62.2259515-56.6175981,55208.26105300001,18.528,0.1129922904492902,W2
QSO_62.2259515-56.6175981,55393.86435599995,18.545,0.0558622210509101,W2
QSO_62.2259515-56.6175981,55569.57612250002,18.599,0.0400684428168409,W2
QSO_62.2259515-56.6175981,56669.84892200003,18.304,0.0462784539531253,W2
QSO_62.2259515-56.6175981,56857.78641824998,18.4465,0.0299844976915246,W2
QSO_62.2259515-56.6175981,57033.29997215314,18.376,0.0608437337447334,W2
QSO_62.2259515-56.6175981,57220.39582187059,18.285,0.0543091008311113,W2
QSO_62.2259515-56.6175981,57392.92244411138,18.351,0.0423188441646103,W2
QSO_62.2259515-56.6175981,57584.86573945104,18.438,0.0507600270778492,W2
QSO_62.2259515-56.6175981,57753.07759149386,18.2865,0.0518853209552857,W2
QSO_62.2259515-56.6175981,57950.39677275004,18.2815,0.0367309446844756,W2
QSO_62.2259515-56.6175981,58114.215945,18.263,0.0450732138247561,W2
QSO_62.2259515-56.6175981,58315.871802000045,18.341,0.0589005530358501,W2
QSO_62.2259515-56.6175981,58476.31550899999,18.344,0.079269116138869,W2
QSO_62.2259515-56.6175981,58679.989177249954,18.3125,0.0499741818527512,W2
QSO_62.2259515-56.6175981,58840.511158500034,18.413,0.0836987083399606,W2
QSO_62.2259515-56.6175981,59047.63431220001,18.394,0.0715191248268602,W2
QSO_62.2259515-56.6175981,59206.93451290002,18.2925,0.0451670561688823,W2
QSO_62.2259515-56.6175981,59411.7735075,18.108,0.0634716121110965,W2
QSO_62.2259515-56.6175981,59572.06902449999,18.507,0.0788272657416574,W2
QSO_62.2259515-56.6175981,59775.78006874997,18.2175,0.050501175640722,W2
QSO_62.2259515-56.6175981,59936.08091475003,18.2725,0.0328111150827989,W2
QSO_62.2259515-56.6175981,60142.51088050003,18.144,0.0597391628508886,W2
QSO_62.2259515-56.6175981,60302.478499749945,18.253,0.0864620468484526,W2
QSO_62.2259515-56.6175981,60507.13707939998,18.047,0.1248998721061243,W2
QSO_62.1370115-56.7161992,55206.87250175,17.9675,0.0929152734854448,W1
QSO_62.1370115-56.7161992,55393.59993175003,17.964,0.0243535074236694,W1
QSO_62.1370115-56.7161992,55569.34484025,18.0475,0.0277584626735703,W1
QSO_62.1370115-56.7161992,56669.552742749984,17.932,0.025624196598199,W1
QSO_62.1370115-56.7161992,56857.52345399997,17.88,0.0163988847409028,W1
QSO_62.1370115-56.7161992,57033.03731813654,17.967,0.0286147831345337,W1
QSO_62.1370115-56.7161992,57220.199196358175,17.944,0.0341723364987887,W1
QSO_62.1370115-56.7161992,57392.75816500099,17.9305,0.0208824747791172,W1
QSO_62.1370115-56.7161992,57584.6359646365,17.916,0.0243335419973605,W1
QSO_62.1370115-56.7161992,57752.9135154794,17.96,0.0278501090163686,W1
QSO_62.1370115-56.7161992,57949.840640500006,17.944499999999998,0.0293222646411706,W1
QSO_62.1370115-56.7161992,58114.01972099995,17.9255,0.017462202236386,W1
QSO_62.1370115-56.7161992,58315.61022475006,17.9875,0.0311534016259921,W1
QSO_62.1370115-56.7161992,58476.05395000006,17.921,0.0302568398093386,W1
QSO_62.1370115-56.7161992,58679.858416,18.0035,0.0223256112993746,W1
QSO_62.1370115-56.7161992,58840.18430100001,17.985,0.020757301589392,W1
QSO_62.1370115-56.7161992,59047.0773151,17.977,0.0298448165457127,W1
QSO_62.1370115-56.7161992,59206.01744499998,18.006999999999998,0.0226859485423318,W1
QSO_62.1370115-56.7161992,59411.47982849999,17.961,0.0315032929535741,W1
QSO_62.1370115-56.7161992,59571.80790349999,18.016,0.0646738433875591,W1
QSO_62.1370115-56.7161992,59775.45416024995,17.9515,0.0231944243998894,W1
QSO_62.1370115-56.7161992,59935.82056025006,17.971,0.0258395419328142,W1
QSO_62.1370115-56.7161992,60142.25167575001,18.041,0.0301496916443601,W1
QSO_62.1370115-56.7161992,60302.3494175,17.8755,0.0376904686700952,W1
QSO_62.1370115-56.7161992,60506.62519180001,17.874,0.0416476770060467,W1
QSO_62.1370115-56.7161992,55206.87250175,18.3785,0.0855030038763261,W2
QSO_62.1370115-56.7161992,55393.59993175003,18.492,0.0481217957979146,W2
QSO_62.1370115-56.7161992,55569.34484025,18.512,0.0366881580009136,W2
QSO_62.1370115-56.7161992,56669.552742749984,18.2535,0.0500039579623439,W2
QSO_62.1370115-56.7161992,56857.52345399997,18.356,0.0399855223119119,W2
QSO_62.1370115-56.7161992,57033.03731813654,18.461,0.0603552004932342,W2
QSO_62.1370115-56.7161992,57220.199196358175,18.243,0.0567290036310857,W2
QSO_62.1370115-56.7161992,57392.75816500099,18.404,0.0479882156666183,W2
QSO_62.1370115-56.7161992,57584.6359646365,18.321,0.0367472546587366,W2
QSO_62.1370115-56.7161992,57752.9135154794,18.432,0.050297640411784,W2
QSO_62.1370115-56.7161992,57949.840640500006,18.339,0.0407360278396875,W2
QSO_62.1370115-56.7161992,58114.01972099995,18.213,0.0429554038222119,W2
QSO_62.1370115-56.7161992,58315.61022475006,18.464,0.053941510133087,W2
QSO_62.1370115-56.7161992,58476.05395000006,18.4265,0.0510917368003181,W2
QSO_62.1370115-56.7161992,58679.858416,18.2285,0.0625346189966339,W2
QSO_62.1370115-56.7161992,58840.18430100001,18.3855,0.0716785196916425,W2
QSO_62.1370115-56.7161992,59047.0773151,18.2445,0.0629169894770973,W2
QSO_62.1370115-56.7161992,59206.01744499998,18.37,0.0475614065649927,W2
QSO_62.1370115-56.7161992,59411.47982849999,18.285,0.0588975984050939,W2
QSO_62.1370115-56.7161992,59571.80790349999,18.258,0.0723725915731864,W2
QSO_62.1370115-56.7161992,59775.45416024995,18.314,0.0502537688554767,W2
QSO_62.1370115-56.7161992,59935.82056025006,18.217,0.0702467969579625,W2
QSO_62.1370115-56.7161992,60142.25167575001,18.271,0.0513240524869546,W2
QSO_62.1370115-56.7161992,60302.3494175,18.3185,0.0553241310389837,W2
QSO_62.1370115-56.7161992,60506.62519180001,17.7125,0.0973047223931087,W2
QSO_62.1701566-56.571571,55208.29414024999,18.1665,0.0840590147976408,W1
QSO_62.1701566-56.571571,55393.86435599995,18.17,0.0345401471104085,W1
QSO_62.1701566-56.571571,55569.57612250002,18.524,0.0511312703513231,W1
QSO_62.1701566-56.571571,56669.783148999966,18.204,0.0366655226832131,W1
QSO_62.1701566-56.571571,56857.91794599996,18.239,0.0283005836567338,W1
QSO_62.1701566-56.571571,57033.234308649015,18.218,0.0399186901588716,W1
QSO_62.1701566-56.571571,57220.33026786647,18.2235,0.0313395851739303,W1
QSO_62.1701566-56.571571,57393.02102621752,18.184,0.0289905162170535,W1
QSO_62.1701566-56.571571,57584.86568455104,18.1795,0.0377704020467428,W1
QSO_62.1701566-56.571571,57753.17597002271,18.189,0.0322220159700471,W1
QSO_62.1701566-56.571571,57951.37805699997,18.238,0.0298905753678717,W1
QSO_62.1701566-56.571571,58114.34676100004,18.197,0.0427040701651934,W1
QSO_62.1701566-56.571571,58316.100729999984,18.293,0.0591814262754794,W1
QSO_62.1701566-56.571571,58476.44632499994,18.1645,0.0573251907125862,W1
QSO_62.1701566-56.571571,58679.98912250003,18.134500000000003,0.0518760448836644,W1
QSO_62.1701566-56.571571,58840.511158500034,18.194,0.0520500315137478,W1
QSO_62.1701566-56.571571,59047.53604119994,18.1755,0.0432671335951093,W1
QSO_62.1701566-56.571571,59206.21402359997,18.303,0.0596961072618829,W1
QSO_62.1701566-56.571571,59411.87172899999,18.106,0.0454943867603527,W1
QSO_62.1701566-56.571571,59572.06909750005,18.298,0.0643114663110247,W1
QSO_62.1701566-56.571571,59775.649690749946,18.1945,0.0382884559544388,W1
QSO_62.1701566-56.571571,59936.015963,18.243,0.0476165951853575,W1
QSO_62.1701566-56.571571,60142.44611124998,18.208,0.0323435347288191,W1
QSO_62.1701566-56.571571,60302.607545499945,18.261000000000003,0.085936738632991,W1
QSO_62.1701566-56.571571,60507.13707939998,18.13,0.0517956851766193,W1
QSO_62.1701566-56.571571,55208.29414024999,18.347,0.0693003821688597,W2
QSO_62.1701566-56.571571,55393.86435599995,18.423,0.0440495291590559,W2
QSO_62.1701566-56.571571,55569.57612250002,18.4625,0.0275771678716226,W2
QSO_62.1701566-56.571571,56669.783148999966,18.35,0.0502556923367383,W2
QSO_62.1701566-56.571571,56857.91794599996,18.331,0.0378022725595786,W2
QSO_62.1701566-56.571571,57033.234308649015,18.31,0.0535553844165084,W2
QSO_62.1701566-56.571571,57220.33026786647,18.353,0.0523333069997119,W2
QSO_62.1701566-56.571571,57393.02102621752,18.374,0.0456925976764044,W2
QSO_62.1701566-56.571571,57584.86568455104,18.3135,0.0568681194377123,W2
QSO_62.1701566-56.571571,57753.17597002271,18.328,0.0544141947301805,W2
QSO_62.1701566-56.571571,57951.37805699997,18.289,0.0383103971190979,W2
QSO_62.1701566-56.571571,58114.34676100004,18.379,0.0594554755811736,W2
QSO_62.1701566-56.571571,58316.100729999984,18.267,0.0640377888437757,W2
QSO_62.1701566-56.571571,58476.44632499994,18.37,0.0803142494337671,W2
QSO_62.1701566-56.571571,58679.98912250003,18.1615,0.0614337686559266,W2
QSO_62.1701566-56.571571,58840.511158500034,18.399,0.0544239563635064,W2
QSO_62.1701566-56.571571,59047.53604119994,18.2445,0.0702085430057865,W2
QSO_62.1701566-56.571571,59206.21402359997,18.2455,0.0586019099676098,W2
QSO_62.1701566-56.571571,59411.87172899999,18.224,0.0582425004239312,W2
QSO_62.1701566-56.571571,59572.06909750005,18.283,0.0835091859828517,W2
QSO_62.1701566-56.571571,59775.649690749946,18.2665,0.0525276712790506,W2
QSO_62.1701566-56.571571,59936.015963,18.438,0.0775120606806124,W2
QSO_62.1701566-56.571571,60142.44611124998,18.232,0.0573667563877287,W2
QSO_62.1701566-56.571571,60302.607545499945,18.2195,0.1069114612512381,W2
QSO_62.1701566-56.571571,60507.13707939998,18.081,0.0800453588612023,W2
QSO_61.8759774-56.5546846,55206.87257475006,18.265,0.0516019476376618,W1
QSO_61.8759774-56.5546846,55393.56684450005,18.203,0.0277965918028402,W1
QSO_61.8759774-56.5546846,55569.311826,18.724,0.074452163827945,W1
QSO_61.8759774-56.5546846,56669.58564749998,18.639,0.0,W1
QSO_61.8759774-56.5546846,56859.29833950001,18.293,0.0,W1
QSO_61.8759774-56.5546846,57032.38082909489,18.621,0.0,W1
QSO_61.8759774-56.5546846,58116.70166800001,18.559,0.0,W1
QSO_61.8759774-56.5546846,58475.46546049997,18.398,0.0,W1
QSO_61.8759774-56.5546846,59775.42147450004,17.848,0.0,W1
QSO_61.8759774-56.5546846,59936.14612200001,18.376,0.0113137084989847,W1
QSO_61.8759774-56.5546846,60141.57118800001,18.552,0.0,W1
QSO_61.8759774-56.5546846,55206.87257475006,18.5185,0.1021799442160738,W2
QSO_61.8759774-56.5546846,55393.56684450005,18.3545,0.0546945313222832,W2
QSO_61.8759774-56.5546846,55569.311826,18.426,0.0395403341101782,W2
QSO_61.8759774-56.5546846,56669.58564749998,17.855999999999998,0.0,W2
QSO_61.8759774-56.5546846,56859.29833950001,18.248,0.0,W2
QSO_61.8759774-56.5546846,57032.38082909489,18.628,0.0,W2
QSO_61.8759774-56.5546846,58116.70166800001,18.079,0.0,W2
QSO_61.8759774-56.5546846,58475.46546049997,17.707,0.0,W2
QSO_61.8759774-56.5546846,59775.42147450004,17.99,0.0,W2
QSO_61.8759774-56.5546846,59936.14612200001,18.087,0.0077781745930514,W2
QSO_61.8759774-56.5546846,60141.57118800001,18.017,0.0,W2
QSO_62.168416-56.6995924,55207.302289250016,18.035,0.0758637244504907,W1
QSO_62.168416-56.6995924,55393.66603325002,18.081000000000003,0.0370871922093316,W1
QSO_62.168416-56.6995924,55569.41094174999,18.079,0.0305085129000906,W1
QSO_62.168416-56.6995924,56669.65142050004,18.024,0.0239512527290042,W1
QSO_62.168416-56.6995924,56857.68781350007,18.001,0.0190486656228865,W1
QSO_62.168416-56.6995924,57033.13581339282,17.991,0.039015559989353,W1
QSO_62.168416-56.6995924,57220.29750911438,18.0165,0.0278115080581536,W1
QSO_62.168416-56.6995924,57392.82388030514,18.0235,0.025748543796355,W1
QSO_62.168416-56.6995924,57584.668758238586,18.101,0.0277995815035195,W1
QSO_62.168416-56.6995924,57752.94630908149,18.009,0.0276238328505915,W1
QSO_62.168416-56.6995924,57950.03697400007,18.0255,0.0176872705052568,W1
QSO_62.168416-56.6995924,58114.01972099995,18.06,0.0369163274382712,W1
QSO_62.168416-56.6995924,58315.675578,18.0405,0.0270156084321329,W1
QSO_62.168416-56.6995924,58476.18469300004,18.055,0.038435057490719,W1
QSO_62.168416-56.6995924,58679.858416,18.099,0.0330855171661838,W1
QSO_62.168416-56.6995924,58840.249708999945,18.0075,0.0287104532088364,W1
QSO_62.168416-56.6995924,59046.9790624,18.015,0.0282651740486415,W1
QSO_62.168416-56.6995924,59206.08297729999,18.0405,0.0236138604935196,W1
QSO_62.168416-56.6995924,59411.47982849999,18.041,0.0201112903613865,W1
QSO_62.168416-56.6995924,59572.003744250025,18.118,0.0536209853457063,W1
QSO_62.168416-56.6995924,59775.42158399996,18.032,0.0346305910372308,W1
QSO_62.168416-56.6995924,59936.01581699997,18.058,0.0353444796395885,W1
QSO_62.168416-56.6995924,60142.25167575001,18.066000000000003,0.0309491596213776,W1
QSO_62.168416-56.6995924,60302.41387650001,18.054,0.053543009736757,W1
QSO_62.168416-56.6995924,60506.62519180001,17.8975,0.0470890220752141,W1
QSO_62.168416-56.6995924,55207.302289250016,18.608,0.0754700763341008,W2
QSO_62.168416-56.6995924,55393.66603325002,18.506,0.045809510983639,W2
QSO_62.168416-56.6995924,55569.41094174999,18.502,0.0361179229659597,W2
QSO_62.168416-56.6995924,56669.65142050004,18.493,0.0399719277586953,W2
QSO_62.168416-56.6995924,56857.68781350007,18.366,0.0425623261454902,W2
QSO_62.168416-56.6995924,57033.13581339282,18.346,0.0598143568771724,W2
QSO_62.168416-56.6995924,57220.29750911438,18.3055,0.0611162832086686,W2
QSO_62.168416-56.6995924,57392.82388030514,18.324,0.0458255373653369,W2
QSO_62.168416-56.6995924,57584.668758238586,18.397,0.0524391487165099,W2
QSO_62.168416-56.6995924,57752.94630908149,18.374,0.0453365224576685,W2
QSO_62.168416-56.6995924,57950.03697400007,18.3745,0.0386567058822688,W2
QSO_62.168416-56.6995924,58114.01972099995,18.2275,0.0588228230512507,W2
QSO_62.168416-56.6995924,58315.675578,18.326,0.0538663684328927,W2
QSO_62.168416-56.6995924,58476.18469300004,18.341,0.0745568345247035,W2
QSO_62.168416-56.6995924,58679.858416,18.2615,0.0659850329921211,W2
QSO_62.168416-56.6995924,58840.249708999945,18.263,0.0525031598108481,W2
QSO_62.168416-56.6995924,59046.9790624,18.216,0.0558640372332684,W2
QSO_62.168416-56.6995924,59206.08297729999,18.283,0.0432365943566057,W2
QSO_62.168416-56.6995924,59411.47982849999,18.226,0.0636222330950431,W2
QSO_62.168416-56.6995924,59572.003744250025,18.206000000000003,0.0670537546936673,W2
QSO_62.168416-56.6995924,59775.42158399996,18.303,0.0635397311831251,W2
QSO_62.168416-56.6995924,59936.01581699997,18.367,0.0666823921340599,W2
QSO_62.168416-56.6995924,60142.25167575001,18.2565,0.0386508777434846,W2
QSO_62.168416-56.6995924,60302.41387650001,18.274,0.087575319036382,W2
QSO_62.168416-56.6995924,60506.62519180001,18.1825,0.121290477779585,W2
QSO_62.0394439-56.7312327,55206.442714249984,18.2425,0.056897108889644,W1
QSO_62.0394439-56.7312327,55393.43467800002,18.33,0.0277334856828606,W1
QSO_62.0394439-56.7312327,55569.11355799998,18.373,0.0321376498717165,W1
QSO_62.0394439-56.7312327,56669.388146,18.268,0.029890745274436,W1
QSO_62.0394439-56.7312327,56857.26050800003,18.231,0.0231816091204445,W1
QSO_62.0394439-56.7312327,57032.84032762408,18.217,0.0428771170726156,W1
QSO_62.0394439-56.7312327,57219.77305883111,18.2975,0.0264475308656383,W1
QSO_62.0394439-56.7312327,57392.593885890594,18.342,0.0374286938003435,W1
QSO_62.0394439-56.7312327,57584.471795326026,18.271,0.0374965800909699,W1
QSO_62.0394439-56.7312327,57752.71660746693,18.274,0.0350029498794652,W1
QSO_62.0394439-56.7312327,57949.6771205,18.24,0.0253973088981676,W1
QSO_62.0394439-56.7312327,58113.69268100003,18.345,0.0372460429912681,W1
QSO_62.0394439-56.7312327,58315.31597999998,18.254,0.0414496499073148,W1
QSO_62.0394439-56.7312327,58475.98861500002,18.271,0.0427622998518791,W1
QSO_62.0394439-56.7312327,58679.433519499966,18.351,0.0358686100093104,W1
QSO_62.0394439-56.7312327,58840.18430100001,18.3065,0.0431610243557482,W1
QSO_62.0394439-56.7312327,59046.61868049992,18.295,0.0394825874360856,W1
QSO_62.0394439-56.7312327,59205.3622318,18.3805,0.053777312096239,W1
QSO_62.0394439-56.7312327,59410.92468175,18.3455,0.0468240977605319,W1
QSO_62.0394439-56.7312327,59571.61206274995,18.238,0.0389037496407622,W1
QSO_62.0394439-56.7312327,59775.226017000015,18.25,0.0413347380780964,W1
QSO_62.0394439-56.7312327,59935.62530349999,18.257,0.0416542767385125,W1
QSO_62.0394439-56.7312327,60141.92770174995,18.2175,0.0301003113063758,W1
QSO_62.0394439-56.7312327,60302.091417250034,18.363,0.0604572724087795,W1
QSO_62.0394439-56.7312327,60506.657088699976,18.413,0.0588294970420641,W1
QSO_62.0394439-56.7312327,55206.442714249984,18.5535,0.0786080721045872,W2
QSO_62.0394439-56.7312327,55393.43467800002,18.5495,0.0517413435955606,W2
QSO_62.0394439-56.7312327,55569.11355799998,18.604,0.0400299105393021,W2
QSO_62.0394439-56.7312327,56669.388146,18.337,0.0443610235247482,W2
QSO_62.0394439-56.7312327,56857.26050800003,18.326,0.0263767978714214,W2
QSO_62.0394439-56.7312327,57032.84032762408,18.404,0.0461984981564951,W2
QSO_62.0394439-56.7312327,57219.77305883111,18.3985,0.0510901324095918,W2
QSO_62.0394439-56.7312327,57392.593885890594,18.485,0.0479671880511644,W2
QSO_62.0394439-56.7312327,57584.471795326026,18.4245,0.0483223225005985,W2
QSO_62.0394439-56.7312327,57752.71660746693,18.441,0.0528401312679109,W2
QSO_62.0394439-56.7312327,57949.6771205,18.32,0.0483465548368408,W2
QSO_62.0394439-56.7312327,58113.69268100003,18.452,0.055041182182923,W2
QSO_62.0394439-56.7312327,58315.31597999998,18.459,0.0645541880811499,W2
QSO_62.0394439-56.7312327,58475.98861500002,18.452,0.0526620786214359,W2
QSO_62.0394439-56.7312327,58679.433519499966,18.239,0.0677145557173641,W2
QSO_62.0394439-56.7312327,58840.18430100001,18.425,0.0716690101890934,W2
QSO_62.0394439-56.7312327,59046.61868049992,18.3575,0.0597673240953105,W2
QSO_62.0394439-56.7312327,59205.3622318,18.3975,0.0481701705761287,W2
QSO_62.0394439-56.7312327,59410.92468175,18.156,0.065392056659751,W2
QSO_62.0394439-56.7312327,59571.61206274995,18.4005,0.0667995680500006,W2
QSO_62.0394439-56.7312327,59775.226017000015,18.356,0.0525707240286222,W2
QSO_62.0394439-56.7312327,59935.62530349999,18.317,0.0847124685059674,W2
QSO_62.0394439-56.7312327,60141.92770174995,18.2755,0.0550663021241632,W2
QSO_62.0394439-56.7312327,60302.091417250034,18.329,0.0730248362475698,W2
QSO_62.0394439-56.7312327,60506.657088699976,17.969,0.0909537778163945,W2
QSO_62.1050478-56.537274,55208.26105300001,17.743000000000002,0.0759969315675426,W1
QSO_62.1050478-56.537274,55393.86430125003,17.810000000000002,0.0236103912443788,W1
QSO_62.1050478-56.537274,55569.60928274998,17.85,0.0266167663797641,W1
QSO_62.1050478-56.537274,56669.783148999966,17.731,0.0242383685771884,W1
QSO_62.1050478-56.537274,56857.72064525001,17.7875,0.0155146152366491,W1
QSO_62.1050478-56.537274,57033.10298164067,17.768,0.0182321199588278,W1
QSO_62.1050478-56.537274,57220.39582187059,17.732,0.0300219674513364,W1
QSO_62.1050478-56.537274,57393.0538747196,17.842,0.0225226948026343,W1
QSO_62.1050478-56.537274,57584.800042446856,17.759,0.0253447670087018,W1
QSO_62.1050478-56.537274,57753.11038433675,17.728,0.0222630052614927,W1
QSO_62.1050478-56.537274,57950.92009149993,17.864,0.0203741263518003,W1
QSO_62.1050478-56.537274,58114.87007975001,17.851,0.0249081009876242,W1
QSO_62.1050478-56.537274,58316.29680800001,17.817999999999998,0.0254903523972417,W1
QSO_62.1050478-56.537274,58476.31550899999,17.8045,0.0247636045661998,W1
QSO_62.1050478-56.537274,58680.05453049997,17.7885,0.0286105529611144,W1
QSO_62.1050478-56.537274,58840.44580525002,17.728,0.0285338169710521,W1
QSO_62.1050478-56.537274,59047.63431220001,17.822,0.0269374544350917,W1
QSO_62.1050478-56.537274,59206.14850960001,17.755,0.0267760845874125,W1
QSO_62.1050478-56.537274,59411.67528600001,17.839,0.0281910932669483,W1
QSO_62.1050478-56.537274,59572.199731000015,17.814999999999998,0.0194355356262413,W1
QSO_62.1050478-56.537274,59775.84522124995,17.8295,0.0268816620265107,W1
QSO_62.1050478-56.537274,59936.08104250001,17.831500000000002,0.0254216972016923,W1
QSO_62.1050478-56.537274,60142.54325599998,17.82,0.0337146880503598,W1
QSO_62.1050478-56.537274,60302.54301349996,17.778,0.0351063537905592,W1
QSO_62.1050478-56.537274,60506.97699099997,17.8405,0.0564274977293871,W1
QSO_62.1050478-56.537274,55208.26105300001,18.416,0.084392349102899,W2
QSO_62.1050478-56.537274,55393.86430125003,18.5115,0.0420079749924101,W2
QSO_62.1050478-56.537274,55569.60928274998,18.3885,0.0507774125230867,W2
QSO_62.1050478-56.537274,56669.783148999966,18.36,0.0340907952247868,W2
QSO_62.1050478-56.537274,56857.72064525001,18.372,0.0407278129039784,W2
QSO_62.1050478-56.537274,57033.10298164067,18.392,0.0635418892712225,W2
QSO_62.1050478-56.537274,57220.39582187059,18.266,0.050729736756566,W2
QSO_62.1050478-56.537274,57393.0538747196,18.394,0.0302747452933419,W2
QSO_62.1050478-56.537274,57584.800042446856,18.199,0.0552425282596098,W2
QSO_62.1050478-56.537274,57753.11038433675,18.3,0.0577704279383921,W2
QSO_62.1050478-56.537274,57950.92009149993,18.309,0.0366338994271123,W2
QSO_62.1050478-56.537274,58114.87007975001,18.3455,0.0492067525678122,W2
QSO_62.1050478-56.537274,58316.29680800001,18.247,0.0631335017952075,W2
QSO_62.1050478-56.537274,58476.31550899999,18.265,0.0888835597691263,W2
QSO_62.1050478-56.537274,58680.05453049997,18.2785,0.0575725503652178,W2
QSO_62.1050478-56.537274,58840.44580525002,18.173,0.0596180469609455,W2
QSO_62.1050478-56.537274,59047.63431220001,18.198,0.0618695581360771,W2
QSO_62.1050478-56.537274,59206.14850960001,18.312,0.0523788997689546,W2
QSO_62.1050478-56.537274,59411.67528600001,18.154,0.0490491646190889,W2
QSO_62.1050478-56.537274,59572.199731000015,18.128,0.0979572423935073,W2
QSO_62.1050478-56.537274,59775.84522124995,18.31,0.0531465587953261,W2
QSO_62.1050478-56.537274,59936.08104250001,18.257,0.0621564756814268,W2
QSO_62.1050478-56.537274,60142.54325599998,18.239,0.054102630599985,W2
QSO_62.1050478-56.537274,60302.54301349996,18.3645,0.0393437282548495,W2
QSO_62.1050478-56.537274,60506.97699099997,18.012999999999998,0.1000156921281606,W2
QSO_61.9767598-56.7168222,55206.47572849999,18.243,0.076509195947101,W1
QSO_61.9767598-56.7168222,55393.4677105,18.29,0.0337631918662913,W1
QSO_61.9767598-56.7168222,55569.179623000025,18.313,0.0313316097070432,W1
QSO_61.9767598-56.7168222,56669.32222699999,18.187,0.041114244044043,W1
QSO_61.9767598-56.7168222,56856.80029775007,18.2005,0.029239712492176,W1
QSO_61.9767598-56.7168222,57032.77466411995,18.206,0.0387798661272925,W1
QSO_61.9767598-56.7168222,57219.8714263374,18.229,0.0430257478261563,W1
QSO_61.9767598-56.7168222,57392.5939956906,18.223,0.0354764791313312,W1
QSO_61.9767598-56.7168222,57584.27483241364,18.211,0.0350948633295676,W1
QSO_61.9767598-56.7168222,57752.58532325866,18.278,0.0382264881121362,W1
QSO_61.9767598-56.7168222,57949.6771205,18.196,0.0311423601310368,W1
QSO_61.9767598-56.7168222,58113.69268100003,18.26,0.0502679964913035,W1
QSO_61.9767598-56.7168222,58315.51205799999,18.247,0.0395953807406874,W1
QSO_61.9767598-56.7168222,58475.98861500002,18.208,0.0449124888181928,W1
QSO_61.9767598-56.7168222,58679.62963400001,18.256500000000003,0.0328546120050685,W1
QSO_61.9767598-56.7168222,58839.98829599996,18.184,0.0376579460900991,W1
QSO_61.9767598-56.7168222,59046.68421279994,18.201,0.0492206235699568,W1
QSO_61.9767598-56.7168222,59205.10013919996,18.187,0.0431744416728007,W1
QSO_61.9767598-56.7168222,59410.82677049996,18.254,0.0453938498036903,W1
QSO_61.9767598-56.7168222,59571.5467825,18.229,0.0451746320714925,W1
QSO_61.9767598-56.7168222,59774.99783724996,18.262,0.0216084382400626,W1
QSO_61.9767598-56.7168222,59935.62530349999,18.13,0.03750699523233,W1
QSO_61.9767598-56.7168222,60142.02484650004,18.292,0.0301254502477418,W1
QSO_61.9767598-56.7168222,60302.34947225,18.288000000000004,0.0656107464043183,W1
QSO_61.9767598-56.7168222,60506.52950109996,18.1815,0.0608251921493058,W1
QSO_61.9767598-56.7168222,55206.47572849999,18.591,0.0556804768360139,W2
QSO_61.9767598-56.7168222,55393.4677105,18.556,0.0468040266733728,W2
QSO_61.9767598-56.7168222,55569.179623000025,18.556,0.0345809471523018,W2
QSO_61.9767598-56.7168222,56669.32222699999,18.301,0.0399593045111867,W2
QSO_61.9767598-56.7168222,56856.80029775007,18.449,0.0336267444775011,W2
QSO_61.9767598-56.7168222,57032.77466411995,18.45,0.0514157799145561,W2
QSO_61.9767598-56.7168222,57219.8714263374,18.341,0.0396639273900102,W2
QSO_61.9767598-56.7168222,57392.5939956906,18.357,0.0519454754050792,W2
QSO_61.9767598-56.7168222,57584.27483241364,18.326,0.060844474724952,W2
QSO_61.9767598-56.7168222,57752.58532325866,18.377,0.040639583789814,W2
QSO_61.9767598-56.7168222,57949.6771205,18.279,0.0485393157855009,W2
QSO_61.9767598-56.7168222,58113.69268100003,18.409,0.0508635904190599,W2
QSO_61.9767598-56.7168222,58315.51205799999,18.389,0.0618936098801807,W2
QSO_61.9767598-56.7168222,58475.98861500002,18.414,0.0907354345579202,W2
QSO_61.9767598-56.7168222,58679.62963400001,18.239,0.0666714107514513,W2
QSO_61.9767598-56.7168222,58839.98829599996,18.253,0.0604396538758706,W2
QSO_61.9767598-56.7168222,59046.68421279994,18.166,0.0397872140266192,W2
QSO_61.9767598-56.7168222,59205.10013919996,18.331,0.0582179742042706,W2
QSO_61.9767598-56.7168222,59410.82677049996,18.333,0.0667197525175266,W2
QSO_61.9767598-56.7168222,59571.5467825,18.306,0.1053819547886838,W2
QSO_61.9767598-56.7168222,59774.99783724996,18.286,0.0336424150443243,W2
QSO_61.9767598-56.7168222,59935.62530349999,18.332,0.0633464889664972,W2
QSO_61.9767598-56.7168222,60142.02484650004,18.393,0.0564649115544701,W2
QSO_61.9767598-56.7168222,60302.34947225,18.3355,0.0719931260891039,W2
QSO_61.9767598-56.7168222,60506.52950109996,18.0865,0.0998010220388552,W2
QSO_61.8765083-56.6857805,55206.37661275,18.4485,0.060955670367899,W1
QSO_61.8765083-56.6857805,55393.43467800002,18.475,0.0442260541135274,W1
QSO_61.8765083-56.6857805,55568.84926150004,18.49,0.0343576452024222,W1
QSO_61.8765083-56.6857805,56669.32229999996,18.256500000000003,0.0429056413142208,W1
QSO_61.8765083-56.6857805,56856.89892074996,18.322,0.0317899974882188,W1
QSO_61.8765083-56.6857805,57032.70914661577,18.473,0.0597417931374626,W1
QSO_61.8765083-56.6857805,57219.641914322754,18.343,0.0338899832245895,W1
QSO_61.8765083-56.6857805,57392.56114718851,18.4065,0.0474133086876084,W1
QSO_61.8765083-56.6857805,57584.14354820537,18.361,0.0434830496098208,W1
QSO_61.8765083-56.6857805,57752.65091046275,18.356,0.0336832530829118,W1
QSO_61.8765083-56.6857805,57950.06967800003,18.337,0.0318914919572487,W1
QSO_61.8765083-56.6857805,58113.758089000046,18.44,0.0441243893407475,W1
QSO_61.8765083-56.6857805,58315.47940875003,18.3235,0.0416747991061859,W1
QSO_61.8765083-56.6857805,58475.98861500002,18.415,0.058625552657389,W1
QSO_61.8765083-56.6857805,58679.53157675003,18.353,0.0382701114121467,W1
QSO_61.8765083-56.6857805,58840.118965999965,18.329,0.0559867417168168,W1
QSO_61.8765083-56.6857805,59046.52035460003,18.348,0.0457348352324709,W1
QSO_61.8765083-56.6857805,59205.2312038,18.374,0.0440306497551397,W1
QSO_61.8765083-56.6857805,59410.92468175,18.3095,0.0459642257543652,W1
QSO_61.8765083-56.6857805,59571.61206274995,18.4885,0.0689707653452042,W1
QSO_61.8765083-56.6857805,59774.997782500046,18.4345,0.0335769752256829,W1
QSO_61.8765083-56.6857805,59935.7554625,18.34,0.043416272716005,W1
QSO_61.8765083-56.6857805,60141.96007724999,18.278,0.0490161378457632,W1
QSO_61.8765083-56.6857805,60302.220444749975,18.492,0.0597348246095777,W1
QSO_61.8765083-56.6857805,60506.6890588,18.19,0.1187093949060369,W1
QSO_61.8765083-56.6857805,55206.37661275,18.859,0.1068196128409945,W2
QSO_61.8765083-56.6857805,55393.43467800002,18.579,0.0316791329629848,W2
QSO_61.8765083-56.6857805,55568.84926150004,18.518,0.0341960344462934,W2
QSO_61.8765083-56.6857805,56669.32229999996,18.4595,0.0443130186746358,W2
QSO_61.8765083-56.6857805,56856.89892074996,18.34,0.0387947930005969,W2
QSO_61.8765083-56.6857805,57032.70914661577,18.35,0.0576847022110406,W2
QSO_61.8765083-56.6857805,57219.641914322754,18.3815,0.0441021075334148,W2
QSO_61.8765083-56.6857805,57392.56114718851,18.4725,0.0425012980920133,W2
QSO_61.8765083-56.6857805,57584.14354820537,18.357,0.0519632839033712,W2
QSO_61.8765083-56.6857805,57752.65091046275,18.381,0.0495168379853359,W2
QSO_61.8765083-56.6857805,57950.06967800003,18.269,0.0505014866477722,W2
QSO_61.8765083-56.6857805,58113.758089000046,18.3355,0.0566908172540574,W2
QSO_61.8765083-56.6857805,58315.47940875003,18.503,0.0855104002444289,W2
QSO_61.8765083-56.6857805,58475.98861500002,18.382,0.0499627868845903,W2
QSO_61.8765083-56.6857805,58679.53157675003,18.001,0.0540335985018428,W2
QSO_61.8765083-56.6857805,58840.118965999965,18.243,0.0612087840760256,W2
QSO_61.8765083-56.6857805,59046.52035460003,18.189,0.0504687309261006,W2
QSO_61.8765083-56.6857805,59205.2312038,18.422,0.0486692323009352,W2
QSO_61.8765083-56.6857805,59410.92468175,18.2205,0.0509235603768798,W2
QSO_61.8765083-56.6857805,59571.61206274995,18.158,0.092600193943465,W2
QSO_61.8765083-56.6857805,59774.997782500046,18.2675,0.0587294114411303,W2
QSO_61.8765083-56.6857805,59935.7554625,18.452,0.0635848381083486,W2
QSO_61.8765083-56.6857805,60141.96007724999,18.343,0.0508912638490301,W2
QSO_61.8765083-56.6857805,60302.220444749975,18.297,0.0549023915212462,W2
QSO_61.8765083-56.6857805,60506.6890588,17.687,0.1303265709253613,W2
QSO_61.9435264-56.6433829,55206.47587450002,18.08,0.0788609508101583,W1
QSO_61.9435264-56.6433829,55393.50074299998,18.065,0.0306445284625238,W1
QSO_61.9435264-56.6433829,55569.04752949997,18.0835,0.0246907391612109,W1
QSO_61.9435264-56.6433829,56669.388146,17.974,0.0261649337242967,W1
QSO_61.9435264-56.6433829,56857.39201750003,17.932000000000002,0.0208290570063787,W1
QSO_61.9435264-56.6433829,57032.80749587201,17.966,0.0298298841929833,W1
QSO_61.9435264-56.6433829,57220.03523834781,18.0455,0.033933101740317,W1
QSO_61.9435264-56.6433829,57392.69252289681,18.0045,0.0246678496789776,W1
QSO_61.9435264-56.6433829,57584.20919030955,18.003,0.0285051773454937,W1
QSO_61.9435264-56.6433829,57752.74940106901,17.991,0.028566291080767,W1
QSO_61.9435264-56.6433829,57949.840640500006,18.024,0.0265301941191541,W1
QSO_61.9435264-56.6433829,58113.95431300002,17.982,0.0328769796340002,W1
QSO_61.9435264-56.6433829,58315.61016999998,17.991999999999997,0.0349055503542011,W1
QSO_61.9435264-56.6433829,58476.05395000006,17.996,0.0338186202272368,W1
QSO_61.9435264-56.6433829,58679.825712000034,18.101,0.0435497250878993,W1
QSO_61.9435264-56.6433829,58840.249782,17.951,0.0473510451994619,W1
QSO_61.9435264-56.6433829,59046.913511800005,17.963,0.0381378360481316,W1
QSO_61.9435264-56.6433829,59205.4932598,18.042,0.0363458621578853,W1
QSO_61.9435264-56.6433829,59411.08789150004,17.988999999999997,0.0304531787503374,W1
QSO_61.9435264-56.6433829,59571.5467825,17.968,0.036179306155602,W1
QSO_61.9435264-56.6433829,59775.226017000015,17.987000000000002,0.0336530659074488,W1
QSO_61.9435264-56.6433829,59935.82056025006,17.9525,0.0402751151279857,W1
QSO_61.9435264-56.6433829,60142.219282,18.041,0.0271820105942643,W1
QSO_61.9435264-56.6433829,60302.15593099996,17.962,0.0501670088340621,W1
QSO_61.9435264-56.6433829,60506.6890588,18.09,0.0672257597938824,W1
QSO_61.9435264-56.6433829,55206.47587450002,18.507,0.1243253514087751,W2
QSO_61.9435264-56.6433829,55393.50074299998,18.433,0.0485791575897822,W2
QSO_61.9435264-56.6433829,55569.04752949997,18.563,0.0384365680854068,W2
QSO_61.9435264-56.6433829,56669.388146,18.303,0.0487622518057378,W2
QSO_61.9435264-56.6433829,56857.39201750003,18.289,0.0424040569145146,W2
QSO_61.9435264-56.6433829,57032.80749587201,18.264,0.044189266617355,W2
QSO_61.9435264-56.6433829,57220.03523834781,18.291,0.0610952568134209,W2
QSO_61.9435264-56.6433829,57392.69252289681,18.366,0.0554788287685445,W2
QSO_61.9435264-56.6433829,57584.20919030955,18.347,0.0423107253453311,W2
QSO_61.9435264-56.6433829,57752.74940106901,18.311,0.0473873933718978,W2
QSO_61.9435264-56.6433829,57949.840640500006,18.308,0.037444878314664,W2
QSO_61.9435264-56.6433829,58113.95431300002,18.468,0.0519544388045441,W2
QSO_61.9435264-56.6433829,58315.61016999998,18.35,0.0791051788447513,W2
QSO_61.9435264-56.6433829,58476.05395000006,18.2585,0.0639746405197374,W2
QSO_61.9435264-56.6433829,58679.825712000034,18.125,0.0730664120666426,W2
QSO_61.9435264-56.6433829,58840.249782,18.401,0.0819140362412531,W2
QSO_61.9435264-56.6433829,59046.913511800005,18.098,0.0585693594152927,W2
QSO_61.9435264-56.6433829,59205.4932598,18.397,0.0607354478373214,W2
QSO_61.9435264-56.6433829,59411.08789150004,18.291,0.0608517127450001,W2
QSO_61.9435264-56.6433829,59571.5467825,18.369,0.0920485366020452,W2
QSO_61.9435264-56.6433829,59775.226017000015,18.144,0.0546694509044309,W2
QSO_61.9435264-56.6433829,59935.82056025006,18.3755,0.0580627914724115,W2
QSO_61.9435264-56.6433829,60142.219282,18.202,0.0477225347341944,W2
QSO_61.9435264-56.6433829,60302.15593099996,18.24,0.0887536710492488,W2
QSO_61.9435264-56.6433829,60506.6890588,18.009,0.1021404801533183,W2
QSO_61.9479827-56.5339739,55207.33537649999,18.2585,0.0474548733008528,W1
QSO_61.9479827-56.5339739,55393.73206174995,18.104,0.0281626868812805,W1
QSO_61.9479827-56.5339739,55569.41101474997,18.207,0.0308596052206602,W1
QSO_61.9479827-56.5339739,56669.75024424997,18.009999999999998,0.0223453713719011,W1
QSO_61.9479827-56.5339739,56857.65492700003,18.08,0.0230931366141043,W1
QSO_61.9479827-56.5339739,57033.10309114068,18.0615,0.0360876363869954,W1
QSO_61.9479827-56.5339739,57220.26475036229,18.058,0.0263054739079778,W1
QSO_61.9479827-56.5339739,57392.72542629891,18.0535,0.0342185307905288,W1
QSO_61.9479827-56.5339739,57584.7015335407,18.012999999999998,0.032274123147969,W1
QSO_61.9479827-56.5339739,57752.9135154794,18.046,0.0349027373439663,W1
QSO_61.9479827-56.5339739,57950.20049399998,18.108,0.0245249271989089,W1
QSO_61.9479827-56.5339739,58115.52421450002,18.072,0.0372045396666895,W1
QSO_61.9479827-56.5339739,58315.64287400003,18.112,0.0370461694843205,W1
QSO_61.9479827-56.5339739,58476.11939450003,18.13,0.0468404144408961,W1
QSO_61.9479827-56.5339739,58679.89111999997,18.05,0.0364861357650501,W1
QSO_61.9479827-56.5339739,58840.249782,18.08,0.037625507502422,W1
QSO_61.9479827-56.5339739,59047.17556780001,18.085,0.0387471276870943,W1
QSO_61.9479827-56.5339739,59206.01744499998,18.052,0.0316680022821361,W1
QSO_61.9479827-56.5339739,59411.61018824995,18.041,0.0286021900250645,W1
QSO_61.9479827-56.5339739,59571.93861000002,18.085,0.0246634515900185,W1
QSO_61.9479827-56.5339739,59775.486736500025,18.078,0.0324850232610334,W1
QSO_61.9479827-56.5339739,59935.75553550006,18.124,0.0451856819093104,W1
QSO_61.9479827-56.5339739,60142.28406950003,18.043,0.0379959526265627,W1
QSO_61.9479827-56.5339739,60302.54301349996,18.042,0.0407990991488766,W1
QSO_61.9479827-56.5339739,60506.62511860004,17.997,0.0796640906992525,W1
QSO_61.9479827-56.5339739,55207.33537649999,18.558,0.0714812761463178,W2
QSO_61.9479827-56.5339739,55393.73206174995,18.4685,0.0505465945582444,W2
QSO_61.9479827-56.5339739,55569.41101474997,18.451,0.0406181148011574,W2
QSO_61.9479827-56.5339739,56669.75024424997,18.2975,0.0472884136050184,W2
QSO_61.9479827-56.5339739,56857.65492700003,18.42,0.0318471773447198,W2
QSO_61.9479827-56.5339739,57033.10309114068,18.439,0.063340751621685,W2
QSO_61.9479827-56.5339739,57220.26475036229,18.389,0.0542550079522644,W2
QSO_61.9479827-56.5339739,57392.72542629891,18.337,0.0486349945351174,W2
QSO_61.9479827-56.5339739,57584.7015335407,18.3085,0.0425642281560293,W2
QSO_61.9479827-56.5339739,57752.9135154794,18.314,0.0541245905018408,W2
QSO_61.9479827-56.5339739,57950.20049399998,18.2355,0.0425200289165729,W2
QSO_61.9479827-56.5339739,58115.52421450002,18.26,0.0541264884138177,W2
QSO_61.9479827-56.5339739,58315.64287400003,18.414,0.0601273955057913,W2
QSO_61.9479827-56.5339739,58476.11939450003,18.226,0.0507818616839109,W2
QSO_61.9479827-56.5339739,58679.89111999997,18.165,0.0672219397507836,W2
QSO_61.9479827-56.5339739,58840.249782,18.482,0.0688285255248572,W2
QSO_61.9479827-56.5339739,59047.17556780001,18.331,0.0730325796887937,W2
QSO_61.9479827-56.5339739,59206.01744499998,18.394,0.0602004425105301,W2
QSO_61.9479827-56.5339739,59411.61018824995,18.1645,0.0559358742874957,W2
QSO_61.9479827-56.5339739,59571.93861000002,18.495,0.0845516650881888,W2
QSO_61.9479827-56.5339739,59775.486736500025,18.126,0.0594940880442642,W2
QSO_61.9479827-56.5339739,59935.75553550006,18.2235,0.0809635440120082,W2
QSO_61.9479827-56.5339739,60142.28406950003,18.326,0.0645875311805615,W2
QSO_61.9479827-56.5339739,60302.54301349996,18.244,0.1024333761229804,W2
QSO_61.9479827-56.5339739,60506.62511860004,18.002,0.0836559314621783,W2
QSO_61.9063829-56.6900178,55206.409699999975,18.203,0.0619910649068062,W1
QSO_61.9063829-56.6900178,55393.50074299998,18.1455,0.0262280481805954,W1
QSO_61.9063829-56.6900178,55569.01451524997,18.200000000000003,0.0243175375398086,W1
QSO_61.9063829-56.6900178,56669.32237300002,18.164,0.0317874197271343,W1
QSO_61.9063829-56.6900178,56856.76741124996,18.166,0.0306674017336158,W1
QSO_61.9063829-56.6900178,57032.70900061574,18.141,0.0382727858008128,W1
QSO_61.9063829-56.6900178,57219.90418508949,18.117,0.0390503208124536,W1
QSO_61.9063829-56.6900178,57392.65958289477,18.166,0.0272038256758836,W1
QSO_61.9063829-56.6900178,57584.176341807375,18.1375,0.0332693200449002,W1
QSO_61.9063829-56.6900178,57752.61811686066,18.145,0.0309865196350441,W1
QSO_61.9063829-56.6900178,57949.807936500045,18.109,0.027049107983536,W1
QSO_61.9063829-56.6900178,58113.62727300001,18.1955,0.0277796192355663,W1
QSO_61.9063829-56.6900178,58315.54476200004,18.055,0.0313085821411634,W1
QSO_61.9063829-56.6900178,58475.923207,18.2305,0.0749173616993043,W1
QSO_61.9063829-56.6900178,58679.36811150003,18.144,0.0385011039389837,W1
QSO_61.9063829-56.6900178,58840.118965999965,18.167,0.0436898287915287,W1
QSO_61.9063829-56.6900178,59046.65141919997,18.259,0.0461602491853731,W1
QSO_61.9063829-56.6900178,59204.96911119997,18.225,0.032154521060188,W1
QSO_61.9063829-56.6900178,59411.02261125,18.1725,0.0342124876386284,W1
QSO_61.9063829-56.6900178,59571.5467825,18.084,0.0638120480903213,W1
QSO_61.9063829-56.6900178,59774.965260999976,18.143,0.0375158384712473,W1
QSO_61.9063829-56.6900178,59935.56020575001,18.1365,0.0527731122353041,W1
QSO_61.9063829-56.6900178,60141.96009549996,18.1485,0.0284985071608016,W1
QSO_61.9063829-56.6900178,60302.15593099996,18.192,0.0418969812401446,W1
QSO_61.9063829-56.6900178,60506.36966890008,18.097,0.096511647208381,W1
QSO_61.9063829-56.6900178,55206.409699999975,18.517,0.1152299260611508,W2
QSO_61.9063829-56.6900178,55393.50074299998,18.481,0.039536698311802,W2
QSO_61.9063829-56.6900178,55569.01451524997,18.4215,0.0398642421224836,W2
QSO_61.9063829-56.6900178,56669.32237300002,18.3695,0.0403111511318175,W2
QSO_61.9063829-56.6900178,56856.76741124996,18.329500000000003,0.0389111853275831,W2
QSO_61.9063829-56.6900178,57032.70900061574,18.379,0.0448715232564533,W2
QSO_61.9063829-56.6900178,57219.90418508949,18.2915,0.0539323049620404,W2
QSO_61.9063829-56.6900178,57392.65958289477,18.442,0.0438596606975381,W2
QSO_61.9063829-56.6900178,57584.176341807375,18.391,0.05186997310687,W2
QSO_61.9063829-56.6900178,57752.61811686066,18.3285,0.0453885706125413,W2
QSO_61.9063829-56.6900178,57949.807936500045,18.2835,0.0360571546437906,W2
QSO_61.9063829-56.6900178,58113.62727300001,18.201,0.05712927256827,W2
QSO_61.9063829-56.6900178,58315.54476200004,18.4215,0.0719451207872542,W2
QSO_61.9063829-56.6900178,58475.923207,18.381,0.0546165231373196,W2
QSO_61.9063829-56.6900178,58679.36811150003,18.295,0.0756018725499894,W2
QSO_61.9063829-56.6900178,58840.118965999965,18.332,0.0636193327478967,W2
QSO_61.9063829-56.6900178,59046.65141919997,18.035,0.0594413231751779,W2
QSO_61.9063829-56.6900178,59204.96911119997,18.371,0.0539759468183162,W2
QSO_61.9063829-56.6900178,59411.02261125,18.217,0.0538432848466448,W2
QSO_61.9063829-56.6900178,59571.5467825,18.393,0.0899630969610029,W2
QSO_61.9063829-56.6900178,59774.965260999976,18.267,0.0590020518296049,W2
QSO_61.9063829-56.6900178,59935.56020575001,18.450000000000003,0.0550764287150138,W2
QSO_61.9063829-56.6900178,60141.96009549996,18.286,0.0537896374609832,W2
QSO_61.9063829-56.6900178,60302.15593099996,18.234,0.0725354288912972,W2
QSO_61.9063829-56.6900178,60506.36966890008,18.03,0.09898341677713,W2
QSO_62.0808925-56.5564878,55208.26105300001,18.046,0.0471821035100426,W1
QSO_62.0808925-56.5564878,55393.79818149999,18.130000000000003,0.0328903610255143,W1
QSO_62.0808925-56.5564878,55569.44402899997,18.213,0.0224638909884313,W1
QSO_62.0808925-56.5564878,56669.81609025,18.114,0.0295236402452905,W1
QSO_62.0808925-56.5564878,56857.81925000001,18.144,0.0233427966409349,W1
QSO_62.0808925-56.5564878,57033.07014988861,18.0575,0.0236114689260061,W1
QSO_62.0808925-56.5564878,57220.39582187059,18.08,0.0329630365774071,W1
QSO_62.0808925-56.5564878,57392.98817771543,18.043,0.0319739185737308,W1
QSO_62.0808925-56.5564878,57584.7015335407,18.067,0.0383953767536494,W1
QSO_62.0808925-56.5564878,57752.97910268357,18.117,0.0324912690672073,W1
QSO_62.0808925-56.5564878,57950.92009149993,18.0985,0.0229086577687412,W1
QSO_62.0808925-56.5564878,58115.39339849999,18.109,0.0260949515464605,W1
QSO_62.0808925-56.5564878,58316.29680800001,18.073,0.0267226298107053,W1
QSO_62.0808925-56.5564878,58476.31550899999,18.19,0.0462723657914474,W1
QSO_62.0808925-56.5564878,58679.95641849998,18.086,0.0367810909452161,W1
QSO_62.0808925-56.5564878,58840.44580525002,18.0195,0.0441982146441955,W1
QSO_62.0808925-56.5564878,59047.5688348,18.095,0.0291677783864317,W1
QSO_62.0808925-56.5564878,59206.08297729999,18.094,0.033422071327969,W1
QSO_62.0808925-56.5564878,59411.7735075,18.128,0.0349024702157198,W1
QSO_62.0808925-56.5564878,59571.938463999984,18.07,0.0509827536726989,W1
QSO_62.0808925-56.5564878,59775.68234,18.076,0.0452013745330455,W1
QSO_62.0808925-56.5564878,59935.95086525002,18.078,0.0463304688696219,W1
QSO_62.0808925-56.5564878,60142.44611124998,18.094,0.0311975883725597,W1
QSO_62.0808925-56.5564878,60302.413986000014,18.126,0.048308036766447,W1
QSO_62.0808925-56.5564878,60506.81690259997,18.159,0.087927502409314,W1
QSO_62.0808925-56.5564878,55208.26105300001,18.485,0.0650342739647598,W2
QSO_62.0808925-56.5564878,55393.79818149999,18.558,0.0496379379399914,W2
QSO_62.0808925-56.5564878,55569.44402899997,18.595,0.0395717440458374,W2
QSO_62.0808925-56.5564878,56669.81609025,18.36,0.0411966058472459,W2
QSO_62.0808925-56.5564878,56857.81925000001,18.402,0.036878700338132,W2
QSO_62.0808925-56.5564878,57033.07014988861,18.354,0.0477589469474315,W2
QSO_62.0808925-56.5564878,57220.39582187059,18.25,0.0526025458242862,W2
QSO_62.0808925-56.5564878,57392.98817771543,18.364,0.0489494748634391,W2
QSO_62.0808925-56.5564878,57584.7015335407,18.481,0.0479766130320065,W2
QSO_62.0808925-56.5564878,57752.97910268357,18.288,0.0485427444714072,W2
QSO_62.0808925-56.5564878,57950.92009149993,18.3105,0.0350229565711097,W2
QSO_62.0808925-56.5564878,58115.39339849999,18.393,0.0475792498118775,W2
QSO_62.0808925-56.5564878,58316.29680800001,18.227,0.0455971578061615,W2
QSO_62.0808925-56.5564878,58476.31550899999,18.3755,0.075793818223252,W2
QSO_62.0808925-56.5564878,58679.95641849998,18.197,0.0631783397729875,W2
QSO_62.0808925-56.5564878,58840.44580525002,18.2455,0.0649787750803099,W2
QSO_62.0808925-56.5564878,59047.5688348,18.214,0.0476004275611049,W2
QSO_62.0808925-56.5564878,59206.08297729999,18.4655,0.0467904485346537,W2
QSO_62.0808925-56.5564878,59411.7735075,18.1625,0.0628013436046151,W2
QSO_62.0808925-56.5564878,59571.938463999984,18.134,0.0790437115752688,W2
QSO_62.0808925-56.5564878,59775.68234,18.273,0.0506101882702142,W2
QSO_62.0808925-56.5564878,59935.95086525002,18.524,0.0932770378796969,W2
QSO_62.0808925-56.5564878,60142.44611124998,18.181,0.0432576280162446,W2
QSO_62.0808925-56.5564878,60302.413986000014,18.295,0.080197277421276,W2
QSO_62.0808925-56.5564878,60506.81690259997,17.855,0.1007965197424311,W2
QSO_62.1366027-56.6580841,55207.302289250016,17.9105,0.0390622707993276,W1
QSO_62.1366027-56.6580841,55393.6991205,17.8675,0.0255677922950126,W1
QSO_62.1366027-56.6580841,55569.41094174999,17.986,0.0236932377379387,W1
QSO_62.1366027-56.6580841,56669.68438000004,17.826,0.0221450332838463,W1
QSO_62.1366027-56.6580841,56857.75353175004,17.8315,0.016753172391714,W1
QSO_62.1366027-56.6580841,57033.07014988861,17.8205,0.0285347254333303,W1
QSO_62.1366027-56.6580841,57220.199196358175,17.836,0.0186128013313784,W1
QSO_62.1366027-56.6580841,57392.79101350308,17.828,0.0239556314857985,W1
QSO_62.1366027-56.6580841,57584.73430884273,17.833,0.0234546798564478,W1
QSO_62.1366027-56.6580841,57753.011895889416,17.829,0.0252850224647633,W1
QSO_62.1366027-56.6580841,57950.00427000001,17.833,0.0205669759278148,W1
QSO_62.1366027-56.6580841,58114.08512899997,17.768,0.0222388334275565,W1
QSO_62.1366027-56.6580841,58315.675578,17.805,0.0210761315965934,W1
QSO_62.1366027-56.6580841,58476.250100999976,17.8575,0.0345818376123516,W1
QSO_62.1366027-56.6580841,58679.858416,17.839,0.032008367028862,W1
QSO_62.1366027-56.6580841,58840.380452000005,17.859,0.0261444109884159,W1
QSO_62.1366027-56.6580841,59047.17556780001,17.832,0.0281192887534518,W1
QSO_62.1366027-56.6580841,59205.95193100002,17.896,0.0268008424541095,W1
QSO_62.1366027-56.6580841,59411.47982849999,17.863,0.0345430535153065,W1
QSO_62.1366027-56.6580841,59571.938463999984,17.811999999999998,0.0447525233673693,W1
QSO_62.1366027-56.6580841,59775.51931275001,17.828,0.0266798705333316,W1
QSO_62.1366027-56.6580841,59935.88565800004,17.743000000000002,0.0297686798749033,W1
QSO_62.1366027-56.6580841,60142.31651799996,17.8515,0.0215532381343053,W1
QSO_62.1366027-56.6580841,60302.478499749945,17.796,0.031693081088605,W1
QSO_62.1366027-56.6580841,60506.72108379994,17.918,0.0761343614933495,W1
QSO_62.1366027-56.6580841,55207.302289250016,18.3725,0.0653853271001988,W2
QSO_62.1366027-56.6580841,55393.6991205,18.4895,0.0445526344189069,W2
QSO_62.1366027-56.6580841,55569.41094174999,18.4705,0.0341675067785678,W2
QSO_62.1366027-56.6580841,56669.68438000004,18.219,0.0489721948968582,W2
QSO_62.1366027-56.6580841,56857.75353175004,18.409,0.0398990513580744,W2
QSO_62.1366027-56.6580841,57033.07014988861,18.3115,0.054214534404906,W2
QSO_62.1366027-56.6580841,57220.199196358175,18.328,0.0544810513406983,W2
QSO_62.1366027-56.6580841,57392.79101350308,18.287,0.0438106128229036,W2
QSO_62.1366027-56.6580841,57584.73430884273,18.328,0.0493758723619965,W2
QSO_62.1366027-56.6580841,57753.011895889416,18.253,0.0475195622138732,W2
QSO_62.1366027-56.6580841,57950.00427000001,18.3425,0.0289214036136028,W2
QSO_62.1366027-56.6580841,58114.08512899997,18.321,0.048570537227502,W2
QSO_62.1366027-56.6580841,58315.675578,18.342,0.0558354582680218,W2
QSO_62.1366027-56.6580841,58476.250100999976,18.452,0.0653640387489278,W2
QSO_62.1366027-56.6580841,58679.858416,18.251,0.0539822440210611,W2
QSO_62.1366027-56.6580841,58840.380452000005,18.333,0.076922553114752,W2
QSO_62.1366027-56.6580841,59047.17556780001,18.13,0.0622012218529508,W2
QSO_62.1366027-56.6580841,59205.95193100002,18.345,0.0474037264489828,W2
QSO_62.1366027-56.6580841,59411.47982849999,18.062,0.0726038428749881,W2
QSO_62.1366027-56.6580841,59571.938463999984,18.253,0.0678113799438281,W2
QSO_62.1366027-56.6580841,59775.51931275001,18.1325,0.0521755573793113,W2
QSO_62.1366027-56.6580841,59935.88565800004,18.194,0.0730549905021205,W2
QSO_62.1366027-56.6580841,60142.31651799996,18.2805,0.0679986494963932,W2
QSO_62.1366027-56.6580841,60302.478499749945,18.325,0.0696876297540731,W2
QSO_62.1366027-56.6580841,60506.72108379994,18.1015,0.1417044671137787,W2
QSO_61.9552285-56.408202,55208.393402000016,18.4,0.0621424407724222,W1
QSO_61.9552285-56.408202,55394.09562,18.196,0.029761156312428,W1
QSO_61.9552285-56.408202,55569.67531124999,18.27,0.0315783033480631,W1
QSO_61.9552285-56.408202,56669.81609025,18.172,0.0260346073098439,W1
QSO_61.9552285-56.408202,56857.85208175004,18.194000000000003,0.0282369027556195,W1
QSO_61.9552285-56.408202,57033.3985221595,18.1435,0.0346230851618258,W1
QSO_61.9552285-56.408202,57220.4941163769,18.221,0.0250933699525626,W1
QSO_61.9552285-56.408202,57393.02102621752,18.168,0.0403945399425138,W1
QSO_61.9552285-56.408202,57585.12823466768,18.1425,0.0337651437341283,W1
QSO_61.9552285-56.408202,57753.30728779122,18.175,0.0248022147040824,W1
QSO_61.9552285-56.408202,57950.46212599997,18.214,0.02480931261617,W1
QSO_61.9552285-56.408202,58115.58962250004,18.1955,0.0305408481026379,W1
QSO_61.9552285-56.408202,58316.19869600002,18.1705,0.0401503348121248,W1
QSO_61.9552285-56.408202,58476.57706799992,18.225,0.0570367258890021,W1
QSO_61.9552285-56.408202,58680.41401899998,18.232,0.0442928018823486,W1
QSO_61.9552285-56.408202,58840.70730950003,18.178,0.0494940325348398,W1
QSO_61.9552285-56.408202,59047.56872499999,18.143,0.0429192992727456,W1
QSO_61.9552285-56.408202,59206.41058389999,18.2745,0.0282216697906518,W1
QSO_61.9552285-56.408202,59411.67528600001,18.152,0.0388529701265072,W1
QSO_61.9552285-56.408202,59572.59141250001,18.164,0.0759061658713988,W1
QSO_61.9552285-56.408202,59775.81264499996,18.147,0.0256630664495075,W1
QSO_61.9552285-56.408202,59936.08104250001,18.274,0.0296720558521159,W1
QSO_61.9552285-56.408202,60142.54325599998,18.168,0.0347820979857979,W1
QSO_61.9552285-56.408202,60302.80110499996,18.107,0.0262644592211949,W1
QSO_61.9552285-56.408202,60507.32882679997,18.177,0.0536559701388673,W1
QSO_61.9552285-56.408202,55208.393402000016,18.635,0.0920629011115874,W2
QSO_61.9552285-56.408202,55394.09562,18.449,0.0596094406579712,W2
QSO_61.9552285-56.408202,55569.67531124999,18.521,0.035788175174827,W2
QSO_61.9552285-56.408202,56669.81609025,18.3,0.0522857040867946,W2
QSO_61.9552285-56.408202,56857.85208175004,18.269,0.0419838217866221,W2
QSO_61.9552285-56.408202,57033.3985221595,18.361,0.0499898765996793,W2
QSO_61.9552285-56.408202,57220.4941163769,18.202,0.0500137041766429,W2
QSO_61.9552285-56.408202,57393.02102621752,18.3185,0.0466792908042344,W2
QSO_61.9552285-56.408202,57585.12823466768,18.276,0.0459246531044263,W2
QSO_61.9552285-56.408202,57753.30728779122,18.3895,0.0440908817970016,W2
QSO_61.9552285-56.408202,57950.46212599997,18.241,0.0429291559753662,W2
QSO_61.9552285-56.408202,58115.58962250004,18.461,0.0423731467399546,W2
QSO_61.9552285-56.408202,58316.19869600002,18.3695,0.0713629762939139,W2
QSO_61.9552285-56.408202,58476.57706799992,18.3345,0.0651515327695538,W2
QSO_61.9552285-56.408202,58680.41401899998,18.352,0.0390057305454546,W2
QSO_61.9552285-56.408202,58840.70730950003,18.2885,0.0572324711856609,W2
QSO_61.9552285-56.408202,59047.56872499999,18.312,0.0504493671671299,W2
QSO_61.9552285-56.408202,59206.41058389999,18.2865,0.0651978039838373,W2
QSO_61.9552285-56.408202,59411.67528600001,18.272,0.0622757905805562,W2
QSO_61.9552285-56.408202,59572.59141250001,18.534,0.0860163473787743,W2
QSO_61.9552285-56.408202,59775.81264499996,18.257,0.0516081273686192,W2
QSO_61.9552285-56.408202,59936.08104250001,18.2965,0.0675738685379982,W2
QSO_61.9552285-56.408202,60142.54325599998,18.246,0.0593234254797275,W2
QSO_61.9552285-56.408202,60302.80110499996,18.304,0.0654815945028266,W2
QSO_61.9552285-56.408202,60507.32882679997,18.107,0.0908223793851382,W2
QSO_62.0859161-56.348865,55208.49259074999,18.0375,0.0429443882369928,W1
QSO_62.0859161-56.348865,55394.45917825005,18.006999999999998,0.0222475641612989,W1
QSO_62.0859161-56.348865,55570.104861500025,18.0,0.0185004276335804,W1
QSO_62.0859161-56.348865,56670.27706699998,17.939999999999998,0.0266418844781093,W1
QSO_62.0859161-56.348865,56858.50953800003,17.965,0.015835773395077,W1
QSO_62.0859161-56.348865,57033.52984916784,17.9675,0.0223955430854354,W1
QSO_62.0859161-56.348865,57220.8874951518,17.958,0.0306139377601964,W1
QSO_62.0859161-56.348865,57393.41518994245,17.9705,0.0184806736980914,W1
QSO_62.0859161-56.348865,57585.22672527386,17.947,0.0240346319143048,W1
QSO_62.0859161-56.348865,57753.4713618036,17.9545,0.0232653575952549,W1
QSO_62.0859161-56.348865,57951.67253900004,17.939999999999998,0.0169443862593287,W1
QSO_62.0859161-56.348865,58115.78590125001,17.9975,0.0317666114176856,W1
QSO_62.0859161-56.348865,58316.52560824996,17.927999999999997,0.0237478109112592,W1
QSO_62.0859161-56.348865,58476.70788399995,17.948,0.0315704407597803,W1
QSO_62.0859161-56.348865,58680.41401899998,17.942999999999998,0.0310938433417971,W1
QSO_62.0859161-56.348865,58840.77264449999,17.958,0.0363374790061017,W1
QSO_62.0859161-56.348865,59047.765340200014,17.96,0.0297639825292248,W1
QSO_62.0859161-56.348865,59207.196605499965,17.9685,0.0272893901622899,W1
QSO_62.0859161-56.348865,59412.23083425,17.976,0.0365697734245725,W1
QSO_62.0859161-56.348865,59572.46085200001,17.9725,0.0470582767852178,W1
QSO_62.0859161-56.348865,59776.10594075004,17.93,0.020641281452468,W1
QSO_62.0859161-56.348865,59936.47157424996,17.956000000000003,0.0522850620080982,W1
QSO_62.0859161-56.348865,60142.93207224998,17.996,0.0246938283028371,W1
QSO_62.0859161-56.348865,60303.18818749996,17.911499999999997,0.060337491224132,W1
QSO_62.0859161-56.348865,60507.32882679997,17.982,0.0627529999899435,W1
QSO_62.0859161-56.348865,55208.49259074999,18.317,0.0764231449532673,W2
QSO_62.0859161-56.348865,55394.45917825005,18.4325,0.0492294627230482,W2
QSO_62.0859161-56.348865,55570.104861500025,18.502,0.0397875915888916,W2
QSO_62.0859161-56.348865,56670.27706699998,18.2735,0.0574019329210801,W2
QSO_62.0859161-56.348865,56858.50953800003,18.4655,0.0408399395891785,W2
QSO_62.0859161-56.348865,57033.52984916784,18.3735,0.0568089962932037,W2
QSO_62.0859161-56.348865,57220.8874951518,18.304,0.0591502105440665,W2
QSO_62.0859161-56.348865,57393.41518994245,18.4205,0.0466019943921267,W2
QSO_62.0859161-56.348865,57585.22672527386,18.286,0.0523818482366875,W2
QSO_62.0859161-56.348865,57753.4713618036,18.2165,0.0538756742711835,W2
QSO_62.0859161-56.348865,57951.67253900004,18.377,0.0335304421524493,W2
QSO_62.0859161-56.348865,58115.78590125001,18.401,0.0429226650155455,W2
QSO_62.0859161-56.348865,58316.52560824996,18.353,0.0582658082850612,W2
QSO_62.0859161-56.348865,58476.70788399995,18.285,0.0641902073220626,W2
QSO_62.0859161-56.348865,58680.41401899998,18.23,0.0647656396142834,W2
QSO_62.0859161-56.348865,58840.77264449999,18.325,0.062791901869375,W2
QSO_62.0859161-56.348865,59047.765340200014,18.282,0.0662081691636312,W2
QSO_62.0859161-56.348865,59207.196605499965,18.3555,0.0641584568601048,W2
QSO_62.0859161-56.348865,59412.23083425,18.123,0.0861492429151063,W2
QSO_62.0859161-56.348865,59572.46085200001,18.348,0.0676232057742287,W2
QSO_62.0859161-56.348865,59776.10594075004,18.2525,0.0472072185621542,W2
QSO_62.0859161-56.348865,59936.47157424996,18.3505,0.0518781695777519,W2
QSO_62.0859161-56.348865,60142.93207224998,18.3375,0.0564206168943781,W2
QSO_62.0859161-56.348865,60303.18818749996,18.206,0.0519250706592004,W2
QSO_62.0859161-56.348865,60507.32882679997,17.887999999999998,0.0738542155362891,W2
QSO_62.206362-56.6224253,55208.26105300001,18.261,0.0695573748764245,W1
QSO_62.206362-56.6224253,55393.86435599995,18.339,0.0316692139326367,W1
QSO_62.206362-56.6224253,55569.57612250002,18.488,0.0413090312763591,W1
QSO_62.206362-56.6224253,56669.75024424997,18.349,0.0349153380546076,W1
QSO_62.206362-56.6224253,56857.65492700003,18.308,0.0283649223259101,W1
QSO_62.206362-56.6224253,57033.33280390529,18.341,0.0373449324856351,W1
QSO_62.206362-56.6224253,57220.36304486853,18.412,0.0412809008837959,W1
QSO_62.206362-56.6224253,57392.98815941545,18.3095,0.0427647592022874,W1
QSO_62.206362-56.6224253,57584.76724884477,18.443,0.0313268046259071,W1
QSO_62.206362-56.6224253,57753.04474375218,18.3765,0.0358465151596949,W1
QSO_62.206362-56.6224253,57951.37805699997,18.323,0.0296776163192999,W1
QSO_62.206362-56.6224253,58114.215945,18.4735,0.0299481765726946,W1
QSO_62.206362-56.6224253,58315.839098,18.426,0.0447833464802405,W1
QSO_62.206362-56.6224253,58476.250100999976,18.267,0.0522764333278531,W1
QSO_62.206362-56.6224253,58680.0218265,18.368,0.0451602701270696,W1
QSO_62.206362-56.6224253,58840.511158500034,18.424,0.0584029527411833,W1
QSO_62.206362-56.6224253,59047.66710579998,18.3615,0.0415962425686904,W1
QSO_62.206362-56.6224253,59207.58948820002,18.4095,0.0311539033097151,W1
QSO_62.206362-56.6224253,59411.90437824996,18.453,0.0353219065232869,W1
QSO_62.206362-56.6224253,59571.938463999984,18.342,0.0570635561152116,W1
QSO_62.206362-56.6224253,59775.78006874997,18.393,0.0347914050307496,W1
QSO_62.206362-56.6224253,59936.08091475003,18.4265,0.0383045687906073,W1
QSO_62.206362-56.6224253,60142.38134199992,18.446,0.049641324671692,W1
QSO_62.206362-56.6224253,60302.54301349996,18.364,0.0633349822909373,W1
QSO_62.206362-56.6224253,60507.13713429998,18.4375,0.0778146711544486,W1
QSO_62.206362-56.6224253,55208.26105300001,18.461,0.0797516242012337,W2
QSO_62.206362-56.6224253,55393.86435599995,18.5535,0.0391773158099693,W2
QSO_62.206362-56.6224253,55569.57612250002,18.56,0.0458817572509105,W2
QSO_62.206362-56.6224253,56669.75024424997,18.4045,0.0490346645849513,W2
QSO_62.206362-56.6224253,56857.65492700003,18.339,0.0432884770651462,W2
QSO_62.206362-56.6224253,57033.33280390529,18.562,0.0671617015500099,W2
QSO_62.206362-56.6224253,57220.36304486853,18.381,0.0468699259969862,W2
QSO_62.206362-56.6224253,57392.98815941545,18.558,0.0440208252522126,W2
QSO_62.206362-56.6224253,57584.76724884477,18.2805,0.0597909199721087,W2
QSO_62.206362-56.6224253,57753.04474375218,18.3375,0.0462324966466618,W2
QSO_62.206362-56.6224253,57951.37805699997,18.354,0.0444414641736754,W2
QSO_62.206362-56.6224253,58114.215945,18.437,0.0444525675492287,W2
QSO_62.206362-56.6224253,58315.839098,18.243,0.0673403063333723,W2
QSO_62.206362-56.6224253,58476.250100999976,18.508,0.0627950599613979,W2
QSO_62.206362-56.6224253,58680.0218265,18.247,0.0540202838732318,W2
QSO_62.206362-56.6224253,58840.511158500034,18.416,0.0624028109528314,W2
QSO_62.206362-56.6224253,59047.66710579998,18.269,0.0551389632311281,W2
QSO_62.206362-56.6224253,59207.58948820002,18.28,0.0493688540215005,W2
QSO_62.206362-56.6224253,59411.90437824996,18.317,0.0530643608167372,W2
QSO_62.206362-56.6224253,59571.938463999984,18.399,0.0752171611890552,W2
QSO_62.206362-56.6224253,59775.78006874997,18.2095,0.0585739776535135,W2
QSO_62.206362-56.6224253,59936.08091475003,18.3135,0.0663652134234072,W2
QSO_62.206362-56.6224253,60142.38134199992,18.126,0.0523314207853268,W2
QSO_62.206362-56.6224253,60302.54301349996,18.431,0.1031136073554213,W2
QSO_62.206362-56.6224253,60507.13713429998,17.777,0.1008905657135493,W2
QSO_62.1163972-56.6100697,55207.302289250016,18.6145,0.1296576923576076,W1
QSO_62.1163972-56.6100697,55393.83121399997,18.5305,0.0309842010541198,W1
QSO_62.1163972-56.6100697,55569.378000500044,18.669,0.0296043803848702,W1
QSO_62.1163972-56.6100697,56669.71733949996,18.409,0.0379126082149322,W1
QSO_62.1163972-56.6100697,56857.65490874998,18.469,0.0305286741181681,W1
QSO_62.1163972-56.6100697,57033.00448638448,18.5095,0.0417550313002983,W1
QSO_62.1163972-56.6100697,57220.29750911438,18.4145,0.0342496787842772,W1
QSO_62.1163972-56.6100697,57392.98817771543,18.516,0.0341525535915935,W1
QSO_62.1163972-56.6100697,57584.800042446856,18.51,0.052723732796531,W1
QSO_62.1163972-56.6100697,57752.81506147317,18.476,0.0335869512801667,W1
QSO_62.1163972-56.6100697,57950.46212599997,18.457,0.0319375953358274,W1
QSO_62.1163972-56.6100697,58114.67385575004,18.4635,0.0363040840473702,W1
QSO_62.1163972-56.6100697,58315.839098,18.427,0.0508148510949871,W1
QSO_62.1163972-56.6100697,58476.44625200005,18.5755,0.0809045459411018,W1
QSO_62.1163972-56.6100697,58680.08723450002,18.587,0.0494056779718948,W1
QSO_62.1163972-56.6100697,58840.511158500034,18.521,0.0663583001590607,W1
QSO_62.1163972-56.6100697,59047.503247599976,18.441000000000003,0.0597094022179379,W1
QSO_62.1163972-56.6100697,59206.08297729999,18.4815,0.0394800266966146,W1
QSO_62.1163972-56.6100697,59411.87172899999,18.409,0.0619260012891233,W1
QSO_62.1163972-56.6100697,59572.06902449999,18.523,0.076163738756888,W1
QSO_62.1163972-56.6100697,59775.61711450004,18.415,0.0566468919744974,W1
QSO_62.1163972-56.6100697,59936.01589000002,18.4825,0.0490476604946657,W1
QSO_62.1163972-56.6100697,60142.44611124998,18.468,0.0283434173015673,W1
QSO_62.1163972-56.6100697,60302.413986000014,18.49,0.0641793715732491,W1
QSO_62.1163972-56.6100697,60506.62511860004,18.659,0.0735572339519826,W1
QSO_62.1163972-56.6100697,55207.302289250016,18.4255,0.0473545264137969,W2
QSO_62.1163972-56.6100697,55393.83121399997,18.488,0.0364831148589461,W2
QSO_62.1163972-56.6100697,55569.378000500044,18.426,0.0378091731139321,W2
QSO_62.1163972-56.6100697,56669.71733949996,18.364,0.0422821133889111,W2
QSO_62.1163972-56.6100697,56857.65490874998,18.311,0.0432348624092444,W2
QSO_62.1163972-56.6100697,57033.00448638448,18.2535,0.0554530888819634,W2
QSO_62.1163972-56.6100697,57220.29750911438,18.276,0.0506894988431405,W2
QSO_62.1163972-56.6100697,57392.98817771543,18.450000000000003,0.0294174992013131,W2
QSO_62.1163972-56.6100697,57584.800042446856,18.273,0.0614837084112531,W2
QSO_62.1163972-56.6100697,57752.81506147317,18.3015,0.06124355173918,W2
QSO_62.1163972-56.6100697,57950.46212599997,18.355,0.038278899709583,W2
QSO_62.1163972-56.6100697,58114.67385575004,18.386000000000003,0.0610940504468315,W2
QSO_62.1163972-56.6100697,58315.839098,18.257,0.0637050806908463,W2
QSO_62.1163972-56.6100697,58476.44625200005,18.1325,0.0807311094079542,W2
QSO_62.1163972-56.6100697,58680.08723450002,18.171,0.0660761333292331,W2
QSO_62.1163972-56.6100697,58840.511158500034,18.418,0.078230580361542,W2
QSO_62.1163972-56.6100697,59047.503247599976,18.232,0.0603178271181968,W2
QSO_62.1163972-56.6100697,59206.08297729999,18.316,0.0581487075466782,W2
QSO_62.1163972-56.6100697,59411.87172899999,18.204,0.0816176816608924,W2
QSO_62.1163972-56.6100697,59572.06902449999,18.32,0.108849830039483,W2
QSO_62.1163972-56.6100697,59775.61711450004,18.215,0.055776920090794,W2
QSO_62.1163972-56.6100697,59936.01589000002,18.2655,0.0648381099354385,W2
QSO_62.1163972-56.6100697,60142.44611124998,18.18,0.0530173089584737,W2
QSO_62.1163972-56.6100697,60302.413986000014,18.122,0.0892147393764816,W2
QSO_62.1163972-56.6100697,60506.62511860004,17.618,0.1038685066161375,W2
QSO_61.9036268-56.648731,55206.44278724996,18.3165,0.0393600914236107,W1
QSO_61.9036268-56.648731,55393.4677105,18.192,0.0351427981077935,W1
QSO_61.9036268-56.648731,55568.98150099996,18.283,0.0355393630838396,W1
QSO_61.9036268-56.648731,56669.35525949997,18.152,0.0277944346968747,W1
QSO_61.9036268-56.648731,56857.26050800003,18.203,0.020687682213361,W1
QSO_61.9036268-56.648731,57032.7748101199,18.196,0.0327952232886732,W1
QSO_61.9036268-56.648731,57219.90418508949,18.253,0.0350161229620136,W1
QSO_61.9036268-56.648731,57392.65965609475,18.2175,0.0304926036505145,W1
QSO_61.9036268-56.648731,57584.14354820537,18.207,0.0441665062300103,W1
QSO_61.9036268-56.648731,57752.65091046275,18.265,0.0310553776041141,W1
QSO_61.9036268-56.648731,57949.70982450006,18.238,0.0244205194047956,W1
QSO_61.9036268-56.648731,58113.82349699998,18.226,0.0399478087034518,W1
QSO_61.9036268-56.648731,58315.47940875003,18.243,0.0443664474022045,W1
QSO_61.9036268-56.648731,58475.98861500002,18.3,0.0330505598655949,W1
QSO_61.9036268-56.648731,58679.66233799998,18.2635,0.0476248813128191,W1
QSO_61.9036268-56.648731,58840.05363099992,18.206,0.0580342011736129,W1
QSO_61.9036268-56.648731,59046.68421279994,18.226,0.0345565578099642,W1
QSO_61.9036268-56.648731,59205.3622318,18.22,0.0343161821204035,W1
QSO_61.9036268-56.648731,59411.08789150004,18.2785,0.0285250967913065,W1
QSO_61.9036268-56.648731,59571.61206274995,18.306,0.0462165043872616,W1
QSO_61.9036268-56.648731,59775.03041350004,18.227,0.0457057906210613,W1
QSO_61.9036268-56.648731,59935.7554625,18.22,0.0364325594683569,W1
QSO_61.9036268-56.648731,60142.089688749984,18.2475,0.0341506379746275,W1
QSO_61.9036268-56.648731,60302.091417250034,18.3105,0.0626195329253589,W1
QSO_61.9036268-56.648731,60506.3699434,18.361,0.042610284716678,W1
QSO_61.9036268-56.648731,55206.44278724996,18.295,0.0971038023843557,W2
QSO_61.9036268-56.648731,55393.4677105,18.4675,0.0443126672881481,W2
QSO_61.9036268-56.648731,55568.98150099996,18.426,0.0383160596582699,W2
QSO_61.9036268-56.648731,56669.35525949997,18.299,0.0476865462997269,W2
QSO_61.9036268-56.648731,56857.26050800003,18.3145,0.0338584688424636,W2
QSO_61.9036268-56.648731,57032.7748101199,18.364,0.0449081015631459,W2
QSO_61.9036268-56.648731,57219.90418508949,18.3455,0.0501556119607176,W2
QSO_61.9036268-56.648731,57392.65965609475,18.3455,0.0459788661303352,W2
QSO_61.9036268-56.648731,57584.14354820537,18.285,0.0394705261844326,W2
QSO_61.9036268-56.648731,57752.65091046275,18.212,0.04609723529715,W2
QSO_61.9036268-56.648731,57949.70982450006,18.299,0.0406262446209344,W2
QSO_61.9036268-56.648731,58113.82349699998,18.4,0.0547116313665028,W2
QSO_61.9036268-56.648731,58315.47940875003,18.377,0.0591388426116019,W2
QSO_61.9036268-56.648731,58475.98861500002,18.314,0.0578827995312898,W2
QSO_61.9036268-56.648731,58679.66233799998,18.178,0.0746933481791308,W2
QSO_61.9036268-56.648731,58840.05363099992,18.4985,0.0827305254652115,W2
QSO_61.9036268-56.648731,59046.68421279994,18.195,0.0608520598269704,W2
QSO_61.9036268-56.648731,59205.3622318,18.313,0.0492102771352577,W2
QSO_61.9036268-56.648731,59411.08789150004,18.253,0.0439597177225886,W2
QSO_61.9036268-56.648731,59571.61206274995,18.4405,0.0696216419829884,W2
QSO_61.9036268-56.648731,59775.03041350004,18.328,0.0575017822590132,W2
QSO_61.9036268-56.648731,59935.7554625,18.377,0.092757003980468,W2
QSO_61.9036268-56.648731,60142.089688749984,18.337,0.0342665809955885,W2
QSO_61.9036268-56.648731,60302.091417250034,18.379,0.0505220306706922,W2
QSO_61.9036268-56.648731,60506.3699434,18.19,0.0795937374126368,W2
QSO_61.7747144-56.6014394,55206.3766675,18.1695,0.0767424161562561,W1
QSO_61.7747144-56.6014394,55393.434623250025,18.259500000000003,0.0335335284167379,W1
QSO_61.7747144-56.6014394,55569.08054374998,18.179,0.0284782683562976,W1
QSO_61.7747144-56.6014394,56669.28941350002,18.176,0.0301106626657873,W1
QSO_61.7747144-56.6014394,56857.26043500005,18.1635,0.0258117981492012,W1
QSO_61.7747144-56.6014394,57032.97180063237,18.16,0.0275730187642829,W1
QSO_61.7747144-56.6014394,57219.93694384157,18.134,0.0371144517443051,W1
QSO_61.7747144-56.6014394,57392.5939956906,18.209,0.0297746741150745,W1
QSO_61.7747144-56.6014394,57584.20913540946,18.26,0.0320907713462997,W1
QSO_61.7747144-56.6014394,57752.618171760754,18.156,0.0309320680599781,W1
QSO_61.7747144-56.6014394,57949.578935499965,18.267,0.0257217608182612,W1
QSO_61.7747144-56.6014394,58113.82349699998,18.212000000000003,0.0249554503634157,W1
QSO_61.7747144-56.6014394,58315.31597999998,18.267,0.0348503764111666,W1
QSO_61.7747144-56.6014394,58475.923207,18.2455,0.0634200945949902,W1
QSO_61.7747144-56.6014394,58679.433519499966,18.261,0.0425788559733584,W1
QSO_61.7747144-56.6014394,58839.92294275003,18.268,0.0464783759557805,W1
QSO_61.7747144-56.6014394,59046.71685999996,18.164,0.0420654737095987,W1
QSO_61.7747144-56.6014394,59205.1002856,18.16,0.043505419616411,W1
QSO_61.7747144-56.6014394,59410.92468175,18.107,0.0293271932279729,W1
QSO_61.7747144-56.6014394,59571.48150225003,18.3015,0.0471157049022669,W1
QSO_61.7747144-56.6014394,59774.965260999976,18.219,0.0397288336217186,W1
QSO_61.7747144-56.6014394,59935.62530349999,18.209,0.045319979794744,W1
QSO_61.7747144-56.6014394,60142.02484650004,18.261,0.0397216647730589,W1
QSO_61.7747144-56.6014394,60302.15593099996,18.302,0.0621673152589461,W1
QSO_61.7747144-56.6014394,60506.75298069999,18.106,0.0871375396151693,W1
QSO_61.7747144-56.6014394,55206.3766675,18.4845,0.0666530194364817,W2
QSO_61.7747144-56.6014394,55393.434623250025,18.3725,0.0429529399180943,W2
QSO_61.7747144-56.6014394,55569.08054374998,18.437,0.0412538996262777,W2
QSO_61.7747144-56.6014394,56669.28941350002,18.363,0.0465194483054638,W2
QSO_61.7747144-56.6014394,56857.26043500005,18.252,0.0345984539496174,W2
QSO_61.7747144-56.6014394,57032.97180063237,18.4055,0.0410564382979116,W2
QSO_61.7747144-56.6014394,57219.93694384157,18.513,0.0516821784051403,W2
QSO_61.7747144-56.6014394,57392.5939956906,18.284,0.0433724218111109,W2
QSO_61.7747144-56.6014394,57584.20913540946,18.329,0.0627686060446873,W2
QSO_61.7747144-56.6014394,57752.618171760754,18.406,0.0419719056127807,W2
QSO_61.7747144-56.6014394,57949.578935499965,18.186,0.0487545719702265,W2
QSO_61.7747144-56.6014394,58113.82349699998,18.357,0.0555114467187622,W2
QSO_61.7747144-56.6014394,58315.31597999998,18.28,0.0529692584052297,W2
QSO_61.7747144-56.6014394,58475.923207,18.3885,0.0707459538788923,W2
QSO_61.7747144-56.6014394,58679.433519499966,18.2805,0.0552095396094632,W2
QSO_61.7747144-56.6014394,58839.92294275003,18.3635,0.0866195330922508,W2
QSO_61.7747144-56.6014394,59046.71685999996,18.187,0.0617098435968744,W2
QSO_61.7747144-56.6014394,59205.1002856,18.231,0.0654774464987754,W2
QSO_61.7747144-56.6014394,59410.92468175,18.0285,0.0600366983998661,W2
QSO_61.7747144-56.6014394,59571.48150225003,18.435,0.0922054418451502,W2
QSO_61.7747144-56.6014394,59774.965260999976,18.296,0.0539700787660076,W2
QSO_61.7747144-56.6014394,59935.62530349999,18.39,0.0653238793564127,W2
QSO_61.7747144-56.6014394,60142.02484650004,18.08,0.0791419351402326,W2
QSO_61.7747144-56.6014394,60302.15593099996,18.305,0.0817707174609155,W2
QSO_61.7747144-56.6014394,60506.75298069999,17.856,0.1354244784071619,W2
QSO_61.8336622-56.4884452,55207.269275000006,17.935000000000002,0.0855278243985881,W1
QSO_61.8336622-56.4884452,55393.73206174995,17.881999999999998,0.020736535541165,W1
QSO_61.8336622-56.4884452,55569.378000500044,17.961,0.019368325940517,W1
QSO_61.8336622-56.4884452,56669.552742749984,17.8455,0.0316334212682688,W1
QSO_61.8336622-56.4884452,56857.65492700003,17.925,0.0193052160108191,W1
QSO_61.8336622-56.4884452,57033.26724990108,17.898,0.0278509725885804,W1
QSO_61.8336622-56.4884452,57220.133532854044,17.829,0.0209896559420505,W1
QSO_61.8336622-56.4884452,57392.8567471072,17.847,0.0240550393855463,W1
QSO_61.8336622-56.4884452,57584.668758238586,17.872999999999998,0.0271497054989021,W1
QSO_61.8336622-56.4884452,57752.94630908149,17.873,0.0230828369004981,W1
QSO_61.8336622-56.4884452,57950.069568500025,17.836,0.0158264088268202,W1
QSO_61.8336622-56.4884452,58115.32799049997,17.858999999999998,0.0209341092025568,W1
QSO_61.8336622-56.4884452,58315.70828199996,17.8815,0.033035493832066,W1
QSO_61.8336622-56.4884452,58476.31550899999,17.839000000000002,0.0420576389392139,W1
QSO_61.8336622-56.4884452,58679.89101049997,17.9305,0.0276821530452785,W1
QSO_61.8336622-56.4884452,58840.119112,17.930999999999997,0.0497488502066713,W1
QSO_61.8336622-56.4884452,59046.913511800005,17.938000000000002,0.0312128716591698,W1
QSO_61.8336622-56.4884452,59206.01744499998,17.863,0.0249360936444961,W1
QSO_61.8336622-56.4884452,59411.47982849999,17.9125,0.0340497036879335,W1
QSO_61.8336622-56.4884452,59572.00389024998,17.923000000000002,0.0433221036507119,W1
QSO_61.8336622-56.4884452,59775.486736500025,17.899,0.029774304768981,W1
QSO_61.8336622-56.4884452,59935.88576749996,17.869999999999997,0.0220142500470022,W1
QSO_61.8336622-56.4884452,60142.34882050002,17.923000000000002,0.0362655783372128,W1
QSO_61.8336622-56.4884452,60302.413986000014,17.958,0.0421995605790305,W1
QSO_61.8336622-56.4884452,60507.008686599984,17.97,0.0362722347171931,W1
QSO_61.8336622-56.4884452,55207.269275000006,18.33,0.0573010056439972,W2
QSO_61.8336622-56.4884452,55393.73206174995,18.4865,0.0424373558165582,W2
QSO_61.8336622-56.4884452,55569.378000500044,18.449,0.0398024627173088,W2
QSO_61.8336622-56.4884452,56669.552742749984,18.263,0.0422575819979305,W2
QSO_61.8336622-56.4884452,56857.65492700003,18.4,0.0396669116295224,W2
QSO_61.8336622-56.4884452,57033.26724990108,18.396,0.0435151781648017,W2
QSO_61.8336622-56.4884452,57220.133532854044,18.49,0.0466006473730492,W2
QSO_61.8336622-56.4884452,57392.8567471072,18.327,0.056227167763576,W2
QSO_61.8336622-56.4884452,57584.668758238586,18.373,0.0437152681780722,W2
QSO_61.8336622-56.4884452,57752.94630908149,18.2645,0.048891276701473,W2
QSO_61.8336622-56.4884452,57950.069568500025,18.317,0.03067615238493,W2
QSO_61.8336622-56.4884452,58115.32799049997,18.341,0.0340999071759756,W2
QSO_61.8336622-56.4884452,58315.70828199996,18.3475,0.0531749378869929,W2
QSO_61.8336622-56.4884452,58476.31550899999,18.42,0.080035211729576,W2
QSO_61.8336622-56.4884452,58679.89101049997,18.325,0.0501341981485692,W2
QSO_61.8336622-56.4884452,58840.119112,18.407,0.0756214634867231,W2
QSO_61.8336622-56.4884452,59046.913511800005,18.188,0.0503455528711155,W2
QSO_61.8336622-56.4884452,59206.01744499998,18.398,0.0680429933813641,W2
QSO_61.8336622-56.4884452,59411.47982849999,18.265,0.0393857768502556,W2
QSO_61.8336622-56.4884452,59572.00389024998,18.2415,0.0915321240746075,W2
QSO_61.8336622-56.4884452,59775.486736500025,18.167,0.0541684353098912,W2
QSO_61.8336622-56.4884452,59935.88576749996,18.238,0.0737782818577954,W2
QSO_61.8336622-56.4884452,60142.34882050002,18.226,0.0563045731822017,W2
QSO_61.8336622-56.4884452,60302.413986000014,18.261,0.073264822274928,W2
QSO_61.8336622-56.4884452,60507.008686599984,17.991,0.0724056305130716,W2
QSO_62.4112738-56.5971549,55208.49253599998,18.3475,0.0489815488692389,W1
QSO_62.4112738-56.5971549,55394.19480874996,18.453,0.027950877669583,W1
QSO_62.4112738-56.5971549,55569.972658499966,18.416,0.0298224753012609,W1
QSO_62.4112738-56.5971549,56670.211221000034,18.222,0.0220713527559225,W1
QSO_62.4112738-56.5971549,56858.31234675,18.3165,0.0310971605908707,W1
QSO_62.4112738-56.5971549,57033.82524368655,18.28,0.0375081462756697,W1
QSO_62.4112738-56.5971549,57220.92032690386,18.327,0.0319431889366021,W1
QSO_62.4112738-56.5971549,57393.15240192582,18.3275,0.0393273590728799,W1
QSO_62.4112738-56.5971549,57585.12834446768,18.284,0.0343764566851407,W1
QSO_62.4112738-56.5971549,57753.011895889416,18.256,0.0552003918554512,W1
QSO_62.4112738-56.5971549,57950.39682750004,18.262,0.0307315930613627,W1
QSO_62.4112738-56.5971549,58115.52421450002,18.359,0.0302878963724235,W1
QSO_62.4112738-56.5971549,58316.29680800001,18.173,0.0765257293875356,W1
QSO_62.4112738-56.5971549,58476.64240299996,18.233,0.0613937299945575,W1
QSO_62.4112738-56.5971549,58680.18527349994,18.3445,0.062941238387848,W1
QSO_62.4112738-56.5971549,58840.511158500034,18.366,0.1058879496803913,W1
QSO_62.4112738-56.5971549,59047.765486599965,18.274,0.0621585642619834,W1
QSO_62.4112738-56.5971549,59206.541630199965,18.211,0.0453221594178575,W1
QSO_62.4112738-56.5971549,59412.002307750045,18.2915,0.0463312537003311,W1
QSO_62.4112738-56.5971549,59572.19965799996,18.309,0.0601831288651561,W1
QSO_62.4112738-56.5971549,59775.812754499966,18.269,0.032718527106213,W1
QSO_62.4112738-56.5971549,59936.53667200002,18.368,0.0696335691992662,W1
QSO_62.4112738-56.5971549,60142.867376,18.279,0.0578788395184286,W1
QSO_62.4112738-56.5971549,60303.18807799996,18.225,0.0670607187554682,W1
QSO_62.4112738-56.5971549,60507.3289732,18.0495,0.0324911045518615,W1
QSO_62.4112738-56.5971549,55208.49253599998,18.5535,0.0714993646371667,W2
QSO_62.4112738-56.5971549,55394.19480874996,18.579,0.0517500540398959,W2
QSO_62.4112738-56.5971549,55569.972658499966,18.603,0.035270599675492,W2
QSO_62.4112738-56.5971549,56670.211221000034,18.389,0.0591281742428088,W2
QSO_62.4112738-56.5971549,56858.31234675,18.331,0.040431885429386,W2
QSO_62.4112738-56.5971549,57033.82524368655,18.424,0.0607963302986108,W2
QSO_62.4112738-56.5971549,57220.92032690386,18.388,0.0503988105860661,W2
QSO_62.4112738-56.5971549,57393.15240192582,18.434,0.0630250001734699,W2
QSO_62.4112738-56.5971549,57585.12834446768,18.448,0.0495054144579749,W2
QSO_62.4112738-56.5971549,57753.011895889416,18.343,0.0486766832050748,W2
QSO_62.4112738-56.5971549,57950.39682750004,18.261,0.0470314977683094,W2
QSO_62.4112738-56.5971549,58115.52421450002,18.312,0.0395782757241527,W2
QSO_62.4112738-56.5971549,58316.29680800001,18.154,0.0788761536225881,W2
QSO_62.4112738-56.5971549,58476.64240299996,18.121,0.0847000630234909,W2
QSO_62.4112738-56.5971549,58680.18527349994,18.3525,0.081845157080974,W2
QSO_62.4112738-56.5971549,58840.511158500034,18.311,0.0926145603570168,W2
QSO_62.4112738-56.5971549,59047.765486599965,18.324,0.0751061589426001,W2
QSO_62.4112738-56.5971549,59206.541630199965,18.215,0.0625622254552724,W2
QSO_62.4112738-56.5971549,59412.002307750045,18.2545,0.0741126637039601,W2
QSO_62.4112738-56.5971549,59572.19965799996,18.258000000000003,0.0703283726528632,W2
QSO_62.4112738-56.5971549,59775.812754499966,18.243,0.047087108384355,W2
QSO_62.4112738-56.5971549,59936.53667200002,18.319,0.0857639729335306,W2
QSO_62.4112738-56.5971549,60142.867376,18.178,0.0569081314400675,W2
QSO_62.4112738-56.5971549,60303.18807799996,18.458,0.0816451100801512,W2
QSO_62.4112738-56.5971549,60507.3289732,17.844,0.0283491071287965,W2
QSO_62.0978753-56.3913851,55208.4264345,18.214,0.0548393434311806,W1
QSO_62.0978753-56.3913851,55394.32695699994,18.1485,0.0301361478528262,W1
QSO_62.0978753-56.3913851,55569.90659350001,18.276,0.026897950273126,W1
QSO_62.0978753-56.3913851,56670.14541150003,18.232,0.0460691931289832,W1
QSO_62.0978753-56.3913851,56858.378010250046,18.105,0.0313417194823715,W1
QSO_62.0978753-56.3913851,57033.49696266578,18.0605,0.0397085263001776,W1
QSO_62.0978753-56.3913851,57220.65807438727,18.161,0.0201683071982501,W1
QSO_62.0978753-56.3913851,57393.31662613621,18.1035,0.026748390476059,W1
QSO_62.0978753-56.3913851,57585.25951887594,18.138,0.033989037744331,W1
QSO_62.0978753-56.3913851,57753.405776117645,18.131,0.0243113280530374,W1
QSO_62.0978753-56.3913851,57951.639835,18.235,0.0293482340121773,W1
QSO_62.0978753-56.3913851,58115.52421450002,18.167,0.0400586700922868,W1
QSO_62.0978753-56.3913851,58316.49292249997,18.124,0.0457371555777706,W1
QSO_62.0978753-56.3913851,58476.70788399995,18.115,0.0500694365991203,W1
QSO_62.0978753-56.3913851,58680.34866575005,18.1555,0.0396571826660065,W1
QSO_62.0978753-56.3913851,58840.77271749996,18.2635,0.0518646910774135,W1
QSO_62.0978753-56.3913851,59047.73254659996,18.259500000000003,0.0421515227252297,W1
QSO_62.0978753-56.3913851,59207.58948820002,18.209,0.027721858281965,W1
QSO_62.0978753-56.3913851,59412.13284999999,18.212,0.0436133609855028,W1
QSO_62.0978753-56.3913851,59572.265011249976,18.1275,0.0504722317770431,W1
QSO_62.0978753-56.3913851,59776.13851700004,18.1605,0.0336828157759782,W1
QSO_62.0978753-56.3913851,59936.40647649998,18.196,0.0566957102201734,W1
QSO_62.0978753-56.3913851,60142.86723000004,18.177,0.0311775938084568,W1
QSO_62.0978753-56.3913851,60302.93013249998,18.061,0.086018230625839,W1
QSO_62.0978753-56.3913851,60507.32882679997,18.202,0.0552006689687303,W1
QSO_62.0978753-56.3913851,55208.4264345,18.528,0.075644036477634,W2
QSO_62.0978753-56.3913851,55394.32695699994,18.4955,0.0492882921264344,W2
QSO_62.0978753-56.3913851,55569.90659350001,18.482,0.0445059911781017,W2
QSO_62.0978753-56.3913851,56670.14541150003,18.3005,0.0558620460168188,W2
QSO_62.0978753-56.3913851,56858.378010250046,18.3345,0.0504199012356285,W2
QSO_62.0978753-56.3913851,57033.49696266578,18.456,0.0586534355715583,W2
QSO_62.0978753-56.3913851,57220.65807438727,18.336,0.0462343732190652,W2
QSO_62.0978753-56.3913851,57393.31662613621,18.328,0.0461828464871525,W2
QSO_62.0978753-56.3913851,57585.25951887594,18.349,0.0529578431437155,W2
QSO_62.0978753-56.3913851,57753.405776117645,18.311,0.0403375858659578,W2
QSO_62.0978753-56.3913851,57951.639835,18.343,0.0423827592221032,W2
QSO_62.0978753-56.3913851,58115.52421450002,18.234,0.047811027431162,W2
QSO_62.0978753-56.3913851,58316.49292249997,18.2875,0.0650743769994096,W2
QSO_62.0978753-56.3913851,58476.70788399995,18.388,0.0869406282442573,W2
QSO_62.0978753-56.3913851,58680.34866575005,18.1375,0.0671656561356539,W2
QSO_62.0978753-56.3913851,58840.77271749996,18.1145,0.0721265726126776,W2
QSO_62.0978753-56.3913851,59047.73254659996,18.094,0.0660995912290549,W2
QSO_62.0978753-56.3913851,59207.58948820002,18.307,0.0671497829508086,W2
QSO_62.0978753-56.3913851,59412.13284999999,18.267,0.0608040091114515,W2
QSO_62.0978753-56.3913851,59572.265011249976,18.427,0.1184749421662502,W2
QSO_62.0978753-56.3913851,59776.13851700004,18.285,0.0465343030001075,W2
QSO_62.0978753-56.3913851,59936.40647649998,18.172,0.0556949677778685,W2
QSO_62.0978753-56.3913851,60142.86723000004,18.196,0.058114605983104,W2
QSO_62.0978753-56.3913851,60302.93013249998,18.146,0.0707033238256871,W2
QSO_62.0978753-56.3913851,60507.32882679997,18.081,0.1245334448056885,W2
QSO_61.9302041-56.488225,55207.335449499966,18.162,0.0536004882970202,W1
QSO_61.9302041-56.488225,55393.76514900001,18.205,0.0322472187802732,W1
QSO_61.9302041-56.488225,55569.47706149995,18.238,0.030486569070925,W1
QSO_61.9302041-56.488225,56669.75024424997,18.138,0.0271217996530631,W1
QSO_61.9302041-56.488225,56857.65492700003,18.119,0.0229275969920183,W1
QSO_61.9302041-56.488225,57033.16875464489,18.196,0.0290110629071854,W1
QSO_61.9302041-56.488225,57220.29750911438,18.1795,0.0354835166810547,W1
QSO_61.9302041-56.488225,57392.95531091344,18.13,0.0286724035400917,W1
QSO_61.9302041-56.488225,57584.86568455104,18.1495,0.0274134637655809,W1
QSO_61.9302041-56.488225,57753.04479865088,18.137,0.0279396875891254,W1
QSO_61.9302041-56.488225,57950.135085999966,18.227,0.0251132593019808,W1
QSO_61.9302041-56.488225,58115.32799049997,18.236,0.0262043396565938,W1
QSO_61.9302041-56.488225,58315.70828199996,18.22,0.0301553817875757,W1
QSO_61.9302041-56.488225,58476.44632499994,18.2405,0.0449785430615255,W1
QSO_61.9302041-56.488225,58679.89111999997,18.311,0.0410727256688273,W1
QSO_61.9302041-56.488225,58840.51121325004,18.261,0.0578270568666553,W1
QSO_61.9302041-56.488225,59047.56872499999,18.282,0.0402852278633248,W1
QSO_61.9302041-56.488225,59205.95193100002,18.267000000000003,0.0430934699034971,W1
QSO_61.9302041-56.488225,59411.61018824995,18.213,0.0377229738794117,W1
QSO_61.9302041-56.488225,59572.06917050002,18.258,0.0455864367507195,W1
QSO_61.9302041-56.488225,59775.551889,18.18,0.0330842214993583,W1
QSO_61.9302041-56.488225,59936.08104250001,18.1075,0.0358791067716906,W1
QSO_61.9302041-56.488225,60142.543274250034,18.1565,0.0375661313182796,W1
QSO_61.9302041-56.488225,60302.413986000014,18.275,0.0610369246672823,W1
QSO_61.9302041-56.488225,60506.6890588,18.167,0.0435109315710518,W1
QSO_61.9302041-56.488225,55207.335449499966,18.579,0.1166695237745392,W2
QSO_61.9302041-56.488225,55393.76514900001,18.478,0.0415366336359305,W2
QSO_61.9302041-56.488225,55569.47706149995,18.476,0.0379623370283998,W2
QSO_61.9302041-56.488225,56669.75024424997,18.2925,0.0517959083865239,W2
QSO_61.9302041-56.488225,56857.65492700003,18.353,0.0458370150195814,W2
QSO_61.9302041-56.488225,57033.16875464489,18.4295,0.0475134921415367,W2
QSO_61.9302041-56.488225,57220.29750911438,18.3005,0.0573874482257852,W2
QSO_61.9302041-56.488225,57392.95531091344,18.3535,0.0558504491885297,W2
QSO_61.9302041-56.488225,57584.86568455104,18.346,0.0534339200333571,W2
QSO_61.9302041-56.488225,57753.04479865088,18.424,0.0530624361947128,W2
QSO_61.9302041-56.488225,57950.135085999966,18.364,0.0426359447816256,W2
QSO_61.9302041-56.488225,58115.32799049997,18.297,0.0568025369719275,W2
QSO_61.9302041-56.488225,58315.70828199996,18.323,0.0523798552924816,W2
QSO_61.9302041-56.488225,58476.44632499994,18.392,0.078448217333056,W2
QSO_61.9302041-56.488225,58679.89111999997,18.207,0.0675935869156052,W2
QSO_61.9302041-56.488225,58840.51121325004,18.389,0.0632985430760895,W2
QSO_61.9302041-56.488225,59047.56872499999,18.281,0.0646732558017609,W2
QSO_61.9302041-56.488225,59205.95193100002,18.34,0.0615584560651056,W2
QSO_61.9302041-56.488225,59411.61018824995,18.249,0.0453110557466067,W2
QSO_61.9302041-56.488225,59572.06917050002,18.441,0.0804526450725741,W2
QSO_61.9302041-56.488225,59775.551889,18.179,0.0519522187209051,W2
QSO_61.9302041-56.488225,59936.08104250001,18.457,0.0726945665094716,W2
QSO_61.9302041-56.488225,60142.543274250034,18.211,0.0564843409962246,W2
QSO_61.9302041-56.488225,60302.413986000014,18.125,0.0704387971409307,W2
QSO_61.9302041-56.488225,60506.6890588,18.149,0.082892603249442,W2
QSO_61.8528292-56.5773998,55206.87257475006,18.258000000000003,0.0794914991524253,W1
QSO_61.8528292-56.5773998,55393.53375724999,18.077,0.0324420629425882,W1
QSO_61.8528292-56.5773998,55569.17973250003,18.157,0.0289953814108071,W1
QSO_61.8528292-56.5773998,56669.32237300002,18.0,0.0217556180204538,W1
QSO_61.8528292-56.5773998,56857.12899850002,18.041,0.0246615018276629,W1
QSO_61.8528292-56.5773998,57033.03739113653,17.991500000000002,0.0237485094104609,W1
QSO_61.8528292-56.5773998,57220.133532854044,18.018,0.0390339974676035,W1
QSO_61.8528292-56.5773998,57392.69252289681,18.0125,0.0247096874000063,W1
QSO_61.8528292-56.5773998,57584.406153221935,18.075,0.0314038150258771,W1
QSO_61.8528292-56.5773998,57752.78219467111,18.1025,0.0299733416734381,W1
QSO_61.8528292-56.5773998,57949.74252850002,18.0,0.0248506718258496,W1
QSO_61.8528292-56.5773998,58114.608447750026,18.088,0.0309563670658777,W1
QSO_61.8528292-56.5773998,58315.44670474998,18.027,0.0346080640741191,W1
QSO_61.8528292-56.5773998,58476.11939450003,18.023,0.0426211197456659,W1
QSO_61.8528292-56.5773998,58679.694896,18.046,0.0358670933307956,W1
QSO_61.8528292-56.5773998,58840.118965999965,18.066000000000003,0.0509271973162736,W1
QSO_61.8528292-56.5773998,59046.78252040003,18.0875,0.0325567108689963,W1
QSO_61.8528292-56.5773998,59205.3622318,18.011000000000003,0.0415248150851649,W1
QSO_61.8528292-56.5773998,59411.251137750034,17.9875,0.0303155382869823,W1
QSO_61.8528292-56.5773998,59571.61206274995,18.009,0.0385156693711711,W1
QSO_61.8528292-56.5773998,59775.16086450003,18.081,0.0351692317849841,W1
QSO_61.8528292-56.5773998,59935.7554625,18.174,0.0414104764089884,W1
QSO_61.8528292-56.5773998,60142.219282,18.121,0.0331682555283197,W1
QSO_61.8528292-56.5773998,60302.15593099996,17.997999999999998,0.0460922553147488,W1
QSO_61.8528292-56.5773998,60506.6890588,18.021,0.0574462411615527,W1
QSO_61.8528292-56.5773998,55206.87257475006,18.6045,0.0739427565756106,W2
QSO_61.8528292-56.5773998,55393.53375724999,18.481,0.0497204535844019,W2
QSO_61.8528292-56.5773998,55569.17973250003,18.585,0.0381613421589418,W2
QSO_61.8528292-56.5773998,56669.32237300002,18.32,0.0444537231778529,W2
QSO_61.8528292-56.5773998,56857.12899850002,18.41,0.0378461943857909,W2
QSO_61.8528292-56.5773998,57033.03739113653,18.3945,0.0441644211300227,W2
QSO_61.8528292-56.5773998,57220.133532854044,18.39,0.0587090940029196,W2
QSO_61.8528292-56.5773998,57392.69252289681,18.422,0.043583581190429,W2
QSO_61.8528292-56.5773998,57584.406153221935,18.271,0.0467446664364593,W2
QSO_61.8528292-56.5773998,57752.78219467111,18.447,0.057506478580393,W2
QSO_61.8528292-56.5773998,57949.74252850002,18.303,0.0471940516674421,W2
QSO_61.8528292-56.5773998,58114.608447750026,18.4095,0.0560650301374669,W2
QSO_61.8528292-56.5773998,58315.44670474998,18.2585,0.049144091303731,W2
QSO_61.8528292-56.5773998,58476.11939450003,18.451,0.0559800357015109,W2
QSO_61.8528292-56.5773998,58679.694896,18.243,0.0558795138132035,W2
QSO_61.8528292-56.5773998,58840.118965999965,18.491,0.0855986336399103,W2
QSO_61.8528292-56.5773998,59046.78252040003,18.229,0.0477513899204414,W2
QSO_61.8528292-56.5773998,59205.3622318,18.3285,0.0549029138312115,W2
QSO_61.8528292-56.5773998,59411.251137750034,18.2345,0.0554273324130354,W2
QSO_61.8528292-56.5773998,59571.61206274995,18.3915,0.075609281359727,W2
QSO_61.8528292-56.5773998,59775.16086450003,18.349,0.0497945155693178,W2
QSO_61.8528292-56.5773998,59935.7554625,18.427,0.0657349042549252,W2
QSO_61.8528292-56.5773998,60142.219282,18.335500000000003,0.0625052355301859,W2
QSO_61.8528292-56.5773998,60302.15593099996,18.204,0.1041202495692859,W2
QSO_61.8528292-56.5773998,60506.6890588,18.02,0.140171934779308,W2
QSO_62.283969-56.6706171,55208.26105300001,18.251,0.056775446305203,W1
QSO_62.283969-56.6706171,55393.897388500016,18.009,0.0243100310713045,W1
QSO_62.283969-56.6706171,55569.57612250002,18.054,0.0276577650454076,W1
QSO_62.283969-56.6706171,56669.84892200003,18.101,0.045133501930856,W1
QSO_62.283969-56.6706171,56857.78647299999,18.096,0.0292040913943543,W1
QSO_62.283969-56.6706171,57033.29997215314,18.04,0.0393640859667794,W1
QSO_62.283969-56.6706171,57220.36304486853,18.1205,0.0321234315080418,W1
QSO_62.283969-56.6706171,57392.8895956093,18.176,0.0312866270490226,W1
QSO_62.283969-56.6706171,57584.99698705936,18.2215,0.0264047874971219,W1
QSO_62.283969-56.6706171,57753.04468885339,18.157,0.03215853636563,W1
QSO_62.283969-56.6706171,57950.102382,18.168,0.0235798027528172,W1
QSO_62.283969-56.6706171,58114.34676100004,18.14,0.0295476540821445,W1
QSO_62.283969-56.6706171,58316.198769,18.167,0.0398825015801625,W1
QSO_62.283969-56.6706171,58476.18469300004,18.139,0.0327557805907502,W1
QSO_62.283969-56.6706171,58680.15256950006,18.207,0.0323952270134669,W1
QSO_62.283969-56.6706171,58840.44580525002,18.084,0.0346043646607105,W1
QSO_62.283969-56.6706171,59047.60157349996,18.152,0.0549372425782955,W1
QSO_62.283969-56.6706171,59206.279537600014,18.163,0.0396010986614105,W1
QSO_62.283969-56.6706171,59411.61018824995,18.1545,0.0300753826887836,W1
QSO_62.283969-56.6706171,59572.19958499998,18.197,0.0560092813688392,W1
QSO_62.283969-56.6706171,59775.68234,18.172,0.0327076585391511,W1
QSO_62.283969-56.6706171,59936.08091475003,18.122,0.0480888612908115,W1
QSO_62.283969-56.6706171,60142.54325599998,18.201,0.0308497034988709,W1
QSO_62.283969-56.6706171,60302.413986000014,18.102,0.0582020009760397,W1
QSO_62.283969-56.6706171,60506.945148999934,18.224,0.1052754478588195,W1
QSO_62.283969-56.6706171,55208.26105300001,18.405,0.0933213543165108,W2
QSO_62.283969-56.6706171,55393.897388500016,18.558,0.0463231509331589,W2
QSO_62.283969-56.6706171,55569.57612250002,18.499,0.0435896678988635,W2
QSO_62.283969-56.6706171,56669.84892200003,18.345,0.0489110974969884,W2
QSO_62.283969-56.6706171,56857.78647299999,18.324,0.0373083793207799,W2
QSO_62.283969-56.6706171,57033.29997215314,18.391,0.0578195537858949,W2
QSO_62.283969-56.6706171,57220.36304486853,18.2665,0.0603258178253415,W2
QSO_62.283969-56.6706171,57392.8895956093,18.383000000000003,0.0615987325506934,W2
QSO_62.283969-56.6706171,57584.99698705936,18.295,0.0538406870850735,W2
QSO_62.283969-56.6706171,57753.04468885339,18.418,0.0509666144055263,W2
QSO_62.283969-56.6706171,57950.102382,18.315,0.0399573525717955,W2
QSO_62.283969-56.6706171,58114.34676100004,18.285,0.0464553556008442,W2
QSO_62.283969-56.6706171,58316.198769,18.2545,0.0575020203952612,W2
QSO_62.283969-56.6706171,58476.18469300004,18.291,0.053807563652799,W2
QSO_62.283969-56.6706171,58680.15256950006,18.365,0.0610550643913504,W2
QSO_62.283969-56.6706171,58840.44580525002,18.367,0.0801616006715324,W2
QSO_62.283969-56.6706171,59047.60157349996,18.235,0.0525116988453526,W2
QSO_62.283969-56.6706171,59206.279537600014,18.281,0.0594643057470527,W2
QSO_62.283969-56.6706171,59411.61018824995,18.2485,0.0664005246736398,W2
QSO_62.283969-56.6706171,59572.19958499998,18.333,0.0664116210745228,W2
QSO_62.283969-56.6706171,59775.68234,18.206,0.0574715558496412,W2
QSO_62.283969-56.6706171,59936.08091475003,18.427,0.0448532969152781,W2
QSO_62.283969-56.6706171,60142.54325599998,18.261,0.0564466208585084,W2
QSO_62.283969-56.6706171,60302.413986000014,18.262,0.077229425481603,W2
QSO_62.283969-56.6706171,60506.945148999934,17.835,0.1074340549913061,W2
QSO_62.3952108-56.6034229,55208.49253599998,18.419,0.0444397415046488,W1
QSO_62.3952108-56.6034229,55394.22782299997,18.337,0.0396829146046962,W1
QSO_62.3952108-56.6034229,55569.90659350001,18.464,0.0317956087035498,W1
QSO_62.3952108-56.6034229,56670.07949250002,18.363,0.0370421093170235,W1
QSO_62.3952108-56.6034229,56858.312292,18.276,0.0271304710053006,W1
QSO_62.3952108-56.6034229,57033.52979441784,18.3075,0.0439290647690283,W1
QSO_62.3952108-56.6034229,57220.55977988104,18.294,0.0249584506778581,W1
QSO_62.3952108-56.6034229,57393.38232314039,18.261,0.0306043348429963,W1
QSO_62.3952108-56.6034229,57585.12823466768,18.349,0.0408308461918005,W1
QSO_62.3952108-56.6034229,57753.11038433675,18.33,0.0286035477224427,W1
QSO_62.3952108-56.6034229,57950.98562725001,18.305,0.0356984231360963,W1
QSO_62.3952108-56.6034229,58114.47757699999,18.32,0.0319909151057445,W1
QSO_62.3952108-56.6034229,58316.42762400004,18.421,0.0382233136177342,W1
QSO_62.3952108-56.6034229,58476.64240299996,18.285,0.0534319009952388,W1
QSO_62.3952108-56.6034229,58680.2179775,18.424,0.0384086433761381,W1
QSO_62.3952108-56.6034229,58840.77264449999,18.312,0.0412637089121992,W1
QSO_62.3952108-56.6034229,59047.765340200014,18.2925,0.0320053492552789,W1
QSO_62.3952108-56.6034229,59207.58934179999,18.346,0.0395378422446702,W1
QSO_62.3952108-56.6034229,59412.13299600002,18.329,0.027654357480631,W1
QSO_62.3952108-56.6034229,59572.199731000015,18.3,0.0635530306949586,W1
QSO_62.3952108-56.6034229,59776.20381549996,18.335,0.0356023892800606,W1
QSO_62.3952108-56.6034229,59936.40642174998,18.365,0.0493257348725116,W1
QSO_62.3952108-56.6034229,60142.640546750015,18.286,0.0447463836734528,W1
QSO_62.3952108-56.6034229,60302.607545499945,18.295,0.0889520151542394,W1
QSO_62.3952108-56.6034229,60507.13718919998,18.378,0.0937644527246452,W1
QSO_62.3952108-56.6034229,55208.49253599998,18.442,0.0770126665567761,W2
QSO_62.3952108-56.6034229,55394.22782299997,18.556,0.040491662980223,W2
QSO_62.3952108-56.6034229,55569.90659350001,18.645,0.0416253280059758,W2
QSO_62.3952108-56.6034229,56670.07949250002,18.3175,0.0385388134301455,W2
QSO_62.3952108-56.6034229,56858.312292,18.345,0.0511005898893571,W2
QSO_62.3952108-56.6034229,57033.52979441784,18.3195,0.0578596316888266,W2
QSO_62.3952108-56.6034229,57220.55977988104,18.3275,0.0511008669794315,W2
QSO_62.3952108-56.6034229,57393.38232314039,18.527,0.0478311512879479,W2
QSO_62.3952108-56.6034229,57585.12823466768,18.414,0.0414387056433992,W2
QSO_62.3952108-56.6034229,57753.11038433675,18.373,0.052565469878617,W2
QSO_62.3952108-56.6034229,57950.98562725001,18.2765,0.0407665779810405,W2
QSO_62.3952108-56.6034229,58114.47757699999,18.361,0.0606752181179755,W2
QSO_62.3952108-56.6034229,58316.42762400004,18.343,0.0555021972461177,W2
QSO_62.3952108-56.6034229,58476.64240299996,18.327,0.0716727444143077,W2
QSO_62.3952108-56.6034229,58680.2179775,18.333,0.0698071868108135,W2
QSO_62.3952108-56.6034229,58840.77264449999,18.294,0.0954895300091826,W2
QSO_62.3952108-56.6034229,59047.765340200014,18.281,0.0690904503952381,W2
QSO_62.3952108-56.6034229,59207.58934179999,18.28,0.0604076307040707,W2
QSO_62.3952108-56.6034229,59412.13299600002,18.212,0.0587964558084538,W2
QSO_62.3952108-56.6034229,59572.199731000015,18.385,0.069814873218611,W2
QSO_62.3952108-56.6034229,59776.20381549996,18.173,0.0518363637460615,W2
QSO_62.3952108-56.6034229,59936.40642174998,18.158,0.0645381449503711,W2
QSO_62.3952108-56.6034229,60142.640546750015,18.2075,0.0563533590309759,W2
QSO_62.3952108-56.6034229,60302.607545499945,18.416,0.1022287875307148,W2
QSO_62.3952108-56.6034229,60507.13718919998,18.059,0.0686958480079232,W2
QSO_62.1355882-56.6171084,55207.33530350002,18.427,0.0518419831878612,W1
QSO_62.1355882-56.6171084,55393.83132349997,18.483,0.0385109417481876,W1
QSO_62.1355882-56.6171084,55569.51009400001,18.5225,0.0280660286255451,W1
QSO_62.1355882-56.6171084,56669.783148999966,18.314,0.0345338130627123,W1
QSO_62.1355882-56.6171084,56857.5891905,18.3115,0.0263054995678695,W1
QSO_62.1355882-56.6171084,57033.13581339282,18.334,0.0386285781033006,W1
QSO_62.1355882-56.6171084,57220.42858062268,18.383,0.0324181819126014,W1
QSO_62.1355882-56.6171084,57392.98817771543,18.346,0.0297726751376841,W1
QSO_62.1355882-56.6171084,57584.73430884273,18.462,0.0451540055149179,W1
QSO_62.1355882-56.6171084,57753.04474363109,18.427,0.0425683681031228,W1
QSO_62.1355882-56.6171084,57950.331310000016,18.427,0.0268408084192455,W1
QSO_62.1355882-56.6171084,58114.80467175008,18.375,0.0451484933216643,W1
QSO_62.1355882-56.6171084,58315.839098,18.409,0.0350127327696653,W1
QSO_62.1355882-56.6171084,58476.44625200005,18.284,0.0554643660239392,W1
QSO_62.1355882-56.6171084,58679.98912250003,18.4335,0.0341041112972276,W1
QSO_62.1355882-56.6171084,58840.511158500034,18.36,0.0523108224493624,W1
QSO_62.1355882-56.6171084,59047.60157349996,18.357,0.0434047020843975,W1
QSO_62.1355882-56.6171084,59206.14850960001,18.462,0.0408030594854458,W1
QSO_62.1355882-56.6171084,59411.87172899999,18.394,0.0344490754172902,W1
QSO_62.1355882-56.6171084,59572.06902449999,18.332,0.0717677562207014,W1
QSO_62.1355882-56.6171084,59775.61711450004,18.379,0.0411689179924718,W1
QSO_62.1355882-56.6171084,59936.01581699997,18.423,0.0442387952096767,W1
QSO_62.1355882-56.6171084,60142.348966499965,18.472,0.0423574502754036,W1
QSO_62.1355882-56.6171084,60302.478499749945,18.307,0.0608926021779328,W1
QSO_62.1355882-56.6171084,60506.75310879996,18.488,0.0502811846605089,W1
QSO_62.1355882-56.6171084,55207.33530350002,18.411,0.1049085956586622,W2
QSO_62.1355882-56.6171084,55393.83132349997,18.476,0.0469524598840314,W2
QSO_62.1355882-56.6171084,55569.51009400001,18.474,0.0340026707576874,W2
QSO_62.1355882-56.6171084,56669.783148999966,18.361,0.0564931197316077,W2
QSO_62.1355882-56.6171084,56857.5891905,18.3795,0.0423272028884979,W2
QSO_62.1355882-56.6171084,57033.13581339282,18.218,0.0567057918509746,W2
QSO_62.1355882-56.6171084,57220.42858062268,18.358,0.0559147184625009,W2
QSO_62.1355882-56.6171084,57392.98817771543,18.364,0.0490679723950527,W2
QSO_62.1355882-56.6171084,57584.73430884273,18.333,0.068127333398168,W2
QSO_62.1355882-56.6171084,57753.04474363109,18.359,0.035146618893702,W2
QSO_62.1355882-56.6171084,57950.331310000016,18.32,0.0393137522719319,W2
QSO_62.1355882-56.6171084,58114.80467175008,18.3375,0.0573625209371397,W2
QSO_62.1355882-56.6171084,58315.839098,18.19,0.0493785417362644,W2
QSO_62.1355882-56.6171084,58476.44625200005,18.258000000000003,0.0732550592856049,W2
QSO_62.1355882-56.6171084,58679.98912250003,18.231,0.0613206797288099,W2
QSO_62.1355882-56.6171084,58840.511158500034,18.156,0.0541115875951723,W2
QSO_62.1355882-56.6171084,59047.60157349996,18.2945,0.0554464463669744,W2
QSO_62.1355882-56.6171084,59206.14850960001,18.368,0.0563606302710755,W2
QSO_62.1355882-56.6171084,59411.87172899999,18.188,0.05640348380764,W2
QSO_62.1355882-56.6171084,59572.06902449999,18.302,0.104205960059734,W2
QSO_62.1355882-56.6171084,59775.61711450004,18.3075,0.0534213070527262,W2
QSO_62.1355882-56.6171084,59936.01581699997,18.337,0.056331408505344,W2
QSO_62.1355882-56.6171084,60142.348966499965,18.273,0.0599044902486078,W2
QSO_62.1355882-56.6171084,60302.478499749945,18.177,0.0771291708758754,W2
QSO_62.1355882-56.6171084,60506.75310879996,18.178,0.0940255780511152,W2
QSO_62.0692064-56.6798648,55206.87257475006,18.1615,0.03670396436354,W1
QSO_62.0692064-56.6798648,55393.59993175003,18.109,0.0299850686263203,W1
QSO_62.0692064-56.6798648,55569.34484025,18.131,0.0261613815187907,W1
QSO_62.0692064-56.6798648,56669.35525949997,18.062,0.0257676595941124,W1
QSO_62.0692064-56.6798648,56857.52345399997,18.0805,0.0203568988245497,W1
QSO_62.0692064-56.6798648,57032.97165463242,18.118,0.0314412283077691,W1
QSO_62.0692064-56.6798648,57220.133678854,18.073,0.0357365807298811,W1
QSO_62.0692064-56.6798648,57392.626789292684,18.1325,0.0386741125457478,W1
QSO_62.0692064-56.6798648,57584.537437430205,18.071,0.0383267497565789,W1
QSO_62.0692064-56.6798648,57752.97910268357,18.149,0.0301569435520233,W1
QSO_62.0692064-56.6798648,57949.840640500006,18.122,0.0228074994372455,W1
QSO_62.0692064-56.6798648,58114.01972099995,18.0725,0.0317576957447115,W1
QSO_62.0692064-56.6798648,58315.61022475006,18.104,0.0253068919497191,W1
QSO_62.0692064-56.6798648,58476.18469300004,18.16,0.0424746662174131,W1
QSO_62.0692064-56.6798648,58679.825712000034,18.102,0.0383226501484865,W1
QSO_62.0692064-56.6798648,58840.118965999965,18.203,0.0404695219944841,W1
QSO_62.0692064-56.6798648,59046.913511800005,18.044,0.0287331097729122,W1
QSO_62.0692064-56.6798648,59205.88641699998,18.037,0.0357257183367176,W1
QSO_62.0692064-56.6798648,59411.38189899999,18.091,0.0439852052598125,W1
QSO_62.0692064-56.6798648,59571.67734299999,18.088,0.0571268860573143,W1
QSO_62.0692064-56.6798648,59775.29116949999,18.098,0.0297539460333427,W1
QSO_62.0692064-56.6798648,59935.7554625,18.095,0.0399411739225708,W1
QSO_62.0692064-56.6798648,60142.25167575001,18.131,0.0313616227062968,W1
QSO_62.0692064-56.6798648,60302.34947225,18.14,0.04888342547034,W1
QSO_62.0692064-56.6798648,60506.72108379994,18.200000000000003,0.069312365419166,W1
QSO_62.0692064-56.6798648,55206.87257475006,18.54,0.0847202219071691,W2
QSO_62.0692064-56.6798648,55393.59993175003,18.436,0.0400992005328117,W2
QSO_62.0692064-56.6798648,55569.34484025,18.511000000000003,0.0336434686733547,W2
QSO_62.0692064-56.6798648,56669.35525949997,18.3915,0.036332554893968,W2
QSO_62.0692064-56.6798648,56857.52345399997,18.302,0.0410393011848032,W2
QSO_62.0692064-56.6798648,57032.97165463242,18.374,0.0422361092518141,W2
QSO_62.0692064-56.6798648,57220.133678854,18.455,0.0637459523018377,W2
QSO_62.0692064-56.6798648,57392.626789292684,18.3325,0.048652265813115,W2
QSO_62.0692064-56.6798648,57584.537437430205,18.178,0.0516645988506148,W2
QSO_62.0692064-56.6798648,57752.97910268357,18.499,0.0440007323361104,W2
QSO_62.0692064-56.6798648,57949.840640500006,18.4275,0.0383073131078104,W2
QSO_62.0692064-56.6798648,58114.01972099995,18.368,0.0495741619614461,W2
QSO_62.0692064-56.6798648,58315.61022475006,18.1735,0.0518757405308233,W2
QSO_62.0692064-56.6798648,58476.18469300004,18.3585,0.0619179467768351,W2
QSO_62.0692064-56.6798648,58679.825712000034,18.206,0.0587137840609363,W2
QSO_62.0692064-56.6798648,58840.118965999965,18.48,0.0721506131013005,W2
QSO_62.0692064-56.6798648,59046.913511800005,18.188,0.0594311670422178,W2
QSO_62.0692064-56.6798648,59205.88641699998,18.364,0.0548659607402991,W2
QSO_62.0692064-56.6798648,59411.38189899999,18.237,0.0556391136656927,W2
QSO_62.0692064-56.6798648,59571.67734299999,18.24,0.0814691007882736,W2
QSO_62.0692064-56.6798648,59775.29116949999,18.208,0.0497321623587565,W2
QSO_62.0692064-56.6798648,59935.7554625,18.213,0.0783916199719316,W2
QSO_62.0692064-56.6798648,60142.25167575001,18.2115,0.0601481992888029,W2
QSO_62.0692064-56.6798648,60302.34947225,18.394,0.0562849373198212,W2
QSO_62.0692064-56.6798648,60506.72108379994,17.8675,0.1081638987832816,W2
QSO_62.040893-56.6105966,55207.302289250016,18.5535,0.0727727627619015,W1
QSO_62.040893-56.6105966,55393.69904750002,18.505,0.0445696085702175,W1
QSO_62.040893-56.6105966,55569.34484025,18.6155,0.0343144446370537,W1
QSO_62.040893-56.6105966,56669.65142050004,18.412,0.0341693535647379,W1
QSO_62.040893-56.6105966,56857.68781350007,18.379,0.0286736099342015,W1
QSO_62.040893-56.6105966,57032.9059911282,18.5245,0.0447364402984431,W1
QSO_62.040893-56.6105966,57220.23197336024,18.5945,0.0618259232735731,W1
QSO_62.040893-56.6105966,57392.8567471072,18.519,0.0481660863234715,W1
QSO_62.040893-56.6105966,57584.537437430205,18.511,0.0337525117576155,W1
QSO_62.040893-56.6105966,57752.94630908149,18.5255,0.0439948972856725,W1
QSO_62.040893-56.6105966,57950.46212599997,18.616,0.0420219758487094,W1
QSO_62.040893-56.6105966,58114.67385575004,18.5645,0.0432069180636004,W1
QSO_62.040893-56.6105966,58315.871802000045,18.5435,0.045423788145793,W1
QSO_62.040893-56.6105966,58476.11928500002,18.462000000000003,0.0643673238604215,W1
QSO_62.040893-56.6105966,58679.69504200003,18.61,0.0554185593033375,W1
QSO_62.040893-56.6105966,58840.380452000005,18.424,0.0594886954713994,W1
QSO_62.040893-56.6105966,59047.0773151,18.663,0.0534740304528318,W1
QSO_62.040893-56.6105966,59205.95193100002,18.43,0.0428823692763376,W1
QSO_62.040893-56.6105966,59411.44717924994,18.4395,0.0478774339217951,W1
QSO_62.040893-56.6105966,59572.003817250006,18.646,0.0903805099237336,W1
QSO_62.040893-56.6105966,59775.45416024995,18.391,0.0525297648023056,W1
QSO_62.040893-56.6105966,59936.01581699997,18.4715,0.0473966026917399,W1
QSO_62.040893-56.6105966,60142.219282,18.478,0.0439853682074328,W1
QSO_62.040893-56.6105966,60302.478499749945,18.5835,0.0844481438517152,W1
QSO_62.040893-56.6105966,60506.75298069999,18.4745,0.0894605250760078,W1
QSO_62.040893-56.6105966,55207.302289250016,18.4235,0.1162381714412268,W2
QSO_62.040893-56.6105966,55393.69904750002,18.4555,0.0350591384881698,W2
QSO_62.040893-56.6105966,55569.34484025,18.436,0.0422996464659675,W2
QSO_62.040893-56.6105966,56669.65142050004,18.23,0.0485781402325656,W2
QSO_62.040893-56.6105966,56857.68781350007,18.314,0.034672692518486,W2
QSO_62.040893-56.6105966,57032.9059911282,18.2905,0.0493955180741182,W2
QSO_62.040893-56.6105966,57220.23197336024,18.348,0.0619750619195101,W2
QSO_62.040893-56.6105966,57392.8567471072,18.363,0.0549095892999078,W2
QSO_62.040893-56.6105966,57584.537437430205,18.377,0.0507709705485138,W2
QSO_62.040893-56.6105966,57752.94630908149,18.3145,0.0446858214528631,W2
QSO_62.040893-56.6105966,57950.46212599997,18.265,0.0439873837504886,W2
QSO_62.040893-56.6105966,58114.67385575004,18.3315,0.0585332729562319,W2
QSO_62.040893-56.6105966,58315.871802000045,18.291,0.0753839625414027,W2
QSO_62.040893-56.6105966,58476.11928500002,18.235,0.0796909288950013,W2
QSO_62.040893-56.6105966,58679.69504200003,18.1,0.055910465314959,W2
QSO_62.040893-56.6105966,58840.380452000005,18.296,0.0574528882683053,W2
QSO_62.040893-56.6105966,59047.0773151,18.289,0.0433907597770131,W2
QSO_62.040893-56.6105966,59205.95193100002,18.414,0.0524405813970389,W2
QSO_62.040893-56.6105966,59411.44717924994,18.186,0.0387899282571594,W2
QSO_62.040893-56.6105966,59572.003817250006,18.0355,0.0915670260226335,W2
QSO_62.040893-56.6105966,59775.45416024995,18.1995,0.0578346935335793,W2
QSO_62.040893-56.6105966,59936.01581699997,18.186,0.0558393311949174,W2
QSO_62.040893-56.6105966,60142.219282,18.224,0.0574436379101146,W2
QSO_62.040893-56.6105966,60302.478499749945,18.123,0.074700575633659,W2
QSO_62.040893-56.6105966,60506.75298069999,17.9035,0.0989208964273982,W2
QSO_61.7526118-56.4698209,55207.269275000006,18.023,0.039876778134678,W1
QSO_61.7526118-56.4698209,55393.59985874997,17.9155,0.0222379158723058,W1
QSO_61.7526118-56.4698209,55569.311826,18.021,0.0206960009739354,W1
QSO_61.7526118-56.4698209,56669.32237300002,17.924,0.0225634585999682,W1
QSO_61.7526118-56.4698209,56857.52345399997,17.9115,0.0170137340632915,W1
QSO_61.7526118-56.4698209,57033.33285865529,17.932000000000002,0.0245035468921434,W1
QSO_61.7526118-56.4698209,57220.199141608166,17.935000000000002,0.0281934072517594,W1
QSO_61.7526118-56.4698209,57392.79115990304,17.927999999999997,0.0280018350085917,W1
QSO_61.7526118-56.4698209,57584.406153221935,17.951,0.0358909110671588,W1
QSO_61.7526118-56.4698209,57752.81513467314,17.902,0.0243163389052445,W1
QSO_61.7526118-56.4698209,57949.807936500045,17.877000000000002,0.0151090209148443,W1
QSO_61.7526118-56.4698209,58115.26258250004,17.921,0.0174513314741797,W1
QSO_61.7526118-56.4698209,58315.61016999998,17.985,0.0382552998639822,W1
QSO_61.7526118-56.4698209,58476.184747749954,17.887,0.0315503689558458,W1
QSO_61.7526118-56.4698209,58679.76030400002,17.912,0.0304405419883409,W1
QSO_61.7526118-56.4698209,58840.05370399998,17.89,0.0367853986733264,W1
QSO_61.7526118-56.4698209,59046.88071819996,17.908,0.0312145193040773,W1
QSO_61.7526118-56.4698209,59205.62443420004,17.919,0.0320980721672523,W1
QSO_61.7526118-56.4698209,59411.41447525006,17.9575,0.0397786701581288,W1
QSO_61.7526118-56.4698209,59571.5467825,17.966,0.0280202889455586,W1
QSO_61.7526118-56.4698209,59775.25859325,17.9875,0.0271310747086021,W1
QSO_61.7526118-56.4698209,59935.75560850003,17.929,0.0202868681058427,W1
QSO_61.7526118-56.4698209,60142.02484650004,17.9295,0.0204596492310421,W1
QSO_61.7526118-56.4698209,60302.413986000014,18.003,0.0473552414141734,W1
QSO_61.7526118-56.4698209,60507.13707939998,17.927999999999997,0.0504376285165191,W1
QSO_61.7526118-56.4698209,55207.269275000006,18.313,0.0547129269293633,W2
QSO_61.7526118-56.4698209,55393.59985874997,18.3705,0.0557032707308752,W2
QSO_61.7526118-56.4698209,55569.311826,18.474,0.0346150691740426,W2
QSO_61.7526118-56.4698209,56669.32237300002,18.29,0.0496051787672588,W2
QSO_61.7526118-56.4698209,56857.52345399997,18.388,0.0390169098558012,W2
QSO_61.7526118-56.4698209,57033.33285865529,18.48,0.0573587848110305,W2
QSO_61.7526118-56.4698209,57220.199141608166,18.1875,0.0560773638480947,W2
QSO_61.7526118-56.4698209,57392.79115990304,18.216,0.0496374672745739,W2
QSO_61.7526118-56.4698209,57584.406153221935,18.337,0.0595840031572623,W2
QSO_61.7526118-56.4698209,57752.81513467314,18.324,0.0392111351185342,W2
QSO_61.7526118-56.4698209,57949.807936500045,18.207,0.0375455053300187,W2
QSO_61.7526118-56.4698209,58115.26258250004,18.344,0.0483641010880226,W2
QSO_61.7526118-56.4698209,58315.61016999998,18.37,0.0594036423859765,W2
QSO_61.7526118-56.4698209,58476.184747749954,18.3665,0.0653587381184606,W2
QSO_61.7526118-56.4698209,58679.76030400002,18.2415,0.0432850422936565,W2
QSO_61.7526118-56.4698209,58840.05370399998,18.39,0.0494491433033727,W2
QSO_61.7526118-56.4698209,59046.88071819996,18.26,0.0432329119644176,W2
QSO_61.7526118-56.4698209,59205.62443420004,18.305,0.0553405836263796,W2
QSO_61.7526118-56.4698209,59411.41447525006,18.2725,0.0488552308742021,W2
QSO_61.7526118-56.4698209,59571.5467825,18.454,0.0821405660596066,W2
QSO_61.7526118-56.4698209,59775.25859325,18.198,0.0589249708122433,W2
QSO_61.7526118-56.4698209,59935.75560850003,18.28,0.0588510144445427,W2
QSO_61.7526118-56.4698209,60142.02484650004,18.213,0.0730886923388587,W2
QSO_61.7526118-56.4698209,60302.413986000014,18.116,0.0748433168396323,W2
QSO_61.7526118-56.4698209,60507.13707939998,17.701999999999998,0.100050470226744,W2
QSO_61.7798807-56.4467491,55207.30236224999,18.2665,0.0677309561565092,W1
QSO_61.7798807-56.4467491,55393.69897449997,18.397,0.033734177223847,W1
QSO_61.7798807-56.4467491,55569.34498625004,18.325,0.0321992085437844,W1
QSO_61.7798807-56.4467491,56669.25645400002,18.196,0.0480252808384426,W1
QSO_61.7798807-56.4467491,56857.3918715,18.153,0.0262846457731456,W1
QSO_61.7798807-56.4467491,57033.16875464489,18.256,0.0393948827910866,W1
QSO_61.7798807-56.4467491,57220.133532854044,18.1,0.042424479010391,W1
QSO_61.7798807-56.4467491,57393.11960832373,18.133,0.0583838143404095,W1
QSO_61.7798807-56.4467491,57584.7998960469,18.135,0.0456661028350176,W1
QSO_61.7798807-56.4467491,57752.81513467314,18.2105,0.0340596003352946,W1
QSO_61.7798807-56.4467491,57950.069568500025,18.141,0.0361931802264594,W1
QSO_61.7798807-56.4467491,58115.52421449994,18.243,0.0534298217254126,W1
QSO_61.7798807-56.4467491,58315.61016999998,18.19,0.0426486507102793,W1
QSO_61.7798807-56.4467491,58476.25021049997,18.159,0.0513119089490929,W1
QSO_61.7798807-56.4467491,58679.400833750056,18.17,0.0375039864547757,W1
QSO_61.7798807-56.4467491,58840.38054324995,18.3285,0.0660011837015063,W1
QSO_61.7798807-56.4467491,59047.50319269998,18.168,0.035074914619547,W1
QSO_61.7798807-56.4467491,59206.14850960001,18.178,0.0488770832314564,W1
QSO_61.7798807-56.4467491,59411.54509049997,18.182,0.1080715320890946,W1
QSO_61.7798807-56.4467491,59572.00389024998,18.311,0.0415023975211072,W1
QSO_61.7798807-56.4467491,59775.51931275001,18.17,0.0378390984961323,W1
QSO_61.7798807-56.4467491,59935.88576749996,18.29,0.0604522798090425,W1
QSO_61.7798807-56.4467491,60142.38121425003,18.1095,0.0521538972656885,W1
QSO_61.7798807-56.4467491,60302.54301349996,18.197,0.0792391822269762,W1
QSO_61.7798807-56.4467491,60507.008686599984,18.27,0.1097505254774008,W1
QSO_61.7798807-56.4467491,55207.30236224999,18.581,0.0910842244161962,W2
QSO_61.7798807-56.4467491,55393.69897449997,18.469,0.0423237830646779,W2
QSO_61.7798807-56.4467491,55569.34498625004,18.548,0.0307112254539246,W2
QSO_61.7798807-56.4467491,56669.25645400002,18.45,0.065582739939665,W2
QSO_61.7798807-56.4467491,56857.3918715,18.334,0.0457942785263457,W2
QSO_61.7798807-56.4467491,57033.16875464489,18.3765,0.0621276190545133,W2
QSO_61.7798807-56.4467491,57220.133532854044,18.393,0.0747314109844325,W2
QSO_61.7798807-56.4467491,57393.11960832373,18.43,0.0673595064219517,W2
QSO_61.7798807-56.4467491,57584.7998960469,18.356,0.0586781448370308,W2
QSO_61.7798807-56.4467491,57752.81513467314,18.3635,0.0692672171737828,W2
QSO_61.7798807-56.4467491,57950.069568500025,18.279,0.0561145021742049,W2
QSO_61.7798807-56.4467491,58115.52421449994,18.372,0.0625283846655973,W2
QSO_61.7798807-56.4467491,58315.61016999998,18.195,0.0889168098509729,W2
QSO_61.7798807-56.4467491,58476.25021049997,18.433,0.1341621705250774,W2
QSO_61.7798807-56.4467491,58679.400833750056,18.225,0.0600608774494681,W2
QSO_61.7798807-56.4467491,58840.38054324995,18.2755,0.0992906088207743,W2
QSO_61.7798807-56.4467491,59047.50319269998,18.2455,0.0733585586970653,W2
QSO_61.7798807-56.4467491,59206.14850960001,18.496,0.0645356079830405,W2
QSO_61.7798807-56.4467491,59411.54509049997,18.178,0.0980429995056563,W2
QSO_61.7798807-56.4467491,59572.00389024998,18.194000000000003,0.077964870294255,W2
QSO_61.7798807-56.4467491,59775.51931275001,18.278,0.0588754447966213,W2
QSO_61.7798807-56.4467491,59935.88576749996,18.265,0.1095365801486908,W2
QSO_61.7798807-56.4467491,60142.38121425003,18.0375,0.0770270082503535,W2
QSO_61.7798807-56.4467491,60302.54301349996,18.133,0.1414067608001826,W2
QSO_61.7798807-56.4467491,60507.008686599984,17.989,0.1704671680810885,W2
QSO_62.0502156-56.6203378,55207.302289250016,18.3705,0.0668275386489359,W1
QSO_62.0502156-56.6203378,55393.6991205,18.3365,0.0314148583753366,W1
QSO_62.0502156-56.6203378,55569.37785450001,18.366,0.0256275813090668,W1
QSO_62.0502156-56.6203378,56669.61853400001,18.289,0.0332026098614521,W1
QSO_62.0502156-56.6203378,56857.52345399997,18.228,0.026547917639908,W1
QSO_62.0502156-56.6203378,57032.9059911282,18.2705,0.0283315618318746,W1
QSO_62.0502156-56.6203378,57220.133678854,18.291,0.0358555491192164,W1
QSO_62.0502156-56.6203378,57392.82388030514,18.22,0.0290154926210302,W1
QSO_62.0502156-56.6203378,57584.471795326026,18.237,0.0369056702395091,W1
QSO_62.0502156-56.6203378,57752.84792827523,18.311,0.0385310265747549,W1
QSO_62.0502156-56.6203378,57950.39671799995,18.2095,0.0272701030801599,W1
QSO_62.0502156-56.6203378,58114.01972099995,18.2475,0.0338490444842982,W1
QSO_62.0502156-56.6203378,58315.871802000045,18.146,0.038659303985139,W1
QSO_62.0502156-56.6203378,58476.31550899999,18.2695,0.0369966181678726,W1
QSO_62.0502156-56.6203378,58679.858416,18.263,0.0375993812092407,W1
QSO_62.0502156-56.6203378,58840.249782,18.357,0.0526296137805746,W1
QSO_62.0502156-56.6203378,59047.0773151,18.2315,0.0406207298795703,W1
QSO_62.0502156-56.6203378,59205.55879210001,18.2835,0.0470280294670694,W1
QSO_62.0502156-56.6203378,59411.44717924994,18.214,0.0433113410871085,W1
QSO_62.0502156-56.6203378,59571.87318374994,18.138,0.0441881171705028,W1
QSO_62.0502156-56.6203378,59775.35637674997,18.186,0.0375367007365487,W1
QSO_62.0502156-56.6203378,59935.62530349999,18.201,0.047943820484206,W1
QSO_62.0502156-56.6203378,60142.25167575001,18.2395,0.0327314488029592,W1
QSO_62.0502156-56.6203378,60302.413986000014,18.194,0.0511289673255249,W1
QSO_62.0502156-56.6203378,60506.72108379994,18.1745,0.0662289966706426,W1
QSO_62.0502156-56.6203378,55207.302289250016,18.5225,0.0556579782859117,W2
QSO_62.0502156-56.6203378,55393.6991205,18.526,0.0459926337111186,W2
QSO_62.0502156-56.6203378,55569.37785450001,18.398,0.0350931608829409,W2
QSO_62.0502156-56.6203378,56669.61853400001,18.35,0.0427047085182609,W2
QSO_62.0502156-56.6203378,56857.52345399997,18.386,0.0313032114998564,W2
QSO_62.0502156-56.6203378,57032.9059911282,18.3315,0.0505194586099473,W2
QSO_62.0502156-56.6203378,57220.133678854,18.21,0.0535013468251007,W2
QSO_62.0502156-56.6203378,57392.82388030514,18.44,0.0539586315179858,W2
QSO_62.0502156-56.6203378,57584.471795326026,18.233,0.058487376882799,W2
QSO_62.0502156-56.6203378,57752.84792827523,18.444,0.0491425846668389,W2
QSO_62.0502156-56.6203378,57950.39671799995,18.2645,0.0334838038976576,W2
QSO_62.0502156-56.6203378,58114.01972099995,18.2625,0.0488499976010746,W2
QSO_62.0502156-56.6203378,58315.871802000045,18.4295,0.0653596998299187,W2
QSO_62.0502156-56.6203378,58476.31550899999,18.3485,0.0611670655836077,W2
QSO_62.0502156-56.6203378,58679.858416,18.144,0.0440167274483999,W2
QSO_62.0502156-56.6203378,58840.249782,18.396,0.0713011776056066,W2
QSO_62.0502156-56.6203378,59047.0773151,18.1965,0.0602395064207771,W2
QSO_62.0502156-56.6203378,59205.55879210001,18.233,0.0662796882466572,W2
QSO_62.0502156-56.6203378,59411.44717924994,18.2645,0.0609628745667173,W2
QSO_62.0502156-56.6203378,59571.87318374994,18.319,0.057297969350289,W2
QSO_62.0502156-56.6203378,59775.35637674997,18.295,0.0515885797563695,W2
QSO_62.0502156-56.6203378,59935.62530349999,18.504,0.0671004315245993,W2
QSO_62.0502156-56.6203378,60142.25167575001,18.1145,0.0560363096572213,W2
QSO_62.0502156-56.6203378,60302.413986000014,18.39,0.0622490091768626,W2
QSO_62.0502156-56.6203378,60506.72108379994,17.809,0.0993428904177002,W2
QSO_62.4380486-56.5596571,55208.55863749997,17.972499999999997,0.0396906083066901,W1
QSO_62.4380486-56.5596571,55394.45925125002,17.9615,0.0282096312683504,W1
QSO_62.4380486-56.5596571,55570.17089000004,18.045,0.0229854803081212,W1
QSO_62.4380486-56.5596571,56670.24418050004,17.958,0.031011598328307,W1
QSO_62.4380486-56.5596571,56858.73965225004,17.999000000000002,0.0143733423251518,W1
QSO_62.4380486-56.5596571,57033.62828967403,17.976,0.0279926550366342,W1
QSO_62.4380486-56.5596571,57220.85480939969,18.022,0.0256872154353717,W1
QSO_62.4380486-56.5596571,57393.3494746383,17.933999999999997,0.0246517743505032,W1
QSO_62.4380486-56.5596571,57585.29238567809,18.024,0.0288411684991498,W1
QSO_62.4380486-56.5596571,57753.43856896062,18.036,0.0180824449346545,W1
QSO_62.4380486-56.5596571,57951.73794699998,18.038,0.0206966215811219,W1
QSO_62.4380486-56.5596571,58115.52421450002,17.956,0.027960083835366,W1
QSO_62.4380486-56.5596571,58316.75451800001,17.9645,0.0339547533474219,W1
QSO_62.4380486-56.5596571,58476.90398024995,17.9635,0.0599463932889992,W1
QSO_62.4380486-56.5596571,58680.28331250003,18.002000000000002,0.0348799206068256,W1
QSO_62.4380486-56.5596571,58840.77264449999,18.012999999999998,0.0298663492046619,W1
QSO_62.4380486-56.5596571,59047.89640479996,18.03,0.0344961355969944,W1
QSO_62.4380486-56.5596571,59207.58948820002,17.973,0.0300465490955407,W1
QSO_62.4380486-56.5596571,59412.45952500004,18.012999999999998,0.0353003414802414,W1
QSO_62.4380486-56.5596571,59572.265011249976,18.1015,0.0331561960021552,W1
QSO_62.4380486-56.5596571,59776.39938249999,17.954,0.0302692917282698,W1
QSO_62.4380486-56.5596571,59936.40636699998,17.964,0.0375081383761504,W1
QSO_62.4380486-56.5596571,60142.99691450001,18.016,0.0300469107173936,W1
QSO_62.4380486-56.5596571,60303.05905050001,18.048,0.0352131216578358,W1
QSO_62.4380486-56.5596571,60506.945148999934,17.921,0.0328417219966265,W1
QSO_62.4380486-56.5596571,55208.55863749997,18.3035,0.0848139126637907,W2
QSO_62.4380486-56.5596571,55394.45925125002,18.372,0.0540147171303031,W2
QSO_62.4380486-56.5596571,55570.17089000004,18.443,0.0379932495439272,W2
QSO_62.4380486-56.5596571,56670.24418050004,18.228,0.0476919113394779,W2
QSO_62.4380486-56.5596571,56858.73965225004,18.312,0.0417749781567866,W2
QSO_62.4380486-56.5596571,57033.62828967403,18.426,0.0670179753797441,W2
QSO_62.4380486-56.5596571,57220.85480939969,18.31,0.0536337715508961,W2
QSO_62.4380486-56.5596571,57393.3494746383,18.378500000000003,0.0473104023505178,W2
QSO_62.4380486-56.5596571,57585.29238567809,18.311,0.0569105952713718,W2
QSO_62.4380486-56.5596571,57753.43856896062,18.384,0.0535569215883705,W2
QSO_62.4380486-56.5596571,57951.73794699998,18.3915,0.0410469243546328,W2
QSO_62.4380486-56.5596571,58115.52421450002,18.405,0.0447870474340574,W2
QSO_62.4380486-56.5596571,58316.75451800001,18.3,0.0523736347110569,W2
QSO_62.4380486-56.5596571,58476.90398024995,18.268,0.0927489418319019,W2
QSO_62.4380486-56.5596571,58680.28331250003,18.33,0.0711209315363237,W2
QSO_62.4380486-56.5596571,58840.77264449999,18.218,0.0612751318054706,W2
QSO_62.4380486-56.5596571,59047.89640479996,18.199,0.0719644944189153,W2
QSO_62.4380486-56.5596571,59207.58948820002,18.276,0.0418601276369838,W2
QSO_62.4380486-56.5596571,59412.45952500004,18.105,0.0604346405683269,W2
QSO_62.4380486-56.5596571,59572.265011249976,18.2025,0.106385719418991,W2
QSO_62.4380486-56.5596571,59776.39938249999,18.168,0.0701938623961826,W2
QSO_62.4380486-56.5596571,59936.40636699998,18.465,0.0731621314716942,W2
QSO_62.4380486-56.5596571,60142.99691450001,18.107,0.064030787087357,W2
QSO_62.4380486-56.5596571,60303.05905050001,18.25,0.0999280206764025,W2
QSO_62.4380486-56.5596571,60506.945148999934,18.041,0.1374479025883113,W2
QSO_62.1947112-56.4325071,55208.49253599998,18.2095,0.0428776991517514,W1
QSO_62.1947112-56.4325071,55394.42616399996,18.1235,0.0322448164079931,W1
QSO_62.1947112-56.4325071,55569.97276799997,18.218,0.0209831408700461,W1
QSO_62.1947112-56.4325071,56670.17826150003,18.051,0.0309472898992196,W1
QSO_62.1947112-56.4325071,56858.47670625,18.125,0.0206991895493519,W1
QSO_62.1947112-56.4325071,57033.46413091363,17.997,0.0313522276578608,W1
QSO_62.1947112-56.4325071,57220.85473639971,18.1465,0.033798485611483,W1
QSO_62.1947112-56.4325071,57393.38232314039,18.095,0.0290706266968004,W1
QSO_62.1947112-56.4325071,57585.32525248016,18.1855,0.0293504061403791,W1
QSO_62.1947112-56.4325071,57753.405776117645,18.1295,0.0372431798774552,W1
QSO_62.1947112-56.4325071,57951.44346499999,18.101,0.0202913530596641,W1
QSO_62.1947112-56.4325071,58115.58962250004,18.14,0.025860404556658,W1
QSO_62.1947112-56.4325071,58316.55829400004,18.108,0.0349525903233673,W1
QSO_62.1947112-56.4325071,58476.70781099998,18.0775,0.0402519755583643,W1
QSO_62.1947112-56.4325071,58680.348610999965,18.107,0.0416079543667478,W1
QSO_62.1947112-56.4325071,58840.64197449999,18.253,0.0501846627532498,W1
QSO_62.1947112-56.4325071,59047.8636661,18.0785,0.0276671964248786,W1
QSO_62.1947112-56.4325071,59206.73820880004,18.041,0.0220675629268733,W1
QSO_62.1947112-56.4325071,59412.328818500006,18.1785,0.0308002096543038,W1
QSO_62.1947112-56.4325071,59572.46085200001,18.17,0.058375634463996,W1
QSO_62.1947112-56.4325071,59776.20381549996,18.131,0.0308756882117273,W1
QSO_62.1947112-56.4325071,59936.47157424996,18.1165,0.0326059973486495,W1
QSO_62.1947112-56.4325071,60142.67294050003,18.139,0.0316144714193942,W1
QSO_62.1947112-56.4325071,60303.31710549998,18.024,0.0373012897625366,W1
QSO_62.1947112-56.4325071,60507.296875,18.1145,0.0811139260546547,W1
QSO_62.1947112-56.4325071,55208.49253599998,18.6545,0.073051942960214,W2
QSO_62.1947112-56.4325071,55394.42616399996,18.452,0.0470668637861783,W2
QSO_62.1947112-56.4325071,55569.97276799997,18.539,0.0503187627905598,W2
QSO_62.1947112-56.4325071,56670.17826150003,18.277,0.0400750336826036,W2
QSO_62.1947112-56.4325071,56858.47670625,18.342,0.0394918934210661,W2
QSO_62.1947112-56.4325071,57033.46413091363,18.334,0.0445917559571724,W2
QSO_62.1947112-56.4325071,57220.85473639971,18.3745,0.0400808737984146,W2
QSO_62.1947112-56.4325071,57393.38232314039,18.261,0.0431724310645058,W2
QSO_62.1947112-56.4325071,57585.32525248016,18.346,0.0512511101195936,W2
QSO_62.1947112-56.4325071,57753.405776117645,18.3125,0.0512409965879379,W2
QSO_62.1947112-56.4325071,57951.44346499999,18.381,0.0362019339554724,W2
QSO_62.1947112-56.4325071,58115.58962250004,18.332,0.0526504311590566,W2
QSO_62.1947112-56.4325071,58316.55829400004,18.424,0.0889259011506486,W2
QSO_62.1947112-56.4325071,58476.70781099998,18.312,0.0676868647509097,W2
QSO_62.1947112-56.4325071,58680.348610999965,18.124,0.0578808654406524,W2
QSO_62.1947112-56.4325071,58840.64197449999,18.52,0.0933005774154458,W2
QSO_62.1947112-56.4325071,59047.8636661,18.2525,0.0530743294323849,W2
QSO_62.1947112-56.4325071,59206.73820880004,18.283,0.0390541827253557,W2
QSO_62.1947112-56.4325071,59412.328818500006,18.141,0.0685070977445132,W2
QSO_62.1947112-56.4325071,59572.46085200001,18.2395,0.0950349685885655,W2
QSO_62.1947112-56.4325071,59776.20381549996,18.304,0.057098753845254,W2
QSO_62.1947112-56.4325071,59936.47157424996,18.329500000000003,0.0481497791746534,W2
QSO_62.1947112-56.4325071,60142.67294050003,18.195,0.0454268418790267,W2
QSO_62.1947112-56.4325071,60303.31710549998,18.327,0.0781332149071967,W2
QSO_62.1947112-56.4325071,60507.296875,18.113,0.0881090517483876,W2
QSO_61.8447552-56.6022013,55206.47587450002,18.528,0.0533981345008941,W1
QSO_61.8447552-56.6022013,55393.4677105,18.806,0.0483225245616597,W1
QSO_61.8447552-56.6022013,55569.11355799998,18.64,0.0479302291488935,W1
QSO_61.8447552-56.6022013,56669.45399200003,18.526,0.0458381616331043,W1
QSO_61.8447552-56.6022013,56857.12899850002,18.4505,0.0342542486042238,W1
QSO_61.8447552-56.6022013,57032.87315937614,18.5655,0.0483011986086995,W1
QSO_61.8447552-56.6022013,57219.54361981652,18.455,0.0537804623234361,W1
QSO_61.8447552-56.6022013,57392.5939956906,18.477,0.0336955308609318,W1
QSO_61.8447552-56.6022013,57584.471795326026,18.4875,0.0613826278355692,W1
QSO_61.8447552-56.6022013,57752.71660746693,18.541,0.0478361883776419,W1
QSO_61.8447552-56.6022013,57949.578935499965,18.5635,0.0390755935133737,W1
QSO_61.8447552-56.6022013,58114.67385575004,18.437,0.0377153869557657,W1
QSO_61.8447552-56.6022013,58315.57746600001,18.502,0.0746765165834976,W1
QSO_61.8447552-56.6022013,58475.85779899998,18.61,0.0770226633471879,W1
QSO_61.8447552-56.6022013,58679.53157675003,18.527,0.0529313803834859,W1
QSO_61.8447552-56.6022013,58840.118965999965,18.449,0.0718199518343023,W1
QSO_61.8447552-56.6022013,59046.71693319993,18.5515,0.0385372086923033,W1
QSO_61.8447552-56.6022013,59204.83819299996,18.467,0.078790174961474,W1
QSO_61.8447552-56.6022013,59410.95733099996,18.467,0.0419564228134822,W1
QSO_61.8447552-56.6022013,59571.5467825,18.656,0.0497360425584544,W1
QSO_61.8447552-56.6022013,59775.226017000015,18.513,0.0405065204366691,W1
QSO_61.8447552-56.6022013,59935.88576749996,18.468,0.0542100300265989,W1
QSO_61.8447552-56.6022013,60141.992471,18.481,0.028741425314098,W1
QSO_61.8447552-56.6022013,60302.28495849999,18.358,0.0749880831867799,W1
QSO_61.8447552-56.6022013,60506.3699434,18.509,0.0741212465064738,W1
QSO_61.8447552-56.6022013,55206.47587450002,18.564,0.1098647878300336,W2
QSO_61.8447552-56.6022013,55393.4677105,18.521,0.042851906307786,W2
QSO_61.8447552-56.6022013,55569.11355799998,18.495,0.0415341273377803,W2
QSO_61.8447552-56.6022013,56669.45399200003,18.312,0.0624947448860342,W2
QSO_61.8447552-56.6022013,56857.12899850002,18.346,0.0452930681972258,W2
QSO_61.8447552-56.6022013,57032.87315937614,18.4035,0.0561014679901351,W2
QSO_61.8447552-56.6022013,57219.54361981652,18.235,0.0692884143225447,W2
QSO_61.8447552-56.6022013,57392.5939956906,18.246,0.0586234661547745,W2
QSO_61.8447552-56.6022013,57584.471795326026,18.302,0.0720398318640459,W2
QSO_61.8447552-56.6022013,57752.71660746693,18.476,0.0601235715405307,W2
QSO_61.8447552-56.6022013,57949.578935499965,18.34,0.0510375510693411,W2
QSO_61.8447552-56.6022013,58114.67385575004,18.299,0.0484278858439516,W2
QSO_61.8447552-56.6022013,58315.57746600001,18.381,0.0644521511535241,W2
QSO_61.8447552-56.6022013,58475.85779899998,18.372,0.0807650097516375,W2
QSO_61.8447552-56.6022013,58679.53157675003,18.148,0.0487211790395332,W2
QSO_61.8447552-56.6022013,58840.118965999965,18.273,0.0662361297849511,W2
QSO_61.8447552-56.6022013,59046.71693319993,18.1435,0.0708093757454729,W2
QSO_61.8447552-56.6022013,59204.83819299996,18.338,0.0620951594749787,W2
QSO_61.8447552-56.6022013,59410.95733099996,18.096,0.0812270368255881,W2
QSO_61.8447552-56.6022013,59571.5467825,18.259,0.0826722912380107,W2
QSO_61.8447552-56.6022013,59775.226017000015,18.263,0.0714494650564392,W2
QSO_61.8447552-56.6022013,59935.88576749996,18.323,0.0603992030018526,W2
QSO_61.8447552-56.6022013,60141.992471,18.024,0.0873955633885382,W2
QSO_61.8447552-56.6022013,60302.28495849999,18.47,0.1192142772311589,W2
QSO_61.8447552-56.6022013,60506.3699434,17.948,0.0699051418922368,W2
QSO_62.2269781-56.7006826,55207.302289250016,18.278,0.0481790078444438,W1
QSO_62.2269781-56.7006826,55393.76514900001,18.325,0.0340858241098526,W1
QSO_62.2269781-56.7006826,55569.47706149995,18.335,0.0270497119486012,W1
QSO_62.2269781-56.7006826,56669.61853400001,18.162,0.03137804360867,W1
QSO_62.2269781-56.7006826,56857.72070000001,18.192500000000003,0.0231652047226744,W1
QSO_62.2269781-56.7006826,57033.20147689695,18.112,0.0369785363817421,W1
QSO_62.2269781-56.7006826,57220.29750911438,18.207,0.023806125150747,W1
QSO_62.2269781-56.7006826,57392.8895956093,18.213,0.0335785476243674,W1
QSO_62.2269781-56.7006826,57584.800042446856,18.1825,0.0254705610650582,W1
QSO_62.2269781-56.7006826,57752.94630908149,18.269,0.0309616393479272,W1
QSO_62.2269781-56.7006826,57950.06967800003,18.201,0.0285611430814253,W1
QSO_62.2269781-56.7006826,58114.01972099995,18.2695,0.0307384931797731,W1
QSO_62.2269781-56.7006826,58315.70828199996,18.178,0.0387074067234049,W1
QSO_62.2269781-56.7006826,58476.05395000006,18.206,0.0451221621986842,W1
QSO_62.2269781-56.7006826,58679.989177249954,18.252,0.0450638633982113,W1
QSO_62.2269781-56.7006826,58840.249782,18.161,0.0425902616658374,W1
QSO_62.2269781-56.7006826,59047.503247599976,18.271,0.0325861320196184,W1
QSO_62.2269781-56.7006826,59206.08297729999,18.3035,0.03427577986153,W1
QSO_62.2269781-56.7006826,59411.57755724996,18.297,0.0592760996670288,W1
QSO_62.2269781-56.7006826,59572.003744250025,18.253,0.0515718832651913,W1
QSO_62.2269781-56.7006826,59775.45416024995,18.2065,0.0361765621963136,W1
QSO_62.2269781-56.7006826,59936.14601250001,18.249,0.048030126348335,W1
QSO_62.2269781-56.7006826,60142.413735749935,18.3415,0.0469744416542844,W1
QSO_62.2269781-56.7006826,60302.41393125001,18.2265,0.0932273579899045,W1
QSO_62.2269781-56.7006826,60506.62519180001,18.2505,0.0902027230741957,W1
QSO_62.2269781-56.7006826,55207.302289250016,18.5105,0.0987978918676914,W2
QSO_62.2269781-56.7006826,55393.76514900001,18.544,0.0509644225074319,W2
QSO_62.2269781-56.7006826,55569.47706149995,18.4905,0.0395888525976694,W2
QSO_62.2269781-56.7006826,56669.61853400001,18.327,0.0443255102000213,W2
QSO_62.2269781-56.7006826,56857.72070000001,18.349,0.0326185308761965,W2
QSO_62.2269781-56.7006826,57033.20147689695,18.387,0.050648026380505,W2
QSO_62.2269781-56.7006826,57220.29750911438,18.302,0.0387170901840582,W2
QSO_62.2269781-56.7006826,57392.8895956093,18.2315,0.0623688898247255,W2
QSO_62.2269781-56.7006826,57584.800042446856,18.435,0.0515628460267566,W2
QSO_62.2269781-56.7006826,57752.94630908149,18.3215,0.0578735431782088,W2
QSO_62.2269781-56.7006826,57950.06967800003,18.278,0.0447640323434197,W2
QSO_62.2269781-56.7006826,58114.01972099995,18.439,0.057004849214149,W2
QSO_62.2269781-56.7006826,58315.70828199996,18.291,0.0677303041392243,W2
QSO_62.2269781-56.7006826,58476.05395000006,18.2585,0.0633990935925693,W2
QSO_62.2269781-56.7006826,58679.989177249954,18.1795,0.0690162772479728,W2
QSO_62.2269781-56.7006826,58840.249782,18.184,0.1033728684363572,W2
QSO_62.2269781-56.7006826,59047.503247599976,18.18,0.0587523888876019,W2
QSO_62.2269781-56.7006826,59206.08297729999,18.296,0.0495286045588746,W2
QSO_62.2269781-56.7006826,59411.57755724996,18.115,0.0646633460959496,W2
QSO_62.2269781-56.7006826,59572.003744250025,18.3245,0.0702260363437633,W2
QSO_62.2269781-56.7006826,59775.45416024995,18.251,0.0549525205108741,W2
QSO_62.2269781-56.7006826,59936.14601250001,18.367,0.0909433262674761,W2
QSO_62.2269781-56.7006826,60142.413735749935,18.3365,0.0557873833662875,W2
QSO_62.2269781-56.7006826,60302.41393125001,18.188,0.0694741492024725,W2
QSO_62.2269781-56.7006826,60506.62519180001,18.0255,0.1034241872097627,W2
QSO_61.7896343-56.4953217,55207.269275000006,17.895,0.0410120511336901,W1
QSO_61.7896343-56.4953217,55393.632946000034,17.947,0.0270991426545291,W1
QSO_61.7896343-56.4953217,55569.31197200003,17.997999999999998,0.0295086826391425,W1
QSO_61.7896343-56.4953217,56669.388146,17.9225,0.0209060612250756,W1
QSO_61.7896343-56.4953217,56857.3918715,17.872,0.0168597305887798,W1
QSO_61.7896343-56.4953217,57033.30002690315,17.8875,0.0215680426810735,W1
QSO_61.7896343-56.4953217,57219.93694384157,17.939,0.0282582058734746,W1
QSO_61.7896343-56.4953217,57392.8567471072,17.877000000000002,0.0255601566765433,W1
QSO_61.7896343-56.4953217,57584.668758238586,17.891,0.0249911034233737,W1
QSO_61.7896343-56.4953217,57752.84792827523,17.896,0.0228946324925501,W1
QSO_61.7896343-56.4953217,57949.87334449997,17.84,0.0178885167847584,W1
QSO_61.7896343-56.4953217,58115.26258250004,17.919,0.0224410826926827,W1
QSO_61.7896343-56.4953217,58315.61016999998,17.928,0.0262523640481312,W1
QSO_61.7896343-56.4953217,58476.11939450003,17.903,0.0334762280809773,W1
QSO_61.7896343-56.4953217,58679.825712000034,17.896,0.0302001366884324,W1
QSO_61.7896343-56.4953217,58840.18444699996,17.945999999999998,0.0263082640221542,W1
QSO_61.7896343-56.4953217,59046.88077310004,17.91,0.025142944268372,W1
QSO_61.7896343-56.4953217,59206.01744499998,17.871000000000002,0.0344574868497398,W1
QSO_61.7896343-56.4953217,59411.34912200004,17.897,0.0390786845365508,W1
QSO_61.7896343-56.4953217,59571.93861000002,17.869,0.0244895823763986,W1
QSO_61.7896343-56.4953217,59775.29116949999,17.899,0.0311759666501136,W1
QSO_61.7896343-56.4953217,59935.69051075005,17.9295,0.0392232249439027,W1
QSO_61.7896343-56.4953217,60142.219282,17.932000000000002,0.0288977835363423,W1
QSO_61.7896343-56.4953217,60302.413986000014,17.936,0.077103516181532,W1
QSO_61.7896343-56.4953217,60506.91279459998,17.9085,0.0955247810586149,W1
QSO_61.7896343-56.4953217,55207.269275000006,18.437,0.1241183954669673,W2
QSO_61.7896343-56.4953217,55393.632946000034,18.524,0.0473529240838166,W2
QSO_61.7896343-56.4953217,55569.31197200003,18.42,0.0374389532753792,W2
QSO_61.7896343-56.4953217,56669.388146,18.347,0.0505102579426635,W2
QSO_61.7896343-56.4953217,56857.3918715,18.355,0.0413893515344349,W2
QSO_61.7896343-56.4953217,57033.30002690315,18.299,0.0522767298062035,W2
QSO_61.7896343-56.4953217,57219.93694384157,18.254,0.0502221368766749,W2
QSO_61.7896343-56.4953217,57392.8567471072,18.363,0.0424073749018273,W2
QSO_61.7896343-56.4953217,57584.668758238586,18.361,0.0578257515359253,W2
QSO_61.7896343-56.4953217,57752.84792827523,18.354,0.0452831670181363,W2
QSO_61.7896343-56.4953217,57949.87334449997,18.264,0.0336674219608584,W2
QSO_61.7896343-56.4953217,58115.26258250004,18.368,0.0470132829068477,W2
QSO_61.7896343-56.4953217,58315.61016999998,18.231,0.0504525739800334,W2
QSO_61.7896343-56.4953217,58476.11939450003,18.158,0.0645663169268472,W2
QSO_61.7896343-56.4953217,58679.825712000034,18.168,0.0748034797051582,W2
QSO_61.7896343-56.4953217,58840.18444699996,18.495,0.0499222051045424,W2
QSO_61.7896343-56.4953217,59046.88077310004,18.2105,0.0535886753700392,W2
QSO_61.7896343-56.4953217,59206.01744499998,18.363,0.071347731680832,W2
QSO_61.7896343-56.4953217,59411.34912200004,18.176,0.0509838036736629,W2
QSO_61.7896343-56.4953217,59571.93861000002,18.144,0.1022267553675271,W2
QSO_61.7896343-56.4953217,59775.29116949999,18.189,0.0459185396695966,W2
QSO_61.7896343-56.4953217,59935.69051075005,18.2745,0.0666725008905471,W2
QSO_61.7896343-56.4953217,60142.219282,18.327,0.0484829172021236,W2
QSO_61.7896343-56.4953217,60302.413986000014,18.147,0.0989920526641866,W2
QSO_61.7896343-56.4953217,60506.91279459998,17.9575,0.0855179751518597,W2
QSO_61.7836152-56.5963475,55206.44278724996,18.24,0.0448411529735799,W1
QSO_61.7836152-56.5963475,55393.434623250025,18.328,0.035186278842043,W1
QSO_61.7836152-56.5963475,55569.08054374998,18.2575,0.0261153104040522,W1
QSO_61.7836152-56.5963475,56669.25645400002,18.158,0.0328355826334856,W1
QSO_61.7836152-56.5963475,56857.26043500005,18.194,0.0280497014191745,W1
QSO_61.7836152-56.5963475,57032.97180063237,18.206,0.0285705654010392,W1
QSO_61.7836152-56.5963475,57219.93694384157,18.1905,0.0306164947226808,W1
QSO_61.7836152-56.5963475,57392.69252289681,18.145,0.0458768074015403,W1
QSO_61.7836152-56.5963475,57584.24198391155,18.2165,0.0333247579925555,W1
QSO_61.7836152-56.5963475,57752.618171760754,18.1635,0.0332030091228914,W1
QSO_61.7836152-56.5963475,57949.70982450006,18.1885,0.0348364571066213,W1
QSO_61.7836152-56.5963475,58113.82349699998,18.248,0.0366154603016971,W1
QSO_61.7836152-56.5963475,58315.38131500002,18.2245,0.0461379145333584,W1
QSO_61.7836152-56.5963475,58475.85779899998,18.178,0.0359735084202583,W1
QSO_61.7836152-56.5963475,58679.694896,18.187,0.0279027729087989,W1
QSO_61.7836152-56.5963475,58840.05363099992,18.1885,0.0360466625426886,W1
QSO_61.7836152-56.5963475,59046.684139599965,18.1685,0.039540681816561,W1
QSO_61.7836152-56.5963475,59205.2312038,18.226,0.0344303252380804,W1
QSO_61.7836152-56.5963475,59410.95733099996,18.208,0.0287749735707958,W1
QSO_61.7836152-56.5963475,59571.5467825,18.197,0.0534457537377161,W1
QSO_61.7836152-56.5963475,59775.09556600002,18.2035,0.031206173339551,W1
QSO_61.7836152-56.5963475,59935.69043775,18.252,0.0364655248145422,W1
QSO_61.7836152-56.5963475,60141.96009549996,18.21,0.0351382200452872,W1
QSO_61.7836152-56.5963475,60302.091417250034,18.194000000000003,0.0722163074960175,W1
QSO_61.7836152-56.5963475,60506.81690259997,18.147,0.075511770174207,W1
QSO_61.7836152-56.5963475,55206.44278724996,18.465,0.0861741028383817,W2
QSO_61.7836152-56.5963475,55393.434623250025,18.578,0.0375777043245684,W2
QSO_61.7836152-56.5963475,55569.08054374998,18.4405,0.0410295699389477,W2
QSO_61.7836152-56.5963475,56669.25645400002,18.434,0.0449417831390802,W2
QSO_61.7836152-56.5963475,56857.26043500005,18.2625,0.0377502111011754,W2
QSO_61.7836152-56.5963475,57032.97180063237,18.387,0.0583254702343567,W2
QSO_61.7836152-56.5963475,57219.93694384157,18.309,0.0473247131887718,W2
QSO_61.7836152-56.5963475,57392.69252289681,18.483,0.042241598183306,W2
QSO_61.7836152-56.5963475,57584.24198391155,18.2865,0.063458471360911,W2
QSO_61.7836152-56.5963475,57752.618171760754,18.409,0.0485542093660842,W2
QSO_61.7836152-56.5963475,57949.70982450006,18.3505,0.0420975843709081,W2
QSO_61.7836152-56.5963475,58113.82349699998,18.325,0.0468180745375456,W2
QSO_61.7836152-56.5963475,58315.38131500002,18.2765,0.0557132431677555,W2
QSO_61.7836152-56.5963475,58475.85779899998,18.4,0.0500863468197849,W2
QSO_61.7836152-56.5963475,58679.694896,18.205,0.064409005084693,W2
QSO_61.7836152-56.5963475,58840.05363099992,18.1695,0.0711969714689865,W2
QSO_61.7836152-56.5963475,59046.684139599965,18.251,0.0496554513810101,W2
QSO_61.7836152-56.5963475,59205.2312038,18.403,0.0638554036554464,W2
QSO_61.7836152-56.5963475,59410.95733099996,18.262,0.0471294727320389,W2
QSO_61.7836152-56.5963475,59571.5467825,18.242,0.1073351745873816,W2
QSO_61.7836152-56.5963475,59775.09556600002,18.308,0.047590578509604,W2
QSO_61.7836152-56.5963475,59935.69043775,18.355,0.0699415827673352,W2
QSO_61.7836152-56.5963475,60141.96009549996,18.208,0.0633590446690991,W2
QSO_61.7836152-56.5963475,60302.091417250034,18.207,0.0526307523578184,W2
QSO_61.7836152-56.5963475,60506.81690259997,17.744,0.0910616396855567,W2
QSO_61.8124248-56.6519785,55206.409699999975,18.835,0.0981250287235764,W1
QSO_61.8124248-56.6519785,55393.23630050001,19.045,0.0531456915954505,W1
QSO_61.8124248-56.6519785,55568.98150099996,19.055,0.0467338409392965,W1
QSO_61.8124248-56.6519785,56669.02604775003,18.7025,0.0480378351741374,W1
QSO_61.8124248-56.6519785,56856.89892074996,18.856,0.0427494137640867,W1
QSO_61.8124248-56.6519785,57032.70914661577,18.739,0.0432853812444013,W1
QSO_61.8124248-56.6519785,57219.609137320695,18.875,0.0491549735454332,W1
QSO_61.8124248-56.6519785,57392.52829868642,18.901000000000003,0.0597185108990502,W1
QSO_61.8124248-56.6519785,57583.88094318872,18.926,0.0636654073621635,W1
QSO_61.8124248-56.6519785,57752.65102026276,18.736,0.0759419595596034,W1
QSO_61.8124248-56.6519785,57951.181833,18.845,0.0534076100542215,W1
QSO_61.8124248-56.6519785,58115.39339849999,19.016,0.064827616595307,W1
QSO_61.8124248-56.6519785,58314.92353200004,18.833,0.0783662327535664,W1
QSO_61.8124248-56.6519785,58475.85785375007,18.6725,0.0755567744935886,W1
QSO_61.8124248-56.6519785,58679.694896,18.826,0.070770613570231,W1
QSO_61.8124248-56.6519785,58839.85758950002,18.871,0.0543176060993256,W1
QSO_61.8124248-56.6519785,59046.58588690005,18.778,0.0562727670736826,W1
QSO_61.8124248-56.6519785,59205.4932598,18.765,0.0663574595370799,W1
QSO_61.8124248-56.6519785,59410.82662450001,18.868,0.0763319456448343,W1
QSO_61.8124248-56.6519785,59571.155101,18.8505,0.0722509571575712,W1
QSO_61.8124248-56.6519785,59774.89999899999,18.74,0.0521822034696164,W1
QSO_61.8124248-56.6519785,59935.820633250034,18.897,0.0728152075006271,W1
QSO_61.8124248-56.6519785,60141.79801724998,18.7855,0.0620064214117884,W1
QSO_61.8124248-56.6519785,60301.89785774994,18.7865,0.0887513887215294,W1
QSO_61.8124248-56.6519785,60506.11410940003,18.751,0.0824132998975285,W1
QSO_61.8124248-56.6519785,55206.409699999975,18.378,0.0877130563081323,W2
QSO_61.8124248-56.6519785,55393.23630050001,18.508,0.0466244188809383,W2
QSO_61.8124248-56.6519785,55568.98150099996,18.371,0.0353238012312907,W2
QSO_61.8124248-56.6519785,56669.02604775003,18.378500000000003,0.055222998576311,W2
QSO_61.8124248-56.6519785,56856.89892074996,18.333,0.0420624206747566,W2
QSO_61.8124248-56.6519785,57032.70914661577,18.337,0.0582526434037853,W2
QSO_61.8124248-56.6519785,57219.609137320695,18.302,0.0582102037066584,W2
QSO_61.8124248-56.6519785,57392.52829868642,18.297,0.0526811061387286,W2
QSO_61.8124248-56.6519785,57583.88094318872,18.351,0.0621717858660979,W2
QSO_61.8124248-56.6519785,57752.65102026276,18.263,0.0384624298123636,W2
QSO_61.8124248-56.6519785,57951.181833,18.356,0.0482466727530676,W2
QSO_61.8124248-56.6519785,58115.39339849999,18.252,0.0982935497790488,W2
QSO_61.8124248-56.6519785,58314.92353200004,18.252,0.0912490368666218,W2
QSO_61.8124248-56.6519785,58475.85785375007,18.4375,0.0781816669486843,W2
QSO_61.8124248-56.6519785,58679.694896,18.447,0.0673858447376444,W2
QSO_61.8124248-56.6519785,58839.85758950002,18.419,0.1261401414180591,W2
QSO_61.8124248-56.6519785,59046.58588690005,18.16,0.0795754940874341,W2
QSO_61.8124248-56.6519785,59205.4932598,18.143,0.0654102889815571,W2
QSO_61.8124248-56.6519785,59410.82662450001,18.191,0.0701155533017804,W2
QSO_61.8124248-56.6519785,59571.155101,18.2925,0.0959281746885349,W2
QSO_61.8124248-56.6519785,59774.89999899999,18.243,0.0604404569881706,W2
QSO_61.8124248-56.6519785,59935.820633250034,18.2515,0.0586517608664427,W2
QSO_61.8124248-56.6519785,60141.79801724998,18.263,0.0689611578313298,W2
QSO_61.8124248-56.6519785,60301.89785774994,18.2245,0.0886356643795262,W2
QSO_61.8124248-56.6519785,60506.11410940003,17.812,0.1565649769265141,W2
QSO_61.9169067-56.5539105,55207.33530350002,18.354,0.0676893979537128,W1
QSO_61.9169067-56.5539105,55393.66596025005,18.518,0.0379378845094805,W1
QSO_61.9169067-56.5539105,55569.34491325006,18.486,0.0278151835783983,W1
QSO_61.9169067-56.5539105,56669.58564749998,18.446,0.0455319897348191,W1
QSO_61.9169067-56.5539105,56857.45773575,18.51,0.0265586446810737,W1
QSO_61.9169067-56.5539105,57033.03731813654,18.3715,0.0258192722481599,W1
QSO_61.9169067-56.5539105,57220.33026786647,18.486,0.0416119017958675,W1
QSO_61.9169067-56.5539105,57392.725316498894,18.465,0.0508295233417419,W1
QSO_61.9169067-56.5539105,57584.668758238586,18.402,0.0433290542910208,W1
QSO_61.9169067-56.5539105,57752.84792827523,18.509,0.0528795611700518,W1
QSO_61.9169067-56.5539105,57950.03686450006,18.5185,0.0373537072189319,W1
QSO_61.9169067-56.5539105,58114.67385575004,18.4995,0.051799318558029,W1
QSO_61.9169067-56.5539105,58315.54476200004,18.5995,0.0461138762557794,W1
QSO_61.9169067-56.5539105,58476.250100999976,18.394,0.0518638774816592,W1
QSO_61.9169067-56.5539105,58679.858416,18.531,0.0444884427515904,W1
QSO_61.9169067-56.5539105,58840.31511700004,18.4545,0.0716262875827464,W1
QSO_61.9169067-56.5539105,59046.9462871,18.4215,0.0471407490630158,W1
QSO_61.9169067-56.5539105,59205.7553707,18.4625,0.0462399568362427,W1
QSO_61.9169067-56.5539105,59411.381826,18.5085,0.0509434142159708,W1
QSO_61.9169067-56.5539105,59571.80790349999,18.393,0.0731276789895751,W1
QSO_61.9169067-56.5539105,59775.42158399996,18.47,0.0479650865215975,W1
QSO_61.9169067-56.5539105,59935.88576749996,18.492,0.0618343058175749,W1
QSO_61.9169067-56.5539105,60142.31644500006,18.5115,0.0363817744812467,W1
QSO_61.9169067-56.5539105,60302.28495849999,18.54,0.1019590286267898,W1
QSO_61.9169067-56.5539105,60506.91306909999,18.5675,0.1416418758700972,W1
QSO_61.9169067-56.5539105,55207.33530350002,18.629,0.0874203694092762,W2
QSO_61.9169067-56.5539105,55393.66596025005,18.552,0.0499447925193877,W2
QSO_61.9169067-56.5539105,55569.34491325006,18.433,0.0436389841483507,W2
QSO_61.9169067-56.5539105,56669.58564749998,18.347,0.0438401488348234,W2
QSO_61.9169067-56.5539105,56857.45773575,18.42,0.0376662189444537,W2
QSO_61.9169067-56.5539105,57033.03731813654,18.481,0.0700486654518993,W2
QSO_61.9169067-56.5539105,57220.33026786647,18.319,0.044263982833778,W2
QSO_61.9169067-56.5539105,57392.725316498894,18.364,0.0491026375521443,W2
QSO_61.9169067-56.5539105,57584.668758238586,18.372,0.0537267823429263,W2
QSO_61.9169067-56.5539105,57752.84792827523,18.3535,0.0483734629850372,W2
QSO_61.9169067-56.5539105,57950.03686450006,18.2465,0.0413814848852113,W2
QSO_61.9169067-56.5539105,58114.67385575004,18.3505,0.0458184029599972,W2
QSO_61.9169067-56.5539105,58315.54476200004,18.312,0.0528268368935766,W2
QSO_61.9169067-56.5539105,58476.250100999976,18.431,0.0520380158681609,W2
QSO_61.9169067-56.5539105,58679.858416,18.2215,0.0707021248117077,W2
QSO_61.9169067-56.5539105,58840.31511700004,18.365,0.0788413024505864,W2
QSO_61.9169067-56.5539105,59046.9462871,18.379,0.0557001925904886,W2
QSO_61.9169067-56.5539105,59205.7553707,18.32,0.0567089143726866,W2
QSO_61.9169067-56.5539105,59411.381826,18.233,0.0513719446341469,W2
QSO_61.9169067-56.5539105,59571.80790349999,18.364,0.0707281886971867,W2
QSO_61.9169067-56.5539105,59775.42158399996,18.313,0.0498493437025077,W2
QSO_61.9169067-56.5539105,59935.88576749996,18.321,0.0795779115439654,W2
QSO_61.9169067-56.5539105,60142.31644500006,18.376,0.057773466552562,W2
QSO_61.9169067-56.5539105,60302.28495849999,18.446,0.0652247716234661,W2
QSO_61.9169067-56.5539105,60506.91306909999,17.9525,0.0854560764369626,W2
QSO_61.9844647-56.3860634,55208.4264345,18.1365,0.0500410231709944,W1
QSO_61.9844647-56.3860634,55394.16173975004,18.2285,0.0333721012756866,W1
QSO_61.9844647-56.3860634,55569.70839850005,18.25,0.0249232890903904,W1
QSO_61.9844647-56.3860634,56670.046606,18.201,0.0332587323875895,W1
QSO_61.9844647-56.3860634,56858.14795074996,18.167,0.0234982647546714,W1
QSO_61.9844647-56.3860634,57033.49696266578,18.1505,0.0351776423783274,W1
QSO_61.9844647-56.3860634,57220.62531563518,18.104,0.0267409079436036,W1
QSO_61.9844647-56.3860634,57393.21817212997,18.1235,0.0346686389020338,W1
QSO_61.9844647-56.3860634,57585.16102826968,18.1705,0.0308417590856704,W1
QSO_61.9844647-56.3860634,57753.30728779122,18.232,0.0342209660727227,W1
QSO_61.9844647-56.3860634,57951.44346499999,18.19,0.0192565497388288,W1
QSO_61.9844647-56.3860634,58115.58962250004,18.156,0.0285738953333553,W1
QSO_61.9844647-56.3860634,58316.42751450004,18.222,0.0285378481870921,W1
QSO_61.9844647-56.3860634,58476.642549,18.097,0.0286173218717459,W1
QSO_61.9844647-56.3860634,58680.348610999965,18.252,0.04121756279227,W1
QSO_61.9844647-56.3860634,58840.64197449999,18.14,0.0483887957646763,W1
QSO_61.9844647-56.3860634,59047.6670326,18.032,0.045460251707941,W1
QSO_61.9844647-56.3860634,59207.58948820002,18.181,0.0341716940743187,W1
QSO_61.9844647-56.3860634,59412.067588000005,18.099,0.0335211649905185,W1
QSO_61.9844647-56.3860634,59572.46085200001,18.212000000000003,0.0455147951148199,W1
QSO_61.9844647-56.3860634,59775.975581,18.183,0.0244529777351794,W1
QSO_61.9844647-56.3860634,59936.27629925,17.990000000000002,0.0327550706899186,W1
QSO_61.9844647-56.3860634,60142.64041899996,18.212,0.0357073375042843,W1
QSO_61.9844647-56.3860634,60302.80110499996,18.2425,0.0434633404815134,W1
QSO_61.9844647-56.3860634,60507.32882679997,18.191000000000003,0.0539744356497008,W1
QSO_61.9844647-56.3860634,55208.4264345,18.758,0.0711226054078447,W2
QSO_61.9844647-56.3860634,55394.16173975004,18.5555,0.0444617330198115,W2
QSO_61.9844647-56.3860634,55569.70839850005,18.485,0.0320084001324099,W2
QSO_61.9844647-56.3860634,56670.046606,18.412,0.041306251652726,W2
QSO_61.9844647-56.3860634,56858.14795074996,18.3585,0.0420203040445925,W2
QSO_61.9844647-56.3860634,57033.49696266578,18.414,0.0484299484203509,W2
QSO_61.9844647-56.3860634,57220.62531563518,18.326,0.0558150765990196,W2
QSO_61.9844647-56.3860634,57393.21817212997,18.3965,0.0521956188804721,W2
QSO_61.9844647-56.3860634,57585.16102826968,18.3515,0.0598275126360905,W2
QSO_61.9844647-56.3860634,57753.30728779122,18.307,0.0431289870933319,W2
QSO_61.9844647-56.3860634,57951.44346499999,18.279,0.0328552944342227,W2
QSO_61.9844647-56.3860634,58115.58962250004,18.406,0.0556177739916631,W2
QSO_61.9844647-56.3860634,58316.42751450004,18.333,0.0612617298380696,W2
QSO_61.9844647-56.3860634,58476.642549,18.244,0.0792994138505262,W2
QSO_61.9844647-56.3860634,58680.348610999965,18.258,0.0582585249083831,W2
QSO_61.9844647-56.3860634,58840.64197449999,18.419,0.0715599184315208,W2
QSO_61.9844647-56.3860634,59047.6670326,18.069000000000003,0.0627814481886501,W2
QSO_61.9844647-56.3860634,59207.58948820002,18.347,0.0542528260861162,W2
QSO_61.9844647-56.3860634,59412.067588000005,18.342,0.0556125200018159,W2
QSO_61.9844647-56.3860634,59572.46085200001,18.4065,0.0777828071456897,W2
QSO_61.9844647-56.3860634,59775.975581,18.3475,0.0527462506882709,W2
QSO_61.9844647-56.3860634,59936.27629925,18.259,0.0690499264959528,W2
QSO_61.9844647-56.3860634,60142.64041899996,18.259,0.0581226790372749,W2
QSO_61.9844647-56.3860634,60302.80110499996,18.255,0.0852529503531904,W2
QSO_61.9844647-56.3860634,60507.32882679997,18.04,0.0906588675867333,W2
QSO_61.8482058-56.4568947,55207.30236224999,18.2015,0.0580963639137594,W1
QSO_61.8482058-56.4568947,55393.76514900001,18.1225,0.0277971892032011,W1
QSO_61.8482058-56.4568947,55569.47706149995,18.1975,0.0229143636390126,W1
QSO_61.8482058-56.4568947,56669.51983799998,18.109,0.0279103097972903,W1
QSO_61.8482058-56.4568947,56857.52345399997,18.13,0.0281524663703854,W1
QSO_61.8482058-56.4568947,57033.36563565744,18.078,0.026120436583929,W1
QSO_61.8482058-56.4568947,57220.29750911438,18.0845,0.0278897970193004,W1
QSO_61.8482058-56.4568947,57392.95531091344,18.0715,0.0284478022468621,W1
QSO_61.8482058-56.4568947,57584.86568455104,18.128500000000003,0.0258374098319891,W1
QSO_61.8482058-56.4568947,57752.97910268357,18.12,0.0282720621454588,W1
QSO_61.8482058-56.4568947,57950.069568500025,18.11,0.0219462026616028,W1
QSO_61.8482058-56.4568947,58115.58962250004,18.069,0.03728059994359,W1
QSO_61.8482058-56.4568947,58315.87172899999,18.066000000000003,0.0473855669475269,W1
QSO_61.8482058-56.4568947,58476.38091700001,18.127,0.0603345097963961,W1
QSO_61.8482058-56.4568947,58679.923714499935,18.0965,0.0356265827702329,W1
QSO_61.8482058-56.4568947,58840.31511700004,18.197,0.0480430157852392,W1
QSO_61.8482058-56.4568947,59047.47045400001,18.135,0.0304185882193645,W1
QSO_61.8482058-56.4568947,59206.14850960001,18.117,0.0402263271341803,W1
QSO_61.8482058-56.4568947,59411.47982849999,18.107,0.0373689265286823,W1
QSO_61.8482058-56.4568947,59572.00389024998,18.14,0.0473865839472779,W1
QSO_61.8482058-56.4568947,59775.51931275001,18.225,0.0301379049413854,W1
QSO_61.8482058-56.4568947,59936.015963,18.025,0.0332695019472924,W1
QSO_61.8482058-56.4568947,60142.31644500006,18.0755,0.0409783261528056,W1
QSO_61.8482058-56.4568947,60302.478499749945,18.0125,0.082220387554606,W1
QSO_61.8482058-56.4568947,60507.13707939998,18.063,0.0538932992467867,W1
QSO_61.8482058-56.4568947,55207.30236224999,18.5265,0.087800544114914,W2
QSO_61.8482058-56.4568947,55393.76514900001,18.488,0.0443570647440653,W2
QSO_61.8482058-56.4568947,55569.47706149995,18.51,0.037285910747403,W2
QSO_61.8482058-56.4568947,56669.51983799998,18.303,0.0583035318904763,W2
QSO_61.8482058-56.4568947,56857.52345399997,18.373,0.0416514159685521,W2
QSO_61.8482058-56.4568947,57033.36563565744,18.381,0.0463237571338715,W2
QSO_61.8482058-56.4568947,57220.29750911438,18.3665,0.0474391419102958,W2
QSO_61.8482058-56.4568947,57392.95531091344,18.4025,0.0468569523910851,W2
QSO_61.8482058-56.4568947,57584.86568455104,18.473,0.0499740040381454,W2
QSO_61.8482058-56.4568947,57752.97910268357,18.296,0.0494154797572546,W2
QSO_61.8482058-56.4568947,57950.069568500025,18.331,0.0408526543471988,W2
QSO_61.8482058-56.4568947,58115.58962250004,18.244,0.0572086186671614,W2
QSO_61.8482058-56.4568947,58315.87172899999,18.332,0.0549220182053661,W2
QSO_61.8482058-56.4568947,58476.38091700001,18.349,0.1028622997421238,W2
QSO_61.8482058-56.4568947,58679.923714499935,18.2655,0.0755544532446143,W2
QSO_61.8482058-56.4568947,58840.31511700004,18.33,0.0789934471907264,W2
QSO_61.8482058-56.4568947,59047.47045400001,18.204,0.0398919717197265,W2
QSO_61.8482058-56.4568947,59206.14850960001,18.346,0.0681811901766043,W2
QSO_61.8482058-56.4568947,59411.47982849999,18.3425,0.049721264733177,W2
QSO_61.8482058-56.4568947,59572.00389024998,18.3375,0.0733104545104229,W2
QSO_61.8482058-56.4568947,59775.51931275001,18.282,0.0435814711545133,W2
QSO_61.8482058-56.4568947,59936.015963,18.251,0.0655182039578902,W2
QSO_61.8482058-56.4568947,60142.31644500006,18.2365,0.0692584692250871,W2
QSO_61.8482058-56.4568947,60302.478499749945,18.3995,0.0734328396866447,W2
QSO_61.8482058-56.4568947,60507.13707939998,18.0495,0.0575536691265812,W2
QSO_61.947127-56.3680763,55208.45946699997,18.228,0.0719086541763546,W1
QSO_61.947127-56.3680763,55394.12865250006,18.234,0.0242655696634912,W1
QSO_61.947127-56.3680763,55569.7083255,18.2335,0.027831916328904,W1
QSO_61.947127-56.3680763,56670.046606,18.2035,0.0331070706194311,W1
QSO_61.947127-56.3680763,56858.24648249999,18.1905,0.0271684545066629,W1
QSO_61.947127-56.3680763,57033.5626809199,18.197000000000003,0.0344920304533514,W1
QSO_61.947127-56.3680763,57220.62531563518,18.1485,0.0357681158451366,W1
QSO_61.947127-56.3680763,57393.18530532791,18.201,0.0267650662074902,W1
QSO_61.947127-56.3680763,57585.06250106347,18.205,0.029473996514555,W1
QSO_61.947127-56.3680763,57753.27449494832,18.1905,0.0274193747079505,W1
QSO_61.947127-56.3680763,57951.54164999995,18.166,0.024310499753612,W1
QSO_61.947127-56.3680763,58115.65503049998,18.23,0.0320702812853563,W1
QSO_61.947127-56.3680763,58316.29680800001,18.175,0.0363687742988404,W1
QSO_61.947127-56.3680763,58476.57714099998,18.215,0.0470639706568025,W1
QSO_61.947127-56.3680763,58680.217904500016,18.226,0.0250449096624444,W1
QSO_61.947127-56.3680763,58840.64197449999,18.281,0.0492807347227577,W1
QSO_61.947127-56.3680763,59047.69975299999,18.167,0.0324328613580079,W1
QSO_61.947127-56.3680763,59207.0655592,18.208,0.0263883167655451,W1
QSO_61.947127-56.3680763,59412.067588000005,18.205,0.0412285341856603,W1
QSO_61.947127-56.3680763,59572.199731000015,18.1855,0.0308124455816328,W1
QSO_61.947127-56.3680763,59776.07336449997,18.246,0.0286167208353832,W1
QSO_61.947127-56.3680763,59936.47157424996,18.198,0.0405907277310272,W1
QSO_61.947127-56.3680763,60142.6080435,18.233,0.0366314901611793,W1
QSO_61.947127-56.3680763,60302.93013249998,18.2965,0.0479201206484601,W1
QSO_61.947127-56.3680763,60507.26492320003,18.187,0.0749870569927338,W1
QSO_61.947127-56.3680763,55208.45946699997,18.474,0.0761735532706811,W2
QSO_61.947127-56.3680763,55394.12865250006,18.525,0.0456018693373478,W2
QSO_61.947127-56.3680763,55569.7083255,18.452,0.0342585246009314,W2
QSO_61.947127-56.3680763,56670.046606,18.3905,0.0520387182609467,W2
QSO_61.947127-56.3680763,56858.24648249999,18.417,0.0473057494364073,W2
QSO_61.947127-56.3680763,57033.5626809199,18.483,0.0494451362894829,W2
QSO_61.947127-56.3680763,57220.62531563518,18.335,0.0505607771418239,W2
QSO_61.947127-56.3680763,57393.18530532791,18.255,0.0575889823361148,W2
QSO_61.947127-56.3680763,57585.06250106347,18.5225,0.0542958491317205,W2
QSO_61.947127-56.3680763,57753.27449494832,18.3595,0.0442355822203687,W2
QSO_61.947127-56.3680763,57951.54164999995,18.252,0.0481786647570001,W2
QSO_61.947127-56.3680763,58115.65503049998,18.311,0.0472110373169119,W2
QSO_61.947127-56.3680763,58316.29680800001,18.365,0.0662910672715412,W2
QSO_61.947127-56.3680763,58476.57714099998,18.273,0.0929667646846845,W2
QSO_61.947127-56.3680763,58680.217904500016,18.166,0.0660947683254885,W2
QSO_61.947127-56.3680763,58840.64197449999,18.368,0.0710231177804752,W2
QSO_61.947127-56.3680763,59047.69975299999,18.302,0.0621121681058568,W2
QSO_61.947127-56.3680763,59207.0655592,18.349,0.0512323732907041,W2
QSO_61.947127-56.3680763,59412.067588000005,18.089,0.0675901218831545,W2
QSO_61.947127-56.3680763,59572.199731000015,18.34,0.0774210115991585,W2
QSO_61.947127-56.3680763,59776.07336449997,18.191,0.0424692558324501,W2
QSO_61.947127-56.3680763,59936.47157424996,18.47,0.0536896372537335,W2
QSO_61.947127-56.3680763,60142.6080435,18.221,0.0486908147453651,W2
QSO_61.947127-56.3680763,60302.93013249998,18.3565,0.0674082152029842,W2
QSO_61.947127-56.3680763,60507.26492320003,17.836,0.1322249982390174,W2
QSO_61.9086107-56.457785,55207.335449499966,18.503,0.0658663067916393,W1
QSO_61.9086107-56.457785,55393.83121399997,18.34,0.0348094984870741,W1
QSO_61.9086107-56.457785,55569.51009400001,18.429,0.0337344204972209,W1
QSO_61.9086107-56.457785,56669.783148999966,18.343,0.0409658625479386,W1
QSO_61.9086107-56.457785,56857.78636349998,18.321,0.027990294696952,W1
QSO_61.9086107-56.457785,57033.234308649015,18.286,0.0314186009636202,W1
QSO_61.9086107-56.457785,57220.199141608166,18.3005,0.0456834908181646,W1
QSO_61.9086107-56.457785,57392.98817771543,18.2245,0.0342167144592682,W1
QSO_61.9086107-56.457785,57584.99698705936,18.4275,0.0434821676966694,W1
QSO_61.9086107-56.457785,57753.11038433675,18.3265,0.0373865890032466,W1
QSO_61.9086107-56.457785,57950.069568500025,18.364,0.0307437349724276,W1
QSO_61.9086107-56.457785,58115.58962250004,18.318,0.0347609545602205,W1
QSO_61.9086107-56.457785,58315.90450600001,18.308,0.0458102549217966,W1
QSO_61.9086107-56.457785,58476.51173299996,18.291,0.0585486560931634,W1
QSO_61.9086107-56.457785,58679.89101049997,18.399,0.0417452964648165,W1
QSO_61.9086107-56.457785,58840.64197449999,18.32,0.0583260107678317,W1
QSO_61.9086107-56.457785,59047.503247599976,18.288,0.0468251739108418,W1
QSO_61.9086107-56.457785,59206.14850960001,18.3255,0.0404154642019275,W1
QSO_61.9086107-56.457785,59411.80608375,18.396,0.0559488281825455,W1
QSO_61.9086107-56.457785,59572.06917050002,18.191000000000003,0.0525932608744359,W1
QSO_61.9086107-56.457785,59775.61711450004,18.402,0.0564427530266798,W1
QSO_61.9086107-56.457785,59936.015963,18.378,0.0580492409112331,W1
QSO_61.9086107-56.457785,60142.47850499999,18.317,0.0397990874560646,W1
QSO_61.9086107-56.457785,60302.34947225,18.387,0.0692603218841785,W1
QSO_61.9086107-56.457785,60506.91279459998,18.4255,0.07644257188815,W1
QSO_61.9086107-56.457785,55207.335449499966,18.647,0.0717424711544881,W2
QSO_61.9086107-56.457785,55393.83121399997,18.559,0.0352098272143278,W2
QSO_61.9086107-56.457785,55569.51009400001,18.5445,0.0426504591987344,W2
QSO_61.9086107-56.457785,56669.783148999966,18.377,0.0509334588367871,W2
QSO_61.9086107-56.457785,56857.78636349998,18.416,0.0398291686081433,W2
QSO_61.9086107-56.457785,57033.234308649015,18.39,0.0680067604996553,W2
QSO_61.9086107-56.457785,57220.199141608166,18.523,0.0554261286826054,W2
QSO_61.9086107-56.457785,57392.98817771543,18.345,0.0499267040226249,W2
QSO_61.9086107-56.457785,57584.99698705936,18.297,0.0489903894786044,W2
QSO_61.9086107-56.457785,57753.11038433675,18.413,0.0432943008977048,W2
QSO_61.9086107-56.457785,57950.069568500025,18.382,0.0390316611661379,W2
QSO_61.9086107-56.457785,58115.58962250004,18.308,0.0425018839155735,W2
QSO_61.9086107-56.457785,58315.90450600001,18.431,0.0492204081250856,W2
QSO_61.9086107-56.457785,58476.51173299996,18.233,0.0762608871446777,W2
QSO_61.9086107-56.457785,58679.89101049997,18.177,0.0692264571998287,W2
QSO_61.9086107-56.457785,58840.64197449999,18.529,0.0797210715493457,W2
QSO_61.9086107-56.457785,59047.503247599976,18.094,0.0811629234873411,W2
QSO_61.9086107-56.457785,59206.14850960001,18.321,0.0547887215584057,W2
QSO_61.9086107-56.457785,59411.80608375,18.155,0.0848953296713076,W2
QSO_61.9086107-56.457785,59572.06917050002,18.212,0.1120986203134691,W2
QSO_61.9086107-56.457785,59775.61711450004,18.272,0.0549985475870626,W2
QSO_61.9086107-56.457785,59936.015963,18.346,0.0858782324853908,W2
QSO_61.9086107-56.457785,60142.47850499999,18.389,0.0561917496715423,W2
QSO_61.9086107-56.457785,60302.34947225,18.2735,0.0846433579607697,W2
QSO_61.9086107-56.457785,60506.91279459998,17.9425,0.1216847553619598,W2
QSO_61.962682-56.4003893,55208.393402000016,18.378,0.0373845932661295,W1
QSO_61.962682-56.4003893,55394.16168500004,18.446,0.0386846112044155,W1
QSO_61.962682-56.4003893,55569.67531124999,18.5075,0.0400463635972526,W1
QSO_61.962682-56.4003893,56669.91489575004,18.349,0.0291703525741943,W1
QSO_61.962682-56.4003893,56858.01642299999,18.325,0.0320127163230483,W1
QSO_61.962682-56.4003893,57033.43129916156,18.358,0.0336215085726054,W1
QSO_61.962682-56.4003893,57220.52689337896,18.323,0.0532379161956522,W1
QSO_61.962682-56.4003893,57393.0538747196,18.3905,0.033987384556268,W1
QSO_61.962682-56.4003893,57585.19387677177,18.391,0.0456160487942706,W1
QSO_61.962682-56.4003893,57753.30728779122,18.355,0.0345121657681146,W1
QSO_61.962682-56.4003893,57951.37805699997,18.339,0.0375001073591652,W1
QSO_61.962682-56.4003893,58115.39339849999,18.328,0.0330764223637178,W1
QSO_61.962682-56.4003893,58316.29680800001,18.481,0.0496060208367554,W1
QSO_61.962682-56.4003893,58476.51173300004,18.419,0.0488859657415539,W1
QSO_61.962682-56.4003893,58680.217904500016,18.435,0.0635633353435769,W1
QSO_61.962682-56.4003893,58840.70730950003,18.4945,0.0748461322522382,W1
QSO_61.962682-56.4003893,59047.60151860005,18.423,0.0377412028583446,W1
QSO_61.962682-56.4003893,59207.0655592,18.411,0.0456381635629273,W1
QSO_61.962682-56.4003893,59412.06756975003,18.405,0.0461741052972333,W1
QSO_61.962682-56.4003893,59572.46085200001,18.5355,0.0764012754041575,W1
QSO_61.962682-56.4003893,59775.81264499996,18.415,0.0482918571143919,W1
QSO_61.962682-56.4003893,59936.14612200001,18.346,0.0493075931354273,W1
QSO_61.962682-56.4003893,60142.54325599998,18.476,0.0291177297981758,W1
QSO_61.962682-56.4003893,60302.80110499996,18.588,0.0926840110210663,W1
QSO_61.962682-56.4003893,60507.424792000034,18.348,0.0319035003304234,W1
QSO_61.962682-56.4003893,55208.393402000016,18.52,0.1040466649626851,W2
QSO_61.962682-56.4003893,55394.16168500004,18.524,0.0549477822066278,W2
QSO_61.962682-56.4003893,55569.67531124999,18.458,0.0359531568795151,W2
QSO_61.962682-56.4003893,56669.91489575004,18.36,0.0450437684591679,W2
QSO_61.962682-56.4003893,56858.01642299999,18.319000000000003,0.0473983069409452,W2
QSO_61.962682-56.4003893,57033.43129916156,18.364,0.0538972360192485,W2
QSO_61.962682-56.4003893,57220.52689337896,18.425,0.0539395775871261,W2
QSO_61.962682-56.4003893,57393.0538747196,18.337,0.053505042456191,W2
QSO_61.962682-56.4003893,57585.19387677177,18.289,0.0522083207024412,W2
QSO_61.962682-56.4003893,57753.30728779122,18.347,0.042363922485703,W2
QSO_61.962682-56.4003893,57951.37805699997,18.296,0.0423708393794105,W2
QSO_61.962682-56.4003893,58115.39339849999,18.347,0.0427860422443255,W2
QSO_61.962682-56.4003893,58316.29680800001,18.174,0.0538260420089933,W2
QSO_61.962682-56.4003893,58476.51173300004,18.357,0.0614133345149895,W2
QSO_61.962682-56.4003893,58680.217904500016,18.162,0.0432872570625582,W2
QSO_61.962682-56.4003893,58840.70730950003,18.291,0.0765342203231108,W2
QSO_61.962682-56.4003893,59047.60151860005,18.12,0.0731504422145249,W2
QSO_61.962682-56.4003893,59207.0655592,18.3055,0.0641943596924724,W2
QSO_61.962682-56.4003893,59412.06756975003,18.386,0.0568365595369741,W2
QSO_61.962682-56.4003893,59572.46085200001,18.237,0.0877804792447794,W2
QSO_61.962682-56.4003893,59775.81264499996,18.2445,0.0402135795746243,W2
QSO_61.962682-56.4003893,59936.14612200001,18.296,0.048659544512204,W2
QSO_61.962682-56.4003893,60142.54325599998,18.298,0.0618415055360246,W2
QSO_61.962682-56.4003893,60302.80110499996,18.245,0.0823431599742079,W2
QSO_61.962682-56.4003893,60507.424792000034,17.9865,0.0923196533939429,W2
QSO_61.9390363-56.464824,55208.26105300001,17.89,0.0315190662963759,W1
QSO_61.9390363-56.464824,55393.79818149999,17.843,0.0296487561415439,W1
QSO_61.9390363-56.464824,55569.51009400001,17.887999999999998,0.0266891761518585,W1
QSO_61.9390363-56.464824,56669.71733949996,17.805,0.0231190908478871,W1
QSO_61.9390363-56.464824,56857.78636349998,17.841,0.019636069015422,W1
QSO_61.9390363-56.464824,57033.30002690315,17.8035,0.0242497415030132,W1
QSO_61.9390363-56.464824,57220.36304486853,17.795,0.0243841174162558,W1
QSO_61.9390363-56.464824,57392.98817771543,17.776,0.0249599936458092,W1
QSO_61.9390363-56.464824,57584.99698705936,17.8025,0.0235893541588071,W1
QSO_61.9390363-56.464824,57753.11038433675,17.852,0.0225801826321451,W1
QSO_61.9390363-56.464824,57950.331310000016,17.807000000000002,0.025286972590892,W1
QSO_61.9390363-56.464824,58115.458806500006,17.845,0.0152360788312888,W1
QSO_61.9390363-56.464824,58315.90450600001,17.895,0.0254290980690107,W1
QSO_61.9390363-56.464824,58476.38091700001,17.837,0.0307922462028374,W1
QSO_61.9390363-56.464824,58679.95641849998,17.861,0.0375783903859652,W1
QSO_61.9390363-56.464824,58840.380452000005,17.872999999999998,0.0318523333179481,W1
QSO_61.9390363-56.464824,59047.503247599976,17.852,0.0343009889331547,W1
QSO_61.9390363-56.464824,59206.14850960001,17.854,0.0194153590944027,W1
QSO_61.9390363-56.464824,59411.969585500025,17.7915,0.0276615624475017,W1
QSO_61.9390363-56.464824,59572.00389024998,17.8265,0.0325582810766579,W1
QSO_61.9390363-56.464824,59775.61711450004,17.8665,0.0252419474859644,W1
QSO_61.9390363-56.464824,59935.88576749996,17.808,0.0160623430077303,W1
QSO_61.9390363-56.464824,60142.57564974999,17.816000000000003,0.0171082515265747,W1
QSO_61.9390363-56.464824,60302.413986000014,17.919,0.0431093694111766,W1
QSO_61.9390363-56.464824,60507.04091289996,17.8245,0.0491227951159132,W1
QSO_61.9390363-56.464824,55208.26105300001,18.258,0.0724547476588114,W2
QSO_61.9390363-56.464824,55393.79818149999,18.361,0.0526703993051406,W2
QSO_61.9390363-56.464824,55569.51009400001,18.355,0.0412996521037835,W2
QSO_61.9390363-56.464824,56669.71733949996,18.295,0.049083838441475,W2
QSO_61.9390363-56.464824,56857.78636349998,18.319,0.0442664624458334,W2
QSO_61.9390363-56.464824,57033.30002690315,18.288,0.0420651980726216,W2
QSO_61.9390363-56.464824,57220.36304486853,18.2465,0.0497449154187063,W2
QSO_61.9390363-56.464824,57392.98817771543,18.343,0.045491772235294,W2
QSO_61.9390363-56.464824,57584.99698705936,18.2695,0.0603433598175812,W2
QSO_61.9390363-56.464824,57753.11038433675,18.341,0.0547691969626785,W2
QSO_61.9390363-56.464824,57950.331310000016,18.197000000000003,0.0324950036094399,W2
QSO_61.9390363-56.464824,58115.458806500006,18.212,0.0434609410282581,W2
QSO_61.9390363-56.464824,58315.90450600001,18.1745,0.0801652047909291,W2
QSO_61.9390363-56.464824,58476.38091700001,18.182,0.047755219198706,W2
QSO_61.9390363-56.464824,58679.95641849998,18.272,0.0540165983379183,W2
QSO_61.9390363-56.464824,58840.380452000005,18.265,0.0800922885140757,W2
QSO_61.9390363-56.464824,59047.503247599976,18.206,0.0678571955952778,W2
QSO_61.9390363-56.464824,59206.14850960001,18.193,0.0572247572674193,W2
QSO_61.9390363-56.464824,59411.969585500025,18.124,0.0587870647462644,W2
QSO_61.9390363-56.464824,59572.00389024998,18.162,0.0954232045309889,W2
QSO_61.9390363-56.464824,59775.61711450004,18.1705,0.0565269383012615,W2
QSO_61.9390363-56.464824,59935.88576749996,18.332,0.050666417601565,W2
QSO_61.9390363-56.464824,60142.57564974999,18.2065,0.0514630446770626,W2
QSO_61.9390363-56.464824,60302.413986000014,18.17,0.1511553452319377,W2
QSO_61.9390363-56.464824,60507.04091289996,17.929,0.0922477154188654,W2
QSO_61.805047-56.4848484,55207.269275000006,18.25,0.0680778151917556,W1
QSO_61.805047-56.4848484,55393.66596025005,18.321,0.0309437608143116,W1
QSO_61.805047-56.4848484,55569.378000500044,18.388,0.0353444281051421,W1
QSO_61.805047-56.4848484,56669.4211055,18.4475,0.0332990661449003,W1
QSO_61.805047-56.4848484,56857.5891905,18.303,0.0296463251164128,W1
QSO_61.805047-56.4848484,57033.30002690315,18.396500000000003,0.0350117154114074,W1
QSO_61.805047-56.4848484,57220.03523834781,18.3045,0.0324808000025348,W1
QSO_61.805047-56.4848484,57392.72542629891,18.297,0.0281885743426029,W1
QSO_61.805047-56.4848484,57584.63587313647,18.3055,0.0402810570312592,W1
QSO_61.805047-56.4848484,57752.880721877314,18.341,0.0307655187321316,W1
QSO_61.805047-56.4848484,57950.00416050001,18.336,0.0370350252825263,W1
QSO_61.805047-56.4848484,58115.458806500006,18.326,0.0320106893179865,W1
QSO_61.805047-56.4848484,58315.70828199996,18.366,0.0243455444794319,W1
QSO_61.805047-56.4848484,58476.250100999976,18.419,0.0218730828991869,W1
QSO_61.805047-56.4848484,58679.825712000034,18.364,0.0436099761063911,W1
QSO_61.805047-56.4848484,58840.249782,18.425,0.0614414120208113,W1
QSO_61.805047-56.4848484,59046.88077310004,18.3115,0.0365443706454857,W1
QSO_61.805047-56.4848484,59205.55886530008,18.3645,0.03800755951702,W1
QSO_61.805047-56.4848484,59411.34912200004,18.355,0.0455456079104698,W1
QSO_61.805047-56.4848484,59572.00389024998,18.435,0.0505339456674722,W1
QSO_61.805047-56.4848484,59775.45410550003,18.419,0.0508571024111926,W1
QSO_61.805047-56.4848484,59935.88576749996,18.377,0.0572643316035817,W1
QSO_61.805047-56.4848484,60142.28406950003,18.297,0.0447668041231929,W1
QSO_61.805047-56.4848484,60302.34947225,18.2945,0.0746719174431031,W1
QSO_61.805047-56.4848484,60507.20100129997,18.346,0.074314870651842,W1
QSO_61.805047-56.4848484,55207.269275000006,18.51,0.0886685773996392,W2
QSO_61.805047-56.4848484,55393.66596025005,18.5085,0.0480993759103271,W2
QSO_61.805047-56.4848484,55569.378000500044,18.574,0.0437117494163415,W2
QSO_61.805047-56.4848484,56669.4211055,18.2885,0.0576552327679352,W2
QSO_61.805047-56.4848484,56857.5891905,18.416,0.037532309645073,W2
QSO_61.805047-56.4848484,57033.30002690315,18.4595,0.0458009191403569,W2
QSO_61.805047-56.4848484,57220.03523834781,18.265,0.0603573673918055,W2
QSO_61.805047-56.4848484,57392.72542629891,18.436,0.0498039842915399,W2
QSO_61.805047-56.4848484,57584.63587313647,18.3105,0.0477555488340825,W2
QSO_61.805047-56.4848484,57752.880721877314,18.451,0.0537601551868508,W2
QSO_61.805047-56.4848484,57950.00416050001,18.2915,0.0436696454005727,W2
QSO_61.805047-56.4848484,58115.458806500006,18.3485,0.050954749034966,W2
QSO_61.805047-56.4848484,58315.70828199996,18.363,0.0638213005194974,W2
QSO_61.805047-56.4848484,58476.250100999976,18.355,0.0655639364116088,W2
QSO_61.805047-56.4848484,58679.825712000034,18.284,0.064472761876625,W2
QSO_61.805047-56.4848484,58840.249782,18.242,0.0544116980886361,W2
QSO_61.805047-56.4848484,59046.88077310004,18.3155,0.0632863487984729,W2
QSO_61.805047-56.4848484,59205.55886530008,18.41,0.054307924118921,W2
QSO_61.805047-56.4848484,59411.34912200004,18.297,0.0452525219789906,W2
QSO_61.805047-56.4848484,59572.00389024998,18.2305,0.0817299827937311,W2
QSO_61.805047-56.4848484,59775.45410550003,18.314,0.0535971643419276,W2
QSO_61.805047-56.4848484,59935.88576749996,18.318,0.0714874598647767,W2
QSO_61.805047-56.4848484,60142.28406950003,18.252,0.0646434224757287,W2
QSO_61.805047-56.4848484,60302.34947225,18.3245,0.0591810379651255,W2
QSO_61.805047-56.4848484,60507.20100129997,17.8295,0.0803105472525247,W2
QSO_62.3424149-56.5535727,55208.4264345,18.009999999999998,0.0516961553391727,W1
QSO_62.3424149-56.5535727,55394.22782299997,17.988999999999997,0.0292091202052609,W1
QSO_62.3424149-56.5535727,55569.972658499966,18.0205,0.0300851349425456,W1
QSO_62.3424149-56.5535727,56670.11245200002,17.939,0.0345714592889512,W1
QSO_62.3424149-56.5535727,56858.37808324994,17.9715,0.0217163302294494,W1
QSO_62.3424149-56.5535727,57033.59545792197,17.887,0.0301174098610107,W1
QSO_62.3424149-56.5535727,57220.65807438727,17.971,0.0279931586514987,W1
QSO_62.3424149-56.5535727,57393.18519552791,17.933999999999997,0.0321584923221393,W1
QSO_62.3424149-56.5535727,57585.193931671776,17.933,0.0333512467950459,W1
QSO_62.3424149-56.5535727,57753.24170210535,17.975,0.029655568862529,W1
QSO_62.3424149-56.5535727,57951.54172300001,17.966,0.0183386440705948,W1
QSO_62.3424149-56.5535727,58115.26258250004,17.945999999999998,0.0324389982338234,W1
QSO_62.3424149-56.5535727,58316.29680800001,17.89,0.0322903467928109,W1
QSO_62.3424149-56.5535727,58476.64240299996,18.034,0.0267523413395609,W1
QSO_62.3424149-56.5535727,58680.15256950006,18.009,0.033292025546887,W1
QSO_62.3424149-56.5535727,58840.64197449999,17.93,0.0416333454990343,W1
QSO_62.3424149-56.5535727,59047.765340200014,17.975,0.0350972840461359,W1
QSO_62.3424149-56.5535727,59206.67269479999,17.967,0.0306749005935773,W1
QSO_62.3424149-56.5535727,59412.328818500006,17.964,0.030556246952618,W1
QSO_62.3424149-56.5535727,59572.265011249976,17.9335,0.0531969393090605,W1
QSO_62.3424149-56.5535727,59776.0735105,17.999000000000002,0.0250583764460835,W1
QSO_62.3424149-56.5535727,59936.40647649998,17.908,0.0316637701725939,W1
QSO_62.3424149-56.5535727,60142.67294050003,18.008,0.0288015483380167,W1
QSO_62.3424149-56.5535727,60303.05905050001,18.017,0.0393408711394632,W1
QSO_62.3424149-56.5535727,60507.13718919998,17.990000000000002,0.0556900101371951,W1
QSO_62.3424149-56.5535727,55208.4264345,18.435,0.083391382559502,W2
QSO_62.3424149-56.5535727,55394.22782299997,18.522,0.0614978784763977,W2
QSO_62.3424149-56.5535727,55569.972658499966,18.417,0.0395688598223477,W2
QSO_62.3424149-56.5535727,56670.11245200002,18.296,0.0477873509377475,W2
QSO_62.3424149-56.5535727,56858.37808324994,18.321,0.0433561602123256,W2
QSO_62.3424149-56.5535727,57033.59545792197,18.3505,0.0552369678100384,W2
QSO_62.3424149-56.5535727,57220.65807438727,18.345,0.050215181770922,W2
QSO_62.3424149-56.5535727,57393.18519552791,18.403,0.0575153261707272,W2
QSO_62.3424149-56.5535727,57585.193931671776,18.474,0.0429227350352652,W2
QSO_62.3424149-56.5535727,57753.24170210535,18.41,0.0562804391055861,W2
QSO_62.3424149-56.5535727,57951.54172300001,18.2915,0.0467421001704422,W2
QSO_62.3424149-56.5535727,58115.26258250004,18.198,0.0479793065209096,W2
QSO_62.3424149-56.5535727,58316.29680800001,18.268,0.0376935720780082,W2
QSO_62.3424149-56.5535727,58476.64240299996,18.225,0.0646844758551054,W2
QSO_62.3424149-56.5535727,58680.15256950006,18.1675,0.0655172021760444,W2
QSO_62.3424149-56.5535727,58840.64197449999,18.386,0.0461302306447243,W2
QSO_62.3424149-56.5535727,59047.765340200014,18.251,0.0552468566724575,W2
QSO_62.3424149-56.5535727,59206.67269479999,18.128,0.0599973894767426,W2
QSO_62.3424149-56.5535727,59412.328818500006,18.048,0.0727382270566953,W2
QSO_62.3424149-56.5535727,59572.265011249976,18.3815,0.0583975192506464,W2
QSO_62.3424149-56.5535727,59776.0735105,18.271,0.0512021643104552,W2
QSO_62.3424149-56.5535727,59936.40647649998,18.363,0.0711674706197629,W2
QSO_62.3424149-56.5535727,60142.67294050003,18.324,0.0428650295886917,W2
QSO_62.3424149-56.5535727,60303.05905050001,18.386,0.0733066026232678,W2
QSO_62.3424149-56.5535727,60507.13718919998,18.185,0.0546541188048254,W2
